Date,rho,state_id,state,p_hmm_crisis,p_change,p_evt,macro,macro_norm,vov_21,vov_norm,vdi,vdi_norm
2007-09-17,0.013306083474619663,0,CALM,0.0004751887021446,0.0502401270135539,0.0,0,0.0,0.8120254714134707,0.03139260896372733,0.0814691970696573,0.0
2007-09-18,0.23679908944159317,0,CALM,0.0005197654888248,0.9999937069883214,0.0,0,0.0,0.8375877181858392,0.06930023787727385,0.5222491614965642,0.29740382883995303
2007-09-19,0.2249252226556079,0,CALM,0.0004048674227713,0.9993341511465396,0.0,0,0.0,0.819088398531985,0.04186660300017786,0.4250146058548203,0.20770515270589351
2007-09-20,0.031140629616261566,0,CALM,0.0002903591119339,0.1078927901678092,0.0,0,0.0,0.8281705377677228,0.055334995155035684,0.2427428362777443,0.03955982289212681
2007-09-21,0.11573580258117402,0,CALM,0.0002114219039521,0.5604413554770664,0.0,0,0.0,0.8064663438397901,0.0231486800547106,0.2137327517783611,0.01279808004301633
2007-09-24,0.012527667134473463,0,CALM,0.0001552375568126,0.0035033223939162,0.0,0,0.0,0.8703478064945188,0.11788193266487072,0.1604968548957209,0.0
2007-09-25,0.06895009249569467,0,CALM,0.0001165228157755,0.2789667054803005,0.0,0,0.0,0.8583927898237714,0.10015319623393126,0.2335972198912303,0.0311230107229757
2007-09-26,0.018174198001066136,0,CALM,9.10446099553168e-05,0.004753502488806,0.0,0,0.0,0.9068462016601032,0.17200736350816107,0.1301323122775207,0.0
2007-09-27,0.07257389792018193,0,CALM,7.588852458788824e-05,0.2146461618458965,0.0,0,0.0,0.9161256409562396,0.18576834252131869,0.3196305631905555,0.11048859167723786
2007-09-28,0.13843232448202536,0,CALM,6.421331013503372e-05,0.588808254679811,0.0,0,0.0,0.907866269730976,0.17352007724735397,0.2356602209632974,0.033026124937940236
2007-10-01,0.22736745548621523,0,CALM,7.248311939882411e-05,0.9980977170823244,0.0,0,0.0,0.9302872491636306,0.20676935207753275,0.2763133592902045,0.07052856082147368
2007-10-02,0.012718714132174319,0,CALM,5.7583039235516e-05,0.0077097164773064,0.0,0,0.0,0.8608243954105139,0.10375915478159613,0.2083847895721841,0.007864595987445462
2007-10-03,0.0196263934117771,0,CALM,4.981851515895903e-05,0.0035176736728782,0.0,0,0.0,0.9183750017558192,0.1891040404841172,0.1677711336288561,0.0
2007-10-04,0.031603679058544006,0,CALM,4.515957932010528e-05,0.0722313243233658,0.0,0,0.0,0.9064779362781114,0.17146124299040819,0.1414142103192829,0.0
2007-10-05,0.025432083644973427,0,CALM,4.06506388691981e-05,0.0589183942205658,0.0,0,0.0,0.8828232388099377,0.13638242141142967,0.1719778303919444,0.0
2007-10-08,0.18718257328804788,0,CALM,0.000140317621599,0.7235385112413482,0.0,0,0.0,0.8368601102529399,0.06822122898730754,0.5859597203136008,0.3561766873564773
2007-10-09,0.006463435559341648,0,CALM,0.0001062821428787,0.0060295005889889,0.0,0,0.0,0.8261304565040163,0.052309649058241925,0.1097361394797301,0.0
2007-10-10,0.009322653716446081,0,CALM,8.070086995547514e-05,0.0094955909684624,0.0,0,0.0,0.8407795677460578,0.07403360305264732,0.192355777025066,0.0
2007-10-11,0.011698599747999836,0,CALM,6.499146146093309e-05,0.022424351627399,0.0,0,0.0,0.839391265835544,0.07197481557154801,0.1032157484024623,0.0
2007-10-12,0.16857662225081327,0,CALM,5.512798150989458e-05,0.8203989481323313,0.0,0,0.0,0.80935218526573,0.02742824932935364,0.2187237406752654,0.017402256960341696
2007-10-15,0.196066443716504,0,CALM,5.506252621636548e-05,0.8686719116576906,0.0,0,0.0,0.8076909722018054,0.024964747238384818,0.4147306343470119,0.1982182102957327
2007-10-16,0.028627324210975344,0,CALM,4.734573108649052e-05,0.0558802779541866,0.0,0,0.0,0.8198200695423333,0.04295163724595727,0.3423450781056869,0.13144268462770672
2007-10-17,0.0038003913683398206,0,CALM,4.370208355815951e-05,0.0189473292372514,0.0,0,0.0,0.6967461358393469,0.0,0.0952993312483297,0.0
2007-10-18,0.0011045638282427004,0,CALM,5.075191849608117e-05,0.0054593792430934,0.0,0,0.0,0.6298629127251083,0.0,0.0415263265523532,0.0
2007-10-19,0.00399735055237381,0,CALM,4.5951063154600006e-05,0.0096338883792662,0.0,0,0.0,0.6302674412993987,0.0,0.2221802190578432,0.020590851107319202
2007-10-22,0.05674516029588817,0,CALM,5.352975341481567e-05,0.2836588892876723,0.0,0,0.0,0.6779273457808793,0.0,0.0677138779515275,0.0
2007-10-23,0.006723238271660548,0,CALM,4.557446686787206e-05,0.0042724720303845,0.0,0,0.0,0.6710686432526959,0.0,0.2633539173590408,0.058573502488666794
2007-10-24,0.0019618668751391864,0,CALM,4.299926963434579e-05,0.009755585288653,0.0,0,0.0,0.672889816626009,0.0,0.0945665611455642,0.0
2007-10-25,0.0017029412983661301,0,CALM,3.8759921019240345e-05,0.0084662565905566,0.0,0,0.0,0.6579421461154217,0.0,0.1843408208757281,0.0
2007-10-26,0.0009739091604667877,0,CALM,3.8921975972990605e-05,0.0048208933323677,0.0,0,0.0,0.6516743198561171,0.0,0.093551251056215,0.0
2007-10-29,0.0020608570136950027,0,CALM,3.404029861511429e-05,0.0021020975627337,0.0,0,0.0,0.7088950388678165,0.0,0.2175497730573127,0.016319274264944842
2007-10-30,0.0014223642233092968,0,CALM,3.3263287977155634e-05,0.0020018025357041,0.0,0,0.0,0.7889878573110881,0.0,0.2108479744582476,0.010136878941741879
2007-10-31,0.003617190428156313,0,CALM,2.919672737096273e-05,0.0142671313194406,0.0,0,0.0,0.7824117743898054,0.0,0.2080596439496252,0.007564649824254521
2007-11-01,0.21790490622277864,0,CALM,4.40571620887298e-05,0.998716160211302,0.0,0,0.0,0.8718782590701062,0.12015152300337961,0.2663691798574437,0.06135507589658087
2007-11-02,0.07394455560643823,0,CALM,3.992856874205787e-05,0.3061033958225363,0.0,0,0.0,0.876590085140739,0.12713894299745443,0.186905128379026,0.0
2007-11-05,0.02714500723947311,0,CALM,3.642629740920983e-05,0.0289910545834932,0.0,0,0.0,0.8863058924138254,0.14154703552482228,0.2777239869979445,0.07182986195939936
2007-11-06,0.023003349348562442,0,CALM,3.503993458909078e-05,0.0043282979856326,0.0,0,0.0,0.906082696024744,0.17087511998683322,0.2545091009668024,0.050414177691053275
2007-11-07,0.22486128624692595,0,CALM,5.8594459644583166e-05,0.9926654329853006,0.0,0,0.0,0.9682966337823742,0.2631355103495464,0.1858281117698494,0.0
2007-11-08,0.19790208871756987,0,CALM,6.918721050911815e-05,0.8530594364076025,0.0,0,0.0,0.97476584173044,0.27272904633422085,0.1907228719648598,0.0
2007-11-09,0.24178290665399949,0,CALM,0.0003621251002838,0.9985499794989136,0.0,0,0.0,1.0739562254803372,0.4198237947914583,0.0664888422110028,0.0
2007-11-12,0.2259687277892211,0,CALM,0.0003229989332945,0.9045326873957324,0.0,0,0.0,1.0601834903233225,0.399399465971465,0.2545099270987299,0.05041493979604483
2007-11-13,0.1998302982519556,0,CALM,0.0002860225213755,0.7967779035278132,0.0,0,0.0,1.0633074267820957,0.40403211916049053,0.1762397018420549,0.0
2007-11-14,0.22040553034630614,0,CALM,0.0002516014823702,0.8922811282446227,0.0,0,0.0,1.0522138960651148,0.3875809265284364,0.233770776938433,0.03128311673945381
2007-11-15,0.20944594284221227,0,CALM,0.0002458730939918,0.8481225024379254,0.0,0,0.0,1.0589698818760176,0.3975997408112921,0.1322399737867342,0.0
2007-11-16,0.200418513685325,0,CALM,0.0002365427006528,0.8017836774093065,0.0,0,0.0,1.0606062677192492,0.4000264252830051,0.1675865055378667,0.0
2007-11-19,0.24245176677266014,0,CALM,0.0003091146170712,0.9935210440556028,0.0,0,0.0,1.085338238328462,0.43670279307271764,0.1664765512266938,0.0
2007-11-20,0.21419857503959924,0,CALM,0.0003432649750201,0.8617673247190936,0.0,0,0.0,1.072451892443622,0.4175929385202548,0.0808454252226229,0.0
2007-11-21,0.22745479682130088,0,CALM,0.0003374880195924,0.937159418419462,0.0,0,0.0,1.0601740128553594,0.3993854113251037,0.1470375113971481,0.0
2007-11-22,0.1728235087578685,0,CALM,0.0005581848243145,0.6636561803035284,0.0,0,0.0,1.0602696689664937,0.3995272649108421,0.1979830848870948,0.0
2007-11-23,0.28505125614686105,0,CALM,0.0063361848162234,0.9999969526204376,0.0,0,0.0,1.0690166629142246,0.41249865211449116,0.6575076909862716,0.42217954207268554
2007-11-26,0.24117837275881754,0,CALM,0.0057017904697812,0.9759133456877576,0.0,0,0.0,1.0914070500863886,0.445702560038207,0.0604478806971972,0.0
2007-11-27,0.23718078918487706,0,CALM,0.0040744907700548,0.9782312933653102,0.0,0,0.0,1.018001912070505,0.33684613763398996,0.2739115975142749,0.06831294055902262
2007-11-28,0.20605981164461967,0,CALM,0.0028758243168766,0.9977776075488326,0.0,0,0.0,0.818925346375082,0.04162480419773006,0.2174514119623378,0.01622853635860984
2007-11-29,0.024016656907239815,0,CALM,0.0020212235498439,0.1175567550988942,0.0,0,0.0,0.7845701109118708,0.0,0.1386543660174518,0.0
2007-11-30,0.1315780947979573,0,CALM,0.0014235497290863,0.6291714482682627,0.0,0,0.0,0.7515465763622484,0.0,0.2582652063445591,0.05387917712033182
2007-12-03,0.0012909657558552933,0,CALM,0.0010075089082078,0.0027806931137123,0.0,0,0.0,0.794113172758927,0.004829499060608832,0.0880370542636229,0.0
2007-12-04,0.00271721144517989,0,CALM,0.0012212834245958,0.0120594529451547,0.0,0,0.0,0.7483036321841785,0.0,0.1285881384981114,0.0
2007-12-05,0.2814736451255323,0,CALM,0.0760553957538013,0.999849209854625,0.0,0,0.0,0.6185257855323448,0.0,0.8772588621058671,0.6248995421615694
2007-12-06,0.05878186168338786,0,CALM,0.0545544490830689,0.2156542419796186,0.0,0,0.0,0.5983483718373517,0.0,0.2216741572813854,0.02012401016696912
2007-12-07,0.010113953071819129,0,CALM,0.0382110694837206,0.0028059285044449,0.0,0,0.0,0.6432757674325779,0.0,0.1331877056831736,0.0
2007-12-10,0.00906384900173017,0,CALM,0.0267993550453178,0.0118200512020036,0.0,0,0.0,0.5592849832802685,0.0,0.0602683415592449,0.0
2007-12-11,0.00614234224360065,0,CALM,0.0190951090376766,0.0068428249209075,0.0,0,0.0,0.5584691215725928,0.0,0.101117386178528,0.0
2007-12-12,0.2020275939830259,0,CALM,0.0248822406437633,0.9790351691104252,0.0,0,0.0,0.6432544731751935,0.0,0.148478707757622,0.0
2007-12-13,0.3662864346564445,0,CALM,0.3172464978437458,0.99999989189136,0.0,0,0.0,0.640602846613081,0.0,1.1426781855666968,0.8697483181723605
2007-12-14,0.1365186022680067,0,CALM,0.2272291749928901,0.3851753881404817,0.0,0,0.0,0.6407787518322489,0.0,0.2288701612469271,0.026762308916878003
2007-12-17,0.277421327774954,0,CALM,0.160680435533408,0.9940123965018528,0.0,0,0.0,0.6414669779074885,0.0,0.6166489042009472,0.38448739591231385
2007-12-18,0.2325844143745871,0,CALM,0.1125390193302185,0.9655812963562214,0.0,0,0.0,0.6406233538780934,0.0,0.3227150265194154,0.11333400270788191
2007-12-19,0.046572771043780645,0,CALM,0.0787919160562056,0.1343739601486462,0.0,0,0.0,0.6385729619419457,0.0,0.1731318142756992,0.0
2007-12-20,0.0315976676423337,0,CALM,0.0552041278544442,0.0561960736938968,0.0,0,0.0,0.6528951492876064,0.0,0.2709427765817686,0.06557420939943293
2007-12-21,0.045176420536552145,0,CALM,0.0427792338832213,0.1724080603287341,0.0,0,0.0,0.6460964884587982,0.0,0.1472376072909958,0.0
2007-12-27,0.38328708470459305,0,CALM,0.3299454637182549,0.999999999998356,0.0,0,0.0,3.791225036879335,1.0,0.2085393609395215,0.008007187753581372
2007-12-28,0.4356847209476281,1,WATCH,0.5309618246027784,0.9999999999983108,0.0,0,0.0,3.785369844656088,1.0,0.2317756843638334,0.029442647972713745
2007-12-31,0.4679173934336699,1,WATCH,0.6716732772219449,0.9999953706409184,0.0,0,0.0,3.797860509048352,1.0,0.1284538741615178,0.0
2008-01-03,0.5706074948384211,1,WATCH,0.7701712940553613,1.0,0.0,0,0.0,3.828541825582069,1.0,1.0460908630397605,0.7806467132458074
2008-01-04,0.5097799764596882,1,WATCH,0.8391199058387528,1.0,0.0,0,0.0,3.846227697552165,1.0,0.1152390937109434,0.0
2008-01-07,0.5218459835196186,1,WATCH,0.887383934087127,0.9999999999891842,0.0,0,0.0,3.846483064655836,1.0,0.1107119305043986,0.0
2008-01-08,0.5480788096226847,1,WATCH,0.921168753860989,1.0,0.0,0,0.0,3.8483030711014736,1.0,0.3926687975687862,0.17786621157437502
2008-01-09,0.5362045319217832,1,WATCH,0.944818127702692,0.999999999980551,0.0,0,0.0,3.845443368631283,1.0,0.1335192016972212,0.0
2008-01-10,0.5575134399598441,1,WATCH,0.9613726893918844,1.0,0.0,0,0.0,3.84247059488254,1.0,0.3859874433165108,0.17170267611873005
2008-01-11,0.5437917492861093,1,WATCH,0.972960882574319,0.9999999999984612,0.0,0,0.0,3.843133633844353,1.0,0.2058381068240463,0.005515286428372005
2008-01-14,0.5452681544505058,1,WATCH,0.9810726178020232,1.0,0.0,0,0.0,3.842757456345095,1.0,0.1020771486305637,0.0
2008-01-15,0.796687708115354,2,STRESS,0.9867508324614164,1.0,0.0,1,1.0,3.86266757921284,1.0,3.5191703580713494,1.0
2008-01-16,0.5476813956807478,1,WATCH,0.9907255827229912,1.0,0.0,0,0.0,3.837632109325365,1.0,0.154232949654796,0.0
2008-01-17,0.5483769769765234,1,WATCH,0.9935079079060938,1.0,0.0,0,0.0,3.863842125464579,1.0,0.1973294306865783,0.0
2008-01-18,0.5488638838835664,1,WATCH,0.9954555355342656,1.0,0.0,0,0.0,3.903114704939811,1.0,0.0261324747706114,0.0
2008-01-21,0.6492047187184965,2,STRESS,0.996818874873986,1.0,0.0,0,0.0,4.014985682680581,1.0,1.7802112612216354,1.0
2008-01-22,0.5501726748795237,1,WATCH,0.9977732124117902,1.0,0.0,0,0.0,4.116232553564927,1.0,0.2077659500017086,0.007293717765761174
2008-01-23,0.553006734103486,1,WATCH,0.998441248688253,1.0,0.0,0,0.0,4.214483845464087,1.0,0.2366771277200029,0.03396421931422703
2008-01-24,0.5867770088289216,1,WATCH,0.9989088740817772,1.0,0.0,0,0.0,4.26698942813329,1.0,0.6014841082712248,0.37049790308477326
2008-01-25,0.549809052964311,1,WATCH,0.999236211857244,1.0,0.0,0,0.0,4.29213945716381,1.0,0.1344158508306346,0.0
2008-01-28,0.5663764984134355,1,WATCH,0.9994653483000708,0.999999992369028,0.0,0,0.0,1.802221412842445,1.0,0.3788318202300582,0.16510162864612185
2008-01-29,0.5498718319353411,1,WATCH,0.9996257438067752,0.9998269799182362,0.0,0,0.0,1.7774810561765126,1.0,0.1249826144260565,0.0
2008-01-30,0.5526047057530677,1,WATCH,0.9997380206532832,0.9999631359282638,0.0,0,0.0,1.7538136992387314,1.0,0.2288847142596247,0.026775734040941367
2008-01-31,0.5519470947450268,1,WATCH,0.9998156739885,0.9999997731799524,0.0,0,0.0,1.4281508238598108,0.9450779916590548,0.2810024360958065,0.0748542244600583
2008-02-01,0.544709744276755,1,WATCH,0.9998683093489744,0.9996283820680067,0.0,0,0.0,1.4302357935798498,0.9481699052591007,0.1391463771345265,0.0
2008-02-04,0.5464209541726126,1,WATCH,0.99990517780071,0.9989754076664096,0.0,0,0.0,1.4425934797296895,0.9664957818915324,0.1913535282313984,0.0
2008-02-05,0.6186029126769969,2,STRESS,0.9999336244594056,1.0,0.0,0,0.0,1.4091233108148082,0.916861070428277,1.033827726499106,0.7693339951931764
2008-02-06,0.5370685619748624,1,WATCH,0.9998730675276042,0.9999824195988614,0.0,0,0.0,1.3672806636897263,0.8548103612671155,0.2174505600429897,0.016227750464776185
2008-02-07,0.5196757479527145,1,WATCH,0.9941281673445516,0.9997823311103944,0.0,0,0.0,1.270893325026287,0.711872398944978,0.0848962215470236,0.0
2008-02-08,0.49745379197411405,1,WATCH,0.93181012152408,0.9998784257507974,0.0,0,0.0,1.2259717380149515,0.6452557644293447,0.1628498122185391,0.0
2008-02-11,0.4344601902856417,1,WATCH,0.73212609986938,0.9987299806706332,0.0,0,0.0,1.1393681771929602,0.5168266918417002,0.1977551405045225,0.0
2008-02-12,0.38650105019043357,0,CALM,0.5448171207765737,0.9999962403567106,0.0,0,0.0,1.0971692530230108,0.4542476403119073,0.2526808055291356,0.04872757893757216
2008-02-13,0.3418093548038832,0,CALM,0.387197751912256,0.998223911171518,0.0,0,0.0,1.096767153895326,0.4536513459151561,0.166459391681391,0.0
2008-02-14,0.3097555467105836,0,CALM,0.2722055350090608,0.9960662862399284,0.0,0,0.0,1.077385369793601,0.42490905710332677,0.1206727274576448,0.0
2008-02-15,0.2900576481371344,0,CALM,0.1911292291722868,0.9998886617664644,0.0,0,0.0,1.0760819088891622,0.4229760849076982,0.1595398572987004,0.0
2008-02-18,0.2829508966025961,0,CALM,0.1340428485155742,0.9996311911433308,0.0,0,0.0,1.08504756107526,0.43627173215909304,0.2636728642028144,0.0588677302912706
2008-02-19,0.2532512593893091,0,CALM,0.0939274081441922,0.9995797575457462,0.0,0,0.0,0.992167269555648,0.29853455844111804,0.170498807056191,0.0
2008-02-20,0.17748446462508005,0,CALM,0.0657631206806345,0.7261856808045745,0.0,0,0.0,0.8974447750405343,0.1580654829400652,0.1648872366606391,0.0
2008-02-21,0.21987842242723446,0,CALM,0.0460504468551407,0.9829531541717108,0.0,0,0.0,0.7358478317162485,0.0,0.3275039761179886,0.11775179879107123
2008-02-22,0.12404883623984597,0,CALM,0.0322527387025703,0.579928257821017,0.0,0,0.0,0.654279258847221,0.0,0.1594349565921876,0.0
2008-02-25,0.10787112696541254,0,CALM,0.022595759403229,0.4575241696568282,0.0,0,0.0,0.677729719456187,0.0,0.3160369943127139,0.10717353183239642
2008-02-26,0.2478956466817769,0,CALM,0.0164392658007377,0.9969748665295414,0.0,0,0.0,0.7417743561437219,0.0,0.6810622448976482,0.4439085692568419
2008-02-27,0.209883380130726,0,CALM,0.0115476676577089,0.998159507022486,0.0,0,0.0,0.7254737277537893,0.0,0.2796922907772883,0.07364561811801557
2008-02-28,0.20423703380330616,0,CALM,0.0081001017016434,0.9682466460351334,0.0,0,0.0,0.702216354972588,0.0,0.2926800419946451,0.08562679170868588
2008-02-29,0.132944098872031,0,CALM,0.0056919144187721,0.6576056013366899,0.0,0,0.0,0.6771704989527554,0.0,0.103949033284473,0.0
2008-03-03,0.11875928497439199,0,CALM,0.0040046060478569,0.5887906673121388,0.0,0,0.0,0.675667931972568,0.0,0.1134494267492511,0.0
2008-03-04,0.1967142876945756,0,CALM,0.0028561733512129,0.9800012217838618,0.0,0,0.0,0.6721261808147401,0.0,0.0892140072588194,0.0
2008-03-05,0.19633683633594717,0,CALM,0.0020304703261929,0.904147456931122,0.0,0,0.0,0.6190165824312873,0.0,0.3624584989446772,0.14999727368174562
2008-03-06,0.21854143913805116,0,CALM,0.0014922646357437,0.9983225246650772,0.0,0,0.0,0.6172876344617492,0.0,0.4004438490534108,0.1850386804609976
2008-03-07,0.15301441345208314,0,CALM,0.0010723260450608,0.7637316597040896,0.0,0,0.0,0.6082669334293017,0.0,0.1947684268877965,0.0
2008-03-10,0.13118591898758453,0,CALM,0.0007796480492038,0.6549550348764178,0.0,0,0.0,0.6011536403604145,0.0,0.172204786594054,0.0
2008-03-11,0.19248566204277356,0,CALM,0.0005948970703441,0.9616846888759376,0.0,0,0.0,0.6134441983471516,0.0,0.1490947548956173,0.0
2008-03-12,0.1796391307601097,0,CALM,0.0004646433780775,0.8509288916709399,0.0,0,0.0,0.5584114044408355,0.0,0.3010758593381152,0.09337191581402332
2008-03-13,0.20878064148093306,0,CALM,0.0004201799475738,0.9986312678153152,0.0,0,0.0,0.586583422741191,0.0,0.296871528482213,0.08949342930976555
2008-03-14,0.1999530265399569,0,CALM,0.0004063576844138,0.9992571855942672,0.0,0,0.0,0.6485263352765903,0.0,0.1813108943443056,0.0
2008-03-17,0.22651545876236784,0,CALM,0.000686362072557,0.999992077852878,0.0,0,0.0,0.662356295249122,0.0,0.4854476673536617,0.26345452673652964
2008-03-18,0.2355981234772294,0,CALM,0.001111016433983,0.999979338342876,0.0,0,0.0,0.6664900661570602,0.0,0.5827817507321984,0.35324501700158417
2008-03-19,0.19744965100576445,0,CALM,0.0009715583983121,0.986033807030932,0.0,0,0.0,0.6800993593793914,0.0,0.0842189404401677,0.0
2008-03-25,0.24070010328329897,0,CALM,0.0021257963602426,0.9999975080191996,0.0,0,0.0,0.6688234421075322,0.0,0.6352984094787099,0.4016915258939837
2008-03-26,0.01706229068020345,0,CALM,0.0015059506755066,0.083429015056634,0.0,0,0.0,0.7216034727565757,0.0,0.1907824267518539,0.0
2008-03-27,0.14055557357481963,0,CALM,0.0010736644835342,0.7014357872696804,0.0,0,0.0,0.717754694121535,0.0,0.0922342665867691,0.0
2008-03-28,0.013417976274492566,0,CALM,0.0007632614145869,0.0661358046042292,0.0,0,0.0,0.7161439833372357,0.0,0.1501407227010494,0.0
2008-03-31,0.2107328758149775,0,CALM,0.0009412199502391,0.9846185719652368,0.0,0,0.0,0.6387960882189457,0.0,0.3470018687438345,0.13573856434370343
2008-04-01,0.25062281832516703,0,CALM,0.0138357807025493,0.9999999885423944,0.0,0,0.0,0.7000877184589449,0.0,0.7111221337108365,0.47163875441050823
2008-04-02,0.01691394232522995,0,CALM,0.0098304161494826,0.0722816914392965,0.0,0,0.0,0.7306183515225069,0.0,0.0937763856350329,0.0
2008-04-03,0.10300510619191808,0,CALM,0.0068958151139216,0.5064057620671883,0.0,0,0.0,0.7385631670793886,0.0,0.1181114742994638,0.0
2008-04-04,0.1444263332955283,0,CALM,0.0048379608501228,0.7160842154149879,0.0,0,0.0,0.7463000619872665,0.0,0.1755960542805134,0.0
2008-04-07,0.00390482037464473,0,CALM,0.0033961761498714,0.0152788816858844,0.0,0,0.0,0.7885297426642849,0.0,0.0686906245027584,0.0
2008-04-08,0.1396846587412044,0,CALM,0.0023865427540503,0.6142532348438019,0.0,0,0.0,0.8287687471418905,0.056222111971115755,0.3149292596144543,0.10615164886819851
2008-04-09,0.017219007726644607,0,CALM,0.0016833350641992,0.0186216306766943,0.0,0,0.0,0.8790173593093946,0.13073847825255944,0.0580656566544658,0.0
2008-04-10,0.22353300671883625,0,CALM,0.0012028626965038,0.99852664038325,0.0,0,0.0,0.8791531662400868,0.13093987364547657,0.3129543035985385,0.10432975603512641
2008-04-11,0.21673505983116317,0,CALM,0.0008997084675978,0.9992218195916196,0.0,0,0.0,0.9032387556011194,0.16665768795939778,0.121790326621455,0.0
2008-04-14,0.04864757851529916,0,CALM,0.0006436004822957,0.1283770013960476,0.0,0,0.0,0.9446797610850453,0.22811278115515718,0.158861216412406,0.0
2008-04-15,0.2142812988388485,0,CALM,0.0004729143963642,0.9564771181155594,0.0,0,0.0,0.945059870729823,0.22867646616645554,0.170495660513941,0.0
2008-04-16,0.1906881397989845,0,CALM,0.0003488932174309,0.851844023324058,0.0,0,0.0,0.927287672222824,0.2023211182981516,0.1534097558512098,0.0
2008-04-17,0.11235133763735292,0,CALM,0.0002677991467185,0.5030751313069964,0.0,0,0.0,0.8695464889907988,0.11669361589274006,0.0424292978812878,0.0
2008-04-18,0.22982029011573263,0,CALM,0.0002581640079666,0.9999429799049344,0.0,0,0.0,0.8313080352156113,0.05998775866330128,0.4575118278433134,0.23768377266423946
2008-04-21,0.08448552122940246,0,CALM,0.0001978390855049,0.4020364391947962,0.0,0,0.0,0.8180237214692917,0.04028773619066998,0.0609064974225689,0.0
2008-04-22,0.07815991316519208,0,CALM,0.0001486737658475,0.390613723618651,0.0,0,0.0,0.7714676479225594,0.0,0.134947199831285,0.0
2008-04-23,0.19715542549433693,0,CALM,0.0001214780531972,0.9842715057415274,0.0,0,0.0,0.7489653257635372,0.0,0.2027944814509581,0.0027075483273214535
2008-04-24,0.20035904220313963,0,CALM,9.959284162185668e-05,0.9719633771760936,0.0,0,0.0,0.7301882481784979,0.0,0.2642657709911469,0.059414685575154176
2008-04-25,0.042063587042485084,0,CALM,7.752637608113256e-05,0.210221027242324,0.0,0,0.0,0.737810921248222,0.0,0.1967873837887084,0.0
2008-04-28,0.00197965732933304,0,CALM,6.031334551528107e-05,0.0098228949647711,0.0,0,0.0,0.7834220770181254,0.0,0.1641942685791101,0.0
2008-04-29,0.009322371931280405,0,CALM,4.888859266204951e-05,0.0084915882265498,0.0,0,0.0,0.842185355599641,0.07611832137804932,0.1584129168092768,0.0
2008-04-30,0.02438734451573027,0,CALM,5.136740473265992e-05,0.1218725133227355,0.0,0,0.0,0.7060969656185027,0.0,0.0552178542536786,0.0
2008-05-02,0.0418886864815377,0,CALM,5.050866598136406e-05,0.2093802965752118,0.0,0,0.0,0.705030715618969,0.0,0.0896982702347972,0.0
2008-05-05,0.004969097884021096,0,CALM,4.125819985741629e-05,0.0035020784433975,0.0,0,0.0,0.8061951707683609,0.022746542939979478,0.2213631791811748,0.019837133513792942
2008-05-06,0.07634592077648165,0,CALM,3.865242281367665e-05,0.3724549402238983,0.0,0,0.0,0.8032997016614157,0.018452696259985746,0.1323393680540596,0.0
2008-05-07,0.006934495022279294,0,CALM,3.5966522359907215e-05,0.0260783126250605,0.0,0,0.0,0.8023864650741991,0.01709840866677217,0.0880880749941698,0.0
2008-05-08,0.06433625438522013,0,CALM,3.2461998021086265e-05,0.2765658126883022,0.0,0,0.0,0.8062712695910791,0.022859393972130427,0.2728031169212117,0.0672903695084137
2008-05-09,0.060839988525978876,0,CALM,3.13696377023122e-05,0.3026017382675574,0.0,0,0.0,0.7929590474423903,0.003117984630418212,0.1517714990023182,0.0
2008-05-13,0.19194180347053097,0,CALM,3.384449473490871e-05,0.9476706085605026,0.0,0,0.0,0.7835118921169278,0.0,0.2258673332897326,0.023992206347467435
2008-05-14,0.02257228268850248,0,CALM,3.83627154533463e-05,0.1128134600481957,0.0,0,0.0,0.6945404862796073,0.0,0.080892512353673,0.0
2008-05-15,0.021419475630407324,0,CALM,3.5069868389514484e-05,0.0582316539794187,0.0,0,0.0,0.7099068858576842,0.0,0.305706609965741,0.09764377367426202
2008-05-16,0.03167054402067531,0,CALM,3.298408157803567e-05,0.1573429837011946,0.0,0,0.0,0.7037491054476792,0.0,0.201959210494456,0.0019370126004187973
2008-05-19,0.015117862837151929,0,CALM,3.1630121463949095e-05,0.0755497765339297,0.0,0,0.0,0.7027529810294583,0.0,0.1722150759583981,0.0
2008-05-20,0.19541298218458814,0,CALM,5.250790082202532e-05,0.8546571902639062,0.0,0,0.0,0.6993310969491189,0.0,0.4651003531802055,0.24468417156601383
2008-05-21,0.010507242579612448,0,CALM,6.118685367443008e-05,0.0524597293309692,0.0,0,0.0,0.6533074838868721,0.0,0.0393694473048661,0.0
2008-05-22,0.08146562898135566,0,CALM,6.395985213416426e-05,0.4062853511772409,0.0,0,0.0,0.6469896810058404,0.0,0.2019469342916239,0.0019256878287393614
2008-05-23,0.2394528226098166,0,CALM,0.0005704615507474,0.9996999458092498,0.0,0,0.0,0.6539254173749037,0.0,0.6266378531278459,0.3937021806027978
2008-05-26,0.0073902452670278704,0,CALM,0.000413482960513,0.0051234103599525,0.0,0,0.0,0.6453177332680907,0.0,0.2677424606136511,0.0626219245490912
2008-05-27,0.010444119270088821,0,CALM,0.0003089556819912,0.0518344017479551,0.0,0,0.0,0.6162021807379889,0.0,0.107293440667813,0.0
2008-05-28,0.07646967732145313,0,CALM,0.0002338307853237,0.382056098125611,0.0,0,0.0,0.6305977499229246,0.0,0.1724795707904642,0.0
2008-05-29,0.009919238690527682,0,CALM,0.0001780699918923,0.0487816656858923,0.0,0,0.0,0.6088997370184019,0.0,0.2011428053583664,0.0011838805537614505
2008-05-30,0.00052701233368755,0,CALM,0.0001401854219974,0.002459829890941,0.0,0,0.0,0.6032807747619756,0.0,0.1235779054726518,0.0
2008-06-02,0.22851138828408624,0,CALM,0.0002466861220831,0.9962657123110868,0.0,0,0.0,0.6064425041082827,0.0,0.5163542041639514,0.29196574291348093
2008-06-03,0.09128562318879163,0,CALM,0.0001986674107112,0.4046026395830694,0.0,0,0.0,0.5948005660326214,0.0,0.3116800765199436,0.10315428419499943
2008-06-04,0.06688488857653951,0,CALM,0.0001993904625029,0.3341752048045689,0.0,0,0.0,0.5263592900449402,0.0,0.1579205163109582,0.0
2008-06-05,0.011122052641556517,0,CALM,0.0001879417994703,0.0553753359584447,0.0,0,0.0,0.5278722632904941,0.0,0.1389460626335084,0.0
2008-06-06,0.204029272595887,0,CALM,0.0001910556538364,0.999734970495884,0.0,0,0.0,0.6851359968399926,0.0,0.2435941367699541,0.04034514583251067
2008-06-09,0.026049448984354826,0,CALM,0.0001437510881349,0.1272868015966972,0.0,0,0.0,0.6747108351601627,0.0,0.2058882126291966,0.005561508929816581
2008-06-10,0.12188776785699534,0,CALM,0.000112726728037,0.5873423330971007,0.0,0,0.0,0.6751388562835889,0.0,0.2474597820076664,0.043911195555659366
2008-06-11,0.19970823545272684,0,CALM,0.0001098567113703,0.9984038563744212,0.0,0,0.0,0.7492453607830764,0.0,0.1916492193441473,0.0
2008-06-12,0.00870542635568121,0,CALM,8.690986301523633e-05,0.043418494449637,0.0,0,0.0,0.7506359724672368,0.0,0.0902070704822398,0.0
2008-06-13,0.18484576447439952,0,CALM,7.620344493973233e-05,0.9241335680658228,0.0,0,0.0,0.7341874414036309,0.0,0.1681373448396695,0.0
2008-06-16,0.17107579768994532,0,CALM,6.711877843284918e-05,0.8552950899766856,0.0,0,0.0,0.7386769172061988,0.0,0.1598161635285358,0.0
2008-06-17,0.1229146585397797,0,CALM,5.600246111077706e-05,0.5872016125108217,0.0,0,0.0,0.7331565679398926,0.0,0.2590502239374079,0.05460335422337661
2008-06-18,0.08884517893134478,0,CALM,5.01007009844018e-05,0.4441632687804934,0.0,0,0.0,0.7165399104274972,0.0,0.1589652673625074,0.0
2008-06-19,0.1279893876092394,0,CALM,4.506884584144805e-05,0.6085725142534462,0.0,0,0.0,0.7184911687892928,0.0,0.2677579088020646,0.06263617547089795
2008-06-20,0.1985164189685109,0,CALM,8.473301846754484e-05,0.99247617856947,0.0,0,0.0,0.7879046816023901,0.0,0.0581222270433848,0.0
2008-06-23,0.04378449017572181,0,CALM,0.0001085666603898,0.2060806965801486,0.0,0,0.0,0.8008647807875051,0.01484182129488581,0.2113177768242428,0.010570270651060565
2008-06-24,0.19946897227970053,0,CALM,0.0061563721882347,0.9896493961632092,0.0,0,0.0,0.7476942777348018,0.0,0.174317646214952,0.0
2008-06-25,0.36125814571623366,0,CALM,0.3037977041828198,0.9999998136081284,0.0,0,0.0,0.7548333276738887,0.0,1.1246177128294934,0.8530875694890301
2008-06-26,0.30232969198962634,0,CALM,0.2672391122014909,0.9999324750692292,0.0,0,0.0,0.7582275630311962,0.0,0.5850464411867892,0.35533418925407734
2008-06-27,0.24167263081078702,0,CALM,0.1877684000302487,0.9573363817398656,0.0,0,0.0,0.7450718024530106,0.0,0.2352335746008839,0.03263254455251733
2008-06-30,0.23170964044082462,0,CALM,0.1314723904477289,0.9739014217655028,0.0,0,0.0,0.673625759129779,0.0,0.2438840441152359,0.04061258475791832
2008-07-01,0.18458006589679604,0,CALM,0.0920593270648557,0.8078261706529105,0.0,0,0.0,0.6824784821739533,0.0,0.0864905689011315,0.0
2008-07-02,0.20438581098775138,0,CALM,0.064462755406503,0.9272717167584694,0.0,0,0.0,0.6669087804645443,0.0,0.2303828789286706,0.028157787844317272
2008-07-03,0.21023870901117842,0,CALM,0.0452963245940568,0.994573139313321,0.0,0,0.0,0.7293460636149887,0.0,0.0520486672665669,0.0
2008-07-07,0.24561582736277027,0,CALM,0.033183368330859,0.9999991369614678,0.0,0,0.0,0.7510810637497729,0.0,0.6044149287208356,0.37320157887761923
2008-07-08,0.2095307846409491,0,CALM,0.024779923171585,0.9937317530808046,0.0,0,0.0,0.7047109390318899,0.0,0.2496097453870064,0.04589453231891921
2008-07-09,0.27658362589745206,0,CALM,0.0587078787451822,0.9998798084132118,0.0,0,0.0,0.7299513839225441,0.0,0.8711964128524337,0.6193069452851413
2008-07-10,0.08815806261714677,0,CALM,0.0421822533433716,0.3880624964065193,0.0,0,0.0,0.7206736577681893,0.0,0.0717789191093527,0.0
2008-07-11,0.2410319531272023,0,CALM,0.0304973512449991,0.9999994804221384,0.0,0,0.0,0.7448381103541595,0.0,0.5620035743273516,0.33407719231524835
2008-07-14,0.20997185823374678,0,CALM,0.0213772553327278,0.9607971789005616,0.0,0,0.0,0.7227251655450946,0.0,0.3350154156575658,0.124681086204525
2008-07-15,0.200848027213011,0,CALM,0.0149887084693499,0.9855042504783676,0.0,0,0.0,0.7324228774556055,0.0,0.1567363869926383,0.0
2008-07-16,0.2049121164143496,0,CALM,0.0105364155958211,0.9998083890737318,0.0,0,0.0,0.7738461801103177,0.0,0.2249688387613402,0.023163347006479245
2008-07-17,0.18985766282414318,0,CALM,0.0074032588227975,0.940034240592219,0.0,0,0.0,0.7499220951932901,0.0,0.1523610206348184,0.0
2008-07-18,0.23725828687016537,0,CALM,0.0058653379916674,0.999999409146526,0.0,0,0.0,0.7630845195628092,0.0,0.5878502590557956,0.35792070542943305
2008-07-21,0.19659458787612463,0,CALM,0.0041330892960576,0.974828814398822,0.0,0,0.0,0.7325201242788445,0.0,0.2063153331479257,0.0059555267234582925
2008-07-22,0.20836440954847343,0,CALM,0.0029173375157645,0.9968869333871891,0.0,0,0.0,0.713902439759621,0.0,0.289373902550496,0.08257688492094452
2008-07-23,0.07363433930608998,0,CALM,0.0020520458069218,0.3454872207833062,0.0,0,0.0,0.6899916643192221,0.0,0.2434788965593564,0.04023883697698292
2008-07-24,0.1725679948943601,0,CALM,0.0014581443770068,0.8610172940005419,0.0,0,0.0,0.6866510949090086,0.0,0.129731856202922,0.0
2008-07-25,0.18521643860241616,0,CALM,0.0010539201051237,0.924764792880676,0.0,0,0.0,0.639515618174768,0.0,0.1438025236599351,0.0
2008-07-28,0.20343193914376112,0,CALM,0.0007750394782954,0.880964233021628,0.0,0,0.0,0.726692635860531,0.0,0.4930344594187076,0.2704533266986168
2008-07-29,0.19914224173684972,0,CALM,0.0005706622552484,0.994997880865188,0.0,0,0.0,0.7323730611036877,0.0,0.1734544384232717,0.0
2008-07-30,0.0826022988747571,0,CALM,0.0004093501672176,0.4124998066647635,0.0,0,0.0,0.7527686372119805,0.0,0.1576276085845061,0.0
2008-07-31,0.18620571082757048,0,CALM,0.0003188614232263,0.9235420258611624,0.0,0,0.0,0.756261024475755,0.0,0.2152263301486754,0.014175902995313995
2008-08-04,0.24473623240915882,0,CALM,0.0020272980524507,0.9999985690160428,0.0,0,0.0,0.7573317481586255,0.0,0.6793152183958984,0.4422969409283755
2008-08-05,0.21624056874803832,0,CALM,0.0015295661999185,0.9997242206380498,0.0,0,0.0,0.7277023626788688,0.0,0.3723621060346664,0.15913333070448726
2008-08-06,0.059843036815781306,0,CALM,0.0010802458310312,0.2978648767901175,0.0,0,0.0,0.7336247495245801,0.0,0.181473018290934,0.0
2008-08-07,0.20478530588863955,0,CALM,0.0007725384362656,0.9849994949947456,0.0,0,0.0,0.7300832927514055,0.0,0.2821607024869367,0.07592272280624039
2008-08-08,0.19007998136659848,0,CALM,0.0005664453799176,0.9496918501080954,0.0,0,0.0,0.6611777911259688,0.0,0.1736152084880713,0.0
2008-08-11,0.0829053403362377,0,CALM,0.0004328522362275,0.3759351884215551,0.0,0,0.0,0.7049569842246918,0.0,0.2823538445168544,0.07610089592869797
2008-08-12,0.031147494294640587,0,CALM,0.0033186670659113,0.1515891376408138,0.0,0,0.0,0.6820052658985223,0.0,0.1609703726503314,0.0
2008-08-13,0.3755807667365345,0,CALM,0.3023230669461379,1.0,0.0,0,0.0,0.6753510014808664,0.0,1.6698683577850106,1.0
2008-08-14,0.21679327695090916,0,CALM,0.2175311548027474,0.8120524412511114,0.0,0,0.0,0.665586970483479,0.0,0.1615771682556465,0.0
2008-08-15,0.07930579262024307,0,CALM,0.1529364710969776,0.2053583742299933,0.0,0,0.0,0.6272975617754202,0.0,0.1997191264390132,0.0
2008-08-18,0.19709887566445852,0,CALM,0.1144058588812709,0.842487054720704,0.0,0,0.0,0.6253907953427233,0.0,0.1911936492702388,0.0
2008-08-19,0.3883941571541259,0,CALM,0.380078492440779,0.9999999856021804,0.0,0,0.0,0.5733908744595579,0.0,1.2120518384526404,0.9337453692349506
2008-08-20,0.09992198883005989,0,CALM,0.2728067390640324,0.1586015203202589,0.0,0,0.0,0.5759229187294919,0.0,0.1905396690200531,0.0
2008-08-21,0.123568470188612,0,CALM,0.1911550996280089,0.2878971475131538,0.0,0,0.0,0.6144770332359799,0.0,0.3971527601758902,0.18200265778979005
2008-08-22,0.23640402031096866,0,CALM,0.1338494821915782,0.9677456878343368,0.0,0,0.0,0.6033767057572084,0.0,0.3016755421461753,0.09392512196206741
2008-08-25,0.024269107723761434,0,CALM,0.0937125241061811,0.0042048834860808,0.0,0,0.0,0.6305908004296558,0.0,0.0577453161753829,0.0
2008-08-26,0.146165535387773,0,CALM,0.0656315311239205,0.6487882630339643,0.0,0,0.0,0.6183073912754343,0.0,0.1156075894155846,0.0
2008-08-27,0.14749794395318847,0,CALM,0.0459780658656103,0.6679957467339361,0.0,0,0.0,0.5708015681922047,0.0,0.2259221573180262,0.024042781399986737
2008-08-28,0.20133683780952696,0,CALM,0.0322798921368921,0.9663343238765196,0.0,0,0.0,0.5882310634433913,0.0,0.0984249572227014,0.0
2008-08-29,0.011550889241427904,0,CALM,0.0226079113257079,0.0234654875139555,0.0,0,0.0,0.6293289504886304,0.0,0.2129306459434789,0.012058139072098283
2008-09-01,0.045193703691670827,0,CALM,0.0158440135705594,0.2061635014951549,0.0,0,0.0,0.6297532338027657,0.0,0.1402679702087079,0.0
2008-09-02,0.1778295300097236,0,CALM,0.0111440125710284,0.8752176343348325,0.0,0,0.0,0.6384887668515381,0.0,0.0691503334953847,0.0
2008-09-03,0.13321008890709063,0,CALM,0.0078496045997619,0.5701202624670686,0.0,0,0.0,0.6299146826258021,0.0,0.386565955747043,0.17223635263736428
2008-09-04,0.2388319594241744,0,CALM,0.0066080332287899,0.9999993680114128,0.0,0,0.0,0.6973302781673042,0.0,0.6028964388816994,0.37180077514694365
2008-09-05,0.215613424129264,0,CALM,0.0046942098922104,0.9989413927392446,0.0,0,0.0,0.7084794088802936,0.0,0.3586846773549463,0.14651593108362437
2008-09-08,0.20047520461950719,0,CALM,0.0033274080045348,0.9982167630918674,0.0,0,0.0,0.7512279149464419,0.0,0.1466120538698223,0.0
2008-09-09,0.1969221457170241,0,CALM,0.0023488965759895,0.9816746078651336,0.0,0,0.0,0.7395738507879154,0.0,0.1801648847822936,0.0
2008-09-10,0.14516807021037417,0,CALM,0.0016576548038557,0.7237682825470512,0.0,0,0.0,0.7278307230326859,0.0,0.1483444540486804,0.0
2008-09-11,0.20875217039203942,0,CALM,0.0011821212319775,0.9967948799885052,0.0,0,0.0,0.7337679127444535,0.0,0.2984793494954094,0.09097664086344003
2008-09-12,0.196283398307664,0,CALM,0.0008461588646802,0.9782030404665352,0.0,0,0.0,0.7370268543252215,0.0,0.2045342757696161,0.004312504981868905
2008-09-15,0.2043324625401793,0,CALM,0.0007069862043124,0.9999443499584306,0.0,0,0.0,0.8189547847694603,0.041668459974150675,0.1435186327560939,0.0
2008-09-16,0.21396917736468013,0,CALM,0.0007505828815513,0.9999253161473268,0.0,0,0.0,0.8521505404133449,0.0908962292566765,0.2508822930391158,0.0470684548915927
2008-09-17,0.2225951011399457,0,CALM,0.0049412622339846,0.9999918434551992,0.0,0,0.0,0.9349029136577444,0.21361416890409704,0.1381695484192636,0.0
2008-09-18,0.22888126814232154,0,CALM,0.0266155799238015,0.9999202442319056,0.0,0,0.0,0.9380315335268052,0.21825376737382574,0.2043900703446281,0.004179475776074708
2008-09-19,0.5503844847107554,1,WATCH,0.3186305971468114,1.0,0.0,1,1.0,0.9845351712277608,0.28721650984305885,1.1972078757529898,0.9200518443974657
2008-09-22,0.2918704165788697,0,CALM,0.2517468845734094,0.999728162041484,0.0,0,0.0,0.9863316672311502,0.28988063027220545,0.1451442412046965,0.0
2008-09-23,0.24383740380611063,0,CALM,0.1792652821014208,0.8883430764644278,0.0,0,0.0,0.9348425685341843,0.21352467987869853,0.1593928090203172,0.0
2008-09-24,0.2516799290763597,0,CALM,0.1336232326111124,0.980372682262389,0.0,0,0.0,0.9405549280802672,0.2219958447110377,0.1765989476888457,0.0
2008-09-25,0.37322385690434606,0,CALM,0.3445069951822742,0.999999999259843,0.0,0,0.0,0.9296566720667728,0.20583423542671841,0.9208766348373728,0.6651368471413711
2008-09-26,0.28884136193724175,0,CALM,0.2775457584993445,0.995909971849582,0.0,0,0.0,0.9275629074655356,0.20272927942489252,0.1879322473065748,0.0
2008-09-29,0.3094338173438963,0,CALM,0.2296235994030796,0.9999999968644856,0.0,0,0.0,0.868421341596433,0.1150250743799977,0.6391602944967713,0.4052541068222946
2008-09-30,0.2518164396467323,0,CALM,0.1642078385588441,0.999989442754156,0.0,0,0.0,0.8595498692500492,0.10186909147214829,0.206143296302264,0.0057968230897522885
2008-10-01,0.2582092961453972,0,CALM,0.1152474930180853,0.9999556494842248,0.0,0,0.0,0.8600073033128218,0.10254744501667105,0.4074647910677842,0.1915154849236379
2008-10-02,0.21981978143324657,0,CALM,0.0810144514904768,0.9978308428031368,0.0,0,0.0,0.7603375220892102,0.0,0.041199895979029,0.0
2008-10-03,0.21605323721178152,0,CALM,0.0589673832384749,0.999942509299504,0.0,0,0.0,0.7708383277462676,0.0,0.2141997613687453,0.0132288954226198
2008-10-06,0.25275643991568153,0,CALM,0.0753805806814774,0.9999999986093986,0.0,0,0.0,0.8556423807705857,0.09607446690011844,0.4633164052911023,0.24303848333420575
2008-10-07,0.23796007182847195,0,CALM,0.101526655121017,0.9999865554594936,0.0,0,0.0,0.8756945929771104,0.1258109695631898,0.14721381659978,0.0
2008-10-08,0.28316850594880716,0,CALM,0.2370975718948473,0.999999843991941,0.0,0,0.0,0.9519818504720458,0.2389414417670707,0.0929370919663505,0.0
2008-10-09,0.3242164804483486,0,CALM,0.4020486239461107,0.9999985961550564,0.0,0,0.0,0.9507037327298218,0.23704605230809647,0.0495471869581558,0.0
2008-10-10,0.3844190392433679,0,CALM,0.5795555958096414,0.9999999956094416,0.0,0,0.0,1.0574200498810151,0.39530141169069216,0.0430301475668011,0.0
2008-10-13,0.45670093092053304,1,WATCH,0.7056672545009184,0.9999999999978868,0.0,0,0.0,1.0750544669658906,0.42145243608666805,0.6132899166663185,0.381388736870593
2008-10-14,0.44704609380998456,1,WATCH,0.7934384582819136,0.9999999597958384,0.0,0,0.0,1.085124563005966,0.4363859224585933,0.2545793153832846,0.05047895034479156
2008-10-15,0.4822863285221715,1,WATCH,0.8553141088923513,0.9999999998564656,0.0,0,0.0,1.1057821707657272,0.467020198708719,0.4356950221045969,0.21755781456918655
2008-10-16,0.47428170774003947,1,WATCH,0.8985532515646921,0.9999999381996272,0.0,0,0.0,1.1256168244076945,0.49643407208941,0.109895393698913,0.0
2008-10-17,0.48087624939472834,1,WATCH,0.9285980943839504,0.9999988306633976,0.0,0,0.0,1.119436944811835,0.4872695966606122,0.0594842262138095,0.0
2008-10-20,0.5252134147212981,1,WATCH,0.94926828146121,0.9999997519691034,0.0,0,0.0,1.1481666956873096,0.5298744875633696,0.5782770631703775,0.34908945205837966
2008-10-21,0.4921989730112801,1,WATCH,0.9600274562144128,0.9999669331727868,0.0,0,0.0,1.1428480776941412,0.5219872232311954,0.1327043839010009,0.0
2008-10-22,0.5184582511344331,1,WATCH,0.9654942631738496,0.9999999990742972,0.0,0,0.0,1.0344422391865709,0.361226381870064,0.6438934938189909,0.40962047339104823
2008-10-23,0.46193564777632523,1,WATCH,0.9134513084365452,0.9999999546750852,0.0,0,0.0,0.9439689814713554,0.2270587278837447,0.3176587189364341,0.10866956943797433
2008-10-24,0.444444912072988,1,WATCH,0.8492416048395194,0.999999999501705,0.0,0,0.0,0.9691568716487216,0.26441120329255197,0.2615765733636415,0.05693390633511894
2008-10-28,0.3865803253615678,0,CALM,0.6503914202629535,0.9999998452253306,0.0,0,0.0,0.8787685252657649,0.1303694688821793,0.3185107253891402,0.10945554362545346
2008-10-29,0.3450092825230173,0,CALM,0.4680195600104635,0.9999998042431048,0.0,0,0.0,0.8761827614931454,0.12653490087947525,0.3662657076646327,0.15350941583832933
2008-10-30,0.29491003450237574,0,CALM,0.3295479453956721,0.9999870193480338,0.0,0,0.0,0.8753206590386284,0.12525644283850937,0.177095456870767,0.0
2008-10-31,0.25898285759821826,0,CALM,0.231720763240579,0.9997902747451634,0.0,0,0.0,0.7982377919240443,0.010946118390408127,0.0213776605284752,0.0
2008-11-03,0.2532962974514808,0,CALM,0.1637482456984975,0.99564144255679,0.0,0,0.0,0.8800767294586065,0.13230947515498434,0.1898029896852203,0.0
2008-11-04,0.28901027790062245,0,CALM,0.1618496240954177,0.9999999985086052,0.0,0,0.0,0.866767817886386,0.11257297524495735,0.6040942425024206,0.3729057465055123
2008-11-05,0.2600771896518819,0,CALM,0.1665724148732724,0.9983518564168944,0.0,0,0.0,0.917385831316034,0.1876371465018496,0.1417093223314627,0.0
2008-11-06,0.3873938610113578,0,CALM,0.4120159530484641,0.9999999999879906,0.0,0,0.0,0.9179117998175814,0.18841713344722347,0.910410212337706,0.6554815940692134
2008-11-07,0.3472989361159143,0,CALM,0.5254532874827951,0.9999833988357866,0.0,0,0.0,0.8983374946336536,0.15938934478058228,0.1137485702257019,0.0
2008-11-10,0.37320232002257125,0,CALM,0.5995203174725993,0.9999880321935052,0.0,0,0.0,0.902387401561525,0.16539516932031317,0.2734110351737107,0.06785117283689092
2008-11-11,0.47637502791334174,1,WATCH,0.7196638693239816,1.0,0.0,0,0.0,0.8126890980227005,0.032376736511820305,1.2103916722057533,0.9322138693116425
2008-11-12,0.3576221960978115,0,CALM,0.6047159056665963,0.9999999148015174,0.0,0,0.0,0.7891486625516381,0.0,0.2697050044894168,0.06443236720858968
2008-11-13,0.3081122739009829,0,CALM,0.432725022287403,0.9996550916456606,0.0,0,0.0,0.7864115097265636,0.0,0.0932616093767928,0.0
2008-11-14,0.2837518557905468,0,CALM,0.3048449759332843,0.9999722357354246,0.0,0,0.0,0.7606708215899668,0.0,0.2816608897603043,0.07546164660140776
2008-11-17,0.26245307456337824,0,CALM,0.2174153650137587,0.9999900562578355,0.0,0,0.0,0.7314871458136364,0.0,0.2876777856386738,0.08101222058371454
2008-11-18,0.24943377109584625,0,CALM,0.1822278640382872,0.9999811047592736,0.0,0,0.0,0.7223012506328249,0.0,0.2419255102709988,0.03880584134419721
2008-11-19,0.5568898762050631,1,WATCH,0.4275595048202526,1.0,0.0,1,1.0,0.6584671222113466,0.0,1.463992895450038,1.0
2008-11-20,0.32516108554314216,0,CALM,0.5006988766890225,0.9999318318544328,0.0,0,0.0,0.6424730429200458,0.0,0.1676398360448992,0.0
2008-11-21,0.3344439992321723,0,CALM,0.5378072357297686,0.9999609514986504,0.0,0,0.0,0.656300605984318,0.0,0.070829688987689,0.0
2008-11-24,0.3779136902041818,0,CALM,0.5628931866220078,0.9999999994750896,0.0,0,0.0,0.6797832575024435,0.0,0.6030082671975316,0.37190393653661885
2008-11-25,0.3152529551453591,0,CALM,0.4610784158520261,0.999916755911763,0.0,0,0.0,0.5649760282491775,0.0,0.1814347717734873,0.0
2008-11-26,0.2858252655231661,0,CALM,0.3435427839769887,0.9994939830004146,0.0,0,0.0,0.5599092545823966,0.0,0.200301447083588,0.0004077292883602847
2008-11-27,0.29597960071684093,0,CALM,0.252771188543557,0.9987436046675082,0.0,0,0.0,0.7550663694142549,0.0,0.557996664688269,0.3303808264744998
2008-11-28,0.25941364533286293,0,CALM,0.1984338698101679,0.999855535859598,0.0,0,0.0,0.770750113529381,0.0,0.3064620950334112,0.09834070708401348
2008-12-01,0.39897956706758114,0,CALM,0.4389007568206377,1.0,0.0,0,0.0,0.7858916563025589,0.0,1.1673887672967156,0.8925437786242166
2008-12-02,0.2947524559229625,0,CALM,0.3790142372528339,0.99999448304877,0.0,0,0.0,0.7439181836191995,0.0,0.1631016966372799,0.0
2008-12-03,0.27479880572675125,0,CALM,0.2878549196116142,0.999979405020259,0.0,0,0.0,0.7385894085907708,0.0,0.2306367118603986,0.02839194819795862
2008-12-04,0.256441469708053,0,CALM,0.2233051368926314,0.9999665391971854,0.0,0,0.0,0.702520201014233,0.0,0.2066006993509927,0.006218776454580893
2008-12-05,0.256743696189664,0,CALM,0.2119139251278456,0.999991043569339,0.0,0,0.0,0.7040043462870004,0.0,0.2406943103180611,0.03767006193834764
2008-12-08,0.38561983099258623,0,CALM,0.447602897791557,1.0,0.0,0,0.0,0.7224976644737215,0.0,0.9989843639702648,0.7371910654469701
2008-12-09,0.2891031600136124,0,CALM,0.3565656264081683,0.9998087670578516,0.0,0,0.0,0.7150758292044538,0.0,0.0767432964384719,0.0
2008-12-10,0.25961339688768476,0,CALM,0.2502635144773894,0.9819142669404004,0.0,0,0.0,0.7953385311223415,0.006646648802572799,0.1923623509281667,0.0
2008-12-11,0.24743084313362762,0,CALM,0.1752206949047307,0.995741191680614,0.0,0,0.0,0.8119196598374271,0.031235695293534826,0.2145355019569691,0.013538615419686527
2008-12-12,0.24267932153551564,0,CALM,0.1228283627266557,0.9999989788411566,0.0,0,0.0,0.8158649680202815,0.037086404735354635,0.289440093701754,0.08263794612084867
2008-12-15,0.2255525312265098,0,CALM,0.0860477577540846,0.9995091824420108,0.0,0,0.0,0.8187653608011239,0.041387552995864774,0.1261147546044008,0.0
2008-12-16,0.25183802692026663,0,CALM,0.0603150461666287,0.9999299913201068,0.0,0,0.0,0.8769080537509,0.12761047573037396,0.4601551104747298,0.2401221954155068
2008-12-17,0.2233401243141585,0,CALM,0.0422979230439923,0.99991092801578,0.0,0,0.0,0.8770591736185128,0.12783457950004434,0.1633615535974813,0.0
2008-12-18,0.22674504090388098,0,CALM,0.0296400034437383,0.9673792119887916,0.0,0,0.0,0.965232793124452,0.25859197645188076,0.1870155664769855,0.0
2008-12-19,0.2302869515649726,0,CALM,0.0209460439318536,0.9999044229317304,0.0,0,0.0,0.9599080035542752,0.2506955599566307,0.1395674478112114,0.0
2008-12-22,0.2512293025619703,0,CALM,0.0154719442408851,0.9988100900771288,0.0,0,0.0,1.0071913737371172,0.32081460960959457,0.3680748818255658,0.15517837525363806
2008-12-23,0.23622963545621428,0,CALM,0.0227533018314097,0.9983111334013928,0.0,0,0.0,0.9771639767118966,0.2762853695233044,0.2350958172237704,0.032505463657528634
2008-12-29,0.3802178461151656,0,CALM,0.3159273112819868,1.0,0.0,0,0.0,4.258416634592048,1.0,0.2132580655130414,0.012360182946689011
2008-12-30,0.4655894210199609,1,WATCH,0.5211491178973907,1.0,0.0,0,0.0,4.256763994259055,1.0,0.5825393636887122,0.3530214154561329
2009-01-05,0.5662010956320433,1,WATCH,0.6648043825281735,1.0,0.0,0,0.0,5.804369356641274,1.0,1.4759911535247423,1.0
2009-01-06,0.49134076694243034,1,WATCH,0.7653630677697214,1.0,0.0,0,0.0,5.7709613341930295,1.0,0.1864988219783267,0.0
2009-01-07,0.5089385368597013,1,WATCH,0.8357541474388048,1.0,0.0,0,0.0,5.7449460895860565,1.0,0.0879223680619038,0.0
2009-01-08,0.5212569758017909,1,WATCH,0.8850279032071633,1.0,0.0,0,0.0,5.71999251116985,1.0,0.1984661054477354,0.0
2009-01-09,0.5298798830612536,1,WATCH,0.9195195322450144,1.0,0.0,0,0.0,5.700835738799842,1.0,0.0495666055636846,0.0
2009-01-12,0.5359159181428775,1,WATCH,0.94366367257151,1.0,0.0,0,0.0,5.647618573519387,1.0,0.1485444670337346,0.0
2009-01-13,0.5401411427000142,1,WATCH,0.960564570800057,1.0,0.0,0,0.0,5.618301925760214,1.0,0.1149641695547079,0.0
2009-01-14,0.5553675923566951,1,WATCH,0.9723951995600396,1.0,0.0,0,0.0,5.671226071506282,1.0,0.3328548020923418,0.12268792466685165
2009-01-15,0.5451691599230069,1,WATCH,0.9806766396920276,1.0,0.0,0,0.0,5.684580102304641,1.0,0.0335071566798893,0.0
2009-01-16,0.563135833642109,1,WATCH,0.9864736477844194,1.0,0.0,0,0.0,5.665603727791234,1.0,0.3789105069259261,0.16517421696004106
2009-01-19,0.5476328883622734,1,WATCH,0.9905315534490936,1.0,0.0,0,0.0,5.684103191663375,1.0,0.0881523593180279,0.0
2009-01-20,0.5483430218535914,1,WATCH,0.9933720874143654,1.0,0.0,0,0.0,5.707821028769184,1.0,0.0752540933515989,0.0
2009-01-21,0.5488401152975139,1,WATCH,0.9953604611900556,1.0,0.0,0,0.0,5.7084285137096975,1.0,0.1917192798983208,0.0
2009-01-22,0.5491880807082598,1,WATCH,0.996752322833039,1.0,0.0,0,0.0,5.742470387560596,1.0,0.080409366660707,0.0
2009-01-23,0.5559828236296042,1,WATCH,0.9977266259831272,1.0,0.0,0,0.0,5.750267735377953,1.0,0.2708749844932501,0.06551167133822272
2009-01-26,0.5559901784576753,1,WATCH,0.9984086381881888,1.0,0.0,0,0.0,5.783224619114718,1.0,0.2691064360965804,0.0638801891062807
2009-01-27,0.5525702183062119,1,WATCH,0.9988860467317322,1.0,0.0,0,0.0,5.787412418585853,1.0,0.2307398210728061,0.02848706623278828
2009-01-28,0.5869001901466325,1,WATCH,0.9992202327122124,1.0,0.0,0,0.0,4.2452841006583375,1.0,0.6019756178856465,0.3709513196857934
2009-01-29,0.5498635407246372,1,WATCH,0.9994541628985488,1.0,0.0,0,0.0,4.244464014752826,1.0,0.1117272578481765,0.0
2009-01-30,0.549904478507246,1,WATCH,0.999617914028984,1.0,0.0,0,0.0,4.242803395322443,1.0,0.1244346701176667,0.0
2009-02-02,0.38859625195310404,0,CALM,0.7100940161022703,0.9998391943248977,0.0,0,0.0,0.7983371897404029,0.011093520751823842,0.3082126277341094,0.09995556987374578
2009-02-03,0.3241099677893077,0,CALM,0.4976782028720362,0.9984520853564932,0.0,0,0.0,0.716685634278495,0.0,0.1245421109395204,0.0
2009-02-04,0.28597050053108103,0,CALM,0.3484579200596209,0.9942801025808788,0.0,0,0.0,0.7060393468222254,0.0,0.1044245312264187,0.0
2009-02-05,0.26270732092971766,0,CALM,0.2440216776987932,0.999855014021056,0.0,0,0.0,0.6631074448252412,0.0,0.2186226348088962,0.017308987008081946
2009-02-06,0.23473244638118682,0,CALM,0.1708783273818243,0.9600643226786536,0.0,0,0.0,0.6445293980583134,0.0,0.0817071937684839,0.0
2009-02-09,0.18626481758943372,0,CALM,0.119634793391481,0.7817805962078174,0.0,0,0.0,0.6926459111864275,0.0,0.1386748581582355,0.0
2009-02-10,0.23582180510620807,0,CALM,0.0838486880357342,0.9998166668622588,0.0,0,0.0,0.617513844604688,0.0,0.3613373295611564,0.14896299724822756
2009-02-11,0.12102684780626256,0,CALM,0.0587091944790124,0.5317477459325473,0.0,0,0.0,0.687651834345869,0.0,0.1637860182940962,0.0
2009-02-12,0.1963605829465729,0,CALM,0.0411735319331812,0.930335999816388,0.0,0,0.0,0.6122979362691362,0.0,0.0735972746937169,0.0
2009-02-13,0.2064669604323149,0,CALM,0.0288796069117296,0.9905170620754284,0.0,0,0.0,0.6176472508174893,0.0,0.2122567407128105,0.011436462892968168
2009-02-17,0.22510052402150443,0,CALM,0.0204510733720311,0.9999745752149868,0.0,0,0.0,0.617611899640831,0.0,0.4165845095773876,0.19992840635499284
2009-02-18,0.20801955311186604,0,CALM,0.0144816135767482,0.9993965346194508,0.0,0,0.0,0.578517528063763,0.0,0.2488551589974744,0.045198427937888426
2009-02-19,0.1338865610739611,0,CALM,0.0102557976789148,0.6566130582711619,0.0,0,0.0,0.6010761855279998,0.0,0.1576060758889765,0.0
2009-02-20,0.23855372827531218,0,CALM,0.0099232813574226,0.9999991356858008,0.0,0,0.0,0.5981123575551842,0.0,0.5908964475321794,0.3607308079879637
2009-02-23,0.20184879030179068,0,CALM,0.0078284682298174,0.9994583662216816,0.0,0,0.0,0.5870119923835485,0.0,0.1195424957520323,0.0
2009-02-24,0.20156624130717277,0,CALM,0.0056537769936161,0.9854311006721334,0.0,0,0.0,0.5677974965696949,0.0,0.233101564057703,0.03066576924342049
2009-02-25,0.2008873880282621,0,CALM,0.0045174517390963,0.99879012546744,0.0,0,0.0,0.5479071256639694,0.0,0.1025087799718304,0.0
2009-02-26,0.18103928710291825,0,CALM,0.0035457589546375,0.9007642368212944,0.0,0,0.0,0.5450960711680348,0.0,0.0998006216945398,0.0
2009-02-27,0.20307691605390976,0,CALM,0.004040100873785,0.9979208842845382,0.0,0,0.0,0.5434798988658319,0.0,0.2267724122200157,0.024827139785558575
2009-03-02,0.2396892898097194,0,CALM,0.012259733683061,0.9999989138435325,0.0,0,0.0,0.5466358784855232,0.0,0.5968747029250775,0.36624573620247647
2009-03-03,0.16213744271848118,0,CALM,0.0145024559981507,0.7925591435947175,0.0,0,0.0,0.5449301055228246,0.0,0.0939858039302619,0.0
2009-03-04,0.24167324271407378,0,CALM,0.0256338807412845,0.9999665890535772,0.0,0,0.0,0.548567494481821,0.0,0.5822067144042394,0.3527145471803721
2009-03-05,0.24698745929828955,0,CALM,0.0381526884121273,0.9999994764186791,0.0,0,0.0,0.5569870547278811,0.0,0.6058158426936698,0.3744939191152188
2009-03-06,0.19935022005658795,0,CALM,0.0340179453143735,0.9542286686399728,0.0,0,0.0,0.5577150296518404,0.0,0.0545165436731715,0.0
2009-03-09,0.21917996659784056,0,CALM,0.0303207000924426,0.9999678349026492,0.0,0,0.0,0.565121665225196,0.0,0.3256724784014885,0.11606224594200072
2009-03-10,0.2369279251180343,0,CALM,0.0317346458774817,0.9999999855268772,0.0,0,0.0,0.6522330671304518,0.0,0.5141611613194768,0.28994266543288416
2009-03-11,0.207886316228675,0,CALM,0.0285822684344032,0.9999525579827242,0.0,0,0.0,0.6383968836842093,0.0,0.2079921374685227,0.007502375235293836
2009-03-12,0.2076449484717434,0,CALM,0.0306796167962914,0.9998752213633526,0.0,0,0.0,0.6680395283974695,0.0,0.1025143515715377,0.0
2009-03-13,0.22051900029275862,0,CALM,0.056278678424895,0.998799214457464,0.0,0,0.0,0.5803657637860248,0.0,0.2723743988223619,0.06689487795042047
2009-03-16,0.3758500621726236,0,CALM,0.3393777383582547,0.999999996464617,0.0,0,0.0,0.6271368510855049,0.0,1.186372554404317,0.9100562829013653
2009-03-17,0.2622373731216443,0,CALM,0.2480089681820287,0.9868399077721488,0.0,0,0.0,0.6361164564098645,0.0,0.230939744539989,0.028671495217073555
2009-03-18,0.2433413502377705,0,CALM,0.1750631679738077,0.9978777912215928,0.0,0,0.0,0.6364229874153113,0.0,0.1933257190226253,0.0
2009-03-19,0.24091719502957254,0,CALM,0.1249677148532604,0.9998818285753605,0.0,0,0.0,0.6365143323514486,0.0,0.304996833127923,0.09698900601185328
2009-03-20,0.21540509501397004,0,CALM,0.1059100831877089,0.944637871085214,0.0,0,0.0,0.5910221780784828,0.0,0.1142267872925761,0.0
2009-03-23,0.3519799713875433,0,CALM,0.3368325198826761,0.9999999685142829,0.0,0,0.0,0.6020583812598387,0.0,0.934515288771956,0.6777184771401767
2009-03-24,0.2583864807227948,0,CALM,0.2488483826634499,0.9787639563428334,0.0,0,0.0,0.5967577842870849,0.0,0.2044295957532656,0.004215937883656133
2009-03-25,0.2330767256372342,0,CALM,0.1759270510046097,0.9454748144304088,0.0,0,0.0,0.5869288922443978,0.0,0.056403667925956,0.0
2009-03-26,0.193806965486283,0,CALM,0.1235962328828005,0.7901483926697935,0.0,0,0.0,0.6440542194826382,0.0,0.252740110137844,0.048782287316241485
2009-03-27,0.21047105290636345,0,CALM,0.0973734591062995,0.9306384406489429,0.0,0,0.0,0.6440450044907149,0.0,0.066686879490409,0.0
2009-03-30,0.30351902029448674,0,CALM,0.2679079687610235,0.999999791757112,0.0,0,0.0,0.6517409982134347,0.0,0.5959803500499937,0.365420697528085
2009-03-31,0.4218838945331791,1,WATCH,0.4875355781327164,1.0,0.0,0,0.0,0.6655670182272097,0.0,2.020823314043337,1.0
2009-04-01,0.3565918372880062,0,CALM,0.6265060419115553,0.9998266340505868,0.0,0,0.0,0.6739364098965374,0.0,0.1668503158026313,0.0
2009-04-02,0.44395650306100387,1,WATCH,0.7328452962117635,0.9999999995780676,0.0,0,0.0,0.6841186525665918,0.0,0.8583452681532748,0.6074517909244944
2009-04-03,0.3280447694867669,0,CALM,0.5213547256872448,0.9885304403247784,0.0,0,0.0,0.6866889872505268,0.0,0.1805087576838671,0.0
2009-04-06,0.2912783514558056,0,CALM,0.3657786528776505,0.9991684411819648,0.0,0,0.0,0.6944707711019643,0.0,0.0996947462981466,0.0
2009-04-07,0.26087388661476774,0,CALM,0.256102263911682,0.984241603184236,0.0,0,0.0,0.6884186160753493,0.0,0.1583839993589795,0.0
2009-04-08,0.24417592687909737,0,CALM,0.1794123131103124,0.9966142430075964,0.0,0,0.0,0.615377916490783,0.0,0.0994386119463528,0.0
2009-04-09,0.23397990003929706,0,CALM,0.1256505909640937,0.9874499720852647,0.0,0,0.0,0.5876905131624613,0.0,0.2548976125397579,0.050772578812206835
2009-04-14,0.17915591334954958,0,CALM,0.0880406376386951,0.785728769699379,0.0,0,0.0,0.5398981743413803,0.0,0.1358355625975623,0.0
2009-04-15,0.12318489951028992,0,CALM,0.0616685887454596,0.5388387616196251,0.0,0,0.0,0.5734541787139572,0.0,0.1702389645217975,0.0
2009-04-16,0.1883496339925875,0,CALM,0.0432720206859154,0.8876581441055432,0.0,0,0.0,0.5499952274672761,0.0,0.1157947447483453,0.0
2009-04-17,0.16178784107471225,0,CALM,0.0303800659566885,0.7709641229277006,0.0,0,0.0,0.5675901477404688,0.0,0.1898615766331925,0.0
2009-04-20,0.23107151614170884,0,CALM,0.0223663236298518,0.9999983220552432,0.0,0,0.0,0.5942112106365445,0.0,0.4760689812454481,0.25480270823197226
2009-04-21,0.20675434102424006,0,CALM,0.0163947465371248,0.9997523058262592,0.0,0,0.0,0.6040464150884511,0.0,0.2291841167814842,0.027051932247070327
2009-04-22,0.19305124905683504,0,CALM,0.0142976990424191,0.9473841214811514,0.0,0,0.0,0.6054417585180399,0.0,0.0307144862747381,0.0
2009-04-23,0.21272723261769327,0,CALM,0.0297500028141549,0.9976827944098006,0.0,0,0.0,0.603701823386907,0.0,0.2622246225012237,0.057531730321944335
2009-04-24,0.3802062504709153,0,CALM,0.3208250018880539,0.9999999999945092,0.0,0,0.0,0.6059799988101173,0.0,1.4533760785507943,1.0
2009-04-27,0.25930018279777345,0,CALM,0.2396039615082252,0.9912084316352062,0.0,0,0.0,0.605815353717512,0.0,0.2124069828321103,0.011575060936758483
2009-04-28,0.23772125028323607,0,CALM,0.1686170659484826,0.9585768277380934,0.0,0,0.0,0.5589809807182996,0.0,0.2416115162224932,0.03851618248496719
2009-04-29,0.24148925340763877,0,CALM,0.1181665772051697,0.9927232536303752,0.0,0,0.0,0.5722380013365609,0.0,0.3451493111513988,0.1340295838027131
2009-04-30,0.1840782541945862,0,CALM,0.0828164020126576,0.8168707684571089,0.0,0,0.0,0.5585626565006415,0.0,0.1227609868671079,0.0
2009-05-04,0.24326350693664675,0,CALM,0.0582866582166902,0.9992701869261076,0.0,0,0.0,0.566880243878458,0.0,0.512465097390833,0.28837804997252653
2009-05-05,0.053833743330594624,0,CALM,0.04084706012139,0.2181098915012356,0.0,0,0.0,0.5779348556530054,0.0,0.1418539868861221,0.0
2009-05-06,0.19597572631217855,0,CALM,0.0288415393007582,0.943826707434945,0.0,0,0.0,0.5297282243766193,0.0,0.0843185283341874,0.0
2009-05-07,0.20465225573741852,0,CALM,0.0204750192644081,0.9976675046065824,0.0,0,0.0,0.5578615857354607,0.0,0.1325493376729297,0.0
2009-05-08,0.14568709432008078,0,CALM,0.0144772003670515,0.7103389711415896,0.0,0,0.0,0.5268541463962174,0.0,0.1101994320200127,0.0
2009-05-11,0.07312450674440696,0,CALM,0.0102853669517195,0.3527658250323854,0.0,0,0.0,0.5312464818093522,0.0,0.0501453152114264,0.0
2009-05-12,0.16812719683114102,0,CALM,0.0073725149736168,0.8314203404386841,0.0,0,0.0,0.5048940307330415,0.0,0.1765844658093143,0.0
2009-05-13,0.21708304170907278,0,CALM,0.0056238602426077,0.9999109287273384,0.0,0,0.0,0.5281565018656343,0.0,0.3699941639417298,0.15694890902953137
2009-05-14,0.19374985097300274,0,CALM,0.0040364907672813,0.9286018407368608,0.0,0,0.0,0.5375037830907543,0.0,0.2759610988965287,0.07020360133810234
2009-05-15,0.15108999919045893,0,CALM,0.0029405391529622,0.7517743220110918,0.0,0,0.0,0.5212787895742571,0.0,0.1744678147541626,0.0
2009-05-18,0.20806596748021383,0,CALM,0.0024497846264707,0.999989387225288,0.0,0,0.0,0.6007742444288671,0.0,0.280679632471481,0.0745564387853856
2009-05-19,0.040376073480876046,0,CALM,0.0019336818859333,0.1994632650469636,0.0,0,0.0,0.6360420051093638,0.0,0.1325873901378139,0.0
2009-05-20,0.1653400262943222,0,CALM,0.010521712044823,0.8135479914155822,0.0,0,0.0,0.6019240438211702,0.0,0.1484850548143472,0.0
2009-05-22,0.33365159684612433,0,CALM,0.2776316678777176,0.9999999998749896,0.0,0,0.0,0.645426348411844,0.0,0.8962694813368739,0.64243679901697
2009-05-25,0.2610265005057287,0,CALM,0.2090204488261955,0.9992459025377608,0.0,0,0.0,0.6405585800761431,0.0,0.2965773799695941,0.08922207791627607
2009-05-26,0.23666220375553182,0,CALM,0.1474781366345756,0.9989633479844396,0.0,0,0.0,0.6607431658864192,0.0,0.1413489355145541,0.0
2009-05-27,0.05243934657337315,0,CALM,0.1032527548572591,0.1331307892952919,0.0,0,0.0,0.7518045219970068,0.0,0.1827238852469876,0.0
2009-05-28,0.22176963973165964,0,CALM,0.0724683636698539,0.9982597826030788,0.0,0,0.0,0.7511785410387376,0.0,0.2432264146468819,0.04000592293580398
2009-05-29,0.22504870597044782,0,CALM,0.0579138693476231,0.9988640889591116,0.0,0,0.0,0.7501177587750554,0.0,0.3169049383592849,0.10797420841719724
2009-06-02,0.35985731834096546,0,CALM,0.338261316878821,0.9999999999859464,0.0,0,0.0,0.7835410231616667,0.0,1.0160346199242645,0.7529198912407095
2009-06-03,0.2742248086585677,0,CALM,0.2484018389555678,0.9999094920275312,0.0,0,0.0,0.7841364604240467,0.0,0.3314852385557058,0.12142450514169477
2009-06-04,0.18854640116976273,0,CALM,0.1739885832584302,0.6730031509617821,0.0,0,0.0,0.8411834222665682,0.07463250061571734,0.2322213255159337,0.029853751012270325
2009-06-05,0.2392750292220557,0,CALM,0.1218158024806689,0.9984522437550308,0.0,0,0.0,0.8160338718228803,0.03733688125754845,0.2583630278444012,0.053969417251274715
2009-06-08,0.14722009063451855,0,CALM,0.0852881135709861,0.5983144843450909,0.0,0,0.0,0.8329020802853733,0.062351653727538155,0.0731694498862782,0.0
2009-06-09,0.19155515089060243,0,CALM,0.0597124829927383,0.8501460388329212,0.0,0,0.0,0.8353475848110178,0.06597822375833602,0.1966304141937015,0.0
2009-06-10,0.22421219666926492,0,CALM,0.0418189461809309,0.9977807622268584,0.0,0,0.0,0.8372283907465817,0.06876737191493788,0.2792587795095657,0.07324570487166734
2009-06-11,0.22957803412879033,0,CALM,0.0293076797169696,0.9968053048296596,0.0,0,0.0,0.8494018171036248,0.08681999980240501,0.3538766464488267,0.14208053253375513
2009-06-12,0.0699643698478431,0,CALM,0.0212268175946181,0.2139877484353002,0.0,0,0.0,0.9382657891499182,0.2186011576212854,0.1986928572733758,0.0
2009-06-15,0.2953370971329834,0,CALM,0.0761665759495588,0.9999999880775792,0.0,0,0.0,0.9158227654181552,0.1853191921157642,0.8260238646830663,0.5776353631850144
2009-06-16,0.16748863314918386,0,CALM,0.0543353969928553,0.6534686168680791,0.0,0,0.0,0.9473756133341994,0.23211060527354221,0.16002867332824,0.0
2009-06-17,0.2285970097186149,0,CALM,0.0381279162487151,0.9793207926266484,0.0,0,0.0,0.9473069099342336,0.2320087213110645,0.0858013762934584,0.0
2009-06-18,0.2084085714277139,0,CALM,0.0268262318128877,0.9536946818670772,0.0,0,0.0,0.8647838016647267,0.10963077101076556,0.0846316903635483,0.0
2009-06-19,0.18056598645151684,0,CALM,0.0229537655611189,0.823703653475227,0.0,0,0.0,0.8588749002355073,0.10086814366191692,0.1287546564449546,0.0
2009-06-22,0.3914495346209036,0,CALM,0.3160676308974746,1.0,0.0,0,0.0,0.8746934150044219,0.12432626896534889,1.36743107908618,1.0
2009-06-23,0.27122826360440727,0,CALM,0.2281924721701339,0.9986922184832224,0.0,0,0.0,0.7834226824961946,0.0,0.3564094284171984,0.14441701865229328
2009-06-24,0.2397082216425587,0,CALM,0.1599828932913903,0.9985624915985556,0.0,0,0.0,0.7860269394154311,0.0,0.1658596063835446,0.0
2009-06-25,0.23388434072006972,0,CALM,0.1120237484592955,0.9992039669157714,0.0,0,0.0,0.748588429045015,0.0,0.2653079593975559,0.06037610222091525
2009-06-26,0.21014228619460118,0,CALM,0.0784503463671181,0.9526484980141082,0.0,0,0.0,0.7036677535625333,0.0,0.1070258411140529,0.0
2009-06-29,0.24044324079379897,0,CALM,0.0550739132669365,0.9999803997887438,0.0,0,0.0,0.7075731489674012,0.0,0.4890599231155189,0.266786825193161
2009-06-30,0.2236176687764998,0,CALM,0.0386015015321776,0.9997117853350908,0.0,0,0.0,0.7133621274311763,0.0,0.3518916346528095,0.1402493632643725
2009-07-01,0.18529887563589698,0,CALM,0.0270637777745032,0.8751775366894785,0.0,0,0.0,0.638021113857914,0.0,0.2377720019723939,0.034974238543754706
2009-07-02,0.24262718839757463,0,CALM,0.0200744608840383,0.9999944057433215,0.0,0,0.0,0.630568348447385,0.0,0.607553517234387,0.37609692027900743
2009-07-03,0.16287285771457366,0,CALM,0.0141035920870749,0.7691028781160917,0.0,0,0.0,0.5991259616682555,0.0,0.2597662000412679,0.05526384069586573
2009-07-06,0.08350823465496159,0,CALM,0.0098936633264693,0.4051740941167213,0.0,0,0.0,0.6086387012451862,0.0,0.1993811752886404,0.0
2009-07-07,0.1826182150942647,0,CALM,0.0069738158147348,0.904373805702905,0.0,0,0.0,0.6083298381239374,0.0,0.1220765402257708,0.0
2009-07-08,0.01761392055553354,0,CALM,0.0049050427664916,0.0819382993195532,0.0,0,0.0,0.6112798607555481,0.0,0.1018794676656129,0.0
2009-07-09,0.1459843076237396,0,CALM,0.0034531418063599,0.7017248388817494,0.0,0,0.0,0.6220003195284306,0.0,0.2516325267742915,0.04776054395799739
2009-07-10,0.012021824692296755,0,CALM,0.0024452614440387,0.0570525466564354,0.0,0,0.0,0.6311325833334254,0.0,0.058452291785158,0.0
2009-07-13,0.20828606786117193,0,CALM,0.0018744383912867,0.999903063181992,0.0,0,0.0,0.5986086929613632,0.0,0.2848119100272196,0.07836845626951874
2009-07-14,0.013157326989940566,0,CALM,0.0013562427861273,0.0640913314670437,0.0,0,0.0,0.6220229519051993,0.0,0.1100512314390832,0.0
2009-07-15,0.23698069385097226,0,CALM,0.0021130281871183,0.999976777649592,0.0,0,0.0,0.5832988572051279,0.0,0.5950590636608172,0.36457081274274244
2009-07-16,0.14895817399887779,0,CALM,0.0015489626335207,0.7428546667024881,0.0,0,0.0,0.585418692027978,0.0,0.1839369144509579,0.0
2009-07-17,0.028081244880388885,0,CALM,0.0011031377717309,0.1390273021872808,0.0,0,0.0,0.6129252195839732,0.0,0.1568825581062394,0.0
2009-07-20,0.00260536633504762,0,CALM,0.000782748105556,0.0120483965432931,0.0,0,0.0,0.675867329135846,0.0,0.1091244132608754,0.0
2009-07-21,0.18518576720043048,0,CALM,0.0005716971038026,0.9252142146223992,0.0,0,0.0,0.6500700674074009,0.0,0.186499328857597,0.0
2009-07-22,0.1998990637215911,0,CALM,0.0004212143820323,0.9443864517873864,0.0,0,0.0,0.6559473257554946,0.0,0.3181954445299763,0.10916469768605706
2009-07-23,0.19858211876204646,0,CALM,0.0003345607370071,0.9922186018199404,0.0,0,0.0,0.6447441678940815,0.0,0.200453049429157,0.0005475821380659213
2009-07-24,0.18116008071912296,0,CALM,0.0002602532929414,0.9036704233246288,0.0,0,0.0,0.6290518789940502,0.0,0.2037720218385067,0.00360932730961817
2009-07-27,0.12773738471143678,0,CALM,0.0002073995923375,0.6384276740667619,0.0,0,0.0,0.6209913980902882,0.0,0.1616989468044275,0.0
2009-07-28,0.08534027034655743,0,CALM,0.0002170946498138,0.4264299834205199,0.0,0,0.0,0.6039981699858119,0.0,0.0258454967297725,0.0
2009-07-29,0.04072153100635559,0,CALM,0.0002252302815817,0.2033261171798008,0.0,0,0.0,0.5859304522673933,0.0,0.0245794857479669,0.0
2009-07-30,0.15223486966153799,0,CALM,0.0002139317115902,0.7609069336682021,0.0,0,0.0,0.591438276123401,0.0,0.0996937331084109,0.0
2009-07-31,0.013245362014528441,0,CALM,0.0001697308021864,0.0660146465699092,0.0,0,0.0,0.5951557667985987,0.0,0.174550212779872,0.0
2009-08-03,0.10539794656878781,0,CALM,0.0002031853736604,0.5267357511268635,0.0,0,0.0,0.6028538200018643,0.0,0.0170685959097932,0.0
2009-08-04,0.19998310863835175,0,CALM,0.0001802739672991,0.9224958268272268,0.0,0,0.0,0.6035804642409629,0.0,0.3672189151955726,0.15438874781081607
2009-08-05,0.10239835121843967,0,CALM,0.0001698760790693,0.5117794109933617,0.0,0,0.0,0.5928065549378801,0.0,0.0982864129885008,0.0
2009-08-06,0.07459991527837291,0,CALM,0.0001478819371226,0.3728147239704613,0.0,0,0.0,0.5867229947224999,0.0,0.1739318936247142,0.0
2009-08-07,0.19612280412892255,0,CALM,0.0001905992012086,0.980375771643102,0.0,0,0.0,0.6230273251521674,0.0,0.0817446337781634,0.0
2009-08-10,0.02626942274692822,0,CALM,0.000143026149957,0.0900282631305068,0.0,0,0.0,0.6934262173888804,0.0,0.2890522226003518,0.08228013583337614
2009-08-11,0.18422296640117974,0,CALM,0.0001546426618078,0.920921528678639,0.0,0,0.0,0.6258948443099946,0.0,0.093211901591316,0.0
2009-08-12,0.10743123915601774,0,CALM,0.0001707315038579,0.5369427814002663,0.0,0,0.0,0.6180400839715812,0.0,0.033308506416905,0.0
2009-08-13,0.15940905855469184,0,CALM,0.0001472250624983,0.7875996129944477,0.0,0,0.0,0.6052803823482685,0.0,0.219938962853118,0.0185232969017772
2009-08-14,0.16062263791267062,0,CALM,0.0001616867908643,0.8029110810747727,0.0,0,0.0,0.6168906142487236,0.0,0.0677454432675621,0.0
2009-08-17,0.1958347837253398,0,CALM,0.0001561897525974,0.9783927241984672,0.0,0,0.0,0.6127689521834169,0.0,0.2011298339701119,0.0011719144749701043
2009-08-18,0.00221977416207619,0,CALM,0.0001214387322918,0.0109470723950162,0.0,0,0.0,0.62680401443233,0.0,0.1631215969079958,0.0
2009-08-19,0.17449135389029188,0,CALM,0.0001125322137399,0.8723161041842845,0.0,0,0.0,0.6259627115786436,0.0,0.1864164609527807,0.0
2009-08-20,0.013157120052762466,0,CALM,0.0001574942498709,0.0624218121780769,0.0,0,0.0,0.6733659301547074,0.0,0.206725430354379,0.006333840546793591
2009-08-21,0.248422347884167,0,CALM,0.0082351557611274,0.9999999772665285,0.0,0,0.0,0.7234796585147547,0.0,0.7024466459296613,0.46363563490579435
2009-08-24,0.0528047900612353,0,CALM,0.0058483050188108,0.2359513735906584,0.0,0,0.0,0.7665789362371381,0.0,0.2448724540597634,0.041524390884009096
2009-08-25,0.23555967179941323,0,CALM,0.0044958020306734,0.999997593174228,0.0,0,0.0,0.7832226221998152,0.0,0.5731524711852851,0.3443620265689927
2009-08-26,0.05846292808627932,0,CALM,0.0031580915664639,0.2809558587585348,0.0,0,0.0,0.8008516402119942,0.014822334429563879,0.1677356977329134,0.0
2009-08-27,0.13081967812708992,0,CALM,0.0022196278402947,0.6376789776289384,0.0,0,0.0,0.8092587953538893,0.027289756412285277,0.1928986058917228,0.0
2009-08-28,0.19769413090931376,0,CALM,0.0015647558760096,0.942953917874182,0.0,0,0.0,0.8048595639799355,0.02076589988614703,0.2717899051716937,0.06635568376860232
2009-08-31,0.05329207975700503,0,CALM,0.0011080175560347,0.2406130939672394,0.0,0,0.0,0.8196646210215921,0.042721114284032496,0.2065840868550083,0.006203451461452163
2009-09-01,0.24484825997470244,0,CALM,0.0015679473418317,0.9999998473001336,0.0,0,0.0,0.8594800541956134,0.10176555897754015,0.5714564795668335,0.3427974778146375
2009-09-02,0.2162947193178941,0,CALM,0.0012207225711135,0.992745228119262,0.0,0,0.0,0.8561647542144509,0.09684912254133293,0.2839309884843843,0.07755580797130018
2009-09-03,0.14734251966286083,0,CALM,0.0045705388799137,0.6816038198559171,0.0,0,0.0,0.8574743616222583,0.09879120971698985,0.1278011276848101,0.0
2009-09-04,0.38986920348011045,0,CALM,0.3031993772159396,0.9999999999965656,0.0,0,0.0,0.885730389789675,0.14069359176812374,1.7178909906443287,1.0
2009-09-08,0.41485471858338785,1,WATCH,0.5122167161413291,0.9999999998189312,0.0,0,0.0,0.8790430953772451,0.1307766436500872,0.9990252169028092,0.7372287521926054
2009-09-09,0.3454348765303255,0,CALM,0.417234863272839,0.9999779158618544,0.0,0,0.0,0.8311118552486104,0.05969683285167121,0.5810082243038993,0.3516089425457773
2009-09-10,0.2522198685697816,0,CALM,0.2928076693585406,0.8776900285789663,0.0,0,0.0,0.8143228095815287,0.03479945514353205,0.1481070685405716,0.0
2009-09-11,0.096647121233301,0,CALM,0.2049784345639787,0.1489315120022169,0.0,0,0.0,0.8609082592644371,0.10388352099564967,0.2565301388193841,0.05227858092297972
2009-09-14,0.24716467753006244,0,CALM,0.1435023188623917,0.9917827746489208,0.0,0,0.0,0.8633018546460483,0.10743311216826024,0.2235910250134609,0.021892316678542804
2009-09-15,0.10537361211063884,0,CALM,0.100460866212936,0.3509485714696451,0.0,0,0.0,0.8587526233061248,0.10068681263475815,0.1646480791652639,0.0
2009-09-16,0.1883761678422861,0,CALM,0.070332170764488,0.7744404662323888,0.0,0,0.0,0.8486893099044638,0.08576338460169335,0.2793034729145481,0.07328693444517018
2009-09-17,0.2122593966453207,0,CALM,0.0492435260404286,0.9340831458426498,0.0,0,0.0,0.8226526784303562,0.047152265130531675,0.2910971688762761,0.08416659453630397
2009-09-18,0.2181321596886592,0,CALM,0.0344839258292415,0.9823254222671908,0.0,0,0.0,0.8164945722215218,0.03802007862699487,0.3000665815572151,0.09244085915211171
2009-09-21,0.167335472231518,0,CALM,0.0241477735824913,0.780543642690076,0.0,0,0.0,0.7994499902717597,0.012743752438150721,0.2423031904649389,0.03915425054064896
2009-09-22,0.10774189718787647,0,CALM,0.0169129613061242,0.4791282230986398,0.0,0,0.0,0.7088374414983694,0.0,0.2831985363731849,0.07688012241617455
2009-09-23,0.0077696284219442,0,CALM,0.0118462371208732,0.0240403457086295,0.0,0,0.0,0.7214414700670848,0.0,0.1774548864407417,0.0
2009-09-24,0.1815838717245364,0,CALM,0.0083370272670426,0.8974980745388788,0.0,0,0.0,0.714380313002772,0.0,0.0329966806852826,0.0
2009-09-25,0.009488883635490341,0,CALM,0.0058431643590496,0.0401404627286397,0.0,0,0.0,0.7340702229641307,0.0,0.1876302838203743,0.0
2009-09-28,0.20632908401572736,0,CALM,0.004133281491735,0.9998587030808154,0.0,0,0.0,0.8101889020575409,0.028669061607403647,0.2264949361208099,0.024571168658901632
2009-09-29,0.0685815430704634,0,CALM,0.0029017125832629,0.3192348411241518,0.0,0,0.0,0.8178913712887024,0.040091466998173016,0.1770959221504405,0.0
2009-09-30,0.1987665951282038,0,CALM,0.0020570024704222,0.9700397378217398,0.0,0,0.0,0.8194777339879614,0.04244396946250283,0.0946725093755463,0.0
2009-10-01,0.20536648660120088,0,CALM,0.0014758875518762,0.999680819665034,0.0,0,0.0,0.7967018364110308,0.008668367450378417,0.2453285520681996,0.04194514035187156
2009-10-02,0.15401666392928545,0,CALM,0.0011182180097532,0.7646361036968907,0.0,0,0.0,0.7963178186440263,0.008098886874690134,0.1153844973666875,0.0
2009-10-05,0.07831603940542536,0,CALM,0.0060183052119894,0.3799846780848215,0.0,0,0.0,0.7963490994448745,0.008145274854637011,0.0447846006499096,0.0
2009-10-06,0.37605320341209814,0,CALM,0.3042128136483926,1.0,0.0,0,0.0,0.7823336228464899,0.0,1.9685176547511496,1.0
2009-10-07,0.06922679603541058,0,CALM,0.2150884953120512,0.0772733610369889,0.0,0,0.0,0.7517435854182253,0.0,0.1572328653363169,0.0
2009-10-08,0.1175767977184806,0,CALM,0.150587510876311,0.3996495999970142,0.0,0,0.0,0.7495199851519061,0.0,0.1932626667404615,0.0
2009-10-09,0.11189921784533481,0,CALM,0.1054212282204177,0.4277195539511519,0.0,0,0.0,0.7480004337645847,0.0,0.1638431530921028,0.0
2009-10-12,0.03163574792277114,0,CALM,0.0738435414778216,0.0658743127665787,0.0,0,0.0,0.7065676127596356,0.0,0.0903860858910363,0.0
2009-10-13,0.04857330122857096,0,CALM,0.0549447590740392,0.1741855573003058,0.0,0,0.0,0.6998590166257855,0.0,0.1274971918443112,0.0
2009-10-14,0.3690947268960004,0,CALM,0.3379572040633125,0.9999999299507314,0.0,0,0.0,0.6913803440707876,0.0,1.116993662548868,0.8460543989002601
2009-10-15,0.07482259146823608,0,CALM,0.2711095940027473,0.0352259648377463,0.0,0,0.0,0.6865430559238617,0.0,0.0773273677557378,0.0
2009-10-16,0.24936541174296958,0,CALM,0.2295457294510428,0.9598948969010443,0.0,0,0.0,0.7194694976866999,0.0,0.0800356013230554,0.0
2009-10-19,0.4151704924285998,1,WATCH,0.4606819704710003,0.9999999990542484,0.0,0,0.0,0.7211820085455594,0.0,1.3519022498004682,1.0
2009-10-20,0.10062378616329508,0,CALM,0.326380798062686,0.0951429332381179,0.0,0,0.0,0.7198680940642456,0.0,0.0723291614189322,0.0
2009-10-21,0.2612038801059613,0,CALM,0.2285907188032175,0.9985430563116496,0.0,0,0.0,0.7388028822642968,0.0,0.2469879065550956,0.04347589142826958
2009-10-22,0.15770378187200385,0,CALM,0.1600251313644951,0.57105556998553,0.0,0,0.0,0.7002236535532816,0.0,0.2376523396917176,0.034863850337740844
2009-10-23,0.23272671775717826,0,CALM,0.1120482827283175,0.996341148738732,0.0,0,0.0,0.6948384720111777,0.0,0.2588993499401996,0.05446417327352477
2009-10-26,0.22000629678770534,0,CALM,0.0786123027692855,0.9979350129891876,0.0,0,0.0,0.6882471903955288,0.0,0.2081653733482748,0.007662184975464169
2009-10-27,0.0712084223190905,0,CALM,0.0590796508013906,0.2745651084869123,0.0,0,0.0,0.6344887714025572,0.0,0.2163959546922598,0.015254879213603868
2009-10-28,0.3716017001946325,0,CALM,0.3412313372106491,0.9999999709239712,0.0,0,0.0,0.6152325840883979,0.0,1.1352964875790383,0.8629387170717601
2009-10-29,0.27628502688663964,0,CALM,0.2931829095552702,0.9936842027070644,0.0,0,0.0,0.625291700073766,0.0,0.2459566827061927,0.04252458956409211
2009-10-30,0.3063836229339023,0,CALM,0.2538241415403051,0.9999998923931824,0.0,0,0.0,0.6651183219258527,0.0,0.665200443904051,0.4292760907018953
2009-11-02,0.1789442331810741,0,CALM,0.179067004505455,0.6708874102735518,0.0,0,0.0,0.6701115297477411,0.0,0.0702375791428269,0.0
2009-11-03,0.09972378563020898,0,CALM,0.1253820243901666,0.3418913976633366,0.0,0,0.0,0.6712516109589575,0.0,0.129610270422134,0.0
2009-11-04,0.08500435288585569,0,CALM,0.0877832597182225,0.3152926897815003,0.0,0,0.0,0.6741969027266039,0.0,0.1950566746441562,0.0
2009-11-05,0.21499473248041537,0,CALM,0.0618622350399939,0.9976458686020844,0.0,0,0.0,0.7151332455537257,0.0,0.0825705531341404,0.0
2009-11-06,0.208349490825116,0,CALM,0.0484405879530805,0.966969861379953,0.0,0,0.0,0.7000702341658914,0.0,0.2307036685534192,0.02845371560855275
2009-11-09,0.38347710289178916,0,CALM,0.3339084115671564,1.0,0.0,0,0.0,0.6997273058777252,0.0,2.043544657868513,1.0
2009-11-10,0.062052201714194725,0,CALM,0.2354408504441509,0.015959945515785,0.0,0,0.0,0.7715074232054374,0.0,0.1933881653125738,0.0
2009-11-11,0.18239151182138316,0,CALM,0.1648312676253084,0.6628902583428626,0.0,0,0.0,0.7880734242826686,0.0,0.2931457782776123,0.08605643246483513
2009-11-12,0.20547406878092458,0,CALM,0.1153935444577405,0.8831284133324472,0.0,0,0.0,0.7826918910394025,0.0,0.1847888011214001,0.0
2009-11-13,0.13523358767186264,0,CALM,0.0807839945086788,0.5715639539664386,0.0,0,0.0,0.778818923549788,0.0,0.2077163723817398,0.007247982514052246
2009-11-16,0.20376986049277743,0,CALM,0.0565649434215205,0.8394176729503294,0.0,0,0.0,0.8037220278787328,0.01907898649452894,0.414897251179793,0.1983719139787852
2009-11-17,0.024029787227858382,0,CALM,0.0396046388422886,0.0057119373771841,0.0,0,0.0,0.8784265938506197,0.12986240041849412,0.1007125919982389,0.0
2009-11-18,0.11592707381079086,0,CALM,0.027734892432472,0.4752019744397035,0.0,0,0.0,0.8849454471404224,0.13952955814732146,0.1609372723245159,0.0
2009-11-19,0.24326923696420494,0,CALM,0.0195083515678547,0.999913913101425,0.0,0,0.0,0.8622588225934538,0.1058863439069732,0.5014398917524809,0.2782073206125892
2009-11-20,0.2043672433581725,0,CALM,0.0136810997514523,0.9509671841531724,0.0,0,0.0,0.8633707736737893,0.10753531589674921,0.0983536431046896,0.0
2009-11-23,0.2271410328070496,0,CALM,0.0096016672137193,0.9977862841576434,0.0,0,0.0,0.8465514267606428,0.08259300284307204,0.3833185080642055,0.16924058887783835
2009-11-24,0.17156076553931304,0,CALM,0.0067484074124127,0.8341574507827266,0.0,0,0.0,0.8063869051200216,0.02303087610980835,0.2078712525916668,0.007390859186837229
2009-11-25,0.1672610370794726,0,CALM,0.0065294644743372,0.8194652459120051,0.0,0,0.0,0.8025603134652994,0.017356217784872577,0.1971084159364558,0.0
2009-11-26,0.32024324208143695,0,CALM,0.192458669172701,0.9999999982307718,0.0,0,0.0,0.8445710450669047,0.07965618844557741,0.895394426752195,0.6416295629754959
2009-11-27,0.2636738480579958,0,CALM,0.1555901942080422,0.9999964292464018,0.0,0,0.0,0.9175510289872496,0.18788212700272608,0.2647788604785835,0.05988800956432258
2009-11-30,0.23182953895689723,0,CALM,0.1092822123581774,0.9777358696109072,0.0,0,0.0,0.8512886727847696,0.08961811945171415,0.1973721912311891,0.0
2009-12-01,0.2623218718850582,0,CALM,0.0767500428865825,0.9998792597743688,0.0,0,0.0,0.8437237829747978,0.07839973797523679,0.5827170753658851,0.35318535411015123
2009-12-02,0.08960900361763935,0,CALM,0.0537357278187922,0.332500327782447,0.0,0,0.0,0.8560979541008978,0.096750061064519,0.1785427897953715,0.0
2009-12-03,0.22196885977519923,0,CALM,0.0376294826383961,0.9830801311266748,0.0,0,0.0,0.8533339827629101,0.09265121949002264,0.2722752457131904,0.06680340941262994
2009-12-04,0.20569832332493476,0,CALM,0.0263851285811903,0.9817976363548472,0.0,0,0.0,0.8093500879361661,0.027425139086677156,0.047225178995552,0.0
2009-12-07,0.07663948946324421,0,CALM,0.0184773986029774,0.3313536975542184,0.0,0,0.0,0.8167283848902211,0.0383668119935596,0.2205935920969678,0.019127191023002123
2009-12-08,0.2041760059605205,0,CALM,0.0129635247778065,0.971008405114944,0.0,0,0.0,0.8362621202110202,0.06733443743080035,0.0785759055038995,0.0
2009-12-09,0.17607435503233138,0,CALM,0.0090891073410837,0.8690103909853022,0.0,0,0.0,0.7832855726472983,0.0,0.1340479198236448,0.0
2009-12-10,0.18613152087826704,0,CALM,0.0063734547489156,0.9098827668364162,0.0,0,0.0,0.7668719583966953,0.0,0.2276275886142705,0.02561603823754904
2009-12-11,0.1559597846298094,0,CALM,0.0044704207508896,0.7318423475522801,0.0,0,0.0,0.7789229008129654,0.0,0.2917156036310149,0.08473709931630981
2009-12-14,0.03798802596642404,0,CALM,0.0031365679955432,0.1853889015314405,0.0,0,0.0,0.7917068519124164,0.0012610366125013,0.18573247711886,0.0
2009-12-15,0.20354726561704967,0,CALM,0.0022123360558974,0.9671118746180164,0.0,0,0.0,0.7585296464993524,0.0,0.3036191181453641,0.0957180667947203
2009-12-16,0.23933477802648662,0,CALM,0.0018675514522493,0.9969117608400336,0.0,0,0.0,0.6884763378533156,0.0,0.6278879365329789,0.3948553799541758
2009-12-17,0.015895773306511804,0,CALM,0.0013241552440732,0.0778236724774675,0.0,0,0.0,0.6835590823781823,0.0,0.1099237855266049,0.0
2009-12-18,0.18304650132111544,0,CALM,0.0010104967231759,0.9139693857016074,0.0,0,0.0,0.6852563478067631,0.0,0.1851812425007519,0.0
2009-12-21,0.2511894185896886,0,CALM,0.0046165819027738,0.9999589507714468,0.0,0,0.0,0.6813294872982222,0.0,0.7423374614689151,0.5004348295970579
2009-12-22,0.010108383545623156,0,CALM,0.0033564575640151,0.0463463457730969,0.0,0,0.0,0.6981113020958818,0.0,0.1209715425452067,0.0
2009-12-23,0.002962326926429395,0,CALM,0.0042121015545911,0.0095465076889081,0.0,0,0.0,0.7583359045357736,0.0,0.1568762499664601,0.0
2009-12-28,0.41095394525135254,1,WATCH,0.3029484710882137,1.0,0.0,0,0.0,3.9033537463781536,1.0,0.5816145478847808,0.35216827479299107
2009-12-29,0.4294236199514682,1,WATCH,0.5120639297617496,0.9999999999180386,0.0,0,0.0,3.854193478842173,1.0,0.2151184407778324,0.014076375274230868
2009-12-30,0.4652574626880215,1,WATCH,0.6584447508332247,0.9999999999985786,0.0,0,0.0,3.839366924868345,1.0,0.2068651696960667,0.006462749799995865
2010-01-04,0.5260911963276756,1,WATCH,0.7609113255832572,1.0,0.0,0,0.0,5.232593942111593,1.0,0.5886230996956994,0.3586336493186136
2010-01-05,0.5081594819770701,1,WATCH,0.8326379279082801,1.0,0.0,0,0.0,5.210126713772564,1.0,0.1886826492343149,0.0
2010-01-06,0.5233163522977765,1,WATCH,0.882846549535796,1.0,0.0,0,0.0,5.158638633622042,1.0,0.2280949185534743,0.026047149138274914
2010-01-07,0.5294981461687643,1,WATCH,0.9179925846750572,1.0,0.0,0,0.0,5.162558092218759,1.0,0.1869648212633648,0.0
2010-01-08,0.535648702318135,1,WATCH,0.94259480927254,1.0,0.0,0,0.0,5.1296911383138255,1.0,0.1917534045802781,0.0
2010-01-11,0.5399540916226945,1,WATCH,0.959816366490778,1.0,0.0,0,0.0,5.1197501558350735,1.0,0.1738225155537199,0.0
2010-01-12,0.5429678641358862,1,WATCH,0.9718714565435445,1.0,0.0,0,0.0,5.12257010471022,1.0,0.0795857229953127,0.0
2010-01-13,0.5560931481631436,1,WATCH,0.980310019580481,1.0,0.0,0,0.0,5.118213409183549,1.0,0.3192704984285303,0.1101564326802329
2010-01-14,0.5489311396950328,1,WATCH,0.9862170137063366,1.0,0.0,0,0.0,5.123060499496951,1.0,0.2256252257942672,0.023768862684486195
2010-01-15,0.5574883860935985,1,WATCH,0.9903519095944356,1.0,0.0,0,0.0,5.146343550192685,1.0,0.3071812076141184,0.09900408694989614
2010-01-18,0.5489452349043873,1,WATCH,0.9932463367161048,1.0,0.0,0,0.0,5.139927148842597,1.0,0.206728321099968,0.00633650725361056
2010-01-19,0.5488181089253183,1,WATCH,0.9952724357012734,1.0,0.0,0,0.0,5.168592785993159,1.0,0.0842361630529962,0.0
2010-01-20,0.5608200035918375,1,WATCH,0.9966907049908912,1.0,0.0,0,0.0,5.182265843539047,1.0,0.3261180376667811,0.11647327344114687
2010-01-21,0.549420873373406,1,WATCH,0.9976834934936238,1.0,0.0,0,0.0,5.215965964733085,1.0,0.0403493636251489,0.0
2010-01-22,0.5518418586929631,1,WATCH,0.9983784454455368,1.0,0.0,0,0.0,5.233702576715723,1.0,0.2242199225095723,0.02247247331578874
2010-01-25,0.5497162279529689,1,WATCH,0.9988649118118756,1.0,0.0,0,0.0,5.253148671976744,1.0,0.1706424068261485,0.0
2010-01-26,0.568964562603167,1,WATCH,0.9992054382683128,1.0,0.0,0,0.0,3.8936339742105774,1.0,0.4075911278688551,0.19163203036088783
2010-01-27,0.5498609516969547,1,WATCH,0.9994438067878187,1.0,0.0,0,0.0,3.895817746279968,1.0,0.1404410897430551,0.0
2010-01-28,0.5642794620573319,1,WATCH,0.9996106647514732,1.0,0.0,0,0.0,3.935122262659644,1.0,0.3557058388070989,0.1437679586946365
2010-01-29,0.5499318663315078,1,WATCH,0.9997274653260312,1.0,0.0,0,0.0,3.945430509753453,1.0,0.1679705068737199,0.0
2010-02-01,0.39682698043401904,0,CALM,0.7099955152839641,0.9912744321819552,0.0,0,0.0,0.932959483393488,0.2107321517663695,0.1267261236723092,0.0
2010-02-02,0.3178940538605843,0,CALM,0.4974839159276046,0.8659648649385018,0.0,0,0.0,0.9279484484825364,0.20330101890982766,0.0248070022436534,0.0
2010-02-03,0.16559725923024296,0,CALM,0.3482789394129576,0.3724689363830572,0.0,0,0.0,0.818057191706845,0.04033737100392082,0.0696748280210732,0.0
2010-02-04,0.2937786612409317,0,CALM,0.2447431289078605,0.999999818426155,0.0,0,0.0,0.7680504985119556,0.0,0.553170991859305,0.3259291532873561
2010-02-05,0.28017551758298065,0,CALM,0.1720265830202516,0.9999905422123188,0.0,0,0.0,0.7505646418077331,0.0,0.6027954724843222,0.37170763385454003
2010-02-08,0.17955803649644642,0,CALM,0.1204553727971934,0.7472209664857402,0.0,0,0.0,0.7155265888090271,0.0,0.0818788320400952,0.0
2010-02-09,0.16552734347850814,0,CALM,0.0843326167693453,0.722220946430859,0.0,0,0.0,0.7082995767087625,0.0,0.1611613744134391,0.0
2010-02-10,0.1875954801435745,0,CALM,0.0590451486283373,0.8453496123004504,0.0,0,0.0,0.7127705055155887,0.0,0.2406646553199207,0.0376427052640008
2010-02-11,0.20659998831928128,0,CALM,0.0413852285927039,0.9812684058555264,0.0,0,0.0,0.6766140607052495,0.0,0.0857263145620305,0.0
2010-02-12,0.17993351935281046,0,CALM,0.0290060905722644,0.8634099835487217,0.0,0,0.0,0.6431991466218258,0.0,0.1055529281492874,0.0
2010-02-15,0.05430587078571305,0,CALM,0.0203136775287182,0.2243863876563648,0.0,0,0.0,0.6923475978496603,0.0,0.2470159253652676,0.043501738722605356
2010-02-16,0.18768514386169413,0,CALM,0.0142553691753265,0.9158822379636924,0.0,0,0.0,0.5944353925431033,0.0,0.2101018056383285,0.009448539751239911
2010-02-17,0.02709938795371107,0,CALM,0.0099961019972866,0.1230018122719471,0.0,0,0.0,0.6193653286951541,0.0,0.15168796184203,0.0
2010-02-18,0.0332470903556408,0,CALM,0.0070100657953956,0.1574728695339595,0.0,0,0.0,0.6451627613843287,0.0,0.1904296948570543,0.0
2010-02-19,0.20874426927794562,0,CALM,0.0049447899851075,0.9926621029085888,0.0,0,0.0,0.6257360356200763,0.0,0.2971567136102084,0.08975651199950974
2010-02-22,0.029377618082918874,0,CALM,0.003471640280072,0.1319386140713274,0.0,0,0.0,0.6698060101428683,0.0,0.2228620643604405,0.021219851986353917
2010-02-23,0.2090534525036598,0,CALM,0.0024802715735699,0.999791708498693,0.0,0,0.0,0.6984767581356217,0.0,0.2917300532992139,0.08475042910528735
2010-02-24,0.15186008015985655,0,CALM,0.0017485589829949,0.7451964937072858,0.0,0,0.0,0.70073662709377,0.0,0.2256984552725693,0.023836416726506895
2010-02-25,0.1694493596171972,0,CALM,0.0012598489070319,0.845671986952196,0.0,0,0.0,0.6927314019204106,0.0,0.0588620140908135,0.0
2010-02-26,0.1963213310876401,0,CALM,0.0009114799542675,0.9705471425136314,0.0,0,0.0,0.6350188605898635,0.0,0.2213666398390026,0.01984032596346948
2010-03-01,0.08684801226328792,0,CALM,0.0006504605601792,0.4112686770354756,0.0,0,0.0,0.6577943651083409,0.0,0.2478992644101782,0.04431661716147992
2010-03-02,0.006562489602248085,0,CALM,0.0004688567860293,0.0322263770287038,0.0,0,0.0,0.6801642472054681,0.0,0.0902932126592983,0.0
2010-03-03,0.14143875667260103,0,CALM,0.0004197801172143,0.7066690582164872,0.0,0,0.0,0.6796538042341147,0.0,0.1311543266766932,0.0
2010-03-04,0.1820420681501639,0,CALM,0.0045148477367149,0.8830316044870905,0.0,0,0.0,0.6760120696807645,0.0,0.2465482977167675,0.04307035318567045
2010-03-05,0.34841619946867886,0,CALM,0.2956107423547073,0.9999997221446044,0.0,0,0.0,0.5905445561917602,0.0,1.0075964473370975,0.745135694510811
2010-03-08,0.28997703693199717,0,CALM,0.256119451326991,0.9462586792918184,0.0,0,0.0,0.6440833629453182,0.0,0.5976428848306166,0.36695438241885725
2010-03-09,0.07824506446428367,0,CALM,0.1797764652673738,0.1526686372880336,0.0,0,0.0,0.6610733996902007,0.0,0.2298565027373419,0.027672206898335116
2010-03-10,0.15401208897236157,0,CALM,0.1258613747235594,0.5739605545775279,0.0,0,0.0,0.6702704688948319,0.0,0.2839207291533342,0.07754634375966123
2010-03-11,0.030978796166638976,0,CALM,0.0881119698941503,0.044754018465507,0.0,0,0.0,0.6912767641970806,0.0,0.1530641834560812,0.0
2010-03-12,0.04054992759043056,0,CALM,0.061688745706484,0.1037187091192937,0.0,0,0.0,0.6582748138843191,0.0,0.2473825979252197,0.0438399933995082
2010-03-15,0.17050952997070676,0,CALM,0.0432268111437922,0.6582801771217031,0.0,0,0.0,0.6819091347269822,0.0,0.5038904088998463,0.2804679176041808
2010-03-16,0.01389419436047956,0,CALM,0.0302662121927234,0.0286321343425333,0.0,0,0.0,0.701780820244181,0.0,0.2063767075019792,0.006012144437920492
2010-03-17,0.005891516524355565,0,CALM,0.0211920510509217,0.0029675188081257,0.0,0,0.0,0.7744931136777972,0.0,0.1806044674984823,0.0
2010-03-18,0.01280762224409699,0,CALM,0.0148420270329202,0.0454855774293347,0.0,0,0.0,0.7830544577627971,0.0,0.1306258875144527,0.0
2010-03-19,0.13600553639395194,0,CALM,0.0104080588011919,0.6653946807911121,0.0,0,0.0,0.7930452744920082,0.003245855354315579,0.068271138884583,0.0
2010-03-22,0.22070212758719096,0,CALM,0.007314855496527,0.9984892917215747,0.0,0,0.0,0.772313385903261,0.0,0.4077250287945608,0.19175555368744243
2010-03-23,0.00307429542568921,0,CALM,0.0051281443699134,0.0079764184400521,0.0,0,0.0,0.7921847628751719,0.0019697564520044027,0.1000876900051916,0.0
2010-03-24,0.19477089638624093,0,CALM,0.0036059243434642,0.9602204118462716,0.0,0,0.0,0.7142346258849013,0.0,0.2196463144012314,0.0182533293112055
2010-03-25,0.22460689335517361,0,CALM,0.002570507278028,0.9978554284320468,0.0,0,0.0,0.7179286518456163,0.0,0.4642847816212899,0.2439318084925726
2010-03-26,0.000920705169006345,0,CALM,0.0018060021606241,0.0023460231442516,0.0,0,0.0,0.7378544695081714,0.0,0.1350708789683375,0.0
2010-03-29,0.012799077879156837,0,CALM,0.0012728307500571,0.0624043509582128,0.0,0,0.0,0.6908317546183174,0.0,0.1752676914874923,0.0
2010-03-30,0.019689253659738188,0,CALM,0.0009033603049386,0.0973170679175177,0.0,0,0.0,0.6914002958086912,0.0,0.1136760537954425,0.0
2010-03-31,0.05831270800236958,0,CALM,0.0006959875249792,0.2809319572742855,0.0,0,0.0,0.6914576785496793,0.0,0.2210228674671845,0.019523196662676844
2010-04-01,0.25460681572128646,0,CALM,0.006528041189013,0.9994602780295396,0.0,0,0.0,0.6628101695815415,0.0,0.7752835176641509,0.5308274981812529
2010-04-06,0.1277691535103101,0,CALM,0.0046660419817535,0.6143479522668619,0.0,0,0.0,0.6505019045250452,0.0,0.2403262484363424,0.03733052561499343
2010-04-07,0.001246201930260615,0,CALM,0.0032801131638515,0.0021308681964887,0.0,0,0.0,0.6539719801737354,0.0,0.0541636467750567,0.0
2010-04-08,0.03032082816208343,0,CALM,0.002311533844583,0.1487147235046884,0.0,0,0.0,0.6537259730229528,0.0,0.1538921936123988,0.0
2010-04-09,0.2309551729804921,0,CALM,0.0018193623140443,0.969152141014602,0.0,0,0.0,0.6566597427678614,0.0,0.5973660924168547,0.36669904199060593
2010-04-12,0.14294453238331986,0,CALM,0.0012894883333932,0.6889977575651924,0.0,0,0.0,0.6641898500301544,0.0,0.2521371825540778,0.04822608786933091
2010-04-13,0.00330653881115456,0,CALM,0.0009118668340068,0.0153928605132643,0.0,0,0.0,0.6666990147035369,0.0,0.1552801532497784,0.0
2010-04-14,0.0020612079749585985,0,CALM,0.0006452944097641,0.0059339754679608,0.0,0,0.0,0.689122874919663,0.0,0.2075894455657415,0.007130892789254134
2010-04-15,0.06494538496406471,0,CALM,0.0004625201597973,0.321510110153225,0.0,0,0.0,0.6809369638127494,0.0,0.2055801577421238,0.005277328934703864
2010-04-16,0.19655641409223837,0,CALM,0.0003660697320785,0.9823244832960936,0.0,0,0.0,0.7769879076480937,0.0,0.0585894809507548,0.0
2010-04-19,0.010055419792385596,0,CALM,0.0002737489142291,0.0499349128191416,0.0,0,0.0,0.7206837667967366,0.0,0.1902059192064895,0.0
2010-04-20,0.11576942167481043,0,CALM,0.0016358836343052,0.5768022538311706,0.0,0,0.0,0.7214428304554951,0.0,0.1905522251183162,0.0
2010-04-21,0.3033992712101156,0,CALM,0.1486299601751554,0.9999991012349542,0.0,0,0.0,0.7096393847480397,0.0,0.9179311128315304,0.6624196091933594
2010-04-22,0.2221570802723988,0,CALM,0.1094883900584742,0.9739249137889012,0.0,0,0.0,0.7701519693457443,0.0,0.0562741895284063,0.0
2010-04-23,0.16283622974544154,0,CALM,0.0767134577510047,0.7182893265384518,0.0,0,0.0,0.759606337402144,0.0,0.1541773369959146,0.0
2010-04-26,0.03745420302299732,0,CALM,0.0537250766647135,0.1201146692840947,0.0,0,0.0,0.7370915739454461,0.0,0.1510223313315482,0.0
2010-04-27,0.25852384372482495,0,CALM,0.0396203697245405,0.999999952325382,0.0,0,0.0,0.8492925896576621,0.08665802055521277,0.6329548398111248,0.39952958773092107
2010-04-28,0.2116267172871084,0,CALM,0.0278121810238404,0.9962782399851569,0.0,0,0.0,0.8273918520952172,0.054180240341169104,0.1530549829863693,0.0
2010-04-29,0.196958561350984,0,CALM,0.0194921635609907,0.9276893973220486,0.0,0,0.0,0.8350091967759177,0.06547640996326597,0.095620303519631,0.0
2010-04-30,0.21053199025352812,0,CALM,0.0137273860446049,0.9904289788533038,0.0,0,0.0,0.8466426744017942,0.08272831887185492,0.2078975959120416,0.007415160845306269
2010-05-03,0.20274604529492624,0,CALM,0.0136387666647201,0.954985916644306,0.0,0,0.0,0.8470900141390749,0.08339170299885001,0.174916308217851,0.0
2010-05-04,0.3633694047393523,0,CALM,0.3018931112646729,0.9999999999786188,0.0,0,0.0,0.9461316185586456,0.23026581859489004,0.9030539428202712,0.6486954506797128
2010-05-05,0.33548246002805976,0,CALM,0.4391693663718168,0.9964539150978036,0.0,0,0.0,0.9688751034911662,0.2639933541554485,0.0700259394283458,0.0
2010-05-06,0.3626976053358089,0,CALM,0.5412643711158758,0.9999725869637348,0.0,0,0.0,0.9755351882664768,0.27386995164093003,0.1082767898097128,0.0
2010-05-07,0.409352508872293,1,WATCH,0.6611425758819629,0.999998702284848,0.0,0,0.0,1.08801428365957,0.4406712444483271,0.0678156018501044,0.0
2010-05-10,0.7002375217075293,2,STRESS,0.7627998031173739,1.0,0.0,1,1.0,1.1923361265234675,0.5953757092818585,1.4157106594051416,1.0
2010-05-11,0.4800402875217109,1,WATCH,0.821961640059518,0.9999990839589096,0.0,0,0.0,1.1866874734250652,0.5869990181630226,0.3716772896273153,0.15850158898747255
2010-05-12,0.4597940142470825,1,WATCH,0.8296816654638807,0.9999419357612632,0.0,0,0.0,1.1441056247326504,0.5238521072885963,0.0800270673174398,0.0
2010-05-14,0.462449384798671,1,WATCH,0.7859511805577176,0.99999999510251,0.0,0,0.0,1.0651405292912304,0.40675052534346673,0.4739688928564008,0.252865381043929
2010-05-17,0.3793553824330912,0,CALM,0.578347657629285,0.9998939355640152,0.0,0,0.0,1.0254537100296222,0.3478968091296693,0.1653253739722031,0.0
2010-05-18,0.33652889972946254,0,CALM,0.4067295001501725,0.9910167321536966,0.0,0,0.0,1.037952396432565,0.36643178261180065,0.1619427187668996,0.0
2010-05-19,0.29382198555292466,0,CALM,0.2849002800485986,0.9973398010201208,0.0,0,0.0,0.946821953502749,0.23128955336750845,0.1319252704061442,0.0
2010-05-20,0.2740952940496058,0,CALM,0.1999989287139847,0.9999964186676302,0.0,0,0.0,0.953344900163385,0.24096278137583568,0.107495744743797,0.0
2010-05-21,0.2612732026494144,0,CALM,0.1402973940101186,0.9999955280047867,0.0,0,0.0,0.924226168244744,0.1977810495885477,0.2694709320527745,0.06421643587072615
2010-05-25,0.2733251844947555,0,CALM,0.0990735138620824,0.999999950805982,0.0,0,0.0,0.9329316138073496,0.2106908224599624,0.497830144467222,0.2748773362204228
2010-05-26,0.24205510845943556,0,CALM,0.069412520500823,0.9995153775075944,0.0,0,0.0,0.9000433708641828,0.16191908028056348,0.2931604293476002,0.08606994804654568
2010-05-27,0.23438724919292664,0,CALM,0.0486964369965944,0.999991711558472,0.0,0,0.0,0.7905606495370153,0.0,0.4406708183758631,0.22214797632083605
2010-05-28,0.18735686827969467,0,CALM,0.0341010217041451,0.8521654582811102,0.0,0,0.0,0.8474902349739968,0.08398521197436337,0.1633142088237748,0.0
2010-05-31,0.08028454608457981,0,CALM,0.023892097221152,0.227036400789942,0.0,0,0.0,0.985766434447072,0.2890424162130341,0.1597844184453997,0.0
2010-06-01,0.23542335333894515,0,CALM,0.0168432331074641,0.9999831528219162,0.0,0,0.0,0.9714721885647544,0.2678447111235264,0.247896897675272,0.044314433853432235
2010-06-02,0.23231856869268586,0,CALM,0.0118485537430518,0.9997101241084644,0.0,0,0.0,0.9590141795766698,0.24937006036503287,0.2483950669608181,0.04477399398726751
2010-06-03,0.24220355650735073,0,CALM,0.0083613150868881,0.9997830765445352,0.0,0,0.0,0.9506632636063604,0.23698603847096036,0.3782664608575402,0.16458008579625588
2010-06-04,0.22901326226473948,0,CALM,0.0060533580511457,0.9999974067535368,0.0,0,0.0,0.9517050651059183,0.23853098187904556,0.2393971477247496,0.036473432133411164
2010-06-07,0.22461273787770972,0,CALM,0.0043102556682853,0.9996180814565973,0.0,0,0.0,0.95007628522214,0.23611557669318928,0.17677568792727,0.0
2010-06-08,0.22278143126904099,0,CALM,0.0030902645408423,0.9997609178267388,0.0,0,0.0,0.9395912911116718,0.22056681568482653,0.1658789144309254,0.0
2010-06-09,0.2158724275950085,0,CALM,0.0022148607206259,0.9997026409586076,0.0,0,0.0,0.8945561881249237,0.15378184223130487,0.1891787083435556,0.0
2010-06-10,0.20292176545454646,0,CALM,0.0016362159969693,0.9999537928950364,0.0,0,0.0,0.8078627789961398,0.025219528762968697,0.1706694921960318,0.0
2010-06-11,0.18140466535312869,0,CALM,0.001161584152329,0.8721305440405023,0.0,0,0.0,0.8359567618201404,0.06688160506945957,0.1316840285317684,0.0
2010-06-14,0.2433274848333845,0,CALM,0.0008693612783167,0.9891318218961602,0.0,0,0.0,0.9306588668972852,0.2073204439776508,0.4660035376498406,0.24551735736808203
2010-06-15,0.23864072314064655,0,CALM,0.0007957945564178,0.9999984646508564,0.0,0,0.0,0.8945825016436079,0.15382086396169395,0.4498328719397005,0.23059995175201434
2010-06-16,0.21662522694662192,0,CALM,0.0005844596329066,0.9966326912418498,0.0,0,0.0,0.8961338371425196,0.15612142270900742,0.2165579452757232,0.015404315191245256
2010-06-17,0.18189818914839384,0,CALM,0.0004256536418918,0.8160993484664657,0.0,0,0.0,0.9160924085805998,0.18571906044627706,0.1486844660864636,0.0
2010-06-18,0.16988357127963258,0,CALM,0.0003178374230981,0.7116333714113554,0.0,0,0.0,0.976145068914427,0.2747743764158696,0.1938455498687608,0.0
2010-06-21,0.22495459262895776,0,CALM,0.0002427998288543,0.9915044542762212,0.0,0,0.0,0.9191185001476188,0.19020661418920407,0.2819446382288598,0.07572340397579504
2010-06-22,0.20753940653964564,0,CALM,0.0001858564205026,0.9580520177997408,0.0,0,0.0,0.8972344636090823,0.15775360082067433,0.2010212954608536,0.0010717879250437155
2010-06-23,0.17759982609266203,0,CALM,0.0001598616859255,0.8408735744210305,0.0,0,0.0,0.8541433393628207,0.09385145786974548,0.0725342296728084,0.0
2010-06-24,0.24029454740701794,0,CALM,0.0005072645202129,0.9999996843293746,0.0,0,0.0,0.8832386511942624,0.13699845875162514,0.486775538761529,0.2646794853592729
2010-06-25,0.18042256565075832,0,CALM,0.0006219024564094,0.8388156358420532,0.0,0,0.0,0.8751744547752732,0.1250396286824533,0.0910181630445171,0.0
2010-06-28,0.1643565439216812,0,CALM,0.0104432681939887,0.7530694314623724,0.0,0,0.0,0.8659218242306804,0.11131840580709529,0.0138819288306634,0.0
2010-06-29,0.37684648315672953,0,CALM,0.3073102877357921,1.0,0.0,0,0.0,0.7909840212730967,0.0001891122278149687,1.63807538601179,1.0
2010-06-30,0.24454314511273728,0,CALM,0.2187389857762903,0.9459062131880646,0.0,0,0.0,0.7756313886585902,0.0,0.2071999243888028,0.006771560310517725
2010-07-01,0.21856785457082395,0,CALM,0.153242622067244,0.9012859952700646,0.0,0,0.0,0.7741832404606738,0.0,0.0558924605363458,0.0
2010-07-02,0.23158784149964223,0,CALM,0.1072871358295804,0.9907638494506832,0.0,0,0.0,0.7745218199222247,0.0,0.2715483791577335,0.06613287652110493
2010-07-05,0.21893389861114737,0,CALM,0.0751174311205933,0.9099358318856896,0.0,0,0.0,0.7541175558404016,0.0,0.3967962138454263,0.18167374453861107
2010-07-06,0.21201213602314284,0,CALM,0.0526227599858608,0.9942822301333882,0.0,0,0.0,0.7582752743052446,0.0,0.1081928525779504,0.0
2010-07-07,0.2119165098873092,0,CALM,0.0369273229265552,0.9999655232823912,0.0,0,0.0,0.8090065882785056,0.02691574499192168,0.1727266359844527,0.0
2010-07-08,0.029838496595716857,0,CALM,0.0258594054200914,0.08503323063066,0.0,0,0.0,0.833791074595387,0.06366999114562004,0.1024958012925283,0.0
2010-07-09,0.03941074962217418,0,CALM,0.0181085604284517,0.1638722559913871,0.0,0,0.0,0.8050791819474749,0.02109158316783835,0.1992992127300644,0.0
2010-07-12,0.0807496782233901,0,CALM,0.0126881883090802,0.3592090952422051,0.0,0,0.0,0.829534791955849,0.057358120976790265,0.1883983060012879,0.0
2010-07-13,0.24265702327229818,0,CALM,0.0094357499616614,0.9999861179673566,0.0,0,0.0,0.7914329959368489,0.0008549208751009464,0.635799413438584,0.40215370100901393
2010-07-14,0.20037606207312444,0,CALM,0.0066249819991651,0.967259962491654,0.0,0,0.0,0.7547823140220711,0.0,0.2569633753772169,0.05267824075002375
2010-07-15,0.18807294195310184,0,CALM,0.0046590818477756,0.9345408574557896,0.0,0,0.0,0.7559119064670954,0.0,0.1118556129760433,0.0
2010-07-16,0.20257320298613007,0,CALM,0.0033159097834799,0.999822712585004,0.0,0,0.0,0.8028574316033209,0.017796830232592802,0.1747170767844769,0.0
2010-07-19,0.20386911855710843,0,CALM,0.0023403400293932,0.9942688662551866,0.0,0,0.0,0.7716193365955266,0.0,0.2478840728592568,0.04430260298722797
2010-07-20,0.2028306762951645,0,CALM,0.0016934151690783,0.9998600223896118,0.0,0,0.0,0.8036991553151261,0.019045067541268532,0.2056135277615138,0.005308112708456879
2010-07-21,0.20253836350854848,0,CALM,0.0013469680238473,0.9835452822309318,0.0,0,0.0,0.7983991286723608,0.011185373321313195,0.2472745042875381,0.04374027724268967
2010-07-22,0.25784384060220433,0,CALM,0.0118297455583885,0.9999999959413244,0.0,0,0.0,0.8441156518428263,0.0789808613703859,0.7092190773638195,0.46988318887303726
2010-07-23,0.12581572890883147,0,CALM,0.0083886238498125,0.5886518894138248,0.0,0,0.0,0.8312366857015828,0.059881950636133836,0.1731056784261164,0.0
2010-07-26,0.2205823353386207,0,CALM,0.0058948186648496,0.9976937600874148,0.0,0,0.0,0.830358144597403,0.0585791148385174,0.3484990074633207,0.13711967171073605
2010-07-27,0.155862271736164,0,CALM,0.004135869769984,0.703998529309645,0.0,0,0.0,0.8608219205514609,0.10375548468015978,0.2394590096564365,0.03653049963723001
2010-07-28,0.13421323815972566,0,CALM,0.0029058715928692,0.6130634408159689,0.0,0,0.0,0.8641836817713676,0.10874082098314579,0.1642171692738807,0.0
2010-07-29,0.2140004443894946,0,CALM,0.0020616030807834,0.994740799121954,0.0,0,0.0,0.8636700464923929,0.10797912363605157,0.2403904097707166,0.037389714313027546
2010-07-30,0.21163883807993597,0,CALM,0.0019905878763248,0.993591919582848,0.0,0,0.0,0.8608144173406688,0.1037443577658122,0.2220640812032219,0.020483714177039383
2010-08-02,0.27555965529141635,0,CALM,0.0320405918465915,0.999999891291761,0.0,0,0.0,0.8616397991222872,0.10496836074834397,0.8183182287119791,0.5705269299658186
2010-08-03,0.1813758487947889,0,CALM,0.0227642416922512,0.7626548240340157,0.0,0,0.0,0.874674257069895,0.12429785863509651,0.3161094553770579,0.10724037701413273
2010-08-04,0.20744296665437081,0,CALM,0.0159546606212199,0.9682921725177024,0.0,0,0.0,0.8541007383880251,0.09378828259574523,0.2043802183804252,0.0041703873595083
2010-08-05,0.13035930632218767,0,CALM,0.0112575992714485,0.6314867598709907,0.0,0,0.0,0.7728836287184047,0.0,0.2133831198367987,0.012475545301274121
2010-08-06,0.20276484590370958,0,CALM,0.017574493808123,0.991856112258394,0.0,0,0.0,0.7691796985780295,0.0,0.1022733887006948,0.0
2010-08-09,0.3692717063940314,0,CALM,0.3122640914314225,0.9999999676639716,0.0,0,0.0,0.7440632747911278,0.0,1.1885412499332486,0.9120569000338149
2010-08-10,0.10388079674754326,0,CALM,0.2948445825392836,0.1508482555636118,0.0,0,0.0,0.7350867056857634,0.0,0.1378606718618678,0.0
2010-08-11,0.3368191437474366,0,CALM,0.3103043709836687,0.999999446311892,0.0,0,0.0,0.7351238171622122,0.0,0.8420632006568877,0.59243161739141
2010-08-12,0.16174329131552076,0,CALM,0.2183206887049376,0.5358155956964318,0.0,0,0.0,0.7440680000228468,0.0,0.1811822330720874,0.0
2010-08-13,0.24631806747802157,0,CALM,0.153174671085852,0.9996351126424742,0.0,0,0.0,0.7609719296002467,0.0,0.2876361066257462,0.08097377178063721
2010-08-16,0.20279398339549645,0,CALM,0.1124997569787727,0.8733452207540163,0.0,0,0.0,0.7013867514192942,0.0,0.1483230863877113,0.0
2010-08-17,0.3853679414570294,0,CALM,0.3786696636533699,0.9999996225984452,0.0,0,0.0,0.7473752609188776,0.0,1.1830660183482795,0.9070060102399785
2010-08-18,0.10247439373841354,0,CALM,0.2675634511689082,0.1701791193940749,0.0,0,0.0,0.7011423939092415,0.0,0.2166368131845192,0.015477070673715164
2010-08-19,0.25660776417794356,0,CALM,0.1874403222831931,0.9998714116381614,0.0,0,0.0,0.7474907176277497,0.0,0.3058044303706488,0.09773401279513028
2010-08-20,0.09653645273782731,0,CALM,0.1312495809933668,0.318620287447428,0.0,0,0.0,0.6493294136127333,0.0,0.0351963276274251,0.0
2010-08-23,0.14340785022542368,0,CALM,0.0918912529830992,0.5980750864021265,0.0,0,0.0,0.6434472459820164,0.0,0.2087485855163398,0.00820019699223575
2010-08-24,0.20014993012011018,0,CALM,0.0643473758297945,0.9203154308133076,0.0,0,0.0,0.6482225493725313,0.0,0.1937169740850823,0.0
2010-08-25,0.20398395399183872,0,CALM,0.0450754136448695,0.9635755029031068,0.0,0,0.0,0.6479720616557924,0.0,0.1616568104574925,0.0
2010-08-26,0.07239058951426237,0,CALM,0.0315665352309602,0.3182904116517869,0.0,0,0.0,0.646838166839346,0.0,0.2089746421426226,0.008408733761649386
2010-08-27,0.1354715104134872,0,CALM,0.0221340320678335,0.6496900119826441,0.0,0,0.0,0.6513064598083611,0.0,0.0601962508920997,0.0
2010-08-30,0.04340196132850648,0,CALM,0.0155100430796767,0.1976222527929365,0.0,0,0.0,0.6509784247611631,0.0,0.1317665391978504,0.0
2010-08-31,0.20626088339213905,0,CALM,0.0108888865525594,0.9934215251450208,0.0,0,0.0,0.6611973883190899,0.0,0.2524813344170755,0.04854356724995051
2010-09-01,0.2101814556730507,0,CALM,0.0077019832203823,0.9999629400982676,0.0,0,0.0,0.7061027732048306,0.0,0.2894355108862231,0.08263371848301586
2010-09-02,0.03030437742458716,0,CALM,0.0054016776932752,0.1447697900063418,0.0,0,0.0,0.722310001205082,0.0,0.1370909443867806,0.0
2010-09-03,0.16934154809559918,0,CALM,0.003799539960145,0.8419583155278145,0.0,0,0.0,0.7111115938504013,0.0,0.1375322874211222,0.0
2010-09-06,0.22563584382970456,0,CALM,0.0027474928046875,0.9553230256673816,0.0,0,0.0,0.746892680806606,0.0,0.5671704830968319,0.33884365495056357
2010-09-07,0.03908879581846527,0,CALM,0.0019332979654189,0.1930273566355527,0.0,0,0.0,0.745911020700337,0.0,0.1386082596717288,0.0
2010-09-08,0.1345602694923703,0,CALM,0.0013843240796168,0.6710709423623304,0.0,0,0.0,0.736469274249014,0.0,0.0291415830032584,0.0
2010-09-09,0.18303859233796585,0,CALM,0.0009899044448513,0.9139555811337652,0.0,0,0.0,0.7404129704206396,0.0,0.1107512932156999,0.0
2010-09-10,0.0052754943152547,0,CALM,0.0006994064064851,0.0158257739998324,0.0,0,0.0,0.803908070530389,0.01935487913666945,0.1562229963249744,0.0
2010-09-13,0.18458086570434507,0,CALM,0.0004998978370714,0.8688904885491487,0.0,0,0.0,0.7872142161745844,0.0,0.3156081624771008,0.10677793535247458
2010-09-14,0.06719421235025944,0,CALM,0.0003571816531174,0.3102423471622624,0.0,0,0.0,0.8060643824110957,0.022552589859189207,0.2302247185103519,0.028011885186086726
2010-09-15,0.09386976644854232,0,CALM,0.0002605789810227,0.4690231085164332,0.0,0,0.0,0.7727336213243048,0.0,0.1327306921196794,0.0
2010-09-16,0.007186639785960196,0,CALM,0.0001893039720389,0.008312605074837,0.0,0,0.0,0.8277881472939053,0.0547679277798307,0.1446154405912627,0.0
2010-09-17,0.21492680534377245,0,CALM,0.0001838751759331,0.9999589953159989,0.0,0,0.0,0.8390489225519037,0.0714671363259462,0.2837872814609946,0.07742323853994783
2010-09-20,0.22312243082462108,0,CALM,0.0001497648317265,0.9898432353586964,0.0,0,0.0,0.8386872217639325,0.07093075079730914,0.3952340749589481,0.18023267465219228
2010-09-21,0.214582150092289,0,CALM,0.0001219168693631,0.9838213058311416,0.0,0,0.0,0.8388443450559521,0.07116375736752935,0.3155348879138364,0.10671033971966958
2010-09-22,0.24024261450531667,0,CALM,0.0002934328317889,0.9999771731637064,0.0,0,0.0,0.8376274720242466,0.06935919097977909,0.5601627391376586,0.3323790256665023
2010-09-23,0.21102213760589125,0,CALM,0.0002622063746565,0.9990672408204638,0.0,0,0.0,0.8659980050802992,0.11143137848134353,0.1306782102991208,0.0
2010-09-24,0.22769576053346768,0,CALM,0.0002472000130276,0.9999723164844916,0.0,0,0.0,0.8974040635523465,0.15800510968725665,0.3281956458066191,0.11838986264586789
2010-09-27,0.07863267441396816,0,CALM,0.0001861104406899,0.3100316114565684,0.0,0,0.0,0.902659207619516,0.16579824512482014,0.1306318231424532,0.0
2010-09-28,0.2167621623547254,0,CALM,0.0001514203643456,0.9923315272264368,0.0,0,0.0,0.903490258650394,0.16703065534162456,0.216715178854471,0.015549362841891831
2010-09-29,0.203817283778153,0,CALM,0.0001474991025123,0.9402885539589708,0.0,0,0.0,0.8968793488764587,0.1572269821073075,0.042321020488169,0.0
2010-09-30,0.21098859417198862,0,CALM,0.0001392712791712,0.9996507332295576,0.0,0,0.0,0.8520630194445525,0.09076643971052745,0.2209650469466957,0.01946985735231544
2010-10-01,0.20649080707434414,0,CALM,0.000116325830214,0.9878680475370416,0.0,0,0.0,0.8507917197453607,0.08888116109382306,0.1799904324358265,0.0
2010-10-04,0.21645787410586212,0,CALM,9.627963018745864e-05,0.970793244842293,0.0,0,0.0,0.8532047045786374,0.0924595059258878,0.3410977709629946,0.13029204637267855
2010-10-05,0.21686873826043174,0,CALM,0.0001035975885705,0.9998607760121672,0.0,0,0.0,0.8323554114244173,0.06154096910719752,0.3160286860761289,0.1071658675013593
2010-10-06,0.03502763110133822,0,CALM,8.061550008143348e-05,0.0999845873529363,0.0,0,0.0,0.8783743254448891,0.12978488879183697,0.2218873811732509,0.020320708765468983
2010-10-07,0.20886205807238886,0,CALM,7.183776621786959e-05,0.9783559844651412,0.0,0,0.0,0.8730480360977623,0.12188624819678127,0.2105291555737228,0.00984276918127997
2010-10-08,0.07116345328516521,0,CALM,5.961604770417931e-05,0.2818733626223824,0.0,0,0.0,0.8904811622715773,0.1477387674876269,0.1991958197775699,0.0
2010-10-11,0.02316231715702262,0,CALM,5.8256431010541655e-05,0.0064082535631324,0.0,0,0.0,0.9383061584105284,0.21866102336643503,0.1539526531162449,0.0
2010-10-12,0.2340104420186203,0,CALM,0.000556986406087,0.993616748651766,0.0,0,0.0,0.9336497805954356,0.21175583056911754,0.3513206447894128,0.13972262629833587
2010-10-13,0.2788566479721656,0,CALM,0.020680577455007,0.9999996788960666,0.0,0,0.0,0.9167344424478004,0.18667116695727745,0.7962776170115206,0.5501945113347281
2010-10-14,0.12310703821027977,0,CALM,0.0147399429071027,0.4685102411310304,0.0,0,0.0,0.942588779621122,0.22501195241716107,0.2347517801349166,0.032188090155818985
2010-10-15,0.1506985163459792,0,CALM,0.0103315270263363,0.6684254312499528,0.0,0,0.0,0.8881659962283533,0.1443054833940455,0.191148529432801,0.0
2010-10-18,0.19166166832551051,0,CALM,0.0072432048932635,0.9120024379304612,0.0,0,0.0,0.8326446823199811,0.06196994445753242,0.2134463236667821,0.012533850703491431
2010-10-19,0.1518229878255409,0,CALM,0.0050803954378406,0.7226946201316149,0.0,0,0.0,0.8314104596758926,0.06013964939757785,0.178175506637926,0.0
2010-10-20,0.22438029174113788,0,CALM,0.0035776752726367,0.9898173835232436,0.0,0,0.0,0.8345910758203282,0.06485635593724053,0.4062204753436792,0.19036760624605906
2010-10-21,0.1790207007190191,0,CALM,0.0025223834706433,0.8614720216510316,0.0,0,0.0,0.8319616271220142,0.06095700521151943,0.0971831064817913,0.0
2010-10-22,0.017280413392251084,0,CALM,0.001772328501369,0.0741848541368769,0.0,0,0.0,0.8043455253547803,0.02000360439533453,0.1897395166043544,0.0
2010-10-25,0.20109441901416897,0,CALM,0.0012539681296089,0.9363183660154588,0.0,0,0.0,0.7460672632890876,0.0,0.3463882884423306,0.13517253778674956
2010-10-26,0.06874434332160592,0,CALM,0.0008855048977268,0.3261639246695083,0.0,0,0.0,0.7478245808659766,0.0,0.2355254745303704,0.032901821632725675
2010-10-27,0.10685502302494598,0,CALM,0.0006316021617522,0.5334856124225397,0.0,0,0.0,0.7384987701523789,0.0,0.1360294022680835,0.0
2010-10-28,0.02131913623170819,0,CALM,0.0004493399481379,0.0981783846022154,0.0,0,0.0,0.7273159467900091,0.0,0.216890659357415,0.015711243242306373
2010-10-29,0.02035358536178599,0,CALM,0.0003267889810734,0.1013594405825882,0.0,0,0.0,0.6483858687286417,0.0,0.1696109074863479,0.0
2010-11-01,0.19111649340301293,0,CALM,0.0002536800424302,0.9552653669620268,0.0,0,0.0,0.6530282247992796,0.0,0.1986812847455441,0.0
2010-11-02,0.21249545963493446,0,CALM,0.0002073566562486,0.9746838052886672,0.0,0,0.0,0.6560094677240772,0.0,0.3896361431233871,0.17506859413138867
2010-11-03,0.18150203470434725,0,CALM,0.0001768060052496,0.878452820628559,0.0,0,0.0,0.591836513173209,0.0,0.2623774255016088,0.05767269077323037
2010-11-04,0.020936634575350777,0,CALM,0.0001541887386375,0.104490436953457,0.0,0,0.0,0.5591428051086281,0.0,0.166325448224771,0.0
2010-11-05,0.05054556412897132,0,CALM,0.0001462523583617,0.2525450051969045,0.0,0,0.0,0.550413922691504,0.0,0.1694857262349868,0.0
2010-11-08,0.01639172340600064,0,CALM,0.0001223772837102,0.0175861473660511,0.0,0,0.0,0.5967964755204876,0.0,0.3390890398891372,0.12843899611862872
2010-11-09,0.07029631977945218,0,CALM,0.0001605194144866,0.3512809496291527,0.0,0,0.0,0.505735437550363,0.0,0.1845100848654997,0.0
2010-11-10,0.017292142255950712,0,CALM,0.0001917287481007,0.0862210503446277,0.0,0,0.0,0.5093980370238886,0.0,0.1171079854676227,0.0
2010-11-11,0.00443646308253503,0,CALM,0.0002356956531638,0.0218876958462204,0.0,0,0.0,0.4957543604266335,0.0,0.078029220993657,0.0
2010-11-12,0.19806828735841672,0,CALM,0.0002701832323536,0.9900037077516416,0.0,0,0.0,0.5763703458732857,0.0,0.1635233108386478,0.0
2010-11-15,0.11315116474269259,0,CALM,0.0002795454737677,0.5654063918712533,0.0,0,0.0,0.6023726820349465,0.0,0.0479235161077239,0.0
2010-11-16,0.23545894386326666,0,CALM,0.0006071246842937,0.9988300531678428,0.0,0,0.0,0.6024342356700069,0.0,0.5851302693774016,0.3554115205862465
2010-11-17,0.09148721771908944,0,CALM,0.0004540426225118,0.4086344381718811,0.0,0,0.0,0.6085946556087395,0.0,0.3044322663088004,0.09646819429085261
2010-11-18,0.2235423876236814,0,CALM,0.0004478324650039,0.9663428066838948,0.0,0,0.0,0.6157424899240126,0.0,0.5268181179543262,0.3016186817065143
2010-11-19,0.12058563455946647,0,CALM,0.0004895048472723,0.5797385934736996,0.0,0,0.0,0.6061905134686201,0.0,0.2488085123791072,0.0451553965290847
2010-11-22,0.14728437048359394,0,CALM,0.0076426810074337,0.7268685011586775,0.0,0,0.0,0.6095053744854212,0.0,0.0609844737055641,0.0
2010-11-23,0.2980667780991405,0,CALM,0.1402400816208491,0.9999988203799436,0.0,0,0.0,0.6130579810347614,0.0,0.8828636378560089,0.630069936179395
2010-11-24,0.13245838302246984,0,CALM,0.1015224869839271,0.5353888063824404,0.0,0,0.0,0.6002217516396041,0.0,0.1652606299183915,0.0
2010-11-25,0.05916307217193422,0,CALM,0.0711284153206602,0.1749079959669138,0.0,0,0.0,0.6167926018411553,0.0,0.2692294741805774,0.06399369148386407
2010-11-26,0.17063382489426648,0,CALM,0.0498216718118416,0.7707868371054373,0.0,0,0.0,0.5889684573458059,0.0,0.2434480652979242,0.04021039520218631
2010-11-29,0.21533169426731796,0,CALM,0.0349660257146566,0.9999693850545516,0.0,0,0.0,0.7043441506182663,0.0,0.271364348127993,0.06596310827743514
2010-11-30,0.11775020254841947,0,CALM,0.0245053788986318,0.5581192891188076,0.0,0,0.0,0.697371212007817,0.0,0.0829560910805962,0.0
2010-12-01,0.24082151461938478,0,CALM,0.0175013935393809,0.9999226173743524,0.0,0,0.0,0.6982667926840934,0.0,0.5951085107680152,0.3646164275966907
2010-12-02,0.1962697912437428,0,CALM,0.0123374338427152,0.96592716391532,0.0,0,0.0,0.7390828704241619,0.0,0.0135946247793338,0.0
2010-12-03,0.09458461959094172,0,CALM,0.0086453198963565,0.4569714727334853,0.0,0,0.0,0.7439341977522225,0.0,0.2110139062778491,0.010289950701555433
2010-12-06,0.017221264952232355,0,CALM,0.0060616891058687,0.0785292133788259,0.0,0,0.0,0.7569157453333041,0.0,0.0979903701041706,0.0
2010-12-07,0.07878013692008123,0,CALM,0.0042664512331246,0.3885676205590004,0.0,0,0.0,0.6578872238721546,0.0,0.0873911591500219,0.0
2010-12-08,0.12397449809699247,0,CALM,0.0030175912473019,0.616100501425835,0.0,0,0.0,0.660825921908964,0.0,0.0704397820337715,0.0
2010-12-09,0.17459437887597395,0,CALM,0.0021294729873308,0.7875505557193044,0.0,0,0.0,0.6852261419786099,0.0,0.379284250738463,0.16551899485280352
2010-12-10,0.004004480150921684,0,CALM,0.0014965276955137,0.0143276172538454,0.0,0,0.0,0.7676401132412453,0.0,0.2081502652246731,0.007648247762741795
2010-12-13,0.00459201730121585,0,CALM,0.0010537846639678,0.0216428556761195,0.0,0,0.0,0.7730235648581866,0.0,0.1730034258638946,0.0
2010-12-14,0.031076234799950697,0,CALM,0.0007445138145527,0.1048824487396672,0.0,0,0.0,0.8077028271914285,0.024982327639333436,0.2802432082491622,0.07415383834445735
2010-12-15,0.04462707856218836,0,CALM,0.0005281835549132,0.1784911059273334,0.0,0,0.0,0.8321149329146147,0.06118435060677945,0.2288934191379416,0.026783764273154386
2010-12-16,0.03938659108499018,0,CALM,0.0003773822614649,0.1479993364419086,0.0,0,0.0,0.8502174346753352,0.08802952291354188,0.2095009583785309,0.008894259398880429
2010-12-17,0.23549906130352766,0,CALM,0.0003215438301551,0.9986397886431227,0.0,0,0.0,0.8443004062959947,0.07925484367378817,0.500838277271042,0.27765233249985505
2010-12-20,0.18488480026846632,0,CALM,0.0002365187153694,0.8818667281121231,0.0,0,0.0,0.8443020664210648,0.07925730556243463,0.2055678164405376,0.005265944109558656
2010-12-21,0.1069057686232891,0,CALM,0.000174295181143,0.4497380487592822,0.0,0,0.0,0.8392183320966349,0.07171836284031603,0.3054721533382679,0.09742748792115301
2010-12-22,0.023721759102666225,0,CALM,0.0001351142567779,0.002387562277166,0.0,0,0.0,0.9473716183051696,0.2321046808303855,0.1359676325693117,0.0
2010-12-23,0.055610288997907015,0,CALM,0.0001083477712702,0.157419431540403,0.0,0,0.0,0.9533653836713102,0.24099315747008865,0.1768075240998385,0.0
2010-12-27,0.18846271752164578,0,CALM,9.94278102598306e-05,0.8220924134159814,0.0,0,0.0,0.9528263387900872,0.24019377885884555,0.1224790047708378,0.0
2010-12-28,0.0306032538407598,0,CALM,8.699626357302848e-05,0.0187607454877339,0.0,0,0.0,0.9717748585968412,0.2682935567731976,0.1129818209352032,0.0
2010-12-29,0.010301640417304605,0,CALM,6.75934446744012e-05,0.0081428874704962,0.0,0,0.0,0.8492276011596265,0.08656164562036762,0.175921827736966,0.0
2010-12-30,0.22217473105388488,0,CALM,6.819669877367734e-05,0.9952791692198906,0.0,0,0.0,0.8328592400083412,0.0622881235793964,0.3827654096891577,0.16873035677273696
2011-01-03,0.16755272182077532,0,CALM,5.722849693916437e-05,0.8117462321421761,0.0,0,0.0,0.8090124355773928,0.026924416265551743,0.226924311346996,0.02496726641550126
2011-01-04,0.10608602547200793,0,CALM,5.092998893227269e-05,0.5223061126982748,0.0,0,0.0,0.6938734130413234,0.0,0.2173345206348798,0.016120704351199142
2011-01-05,0.21424873788350318,0,CALM,6.764752570577397e-05,0.999596101565728,0.0,0,0.0,0.7658311792784924,0.0,0.3550100087291484,0.1431260568893114
2011-01-06,0.1989692216175375,0,CALM,5.941436975909334e-05,0.9436034572473352,0.0,0,0.0,0.7720488278338604,0.0,0.3107938756801854,0.10233676575630686
2011-01-07,0.01053233684748577,0,CALM,5.657606072228741e-05,0.052590964161526,0.0,0,0.0,0.7465993371809169,0.0,0.0717402643458546,0.0
2011-01-10,0.23074178529616998,0,CALM,0.0003753868459679,0.9960407131749912,0.0,0,0.0,0.6999737238930022,0.0,0.5406710247185628,0.31439795949679733
2011-01-11,0.02199542362448447,0,CALM,0.0032160182691342,0.1059570952860046,0.0,0,0.0,0.7013695333837892,0.0,0.1476739872711226,0.0
2011-01-12,0.37556280319709845,0,CALM,0.3022512127883939,1.0,0.0,0,0.0,0.7692402601862596,0.0,1.7626051537483824,1.0
2011-01-13,0.4278939622233682,1,WATCH,0.5115758489518758,0.999999999926996,0.0,0,0.0,0.7586232855749144,0.0,1.579090322159793,1.0
2011-01-14,0.12824836267314568,0,CALM,0.3610475387560687,0.1899323899206425,0.0,0,0.0,0.7430302565244209,0.0,0.116779144587682,0.0
2011-01-17,0.06366807827341749,0,CALM,0.2527640935238459,0.0023852744622801,0.0,0,0.0,0.7772769263357733,0.0,0.0704144920773193,0.0
2011-01-18,0.23967736814140836,0,CALM,0.1769593425955767,0.8576444041578488,0.0,0,0.0,0.7786433564424332,0.0,0.4590324209007547,0.2390865166094441
2011-01-19,0.25615850227255166,0,CALM,0.1239165755575135,0.9843296911243488,0.0,0,0.0,0.776016708854384,0.0,0.5067806961267299,0.28313420158303565
2011-01-20,0.04617417367840784,0,CALM,0.0867497756305373,0.1224336488538676,0.0,0,0.0,0.7681308873590965,0.0,0.1505640878675953,0.0
2011-01-21,0.20893980435908885,0,CALM,0.0607444755490072,0.9579122158147076,0.0,0,0.0,0.8054978328556052,0.02171242308895506,0.1183963256172698,0.0
2011-01-24,0.05188643802629324,0,CALM,0.0425305712194906,0.2062689761071029,0.0,0,0.0,0.6949461167640245,0.0,0.1929806191973221,0.0
2011-01-25,0.15558369155533952,0,CALM,0.0297840546129568,0.7302543905903414,0.0,0,0.0,0.6844195964756498,0.0,0.2224806497954233,0.020867997840320233
2011-01-26,0.05538138121594145,0,CALM,0.0208583914450027,0.2195122084038727,0.0,0,0.0,0.6854776728417958,0.0,0.267765758432988,0.06264341673916231
2011-01-27,0.04901108152574936,0,CALM,0.0146301004947715,0.2267677820102824,0.0,0,0.0,0.6615031264793976,0.0,0.0428480824397383,0.0
2011-01-28,0.020311875528777272,0,CALM,0.0102843895687899,0.088703890682899,0.0,0,0.0,0.6014534122818485,0.0,0.0367670578835193,0.0
2011-01-31,0.16379113817698734,0,CALM,0.0072245858053989,0.7982655019291529,0.0,0,0.0,0.6084361242411733,0.0,0.225137474794904,0.023318913398070584
2011-02-01,0.14964101690066509,0,CALM,0.0050790319248657,0.7031587000385419,0.0,0,0.0,0.608829787827849,0.0,0.2837568755146115,0.07739518911740287
2011-02-02,0.00259200936366323,0,CALM,0.0035650185621466,0.0085037736156329,0.0,0,0.0,0.6422419531556335,0.0,0.1885944850463009,0.0
2011-02-03,0.014804456809310541,0,CALM,0.0025119420927284,0.0657294642417539,0.0,0,0.0,0.5955288301493571,0.0,0.2110310701930583,0.010305784377776621
2011-02-04,0.00225995091024936,0,CALM,0.0017712962747448,0.0090856342078158,0.0,0,0.0,0.6106874415807987,0.0,0.1696627137558272,0.0
2011-02-07,0.0020403600417912204,0,CALM,0.0012570112499988,0.0086305361464576,0.0,0,0.0,0.6146790830724193,0.0,0.0926661977284906,0.0
2011-02-08,0.0007795916261307001,0,CALM,0.0008926021762376,0.0027822054103565,0.0,0,0.0,0.6398116453684985,0.0,0.0830891676825025,0.0
2011-02-09,0.0034580573517213604,0,CALM,0.0006336655130856,0.0118898923062831,0.0,0,0.0,0.6612028533980352,0.0,0.2098504071015905,0.0092166251219334
2011-02-10,0.21246840101459008,0,CALM,0.0005054405997977,0.9611850780007004,0.0,0,0.0,0.5826930585878843,0.0,0.4178006058478019,0.20105025264500562
2011-02-11,0.1458258289719921,0,CALM,0.0003807176221214,0.7286532478323086,0.0,0,0.0,0.6069056064840755,0.0,0.1929692572673588,0.0
2011-02-14,0.016229855910079728,0,CALM,0.0002853148228794,0.0807926360217994,0.0,0,0.0,0.6061517389990697,0.0,0.1503765636679128,0.0
2011-02-15,0.000593647763035415,0,CALM,0.0002368954142599,0.0026721195473522,0.0,0,0.0,0.5547304163867592,0.0,0.0438346625343128,0.0
2011-02-16,0.0012501825120753902,0,CALM,0.000205946672089,0.0059934792202657,0.0,0,0.0,0.5401864895244042,0.0,0.0812037492585558,0.0
2011-02-17,0.011529763790987267,0,CALM,0.000174024546558,0.0427960884423536,0.0,0,0.0,0.5403092217704868,0.0,0.2315889649049945,0.029270399658770454
2011-02-18,0.009537302500783853,0,CALM,0.0001598322670539,0.0425734303333705,0.0,0,0.0,0.5402617537315203,0.0,0.2105116102683931,0.009826583673462778
2011-02-21,0.22499392730455578,0,CALM,0.0004337146758766,0.9959099084975142,0.0,0,0.0,0.5163611626639756,0.0,0.4784889987441265,0.2570351693608378
2011-02-22,0.000859893189483115,0,CALM,0.0003459196434747,0.0038670663930722,0.0,0,0.0,0.5295848000988364,0.0,0.1347537994915288,0.0
2011-02-23,0.00196485120068577,0,CALM,0.0003138445399238,0.0094319503285241,0.0,0,0.0,0.5217985285888983,0.0,0.0470591947024043,0.0
2011-02-24,0.0020613905431493,0,CALM,0.0002597739115528,0.0099822353263055,0.0,0,0.0,0.5212996541046667,0.0,0.15585481462673,0.0
2011-02-25,0.002441256983433795,0,CALM,0.0002487629415167,0.0118953312402731,0.0,0,0.0,0.4937411536538799,0.0,0.1312896536088974,0.0
2011-02-28,0.08742110631799588,0,CALM,0.0002776985288679,0.4367584084288945,0.0,0,0.0,0.5302396743340161,0.0,0.0889921675276004,0.0
2011-03-01,0.13008473876746432,0,CALM,0.0002854347775754,0.6500669003653523,0.0,0,0.0,0.5873006237525523,0.0,0.0415223795724046,0.0
2011-03-02,0.007490876970039564,0,CALM,0.0002190492142747,0.036847127835967,0.0,0,0.0,0.584446873196418,0.0,0.2005823818114367,0.0006668909927748935
2011-03-03,0.16705812916756346,0,CALM,0.0001858995644088,0.8154784239898801,0.0,0,0.0,0.5830828096353833,0.0,0.2423090920979253,0.039159694784852234
2011-03-04,0.09639825473866574,0,CALM,0.0001660788531936,0.4817836751268367,0.0,0,0.0,0.6083518390357645,0.0,0.098938743154081,0.0
2011-03-07,0.18762074753407168,0,CALM,0.0001450731121024,0.9253708956978351,0.0,0,0.0,0.6164149480190143,0.0,0.2270714496170476,0.0251030011647905
2011-03-08,0.1899309102557675,0,CALM,0.0001268519845162,0.9253522009125568,0.0,0,0.0,0.6242830191307521,0.0,0.2522038308359404,0.04828757077127074
2011-03-09,0.0039490991875127,0,CALM,0.0001117399674072,0.0196058209783045,0.0,0,0.0,0.587255882667187,0.0,0.1101201382382042,0.0
2011-03-10,0.04195309820145398,0,CALM,0.0001132219953417,0.2008799446731011,0.0,0,0.0,0.5424365777610685,0.0,0.2188167281140601,0.017488037679983325
2011-03-11,0.00058426495751746,0,CALM,0.0001010617056644,0.0027949976555068,0.0,0,0.0,0.578780866510634,0.0,0.0907843473830532,0.0
2011-03-14,0.025189738962649408,0,CALM,0.0001195338378425,0.1257992775159439,0.0,0,0.0,0.5756873744438876,0.0,0.0653663073695689,0.0
2011-03-15,0.20539723046860228,0,CALM,0.0001508986365472,0.9997822357412224,0.0,0,0.0,0.689035119749124,0.0,0.2584293362436528,0.054030586612210045
2011-03-16,0.22319382169979243,0,CALM,0.0002827580013993,0.999996634755702,0.0,0,0.0,0.7558988500579304,0.0,0.4505245816026331,0.23123805248302187
2011-03-17,0.19322655182879203,0,CALM,0.0003440077688375,0.9657027494329132,0.0,0,0.0,0.7616067205814246,0.0,0.1192626673542505,0.0
2011-03-18,0.21026338908228343,0,CALM,0.00537038352062,0.9932057292479436,0.0,0,0.0,0.7459533632527104,0.0,0.3112922050043075,0.10279647352539695
2011-03-21,0.37593981711610847,0,CALM,0.303759268464434,1.0,0.0,0,0.0,0.7319189588391062,0.0,1.980893521133381,1.0
2011-03-22,0.12448048875121792,0,CALM,0.2150745113611559,0.3535593045546447,0.0,0,0.0,0.7381496404798262,0.0,0.1926387770831228,0.0
2011-03-23,0.05261048861231235,0,CALM,0.1505868947887934,0.07481882457557,0.0,0,0.0,0.7085565124497852,0.0,0.1149766562996312,0.0
2011-03-24,0.2301595990262861,0,CALM,0.1054331553641207,0.9946965236196162,0.0,0,0.0,0.7160143740405488,0.0,0.2525642477343131,0.048620054613326726
2011-03-25,0.021035298836550587,0,CALM,0.0738101944198201,0.0129137511579778,0.0,0,0.0,0.7424933101856884,0.0,0.1410528766086674,0.0
2011-03-28,0.01572447157091099,0,CALM,0.0516736284925106,0.0140303222389167,0.0,0,0.0,0.7859175327195387,0.0,0.1480538122261087,0.0
2011-03-29,0.20382151938252274,0,CALM,0.0361885879163167,0.9446545986719675,0.0,0,0.0,0.7782612683814287,0.0,0.2632032657489828,0.05843452669050039
2011-03-30,0.2412531065639771,0,CALM,0.0258850378644507,0.9926256918921844,0.0,0,0.0,0.7836500905094728,0.0,0.5928869985676599,0.3625670871942754
2011-03-31,0.20286766856716776,0,CALM,0.0217980713262121,0.908494516700522,0.0,0,0.0,0.7777045746184108,0.0,0.370258191554272,0.157192473955103
2011-04-01,0.3430214602207725,0,CALM,0.276731996688069,0.9999982177168876,0.0,0,0.0,0.7883554120124948,0.0,1.0002820466751732,0.7383881750537772
2011-04-04,0.06090646584082275,0,CALM,0.1954280772219985,0.0062229614493834,0.0,0,0.0,0.8637168576757291,0.10804854245446442,0.1822819032914125,0.0
2011-04-05,0.16495172817289933,0,CALM,0.1368264733377569,0.5396460187820225,0.0,0,0.0,0.8728132910361197,0.121538132134634,0.3154379651663601,0.10662092868592214
2011-04-06,0.20931426963057567,0,CALM,0.0957919419669388,0.8714365375518925,0.0,0,0.0,0.8655653468061005,0.11078976628462427,0.1611921031165553,0.0
2011-04-07,0.12975783561749923,0,CALM,0.0670633998093107,0.5022971637586219,0.0,0,0.0,0.8680735918740007,0.11450937763588352,0.2115843149269282,0.010816151498588193
2011-04-08,0.06625893731356068,0,CALM,0.0469544035576533,0.1477492249848623,0.0,0,0.0,0.9058310894894418,0.17050199913961686,0.285716474511385,0.07920291513213208
2011-04-11,0.03230963991401887,0,CALM,0.0328800435873544,0.0072146955868233,0.0,0,0.0,0.9435698935712672,0.22646689899815609,0.1465655246567318,0.0
2011-04-12,0.12068594072618499,0,CALM,0.0230364014486433,0.4668149823892131,0.0,0,0.0,0.9362679393709352,0.21563843886181536,0.0898773209892872,0.0
2011-04-13,0.06217021824274239,0,CALM,0.0161331081085329,0.2557427628540965,0.0,0,0.0,0.836095569951816,0.06708745110453608,0.2028908361562847,0.0027964353433626164
2011-04-14,0.03277421125359467,0,CALM,0.0113024032261522,0.1497430522352831,0.0,0,0.0,0.7012608671190328,0.0,0.1695227192517511,0.0
2011-04-15,0.010902025416084283,0,CALM,0.0079216553071357,0.021791224349598,0.0,0,0.0,0.6452996651990938,0.0,0.2493269641285099,0.04563366719380757
2011-04-18,0.21132549247540403,0,CALM,0.0055824430040426,0.999615042538194,0.0,0,0.0,0.7190505749295296,0.0,0.3083352971627706,0.10006873216754564
2011-04-19,0.011879878415285147,0,CALM,0.0039165825615355,0.0327569263660907,0.0,0,0.0,0.7247035995384029,0.0,0.2470069673985113,0.04349347501683132
2011-04-20,0.23972261343526263,0,CALM,0.0030577522770562,0.9996425717551782,0.0,0,0.0,0.7299441079824546,0.0,0.6229461695490874,0.3902966101496294
2011-04-21,0.002690652402542265,0,CALM,0.0021508479906937,0.0107647020243442,0.0,0,0.0,0.7372855295237146,0.0,0.154095815981737,0.0
2011-04-26,0.23619322632956563,0,CALM,0.0017423540224436,0.993645963306099,0.0,0,0.0,0.6612019203064987,0.0,0.6012527240578982,0.37028445162734913
2011-04-27,0.0030080110828201202,0,CALM,0.0012367883373736,0.0134940699923836,0.0,0,0.0,0.6571079111695871,0.0,0.0779687524583665,0.0
2011-04-28,0.004904994934590935,0,CALM,0.0008728825171655,0.0040260978702512,0.0,0,0.0,0.6886157560240737,0.0,0.2419360316694743,0.0388155473124932
2011-04-29,0.00065589624631717,0,CALM,0.0006229998625254,0.0025007314034291,0.0,0,0.0,0.6985299623312653,0.0,0.156946497045069,0.0
2011-05-02,0.2446398806592329,0,CALM,0.0012369025942268,0.9990298753610932,0.0,0,0.0,0.7004847308128844,0.0,0.6825129041205569,0.4452467993845755
2011-05-03,0.02623381364009122,0,CALM,0.0008803998548731,0.0921401498171133,0.0,0,0.0,0.6993902086913729,0.0,0.2820892815387484,0.07585683712950285
2011-05-04,0.17238897391171082,0,CALM,0.0006353467597267,0.8611506861088957,0.0,0,0.0,0.758079228879543,0.0,0.0998126617815095,0.0
2011-05-05,0.09601709467225139,0,CALM,0.0004621128364757,0.4795078323156623,0.0,0,0.0,0.7540607451269661,0.0,0.0699765425447968,0.0
2011-05-06,0.03986963435311046,0,CALM,0.0003454459517191,0.1989163643259034,0.0,0,0.0,0.7685475228903379,0.0,0.016111887781967,0.0
2011-05-09,0.19981712021661455,0,CALM,0.0002546439410775,0.9347689224016958,0.0,0,0.0,0.757891963936595,0.0,0.3386096365267832,0.1279967475100599
2011-05-10,0.11109336915797974,0,CALM,0.0001908057842652,0.5552283385595671,0.0,0,0.0,0.7734429862407349,0.0,0.1125084388119441,0.0
2011-05-11,0.02174263303845468,0,CALM,0.000140229934072,0.0918845442235356,0.0,0,0.0,0.7572806934086951,0.0,0.2359643323935385,0.033306667102295566
2011-05-12,0.20769631381170495,0,CALM,0.0001160639745122,0.9569506054760556,0.0,0,0.0,0.7152660425705105,0.0,0.3763062195255905,0.1627717672286574
2011-05-13,0.07001890307107568,0,CALM,0.0001039434524205,0.3499645860398528,0.0,0,0.0,0.7347458577335538,0.0,0.0355833798972166,0.0
2011-05-16,0.1658929960962331,0,CALM,8.351959618922219e-05,0.8182466111853217,0.0,0,0.0,0.7392468853316649,0.0,0.2239548447168908,0.022227939601214334
2011-05-17,0.02904866208476581,0,CALM,7.466548669010471e-05,0.1451499785654664,0.0,0,0.0,0.7442425277249002,0.0,0.0478802684173224,0.0
2011-05-18,0.18982550387092254,0,CALM,6.46185571391331e-05,0.8956875642869531,0.0,0,0.0,0.7273099310179479,0.0,0.3155435860610688,0.10671836374247112
2011-05-19,0.06843240837233279,0,CALM,6.10445727761451e-05,0.3420857361456937,0.0,0,0.0,0.6419523974341985,0.0,0.1806417361895282,0.0
2011-05-20,0.1530609951829582,0,CALM,0.0001122730564213,0.7651646345942644,0.0,0,0.0,0.6660820530933333,0.0,0.0645662012344677,0.0
2011-05-23,0.24428325793648076,0,CALM,0.0010996821115901,0.9995430574411028,0.0,0,0.0,0.6647361749495486,0.0,0.6779063461535388,0.4409972592036264
2011-05-24,0.024476867605513448,0,CALM,0.0007918996409002,0.0490369112393384,0.0,0,0.0,0.6873446509390414,0.0,0.3567325574051177,0.14471510447420716
2011-05-25,0.1995804334766592,0,CALM,0.0005725145195307,0.9766484951408322,0.0,0,0.0,0.7102642562851804,0.0,0.244386455463802,0.041076058186101085
2011-05-26,0.06363614021607891,0,CALM,0.0004823503837533,0.3175777631007029,0.0,0,0.0,0.7126116575685771,0.0,0.0910850279995827,0.0
2011-05-27,0.14177521049078837,0,CALM,0.0049738921322075,0.667283018516687,0.0,0,0.0,0.6315532148485136,0.0,0.276554852214681,0.07075133754399089
2011-06-01,0.34180792719808956,0,CALM,0.289297240831168,0.9999999998668816,0.0,0,0.0,0.6986345900115112,0.0,0.9530710952456488,0.6948361701692124
2011-06-03,0.27512977646129216,0,CALM,0.2188309670940235,0.9998861839740624,0.0,0,0.0,0.7204493747047133,0.0,0.4214837862438471,0.20444797892973746
2011-06-06,0.041553785704242674,0,CALM,0.1533435575554915,0.016089481576849,0.0,0,0.0,0.7008784270805621,0.0,0.0993723290949871,0.0
2011-06-07,0.031229458552354008,0,CALM,0.1073479472472361,0.0219623587027249,0.0,0,0.0,0.7327499270317132,0.0,0.187829053302309,0.0
2011-06-08,0.03276641855081347,0,CALM,0.0751509400255593,0.0698934177221182,0.0,0,0.0,0.7452904080494132,0.0,0.1644777990263424,0.0
2011-06-09,0.05453523521148888,0,CALM,0.0526226917413532,0.2068978113807529,0.0,0,0.0,0.7445634486962698,0.0,0.0493315596262965,0.0
2011-06-10,0.19339320514228425,0,CALM,0.0368501733230757,0.9209033090575766,0.0,0,0.0,0.7506124516085935,0.0,0.1699944422844704,0.0
2011-06-14,0.0421520472506297,0,CALM,0.0258044232578248,0.1785047071808675,0.0,0,0.0,0.7550882978940634,0.0,0.1533279648232511,0.0
2011-06-15,0.23809428564098906,0,CALM,0.0181912777002818,0.9986158129683348,0.0,0,0.0,0.7276183144634575,0.0,0.5665085642899204,0.3382330362225163
2011-06-16,0.18952057362361827,0,CALM,0.0127488462347673,0.922137738939216,0.0,0,0.0,0.7290130004757481,0.0,0.220518742875029,0.01905814277083228
2011-06-17,0.2009698921697672,0,CALM,0.0089781563224885,0.9936267654457254,0.0,0,0.0,0.7875616906029859,0.0,0.0585762607852381,0.0
2011-06-20,0.20226374378764214,0,CALM,0.0063001651940902,0.9793845425414096,0.0,0,0.0,0.7895639017457317,0.0,0.252019948620383,0.048117939808376586
2011-06-21,0.23726309904648865,0,CALM,0.0045427320368285,0.9981917998276626,0.0,0,0.0,0.7989878300705147,0.012058390249004522,0.582334219609954,0.3528321704684852
2011-06-22,0.012288435362605047,0,CALM,0.0031880762676525,0.0220968843325036,0.0,0,0.0,0.8385453720873569,0.07072039429191201,0.1466434537689021,0.0
2011-06-23,0.2275965130548502,0,CALM,0.0022715138418619,0.9997233075344312,0.0,0,0.0,0.8469215992863376,0.08314195156667163,0.4033263475023264,0.18769777930831322
2011-06-24,0.21435294691641602,0,CALM,0.0016462719762438,0.999310677271826,0.0,0,0.0,0.8857970425182919,0.14079243467989852,0.1242460032153654,0.0
2011-06-27,0.037156199492137325,0,CALM,0.0011669698918279,0.107792126297463,0.0,0,0.0,0.8940696425063718,0.15306031759687747,0.0776789243470176,0.0
2011-06-28,0.17125264096664905,0,CALM,0.0008297720017731,0.829657723027537,0.0,0,0.0,0.8253393897051423,0.051136533606983677,0.1421472843138012,0.0
2011-06-29,0.16972083390043569,0,CALM,0.0005927782349479,0.8255819513839059,0.0,0,0.0,0.8209063161208541,0.044562490649175494,0.1665848852876245,0.0
2011-06-30,0.23352703124927296,0,CALM,0.0004787490098858,0.9987753027931824,0.0,0,0.0,0.8232198126940367,0.047993298995950597,0.5126293095896184,0.28852953538569986
2011-07-01,0.08863803377757322,0,CALM,0.0003527401789249,0.4201187857604112,0.0,0,0.0,0.8213772850725743,0.04526091580759751,0.0579082467011332,0.0
2011-07-04,0.002127410296279268,0,CALM,0.0002527170157379,0.0039154801392335,0.0,0,0.0,0.799495573425145,0.01281135014498093,0.1863328808742119,0.0
2011-07-05,0.003616521301322475,0,CALM,0.0001843026828988,0.0042982590006223,0.0,0,0.0,0.8091361899716447,0.027107938304733143,0.0974650750282105,0.0
2011-07-06,0.046533827218929576,0,CALM,0.0001386967934945,0.2249643803114287,0.0,0,0.0,0.8010137728194249,0.01506276958270199,0.1187326469012035,0.0
2011-07-07,0.1962766023439694,0,CALM,0.0001146311013247,0.9642723837488189,0.0,0,0.0,0.7790171747511531,0.0,0.2366451047478339,0.033934678188744634
2011-07-08,0.23769422895058953,0,CALM,0.0005165461983365,0.9999985975076202,0.0,0,0.0,0.8119813651183174,0.03132720136930456,0.5731139898593152,0.34432652762550897
2011-07-11,0.21084403306795949,0,CALM,0.0004277462288059,0.9987487445085944,0.0,0,0.0,0.8350341600294008,0.06551342931285364,0.2479463426904946,0.044360046777537486
2011-07-12,0.23099502154849824,0,CALM,0.0014369167321507,0.9999983714931356,0.0,0,0.0,0.9317570327745032,0.20894897314919833,0.3054555891796403,0.09741220751913578
2011-07-13,0.2133355800396424,0,CALM,0.008296112053436,0.9571941922732258,0.0,0,0.0,0.9245269774488082,0.19822713571638248,0.1408795509327144,0.0
2011-07-15,0.4066668478271987,1,WATCH,0.3058071687250794,1.0,0.0,0,0.0,1.100682502344345,0.4594576264582683,1.113349785639997,0.8426929300010197
2011-07-18,0.3978280338424567,0,CALM,0.5116489552085078,0.9998851527246287,0.0,0,0.0,1.0776476707444889,0.4252980372739068,0.4969762362727802,0.2740896076801324
2011-07-20,0.46248667600075916,1,WATCH,0.6580717536091995,0.9999999471895136,0.0,0,0.0,1.1669642893962198,0.5577504490596509,0.6572448074400397,0.4219370325459149
2011-07-22,0.7240667816994184,2,STRESS,0.7606502275264395,1.0,0.0,1,1.0,1.35664775391751,0.8390422481780854,1.5217340547145009,1.0
2011-07-25,0.45029266925901507,1,WATCH,0.8324321781386137,0.780159671296572,0.0,0,0.0,1.3718098295685586,0.8615269046504718,0.0751840695941462,0.0
2011-07-26,0.5041447296784914,1,WATCH,0.8826737796890287,0.9976425837827464,0.0,0,0.0,1.3569413786026403,0.8394776799968491,0.1342028417869242,0.0
2011-07-27,0.5132561173246103,1,WATCH,0.9178556466128136,0.9996651549454678,0.0,0,0.0,1.356343967393883,0.8385917468231329,0.0934967194979028,0.0
2011-07-28,0.519058102678806,1,WATCH,0.9424751031820402,0.9998887200640112,0.0,0,0.0,1.35366288701516,0.834615828704938,0.1869888182116478,0.0
2011-07-29,0.5278189659008091,1,WATCH,0.9597086805501994,0.9999833234925284,0.0,0,0.0,1.346127265911787,0.823440851365758,0.2600335378621547,0.05551045928177736
2011-08-02,0.626346412738049,2,STRESS,0.9717960763851397,1.0,0.0,0,0.0,1.4098662091957035,0.9179627543449621,1.1928277441548183,0.9160111820726793
2011-08-03,0.5211226910094553,1,WATCH,0.980213660371891,0.9999655460283244,0.0,0,0.0,1.303860819251746,0.7607616671081768,0.1286817319219577,0.0
2011-08-04,0.5604100085222238,1,WATCH,0.9861493511870504,0.9999999999963768,0.0,0,0.0,1.275056899675828,0.7180467874552735,0.6558820805429602,0.42067991980658515
2011-08-05,0.5268428838598029,1,WATCH,0.9902973281108748,0.9999999953700548,0.0,0,0.0,1.29359042859322,0.7455311530869525,0.2509754310284331,0.04715437449377952
2011-08-08,0.5289483100697348,1,WATCH,0.9932065934494974,0.9999999769172496,0.0,0,0.0,1.3346810637068516,0.8064666632391049,0.0948752108983314,0.0
2011-08-09,0.5432939889230471,1,WATCH,0.9952445245741492,0.999999999861154,0.0,0,0.0,1.411364021377152,0.9201839404895975,0.2265745774100115,0.024644637583193463
2011-08-10,0.5750393993318232,1,WATCH,0.9966711659980972,1.0,0.0,0,0.0,1.4859486645301687,1.0,0.480311126372462,0.2587160783229889
2011-08-11,0.5584780801092967,1,WATCH,0.9976698157168176,0.9999999999955546,0.0,0,0.0,1.549715365479292,1.0,0.2980778536846513,0.09060626180981363
2011-08-12,0.5495922161386224,1,WATCH,0.9983688701423,0.9999999930152368,0.0,0,0.0,1.551825891370417,1.0,0.0283916908045933,0.0
2011-08-15,0.5496882092764824,1,WATCH,0.9988581907816596,0.9998683079053374,0.0,0,0.0,1.574823000544994,1.0,0.1487481120406235,0.0
2011-08-16,0.5586675909515423,1,WATCH,0.9992007273665996,0.9999999085552674,0.0,0,0.0,1.5754776396883297,1.0,0.2959835532398973,0.0886742739883898
2011-08-17,0.5498600288355269,1,WATCH,0.9994404808578752,0.9999995431052906,0.0,0,0.0,1.5293908396018427,1.0,0.1571197624014544,0.0
2011-08-18,0.5292342074357177,1,WATCH,0.9996037394117762,0.9999999828456366,0.0,0,0.0,1.3241661267681777,0.7908734984023013,0.2025253354880729,0.0024592617341623233
2011-08-19,0.525859651879333,1,WATCH,0.999703870833384,0.999999186559022,0.0,0,0.0,1.3029011139701527,0.7593384685918267,0.1306317189761826,0.0
2011-08-22,0.5257941242073447,1,WATCH,0.9996037812736512,0.99999973709305,0.0,0,0.0,1.302627232268086,0.7589323147032188,0.1425094282678129,0.0
2011-08-23,0.5164668373139012,1,WATCH,0.9847759070284878,0.999994673272493,0.0,0,0.0,1.264734575898781,0.7027392590228061,0.1916242579342258,0.0
2011-08-24,0.4527980345678707,1,WATCH,0.8147358751242941,0.9998674747295851,0.0,0,0.0,1.1222260485414943,0.49140570840880166,0.1395459545892925,0.0
2011-08-25,0.3901348767473526,0,CALM,0.6124136675152895,0.9999001535007724,0.0,0,0.0,1.040705354276111,0.3705142916837571,0.0660473425267357,0.0
2011-08-26,0.34174910942669434,0,CALM,0.4369896606003189,0.999996198195944,0.0,0,0.0,0.9965667594916268,0.30505879840277267,0.2215025989606164,0.019965747971485235
2011-08-29,0.30461963423544086,0,CALM,0.30648065413122,0.97144440125639,0.0,0,0.0,1.0181770806386707,0.33710590451357897,0.1268998236995293,0.0
2011-08-30,0.28421775261494264,0,CALM,0.2149705782363844,0.999313871378926,0.0,0,0.0,0.9972846102136692,0.3061233378006131,0.1573963009979561,0.0
2011-08-31,0.2697154408588965,0,CALM,0.1537388909955528,0.999832381277842,0.0,0,0.0,1.0020177860737849,0.3131424185443985,0.1646357930104007,0.0
2011-09-01,0.2646056517028305,0,CALM,0.1371662793866534,0.9999028184810734,0.0,0,0.0,0.9954044731833456,0.30333518159952494,0.1981696629883043,0.0
2011-09-02,0.583062725236365,1,WATCH,0.3960163955706574,1.0,0.0,1,1.0,1.0205239906461518,0.340586263437007,3.299939845519263,1.0
2011-09-05,0.33845663849930097,0,CALM,0.3668227730425123,0.9999994010869412,0.0,0,0.0,1.0082092448954316,0.3223240654291391,0.3572436483193198,0.14518658478370725
2011-09-06,0.29861794717572876,0,CALM,0.2782237568640731,0.99993799752461,0.0,0,0.0,0.9869139202473416,0.290744084547885,0.1432458301378287,0.0
2011-09-07,0.3178481009230228,0,CALM,0.2073063111325021,0.9999975221721744,0.0,0,0.0,0.9752476496804224,0.27344354522542447,0.6191304771636332,0.38677664182919913
2011-09-08,0.2522272497200543,0,CALM,0.1460213516750731,0.997835902576662,0.0,0,0.0,0.899792676984597,0.16154731285953572,0.1664628332078934,0.0
2011-09-09,0.262921413803378,0,CALM,0.1040950439053201,0.9999999385040116,0.0,0,0.0,0.792129592027694,0.0018879406385641905,0.5977884983880256,0.36708871062389264
2011-09-12,0.21760202482874147,0,CALM,0.0730439791705853,0.9967051501804756,0.0,0,0.0,0.7264622795031132,0.0,0.1225021712848674,0.0
2011-09-13,0.21867350341051262,0,CALM,0.0517160851806716,0.9999991424273632,0.0,0,0.0,0.7103823423423619,0.0,0.2621322710491341,0.057446536298720596
2011-09-14,0.23748501198123728,0,CALM,0.0372547249948683,0.9999998969114184,0.0,0,0.0,0.7171362187345862,0.0,0.5052406513882428,0.2817135135023651
2011-09-15,0.2064160901806858,0,CALM,0.0263073295843073,0.9991962889230448,0.0,0,0.0,0.7198566578640618,0.0,0.0661589814530416,0.0
2011-09-16,0.20195360165375192,0,CALM,0.0184503873079383,0.9867050241338368,0.0,0,0.0,0.7054328358863617,0.0,0.1503770354402709,0.0
2011-09-19,0.1996016752367561,0,CALM,0.0129532794971069,0.9818167768123968,0.0,0,0.0,0.7149831007528916,0.0,0.1548340279689773,0.0
2011-09-20,0.22950635902239988,0,CALM,0.0096306491109231,0.9999983441185508,0.0,0,0.0,0.7009157659104936,0.0,0.4936165230684217,0.2709902792095892
2011-09-21,0.2329138306661271,0,CALM,0.0077987027083144,0.9998999366315766,0.0,0,0.0,0.7353746900552116,0.0,0.5357319536053118,0.30984167662733164
2011-09-22,0.2250955818494833,0,CALM,0.0115854947655069,0.9999951949048764,0.0,0,0.0,0.7324734704370444,0.0,0.4405122439823137,0.22200169177131288
2011-09-23,0.22863092223570536,0,CALM,0.0509433363757762,0.999999964317947,0.0,0,0.0,0.7898868378819142,0.0,0.3721644059453948,0.15895095278171886
2011-09-26,0.24587251274337174,0,CALM,0.1507962924757177,0.9999996135772942,0.0,0,0.0,0.8459729638306629,0.0817351690898347,0.1797370003043439,0.0
2011-09-27,0.5513893511832506,1,WATCH,0.4055574047330024,1.0,0.0,1,1.0,0.7865942490308748,0.0,1.9790730119740647,1.0
2011-09-28,0.2739996804969148,0,CALM,0.2962400001539566,0.9996984022921284,0.0,0,0.0,0.7731899826556028,0.0,0.1989258811446675,0.0
2011-09-29,0.2518543756138566,0,CALM,0.2080353192936928,0.9992277289521668,0.0,0,0.0,0.7681695905730465,0.0,0.1268894807383802,0.0
2011-09-30,0.23475024683750953,0,CALM,0.1456664218352678,0.9916682068934628,0.0,0,0.0,0.786896407304077,0.0,0.178218487864988,0.0
2011-10-03,0.2295078537364971,0,CALM,0.1022874983556179,0.9987552587271594,0.0,0,0.0,0.7106267957462128,0.0,0.2452246316936075,0.04184927402160713
2011-10-04,0.22419600212842244,0,CALM,0.0810688139965555,0.9992229406220968,0.0,0,0.0,0.7120772318125238,0.0,0.2441328471571661,0.040842105048641844
2011-10-05,0.33536600496847857,0,CALM,0.3337455432436289,0.9999998399015264,0.0,0,0.0,0.7193932891631106,0.0,0.762783775328213,0.5192965117726602
2011-10-06,0.40492442323374006,1,WATCH,0.5316764471048528,0.9999999868856658,0.0,0,0.0,0.6969137079386442,0.0,0.9804066261584322,0.7200531408039367
2011-10-07,0.285729411385752,0,CALM,0.3792758117289991,0.9545522922675108,0.0,0,0.0,0.7022675204084453,0.0,0.1308574338032898,0.0
2011-10-10,0.2600097209428528,0,CALM,0.2657723523364036,0.9678331642937592,0.0,0,0.0,0.7067200278366798,0.0,0.0874552475473825,0.0
2011-10-11,0.2537688233234612,0,CALM,0.1860602578117677,0.9850509563797336,0.0,0,0.0,0.7613748398797796,0.0,0.310901095638506,0.10243567594572493
2011-10-12,0.23248380654142098,0,CALM,0.130310691157451,0.9995306687602912,0.0,0,0.0,0.7036948185758036,0.0,0.1605979095516558,0.0
2011-10-13,0.21764492845713607,0,CALM,0.0912586417747804,0.9741513400672048,0.0,0,0.0,0.6795458754434553,0.0,0.1098415841038124,0.0
2011-10-14,0.2127782600158757,0,CALM,0.0639121997840867,0.98400105034927,0.0,0,0.0,0.6705818070305439,0.0,0.1942202807733176,0.0
2011-10-17,0.21100648316538675,0,CALM,0.0448670193888031,0.9989486415909298,0.0,0,0.0,0.6826677467669392,0.0,0.0771102961457298,0.0
2011-10-18,0.20538255471007025,0,CALM,0.0314323760143979,0.9838522857412776,0.0,0,0.0,0.6872267533382417,0.0,0.2080329617844429,0.007540035582152546
2011-10-19,0.09653498822025927,0,CALM,0.022011618189553,0.4551604183643551,0.0,0,0.0,0.7647516234934535,0.0,0.1811743186037802,0.0
2011-10-20,0.19951563216874624,0,CALM,0.0154323001402466,0.978287785668423,0.0,0,0.0,0.7509609766994771,0.0,0.1360546679198068,0.0
2011-10-21,0.22706572970664374,0,CALM,0.010887782933791,0.9999207819331694,0.0,0,0.0,0.7531537147233448,0.0,0.4639210597996192,0.24359627586562108
2011-10-24,0.17992478151987815,0,CALM,0.0077668899857875,0.8899152951171564,0.0,0,0.0,0.657732203441548,0.0,0.1183078543975332,0.0
2011-10-25,0.16430478696798165,0,CALM,0.0093111484159117,0.8098849993200185,0.0,0,0.0,0.507697436652097,0.0,0.1903798450739926,0.0
2011-10-26,0.20876801475015083,0,CALM,0.0499476444700072,0.9778969082071244,0.0,0,0.0,0.4974075204150663,0.0,0.2074662226580999,0.0070172199122415305
2011-10-27,0.3389662799275238,0,CALM,0.3088062858192655,0.9999999968286156,0.0,0,0.0,0.5288533892867667,0.0,0.8693971088491794,0.6176470910698428
2011-10-28,0.22931651594694474,0,CALM,0.2738518267196003,0.8042677963352233,0.0,0,0.0,0.5110149656314137,0.0,0.1497719723518486,0.0
2011-10-31,0.2920665071939825,0,CALM,0.2274758630859819,0.9995997598879596,0.0,0,0.0,0.5218863382154723,0.0,0.5822732156577387,0.3527758944489514
2011-11-01,0.25296389103322875,0,CALM,0.168119051308538,0.9999357507666098,0.0,0,0.0,0.5589924404848219,0.0,0.3185261583801891,0.10946978052772281
2011-11-02,0.2315856078317914,0,CALM,0.1193480074688798,0.9986543320350816,0.0,0,0.0,0.5698368611190716,0.0,0.2217320277729579,0.020177395575551697
2011-11-03,0.2323495595686236,0,CALM,0.084866865866636,0.9999999461052862,0.0,0,0.0,0.7322931771446894,0.0,0.3205410770314126,0.11132853880907377
2011-11-04,0.21487756289861168,0,CALM,0.0595739131808112,0.9999204230170444,0.0,0,0.0,0.7514337084255303,0.0,0.1856244391181125,0.0
2011-11-07,0.21036571534682963,0,CALM,0.0417545914534175,0.9996353374173762,0.0,0,0.0,0.7522182166408805,0.0,0.1952831269677943,0.0
2011-11-08,0.2094223878889057,0,CALM,0.0292793559448157,0.999743927910868,0.0,0,0.0,0.7549803329014814,0.0,0.223206543420171,0.02153763320528165
2011-11-09,0.2051651992411673,0,CALM,0.0206745487943986,0.9999828102128382,0.0,0,0.0,0.763031780658479,0.0,0.1470726805840538,0.0
2011-11-10,0.20560371216858148,0,CALM,0.0146046860903941,0.9999904474127468,0.0,0,0.0,0.7827446826608242,0.0,0.2210459731794099,0.019544511634335588
2011-11-11,0.2215896671082941,0,CALM,0.0103213316719147,0.9999892006557008,0.0,0,0.0,0.7808860914379562,0.0,0.4059465824203799,0.1901149405917524
2011-11-14,0.2015258111107426,0,CALM,0.0072759131907778,0.9985341640652408,0.0,0,0.0,0.773616372278409,0.0,0.1196437084963531,0.0
2011-11-15,0.19968062049398416,0,CALM,0.0051125012819754,0.9909780174397368,0.0,0,0.0,0.7740881785658498,0.0,0.2021021964578614,0.00206891685542946
2011-11-16,0.20030071969252267,0,CALM,0.0036141373755962,0.996985926743118,0.0,0,0.0,0.764290451216531,0.0,0.1474470052198093,0.0
2011-11-17,0.1697515289238654,0,CALM,0.0026338939315036,0.8454652772049476,0.0,0,0.0,0.7065449644477205,0.0,0.1602874171067565,0.0
2011-11-18,0.197315055018818,0,CALM,0.0077324910837092,0.9769096612394534,0.0,0,0.0,0.7107417877093946,0.0,0.1803438229442072,0.0
2011-11-21,0.37635318593964906,0,CALM,0.3054127437585964,1.0,0.0,0,0.0,0.702847171121719,0.0,1.6902803375971782,1.0
2011-11-22,0.25526299731311247,0,CALM,0.2239484361793576,0.9963794413413652,0.0,0,0.0,0.6892007796983102,0.0,0.1864663758336359,0.0
2011-11-23,0.2349604023247764,0,CALM,0.1571870921356507,0.9783181464543186,0.0,0,0.0,0.6715444760562719,0.0,0.1244621946252553,0.0
2011-11-25,0.22421689494483263,0,CALM,0.1101565550846998,0.9833887808682884,0.0,0,0.0,0.6717068752392504,0.0,0.1289765763776866,0.0
2011-11-28,0.255650860219209,0,CALM,0.0786058813113945,0.9999995858162652,0.0,0,0.0,0.6633026879756196,0.0,0.5900985262747467,0.35999472728107346
2011-11-29,0.2070950597684781,0,CALM,0.0551762293911373,0.9665050121034688,0.0,0,0.0,0.6558984186219525,0.0,0.132925563931481,0.0
2011-11-30,0.22891257128224207,0,CALM,0.0395283345427087,0.9999999542482122,0.0,0,0.0,0.6913105647965334,0.0,0.4061525746200936,0.19030496796922447
2011-12-01,0.12039696067133307,0,CALM,0.0276904631453569,0.5673717244249692,0.0,0,0.0,0.7614697759805612,0.0,0.139320248916481,0.0
2011-12-02,0.2140314893927459,0,CALM,0.019399069751491,0.9925072159192704,0.0,0,0.0,0.7996754517212793,0.013078101333175817,0.30145826731128,0.09372468637701509
2011-12-05,0.06162945717832764,0,CALM,0.0135875884454988,0.2900990593826134,0.0,0,0.0,0.7922911218601437,0.002127481904302697,0.1647604769445575,0.0
2011-12-06,0.17441536143595926,0,CALM,0.0095233486069987,0.8424842983250698,0.0,0,0.0,0.8147120267506709,0.03537664619195633,0.1842378114905342,0.0
2011-12-07,0.2089913623177752,0,CALM,0.0068034263533723,0.9999589337852176,0.0,0,0.0,0.8400739399739622,0.072987189723886,0.1240604088507697,0.0
2011-12-08,0.22429165914775356,0,CALM,0.0049321561076495,0.9999986053202312,0.0,0,0.0,0.8558795029659358,0.09642610814153753,0.3452938086289718,0.13416288242641192
2011-12-09,0.22277998019345663,0,CALM,0.0036504203568598,0.9999981068407158,0.0,0,0.0,0.8206880646052669,0.04423883375248825,0.3889533334350389,0.17443870360849675
2011-12-12,0.23723740385668102,0,CALM,0.0030267206599787,0.9999953293165568,0.0,0,0.0,0.7857274761997445,0.0,0.595325476769704,0.36481657828374986
2011-12-13,0.19216072145730329,0,CALM,0.0021387517851368,0.9547981055224924,0.0,0,0.0,0.7953503152140573,0.006664124065206095,0.1824671079590281,0.0
2011-12-14,0.21327223279430224,0,CALM,0.0015255899760804,0.9994964547880064,0.0,0,0.0,0.7896239906258973,0.0,0.3406895283704247,0.1299154434268084
2011-12-15,0.18824225415622514,0,CALM,0.0010793999836283,0.9192519228189884,0.0,0,0.0,0.8122152372954322,0.03167402298409524,0.2102076413555466,0.009546172981108715
2011-12-16,0.18576159168661793,0,CALM,0.0007746699858744,0.9092724228915572,0.0,0,0.0,0.815897330043731,0.037134396118378925,0.1025585048001656,0.0
2011-12-19,0.20215769349942458,0,CALM,0.0005751784168129,0.9983819810207596,0.0,0,0.0,0.8066189762875225,0.023375026910694405,0.185444231173373,0.0
2011-12-20,0.2293835407831764,0,CALM,0.0006072329891226,0.999998320198998,0.0,0,0.0,0.8121217844440124,0.03153543673054398,0.48255413401948,0.26078524823041743
2011-12-21,0.20524526100004034,0,CALM,0.0004972518413551,0.9996848332715204,0.0,0,0.0,0.8258136325881441,0.051839813853974924,0.1292658240400866,0.0
2011-12-22,0.05631561611642061,0,CALM,0.0003603881536699,0.1951117851447586,0.0,0,0.0,0.9068625588680488,0.17203162049051413,0.1371052890187653,0.0
2011-12-23,0.19641494418247404,0,CALM,0.0002740014335639,0.8039040400471131,0.0,0,0.0,0.9822826344350104,0.28387610202937663,0.2776702136065335,0.07178025611722762
2011-12-27,0.1903376964522538,0,CALM,0.0002339835344826,0.7572253479609805,0.0,0,0.0,1.040346618806631,0.36998230358520395,0.2197608695289173,0.018359006179166446
2011-12-28,0.23309995040005918,0,CALM,0.0003047920240019,0.9960675260763744,0.0,0,0.0,1.0188490957269258,0.3381024717878381,0.094267324363337,0.0
2011-12-29,0.23048786927117562,0,CALM,0.0006229851489811,0.98133264031546,0.0,0,0.0,1.0205709818438475,0.3406559492083836,0.1252467250076222,0.0
2011-12-30,0.05725542890150443,0,CALM,0.0062072425665037,0.1875637714712056,0.0,0,0.0,0.9135229279950372,0.18190863965637383,0.0555753316229963,0.0
2012-01-03,0.37998798881264484,0,CALM,0.3039881717739735,1.0,0.0,0,0.0,0.968615676059104,0.2636086352802971,1.0413798607691946,0.7763008234112178
2012-01-04,0.27392106390541104,0,CALM,0.2203938610577528,0.9548211590292331,0.0,0,0.0,0.9787137882796652,0.27858366835126186,0.1943335672699652,0.0
2012-01-05,0.2764737854191932,0,CALM,0.1546876466053358,0.9997739304788787,0.0,0,0.0,0.948944259967484,0.2344368356319516,0.355994275654595,0.14403404108888335
2012-01-06,0.24821714353516822,0,CALM,0.1083378016926822,0.996480935531906,0.0,0,0.0,0.9381065815076852,0.21836506005616477,0.1386998071326471,0.0
2012-01-09,0.13627519500678167,0,CALM,0.0758552687924122,0.5103648413519091,0.0,0,0.0,0.8936136456635111,0.15238409538296796,0.0867555344851811,0.0
2012-01-10,0.24463255781618057,0,CALM,0.0531762425294929,0.9999542867256752,0.0,0,0.0,0.8369189237341218,0.06830844665794539,0.4656247772986207,0.2451679517287775
2012-01-11,0.1771405722554192,0,CALM,0.0372340689261069,0.8329483684133622,0.0,0,0.0,0.7928077001205928,0.0028935435567187533,0.2101904021562595,0.009530269855481643
2012-01-12,0.21669118251666236,0,CALM,0.0260880624773229,0.99897382160593,0.0,0,0.0,0.7909616314124648,0.0001559091007259975,0.3121503566717405,0.10358811666073033
2012-01-13,0.20889096487842157,0,CALM,0.0183076093512553,0.9991788229195424,0.0,0,0.0,0.8210549983858584,0.044782979566992426,0.1349258338140034,0.0
2012-01-16,0.2056690181778318,0,CALM,0.0128394074529264,0.98904878735569,0.0,0,0.0,0.8222088502194427,0.046494088434621744,0.1361471689262396,0.0
2012-01-17,0.11430690851814848,0,CALM,0.008997623336596,0.5280534207173767,0.0,0,0.0,0.8343293208329257,0.0644681854052413,0.1545719344075463,0.0
2012-01-18,0.20524354146792498,0,CALM,0.0063148764674851,0.986050446916382,0.0,0,0.0,0.8343826901805493,0.06454732967777306,0.1950229588551021,0.0
2012-01-19,0.2198376513712659,0,CALM,0.0044396977221161,0.9955860845889688,0.0,0,0.0,0.8238799836443231,0.04897230196176244,0.3593533695711043,0.1471327982676687
2012-01-20,0.013765808127017089,0,CALM,0.0031160337406116,0.020611486921359,0.0,0,0.0,0.8506324848246105,0.08864502307592388,0.1174563382724413,0.0
2012-01-23,0.06861143862867992,0,CALM,0.0021919650387042,0.3368516589672003,0.0,0,0.0,0.7955303826612308,0.006931155755637942,0.1134230367682537,0.0
2012-01-24,0.2118350417066751,0,CALM,0.0015510403792855,0.9707293627466032,0.0,0,0.0,0.7769500639208861,0.0,0.3874090340501454,0.17301409062533088
2012-01-25,0.17511818554982067,0,CALM,0.0010986440557742,0.8742176226793855,0.0,0,0.0,0.7392860392878247,0.0,0.1811829191523248,0.0
2012-01-26,0.161043959984797,0,CALM,0.0007800624282805,0.7608455767498061,0.0,0,0.0,0.7136722334166568,0.0,0.2939499619945626,0.08679829027765616
2012-01-27,0.050790968042754014,0,CALM,0.0005601353706105,0.2532546710005069,0.0,0,0.0,0.7074237868172661,0.0,0.0972610575895064,0.0
2012-01-30,0.010426932182637965,0,CALM,0.0003989411525741,0.0516359844724722,0.0,0,0.0,0.7496105597265774,0.0,0.178780009296751,0.0
2012-01-31,0.1505947810188538,0,CALM,0.0002911500416493,0.7154038413935756,0.0,0,0.0,0.7496918754262367,0.0,0.2805233324043411,0.07441225229726332
2012-02-01,0.2336653597981142,0,CALM,0.0005168357773572,0.999265335521698,0.0,0,0.0,0.6077646556950962,0.0,0.5649885622549894,0.33683083749435294
2012-02-02,0.016066755316876975,0,CALM,0.0003827938007555,0.0798552843334405,0.0,0,0.0,0.6163251018459863,0.0,0.1609529903366724,0.0
2012-02-03,0.21532593173320483,0,CALM,0.0003193600797845,0.9937311258252672,0.0,0,0.0,0.6133359090914038,0.0,0.3787202067934138,0.16499866548205225
2012-02-06,0.07127474258321631,0,CALM,0.0002430265594527,0.2955840174690382,0.0,0,0.0,0.613740733921621,0.0,0.3309945267260356,0.12097182449545502
2012-02-07,0.16346260277256652,0,CALM,0.0001926781665347,0.7896643099415508,0.0,0,0.0,0.6126991989797569,0.0,0.2592804230482639,0.05481571242622681
2012-02-08,0.04973773342203301,0,CALM,0.0001526731546268,0.2223085475734505,0.0,0,0.0,0.6014382842010177,0.0,0.2566385133325623,0.05237855618686202
2012-02-09,0.06347731008005335,0,CALM,0.0001244696213903,0.290994730581629,0.0,0,0.0,0.6070768118813319,0.0,0.2567403123654508,0.052472465583799754
2012-02-10,0.02029372537628641,0,CALM,0.0001102220153402,0.1013308493622568,0.0,0,0.0,0.5832632440539226,0.0,0.1802003062786338,0.0
2012-02-13,0.0059509368475509005,0,CALM,0.000183665273392,0.0271469624839767,0.0,0,0.0,0.4714519740546807,0.0,0.2050153341315003,0.004756280324075609
2012-02-14,0.0063457310749309905,0,CALM,0.0006219462728438,0.0309512225336002,0.0,0,0.0,0.4088861745901699,0.0,0.1819326551183041,0.0
2012-02-15,0.017180769346979857,0,CALM,0.0016917836317087,0.0837891171952634,0.0,0,0.0,0.4115160942258521,0.0,0.1867761846370182,0.0
2012-02-16,0.1269628237985974,0,CALM,0.0052156455690881,0.5803922419450479,0.0,0,0.0,0.3874409767980161,0.0,0.3037129648368159,0.09580464017315798
2012-02-17,0.003484990559761185,0,CALM,0.0117285496920337,0.0027642656837638,0.0,0,0.0,0.3985070074735843,0.0,0.1274728648745757,0.0
2012-02-21,0.25103630078215156,0,CALM,0.0356938222490484,0.9999936576341992,0.0,0,0.0,0.4746650941803017,0.0,0.6563820460277437,0.4211411369304958
2012-02-22,0.20894425865123342,0,CALM,0.0333326659425047,0.8624674900884086,0.0,0,0.0,0.4800799468491817,0.0,0.5046579161791475,0.2811759414792549
2012-02-23,0.08149401857646545,0,CALM,0.0240961535815982,0.3756678412203987,0.0,0,0.0,0.4857756152035046,0.0,0.2035062131767776,0.003364119369861515
2012-02-24,0.0046893349426823895,0,CALM,0.016901993281607,0.0023191831114032,0.0,0,0.0,0.5559381780166589,0.0,0.154721204433293,0.0
2012-02-27,0.18259209478725236,0,CALM,0.0118771548004137,0.841322403294666,0.0,0,0.0,0.5587886108503541,0.0,0.3229852185346403,0.11358325428215722
2012-02-28,0.028897347251262164,0,CALM,0.0083451363444985,0.1340553158256877,0.0,0,0.0,0.5566430428525257,0.0,0.1853953863043663,0.0
2012-02-29,0.08796464569946023,0,CALM,0.0058880467652824,0.4324631700406982,0.0,0,0.0,0.5451598126731181,0.0,0.1775204490868925,0.0
2012-03-01,0.18906851929724727,0,CALM,0.0041700458933948,0.9288269034973212,0.0,0,0.0,0.5697013761847635,0.0,0.224364961240237,0.022606271244343303
2012-03-02,0.00132504383432757,0,CALM,0.0029278467171818,0.0029654107751606,0.0,0,0.0,0.6500072889911328,0.0,0.1965772400033914,0.0
2012-03-05,0.04053819031118241,0,CALM,0.0020699244879801,0.1713477720858567,0.0,0,0.0,0.6571581544691243,0.0,0.2622027442929743,0.0575115477201604
2012-03-06,0.23889124657798366,0,CALM,0.0024133853273387,0.9999990343453852,0.0,0,0.0,0.7197229147285805,0.0,0.6149074779143457,0.3828809337707196
2012-03-07,0.0031336984621206953,0,CALM,0.0017116382384807,0.0135289445125026,0.0,0,0.0,0.7213917676497811,0.0,0.0829216120623028,0.0
2012-03-08,0.23634136575088735,0,CALM,0.0014105999391386,0.9995858014549988,0.0,0,0.0,0.7194025762109918,0.0,0.590879912820862,0.36071555475102923
2012-03-09,0.02144035746068458,0,CALM,0.0009960562573591,0.1016789970735171,0.0,0,0.0,0.7279663812744956,0.0,0.2091336734534488,0.008555439816413832
2012-03-12,0.0036425637691965603,0,CALM,0.000704617725202,0.0173320466894803,0.0,0,0.0,0.7483555745470171,0.0,0.15100480890814,0.0
2012-03-13,0.23335188724892544,0,CALM,0.0006005467909176,0.9951691377059264,0.0,0,0.0,0.7517474079944312,0.0,0.5702442842000122,0.34167923010010753
2012-03-14,0.10617427554132759,0,CALM,0.0004293476910242,0.5022307350237645,0.0,0,0.0,0.7522368452570345,0.0,0.2607895903529502,0.05620791613818632
2012-03-15,0.11861378059995083,0,CALM,0.0003108753985006,0.5201100833169421,0.0,0,0.0,0.7666374419805865,0.0,0.3571936385437725,0.1451404508693725
2012-03-16,0.016270915957057992,0,CALM,0.000224661970898,0.0071813933552152,0.0,0,0.0,0.8469452262861247,0.08317698931387145,0.2698950985861869,0.06460772861903309
2012-03-19,0.10811094968416714,0,CALM,0.0001669482306179,0.4364345810791704,0.0,0,0.0,0.849331245161497,0.08671534487837933,0.3311417300191733,0.12110761922840652
2012-03-20,0.15163180712841945,0,CALM,0.0001259767024009,0.6805707485004291,0.0,0,0.0,0.8463339296215214,0.08227046465177025,0.2785492527170847,0.07259116787556401
2012-03-21,0.17561385841486443,0,CALM,0.0001051570705452,0.8779378457361406,0.0,0,0.0,0.785992648773517,0.0,0.1106246867257796,0.0
2012-03-22,0.13752677021642762,0,CALM,8.960893040190439e-05,0.6796446533457206,0.0,0,0.0,0.8014801417662989,0.01575437314683047,0.0874861817704439,0.0
2012-03-23,0.20326909398688506,0,CALM,7.839154648800725e-05,0.9882780788334942,0.0,0,0.0,0.8169839675161454,0.03874582919915049,0.2184968753160697,0.017192974136491415
2012-03-26,0.11715917731491844,0,CALM,6.460823563477936e-05,0.5857151262800487,0.0,0,0.0,0.7817283267458495,0.0,0.1647324726653652,0.0
2012-03-27,0.13126999731827485,0,CALM,5.823609383244284e-05,0.6562771914740836,0.0,0,0.0,0.784628572246965,0.0,0.1161056297962884,0.0
2012-03-28,0.10022287591775307,0,CALM,5.797444267522468e-05,0.4993744935151034,0.0,0,0.0,0.7931052768273397,0.003334836040635719,0.0629934506537693,0.0
2012-03-29,0.20869362195139435,0,CALM,5.8193306088670825e-05,0.9960441128592972,0.0,0,0.0,0.8079423251977619,0.02533749209848551,0.2750520638940879,0.0693650184316417
2012-03-30,0.034920980314188395,0,CALM,4.966341750717877e-05,0.174542822299058,0.0,0,0.0,0.778543582326949,0.0,0.1419840069852384,0.0
2012-04-02,0.19720155696150332,0,CALM,0.0001050180212396,0.985876512280967,0.0,0,0.0,0.7567788510444853,0.0,0.1966483139859901,0.0
2012-04-03,0.21101165483308107,0,CALM,0.0032436524142988,0.9969482334002616,0.0,0,0.0,0.7692637323729113,0.0,0.3170531685863189,0.10811095049454046
2012-04-04,0.3089952411892133,0,CALM,0.1722284472718955,0.9999999179204616,0.0,0,0.0,0.7178867130965169,0.0,0.9146377164684144,0.6593814578714706
2012-04-05,0.23235784325692438,0,CALM,0.1247812489616675,0.9954390459677588,0.0,0,0.0,0.7469374386084043,0.0,0.2223497230940574,0.02074721822955725
2012-04-10,0.2575761326703532,0,CALM,0.088448582520799,0.9999656323783974,0.0,0,0.0,0.7595594688971454,0.0,0.5843683002499056,0.35470860564473905
2012-04-11,0.1649526461347709,0,CALM,0.0619534677418095,0.7473213959965925,0.0,0,0.0,0.7556462051096942,0.0,0.080052466669596,0.0
2012-04-12,0.20987965820539897,0,CALM,0.0433909771662295,0.981427783801432,0.0,0,0.0,0.7349326299259357,0.0,0.2296303392345375,0.027463571535551724
2012-04-13,0.2277692767842662,0,CALM,0.0308192207909013,0.9999634780863068,0.0,0,0.0,0.7631428864510748,0.0,0.4174401790739006,0.20071775969279493
2012-04-16,0.20489801862126125,0,CALM,0.0276847776010325,0.9898841211050156,0.0,0,0.0,0.7674986240346366,0.0,0.172896413651726,0.0
2012-04-17,0.3596610449330129,0,CALM,0.3183713921394445,0.999999999849326,0.0,0,0.0,0.7656116942176873,0.0,1.0678093465435785,0.8006819692828654
2012-04-18,0.24383727705906205,0,CALM,0.2399105503087207,0.8906946774520027,0.0,0,0.0,0.5688771120599879,0.0,0.2618726537897642,0.05720703991481327
2012-04-19,0.23719400099732216,0,CALM,0.1747197238331599,0.9675703501951608,0.0,0,0.0,0.5045638810266321,0.0,0.1209800827136621,0.0
2012-04-20,0.0450140745317017,0,CALM,0.1277874344872514,0.0653360795494442,0.0,0,0.0,0.4340469233931963,0.0,0.0404928364596287,0.0
2012-04-23,0.25287890386570794,0,CALM,0.096116856287793,0.999073239227914,0.0,0,0.0,0.4361271446954043,0.0,0.5146031721212323,0.2903504194817689
2012-04-24,0.07286945237326546,0,CALM,0.0693128197930926,0.2777062371249615,0.0,0,0.0,0.4358492213516416,0.0,0.1925415385945487,0.0
2012-04-25,0.03513543906407045,0,CALM,0.0501663766881137,0.1129692244602101,0.0,0,0.0,0.4358281648778192,0.0,0.0649334437353254,0.0
2012-04-26,0.14645975598330288,0,CALM,0.037222038713294,0.6857712315248968,0.0,0,0.0,0.4092407535173295,0.0,0.1843913834885266,0.0
2012-04-27,0.2057393848506346,0,CALM,0.028934327580481,0.9925290147775716,0.0,0,0.0,0.4681961466858683,0.0,0.1339140698156514,0.0
2012-04-30,0.2332104562016806,0,CALM,0.0236940018342048,0.9971054413295348,0.0,0,0.0,0.4572915276572997,0.0,0.5019291656530631,0.2786586747722242
2012-05-02,0.20038693310700115,0,CALM,0.0186744954920809,0.9785915461699046,0.0,0,0.0,0.4946107063596696,0.0,0.1072866627545459,0.0
2012-05-03,0.16860146219751151,0,CALM,0.0150812725991896,0.8192862921762227,0.0,0,0.0,0.412810607431071,0.0,0.210416512440983,0.009738856124695649
2012-05-04,0.04564372152719901,0,CALM,0.0127626343261846,0.2122653147282643,0.0,0,0.0,0.4123307907059542,0.0,0.0616819436009288,0.0
2012-05-07,0.20448697959557213,0,CALM,0.0105842783068846,0.9996597684632748,0.0,0,0.0,0.4910731419543775,0.0,0.2205528031045057,0.019089563261960332
2012-05-08,0.12686589270882162,0,CALM,0.0078937952171722,0.6244622195226429,0.0,0,0.0,0.4876336444052684,0.0,0.1106536591786212,0.0
2012-05-09,0.19281512502532483,0,CALM,0.0058413917735022,0.9567738854097464,0.0,0,0.0,0.4902339018101258,0.0,0.1803978865155638,0.0
2012-05-10,0.14206714094813513,0,CALM,0.0043433248248015,0.7049065487096737,0.0,0,0.0,0.4821197033247393,0.0,0.1396844827083833,0.0
2012-05-11,0.18712738299731166,0,CALM,0.0033214693531493,0.9255934954810406,0.0,0,0.0,0.4711794825872363,0.0,0.2126325710800945,0.01178316562816203
2012-05-14,0.044321365512061686,0,CALM,0.0025529366522369,0.2184156567450123,0.0,0,0.0,0.4803286013963058,0.0,0.1234874292159912,0.0
2012-05-15,0.15191348524536435,0,CALM,0.0023867857891572,0.7565839439903752,0.0,0,0.0,0.4829422550981531,0.0,0.0434163863889481,0.0
2012-05-16,0.19214634173161793,0,CALM,0.0021500372204314,0.9580441621325504,0.0,0,0.0,0.4849460766180078,0.0,0.1781726687825019,0.0
2012-05-18,0.21639382383382433,0,CALM,0.0022694178773151,0.9999745684142988,0.0,0,0.0,0.5281979844501024,0.0,0.3714756282843277,0.15831555681635787
2012-05-21,0.0575457342842254,0,CALM,0.001661852047776,0.285651356361407,0.0,0,0.0,0.5442924281655712,0.0,0.1660509289544106,0.0
2012-05-22,0.11657621673557537,0,CALM,0.0012078502043408,0.5813712709224509,0.0,0,0.0,0.5544939257693506,0.0,0.1964552724566237,0.0
2012-05-23,0.19822884682365413,0,CALM,0.0009008050145941,0.9404344307468964,0.0,0,0.0,0.5602301691864793,0.0,0.3073584516505105,0.09916759420626298
2012-05-24,0.18541617886829437,0,CALM,0.0007072086195915,0.9261968835669824,0.0,0,0.0,0.5593098330410955,0.0,0.1565936963802754,0.0
2012-05-25,0.15790590708562294,0,CALM,0.0005483450034585,0.7848075940331195,0.0,0,0.0,0.5497160147461936,0.0,0.2086107242735158,0.008073020281344297
2012-05-29,0.092970392459597,0,CALM,0.0004185534001425,0.4643287705478068,0.0,0,0.0,0.5709806544630548,0.0,0.1975349085568002,0.0
2012-05-30,0.1476558991438216,0,CALM,0.0004024544363016,0.737776427673731,0.0,0,0.0,0.5703873903533774,0.0,0.050042849711118,0.0
2012-05-31,0.12584560639938863,0,CALM,0.0003413516412029,0.6288013424454395,0.0,0,0.0,0.5461549435878533,0.0,0.1878383121958391,0.0
2012-06-01,0.19958109070420643,0,CALM,0.0004017675791898,0.997403244047045,0.0,0,0.0,0.5668047291960324,0.0,0.1694597430979808,0.0
2012-06-04,0.1761157511772537,0,CALM,0.0003978663479454,0.8800814229513367,0.0,0,0.0,0.5460489923399655,0.0,0.115848137535674,0.0
2012-06-05,0.046180240219693684,0,CALM,0.0003449715936776,0.2304699866063714,0.0,0,0.0,0.579829053951393,0.0,0.1680671824213898,0.0
2012-06-06,0.24108599475163894,0,CALM,0.0016774546018967,0.9998710032182933,0.0,0,0.0,0.589453752062249,0.0,0.6409708110319469,0.406924304575061
2012-06-07,0.1894535699939709,0,CALM,0.001346901838013,0.8862632551508768,0.0,0,0.0,0.5283909407891597,0.0,0.3284688956311821,0.11864193504292263
2012-06-08,0.14921211576238924,0,CALM,0.0010599101346315,0.7447356911436569,0.0,0,0.0,0.5279994319974102,0.0,0.1349101947763808,0.0
2012-06-11,0.19997549658749766,0,CALM,0.0009165575219125,0.9987317860350976,0.0,0,0.0,0.564964977393603,0.0,0.1940192296603878,0.0
2012-06-12,0.14715012282415982,0,CALM,0.0006834301021858,0.7317167759552667,0.0,0,0.0,0.5715216804213675,0.0,0.2067528131029283,0.006359101075600202
2012-06-13,0.0785158830692503,0,CALM,0.0005028619370097,0.3919508379249893,0.0,0,0.0,0.5906405205777574,0.0,0.1972652044371573,0.0
2012-06-14,0.08730955487366215,0,CALM,0.0003734350378478,0.436080980571001,0.0,0,0.0,0.6044690049646029,0.0,0.1962291947085178,0.0
2012-06-15,0.019986814830474008,0,CALM,0.0002764868135257,0.0995884656354629,0.0,0,0.0,0.6297754794157054,0.0,0.17052400679997,0.0
2012-06-18,0.20892619608846888,0,CALM,0.0002781947972235,0.9998832274980776,0.0,0,0.0,0.6588977272474132,0.0,0.2961198623883885,0.08880001889547483
2012-06-19,0.16158465127097907,0,CALM,0.0002860417108797,0.8075657042162957,0.0,0,0.0,0.5913852174101202,0.0,0.0529515530214901,0.0
2012-06-20,0.00651397340699079,0,CALM,0.0002124700191158,0.0323042795110592,0.0,0,0.0,0.6441816934286247,0.0,0.1639646721902484,0.0
2012-06-21,0.19344462380457056,0,CALM,0.0001775599551141,0.96700116907896,0.0,0,0.0,0.6433128554755512,0.0,0.1972634427253919,0.0
2012-06-22,0.11996955791746691,0,CALM,0.0001462273389171,0.5996650054136882,0.0,0,0.0,0.6457392496606326,0.0,0.1587727029822737,0.0
2012-06-25,0.22877882334937588,0,CALM,0.000276205745639,0.9997962955092714,0.0,0,0.0,0.6403834043713246,0.0,0.5115188385053937,0.2875051281111183
2012-06-26,0.01855992450020492,0,CALM,0.0002057116666848,0.0925424829176686,0.0,0,0.0,0.6885168454515384,0.0,0.1936820672869632,0.0
2012-06-27,0.23697547410676154,0,CALM,0.0003944290601065,0.9992595159979026,0.0,0,0.0,0.6976391849723499,0.0,0.6012149839126478,0.37024963642154374
2012-06-28,0.18720391506221348,0,CALM,0.0003095054143421,0.9345832325169996,0.0,0,0.0,0.6871074015355014,0.0,0.2021347224895542,0.0020989220522803355
2012-06-29,0.2354898086610298,0,CALM,0.0008258892287167,0.9999979951544145,0.0,0,0.0,0.70962109706154,0.0,0.5823398594721504,0.352837373229677
2012-07-02,0.0752690948784704,0,CALM,0.0006281902572819,0.3755602365707496,0.0,0,0.0,0.6584807261707388,0.0,0.0598737006298265,0.0
2012-07-03,0.23182945079349168,0,CALM,0.0006009936587609,0.974063380488498,0.0,0,0.0,0.7126669563042836,0.0,0.5994975018869411,0.36866526281101836
2012-07-04,0.04356692375409704,0,CALM,0.0004308757482228,0.1710189164813093,0.0,0,0.0,0.7751805967607114,0.0,0.3001894610263299,0.09255421520779487
2012-07-05,0.20046389706975085,0,CALM,0.0005190445237306,0.99658232874373,0.0,0,0.0,0.7977189513965889,0.010176701900721882,0.1473298707059753,0.0
2012-07-06,0.25559618376404825,0,CALM,0.0073606145123755,0.999997300493034,0.0,0,0.0,0.7974570829797227,0.009788363158077776,0.7719771026875524,0.5277773372153977
2012-07-09,0.09929943381527881,0,CALM,0.0052137105160442,0.474133508951889,0.0,0,0.0,0.8079370849206355,0.02532972101003314,0.2067573896695925,0.006363322948866431
2012-07-10,0.1875788377576368,0,CALM,0.0036635023234833,0.9300181217930268,0.0,0,0.0,0.7376026087050499,0.0,0.2070067725957692,0.006593378181605963
2012-07-11,0.15308748247615261,0,CALM,0.0025781159943693,0.7622147673878014,0.0,0,0.0,0.737063662774642,0.0,0.1414398110363405,0.0
2012-07-12,0.044592343204817364,0,CALM,0.0018131505591593,0.2206952778251377,0.0,0,0.0,0.747499658937692,0.0,0.1634113914165237,0.0
2012-07-13,0.20187327847132916,0,CALM,0.0012821497478593,0.9484538453140288,0.0,0,0.0,0.7496727676763004,0.0,0.3284448139214494,0.11861971971558545
2012-07-16,0.11234977674292122,0,CALM,0.0009058234089558,0.523951592398024,0.0,0,0.0,0.7586631280445455,0.0,0.2793501826840607,0.0733300241107747
2012-07-17,0.05130216696947475,0,CALM,0.0006440204861233,0.2557058092397196,0.0,0,0.0,0.6873248173184509,0.0,0.1978630624655558,0.0
2012-07-18,0.11546607684499041,0,CALM,0.0004647463642306,0.5447877753834791,0.0,0,0.0,0.6542432538917938,0.0,0.2691532249995868,0.06392335177236931
2012-07-19,0.0016243017337828698,0,CALM,0.0003835157548006,0.0076421139754136,0.0,0,0.0,0.6710130961818986,0.0,0.1213936831764874,0.0
2012-07-20,0.2487303720035029,0,CALM,0.0056073712029687,0.9999996499245256,0.0,0,0.0,0.6983602353795082,0.0,0.7129077613177931,0.473285992178556
2012-07-23,0.1904851968357847,0,CALM,0.0040510655740769,0.9473621522113272,0.0,0,0.0,0.712653522599117,0.0,0.1498401698829773,0.0
2012-07-24,0.22408469338777087,0,CALM,0.0028976049789907,0.999252558012656,0.0,0,0.0,0.704839019302384,0.0,0.4547086050065769,0.23509780540491998
2012-07-25,0.18850615366795223,0,CALM,0.0020504977486923,0.9399676461538958,0.0,0,0.0,0.6987806598355075,0.0,0.1765118785379412,0.0
2012-07-26,0.21981076637198596,0,CALM,0.001606711910903,0.9999992228982024,0.0,0,0.0,0.8349457464631583,0.06538231608599657,0.3393829440088849,0.12871012206020085
2012-07-27,0.21102787339056173,0,CALM,0.0012044411956296,0.9950694992206296,0.0,0,0.0,0.8698398336697398,0.11712863247528399,0.0410913199057467,0.0
2012-07-30,0.21859584930280135,0,CALM,0.0008734543746627,0.9845742624187374,0.0,0,0.0,0.8397776174408021,0.07254775712135379,0.353874524599913,0.14207857513252814
2012-07-31,0.1322778872987479,0,CALM,0.00146249524555,0.6233336741324248,0.0,0,0.0,0.8397152618113423,0.07245528660875428,0.1386399962400606,0.0
2012-08-02,0.2412981399250289,0,CALM,0.0792262707991306,0.9999814892182444,0.0,0,0.0,0.9358055547144754,0.2149527438159736,0.0504060510352779,0.0
2012-08-03,0.36129087415613925,0,CALM,0.3266168035976143,0.999999999913752,0.0,0,0.0,0.9611524285016873,0.2525409845602397,0.7893737932087069,0.5438257481796124
2012-08-06,0.3375714033499969,0,CALM,0.476089777569937,0.9760198626708476,0.0,0,0.0,0.948278715664943,0.23344986423343125,0.1070240675616018,0.0
2012-08-07,0.4659517761440981,1,WATCH,0.6332222591146313,0.9999999996057072,0.0,0,0.0,0.9471869410260838,0.23183081297257593,1.1154510060438898,0.8446313014704128
2012-08-08,0.2891634280755577,0,CALM,0.4480351469028046,0.7380610937068358,0.0,0,0.0,0.9604778673137304,0.25154064153795935,0.2474298513076836,0.043883584546934085
2012-08-09,0.3052020520401394,0,CALM,0.3138061349961765,0.9968909596197936,0.0,0,0.0,0.9602889417127592,0.25126047361541093,0.2242094257273703,0.02246279005595408
2012-08-10,0.26974126148784194,0,CALM,0.2196994644007056,0.8606488241347843,0.0,0,0.0,1.0041689391676507,0.31633247902478784,0.3196795984281162,0.110533826582299
2012-08-13,0.2588001472105996,0,CALM,0.1538208830854541,0.9501602322775772,0.0,0,0.0,0.9952653037947842,0.3031287998372061,0.1938584296662334,0.0
2012-08-14,0.09441057440530573,0,CALM,0.1077141203649358,0.1465903725289951,0.0,0,0.0,1.0482075482134308,0.38163969808272763,0.1605313561858375,0.0
2012-08-15,0.15075894906915843,0,CALM,0.0754537933160897,0.4620284158026511,0.0,0,0.0,1.057148135869468,0.3948981757960579,0.1453410655674436,0.0
2012-08-16,0.20224121450317303,0,CALM,0.0529130386194177,0.7521031788300835,0.0,0,0.0,1.0510960353494818,0.3859231908230189,0.0648921931441315,0.0
2012-08-17,0.07315587152813774,0,CALM,0.0371714860488703,0.0755079932459611,0.0,0,0.0,1.119669195489848,0.48761401366727947,0.1591779145833775,0.0
2012-08-20,0.24998730182719361,0,CALM,0.0262609172892044,0.9951491075916924,0.0,0,0.0,1.0845861213814778,0.4355874384491685,0.2088947911825049,0.008335071416371834
2012-08-21,0.19627841689532657,0,CALM,0.0195246019528735,0.6518778618535719,0.0,0,0.0,1.1335443111279917,0.5081901680025022,0.3104578387251127,0.102026772361436
2012-08-22,0.28944825533199237,0,CALM,0.0203701633984912,0.9996327010813568,0.0,0,0.0,1.1469718708777006,0.5281026176685717,0.5426126718927805,0.31618912499241053
2012-08-23,0.2622061336062338,0,CALM,0.0211494392541782,0.999970968063948,0.0,0,0.0,1.174715949204031,0.5692458017989962,0.1592063359455161,0.0
2012-08-24,0.2626652197399213,0,CALM,0.0174956488434239,0.9970668869743016,0.0,0,0.0,1.1717017903911922,0.5647759437782566,0.2258794213562578,0.024003357563793504
2012-08-27,0.24424257264146854,0,CALM,0.0126202211311122,0.9941978666275806,0.0,0,0.0,1.0757470066129564,0.42247944033174356,0.175018365844862,0.0
2012-08-28,0.08959138909516451,0,CALM,0.0089015047139498,0.2419962001685089,0.0,0,0.0,1.0536210892059217,0.3896677288297527,0.1185652792681855,0.0
2012-08-29,0.08925105628272606,0,CALM,0.006297015399151,0.2244970980195946,0.0,0,0.0,1.0793171705979214,0.4277738282901938,0.1552149176720485,0.0
2012-08-30,0.22456673290798151,0,CALM,0.0044900883292425,0.9016134274817296,0.0,0,0.0,1.0816378262996362,0.4312152532932496,0.1758195765930991,0.0
2012-08-31,0.2302541183518963,0,CALM,0.0031767900910272,0.9989608090565396,0.0,0,0.0,0.926965961016652,0.2018440354685592,0.3026602953037353,0.09483355470975657
2012-09-03,0.2161219788324333,0,CALM,0.002276266786175,0.990763849238032,0.0,0,0.0,0.7595184163585487,0.0,0.3884793153236991,0.1740014228828316
2012-09-04,0.24145541861805175,0,CALM,0.0032445629603244,0.9996618556654748,0.0,0,0.0,0.7368760754476325,0.0,0.641181936572429,0.40711906744875687
2012-09-05,0.1507451998233192,0,CALM,0.0066805208134252,0.7438608083637903,0.0,0,0.0,0.7180900704765292,0.0,0.2031430254800335,0.003029079472048272
2012-09-06,0.3768698869498528,0,CALM,0.3046763645693976,1.0,0.0,0,0.0,0.7955821727598825,0.0070079580750337725,2.07570508747298,1.0
2012-09-07,0.2606037179221671,0,CALM,0.2170850419668074,0.9752428713926756,0.0,0,0.0,0.7801822400201538,0.0,0.3221782543778032,0.11283883151930096
2012-09-10,0.04440228691464153,0,CALM,0.1519892705414249,0.0037537599422858,0.0,0,0.0,0.828984573794533,0.05654217290828148,0.1513044996643756,0.0
2012-09-11,0.22585825838952733,0,CALM,0.1064127587253194,0.9529688302029116,0.0,0,0.0,0.8492622489406937,0.08661302667615156,0.1164088398508094,0.0
2012-09-12,0.20952026844887633,0,CALM,0.0744994701817099,0.9084117101243456,0.0,0,0.0,0.824446927439439,0.04981305337111519,0.245732233259675,0.04231753541468212
2012-09-13,0.026989695926964673,0,CALM,0.0521636616447533,0.0506998849542924,0.0,0,0.0,0.8165403974022536,0.038088035249178635,0.03715089455269,0.0
2012-09-14,0.1336221827059974,0,CALM,0.03652498517122,0.6032575738306485,0.0,0,0.0,0.8167468645478927,0.038394216470626914,0.1474551857729487,0.0
2012-09-17,0.033889947348595496,0,CALM,0.0255757657364269,0.0507851076256405,0.0,0,0.0,0.8276538248934509,0.054568733876550396,0.3286631236816159,0.11882111001705631
2012-09-18,0.03127060902683895,0,CALM,0.0179109633653615,0.1054072764013232,0.0,0,0.0,0.8293702609112537,0.057114129052339375,0.1442689062430102,0.0
2012-09-19,0.09354844559842028,0,CALM,0.0125457453593955,0.452060046292857,0.0,0,0.0,0.7848357468037089,0.0,0.1989812718484744,0.0
2012-09-20,0.1953864325265978,0,CALM,0.0087933818711068,0.9066539542760216,0.0,0,0.0,0.7753373717098222,0.0,0.3283941279762721,0.11857296203616786
2012-09-21,0.002794799650595025,0,CALM,0.0061681017530421,0.0062638710616725,0.0,0,0.0,0.7010404066234749,0.0,0.0469188479210118,0.0
2012-09-24,0.005826791670474212,0,CALM,0.0043400314408602,0.0181526623193851,0.0,0,0.0,0.7240359105233614,0.0,0.2119055752313222,0.011112513463821418
2012-09-25,0.006407221938809201,0,CALM,0.005628804648214,0.0250001038837785,0.0,0,0.0,0.7107148968361201,0.0,0.0836612178973277,0.0
2012-09-26,0.33460296976547205,0,CALM,0.2546623964366784,0.9999998869834972,0.0,0,0.0,0.7173152877494908,0.0,0.9688302226990372,0.70937393259603
2012-09-27,0.17889261276311608,0,CALM,0.1918691827798362,0.6072045230934776,0.0,0,0.0,0.6955202033985961,0.0,0.3026717530908311,0.09484412449461482
2012-09-28,0.2782906029720608,0,CALM,0.1498150873716219,0.999999781865559,0.0,0,0.0,0.7831073131222901,0.0,0.6425366064024691,0.4083687475604351
2012-10-01,0.27552861556564234,0,CALM,0.1173032044941177,0.999998635404638,0.0,0,0.0,0.7936851880836785,0.004194817594833192,0.6961598254272452,0.4578360560170202
2012-10-02,0.22341088593237476,0,CALM,0.0823590998371983,0.9922523682080592,0.0,0,0.0,0.8203290106232831,0.04370637331463329,0.1823970074108753,0.0
2012-10-03,0.07203533026013771,0,CALM,0.0576680713104543,0.2641938569862837,0.0,0,0.0,0.8230863704694009,0.047795410352673845,0.1548449101701683,0.0
2012-10-04,0.0758088215915626,0,CALM,0.0410240466972226,0.3050441162043717,0.0,0,0.0,0.8214979570490173,0.04543986676382597,0.0935978942607075,0.0
2012-10-05,0.2673656368971667,0,CALM,0.0857270194205996,0.9999205522758512,0.0,0,0.0,0.7496688679202566,0.0,0.6979610867640518,0.4594977158684656
2012-10-08,0.30552518378321725,0,CALM,0.1657005896285403,0.9997995750182233,0.0,0,0.0,0.7752863768104757,0.0,0.8951468931327395,0.6414012137243754
2012-10-09,0.24654136670127993,0,CALM,0.1186119850193595,0.994405883601319,0.0,0,0.0,0.7151981192247087,0.0,0.3950598334940003,0.1800719372617623
2012-10-10,0.021841757135955236,0,CALM,0.0830517011107907,0.0053941592912878,0.0,0,0.0,0.7285452465002038,0.0,0.1473822037809002,0.0
2012-10-11,0.21303445195966036,0,CALM,0.0581565689008367,0.992476548672256,0.0,0,0.0,0.771069774227829,0.0,0.1890330351642691,0.0
2012-10-12,0.01465654703833264,0,CALM,0.0407185365043864,0.0223845645611802,0.0,0,0.0,0.777636596049466,0.0,0.0883676974314924,0.0
2012-10-15,0.06459652580873468,0,CALM,0.0285147415970826,0.2873392020473201,0.0,0,0.0,0.7766875172017796,0.0,0.1229901327663332,0.0
2012-10-16,0.2403323964513226,0,CALM,0.0201602769824537,0.9996445803432016,0.0,0,0.0,0.7147895659858722,0.0,0.5832035341933722,0.35363411137068823
2012-10-17,0.00489791299432305,0,CALM,0.014120256137821,0.006839244799339,0.0,0,0.0,0.7385355133875361,0.0,0.1339989539611863,0.0
2012-10-18,0.011498740863012162,0,CALM,0.0098906909056144,0.0451303406830428,0.0,0,0.0,0.7539139816596333,0.0,0.1895999208406241,0.0
2012-10-19,0.12704090899514256,0,CALM,0.0069319614175312,0.6000682646447459,0.0,0,0.0,0.7545532345373785,0.0,0.2572500062302345,0.05294265711810569
2012-10-22,0.01691159527114136,0,CALM,0.0048609600720268,0.0784817762656733,0.0,0,0.0,0.7484916621498512,0.0,0.1301376625980171,0.0
2012-10-23,0.20971188840040048,0,CALM,0.0034332138961102,0.9996164927627506,0.0,0,0.0,0.7710602100919239,0.0,0.2966649528729881,0.0893028637382281
2012-10-24,0.17023331607441808,0,CALM,0.0024145863122167,0.8481483474818194,0.0,0,0.0,0.7675024529363809,0.0,0.1883358029821905,0.0
2012-10-25,0.14768415250747424,0,CALM,0.0016995049927945,0.7131737512737817,0.0,0,0.0,0.7618317974884675,0.0,0.2499899388980509,0.04624526004519281
2012-10-26,0.1593462182404798,0,CALM,0.0012426531641441,0.7951777747472187,0.0,0,0.0,0.7708557839598335,0.0,0.0757116447329833,0.0
2012-10-29,0.005616142531004493,0,CALM,0.0026101766491464,0.0144135501666169,0.0,0,0.0,0.7404214324757918,0.0,0.2224165689074726,0.020808883353945127
2012-10-30,0.35397712447432916,0,CALM,0.2973284280356209,0.9999995492179286,0.0,0,0.0,0.7102801718097906,0.0,1.063223002298342,0.796451076218382
2012-10-31,0.23219679747827549,0,CALM,0.2122769815744297,0.8730852822395634,0.0,0,0.0,0.6773456169213835,0.0,0.2487538345744355,0.04510495636755366
2012-11-01,0.22645567740333117,0,CALM,0.1486731765230193,0.9379988198639918,0.0,0,0.0,0.6935227857956413,0.0,0.2181534803565688,0.016876192997779496
2012-11-02,0.055326520852707964,0,CALM,0.104082138572184,0.1465299310483098,0.0,0,0.0,0.6935694432839112,0.0,0.1554163643301161,0.0
2012-11-05,0.1277591357147386,0,CALM,0.0728835690893835,0.4204292328053488,0.0,0,0.0,0.7383081406324785,0.0,0.4757668240153819,0.25452396881322964
2012-11-06,0.013975195379383855,0,CALM,0.0510257191206191,0.0060938279961454,0.0,0,0.0,0.7456193884915305,0.0,0.1578887898810316,0.0
2012-11-07,0.23989348064966867,0,CALM,0.0358745706218114,0.9999986475499202,0.0,0,0.0,0.8562364227260257,0.09695540362709809,0.4299907996962765,0.2122956812152196
2012-11-08,0.09731351284666051,0,CALM,0.025123724795257,0.4313461056732952,0.0,0,0.0,0.8229772603746329,0.04763360513187228,0.1367404087252392,0.0
2012-11-09,0.21610535205257997,0,CALM,0.0176080255088973,0.9986026032903168,0.0,0,0.0,0.8148873994596546,0.03563671580293059,0.29112420398706,0.08419153436999217
2012-11-12,0.012962282846808702,0,CALM,0.0123330697812974,0.0071541688811012,0.0,0,0.0,0.847825110076275,0.08448181625264112,0.1305470721597931,0.0
2012-11-13,0.2075779972149815,0,CALM,0.0086592141555843,0.9674866285149402,0.0,0,0.0,0.8712087551875656,0.1191586797309736,0.0964148924737087,0.0
2012-11-14,0.061214529539961836,0,CALM,0.0060752048878253,0.2402279116612487,0.0,0,0.0,0.8694169124350787,0.11650145985755762,0.0930001653810485,0.0
2012-11-15,0.1980763403086218,0,CALM,0.0043335582139641,0.879122204423388,0.0,0,0.0,0.8464735792388589,0.08247755857113849,0.3399221518032425,0.1292075401333933
2012-11-16,0.23264027918687097,0,CALM,0.0091635506544317,0.9988887914267618,0.0,0,0.0,0.8305553945658176,0.05887162741272326,0.4674424000663834,0.2468447049663831
2012-11-19,0.31198662220161405,0,CALM,0.1584041215092371,0.999999888324596,0.0,0,0.0,0.8335702647294229,0.06334254033372709,0.9158649749304498,0.6605136012601286
2012-11-20,0.22127881324618123,0,CALM,0.112382043899305,0.9060116382093124,0.0,0,0.0,0.8283919867167755,0.05566339369757148,0.2693949608541122,0.0641463525973533
2012-11-21,0.044698551380682155,0,CALM,0.0786910520603184,0.1251289418280128,0.0,0,0.0,0.7824802968688446,0.0,0.1024726620843806,0.0
2012-11-22,0.030425203508001625,0,CALM,0.0550925210202447,0.0025344643177372,0.0,0,0.0,0.8997282724354928,0.16145180389393007,0.1831917426556135,0.0
2012-11-23,0.1298386894908548,0,CALM,0.0385806949369615,0.5199995542628296,0.0,0,0.0,0.9000548134059869,0.16193604904048506,0.1019508327060005,0.0
2012-11-26,0.03141598269778363,0,CALM,0.0270241768152403,0.002427259456441,0.0,0,0.0,0.953872283210523,0.24174486602685355,0.0784249404750341,0.0
2012-11-27,0.1261377683289473,0,CALM,0.018991609566899,0.5037493382842886,0.0,0,0.0,0.9300381724263148,0.20639998280364832,0.1316176513118747,0.0
2012-11-28,0.13016040343791,0,CALM,0.0172657868333187,0.5256615627414556,0.0,0,0.0,0.9305213021424557,0.20711644181289202,0.1638271069839212,0.0
2012-11-29,0.40029464974426743,1,WATCH,0.3120850265596139,0.9999999356300172,0.0,0,0.0,0.9454172620800608,0.22920646099837974,1.2768565688692413,0.9935275987852256
2012-11-30,0.1091369177025156,0,CALM,0.2219710126864571,0.1300262072888469,0.0,0,0.0,0.9444364111596796,0.2277519044783514,0.252582970420958,0.048637326252967995
2012-12-03,0.27366857500673786,0,CALM,0.1554913373779719,0.9886544146907512,0.0,0,0.0,0.944863186404858,0.22838479241530688,0.3540752943658268,0.14226378482563937
2012-12-04,0.06599989306136128,0,CALM,0.1088578955187014,0.0944654016582584,0.0,0,0.0,0.924996481503523,0.1989233885003425,0.1226575235065004,0.0
2012-12-05,0.17188864211198593,0,CALM,0.0762139356292297,0.679073245346464,0.0,0,0.0,0.905630875698557,0.1702050913538569,0.1557418207855096,0.0
2012-12-06,0.03771195850365479,0,CALM,0.0533564485380517,0.1165883625926692,0.0,0,0.0,0.7706796539159749,0.0,0.2112976877330776,0.010551738506080204
2012-12-07,0.014270702685199465,0,CALM,0.0373565339578281,0.0246578459787122,0.0,0,0.0,0.7705324634686357,0.0,0.1384508469836801,0.0
2012-12-10,0.20123286243346503,0,CALM,0.0261634543155582,0.9088654926686756,0.0,0,0.0,0.7152344725805022,0.0,0.3399020575304835,0.12918900320840343
2012-12-11,0.08666395500091026,0,CALM,0.0183242193677771,0.3733816427588503,0.0,0,0.0,0.6934814269662147,0.0,0.2801476825359878,0.07406571607195912
2012-12-12,0.003611611438481515,0,CALM,0.0128351510881555,0.0020141183322132,0.0,0,0.0,0.7250290042680264,0.0,0.0894090079857924,0.0
2012-12-13,0.00278540554423941,0,CALM,0.0089917086786938,0.0026873918728298,0.0,0,0.0,0.7383000428135016,0.0,0.105784197374848,0.0
2012-12-14,0.004367510219250675,0,CALM,0.0063002689623011,0.0022393383635809,0.0,0,0.0,0.805940108164737,0.022368296903392926,0.2010274398986696,0.0010774561561992693
2012-12-17,0.018099805556519646,0,CALM,0.0044165032575131,0.0594532973198468,0.0,0,0.0,0.7818709004635441,0.0,0.2551985606080524,0.0510502027817201
2012-12-18,0.001182832296679025,0,CALM,0.0030988672878829,0.0020405773735415,0.0,0,0.0,0.7773507178785595,0.0,0.0954807659986454,0.0
2012-12-19,0.001012445574755075,0,CALM,0.0021751346655411,0.002343309541849,0.0,0,0.0,0.7763428151272969,0.0,0.1564374130276884,0.0
2012-12-20,0.0010623691038314001,0,CALM,0.0015297996039308,0.0033995960142435,0.0,0,0.0,0.7580875015301234,0.0,0.1000059510694117,0.0
2012-12-21,0.018619183793893657,0,CALM,0.0010819945937969,0.0519018932369428,0.0,0,0.0,0.7173771105989034,0.0,0.2862369633208679,0.07968306498055866
2012-12-27,0.00083272949772398,0,CALM,0.0012811666755764,0.0025621891441494,0.0,0,0.0,0.6851618780217962,0.0,0.0991381134110243,0.0
2012-12-28,0.25314352318176386,0,CALM,0.0629139562043502,0.9993115501789858,0.0,0,0.0,0.6957345543316283,0.0,0.606935977278178,0.37552724094879153
2013-01-03,0.42327206131244255,1,WATCH,0.3440397693430451,1.0,0.0,0,0.0,1.0421260986029623,0.37262118976681285,2.0205728118651405,1.0
2013-01-04,0.11168250330352794,0,CALM,0.2516389927757711,0.0612184938938237,0.0,0,0.0,1.0371828381590456,0.36529056330820414,0.1036925395872044,0.0
2013-01-07,0.1953564688581141,0,CALM,0.1765117129195977,0.5597737907964706,0.0,0,0.0,1.0343685082401792,0.36111704228891733,0.2341368109971483,0.03162078240028852
2013-01-08,0.2392382037729842,0,CALM,0.1236072912755577,0.8488949895713319,0.0,0,0.0,1.0334573415246782,0.35976582421966197,0.2278356844106875,0.02580800617862178
2013-01-09,0.058966498827013006,0,CALM,0.0865645710691984,0.0100519907748606,0.0,0,0.0,1.0289958097262837,0.3531495790474128,0.0741103900957782,0.0
2013-01-10,0.21513742407343747,0,CALM,0.0606323942009014,0.8171333052158058,0.0,0,0.0,1.032547563827949,0.35841666600096006,0.2075667745232772,0.0071099787995495085
2013-01-11,0.0589866299937048,0,CALM,0.0424692728466846,0.0699554955238987,0.0,0,0.0,1.0226790567786168,0.343782126772539,0.1869459762403234,0.0
2013-01-14,0.13812850360161247,0,CALM,0.0297702449053229,0.4779662089191762,0.0,0,0.0,1.0274970622571762,0.35092700591446513,0.1102840301407758,0.0
2013-01-15,0.09658530797891918,0,CALM,0.020868717545893,0.2816064391819354,0.0,0,0.0,1.0271878156852543,0.35046840756058834,0.1929879970798427,0.0
2013-01-16,0.09748152892299615,0,CALM,0.0146328797967448,0.2785453429606148,0.0,0,0.0,1.0115174934715203,0.32723004495796904,0.2583011757896417,0.05391235885890091
2013-01-17,0.14617386112565717,0,CALM,0.0102768961075285,0.5529279360662644,0.0,0,0.0,1.013513815986241,0.33019049885522145,0.1256707578621847,0.0
2013-01-18,0.05290842516260388,0,CALM,0.007214131970676,0.119268758557944,0.0,0,0.0,0.9746190793952492,0.27251140458346074,0.1205634335878164,0.0
2013-01-21,0.06355434113158054,0,CALM,0.0051017426305348,0.0539995842160671,0.0,0,0.0,1.0121290748606198,0.32813699185332074,0.4021936784498558,0.18665289445401342
2013-01-22,0.20005972929901703,0,CALM,0.0035922976678098,0.8414232531544028,0.0,0,0.0,0.9765816055402056,0.27542174002848735,0.2360094656992969,0.03334830248335287
2013-01-23,0.032660938121690526,0,CALM,0.0025351857593411,0.0223081728239004,0.0,0,0.0,0.976738947700852,0.2756550711707517,0.0903139331742887,0.0
2013-01-24,0.12340836508423322,0,CALM,0.0017923479847864,0.5025941137375494,0.0,0,0.0,0.9421859356184432,0.22441455340526742,0.125221782102512,0.0
2013-01-25,0.11294649631394467,0,CALM,0.0012666714392438,0.4735048502760991,0.0,0,0.0,0.9117561461771624,0.17928858398913897,0.1706764550581154,0.0
2013-01-28,0.029680466533022053,0,CALM,0.0009021467119682,0.0031535375752622,0.0,0,0.0,0.9694348728088878,0.26482346614686847,0.2252457068589323,0.023418757252907176
2013-01-29,0.07690454034206744,0,CALM,0.0006558381330032,0.2277296666056875,0.0,0,0.0,0.9700425786711588,0.26572466581529736,0.2499645177204193,0.046221809061493924
2013-01-30,0.04837361841712697,0,CALM,0.0010760958784294,0.1128901981395516,0.0,0,0.0,0.962989683165268,0.255265548196093,0.0647004078615795,0.0
2013-01-31,0.28816855728999813,0,CALM,0.0272427616182553,0.9999419779210652,0.0,0,0.0,0.950355489895834,0.23652962430236724,0.825514080909286,0.5771650887098453
2013-02-01,0.00585086049583158,0,CALM,0.0208528722439888,0.0031882121741719,0.0,0,0.0,0.5552705870020443,0.0,0.1908825340707262,0.0
2013-02-04,0.24784492589241452,0,CALM,0.0187458524540255,0.9999999371117896,0.0,0,0.0,0.7919208026580553,0.0015783156663997618,0.6659921499608771,0.43000643789910237
2013-02-05,0.18664159266929556,0,CALM,0.0131738442550691,0.8881205848357066,0.0,0,0.0,0.8163512991202936,0.037807611248715664,0.2209245891678558,0.019432535135153934
2013-02-06,0.18895841812102548,0,CALM,0.0092482861617966,0.8760718271346706,0.0,0,0.0,0.8679457617893186,0.11431981153642179,0.0642594711803285,0.0
2013-02-07,0.20249025467604284,0,CALM,0.0064911825551628,0.9336706736151804,0.0,0,0.0,0.8861617258225538,0.14133324314216048,0.1462743396071091,0.0
2013-02-08,0.19810028283401,0,CALM,0.004555943906468,0.8667715814969481,0.0,0,0.0,0.8864668514222916,0.1417857302850116,0.3020646523240535,0.09428407529502199
2013-02-11,0.04290601374799834,0,CALM,0.0031981365756992,0.1496146058065421,0.0,0,0.0,0.8730138720045166,0.12183558442765112,0.1564606806534444,0.0
2013-02-12,0.22520478343443712,0,CALM,0.0022566652707914,0.9876142497566904,0.0,0,0.0,0.8806591129027509,0.13317312284928182,0.3494582259795836,0.13800454880472998
2013-02-13,0.03266211828433682,0,CALM,0.0015878197022048,0.0949439955470319,0.0,0,0.0,0.8803829880646786,0.13276364249379244,0.1967432072686689,0.0
2013-02-14,0.10897858668642058,0,CALM,0.0011273601818743,0.4788501358871535,0.0,0,0.0,0.8780252288075231,0.12926719463521286,0.085921467006165,0.0
2013-02-15,0.022300326396368458,0,CALM,0.0008097215358155,0.046113465931924,0.0,0,0.0,0.877677836728888,0.1287520282602978,0.0757865430443612,0.0
2013-02-18,0.03967016203766273,0,CALM,0.0013169237489985,0.1192131659421198,0.0,0,0.0,0.8817121629416108,0.13473474732055668,0.22180881517986,0.02024823179933478
2013-02-19,0.28810697171514416,0,CALM,0.0975876172132335,0.9999998735443958,0.0,0,0.0,0.8372649844859457,0.06882163873681468,0.8158817553018707,0.5682792882927513
2013-02-20,0.07264119400186861,0,CALM,0.1477483881876177,0.1430079618641807,0.0,0,0.0,0.8387508077159228,0.07102504582128052,0.0581967701617298,0.0
2013-02-21,0.556937265119185,1,WATCH,0.4034238717313324,1.0,0.0,1,1.0,0.8318645011320598,0.060812971863518465,2.4936426745850646,1.0
2013-02-22,0.4516796070646655,1,WATCH,0.5823967102119326,0.9999999999903584,0.0,0,0.0,0.8318586501555246,0.06080429513610667,1.6018549007037692,1.0
2013-02-25,0.3352900059458116,0,CALM,0.4529033703563742,0.9997901106198368,0.0,0,0.0,0.8931302742494277,0.15166727794686152,0.2750836259693099,0.06939413438064537
2013-02-26,0.3392072989264958,0,CALM,0.3568057358932532,0.99999743127259,0.0,0,0.0,0.775856790663115,0.0,0.7419352463537918,0.5000637869866448
2013-02-27,0.17887467825334585,0,CALM,0.2506214750369148,0.5810965474705858,0.0,0,0.0,0.7532232970457843,0.0,0.0475653414942868,0.0
2013-02-28,0.046637746423696606,0,CALM,0.1754547217216905,0.0138703299663699,0.0,0,0.0,0.7540402889049318,0.0,0.0556751382221878,0.0
2013-03-01,0.22027780694861954,0,CALM,0.1228365699433468,0.9393155109970242,0.0,0,0.0,0.7327450738648881,0.0,0.2183479844638469,0.01705562263378013
2013-03-04,0.0488803371076056,0,CALM,0.0863663799444116,0.1364437106075135,0.0,0,0.0,0.677244787962641,0.0,0.1079042192029301,0.0
2013-03-05,0.2773168685224367,0,CALM,0.0882214277639578,0.9999590354335892,0.0,0,0.0,0.5742667840247757,0.0,0.7989903966676294,0.552697044947294
2013-03-06,0.09194106491576133,0,CALM,0.0624323743133462,0.3206173713327897,0.0,0,0.0,0.5833241959030806,0.0,0.3322120321304553,0.12209497070866841
2013-03-07,0.014721678440702355,0,CALM,0.0437154269569235,0.0030248518764989,0.0,0,0.0,0.6668149366054434,0.0,0.2344161946722062,0.03187851326171699
2013-03-08,0.1258992352135593,0,CALM,0.0306169880561416,0.512235812632475,0.0,0,0.0,0.6651698047059525,0.0,0.3711099905135115,0.1579782567302891
2013-03-11,0.017609164761896733,0,CALM,0.0214393033107982,0.0135060369862829,0.0,0,0.0,0.7264248956811679,0.0,0.3033624764575472,0.09548131536940602
2013-03-12,0.00627427670315696,0,CALM,0.0150139982500156,0.0126038857032653,0.0,0,0.0,0.7406768898083868,0.0,0.1617571646493835,0.0
2013-03-13,0.011412018149430755,0,CALM,0.0105166657372021,0.0107151383936364,0.0,0,0.0,0.7948741177725728,0.00595794529844415,0.2653775452933115,0.060440295065585355
2013-03-14,0.23388245128654306,0,CALM,0.0074914616768899,0.9692095153778733,0.0,0,0.0,0.8014454875153861,0.015702982496565026,0.5965799697086057,0.36597384542089406
2013-03-15,0.006814801222581704,0,CALM,0.0052599931107162,0.0224131824131267,0.0,0,0.0,0.7977155546095653,0.010171664622773132,0.0246161979906707,0.0
2013-03-18,0.21969816068792813,0,CALM,0.0037122961459737,0.9996817505882086,0.0,0,0.0,0.8485169606385627,0.08550779861688229,0.3113280784676908,0.10282956672104727
2013-03-19,0.06763985497672191,0,CALM,0.0026101448147675,0.3039947209709581,0.0,0,0.0,0.8325865559819492,0.061883745788384154,0.1033055822724449,0.0
2013-03-20,0.06550546152519483,0,CALM,0.0018343177471226,0.2887067354224125,0.0,0,0.0,0.8057956328408118,0.02215404668449421,0.2550371516527179,0.050901303354822625
2013-03-21,0.056169059700205776,0,CALM,0.0012955404416755,0.2672874275833894,0.0,0,0.0,0.8069573980561944,0.023876890731090075,0.0938140776009932,0.0
2013-03-22,0.15534968958534637,0,CALM,0.0009169829381799,0.7639726257993481,0.0,0,0.0,0.8019243739641753,0.01641314893670938,0.2072806591631686,0.0068460379726081
2013-03-25,0.2200320098948333,0,CALM,0.00073424197369,0.9999072044266448,0.0,0,0.0,0.924825671493539,0.19867008516081794,0.1468816286925657,0.0
2013-03-26,0.02981131036776244,0,CALM,0.0005291577233003,0.0885524416753315,0.0,0,0.0,0.8715638885144109,0.11968532601871064,0.0927048632793928,0.0
2013-03-27,0.21727039106291926,0,CALM,0.0006438608344145,0.9936277611880262,0.0,0,0.0,0.91482444973923,0.18383873616710408,0.0622683013771892,0.0
2013-03-28,0.1865915846576358,0,CALM,0.0044480694310131,0.8477420225690027,0.0,0,0.0,0.8982850877926486,0.15931162786082004,0.1803369241960211,0.0
2013-04-02,0.3961185552529085,0,CALM,0.3031136486017092,1.0,0.0,0,0.0,0.928016159371762,0.20340143102481212,1.7313055410809584,1.0
2013-04-03,0.25557667655602906,0,CALM,0.2163262343867811,0.9034128862157426,0.0,0,0.0,0.9160531975190088,0.18566091225667017,0.2242112738065652,0.02246449490518262
2013-04-04,0.25820653395586113,0,CALM,0.1516311225394086,0.9889143429996584,0.0,0,0.0,0.9426878351693454,0.22515884721077292,0.1156103028869223,0.0
2013-04-05,0.2545491521130888,0,CALM,0.1062755669667066,0.9948210016894052,0.0,0,0.0,0.9865204594095874,0.290160600335311,0.0458467442154243,0.0
2013-04-08,0.1020657648726518,0,CALM,0.0744185281251641,0.2375898080216099,0.0,0,0.0,1.008812879845686,0.32321922812345366,0.2391142767518345,0.03621248424693422
2013-04-09,0.2300314838111293,0,CALM,0.0521289119984078,0.959698120624402,0.0,0,0.0,0.9502552821359764,0.2363810208322277,0.2152690327257992,0.014215296034241742
2013-04-10,0.2710111574444473,0,CALM,0.0373012525645834,0.9999980797223016,0.0,0,0.0,0.95976526560172,0.2504838861790663,0.5970185094343449,0.36637839740934486
2013-04-11,0.051535860710347395,0,CALM,0.0261366960051951,0.1428197993259131,0.0,0,0.0,0.9017010005844032,0.16437726843866002,0.0815934974536338,0.0
2013-04-12,0.23052562264597898,0,CALM,0.0183159372348247,0.9917847519117268,0.0,0,0.0,0.8709439263741704,0.11876595085728747,0.3701914756720666,0.15713092869198703
2013-04-15,0.17903309325961947,0,CALM,0.0128322857911753,0.8791251090591281,0.0,0,0.0,0.7834269927151952,0.0,0.1963732199999395,0.0
2013-04-16,0.09346191498533665,0,CALM,0.008993492141961,0.456067709749232,0.0,0,0.0,0.7303498153587179,0.0,0.162736369896585,0.0
2013-04-17,0.21597743036032346,0,CALM,0.0063723213701429,0.9999897360299086,0.0,0,0.0,0.7893230383146186,0.0,0.3558099793373715,0.14386402811806012
2013-04-18,0.14377007100197273,0,CALM,0.0044716696588316,0.7132607679363241,0.0,0,0.0,0.7731256073256959,0.0,0.1733755997294799,0.0
2013-04-19,0.020206035056171242,0,CALM,0.0031538387816149,0.0946134535632533,0.0,0,0.0,0.7941936522904469,0.004948846481168531,0.1698151391808029,0.0
2013-04-22,0.08076710647706122,0,CALM,0.004709113499525,0.3979491405108998,0.0,0,0.0,0.7700089225482742,0.0,0.1673811307813305,0.0
2013-04-23,0.37716103749953944,0,CALM,0.3032963794496675,1.0,0.0,0,0.0,0.7998719008985827,0.013369426371225289,1.881257548113384,1.0
2013-04-24,0.27621398801587926,0,CALM,0.2202169091058406,0.9972794526290536,0.0,0,0.0,0.7965830293304418,0.00849218204839188,0.42592665926549,0.20854652008769192
2013-04-25,0.04172571353971742,0,CALM,0.1542181638874472,0.0158558628392781,0.0,0,0.0,0.7579011827828562,0.0,0.1094895610569628,0.0
2013-04-26,0.04003921973935883,0,CALM,0.1079610076301418,0.0652448391591169,0.0,0,0.0,0.771335048327839,0.0,0.1877602057988491,0.0
2013-04-29,0.2562879199825604,0,CALM,0.07578796371974,0.9901588262458788,0.0,0,0.0,0.7717893481066118,0.0,0.6259760168791093,0.3930916380344959
2013-04-30,0.032894300524933195,0,CALM,0.0530621354023763,0.0981438333716956,0.0,0,0.0,0.7790884110989753,0.0,0.1178095727266841,0.0
2013-05-02,0.2045315081746212,0,CALM,0.0371646968642116,0.9762016697928414,0.0,0,0.0,0.7827774577899675,0.0,0.1305497061051755,0.0
2013-05-03,0.18934891381409072,0,CALM,0.026030085521029,0.9142069621691672,0.0,0,0.0,0.7870179444881382,0.0,0.1447510968493003,0.0
2013-05-06,0.02186191748449471,0,CALM,0.0182306063359351,0.002329665856952,0.0,0,0.0,0.9044024057608372,0.16838332729120534,0.1345699123532434,0.0
2013-05-07,0.02584172992693341,0,CALM,0.0127702327287045,0.043313336093153,0.0,0,0.0,0.8851716761249675,0.13986504526126683,0.1440659016454185,0.0
2013-05-08,0.02200118649554647,0,CALM,0.0089473155483886,0.0343893445062181,0.0,0,0.0,0.8777539407976285,0.128864887072057,0.1556795232861956,0.0
2013-05-10,0.21891927827320667,0,CALM,0.0062781426822463,0.983204574282689,0.0,0,0.0,0.8788292524786819,0.13045952452841075,0.2829260485162329,0.07662875293266237
2013-05-13,0.0374971525511991,0,CALM,0.0044026016037298,0.1223444108388579,0.0,0,0.0,0.871269509889503,0.11924877614215008,0.1998891907587634,2.742368280062336e-05
2013-05-14,0.17315136662191744,0,CALM,0.0030930265425726,0.8033067556607242,0.0,0,0.0,0.8698661029089715,0.11716758854129423,0.1886049636279091,0.0
2013-05-15,0.07059972021446452,0,CALM,0.0021739336227704,0.2885584575014436,0.0,0,0.0,0.8740994545393623,0.12344545308483196,0.1875733978892261,0.0
2013-05-16,0.021537118141696086,0,CALM,0.001530148481869,0.0279109536906594,0.0,0,0.0,0.8958657776117455,0.15572390283096957,0.1774931676536391,0.0
2013-05-17,0.0535892888347382,0,CALM,0.0010847259631685,0.1900975844500018,0.0,0,0.0,0.894019463558456,0.15298590453945712,0.0913861398630355,0.0
2013-05-21,0.0950785678857008,0,CALM,0.0007674294735222,0.4315950814947684,0.0,0,0.0,0.7655362135072227,0.0,0.2927344057752497,0.08567694218366557
2013-05-22,0.029406670990483594,0,CALM,0.0005464425145322,0.1463503018092527,0.0,0,0.0,0.7570807605148773,0.0,0.1354590422507864,0.0
2013-05-23,0.14840659567163242,0,CALM,0.0004578136585457,0.7414607112849799,0.0,0,0.0,0.7763461230334993,0.0,0.1034682512995849,0.0
2013-05-24,0.12136960247315248,0,CALM,0.0045091680740303,0.6012115522732245,0.0,0,0.0,0.7887025193850423,0.0,0.0912267746635383,0.0
2013-05-27,0.3757891044129553,0,CALM,0.3031564176518213,1.0,0.0,0,0.0,0.7410908013569576,0.0,2.141683624089173,1.0
2013-05-28,0.1295964614178894,0,CALM,0.2166903053896336,0.377119425352405,0.0,0,0.0,0.743935951242065,0.0,0.082245105390438,0.0
2013-05-29,0.26760280490512717,0,CALM,0.1520570912174636,0.9887673016221832,0.0,0,0.0,0.7409615689932986,0.0,0.5449558671506068,0.31835071776324636
2013-05-30,0.04609538691256861,0,CALM,0.1064557857321047,0.0974072023977122,0.0,0,0.0,0.7405594223183343,0.0,0.0815772872033781,0.0
2013-05-31,0.12253564254860926,0,CALM,0.074528550320356,0.5195175248426013,0.0,0,0.0,0.7370240301459587,0.0,0.1917407365766861,0.0
2013-06-03,0.21019210382261605,0,CALM,0.0521887219796751,0.9857246166384864,0.0,0,0.0,0.7870794410010605,0.0,0.1677506955084826,0.0
2013-06-04,0.08515558384149902,0,CALM,0.0365404986508145,0.3711182336527834,0.0,0,0.0,0.7334813875405635,0.0,0.2193371485808173,0.017968124482387014
2013-06-05,0.1310362023842293,0,CALM,0.0255910270016064,0.6231922281691384,0.0,0,0.0,0.7166369944169979,0.0,0.1558763409204097,0.0
2013-06-06,0.08857738234249803,0,CALM,0.0179542870575327,0.4204440528905742,0.0,0,0.0,0.6458432457249644,0.0,0.0388547983892444,0.0
2013-06-07,0.18450665617549641,0,CALM,0.012606252366135,0.9067754654198132,0.0,0,0.0,0.6881109565461181,0.0,0.0694809540979217,0.0
2013-06-10,0.0065984942730049605,0,CALM,0.0088333253217496,0.0219508147128378,0.0,0,0.0,0.6733777154934292,0.0,0.1730662351422007,0.0
2013-06-11,0.1838374388684929,0,CALM,0.0061992872252581,0.9047873687951284,0.0,0,0.0,0.6839943270434811,0.0,0.214278393099707,0.013301433031526878
2013-06-12,0.06550744934389637,0,CALM,0.004353317560921,0.3220955997683306,0.0,0,0.0,0.6646141183074011,0.0,0.1580677737746845,0.0
2013-06-13,0.19793058006618525,0,CALM,0.0030682901673728,0.9815506169423714,0.0,0,0.0,0.6967184540181385,0.0,0.209110260438552,0.008533841358677385
2013-06-14,0.015356154233826648,0,CALM,0.0021561781519141,0.0740855484792406,0.0,0,0.0,0.6964287239030063,0.0,0.1923730289966242,0.0
2013-06-17,0.02047181488905856,0,CALM,0.0015296317116912,0.1004470348056788,0.0,0,0.0,0.6450176740003041,0.0,0.0792252294246845,0.0
2013-06-18,0.09576184734586744,0,CALM,0.001087099294733,0.4381819434348185,0.0,0,0.0,0.6436981484948764,0.0,0.2849944384400532,0.07853683835220492
2013-06-19,0.00221292225253187,0,CALM,0.0009491052783426,0.0098782296647311,0.0,0,0.0,0.6353149989805432,0.0,0.0611894504988338,0.0
2013-06-20,0.2537413428148143,0,CALM,0.0106811352106688,0.9999983770447384,0.0,0,0.0,0.6564563172599391,0.0,0.7534800408938984,0.5107138360319937
2013-06-21,0.20118772590580775,0,CALM,0.0077969674930775,0.9961462511308024,0.0,0,0.0,0.7011431568268006,0.0,0.1999595588094553,9.233806377905065e-05
2013-06-24,0.17694216017848435,0,CALM,0.0055060248396865,0.8778282698428135,0.0,0,0.0,0.7277865916062606,0.0,0.040528410445191,0.0
2013-06-25,0.07458038750831901,0,CALM,0.0038752749761778,0.3603097286333589,0.0,0,0.0,0.6022204107108884,0.0,0.2166575825561632,0.01549623037602786
2013-06-26,0.21111254366752494,0,CALM,0.0027649709753154,0.9988614434068752,0.0,0,0.0,0.6386071166859125,0.0,0.315296169441182,0.1064901224232103
2013-06-27,0.07339840402152192,0,CALM,0.0019617504272262,0.3645398320735769,0.0,0,0.0,0.6134805721766176,0.0,0.1301380643692971,0.0
2013-06-28,0.04495541649268198,0,CALM,0.0014140526603036,0.2230095166380304,0.0,0,0.0,0.6055483271982072,0.0,0.0602108105290708,0.0
2013-07-01,0.18807529115406918,0,CALM,0.0010264765765631,0.939093360049642,0.0,0,0.0,0.608177414408404,0.0,0.1920822770159936,0.0
2013-07-02,0.06810486798195486,0,CALM,0.0007373816924504,0.3231453207399269,0.0,0,0.0,0.6064417772995996,0.0,0.2355393092236008,0.032914584108568734
2013-07-03,0.19737768163576308,0,CALM,0.0005572641437127,0.946990577356023,0.0,0,0.0,0.5900946071711946,0.0,0.284848815277347,0.0784025012863029
2013-07-04,0.22336245100036722,0,CALM,0.0005356009237163,0.9993930672303458,0.0,0,0.0,0.5987293856618365,0.0,0.4529758833144446,0.23349937323368974
2013-07-05,0.21503018779358057,0,CALM,0.00045502484846,0.9989777816134422,0.0,0,0.0,0.613880904414975,0.0,0.363771758160685,0.1512087525877713
2013-07-08,0.08574341262788733,0,CALM,0.0003461333713936,0.4282843964251946,0.0,0,0.0,0.5964136003901909,0.0,0.1613826371313525,0.0
2013-07-09,0.001021074467113425,0,CALM,0.0002535345215653,0.0047884541836105,0.0,0,0.0,0.6253494073687926,0.0,0.1571546676957773,0.0
2013-07-10,0.03284294791083186,0,CALM,0.0001887689435241,0.1488192541284799,0.0,0,0.0,0.6495469952507239,0.0,0.2327257141611848,0.03031904849254854
2013-07-11,0.2037276965203686,0,CALM,0.0001570158464096,0.9350501704478827,0.0,0,0.0,0.6520651362002812,0.0,0.3806556249175785,0.1667840846918965
2013-07-12,0.007894787119146124,0,CALM,0.0001255965447197,0.039316939914831,0.0,0,0.0,0.6499274129397477,0.0,0.0920044857416743,0.0
2013-07-15,0.0018011438170289122,0,CALM,9.483208385847616e-05,0.0083142022330689,0.0,0,0.0,0.7022786833039122,0.0,0.2011016919226667,0.0011459534945051284
2013-07-16,0.21744925353743816,0,CALM,9.883004461697097e-05,0.9647432315793676,0.0,0,0.0,0.715113409272798,0.0,0.4651814650567729,0.24475899710410398
2013-07-17,0.15953608179681739,0,CALM,8.599351266438391e-05,0.7975729170932564,0.0,0,0.0,0.7056522769694044,0.0,0.1756659959598761,0.0
2013-07-18,0.23395224535255094,0,CALM,0.000278016351738,0.999843895692349,0.0,0,0.0,0.6905441706730538,0.0,0.5674913145066796,0.33913962126146635
2013-07-19,0.014159264598602186,0,CALM,0.0002025091303839,0.0418567954557627,0.0,0,0.0,0.7410745575435346,0.0,0.2620523206796806,0.0573727822485367
2013-07-22,0.0017107963515991598,0,CALM,0.0001475575842448,0.0083695347776898,0.0,0,0.0,0.7682494644760972,0.0,0.1883824067888131,0.0
2013-07-23,0.014621385261582208,0,CALM,0.0001095320024818,0.0475156535945952,0.0,0,0.0,0.7799239235105289,0.0,0.2550451864302253,0.05090871542042715
2013-07-24,0.01995991321189333,0,CALM,8.33623069241436e-05,0.0971780149033361,0.0,0,0.0,0.794251543553465,0.005034696544950722,0.1896563662622108,0.0
2013-07-25,0.14736623684072736,0,CALM,6.80490526369653e-05,0.7258134350753898,0.0,0,0.0,0.7413366167771326,0.0,0.2235618205536824,0.02186537562490141
2013-07-26,0.04570468774613916,0,CALM,5.730917037829698e-05,0.2284518022677229,0.0,0,0.0,0.7343561961512185,0.0,0.1404633904439966,0.0
2013-07-29,0.13185420593518724,0,CALM,5.02688983128834e-05,0.6271133813009926,0.0,0,0.0,0.7210692010918333,0.0,0.2694418681754478,0.06418962450410527
2013-07-30,0.000621470200113935,0,CALM,0.0001066254360199,0.0029740692055448,0.0,0,0.0,0.7111624900877165,0.0,0.0766024224494891,0.0
2013-07-31,0.21716234533645237,0,CALM,0.0073849249814057,0.9694544617756048,0.0,0,0.0,0.71061411025857,0.0,0.4321117108492005,0.2142522173597996
2013-08-02,0.3790255785893437,0,CALM,0.3051692922772058,1.0,0.0,0,0.0,0.8092876558554636,0.027332555200423023,1.2902572386950135,1.0
2013-08-05,0.05564955464507117,0,CALM,0.2155818600490457,0.0066612095599751,0.0,0,0.0,0.793701142467833,0.004218477208147214,0.1195821577224958,0.0
2013-08-06,0.10579234367590976,0,CALM,0.1509407271708704,0.3402858094159608,0.0,0,0.0,0.7343894239011872,0.0,0.1181837308575507,0.0
2013-08-07,0.027903398298045487,0,CALM,0.1056668594671485,0.0074334171562918,0.0,0,0.0,0.7265030408262526,0.0,0.1018193485891966,0.0
2013-08-08,0.020868808788116998,0,CALM,0.0739736602666159,0.0118769686073151,0.0,0,0.0,0.7237861986487318,0.0,0.1570720322969128,0.0
2013-08-09,0.024709109118122026,0,CALM,0.0517888959429193,0.058809425661961,0.0,0,0.0,0.7254570893893594,0.0,0.1781841409852996,0.0
2013-08-12,0.11044636825693706,0,CALM,0.0362611225815266,0.4789207380948892,0.0,0,0.0,0.7207554280031826,0.0,0.2605310356124939,0.05596939992577554
2013-08-13,0.006786240325020411,0,CALM,0.0253910344623615,0.0020505922209536,0.0,0,0.0,0.7910477592194507,0.00028363265239316854,0.0678555608970829,0.0
2013-08-14,0.006629769638128495,0,CALM,0.0177800707561098,0.0043362287014714,0.0,0,0.0,0.7997408352552754,0.01317506208806766,0.1354996304659042,0.0
2013-08-15,0.1954836354039256,0,CALM,0.0124568112109105,0.9241662596397292,0.0,0,0.0,0.8105970030986578,0.02927425656399929,0.2498189792982073,0.0460875501685222
2013-08-16,0.0071117745544418,0,CALM,0.0087500165601328,0.024621352072043,0.0,0,0.0,0.7853224826279314,0.0,0.0727709870643253,0.0
2013-08-19,0.25195530521551723,0,CALM,0.0083320927341638,0.9996805633797294,0.0,0,0.0,0.7484495544005615,0.0,0.7411741677596412,0.4993616935603036
2013-08-20,0.0703926178000456,0,CALM,0.0058642823889809,0.3446327360140019,0.0,0,0.0,0.7486477125452992,0.0,0.1378631367626465,0.0
2013-08-21,0.21337026567663278,0,CALM,0.0041358959878333,0.9370724586820112,0.0,0,0.0,0.7290463752251604,0.0,0.4700150827723869,0.24921799943272238
2013-08-22,0.1923724895875592,0,CALM,0.0029075630863427,0.9258595421067188,0.0,0,0.0,0.7300589252241283,0.0,0.2700351263556901,0.06473690394629764
2013-08-23,0.031484717142964073,0,CALM,0.002044743321425,0.1548676565630391,0.0,0,0.0,0.7289295635671821,0.0,0.1368443575909874,0.0
2013-08-26,0.0362818505157543,0,CALM,0.0014392552310316,0.1426511610163812,0.0,0,0.0,0.7271457207953279,0.0,0.2799876051848795,0.07391804504720154
2013-08-27,0.22087333314008742,0,CALM,0.0010565340239322,0.9998508265387804,0.0,0,0.0,0.782385546967216,0.0,0.4235893349657011,0.20639034326348246
2013-08-28,0.10414205711258664,0,CALM,0.0007670359250372,0.506766625717614,0.0,0,0.0,0.7816866747992893,0.0,0.2280109950476773,0.025969729878045494
2013-08-29,0.14170093602681808,0,CALM,0.0030139722074883,0.6783350487534312,0.0,0,0.0,0.7650028136598385,0.0,0.2571000602289786,0.052804332242597375
2013-08-30,0.3755274451363104,0,CALM,0.3021097805452418,1.0,0.0,0,0.0,0.7651433335934081,0.0,1.948084628050687,1.0
2013-09-03,0.40296323956060576,1,WATCH,0.511410613977021,0.9999999999668916,0.0,0,0.0,0.8326057768813978,0.061912249492701334,0.9469544864605416,0.6891936112370199
2013-09-04,0.30371739955131666,0,CALM,0.362508296026745,0.9934201697489156,0.0,0,0.0,0.8295105426743202,0.05732216041456744,0.2938875935685873,0.08674075553390559
2013-09-05,0.08440636095913201,0,CALM,0.2538015432383779,0.0775598210554216,0.0,0,0.0,0.8275670895554681,0.054440109384532136,0.1204284763110284,0.0
2013-09-06,0.25535578615954846,0,CALM,0.1776871325067572,0.9816848460732488,0.0,0,0.0,0.8230826278647857,0.04778986024324147,0.3062884045130822,0.09818047793885287
2013-09-09,0.04770209371204335,0,CALM,0.1253049344993726,0.0080207677533879,0.0,0,0.0,0.8704233983367581,0.11799403186843505,0.2320796259939339,0.029723033496791142
2013-09-10,0.3335800629999564,0,CALM,0.2221571927397114,0.999995670813753,0.0,0,0.0,0.8687431889299266,0.11550235908010781,0.9206350086050816,0.6649139474426711
2013-09-11,0.28062568988128234,0,CALM,0.1673729451822302,0.9511463986244478,0.0,0,0.0,0.8945029355034118,0.15370287105819466,0.5595663604364216,0.3318288675501573
2013-09-12,0.04358282104721763,0,CALM,0.1172426231298005,0.0145460984126218,0.0,0,0.0,0.8551309062756653,0.09531597389577327,0.2197115206348829,0.018313481926658156
2013-09-13,0.03003708642277562,0,CALM,0.0820778174278719,0.0092270012302137,0.0,0,0.0,0.8425926487011839,0.07672231819764906,0.121048914694835,0.0
2013-09-16,0.027312243743581856,0,CALM,0.0574617867039275,0.0112485713815809,0.0,0,0.0,0.8629901225605877,0.10697082791283798,0.1509398454891521,0.0
2013-09-17,0.03224955600330053,0,CALM,0.0402317962281777,0.0136818929166223,0.0,0,0.0,0.9050484387304394,0.16934136428598423,0.2271884343551555,0.02521091934333222
2013-09-18,0.029585112469399537,0,CALM,0.0281739061220957,0.0071619229860995,0.0,0,0.0,0.9332024860210172,0.2110925134165571,0.125818009267834,0.0
2013-09-19,0.21733756432271625,0,CALM,0.0197390241451764,0.9459586820116715,0.0,0,0.0,0.9341682356795646,0.21252467546418954,0.2210909941394371,0.01958604337668862
2013-09-20,0.0819932060253606,0,CALM,0.0138305331134228,0.2462516204873031,0.0,0,0.0,0.9452731028054322,0.22899267946596083,0.2690843416547671,0.06385980702948199
2013-09-23,0.07363980876941138,0,CALM,0.0097066833181754,0.24899428605853,0.0,0,0.0,0.9352593903102484,0.2141428072816153,0.0454642645152908,0.0
2013-09-24,0.04620150022843008,0,CALM,0.0068125291672372,0.0413829950477791,0.0,0,0.0,0.9734577881443276,0.270789263404225,0.2989690904359017,0.09142842586642462
2013-09-25,0.03915904973598635,0,CALM,0.0047859253076299,0.0495366010006657,0.0,0,0.0,0.9800414182071228,0.2805524820894573,0.1507503743447571,0.0
2013-09-26,0.041761188269947874,0,CALM,0.0033610976604107,0.1083068278618731,0.0,0,0.0,0.9207293856426396,0.19259548282470576,0.1608820035719486,0.0
2013-09-27,0.057359210375640624,0,CALM,0.0023642549859387,0.1901549607262473,0.0,0,0.0,0.917206728179229,0.1873715448390648,0.1564391538285522,0.0
2013-09-30,0.21109290766585995,0,CALM,0.0016797577241521,0.8976616456192062,0.0,0,0.0,0.9116862053939546,0.1791848650445809,0.3431893525627519,0.1322215260652257
2013-10-01,0.2592457066963224,0,CALM,0.0017736269402753,0.9999054217125442,0.0,0,0.0,0.9114991769094196,0.17890751045790665,0.6435511324414369,0.40930464572954106
2013-10-02,0.005545313210320034,0,CALM,0.0012580011592907,0.0248226798232177,0.0,0,0.0,0.6383323943603582,0.0,0.2027459406711776,0.0026627695585381785
2013-10-03,0.00083444351802314,0,CALM,0.0009049196804184,0.0030410679895927,0.0,0,0.0,0.5662045875932276,0.0,0.0907071318610704,0.0
2013-10-04,0.00741211200569848,0,CALM,0.0006562016464812,0.0362403079703909,0.0,0,0.0,0.5748054927834539,0.0,0.1604708795218094,0.0
2013-10-07,0.09363322397562557,0,CALM,0.0005140556804418,0.4258420858325282,0.0,0,0.0,0.5505347189951285,0.0,0.2902259846474599,0.08336292889009476
2013-10-08,0.0006787292889730251,0,CALM,0.0009621834440145,0.002190917139847,0.0,0,0.0,0.5187587403931185,0.0,0.0319679669969843,0.0
2013-10-09,0.015589608800657108,0,CALM,0.0111301323228123,0.0488623000744991,0.0,0,0.0,0.5221334648909456,0.0,0.2327551001979046,0.03034615705054212
2013-10-10,0.35374647040706375,0,CALM,0.3052252479124557,0.999998709262248,0.0,0,0.0,0.5452514005320362,0.0,1.0393238587033595,0.7744041657650019
2013-10-11,0.06983886470678055,0,CALM,0.2217749824233313,0.004678995619128,0.0,0,0.0,0.5587561517815619,0.0,0.345760278343028,0.1345931997712213
2013-10-14,0.18779450963597416,0,CALM,0.1560273216612992,0.6172526155223953,0.0,0,0.0,0.553708788954812,0.0,0.4745175988233971,0.2533715611617029
2013-10-15,0.03972340472214288,0,CALM,0.1092579860523261,0.0046949467689495,0.0,0,0.0,0.572408223224408,0.0,0.3241949060974853,0.11469918855271453
2013-10-16,0.2210879057956324,0,CALM,0.076571086654759,0.8976532102296758,0.0,0,0.0,0.5557613013571605,0.0,0.4428355327650018,0.22414492086007487
2013-10-17,0.04662543113068339,0,CALM,0.053652125982081,0.085421998152425,0.0,0,0.0,0.533039789009866,0.0,0.3746891240978512,0.16128000004678136
2013-10-18,0.01082993504479177,0,CALM,0.037596575164619,0.0071539562681851,0.0,0,0.0,0.5063461991053569,0.0,0.1958880456655748,0.0
2013-10-21,0.010634428236094394,0,CALM,0.0263309249540457,0.0020370688576343,0.0,0,0.0,0.6059929801347126,0.0,0.2393639770563796,0.03644283226056109
2013-10-22,0.02612652497606872,0,CALM,0.0184494941363568,0.1075707572098976,0.0,0,0.0,0.6078959982545484,0.0,0.1610615952895242,0.0
2013-10-23,0.00367133400835564,0,CALM,0.0129299120515636,0.0021942799773237,0.0,0,0.0,0.5861074030486911,0.0,0.1381803836484665,0.0
2013-10-24,0.02455754966667494,0,CALM,0.0090758286109693,0.0077711213774268,0.0,0,0.0,0.6376169951296521,0.0,0.4246227672280326,0.20734368238447254
2013-10-25,0.035060087931431,0,CALM,0.0063723502567024,0.1328577501391939,0.0,0,0.0,0.6391811945596532,0.0,0.2746070601440489,0.06895450339416616
2013-10-28,0.02272629709814671,0,CALM,0.0050828606649182,0.1072779096595858,0.0,0,0.0,0.656737829911386,0.0,0.1281062240951642,0.0
2013-10-29,0.27375850518876776,0,CALM,0.0503810104999556,0.9999237450902926,0.0,0,0.0,0.6589639363905192,0.0,0.8630425627487412,0.6117850354572038
2013-10-30,0.09111703110984133,0,CALM,0.035918632182977,0.4041241094076118,0.0,0,0.0,0.6643995608669291,0.0,0.2140876921773613,0.013125511825747118
2013-10-31,0.24229496970538097,0,CALM,0.0254742396421095,0.998516169254848,0.0,0,0.0,0.6809654185084387,0.0,0.5925234988294322,0.36223175943883995
2013-11-01,0.005061003967540206,0,CALM,0.0178460458493245,0.0029974625260454,0.0,0,0.0,0.6832195955322073,0.0,0.0663970504255804,0.0
2013-11-04,0.003532916774980615,0,CALM,0.0124988058851931,0.0020410765184117,0.0,0,0.0,0.7475835908151051,0.0,0.1502193140028155,0.0
2013-11-05,0.16127647839602655,0,CALM,0.008761571425461,0.7954304276983065,0.0,0,0.0,0.776525210940293,0.0,0.1443729692217074,0.0
2013-11-06,0.002155436357317865,0,CALM,0.0061398315436949,0.0031023923569707,0.0,0,0.0,0.7888999682984498,0.0,0.1224529576186543,0.0
2013-11-07,0.22590730202034515,0,CALM,0.0043450379861258,0.999886438833297,0.0,0,0.0,0.9131413626436672,0.18134279589957084,0.2725910645897639,0.06709475167197203
2013-11-08,0.22278713284076618,0,CALM,0.0030599646731353,0.9824186111559422,0.0,0,0.0,0.9184132116807878,0.18916070403444682,0.2716466057820024,0.06622349037849222
2013-11-11,0.02072029503266891,0,CALM,0.0021539848330347,0.0227968600809239,0.0,0,0.0,0.896203188850492,0.1562242680822545,0.0821506691531528,0.0
2013-11-12,0.017988732369461743,0,CALM,0.001521379593763,0.0082158438686282,0.0,0,0.0,0.8985147369771119,0.15965218697295352,0.0519701055912519,0.0
2013-11-13,0.1427315077646639,0,CALM,0.0010749621940687,0.6365478872950856,0.0,0,0.0,0.879808196837861,0.13191125370641418,0.2211285015279457,0.019620643864881944
2013-11-14,0.23001969195495556,0,CALM,0.0007758465590028,0.9919814665572384,0.0,0,0.0,0.8816956371711588,0.13471024036780788,0.3945310435888319,0.1795841296697636
2013-11-15,0.02112747055799282,0,CALM,0.0005568313078838,0.0066623840905394,0.0,0,0.0,0.91380986712475,0.18233415710586834,0.2152781449294935,0.014223702023271537
2013-11-18,0.1790128991176842,0,CALM,0.0009320862527831,0.7860789362842778,0.0,0,0.0,0.9362696009969736,0.21564090297632843,0.0851762461076659,0.0
2013-11-19,0.27892180067339295,0,CALM,0.022093097422259,0.9976746794995311,0.0,0,0.0,0.891434155267579,0.1491520119950969,0.8388678274023683,0.5894838921841227
2013-11-20,0.06494658988326721,0,CALM,0.0156599845540225,0.2362421094882689,0.0,0,0.0,0.8838005431190437,0.13783171847107795,0.1801617727322636,0.0
2013-11-21,0.18976768739537958,0,CALM,0.0109759786009121,0.8715632539065279,0.0,0,0.0,0.8765708509875539,0.1271104196384595,0.1998594631225696,0.0
2013-11-22,0.011476684113200124,0,CALM,0.0076898588092016,0.0226136016595333,0.0,0,0.0,0.8247853988377243,0.050314990789930646,0.1598350597632474,0.0
2013-11-25,0.016443500269370814,0,CALM,0.0053917018187215,0.0022428005565659,0.0,0,0.0,0.8896256935959749,0.1464701470337726,0.1331861686230499,0.0
2013-11-26,0.022748096784925904,0,CALM,0.0037870413131338,0.0022534807473327,0.0,0,0.0,0.9348302439371946,0.21350640307175914,0.1080903471721302,0.0
2013-11-27,0.02516798732073458,0,CALM,0.0026644323421109,0.0063029771695156,0.0,0,0.0,0.9475794179004856,0.23241283801303736,0.1163393529404246,0.0
2013-11-28,0.025695294721120986,0,CALM,0.0018839940508171,0.0029894072429699,0.0,0,0.0,0.9569197698002208,0.24626414759822732,0.0913460127548656,0.0
2013-11-29,0.03370454464631062,0,CALM,0.0015240920951723,0.0027496460773602,0.0,0,0.0,0.999854236458774,0.30993397459687616,0.2191570126653655,0.017801949473578868
2013-12-02,0.0357188678048264,0,CALM,0.0101713234184661,0.0101442965734521,0.0,0,0.0,1.0008912221305175,0.3114717763551946,0.0461156053500657,0.0
2013-12-03,0.4091975213542748,1,WATCH,0.3071199263929263,1.0,0.0,0,0.0,1.0094576534652646,0.32417539756043184,1.5608594987250286,1.0
2013-12-04,0.29267570165890555,0,CALM,0.2422031856885119,0.9828429864807028,0.0,0,0.0,1.0306233051283722,0.3555630794063704,0.0747171402456217,0.0
2013-12-05,0.2571660978852743,0,CALM,0.1710385733320039,0.8901556850991857,0.0,0,0.0,1.0361461315077936,0.36375317532436124,0.1125524105993973,0.0
2013-12-06,0.21366025448768053,0,CALM,0.1197880474823816,0.7999538323818568,0.0,0,0.0,0.9508242416147372,0.2372247614071377,0.1023381753615393,0.0
2013-12-09,0.10320769315257619,0,CALM,0.083863728155478,0.2847769775731871,0.0,0,0.0,0.9281253688973772,0.20356338369695834,0.2533016127294804,0.04930027229373446
2013-12-10,0.07402186207119495,0,CALM,0.05873861327646,0.1853078910879416,0.0,0,0.0,0.9410677294065704,0.22275630534491622,0.0116304898673966,0.0
2013-12-11,0.150101027064987,0,CALM,0.0411332517166386,0.5846742430812086,0.0,0,0.0,0.945162496339419,0.22882865519585635,0.1624861764960998,0.0
2013-12-12,0.07759034787639879,0,CALM,0.0288074627814606,0.2403300835536628,0.0,0,0.0,0.9413835513719746,0.2232246547030107,0.1557210820007017,0.0
2013-12-13,0.05718921361217626,0,CALM,0.0202117400549146,0.1581777415808239,0.0,0,0.0,0.9290990467050556,0.20500730282282822,0.1988552253047893,0.0
2013-12-16,0.27382203734966215,0,CALM,0.0175788636263844,0.9999996306439756,0.0,0,0.0,0.9710137654447965,0.2671648908529726,0.662851356338875,0.42710906228973683
2013-12-17,0.2584383715023831,0,CALM,0.0131083953435477,0.977207481715664,0.0,0,0.0,0.9556669251950936,0.244406237031898,0.5822901606852616,0.35279152620173543
2013-12-18,0.16771288923926878,0,CALM,0.0092022068847199,0.6659352107693867,0.0,0,0.0,0.933251006030742,0.21116446634541766,0.3202808580054126,0.1110884872966969
2013-12-19,0.17189889799038713,0,CALM,0.0064580342420895,0.74058593526004,0.0,0,0.0,0.9403365659504505,0.2216720237785674,0.1705159723275772,0.0
2013-12-20,0.21152521231950638,0,CALM,0.0045383076398626,0.88453547541129,0.0,0,0.0,0.9251845336301152,0.1992022611008123,0.3468875897102891,0.13563314217201514
2013-12-23,0.02294661029478638,0,CALM,0.0032017053887234,0.0074894174311183,0.0,0,0.0,0.9300941565134204,0.20648300461381866,0.0848582926635271,0.0
2013-12-27,0.25386976616232765,0,CALM,0.003131264083698,0.9881731686787985,0.0,0,0.0,0.8881722156102967,0.1443147064496274,0.6445308765141177,0.41020845760680674
2013-12-30,0.01240584328550832,0,CALM,0.0041917765308803,0.0027782578640989,0.0,0,0.0,0.8636992801515972,0.10802247579968464,0.1210542512620636,0.0
2014-01-03,0.3345558033044391,0,CALM,0.2044199769797205,0.9999999924553924,0.0,0,0.0,0.9079849770744748,0.17369611474385174,0.9161884333049204,0.6608119909404536
2014-01-06,0.11038301421113587,0,CALM,0.1447404946056036,0.2784617179976101,0.0,0,0.0,0.8730792865722583,0.12193259120415138,0.2682855012357976,0.0631228783979783
2014-01-07,0.23653545335062487,0,CALM,0.1013588164497242,0.9810129705344496,0.0,0,0.0,0.7692350974851304,0.0,0.3623872550245621,0.14993155131303884
2014-01-08,0.01858376594156818,0,CALM,0.0709572367286976,0.0042222837969689,0.0,0,0.0,0.7855490361911243,0.0,0.1635396494982701,0.0
2014-01-09,0.11382231243402413,0,CALM,0.0496819500116925,0.507009124655505,0.0,0,0.0,0.7646765412264446,0.0,0.1182524204407397,0.0
2014-01-10,0.026587677323004003,0,CALM,0.0347844516154535,0.0698569390185716,0.0,0,0.0,0.7218328254257255,0.0,0.2423546980208465,0.03920176615426307
2014-01-13,0.04385902692730867,0,CALM,0.024359607636018,0.113763281232181,0.0,0,0.0,0.7223068899459897,0.0,0.3626399779830651,0.1501646877186797
2014-01-14,0.1975472893277799,0,CALM,0.0170688402250212,0.9623368440786356,0.0,0,0.0,0.7507052767519786,0.0,0.2086693523473293,0.008127104557974699
2014-01-15,0.24091390921951106,0,CALM,0.0121780112771718,0.9991085876764249,0.0,0,0.0,0.7493015594230756,0.0,0.6123014610900669,0.38047688864933127
2014-01-16,0.03191716744120542,0,CALM,0.0085356368710747,0.0770015782430261,0.0,0,0.0,0.764222899631716,0.0,0.3557724699092361,0.14382942574831525
2014-01-17,0.00563700786139784,0,CALM,0.0059808105476935,0.0158650324362179,0.0,0,0.0,0.7724748357306542,0.0,0.2103613700381343,0.00968798737230885
2014-01-20,0.012616223313595746,0,CALM,0.0041930418473879,0.0101302921819993,0.0,0,0.0,0.805205535772435,0.02127896004245546,0.2802282984775492,0.07414008411103364
2014-01-21,0.02454744248183478,0,CALM,0.0029416422524958,0.1020806741457149,0.0,0,0.0,0.8041031098916598,0.019644113482790326,0.2153769585818876,0.014314857412888168
2014-01-22,0.008064026721909465,0,CALM,0.0020678500427321,0.0377353210561322,0.0,0,0.0,0.723736772923821,0.0,0.1237247940388125,0.0
2014-01-23,0.05365447849869536,0,CALM,0.0014683353731548,0.2664369732770333,0.0,0,0.0,0.7396970967692312,0.0,0.0723637191281532,0.0
2014-01-24,0.2449036935281054,0,CALM,0.0014510773016701,0.9999995725547036,0.0,0,0.0,0.8845282558594398,0.13891088278571156,0.5321086798903197,0.3064992141317598
2014-01-27,0.027363996534280555,0,CALM,0.0010381161781287,0.0682722915396134,0.0,0,0.0,0.8815539277254236,0.134500091818257,0.0441572167205537,0.0
2014-01-28,0.020397836737951106,0,CALM,0.0007400136361274,0.0326822533430682,0.0,0,0.0,0.8830804317261935,0.13676382660305617,0.1034709232104953,0.0
2014-01-29,0.23406345488990277,0,CALM,0.0008386244108983,0.999917219805956,0.0,0,0.0,1.01925441955085,0.33870354825986965,0.0836359464267135,0.0
2014-01-30,0.23228042686160352,0,CALM,0.0006631992086291,0.991449379949882,0.0,0,0.0,1.0189468997952629,0.33824751069469833,0.1716277395226135,0.0
2014-01-31,0.2440500752233507,0,CALM,0.0005918557823991,0.9999558896383918,0.0,0,0.0,1.0163284178036234,0.3343644230874239,0.3134043364554812,0.10474491041330163
2014-02-03,0.23262081619722766,0,CALM,0.0004878602994494,0.9978692205268328,0.0,0,0.0,1.012879656825862,0.3292500701699873,0.1738711452437361,0.0
2014-02-04,0.14261804828037142,0,CALM,0.0003692620174963,0.5555818767135903,0.0,0,0.0,1.0026591788403267,0.3140935743327928,0.1592406496364201,0.0
2014-02-05,0.11394546970711014,0,CALM,0.0002857115202046,0.4116906780132106,0.0,0,0.0,1.0035125351489425,0.3153590622441686,0.1418292885542186,0.0
2014-02-06,0.23415601945670753,0,CALM,0.0002307059647695,0.9944580308633504,0.0,0,0.0,0.9657948566144952,0.25942549059467673,0.3002844879345689,0.09264187733377362
2014-02-07,0.139361331532107,0,CALM,0.0002031232704902,0.5680768656750631,0.0,0,0.0,0.9641267568157657,0.25695177579471823,0.049950075663149,0.0
2014-02-10,0.25458260140951633,0,CALM,0.0003134094916482,0.9989883315190768,0.0,0,0.0,0.9530181605112922,0.24047824159366502,0.5322044758804872,0.30658758573422423
2014-02-11,0.2564830586889144,0,CALM,0.0004887390475614,0.9987117055634528,0.0,0,0.0,0.9283403388385472,0.20388217417065987,0.5926008914518419,0.36230315397267493
2014-02-12,0.04717913498712223,0,CALM,0.0003562007284329,0.1208073393179555,0.0,0,0.0,0.9370388244378116,0.21678162573855475,0.2134145544595897,0.012504543675674227
2014-02-13,0.21812259569781742,0,CALM,0.0002666509838661,0.951209310772604,0.0,0,0.0,0.937058658060616,0.21681103808325095,0.26634163940911,0.06132966989004989
2014-02-14,0.021966051430296972,0,CALM,0.0001996779328169,0.0166958180695409,0.0,0,0.0,0.9161265451048384,0.18576968333184565,0.0834782058919453,0.0
2014-02-18,0.17752210152126066,0,CALM,0.0001507336138839,0.7802773166387854,0.0,0,0.0,0.8882648872499822,0.14445213420233205,0.2755641466336634,0.06983741369799398
2014-02-19,0.04911737040374711,0,CALM,0.0001136993581948,0.2256111479488419,0.0,0,0.0,0.8176052482300553,0.03966715974430025,0.1624992544294477,0.0
2014-02-20,0.2214550862910399,0,CALM,0.0001126030142562,0.9995817120325144,0.0,0,0.0,0.8156934780479004,0.036832093043064514,0.3931106703143024,0.17827383826666496
2014-02-21,0.09969483499772598,0,CALM,8.755219058777008e-05,0.4193077334409975,0.0,0,0.0,0.8289220205133013,0.05644940928725189,0.3100652318489339,0.10166459333154343
2014-02-24,0.04246521106376632,0,CALM,7.031116933815014e-05,0.1823534209685456,0.0,0,0.0,0.8311608506586703,0.05976949077722666,0.1293324806040983,0.0
2014-02-25,0.015521486265753951,0,CALM,5.5545510105600525e-05,0.063756234753566,0.0,0,0.0,0.7656833439130917,0.0,0.2297386948595535,0.0275635293751435
2014-02-26,0.003654808091074241,0,CALM,4.565636704280318e-05,0.0182169699965677,0.0,0,0.0,0.7837131752493612,0.0,0.1523474018286,0.0
2014-02-27,0.18356147572568904,0,CALM,9.127364764943498e-05,0.9046071844331393,0.0,0,0.0,0.7738767891934519,0.0,0.228230479977932,0.026172204271488097
2014-02-28,0.10171788411460218,0,CALM,0.0048448520234772,0.4736995094261153,0.0,0,0.0,0.6203776244739824,0.0,0.2623720070199201,0.057667692235098246
2014-03-03,0.5258478491041085,1,WATCH,0.3033913964164341,1.0,0.0,1,1.0,0.6227716879267186,0.0,2.38130050727988,1.0
2014-03-04,0.4280934943728759,1,WATCH,0.5123739774915038,1.0,0.0,0,0.0,0.5510380899492275,0.0,2.166968579615159,1.0
2014-03-05,0.09196158969282979,0,CALM,0.3660255671437842,0.0022759895344187,0.0,0,0.0,0.5355619762808143,0.0,0.1397068819062247,0.0
2014-03-06,0.06534999246888215,0,CALM,0.2564339455543944,0.0062075304014177,0.0,0,0.0,0.5446130754964272,0.0,0.1807510829288959,0.0
2014-03-07,0.2708350813666543,0,CALM,0.1797061805235311,0.9972207609517147,0.0,0,0.0,0.5724242771603356,0.0,0.4867368992113515,0.2646438404542856
2014-03-10,0.15895316996948008,0,CALM,0.1258291254439526,0.6323759293570683,0.0,0,0.0,0.581314557127335,0.0,0.2109240162865187,0.01020702737078249
2014-03-11,0.02634003717443592,0,CALM,0.08810023751198,0.0215748889822046,0.0,0,0.0,0.5755910275024934,0.0,0.176655312863377,0.0
2014-03-12,0.04402864365192877,0,CALM,0.0616930989836658,0.1203126656480732,0.0,0,0.0,0.5756278812393707,0.0,0.2491044059811765,0.045428357763976794
2014-03-13,0.23369633370730197,0,CALM,0.0432845757640042,0.9980790202591502,0.0,0,0.0,0.6081505196192589,0.0,0.4519942918536417,0.23259385714470873
2014-03-14,0.15050026987218357,0,CALM,0.0303382954899554,0.6870316666008827,0.0,0,0.0,0.5901110045248734,0.0,0.2595816859134082,0.055093626795181844
2014-03-17,0.24088461815343745,0,CALM,0.0216854418177627,0.9993588365153652,0.0,0,0.0,0.6021135157432985,0.0,0.5856759436359276,0.35591490395923736
2014-03-18,0.15576991633292192,0,CALM,0.0152350784772701,0.7598057335680218,0.0,0,0.0,0.6175622362149563,0.0,0.1019765460432983,0.0
2014-03-19,0.006003070230683591,0,CALM,0.0106740839854244,0.0095791939670775,0.0,0,0.0,0.6474078599371053,0.0,0.2152384726299351,0.014187104409119905
2014-03-20,0.2006824764259225,0,CALM,0.0074926499501667,0.9729819894163584,0.0,0,0.0,0.6703742204659241,0.0,0.2455280324069449,0.04212916055109122
2014-03-21,0.002795215982844145,0,CALM,0.0052525692757801,0.0074103683194956,0.0,0,0.0,0.6768302492282956,0.0,0.1907882859737022,0.0
2014-03-24,0.15460860793431097,0,CALM,0.0036910084962913,0.7487711334160873,0.0,0,0.0,0.6644017597703634,0.0,0.2424788447668026,0.03931629127020685
2014-03-25,0.13622846515101025,0,CALM,0.0025972964124878,0.6327068430479322,0.0,0,0.0,0.66270728663368,0.0,0.2978301160802665,0.09037772438301843
2014-03-26,0.00332620583880293,0,CALM,0.001829375307979,0.0143443100590409,0.0,0,0.0,0.6489686815790963,0.0,0.131616155379598,0.0
2014-03-27,0.0008874702980353299,0,CALM,0.0012912907045898,0.0028232381094394,0.0,0,0.0,0.6648549186028127,0.0,0.1059482834581071,0.0
2014-03-28,0.21493499291649104,0,CALM,0.0010379330150608,0.8948427564529949,0.0,0,0.0,0.6902994740081156,0.0,0.5869276318258604,0.3570695837212685
2014-03-31,0.19577186172789088,0,CALM,0.0007558740249444,0.8640598166852047,0.0,0,0.0,0.6950569346447035,0.0,0.446699365817522,0.22770929884613822
2014-04-01,0.00067475251620531,0,CALM,0.0005359271975502,0.0027038535840888,0.0,0,0.0,0.7229861158361935,0.0,0.1339545804669372,0.0
2014-04-02,0.01038248074367809,0,CALM,0.0003828942514904,0.0020558654103152,0.0,0,0.0,0.8574505114311731,0.0987558409874245,0.1726577991550697,0.0
2014-04-03,0.03203646741826378,0,CALM,0.0002762334774299,0.1256670942339635,0.0,0,0.0,0.8369401350253378,0.06833990202113603,0.1441906423354956,0.0
2014-04-04,0.010435465205426972,0,CALM,0.0002043742431612,0.0187457220607097,0.0,0,0.0,0.8355998169352262,0.06635227232494732,0.0835488104546303,0.0
2014-04-07,0.2414065759021555,0,CALM,0.0003486033975642,0.9914533266485884,0.0,0,0.0,0.8189448747123533,0.04165376381810982,0.6211436974932191,0.3886338334123578
2014-04-08,0.20541426346260966,0,CALM,0.0002596772459305,0.9800755164971656,0.0,0,0.0,0.8217747318711236,0.04585031101555583,0.2513415272518073,0.04749209750138328
2014-04-09,0.014032603454336537,0,CALM,0.0001886723374612,0.0079268156455114,0.0,0,0.0,0.8607544099989549,0.10365536965525862,0.2219140955833403,0.020345352753430936
2014-04-10,0.22730091374993078,0,CALM,0.000154824922864,0.9967418679179006,0.0,0,0.0,0.8754114029447925,0.12539101185161936,0.3665236070691856,0.15374732750472694
2014-04-11,0.11064476404934932,0,CALM,0.0001172355014717,0.5158734750153408,0.0,0,0.0,0.8410317662143769,0.07440760170913244,0.1944425104575999,0.0
2014-04-14,0.19259333340427226,0,CALM,9.863851604074192e-05,0.9184837280336184,0.0,0,0.0,0.8506825596236521,0.08871928168538391,0.1570738763334923,0.0
2014-04-15,0.20691242555670178,0,CALM,0.0002638725958449,0.9625515516416646,0.0,0,0.0,0.8417923414814947,0.07553549962997909,0.2733837162258607,0.06782597116409729
2014-04-16,0.26181515339538447,0,CALM,0.0160994815907846,0.999979494094018,0.0,0,0.0,0.7833533200748379,0.0,0.8263582595845453,0.577943841788847
2014-04-17,0.03846452246788736,0,CALM,0.011401642389678,0.1780705593523393,0.0,0,0.0,0.7768555642556987,0.0,0.1553509825463996,0.0
2014-04-22,0.219412789040956,0,CALM,0.0080244303876737,0.9709757313542264,0.0,0,0.0,0.7259934250973544,0.0,0.4514755856342222,0.23211535173192258
2014-04-23,0.22307861176298754,0,CALM,0.0060266887424092,0.8928727477314315,0.0,0,0.0,0.7470095276710768,0.0,0.6659568787834397,0.4299739003109893
2014-04-24,0.19667705822677228,0,CALM,0.0042399084641696,0.9780854055536494,0.0,0,0.0,0.7844025593613093,0.0,0.1917692934301801,0.0
2014-04-25,0.03230744781502183,0,CALM,0.0029752996370414,0.1578181145288074,0.0,0,0.0,0.7797772736402687,0.0,0.1771298638542487,0.0
2014-04-28,0.0028871496894417323,0,CALM,0.0020905262128136,0.0114500139320786,0.0,0,0.0,0.7913589765150162,0.0007451534982261208,0.1859347635964301,0.0
2014-04-29,0.24106304852656862,0,CALM,0.00181782344595,0.9995663142148924,0.0,0,0.0,0.7859475432812745,0.0,0.6410022405290516,0.40695329822102616
2014-04-30,0.0065032875310823066,0,CALM,0.0012803742727893,0.0039844995335649,0.0,0,0.0,0.8197893330484401,0.0429060564480336,0.2117368709498613,0.010956884113686413
2014-05-02,0.006974511378865979,0,CALM,0.0009040067712218,0.0055927211048195,0.0,0,0.0,0.8288210364877172,0.056299654650966285,0.101402953010684,0.0
2014-05-05,0.22272645424468446,0,CALM,0.0006559684986151,0.9976676281587272,0.0,0,0.0,0.8342524101209468,0.06435413037889187,0.3797354600457246,0.1659352345039606
2014-05-06,0.038791015562813315,0,CALM,0.0004705296285014,0.1933669157784398,0.0,0,0.0,0.7131537138481785,0.0,0.1224768269624013,0.0
2014-05-07,0.1651074436347225,0,CALM,0.0003403668619466,0.8113108637952263,0.0,0,0.0,0.7244751844382046,0.0,0.2297801716212786,0.027601791601905512
2014-05-08,0.12134397715156524,0,CALM,0.0002493083852919,0.6064082502762113,0.0,0,0.0,0.7303297057867078,0.0,0.1650099489698373,0.0
2014-05-09,0.000673757294042435,0,CALM,0.0001809615218507,0.0031425845678988,0.0,0,0.0,0.7546997801949344,0.0,0.1280777023306251,0.0
2014-05-12,0.011722068297964787,0,CALM,0.0001331052249628,0.0444884188964391,0.0,0,0.0,0.7408615342067465,0.0,0.2301154466533245,0.02791108212436266
2014-05-13,0.0004713651779824535,0,CALM,9.9112643511574e-05,0.0022329350855228,0.0,0,0.0,0.7650497480431476,0.0,0.1616780138580822,0.0
2014-05-14,0.015050927273952033,0,CALM,7.70749774648738e-05,0.0094037133711768,0.0,0,0.0,0.8047876616321545,0.02065927203211033,0.320022211597659,0.11084988652139421
2014-05-15,0.2060395039655942,0,CALM,7.1049181180855e-05,0.9873665744845492,0.0,0,0.0,0.8485010930611113,0.08548426773389138,0.1927180624937879,0.0
2014-05-16,0.020775588740020137,0,CALM,5.8370271120174487e-05,0.0800203727834631,0.0,0,0.0,0.8229338409640481,0.047569216155474714,0.1192369235752237,0.0
2014-05-19,0.21004669739891033,0,CALM,5.38314786578151e-05,0.9730716452903792,0.0,0,0.0,0.8204754814215618,0.043923582729645305,0.3193887526798203,0.11026552198205498
2014-05-20,0.009963556933410788,0,CALM,4.422605728892417e-05,0.0049924802964692,0.0,0,0.0,0.851236023903841,0.08954004359794716,0.194891420514185,0.0
2014-05-21,0.16301430224498664,0,CALM,4.590554258021989e-05,0.7568716218912123,0.0,0,0.0,0.8692709570732804,0.11628501481099103,0.1160166679854853,0.0
2014-05-22,0.031726680653991673,0,CALM,4.002140791003412e-05,0.0694670540142894,0.0,0,0.0,0.8766337607292821,0.12720371187390794,0.2551755040098598,0.05102893311765486
2014-05-23,0.011221080546999685,0,CALM,3.93437954224718e-05,0.0059084072527881,0.0,0,0.0,0.8584888381630564,0.10029563147586446,0.0613765043041738,0.0
2014-05-26,0.21868473358867924,0,CALM,0.0001309694693361,0.898878575558009,0.0,0,0.0,0.8145441119712876,0.03512763634541805,0.5832046327121835,0.35363512475201575
2014-05-27,0.006453583278437944,0,CALM,9.98164584111416e-05,0.0028141696566021,0.0,0,0.0,0.830411307070127,0.05865795232514739,0.1000761543129397,0.0
2014-05-28,0.021033046183125917,0,CALM,7.881710559789935e-05,0.0029927565933086,0.0,0,0.0,0.8889235550478816,0.1454289080627214,0.2635116362273472,0.05871899781792578
2014-05-30,0.024406299263771577,0,CALM,6.353866767823463e-05,0.0191077796172109,0.0,0,0.0,0.8939816683246675,0.15292985595695532,0.2570506276350857,0.05275873077714304
2014-06-02,0.01594903737456491,0,CALM,5.2300452953760935e-05,0.0052631321221535,0.0,0,0.0,0.891219277606809,0.1488333583689577,0.1855560251643802,0.0
2014-06-03,0.01923482743810933,0,CALM,4.604070123791897e-05,0.0031913321543018,0.0,0,0.0,0.9161810478088144,0.18585050831939487,0.1646970470205553,0.0
2014-06-04,0.03652868205800159,0,CALM,4.000979796266919e-05,0.101211415466128,0.0,0,0.0,0.8698787474797245,0.11718633985451582,0.2492662139698875,0.045577625298337386
2014-06-05,0.2109720173622885,0,CALM,5.224185727075528e-05,0.9642966500847124,0.0,0,0.0,0.9129076890738989,0.1809962688102832,0.1249488752951834,0.0
2014-06-06,0.14122920348886087,0,CALM,4.656818083824726e-05,0.602065771389445,0.0,0,0.0,0.8802482748861855,0.1325638690847664,0.2816810046796774,0.07548020257285641
2014-06-10,0.03969511350321041,0,CALM,4.156277292626492e-05,0.0983687718337369,0.0,0,0.0,0.8419515876946303,0.07577165439396313,0.3346435382195065,0.12433803003835144
2014-06-11,0.05271923831153601,0,CALM,3.989777304413629e-05,0.1478807241942507,0.0,0,0.0,0.8426446430605247,0.07679942342619331,0.3673739497521378,0.154531766868055
2014-06-12,0.009704367657995872,0,CALM,3.4404990588835e-05,0.0054417483961872,0.0,0,0.0,0.8488988799709237,0.08607416731111223,0.1836050099404509,0.0
2014-06-13,0.14826415264795517,0,CALM,3.2857724508581093e-05,0.6804891612678198,0.0,0,0.0,0.8428542924698148,0.07711032379735729,0.2480663310984422,0.044470735835283465
2014-06-16,0.017152097099337606,0,CALM,3.049630643814e-05,0.0043222202170871,0.0,0,0.0,0.8534633189338487,0.09284301904569951,0.2756940732662793,0.06995727074740697
2014-06-17,0.002943697793946868,0,CALM,2.78726561029124e-05,0.0146836481496057,0.0,0,0.0,0.7576050603296302,0.0,0.1518004831990637,0.0
2014-06-18,0.0077575233230689575,0,CALM,2.655435772334441e-05,0.0022271980161686,0.0,0,0.0,0.7962924309824074,0.008061238147479244,0.2703129689420173,0.06499321315656477
2014-06-19,0.003940516317832013,0,CALM,2.522043572309245e-05,0.0196710560445062,0.0,0,0.0,0.7473868181382745,0.0,0.1589598789431964,0.0
2014-06-20,0.0013034583095247621,0,CALM,2.365404911048829e-05,0.0064877239862357,0.0,0,0.0,0.7416326727042166,0.0,0.1860170847453452,0.0
2014-06-23,0.0008527527573282705,0,CALM,2.959781025116233e-05,0.0042267665238274,0.0,0,0.0,0.6747310452371665,0.0,0.0522821829280281,0.0
2014-06-24,0.0006735261247668357,0,CALM,2.817417005470215e-05,0.0033324129112658,0.0,0,0.0,0.6750226169674114,0.0,0.1803482738440279,0.0
2014-06-25,0.0007837596395355082,0,CALM,2.9043036457392545e-05,0.0038824944021058,0.0,0,0.0,0.6761255610364543,0.0,0.1069628229959274,0.0
2014-06-26,0.030151513357913537,0,CALM,3.5367973732140447e-05,0.1507133568224025,0.0,0,0.0,0.7383605204621361,0.0,0.0606774954781585,0.0
2014-06-27,0.0016345803946664344,0,CALM,4.7269299496617865e-05,0.0081138153489614,0.0,0,0.0,0.7369862441126607,0.0,0.1271644247786295,0.0
2014-06-30,0.021079331983974745,0,CALM,0.0022902974370555,0.098562282067735,0.0,0,0.0,0.7045434316783041,0.0,0.2084697936917508,0.007943012111638685
2014-07-01,0.3627331575863401,0,CALM,0.3012799514285261,0.9999462221293924,0.0,0,0.0,0.7063853532186535,0.0,1.1475464185712387,0.8742392530333009
2014-07-02,0.05384591822599544,0,CALM,0.2128966835351032,0.0031087367110982,0.0,0,0.0,0.7005758585476304,0.0,0.1913264395901058,0.0
2014-07-03,0.2646186502517079,0,CALM,0.149250756757842,0.9928557283531728,0.0,0,0.0,0.7045259973084611,0.0,0.5113486763942577,0.2873481539161283
2014-07-04,0.06769580072302081,0,CALM,0.1048407356722189,0.0295581656746914,0.0,0,0.0,0.7840605906823273,0.0,0.5854861684032711,0.35573983670027814
2014-07-07,0.20933566223890057,0,CALM,0.075290471650244,0.8434774412183251,0.0,0,0.0,0.6971294582303909,0.0,0.4363646672481137,0.21817556082674514
2014-07-08,0.29437336352349885,0,CALM,0.1280458337352913,0.9999997361008648,0.0,0,0.0,0.7795589717209102,0.0,0.8758713647171591,0.6236195786950306
2014-07-09,0.022986482459493907,0,CALM,0.0901881595262433,0.0021972128896654,0.0,0,0.0,0.7873740281324952,0.0,0.0820581730172069,0.0
2014-07-10,0.22790320066392714,0,CALM,0.0631672174357127,0.9897930317012962,0.0,0,0.0,0.88629298851994,0.14152789964739712,0.1542461375514012,0.0
2014-07-11,0.05226189684698678,0,CALM,0.0442257697456002,0.1418169557966447,0.0,0,0.0,0.8774543666748298,0.12842063251257793,0.1866635526577666,0.0
2014-07-14,0.09287734641315443,0,CALM,0.0309919402432429,0.3020385602560395,0.0,0,0.0,0.8673896633251361,0.11349514325090905,0.3448151813579064,0.13372134976044894
2014-07-15,0.08587917198398434,0,CALM,0.0239949527882334,0.3244540978874181,0.0,0,0.0,0.8332099243958522,0.06280817229600254,0.2942639784404465,0.08708796979842127
2014-07-16,0.3856988392423438,0,CALM,0.3167964664529965,0.9999999989926304,0.0,0,0.0,0.8346860702673252,0.06499722830568597,1.4541636152005348,1.0
2014-07-17,0.2379230992125111,0,CALM,0.2260585235961265,0.8127630125730957,0.0,0,0.0,0.761678811654519,0.0,0.4042595514195655,0.1885586579886034
2014-07-18,0.08008424235475206,0,CALM,0.158286084930558,0.2025636056105628,0.0,0,0.0,0.7688468204111191,0.0,0.172420531774106,0.0
2014-07-21,0.17620845329519821,0,CALM,0.110973516065657,0.6803806967984969,0.0,0,0.0,0.7639597439626608,0.0,0.3341571622247596,0.1238893491908457
2014-07-22,0.2818780894600885,0,CALM,0.0944398210342794,0.99995612454492,0.0,0,0.0,0.767395699835841,0.0,0.8315888958697024,0.5827690929253466
2014-07-23,0.04296215138527895,0,CALM,0.0662388898641378,0.1320121445962225,0.0,0,0.0,0.7577258105212723,0.0,0.164008217585696,0.0
2014-07-24,0.0959732577278369,0,CALM,0.0463900370023904,0.4210925793495914,0.0,0,0.0,0.7919167636964117,0.0015723260732100714,0.0368632383657147,0.0
2014-07-25,0.13921552231135378,0,CALM,0.0324841858868195,0.6518430331777008,0.0,0,0.0,0.795751250164568,0.0072586920410876695,0.1419014627999484,0.0
2014-07-28,0.17903662673276424,0,CALM,0.0227497575445137,0.849868770999882,0.0,0,0.0,0.8136180514601896,0.03375433146659422,0.1847581453875409,0.0
2014-07-29,0.08745376936132788,0,CALM,0.0159332361462217,0.3980357255273228,0.0,0,0.0,0.8169079860444121,0.03863315219307888,0.1754582166766759,0.0
2014-07-30,0.16198321513953665,0,CALM,0.0111649672566482,0.7919022865086569,0.0,0,0.0,0.796328792258061,0.008115160236432219,0.1673511020872528,0.0
2014-07-31,0.23087282580933172,0,CALM,0.0079032139864928,0.9999608594566632,0.0,0,0.0,0.8195350997830382,0.04252904028164737,0.4670898344677933,0.24651946393211066
2014-08-04,0.23896770819580798,0,CALM,0.0056527675689126,0.9999436337891192,0.0,0,0.0,0.8459738024289266,0.08173641269224852,0.5184742521249641,0.2939214827653111
2014-08-05,0.014293886004924606,0,CALM,0.0039697012457121,0.0665073034674829,0.0,0,0.0,0.6708877541692058,0.0,0.1319078260236088,0.0
2014-08-06,0.19381171570190925,0,CALM,0.0027956017085924,0.9156240549344968,0.0,0,0.0,0.671215272343783,0.0,0.3081307554688016,0.09988004287861797
2014-08-07,0.09287548155351501,0,CALM,0.0019740546129515,0.4619098395013856,0.0,0,0.0,0.66155413143432,0.0,0.1389025882475867,0.0
2014-08-08,0.08158940664509516,0,CALM,0.0014126941857842,0.4061811654932455,0.0,0,0.0,0.5788571292329575,0.0,0.165610173756204,0.0
2014-08-11,0.016112901332362983,0,CALM,0.0010129902214041,0.0336102575804528,0.0,0,0.0,0.5615049131060641,0.0,0.298912284609454,0.09137602260921396
2014-08-12,0.0009477498993565551,0,CALM,0.0007383717003603,0.0038157848713324,0.0,0,0.0,0.5561995277855175,0.0,0.086190521859106,0.0
2014-08-13,0.005096995221144706,0,CALM,0.0005384734037877,0.005489192672698,0.0,0,0.0,0.5530174042675582,0.0,0.241751571682411,0.038645383356581804
2014-08-14,0.009812955479266472,0,CALM,0.0004204374427766,0.0485392305928616,0.0,0,0.0,0.5310394974801921,0.0,0.1429510702476744,0.0
2014-08-15,0.14444921419404907,0,CALM,0.0003638752543072,0.7217912269023613,0.0,0,0.0,0.5603757399804892,0.0,0.1121423341314818,0.0
2014-08-18,0.035772975431836856,0,CALM,0.0002844311453678,0.1286518188166109,0.0,0,0.0,0.5563162190481779,0.0,0.3079518888807722,0.09971503882172726
2014-08-19,0.000457633740061525,0,CALM,0.0002057439929425,0.0020309887091295,0.0,0,0.0,0.7505272741403995,0.0,0.1722029728784755,0.0
2014-08-20,0.018836710443414735,0,CALM,0.0001504497588793,0.0714326054359186,0.0,0,0.0,0.7661897604016356,0.0,0.2487763959232698,0.045125769165111886
2014-08-21,0.18528604010680852,0,CALM,0.0001159415657468,0.90237528187745,0.0,0,0.0,0.7667558657389046,0.0,0.251696959917175,0.04781998339881823
2014-08-22,0.01358884266459532,0,CALM,0.000101120476862,0.0678178127268991,0.0,0,0.0,0.7645381322047639,0.0,0.0296440836669016,0.0
2014-08-25,0.2390810524948753,0,CALM,0.0003397515561219,0.9990112980920683,0.0,0,0.0,0.7556481973645526,0.0,0.6247260540067061,0.39193854987431137
2014-08-26,0.20682861076293155,0,CALM,0.0002554361974206,0.9746722545667778,0.0,0,0.0,0.7560677125565413,0.0,0.328101494219933,0.11830300800220832
2014-08-27,0.004772155400037198,0,CALM,0.0001847051838075,0.0047697570587418,0.0,0,0.0,0.8141901335010586,0.03460270265659495,0.2032389550122483,0.003117574266774675
2014-08-28,0.014997751314059737,0,CALM,0.0001376226117018,0.0552143854903034,0.0,0,0.0,0.8172933881175771,0.03920468563073606,0.1153363331143159,0.0
2014-08-29,0.19088259762366264,0,CALM,0.0001080806669489,0.9314144305695616,0.0,0,0.0,0.8203767908346259,0.04377722915673205,0.2019729467561774,0.0019496842733987307
2014-09-01,0.006727451784077084,0,CALM,8.166622968589696e-05,0.0287779959861426,0.0,0,0.0,0.7881110879196351,0.0,0.2101731559807143,0.009514360294270902
2014-09-02,0.01137553259909695,0,CALM,6.330628363575385e-05,0.0328908426716868,0.0,0,0.0,0.7748936215005103,0.0,0.2516919642850217,0.047815374938506516
2014-09-03,0.019179277241503385,0,CALM,5.313472987162166e-05,0.0958299677951774,0.0,0,0.0,0.7739864323842663,0.0,0.1253785372706564,0.0
2014-09-04,0.22646339732228984,0,CALM,9.889341204670504e-05,0.9999769455463888,0.0,0,0.0,0.8610834671326628,0.10414334615540875,0.3736154115486398,0.16028950244459514
2014-09-05,0.02188166782775167,0,CALM,7.661950538208848e-05,0.0457185422525094,0.0,0,0.0,0.8617367836115629,0.10511218425738734,0.2237899892251857,0.022075860751655324
2014-09-08,0.012169851844993425,0,CALM,6.0779302244310345e-05,0.0111896212339385,0.0,0,0.0,0.8577279892336077,0.09916732772644647,0.1535377936298582,0.0
2014-09-09,0.011882793180897607,0,CALM,5.494776749672788e-05,0.0035678882389849,0.0,0,0.0,0.8660812223981098,0.11155478591226443,0.0338538004043018,0.0
2014-09-10,0.02637845468334303,0,CALM,4.631620248630489e-05,0.0435022455264827,0.0,0,0.0,0.88196333229516,0.13510721984746657,0.2449078520176053,0.0415570454267826
2014-09-11,0.20194214674910463,0,CALM,4.568034745059904e-05,0.9335724107582418,0.0,0,0.0,0.8857438756890538,0.14071359073275969,0.2122701732418479,0.011448854373176366
2014-09-12,0.06662654071525165,0,CALM,4.048781810960558e-05,0.2509827299195965,0.0,0,0.0,0.8814453486109869,0.13433907401671233,0.2322277241634385,0.029859653751337135
2014-09-15,0.007424302220457053,0,CALM,3.490336155564575e-05,0.0048468109253497,0.0,0,0.0,0.8343252455504793,0.06446214194998201,0.1455356895626063,0.0
2014-09-16,0.024008237660613996,0,CALM,3.135547967661978e-05,0.0509376521872321,0.0,0,0.0,0.8440522773715721,0.07888687996255848,0.2640783646025429,0.05924180356992573
2014-09-17,0.0032581475826086734,0,CALM,2.789303311618417e-05,0.0063674264122785,0.0,0,0.0,0.7759696078561754,0.0,0.2212978748664347,0.019776890418739267
2014-09-18,0.22608125714272306,0,CALM,7.293972893287069e-05,0.979881770678788,0.0,0,0.0,0.773246655985811,0.0,0.5260029389320636,0.3008666807473222
2014-09-19,0.1433431625476897,0,CALM,6.0453661439829664e-05,0.7045834175546103,0.0,0,0.0,0.7642494595737264,0.0,0.2259989865573334,0.024113656214076826
2014-09-22,0.014717183395643655,0,CALM,5.263294553459228e-05,0.055238078765958,0.0,0,0.0,0.753968821247691,0.0,0.2394954264574126,0.03656409406068405
2014-09-23,0.24322341638961895,0,CALM,0.00068730298513,0.9998823989634014,0.0,0,0.0,0.7646570885694755,0.0,0.6667993827845538,0.43075110850656145
2014-09-24,0.05282691750106266,0,CALM,0.000512864402581,0.263493507002087,0.0,0,0.0,0.7710634161217211,0.0,0.0322214611663524,0.0
2014-09-25,0.15372028117087067,0,CALM,0.0003820354740776,0.7675584318192314,0.0,0,0.0,0.7916190695185388,0.0011308593850498736,0.0555150277137198,0.0
2014-09-26,0.07155451465658265,0,CALM,0.000276143372549,0.3538812533958732,0.0,0,0.0,0.7956390344586675,0.0070922813427076944,0.1622112426895203,0.0
2014-09-29,0.08910091746830304,0,CALM,0.0002130041882052,0.4394549241045899,0.0,0,0.0,0.798656346869512,0.011566816003337472,0.0415559872837886,0.0
2014-09-30,0.027009137744862192,0,CALM,0.0001593458046089,0.1338948314129441,0.0,0,0.0,0.7921399830955009,0.0019033501112114975,0.1035054414174508,0.0
2014-10-01,0.06147877667830184,0,CALM,0.0001623564280255,0.3071909378564773,0.0,0,0.0,0.7871909986157767,0.0,0.0839958138925608,0.0
2014-10-02,0.2576170941460525,0,CALM,0.0032627726338375,0.9999998850109956,0.0,0,0.0,0.8734048676189002,0.12241541282805994,0.682894506756751,0.44559882702588033
2014-10-03,0.19013049815118035,0,CALM,0.0023338919917944,0.8704806121764269,0.0,0,0.0,0.7776011518914298,0.0,0.3673492996278452,0.1545090271794639
2014-10-06,0.13458072997461892,0,CALM,0.0016446668331077,0.67084781633171,0.0,0,0.0,0.7658887262202884,0.0,0.199801113865678,0.0
2014-10-07,0.23575083232419786,0,CALM,0.0013050895383821,0.9980493480671188,0.0,0,0.0,0.7415390697986323,0.0,0.5880954605087474,0.3581469032617856
2014-10-08,0.025678594978568416,0,CALM,0.0009263915536351,0.1272349854507982,0.0,0,0.0,0.718531096440316,0.0,0.1080290365926073,0.0
2014-10-09,0.1949451618279081,0,CALM,0.0006724084894768,0.9738852985276945,0.0,0,0.0,0.7350838750895039,0.0,0.1310796780604782,0.0
2014-10-10,0.18720354421857194,0,CALM,0.0004832357133863,0.8824930310612176,0.0,0,0.0,0.731885428198926,0.0,0.3145928273267763,0.10584129077981831
2014-10-13,0.21079546760912024,0,CALM,0.000402529325095,0.99959288764508,0.0,0,0.0,0.7737417484110642,0.0,0.3166755276230533,0.10776257748830469
2014-10-14,0.19741016328826672,0,CALM,0.0015279208920263,0.9851409153263008,0.0,0,0.0,0.7437765891463843,0.0,0.1815580069905937,0.0
2014-10-15,0.27315263283866303,0,CALM,0.0666651795572982,0.99999999853892,0.0,0,0.0,0.8021201051751794,0.01670340926396528,0.7940721506133436,0.5481599731515794
2014-10-16,0.2324322629489784,0,CALM,0.0636722618409046,0.9999993423256672,0.0,0,0.0,0.8961685596607114,0.15617291459648822,0.2095834693939904,0.008970375639699829
2014-10-17,0.25614232322700214,0,CALM,0.0485431812032818,0.999999061132652,0.0,0,0.0,0.8982612231474765,0.15927623769651272,0.504240547025827,0.2807909193000003
2014-10-20,0.1666825195665772,0,CALM,0.034091123978164,0.7160922442004136,0.0,0,0.0,0.8916100780365229,0.1494128973195348,0.0783371935943999,0.0
2014-10-21,0.2408042977994156,0,CALM,0.0240493489323843,0.9999980381367564,0.0,0,0.0,0.8577103669400602,0.09914119468069531,0.4695428164285908,0.24878233470898714
2014-10-22,0.19599187155392966,0,CALM,0.0168480001496538,0.8965253920222008,0.0,0,0.0,0.8573264207385746,0.09857182023335932,0.2282347148014402,0.026176110887400923
2014-10-23,0.21209492338909677,0,CALM,0.0118539424918998,0.9883110677012976,0.0,0,0.0,0.8681969029527037,0.114692242258623,0.0326111416350195,0.0
2014-10-24,0.048924929235487274,0,CALM,0.0083103545914968,0.1392552329708804,0.0,0,0.0,0.9189541833171372,0.18996293993436986,0.1547996329167552,0.0
2014-10-27,0.22569591329427263,0,CALM,0.0059081655258575,0.9999763298025484,0.0,0,0.0,0.9363858934435476,0.21581335929245082,0.2285020209227679,0.02642270023053493
2014-10-28,0.1329206812925912,0,CALM,0.0041553213897894,0.5312635532021298,0.0,0,0.0,0.9636814477416252,0.2562914030471788,0.1583256638994487,0.0
2014-10-29,0.19967039467460712,0,CALM,0.0029299853301706,0.8701669447054095,0.0,0,0.0,0.958795045054079,0.24904509400982586,0.1946819112786934,0.0
2014-10-30,0.2336688343856142,0,CALM,0.0021757691688955,0.999986576188948,0.0,0,0.0,0.9758942277213668,0.27440239053577725,0.2615109598668135,0.056873378020229716
2014-10-31,0.24166240823496019,0,CALM,0.0015771453601293,0.9993096307543112,0.0,0,0.0,0.969590753388349,0.2650546298318787,0.3613853842604593,0.14900732760877727
2014-11-03,0.0931530230316531,0,CALM,0.0011297004529505,0.3374784428645422,0.0,0,0.0,0.9619670924250886,0.2537490934550703,0.0864817432044045,0.0
2014-11-04,0.21757157919482725,0,CALM,0.0008552622587111,0.9686290379492434,0.0,0,0.0,0.950213837532252,0.23631956040300775,0.0384332926661327,0.0
2014-11-05,0.21623296705337972,0,CALM,0.0006216558621626,0.9801555576159778,0.0,0,0.0,0.92603564215061,0.20046441564643494,0.1870622747986343,0.0
2014-11-06,0.21760455729152747,0,CALM,0.0004794040768701,0.9989584885106828,0.0,0,0.0,0.9101657403152618,0.17693008570173388,0.1566852020730891,0.0
2014-11-07,0.21415305568328633,0,CALM,0.0003810276450897,0.9821399008593954,0.0,0,0.0,0.9097396314675285,0.17629818600134786,0.0661169011062631,0.0
2014-11-10,0.20909073455255367,0,CALM,0.0002818240627093,0.9517742747981436,0.0,0,0.0,0.9006924953040357,0.16288170178264738,0.2256292055379938,0.023772533989828957
2014-11-11,0.06143802810191666,0,CALM,0.0002157023566605,0.1642592839715314,0.0,0,0.0,0.9832579549299656,0.28532245718445254,0.1997503554673568,0.0
2014-11-12,0.25056540828338303,0,CALM,0.0002431687308128,0.9997136391040622,0.0,0,0.0,0.9871961062759976,0.29116255336849134,0.4323329710429978,0.21445632943018234
2014-11-13,0.21999486942952637,0,CALM,0.0002000341569895,0.9877545558330878,0.0,0,0.0,0.9418655910502944,0.22393949723661402,0.1670060498149301,0.0
2014-11-14,0.20720614728631045,0,CALM,0.0001534903510635,0.9793767037667684,0.0,0,0.0,0.8060444355932599,0.022523009651500166,0.2978557046660695,0.09040132980040859
2014-11-17,0.19953571911806403,0,CALM,0.0001282635785851,0.995576353272662,0.0,0,0.0,0.784769495870608,0.0,0.2040695817254489,0.003883825688853383
2014-11-18,0.20219183934038498,0,CALM,0.0001037089705985,0.9178271286682488,0.0,0,0.0,0.8078909571993127,0.025261315734154813,0.3741076028568265,0.16074354790670123
2014-11-19,0.02422102572573165,0,CALM,9.838047512032683e-05,0.0935417442669777,0.0,0,0.0,0.8166369434460605,0.03823120856388352,0.2179078602644652,0.01664960897167674
2014-11-20,0.18384868294997372,0,CALM,0.0031384611545407,0.8949339594453082,0.0,0,0.0,0.8140101140793247,0.03433574218566723,0.206837273413478,0.006437015537101842
2014-11-21,0.3779858256545626,0,CALM,0.3021969228038129,1.0,0.0,0,0.0,0.8072871850204024,0.02436594953609453,1.523799894446832,1.0
2014-11-24,0.17379236896577507,0,CALM,0.2140181654626176,0.5996495531015194,0.0,0,0.0,0.776143295199224,0.0,0.2037393306957662,0.0035791697981678388
2014-11-25,0.09270027927602831,0,CALM,0.1498461987399926,0.2761936479551508,0.0,0,0.0,0.7108484722838603,0.0,0.1603098777544988,0.0
2014-11-26,0.031835768750362786,0,CALM,0.1048984548380782,0.0202444723340271,0.0,0,0.0,0.761217229802484,0.0,0.216794575128699,0.015622605740378137
2014-11-27,0.024687924561564916,0,CALM,0.0734371601309691,0.003532051326265,0.0,0,0.0,0.8287688352529212,0.0562222426356964,0.0798725867805589,0.0
2014-11-28,0.05130591535610053,0,CALM,0.0514128779667174,0.169449850082737,0.0,0,0.0,0.7784773765786419,0.0,0.2493200169963013,0.04562725847873783
2014-12-01,0.2260492441686454,0,CALM,0.0360102679055858,0.9857206847724383,0.0,0,0.0,0.7759579782702345,0.0,0.4156056412789074,0.19902540237761288
2014-12-02,0.06090576490817243,0,CALM,0.0252153975467577,0.273009577607415,0.0,0,0.0,0.7771607643466659,0.0,0.1841381585616925,0.0
2014-12-03,0.009978536936843127,0,CALM,0.0177162828633801,0.0037089955779999,0.0,0,0.0,0.8232760329637391,0.04807667105398122,0.1419780430449269,0.0
2014-12-04,0.21728430448515926,0,CALM,0.0220815421643691,0.999239742013659,0.0,0,0.0,0.8712094468358383,0.11915970541335184,0.1838212910139338,0.0
2014-12-05,0.3839766710102607,0,CALM,0.3154570273224361,0.9999999998872876,0.0,0,0.0,0.8253310336891145,0.05112414202194041,1.3212002604350457,1.0
2014-12-08,0.11709631130175775,0,CALM,0.4112311405261566,0.0341135160112529,0.0,0,0.0,0.823210114144922,0.047978916496473394,0.2287801927698939,0.02667931318320683
2014-12-09,0.4525318847548149,1,WATCH,0.5878617983683097,1.0,0.0,0,0.0,0.8283926326774627,0.055664351627374736,1.9987444260778984,1.0
2014-12-10,0.2984813849299383,0,CALM,0.4281176296920927,0.9361427512044408,0.0,0,0.0,0.8193363291689397,0.042234272660269634,0.1348804377502634,0.0
2014-12-11,0.20289580909674226,0,CALM,0.314727115029366,0.6022784806482625,0.0,0,0.0,0.8162000677309517,0.037583342097482424,0.1496330038198649,0.0
2014-12-12,0.4289933281794676,1,WATCH,0.5203009817502562,0.9999999999179155,0.0,0,0.0,0.8307402106583232,0.059145701124409845,1.2080298860313652,0.9300351264587942
2014-12-15,0.3280515460392289,0,CALM,0.4277193680074472,0.9999102510865072,0.0,0,0.0,0.9334074990165224,0.2113965382006566,0.1297859319144512,0.0
2014-12-16,0.32402449058357097,0,CALM,0.339470500565577,0.9999991341779788,0.0,0,0.0,1.0549041078273775,0.3915703860658096,0.1848834569456363,0.0
2014-12-17,0.3179263265839689,0,CALM,0.2595531298540303,0.9999910361985848,0.0,0,0.0,1.08490905712893,0.43606633721680604,0.3021166375851007,0.0943320315906377
2014-12-18,0.3254203371401506,0,CALM,0.1990121487781116,0.999997813539912,0.0,0,0.0,1.0623654354669407,0.40263518963654604,0.5836458889745281,0.35404218273985705
2014-12-19,0.2799786955664522,0,CALM,0.144142165169203,0.9998165556237228,0.0,0,0.0,1.0874257198067965,0.43979843149406883,0.1499230846590853,0.0
2014-12-22,0.24620402747003214,0,CALM,0.1020830832369203,0.8795316253377972,0.0,0,0.0,1.078769663770011,0.4269619010036419,0.2224149771151058,0.020807414928784542
2014-12-23,0.23071088690670416,0,CALM,0.0752828953313317,0.8433423101504224,0.0,0,0.0,1.082313341072536,0.4322170104378675,0.1533239228677945,0.0
2014-12-30,0.30794179877493116,0,CALM,0.0947854061285342,0.9998286290292828,0.0,0,0.0,1.0964169530272665,0.45313201423551847,0.6222617127103238,0.38966520013389166
2015-01-05,0.28825097443827224,0,CALM,0.1209320638791112,0.999999604873529,0.0,0,0.0,1.1283852477451497,0.5005395157730729,0.2861912116563355,0.07964085916481341
2015-01-07,0.27610867394852,0,CALM,0.1440475224047853,0.995491129691421,0.0,0,0.0,1.067322086750361,0.40998567409039516,0.1883481528238181,0.0
2015-01-08,0.35911835816797,0,CALM,0.261557795513102,0.9999999919350052,0.0,0,0.0,1.040688459660372,0.37048923775051806,0.8142780476175207,0.5667998712764158
2015-01-09,0.30035284788094546,0,CALM,0.2229991894528176,0.999991573128484,0.0,0,0.0,1.0627349516806546,0.4031831650798527,0.2463248182500205,0.04286419384058937
2015-01-12,0.27569925869627154,0,CALM,0.1602328066274034,0.991401215796218,0.0,0,0.0,1.0427916278250848,0.37360813880177063,0.1025169563742472,0.0
2015-01-13,0.2680197009223671,0,CALM,0.1128039747538346,0.9999958504600748,0.0,0,0.0,0.9392148300812356,0.2200085413997346,0.3930163522190526,0.17818683001920033
2015-01-14,0.24183639180675406,0,CALM,0.0791166328410301,0.9996799611848438,0.0,0,0.0,0.9400266370717242,0.22121241359527757,0.1875807004510373,0.0
2015-01-15,0.2501702965662369,0,CALM,0.0563023432266143,0.9999997799596416,0.0,0,0.0,1.027361918927726,0.35072659461147776,0.2109391119239862,0.010220953065071923
2015-01-16,0.23232452794492886,0,CALM,0.0394818469100702,0.9996372513547662,0.0,0,0.0,0.9147443654472333,0.18371997486846503,0.2448960787329892,0.041546184596115525
2015-01-19,0.16103634184955895,0,CALM,0.0276546652105753,0.6489971071253213,0.0,0,0.0,0.9548754670406948,0.2432325412185089,0.1930711984717021,0.0
2015-01-20,0.07674344125351766,0,CALM,0.0193969504773976,0.1719525602190685,0.0,0,0.0,1.043755094913506,0.3750369159035456,0.1653380146064203,0.0
2015-01-21,0.24710647109898756,0,CALM,0.0136889962310547,0.9998867967115505,0.0,0,0.0,1.0262998642655436,0.3491516167005598,0.2951626693369426,0.08791701028857828
2015-01-22,0.23740441377862806,0,CALM,0.0096635415240561,0.9985474759118884,0.0,0,0.0,1.026958040831765,0.3501276620871052,0.2027458328191413,0.002662670065258133
2015-01-23,0.23164857948274692,0,CALM,0.0068137700481552,0.9906925766335142,0.0,0,0.0,1.0053380501069964,0.31806621644005256,0.1782972182472715,0.0
2015-01-26,0.23557659678500942,0,CALM,0.0048068993679117,0.9991677801227584,0.0,0,0.0,0.9361657740388948,0.21548693240272723,0.3407012176706737,0.1299262267820708
2015-01-27,0.1905973407414126,0,CALM,0.0033984237269133,0.8478505959704412,0.0,0,0.0,0.9269201879680828,0.20177615615595998,0.059934910524081,0.0
2015-01-28,0.2176283480044982,0,CALM,0.0024115633800929,0.9844521762423664,0.0,0,0.0,0.9266329658919484,0.20135021911001727,0.12065927655041,0.0
2015-01-29,0.22633001118150192,0,CALM,0.0017123287143221,0.9967955406816896,0.0,0,0.0,0.9178826854814032,0.18837395823411573,0.2833872934535115,0.07705425043171885
2015-01-30,0.21253187369085053,0,CALM,0.0012217583240896,0.9960872610737502,0.0,0,0.0,0.8785799489617024,0.1300898189507807,0.1984167485125949,0.0
2015-02-02,0.20689964014328566,0,CALM,0.0008678746116866,0.9613190664453936,0.0,0,0.0,0.8569490134615507,0.09801214270837133,0.2499153363015536,0.046176439304481794
2015-02-03,0.02341256631048863,0,CALM,0.0006163167685399,0.0653703226634629,0.0,0,0.0,0.8595331016225627,0.10184422585661072,0.1270870996360442,0.0
2015-02-04,0.15675380516392873,0,CALM,0.0004405403199676,0.7103416828590543,0.0,0,0.0,0.8426972463740054,0.07687743170554408,0.2745218567240264,0.06887590341571538
2015-02-05,0.22143559198275195,0,CALM,0.0003261185096025,0.9914944120895308,0.0,0,0.0,0.8496343053792825,0.08716476915538335,0.3552929072829165,0.1433870302190681
2015-02-06,0.035684417189995654,0,CALM,0.0002402052509286,0.0498706940221016,0.0,0,0.0,0.9475657776128524,0.23239261009776538,0.2259946552918769,0.02410966063066651
2015-02-09,0.19791631198536971,0,CALM,0.0001836694397372,0.8982672889220431,0.0,0,0.0,0.9136987451837852,0.18216936841026757,0.1827167797892121,0.0
2015-02-10,0.2084051357237663,0,CALM,0.0001507158390188,0.9522552447711052,0.0,0,0.0,0.9116721881347434,0.17916407809790535,0.1311258719383821,0.0
2015-02-11,0.027547772978188938,0,CALM,0.0001173973015106,0.0357211022503061,0.0,0,0.0,0.9282458368042782,0.20374203202750066,0.1337195005103051,0.0
2015-02-12,0.21137783065488958,0,CALM,0.0001077894130808,0.974120367540462,0.0,0,0.0,0.9023017135299788,0.1652680979352698,0.1190809338456579,0.0
2015-02-13,0.003160355922327098,0,CALM,8.18666579698301e-05,0.0156994462891732,0.0,0,0.0,0.7491728266563891,0.0,0.1745362658226595,0.0
2015-02-16,0.025769521822886936,0,CALM,6.929924984874647e-05,0.0024088743631075,0.0,0,0.0,0.913295984799156,0.18157209340007138,0.2769676340999385,0.0711321279779611
2015-02-17,0.2211066341181314,0,CALM,7.496475001740194e-05,0.9965024735130714,0.0,0,0.0,0.9252791509919394,0.1993425742693983,0.2199477554028935,0.018531408010729142
2015-02-18,0.027613845129409804,0,CALM,7.177964797288076e-05,0.0032622157183124,0.0,0,0.0,0.9725442784039672,0.269434570737541,0.0885795288094431,0.0
2015-02-19,0.1681958279440514,0,CALM,8.721574020785737e-05,0.7238731935390107,0.0,0,0.0,0.9486455435514932,0.23399385301197304,0.0462985501795675,0.0
2015-02-20,0.20817195553483603,0,CALM,7.663680882658268e-05,0.9118225982938634,0.0,0,0.0,0.9294414797733588,0.20551511521492968,0.2566266925328718,0.052367651523637225
2015-02-23,0.20328200862625995,0,CALM,6.770963370999184e-05,0.8885374469570324,0.0,0,0.0,0.9197215285330264,0.1911008773759235,0.2697512633247373,0.06447504088833622
2015-02-24,0.05753793146806032,0,CALM,6.234047692750517e-05,0.2017132713654541,0.0,0,0.0,0.9067042938256858,0.1717969207573762,0.0895223699200931,0.0
2015-02-25,0.030396018579498554,0,CALM,5.7082889804491787e-05,0.0097553605359429,0.0,0,0.0,0.9598207405834842,0.25056615300957724,0.2364347262810757,0.03374060448901126
2015-02-26,0.22902042207250356,0,CALM,6.376030757747361e-05,0.9566555414570068,0.0,0,0.0,0.9281651750016878,0.20362241430737918,0.3875144349474161,0.17311132273469906
2015-02-27,0.028667231916357422,0,CALM,5.797485229002574e-05,0.0562451137971166,0.0,0,0.0,0.9082149503301647,0.17403715443861592,0.0872831946290416,0.0
2015-03-02,0.02027902376373989,0,CALM,4.792261099749157e-05,0.0456452806373727,0.0,0,0.0,0.8659632712612133,0.1113798698351598,0.1976956877709133,0.0
2015-03-03,0.22186642757873334,0,CALM,5.204789292512022e-05,0.9947908568125392,0.0,0,0.0,0.8731941890066925,0.12210298619660188,0.315685692061369,0.10684945623334029
2015-03-04,0.13623962540340953,0,CALM,5.270828367344762e-05,0.6125459765793244,0.0,0,0.0,0.8833560327500207,0.13717253016626277,0.0961806182858597,0.0
2015-03-05,0.03126664833242043,0,CALM,4.527906661978534e-05,0.0834845022257586,0.0,0,0.0,0.8890283278006924,0.14558428120613764,0.1933540871383603,0.0
2015-03-06,0.04173061486501356,0,CALM,3.999945914197461e-05,0.1156020600557706,0.0,0,0.0,0.8854843240913932,0.14032868772577245,0.2493699723239154,0.04567334216496701
2015-03-09,0.0648361757084992,0,CALM,4.132845714907487e-05,0.2578294000510223,0.0,0,0.0,0.8679920912453897,0.11438851597559524,0.2196005588006676,0.018211119864479444
2015-03-10,0.12083041763344862,0,CALM,0.0007160300345956,0.5449701035946861,0.0,0,0.0,0.8694657569810319,0.11657389405862507,0.0859592542070057,0.0
2015-03-11,0.28314276585328374,0,CALM,0.0453124739569298,0.999999880663215,0.0,0,0.0,0.8783272436858096,0.12971506872211944,0.8377271759603075,0.5884316435919633
2015-03-12,0.03167405141810478,0,CALM,0.0322656036977227,0.0024028794694234,0.0,0,0.0,0.9468092711314956,0.2312707459978942,0.1646009867793224,0.0
2015-03-13,0.21641352415096038,0,CALM,0.0226091341839131,0.904653953906303,0.0,0,0.0,0.8996272517046181,0.1613019948253973,0.3483719954719327,0.13700250341181738
2015-03-16,0.214426113024937,0,CALM,0.0158405833917005,0.9195341196080116,0.0,0,0.0,0.8981736256227825,0.15914633462150465,0.3152473622956692,0.10644509793259083
2015-03-17,0.05837080397656484,0,CALM,0.011107896468312,0.2748992540861841,0.0,0,0.0,0.7949967413728531,0.006139790422500144,0.0306803971505887,0.0
2015-03-18,0.054206060655451374,0,CALM,0.007783058902733,0.2500572228454129,0.0,0,0.0,0.7474773154854424,0.0,0.2242373103980168,0.022488513606855495
2015-03-19,0.03622160806245677,0,CALM,0.0054567859098603,0.1711755410637234,0.0,0,0.0,0.6996587636035655,0.0,0.2066053142858981,0.006223033722470135
2015-03-20,0.15796087231694705,0,CALM,0.0038323012506069,0.7809351534630251,0.0,0,0.0,0.6982268938207807,0.0,0.2087024782308598,0.008157663116903113
2015-03-23,0.00121420828358745,0,CALM,0.002689452802801,0.002709225414436,0.0,0,0.0,0.7248031432214251,0.0,0.1285139828997381,0.0
2015-03-24,0.1541479283544666,0,CALM,0.0018985787648318,0.7683664183162933,0.0,0,0.0,0.7599818307441599,0.0,0.1053018561260882,0.0
2015-03-25,0.15751276539487738,0,CALM,0.0013385773208718,0.7411409066299619,0.0,0,0.0,0.7604484184143206,0.0,0.2968779979568015,0.0894993973866703
2015-03-26,0.2155680298616803,0,CALM,0.0009615574906378,0.9952698235354336,0.0,0,0.0,0.7201673123190261,0.0,0.3762682688611566,0.16273675781934135
2015-03-27,0.010107360814479315,0,CALM,0.0006842167643979,0.0496815331168992,0.0,0,0.0,0.7206265867779901,0.0,0.1705829227385763,0.0
2015-03-30,0.2420068101518303,0,CALM,0.0009725861737806,0.9918972238061616,0.0,0,0.0,0.726611288432393,0.0,0.6701501544993714,0.4338421884715278
2015-03-31,0.009337301431388004,0,CALM,0.0006989143012177,0.0458128642804179,0.0,0,0.0,0.7104583346177562,0.0,0.0767437894872904,0.0
2015-04-01,0.18598510582185573,0,CALM,0.0005096969250763,0.9292884079529332,0.0,0,0.0,0.7423678043918367,0.0,0.1170835440044706,0.0
2015-04-02,0.008806882910625943,0,CALM,0.0003637622536132,0.0022510681942126,0.0,0,0.0,0.8432146544005813,0.07764472386272368,0.2052931481938987,0.005012563221077545
2015-04-07,0.09878261220136748,0,CALM,0.000281581471202,0.4405759753804515,0.0,0,0.0,0.8354244547594486,0.0660922183342302,0.2430877436630784,0.039877999240536505
2015-04-08,0.008462075154483566,0,CALM,0.0027647935285821,0.0121946071167056,0.0,0,0.0,0.8268114652360369,0.0533195534899692,0.0771039023147963,0.0
2015-04-09,0.34614556538768804,0,CALM,0.2960813007924147,0.9993049908531872,0.0,0,0.0,0.8567295669276205,0.09768671365478813,0.877319745031878,0.6249557065346805
2015-04-10,0.43557567485352805,1,WATCH,0.5072564588288391,0.9999956123766754,0.0,0,0.0,0.8929734381146606,0.1514346972175567,1.2147015032187771,0.9361896794922752
2015-04-13,0.10099160294579324,0,CALM,0.3584382225197839,0.0033689023769259,0.0,0,0.0,0.863065539945743,0.10708266840462081,0.041460181777429,0.0
2015-04-14,0.09693396474403618,0,CALM,0.2510123393166605,0.1709043995743553,0.0,0,0.0,0.7888957150587207,0.0,0.0942367458002355,0.0
2015-04-15,0.04843129129635769,0,CALM,0.1772218220340339,0.0073269647145835,0.0,0,0.0,0.8087966582323842,0.02660442844932519,0.1757611160386211,0.0
2015-04-16,0.3638901644889966,0,CALM,0.3807646011429608,0.999997818553291,0.0,0,0.0,0.8119877093291403,0.03133660954033763,0.9106013253050428,0.6556578953856437
2015-04-17,0.3504982195674478,0,CALM,0.5018687492492337,0.9998162385285784,0.0,0,0.0,0.8589682894513958,0.1010066355469204,0.3621050415281963,0.1496712099473165
2015-04-20,0.4745528505004063,1,WATCH,0.6513081244744636,1.0,0.0,0,0.0,0.8699272007540743,0.11725819381790385,1.999144722937342,1.0
2015-04-21,0.2911341407008596,0,CALM,0.4591286960318604,0.8174342037715172,0.0,0,0.0,0.8758771492500511,0.1260816920670488,0.2026449082061474,0.0025695673188615687
2015-04-22,0.29045775297493787,0,CALM,0.3214608157127765,0.9784415075555312,0.0,0,0.0,0.8879886420504546,0.14404247535637485,0.1886305491931763,0.0
2015-04-23,0.25833715033804905,0,CALM,0.2250445095425546,0.9357662149778726,0.0,0,0.0,0.8914852610925942,0.14922779956835872,0.1178788799916129,0.0
2015-04-24,0.20724112721777446,0,CALM,0.1575427497204754,0.7805507531623297,0.0,0,0.0,0.8675390837686832,0.11371672685334112,0.2039095152518278,0.0037361646985552364
2015-04-27,0.2521456028988244,0,CALM,0.1103832868586218,0.9981750601424836,0.0,0,0.0,0.9588642296453382,0.2491476915567217,0.0668870717160412,0.0
2015-04-28,0.23192846061513,0,CALM,0.0773473387024237,0.935927171926954,0.0,0,0.0,0.962178037704286,0.25406191554133245,0.0756760664170507,0.0
2015-04-29,0.27345768622242034,0,CALM,0.0549688929266955,0.9999996242713732,0.0,0,0.0,1.0619199073296297,0.4019744920284631,0.411438138107772,0.1951808893362548
2015-04-30,0.24899644411504313,0,CALM,0.0386676835460221,0.9953511146249984,0.0,0,0.0,1.0623369877813318,0.40259300303537926,0.1981198499574242,0.0
2015-05-04,0.24863432564529345,0,CALM,0.0274012055196598,0.9973770852502986,0.0,0,0.0,1.0761560765749711,0.42308607215318794,0.1831829631360596,0.0
2015-05-05,0.25611654124539507,0,CALM,0.0208793293211,0.9999217099198484,0.0,0,0.0,1.1341737989516023,0.5091236693115037,0.0662636685042175,0.0
2015-05-06,0.23540566781773303,0,CALM,0.0148286710353723,0.9833770397779296,0.0,0,0.0,1.0270276714241575,0.3502309210330405,0.1958989984417499,0.0
2015-05-07,0.24361515594773311,0,CALM,0.0113078364946975,0.9998880080558082,0.0,0,0.0,1.052098327966461,0.387409544386756,0.2222946438512902,0.020696407742214783
2015-05-08,0.2822565620380375,0,CALM,0.013358053830007,0.999999633064682,0.0,0,0.0,1.041526042510054,0.37173133435230893,0.6523698401533923,0.4174398853236841
2015-05-11,0.09828607993986699,0,CALM,0.0095033142458382,0.2906113254092887,0.0,0,0.0,1.016657904783919,0.33485303703016994,0.2465011135995891,0.04302682593532694
2015-05-12,0.21145846437296237,0,CALM,0.006674302539361,0.9569579819380144,0.0,0,0.0,0.9149216795693011,0.18398292350519233,0.1706141295503389,0.0
2015-05-13,0.20619120854714715,0,CALM,0.0047258986792834,0.9771703081668998,0.0,0,0.0,0.8554281161872656,0.09575672243946337,0.1246819382349997,0.0
2015-05-15,0.2542834426518657,0,CALM,0.004828773332359,0.999999968691992,0.0,0,0.0,0.9114572101272967,0.1788452756622889,0.5813424663507009,0.35191728014148654
2015-05-18,0.20292401684939643,0,CALM,0.0034547098645983,0.9854383385743308,0.0,0,0.0,0.8131167217234871,0.03301088266917529,0.2179796490901378,0.016715834014631392
2015-05-19,0.24881005261541755,0,CALM,0.0035873108024049,0.9999541137662978,0.0,0,0.0,0.8052995544579895,0.021418385401840965,0.6961268499566645,0.4578056362137264
2015-05-20,0.019304452522060558,0,CALM,0.0025286355824333,0.0545203071936788,0.0,0,0.0,0.8432400078650643,0.07768232187716471,0.1242822555795137,0.0
2015-05-21,0.01466638820803515,0,CALM,0.0017766464370622,0.049959988647385,0.0,0,0.0,0.8193821944119283,0.04230228869292601,0.1870145963712046,0.0
2015-05-22,0.02587823051315605,0,CALM,0.0012565756052148,0.0054545522526263,0.0,0,0.0,0.9558864361462666,0.2447317616132709,0.1833083165418658,0.0
2015-05-26,0.2099336519319519,0,CALM,0.0009272422475557,0.9256746733748166,0.0,0,0.0,0.9565184891401016,0.24566906695099633,0.0554415509207353,0.0
2015-05-27,0.21918052191514042,0,CALM,0.0006851215520651,0.9723878296595346,0.0,0,0.0,0.9562809153073224,0.24531675595217214,0.1472961751983583,0.0
2015-05-28,0.2098502899805534,0,CALM,0.0007131167621596,0.9114049333534306,0.0,0,0.0,0.9580381621867452,0.24792267174697044,0.2280303333764814,0.025987569446303146
2015-05-29,0.27549923822747474,0,CALM,0.0124525228206013,0.9999999355195416,0.0,0,0.0,0.9416686180604552,0.22364739540881662,0.7420978719642185,0.5002138087753443
2015-06-01,0.19885417868510558,0,CALM,0.0089639947223761,0.8699577666948776,0.0,0,0.0,0.9434008846941808,0.2262162666553602,0.1506148157575658,0.0
2015-06-02,0.21980411917001166,0,CALM,0.0063051961632087,0.9976134376536192,0.0,0,0.0,0.8999160700889989,0.16173029912259043,0.2273077923673107,0.025321026862265703
2015-06-03,0.21753288157683245,0,CALM,0.0044333170736262,0.9899911097337346,0.0,0,0.0,0.9005370055816763,0.16265111772062962,0.2232873595267391,0.021612185896160152
2015-06-04,0.22023416998911358,0,CALM,0.0031345892903728,0.9988661414259812,0.0,0,0.0,0.9106395893586277,0.17763278190277243,0.220607652711165,0.019140161910469
2015-06-05,0.04433032711852133,0,CALM,0.0022104676383655,0.1685435012072566,0.0,0,0.0,0.8587548398554252,0.10069009967478627,0.0510038509786039,0.0
2015-06-08,0.06045033696570116,0,CALM,0.0015643244340086,0.2483881576164001,0.0,0,0.0,0.860862891930579,0.10381624333918982,0.0525805398200966,0.0
2015-06-09,0.211334043220045,0,CALM,0.0011135525332513,0.9949108197629692,0.0,0,0.0,0.8398758973020007,0.07269350160700745,0.2519369890042615,0.048041409734375845
2015-06-10,0.22529650724831296,0,CALM,0.0008586233657918,0.9999883754858522,0.0,0,0.0,0.895723328703156,0.15551265769222897,0.3031974788353005,0.09532910540471685
2015-06-11,0.20752650670887265,0,CALM,0.0006287842964346,0.99263360201495,0.0,0,0.0,0.8504847251505242,0.08842590231773978,0.1384983652345908,0.0
2015-06-12,0.21034391897739016,0,CALM,0.0004712493544581,0.99529411537502,0.0,0,0.0,0.8661608268550463,0.11167283563771631,0.1310982865844289,0.0
2015-06-15,0.16547945714661721,0,CALM,0.0003405137398708,0.7595602620780056,0.0,0,0.0,0.870868139734447,0.1186535627780696,0.217387090759679,0.01616920018241438
2015-06-16,0.20175168524435166,0,CALM,0.0002692982612506,0.988000667546728,0.0,0,0.0,0.818397661329458,0.040842271696934274,0.0959729645284057,0.0
2015-06-17,0.0880860061152736,0,CALM,0.0002013002545609,0.4206588123397097,0.0,0,0.0,0.8171817866618359,0.039039185836914285,0.0996590113079004,0.0
2015-06-18,0.20788883453602183,0,CALM,0.0001751482572158,0.998746378589762,0.0,0,0.0,0.8345355279999438,0.0647739810904268,0.2174028482636997,0.016183736447227922
2015-06-19,0.2071795286798553,0,CALM,0.000502011040194,0.9849798861317688,0.0,0,0.0,0.8002481059896509,0.01392732111007957,0.2937926451608219,0.08665316582445111
2015-06-22,0.2632208721472772,0,CALM,0.0280499040852827,0.999999887445322,0.0,0,0.0,0.752384271836546,0.0,0.8091661825790505,0.5620841863689208
2015-06-23,0.03625777611517144,0,CALM,0.020316813548306,0.143959533952624,0.0,0,0.0,0.5640952503377371,0.0,0.2257312387057546,0.02386665937570134
2015-06-24,0.076889488916696,0,CALM,0.0142793627807405,0.3665982411075544,0.0,0,0.0,0.5669016155506502,0.0,0.1657541658363293,0.0
2015-06-25,0.1991772782394754,0,CALM,0.0100624558042175,0.9822530886879808,0.0,0,0.0,0.5817568699875603,0.0,0.2021472357490581,0.002110465508248378
2015-06-26,0.18618542524618073,0,CALM,0.0071246144673096,0.9220213581467666,0.0,0,0.0,0.5630489616536678,0.0,0.1504825067427566,0.0
2015-06-29,0.21441650956238448,0,CALM,0.0051229759713232,0.9997186189669952,0.0,0,0.0,0.5903031180489501,0.0,0.3428629471644766,0.13192041776154625
2015-06-30,0.15514229461971688,0,CALM,0.0036597237053019,0.7711368184669569,0.0,0,0.0,0.5769433990442644,0.0,0.0996777968966923,0.0
2015-07-01,0.18600820695803877,0,CALM,0.0026264295453486,0.926757997858508,0.0,0,0.0,0.5821036635367771,0.0,0.1421281066536742,0.0
2015-07-02,0.2124400745028302,0,CALM,0.0018929568135916,0.9642147178727044,0.0,0,0.0,0.5944136064985622,0.0,0.4071649880370632,0.19123891724891395
2015-07-03,0.010341706982422304,0,CALM,0.0013454314512541,0.0500267455980439,0.0,0,0.0,0.6181933164365128,0.0,0.10838876527856,0.0
2015-07-06,0.20536757700392938,0,CALM,0.0009972503681284,0.9592944991589428,0.0,0,0.0,0.5959869352221125,0.0,0.3435927352961595,0.13259364580108704
2015-07-07,0.22961309663675297,0,CALM,0.0011727568035706,0.9999560809959788,0.0,0,0.0,0.5851006638379733,0.0,0.5177863693891537,0.29328691236664534
2015-07-08,0.01418617320642471,0,CALM,0.000879982738041,0.0698308876095723,0.0,0,0.0,0.600172523913823,0.0,0.0758022795709481,0.0
2015-07-09,0.2190812993969397,0,CALM,0.0010789599846807,0.999420951778885,0.0,0,0.0,0.5644883311384613,0.0,0.4050346560993956,0.18927369044992548
2015-07-10,0.24010336230229729,0,CALM,0.0029588086807669,0.9999552113958232,0.0,0,0.0,0.5605951498654557,0.0,0.6266638671988551,0.3937261785294092
2015-07-13,0.15428900801318815,0,CALM,0.0021735393070516,0.7035830035317917,0.0,0,0.0,0.5763595283546795,0.0,0.3410957963547558,0.13029022480066915
2015-07-14,0.00208137309501994,0,CALM,0.0015387743959784,0.0084833974801267,0.0,0,0.0,0.6098678960890946,0.0,0.1126375598754606,0.0
2015-07-15,0.00084434266364869,0,CALM,0.0010901579321202,0.0028590159030932,0.0,0,0.0,0.681059215154754,0.0,0.0411577577161062,0.0
2015-07-16,0.0299978902256311,0,CALM,0.0007749008699643,0.1490208250407001,0.0,0,0.0,0.6868990063065895,0.0,0.1296954049407167,0.0
2015-07-17,0.002377499495577935,0,CALM,0.0005488240330339,0.0112014674365973,0.0,0,0.0,0.7458280775213266,0.0,0.1623490469326294,0.0
2015-07-20,0.12740043572944237,0,CALM,0.0003926101812985,0.6095111555227546,0.0,0,0.0,0.7603752166714063,0.0,0.2583967444994103,0.05400052079566823
2015-07-21,0.17103315435253608,0,CALM,0.0002857688067041,0.8424135827280558,0.0,0,0.0,0.7455199615954039,0.0,0.2267321045597697,0.024789956052488918
2015-07-22,0.22603950902898018,0,CALM,0.000247731758558,0.9909486618335434,0.0,0,0.0,0.7478531440316074,0.0,0.5010833777959758,0.27787843722632005
2015-07-23,0.21800472771319235,0,CALM,0.0002023336472611,0.9977736926256616,0.0,0,0.0,0.7484802557351397,0.0,0.3993114641812529,0.18399405776244748
2015-07-24,0.05172079875182234,0,CALM,0.0001614413460076,0.2584021920766022,0.0,0,0.0,0.7233491803558628,0.0,0.0775959253589091,0.0
2015-07-27,0.2365455763112635,0,CALM,0.0004183740328532,0.9998934222950344,0.0,0,0.0,0.7019143917022156,0.0,0.5951156173896577,0.3646229834404328
2015-07-28,0.0036789243510950602,0,CALM,0.0003138961016512,0.0180022516284113,0.0,0,0.0,0.6472466349374072,0.0,0.07203592786238,0.0
2015-07-29,0.008482956242210139,0,CALM,0.0002338316573556,0.0421224916393562,0.0,0,0.0,0.6303856109031838,0.0,0.1501947103643326,0.0
2015-07-30,0.21337556053207526,0,CALM,0.0002150311062358,0.9913533177220688,0.0,0,0.0,0.6026132267055766,0.0,0.3630158101467237,0.1505113921110254
2015-07-31,0.18801077938007757,0,CALM,0.0001804406943722,0.8836083143842757,0.0,0,0.0,0.6028709276496385,0.0,0.3217459843305818,0.11244006329629368
2015-08-03,0.02068199911125483,0,CALM,0.0001497219758986,0.1032228430864009,0.0,0,0.0,0.6010360756577069,0.0,0.121845578506616,0.0
2015-08-04,0.005232801998612803,0,CALM,0.0001290224553021,0.0095135562637201,0.0,0,0.0,0.6571925810906922,0.0,0.2356084337277443,0.03297835132043258
2015-08-05,0.24548230960205622,0,CALM,0.0020062161946726,0.99871650209918,0.0,0,0.0,0.5955107802893209,0.0,0.6902394818533084,0.4523745513355206
2015-08-06,0.005742086309664027,0,CALM,0.0014349374237419,0.0108578325524337,0.0,0,0.0,0.6340767224609404,0.0,0.2346756436784002,0.03211785443241811
2015-08-07,0.01997192808638852,0,CALM,0.0011086496146627,0.0230551977161869,0.0,0,0.0,0.62037621324819,0.0,0.3633690567761731,0.15083726139485465
2015-08-10,0.07545542631840568,0,CALM,0.0060074984314308,0.3697677585527399,0.0,0,0.0,0.5863306979493577,0.0,0.1405084856950967,0.0
2015-08-11,0.3111482264757963,0,CALM,0.1849255597180605,0.999995600837867,0.0,0,0.0,0.5930384131783438,0.0,0.9035761262231954,0.6491771637870781
2015-08-12,0.2685796393073262,0,CALM,0.1599786560304613,0.9999543363341128,0.0,0,0.0,0.65576629105282,0.0,0.5098233899473704,0.28594108032888316
2015-08-13,0.23938013400883573,0,CALM,0.1128787548509092,0.990349903152558,0.0,0,0.0,0.6503031629947313,0.0,0.3417618378020933,0.13090464665596827
2015-08-14,0.11713251804620448,0,CALM,0.0790509043470182,0.4868489597972496,0.0,0,0.0,0.6588052889234859,0.0,0.1217714289870901,0.0
2015-08-17,0.21019248557911263,0,CALM,0.0553687981309467,0.9817514302318796,0.0,0,0.0,0.6719730279430548,0.0,0.15324617617222,0.0
2015-08-18,0.012662859420156079,0,CALM,0.038766799583854,0.0148557976209629,0.0,0,0.0,0.7069481419392565,0.0,0.197572060089021,0.0
2015-08-19,0.24465065143063536,0,CALM,0.0273933508151675,0.9986148396662,0.0,0,0.0,0.7074491723500108,0.0,0.6126446263991784,0.38079345793603475
2015-08-20,0.21573508098922614,0,CALM,0.019208614007057,0.9968185575181636,0.0,0,0.0,0.7232673086359042,0.0,0.3252713001523294,0.11569215983829152
2015-08-21,0.20537813674983932,0,CALM,0.013646453199671,0.998899233136041,0.0,0,0.0,0.8056019123937698,0.021866768227133678,0.1055469330866545,0.0
2015-08-24,0.23798687262923132,0,CALM,0.0125196338700424,0.9999999129146652,0.0,0,0.0,1.0259075385271992,0.34856981578787666,0.1936257084077709,0.0
2015-08-25,0.26145770646486377,0,CALM,0.0115997019791791,0.9999995086156932,0.0,0,0.0,1.0777911419846598,0.42551079848306794,0.3733752934393456,0.16006799398623534
2015-08-26,0.24927642478368317,0,CALM,0.0100089247354146,0.999974035230752,0.0,0,0.0,1.106303877423347,0.4677938655367912,0.1675655327967916,0.0
2015-08-27,0.24788034595565897,0,CALM,0.0077810525245734,0.9996376889673158,0.0,0,0.0,1.1010991194271291,0.46007545031052444,0.1659792445350243,0.0
2015-08-28,0.260360289663321,0,CALM,0.0057907387988422,0.999080457564959,0.0,0,0.0,1.102662374345811,0.4623936850057128,0.3392326211133198,0.12857144950047314
2015-08-31,0.24899398217205443,0,CALM,0.0042624685982711,0.9936850340280452,0.0,0,0.0,1.103533892879169,0.46368610665581284,0.2304584212865575,0.028227475512963243
2015-09-01,0.24669463329487093,0,CALM,0.0032740533718314,0.9981466686694496,0.0,0,0.0,1.1027123942308388,0.46246786218023167,0.134661869036117,0.0
2015-09-02,0.23766477809642264,0,CALM,0.002384561287253,0.9973932528738296,0.0,0,0.0,1.0376712503297625,0.3660148559531062,0.2105749517351607,0.009885016045328354
2015-09-03,0.2331374770001961,0,CALM,0.0017427291412831,0.992358459364738,0.0,0,0.0,1.0216803079070749,0.3423010284192769,0.139423717775638,0.0
2015-09-04,0.22365119901581398,0,CALM,0.0012620567975755,0.9983702228324938,0.0,0,0.0,0.9504140070267076,0.23661640249921348,0.1883054003706722,0.0
2015-09-07,0.19665064052032802,0,CALM,0.0008955789055983,0.940096391213278,0.0,0,0.0,0.8347300889690699,0.06506250600313765,0.2204689072495672,0.019012169509590584
2015-09-08,0.213554618486816,0,CALM,0.0006459981145242,0.9963066121868868,0.0,0,0.0,0.8309125768127197,0.05940131215407809,0.2886582024424238,0.08191665305399784
2015-09-09,0.22743404934663966,0,CALM,0.0005417607569551,0.999987718511842,0.0,0,0.0,0.8280136981673212,0.055102409286355354,0.4360748936295625,0.21790824526396943
2015-09-10,0.19633244828766225,0,CALM,0.0004035664369812,0.9554643633590616,0.0,0,0.0,0.8255081788290904,0.051386840066045984,0.1261109666972959,0.0
2015-09-11,0.24058209287406393,0,CALM,0.0005373250846337,0.9999761703676172,0.0,0,0.0,0.8256295773579663,0.05156686846590674,0.5824710614993094,0.3529584068279137
2015-09-14,0.19040062581993333,0,CALM,0.0003911530694882,0.9242045254817128,0.0,0,0.0,0.8276879397043133,0.054619324562187155,0.1896726758674758,0.0
2015-09-15,0.19589304760356388,0,CALM,0.0002903653436859,0.9545788664672996,0.0,0,0.0,0.8239302399531441,0.04904682974182473,0.1432982768992935,0.0
2015-09-16,0.1406817486373808,0,CALM,0.000212674227878,0.6450800286681361,0.0,0,0.0,0.7814517063966685,0.0,0.3257413105624023,0.11612574346784087
2015-09-17,0.032331973323775416,0,CALM,0.0001561008714853,0.1378292747637669,0.0,0,0.0,0.8207382672559366,0.044313281959995586,0.2030655945196495,0.002957649571511446
2015-09-18,0.21319848163973626,0,CALM,0.0001685254830017,0.9996919411900588,0.0,0,0.0,0.8262226143422142,0.052446314867119814,0.2862914246486643,0.07973330544262072
2015-09-21,0.09250229741620744,0,CALM,0.0011697414876893,0.4467953486702784,0.0,0,0.0,0.8100802415490842,0.02850792310229436,0.0910885755865173,0.0
2015-09-22,0.2773665369538162,0,CALM,0.0826540212712273,0.9999999942081874,0.0,0,0.0,0.6767916256828582,0.0,0.8145278657040925,0.5670303279437184
2015-09-23,0.2106949613882552,0,CALM,0.0603070524588709,0.9676621717374136,0.0,0,0.0,0.6310572554368299,0.0,0.2224694209574435,0.02085763926054716
2015-09-24,0.20749890775952942,0,CALM,0.042539654736694,0.9843199703767797,0.0,0,0.0,0.634892999113386,0.0,0.05897161773112,0.0
2015-09-25,0.19191240130087317,0,CALM,0.0298149015901241,0.9222933795167106,0.0,0,0.0,0.6288229988650771,0.0,0.1877276503402125,0.0
2015-09-28,0.20974502145000326,0,CALM,0.0209126380814898,0.9924555100050114,0.0,0,0.0,0.6240161433543234,0.0,0.2651795006433401,0.06025759928628529
2015-09-29,0.21091314944368894,0,CALM,0.0147092560412819,0.999657657304546,0.0,0,0.0,0.645375550885789,0.0,0.2790390877998412,0.07304303972459228
2015-09-30,0.189663039257026,0,CALM,0.0103235312261099,0.9354107822524926,0.0,0,0.0,0.6452246565358076,0.0,0.197365479693203,0.0
2015-10-01,0.19259729458038324,0,CALM,0.0072991667401374,0.9538625144767444,0.0,0,0.0,0.6609467164680242,0.0,0.045424752546538,0.0
2015-10-02,0.20143500355099758,0,CALM,0.0051529796014853,0.9973706612482064,0.0,0,0.0,0.6737724413142221,0.0,0.2071508225975893,0.006726264009849777
2015-10-05,0.22196482266301637,0,CALM,0.0036814648245623,0.9997330302513618,0.0,0,0.0,0.674485902936039,0.0,0.4285629621815836,0.21097850406603422
2015-10-06,0.15165482443614137,0,CALM,0.0026056934047626,0.7550170054247536,0.0,0,0.0,0.6621462566991928,0.0,0.1007085595758593,0.0
2015-10-07,0.18628536620862518,0,CALM,0.0018413971641031,0.910521486935818,0.0,0,0.0,0.6660697722066573,0.0,0.2401925567424552,0.03720719530435793
2015-10-08,0.013583905356792983,0,CALM,0.0012954400160056,0.0547111357754516,0.0,0,0.0,0.7509119333800152,0.0,0.2249849200663264,0.023178181977012612
2015-10-09,0.07679979514154116,0,CALM,0.0009141178469622,0.3591024579002484,0.0,0,0.0,0.7979635589433781,0.010539443571894633,0.239933588270628,0.03696829742561462
2015-10-12,0.053024292871694835,0,CALM,0.0006474917077445,0.222148048659071,0.0,0,0.0,0.8461680368741693,0.08202445338515223,0.202356648941357,0.0023036487442928437
2015-10-13,0.20232597608651523,0,CALM,0.0004649576663101,0.9451056519699016,0.0,0,0.0,0.8507275629759461,0.08878601957402948,0.2465804820707532,0.04310004318554439
2015-10-14,0.09402049399574385,0,CALM,0.0003385296796723,0.4171975857196104,0.0,0,0.0,0.8616364838271133,0.1049634443190368,0.1018299179334229,0.0
2015-10-15,0.19789023129584865,0,CALM,0.000250468933567,0.8598544044798113,0.0,0,0.0,0.8652634538245388,0.11034207296491906,0.3605376111817368,0.14822525870002753
2015-10-16,0.020395726018231967,0,CALM,0.0001843955044906,0.0234979395955725,0.0,0,0.0,0.8963893876132596,0.1565003922299482,0.1437377498347885,0.0
2015-10-19,0.14494017101550946,0,CALM,0.0001402871234353,0.6390356332800455,0.0,0,0.0,0.9025454235290282,0.16562950858468398,0.205659169591143,0.00535021720173148
2015-10-20,0.09163871127529757,0,CALM,0.0001140713098849,0.368736933791145,0.0,0,0.0,0.9113107397664536,0.17862806689597352,0.098475454843786,0.0
2015-10-21,0.17185854501600537,0,CALM,9.184339075783343e-05,0.8132693410957665,0.0,0,0.0,0.8527715511861264,0.09181715949162594,0.1758465671670032,0.0
2015-10-22,0.22646194737325687,0,CALM,0.0001336741339697,0.9999843790554054,0.0,0,0.0,0.8873856598543278,0.14314828066622123,0.3312074541691674,0.12116824962061223
2015-10-23,0.19559640420606397,0,CALM,0.0001113974578641,0.9417266341510854,0.0,0,0.0,0.8395648818688604,0.07223228011380851,0.1326888108229998,0.0
2015-10-26,0.02753281000524417,0,CALM,8.599264338797278e-05,0.0707582885649871,0.0,0,0.0,0.8809446366243143,0.13359654131399756,0.1938288471130793,0.0
2015-10-27,0.14719363486389148,0,CALM,7.082028589603335e-05,0.6181656752062065,0.0,0,0.0,0.8878299847885508,0.1438071939798102,0.2991775761784023,0.0916207535319516
2015-10-28,0.1877159856687989,0,CALM,5.967813937628347e-05,0.8674032974268157,0.0,0,0.0,0.8269965779781148,0.05359406711924231,0.2959138786967394,0.08860999936667473
2015-10-29,0.1633236650751663,0,CALM,5.300046674514885e-05,0.7995124935080399,0.0,0,0.0,0.8138370947775867,0.034079162568720046,0.1612040416425141,0.0
2015-10-30,0.040412495749246866,0,CALM,4.431097236209994e-05,0.1946654939180824,0.0,0,0.0,0.7610500607361161,0.0,0.2157762384081395,0.01468319222539856
2015-11-02,0.15200072920352348,0,CALM,5.46116142756826e-05,0.7599353814997727,0.0,0,0.0,0.7119282063537232,0.0,0.0776386967445363,0.0
2015-11-03,0.009115090096304741,0,CALM,4.611100295211709e-05,0.03501909806245,0.0,0,0.0,0.687032919186342,0.0,0.2226209530811901,0.020997427330767104
2015-11-04,0.017172733256414434,0,CALM,4.326327450917641e-05,0.0858095871889357,0.0,0,0.0,0.6562870982324206,0.0,0.1772385537533826,0.0
2015-11-05,0.11514545679289397,0,CALM,4.582423715808178e-05,0.5680404465574613,0.0,0,0.0,0.6441283680431917,0.0,0.2164005454966271,0.015259114221121708
2015-11-06,0.06552500527099671,0,CALM,6.283761881387184e-05,0.3275464793314662,0.0,0,0.0,0.6442580145128648,0.0,0.0651366404914156,0.0
2015-11-09,0.22380801090248184,0,CALM,0.0001119513189282,0.9952462499455952,0.0,0,0.0,0.6441105341618767,0.0,0.4679443262558561,0.24730773083630742
2015-11-10,0.11275610548007146,0,CALM,9.575698687851484e-05,0.5576942413265811,0.0,0,0.0,0.6351923220806607,0.0,0.2127951883040467,0.0119331796803561
2015-11-11,0.013658556159077457,0,CALM,8.288929136894538e-05,0.0681891691811761,0.0,0,0.0,0.6337787841538902,0.0,0.1256025896971209,0.0
2015-11-12,0.1927814799307701,0,CALM,8.207329713430014e-05,0.9638048080324326,0.0,0,0.0,0.6671709978872717,0.0,0.1906405698086028,0.0
2015-11-13,0.1778410793029834,0,CALM,7.847376725942832e-05,0.8891073043058426,0.0,0,0.0,0.671897364836779,0.0,0.1645121901834746,0.0
2015-11-16,0.07109054278056529,0,CALM,9.165773307584033e-05,0.3553381417364816,0.0,0,0.0,0.6250473857085489,0.0,0.1255687326654387,0.0
2015-11-17,0.23764101730238898,0,CALM,0.0007303794303931,0.9999538978965636,0.0,0,0.0,0.6338057488049581,0.0,0.6060136854572917,0.3746764286547797
2015-11-18,0.0030716523034140402,0,CALM,0.0005275340544308,0.0146988439490317,0.0,0,0.0,0.6556745084123303,0.0,0.1494453718452177,0.0
2015-11-19,0.03980895556477382,0,CALM,0.0003799434815836,0.1877327282536451,0.0,0,0.0,0.6634704528251154,0.0,0.2233546274722036,0.021674240436488978
2015-11-20,0.01645236286994866,0,CALM,0.000287359888948,0.0807818371823867,0.0,0,0.0,0.5744846400846283,0.0,0.2022893380780499,0.0022415546123431764
2015-11-23,0.00899348284492622,0,CALM,0.000220311423172,0.0295782925235888,0.0,0,0.0,0.5755134739845679,0.0,0.2326264362705911,0.030227464844154586
2015-11-24,0.13415293498973216,0,CALM,0.0002069427589811,0.6705059964999344,0.0,0,0.0,0.5533819699490676,0.0,0.16482571546112,0.0
2015-11-25,0.1500541791169264,0,CALM,0.0002045901748918,0.7500151578660171,0.0,0,0.0,0.5408439155815666,0.0,0.1961483351647858,0.0
2015-11-26,0.13433334188593296,0,CALM,0.0001934231000203,0.6360603126301831,0.0,0,0.0,0.5355711346301948,0.0,0.2765308936838249,0.07072923584891215
2015-11-27,0.005000037178022975,0,CALM,0.0001639498051055,0.024795248633733,0.0,0,0.0,0.5476573709418482,0.0,0.1809486352837738,0.0
2015-11-30,0.012057663168046946,0,CALM,0.0001684987108237,0.0600776924517051,0.0,0,0.0,0.5297265914592078,0.0,0.1170766826147659,0.0
2015-12-01,0.00359731559246917,0,CALM,0.000209307745265,0.0177249432807646,0.0,0,0.0,0.5094646669439109,0.0,0.0551572262830103,0.0
2015-12-02,0.0008916375514921201,0,CALM,0.000216392178556,0.0041876975342656,0.0,0,0.0,0.4908533568318025,0.0,0.1213379090352868,0.0
2015-12-03,0.20006774999200058,0,CALM,0.0003267626645254,0.9999302966293462,0.0,0,0.0,0.7103502222674538,0.0,0.1180788017244797,0.0
2015-12-04,0.18476992008174825,0,CALM,0.0002441641583307,0.9086593694804456,0.0,0,0.0,0.7106758492585006,0.0,0.2321305940910245,0.029770051460764193
2015-12-07,0.18644435212558005,0,CALM,0.000186461699233,0.931988683503859,0.0,0,0.0,0.7121349720571912,0.0,0.1978179040981585,0.0
2015-12-08,0.20753669591949062,0,CALM,0.0001531320174694,0.9969240708083372,0.0,0,0.0,0.7268511219312163,0.0,0.2878119506563428,0.08113598753455815
2015-12-09,0.08226262546425021,0,CALM,0.0001210065782173,0.4111618690984794,0.0,0,0.0,0.7263639848673765,0.0,0.1062065963259581,0.0
2015-12-10,0.056290410830718486,0,CALM,9.357733335866272e-05,0.2813350824868941,0.0,0,0.0,0.7283244873522852,0.0,0.1834657908710007,0.0
2015-12-11,0.19728743413639863,0,CALM,9.395535787252587e-05,0.9833724051712291,0.0,0,0.0,0.7275735096538826,0.0,0.2062493339789876,0.005894642626846513
2015-12-14,0.20061747617686065,0,CALM,0.0006584284732005,0.9989257680742138,0.0,0,0.0,0.7953591019831961,0.006677154437177328,0.0940693468018092,0.0
2015-12-15,0.2576973865213156,0,CALM,0.0100728249991699,0.9999999445419816,0.0,0,0.0,0.8242158580127393,0.049470388105475605,0.7443826649007628,0.5023215255257922
2015-12-16,0.18969409829041284,0,CALM,0.0071592652995644,0.9069839124014216,0.0,0,0.0,0.8200795526159046,0.04333643863489146,0.2234243466325657,0.021738556217482496
2015-12-17,0.1999815894538356,0,CALM,0.0050301855720357,0.9901847635550995,0.0,0,0.0,0.7914120844088296,0.0008239100468576322,0.2064144842949909,0.00604699345120981
2015-12-18,0.12859422461820008,0,CALM,0.0035341065814202,0.6385534898642252,0.0,0,0.0,0.772819193355697,0.0,0.1210361194122295,0.0
2015-12-21,0.20209585566841856,0,CALM,0.0025062698236627,0.9994185213769352,0.0,0,0.0,0.7838337169977985,0.0,0.2170474034805436,0.015855839371158264
2015-12-22,0.17534971430370752,0,CALM,0.0017704618916387,0.8745354941539892,0.0,0,0.0,0.7350473336635551,0.0,0.1471758008154558,0.0
2015-12-23,0.224876257659686,0,CALM,0.001279916139037,0.9945692724693176,0.0,0,0.0,0.7478373985516821,0.0,0.4778267446278891,0.2564242413106321
2015-12-28,0.1349387665275932,0,CALM,0.0009056047199717,0.6402349260091712,0.0,0,0.0,0.7713783231633464,0.0,0.2721130687040204,0.06665380145766045
2015-12-29,0.23627171993799223,0,CALM,0.0007566829472822,0.9961062716428244,0.0,0,0.0,0.8013821600413288,0.015609070783405553,0.582520352791307,0.35300387794266236
2015-12-30,0.032816311408949625,0,CALM,0.0005391921872232,0.0699007082637588,0.0,0,0.0,0.8692799163915744,0.11629830106537364,0.2765159128150967,0.07071541602854696
2016-01-04,0.23279104272777415,0,CALM,0.0004769390101555,0.9999941588854488,0.0,0,0.0,0.9002203275300649,0.1621814988263106,0.3782319646921429,0.1645482631551442
2016-01-05,0.2139718022990674,0,CALM,0.0003571151754102,0.99154343063293,0.0,0,0.0,0.8958755358092769,0.15573837378628824,0.1902800380290793,0.0
2016-01-06,0.2013107249848526,0,CALM,0.0002681919539018,0.9566996499680572,0.0,0,0.0,0.8576404223074536,0.09903747002765696,0.1434369036630072,0.0
2016-01-07,0.20002034614443243,0,CALM,0.0002376364203221,0.9998046851967594,0.0,0,0.0,0.7886141285475298,0.0,0.1925243563220766,0.0
2016-01-08,0.1993998647942975,0,CALM,0.0002074078958674,0.9872720043643132,0.0,0,0.0,0.8036256883786986,0.018936119474679967,0.0708686094858597,0.0
2016-01-11,0.2212966222345798,0,CALM,0.0001860677661104,0.9997339117308016,0.0,0,0.0,0.8047852651853274,0.02065571821237604,0.408399239055692,0.19237751125654254
2016-01-12,0.20200723435332216,0,CALM,0.00016588335641,0.9916258361807904,0.0,0,0.0,0.815406125680103,0.036405962780615586,0.0939215246746731,0.0
2016-01-13,0.20244694931208293,0,CALM,0.0001375433535371,0.9948049660939962,0.0,0,0.0,0.814131466729133,0.03451570254899415,0.1919783133644547,0.0
2016-01-14,0.20351432988135962,0,CALM,0.000138650935332,0.9997023482385105,0.0,0,0.0,0.8147223634227422,0.0353919749982451,0.1946182342831015,0.0
2016-01-15,0.20679221984863436,0,CALM,0.0001425981546939,0.9996117333731788,0.0,0,0.0,0.8369417091352277,0.06834223635325114,0.1672295236820943,0.0
2016-01-18,0.20055569048354702,0,CALM,0.0001192505851019,0.991678451845924,0.0,0,0.0,0.8056255857244256,0.021901874680867513,0.1875212195666182,0.0
2016-01-19,0.1898481202241071,0,CALM,9.522062787531051e-05,0.9344189840831344,0.0,0,0.0,0.7996433149070685,0.013030443925029585,0.2176098971111895,0.016374738580084317
2016-01-20,0.20048856364488432,0,CALM,9.668279733046412e-05,0.9959713019141758,0.0,0,0.0,0.7994213806054932,0.012701325627165421,0.1417849617781769,0.0
2016-01-21,0.20319666123590782,0,CALM,0.0001209690887749,0.9960818698196798,0.0,0,0.0,0.8174928308670596,0.03950044999778111,0.0718596943591196,0.0
2016-01-22,0.20487904000388413,0,CALM,0.0001229746088888,0.999437560201029,0.0,0,0.0,0.8243085480322168,0.04960784311456102,0.1814661977319205,0.0
2016-01-25,0.13606751658071162,0,CALM,0.0001053190438734,0.6610027900858414,0.0,0,0.0,0.8167550047581832,0.038406288025749524,0.0710469884199535,0.0
2016-01-26,0.2092286271258185,0,CALM,0.0001453902647877,0.9998956178933108,0.0,0,0.0,0.8529835607141171,0.09213155980959391,0.1532937751159215,0.0
2016-01-27,0.19827309069227175,0,CALM,0.0001159004983172,0.9555348697980393,0.0,0,0.0,0.8352076544198886,0.06577071346442927,0.2059306991057511,0.005600702616416853
2016-01-28,0.20070270408174923,0,CALM,0.000140800658855,0.9962848092630558,0.0,0,0.0,0.8003682038267567,0.014105420644242812,0.0782925252996662,0.0
2016-01-29,0.236128691453862,0,CALM,0.0003281803119403,0.999733702691362,0.0,0,0.0,0.747943061536346,0.0,0.5911872345137715,0.36099905837604523
2016-02-01,0.15808691213117648,0,CALM,0.0003444196852431,0.7900040360493285,0.0,0,0.0,0.5338139264993416,0.0,0.1379062694859492,0.0
2016-02-02,0.1924179023997546,0,CALM,0.0003927994704305,0.9615985126607348,0.0,0,0.0,0.5231700585456444,0.0,0.1905569273117733,0.0
2016-02-03,0.17965147102131346,0,CALM,0.0005429044566237,0.8975787245357876,0.0,0,0.0,0.5195283141491861,0.0,0.0783598384575775,0.0
2016-02-04,0.18620771745807527,0,CALM,0.0006110895701486,0.9302747253276906,0.0,0,0.0,0.5050291696965262,0.0,0.1844827381727051,0.0
2016-02-05,0.0832495222381454,0,CALM,0.0009608021760404,0.4150466084706765,0.0,0,0.0,0.4862851455970667,0.0,0.092603700232154,0.0
2016-02-08,0.21844318329057835,0,CALM,0.0028332430605501,0.999991588114542,0.0,0,0.0,0.5456777756310612,0.0,0.392126072719529,0.1773655490253241
2016-02-09,0.19684419531794142,0,CALM,0.0052959517935241,0.977601036847802,0.0,0,0.0,0.5589743795895835,0.0,0.0443882812734796,0.0
2016-02-10,0.20179239869535104,0,CALM,0.0133008093442477,0.9923359817964456,0.0,0,0.0,0.5656214540720694,0.0,0.1582939027597917,0.0
2016-02-11,0.2689184732366555,0,CALM,0.0788704087520222,0.9999999444088468,0.0,0,0.0,0.5828125484971066,0.0,0.7332035570229576,0.49200882166880594
2016-02-12,0.26031672114198695,0,CALM,0.094662157247358,0.9999120652980564,0.0,0,0.0,0.585346476647366,0.0,0.5973537842209262,0.36668768770536136
2016-02-15,0.1618574694432479,0,CALM,0.0804079890710598,0.7087773608774146,0.0,0,0.0,0.5838788832141275,0.0,0.1191501309913633,0.0
2016-02-16,0.13492838770384002,0,CALM,0.0799730261204053,0.5746756558686934,0.0,0,0.0,0.586453795551099,0.0,0.0825141433001149,0.0
2016-02-17,0.3347961384486458,0,CALM,0.289872791489822,0.9999998729569872,0.0,0,0.0,0.5526816358639467,0.0,0.87550288817462,0.6232796598479285
2016-02-18,0.1945658865609997,0,CALM,0.28771306389821,0.613188102932236,0.0,0,0.0,0.5674069085470984,0.0,0.1499921521012452,0.0
2016-02-19,0.2076570811757245,0,CALM,0.2897815400837146,0.6760584807739792,0.0,0,0.0,0.5686789278339819,0.0,0.1306884262912473,0.0
2016-02-22,0.3965169440406813,0,CALM,0.4940606390348481,0.99999967417167,0.0,0,0.0,0.5815164013488158,0.0,0.9912092018252342,0.7300184944763523
2016-02-23,0.3123291750516345,0,CALM,0.3667202202232253,0.9847616942324864,0.0,0,0.0,0.6014979108626499,0.0,0.4567357164299394,0.23696781149330878
2016-02-24,0.26403108494720645,0,CALM,0.2584250367303864,0.9944262491731888,0.0,0,0.0,0.5748558890977578,0.0,0.2057085378299153,0.005395759299720402
2016-02-25,0.1469876661813312,0,CALM,0.1809972164747574,0.5086918103132092,0.0,0,0.0,0.5690435455196806,0.0,0.1583374920760995,0.0
2016-02-26,0.10529256869412362,0,CALM,0.1267396423858948,0.3680382904882496,0.0,0,0.0,0.5742104355815291,0.0,0.1410860570694786,0.0
2016-02-29,0.2117885817915239,0,CALM,0.0888320490003224,0.9479028477072164,0.0,0,0.0,0.5438544118731486,0.0,0.1404678350242299,0.0
2016-03-01,0.20920201356284812,0,CALM,0.0622589506891069,0.95309896930368,0.0,0,0.0,0.5441599029628904,0.0,0.2325693688841086,0.030174820298353684
2016-03-02,0.012899734601703095,0,CALM,0.0435968478876683,0.0100026131489301,0.0,0,0.0,0.6395454299117699,0.0,0.0863392699119506,0.0
2016-03-03,0.017438309402196112,0,CALM,0.030526242930867,0.0490337433473968,0.0,0,0.0,0.7073223477286645,0.0,0.1516980055879896,0.0
2016-03-04,0.07099484993561829,0,CALM,0.0213778355996402,0.3282519551785412,0.0,0,0.0,0.7352041127495059,0.0,0.1589883046935229,0.0
2016-03-07,0.13276441857363658,0,CALM,0.0149729430300991,0.6175735104274951,0.0,0,0.0,0.7755137180458128,0.0,0.2595504452047067,0.055064807306127596
2016-03-08,0.1946714478005092,0,CALM,0.0105125403964415,0.948488646120878,0.0,0,0.0,0.6992923961538403,0.0,0.2252858993820694,0.023455834772232374
2016-03-09,0.18321405751125458,0,CALM,0.0084065571658354,0.8790991434715325,0.0,0,0.0,0.6527200058982497,0.0,0.2572318361480044,0.05292589525489225
2016-03-10,0.22436914105422537,0,CALM,0.0679349065451829,0.999999653780433,0.0,0,0.0,0.7962497512848671,0.007997946131291888,0.2712492066333148,0.06585689048713862
2016-03-11,0.38688860864450925,0,CALM,0.3475544345788995,0.999999999998922,0.0,0,0.0,0.7457008065695454,0.0,1.534713663945999,1.0
2016-03-14,0.19171919557205055,0,CALM,0.2456706939340776,0.6196629113515648,0.0,0,0.0,0.7737275314572399,0.0,0.2688996162021876,0.06368939818218193
2016-03-15,0.058438884715140235,0,CALM,0.1719920631180419,0.0453916701921657,0.0,0,0.0,0.833760971043883,0.06362534897196621,0.1682820086745887,0.0
2016-03-16,0.17393859989852803,0,CALM,0.1204052624109613,0.682054958292661,0.0,0,0.0,0.8409342073123443,0.07426292637255502,0.1948777990486154,0.0
2016-03-17,0.2444175911921446,0,CALM,0.0844328450192474,0.9999974420319336,0.0,0,0.0,0.915175838826719,0.18435982992116332,0.2526932786744644,0.04873908538829679
2016-03-18,0.20291763667493473,0,CALM,0.0591225080145258,0.8459170859880476,0.0,0,0.0,0.9186662342112404,0.18953592473693726,0.1478226122624317,0.0
2016-03-21,0.22850444605449735,0,CALM,0.0414170878954344,0.9956487366627268,0.0,0,0.0,0.9191169176921176,0.19020426748093366,0.1917961740885614,0.0
2016-03-22,0.2326491726238974,0,CALM,0.0291745647445485,0.9988846241244328,0.0,0,0.0,0.9214229759966976,0.19362404521962281,0.2672439189628874,0.06216202090911413
2016-03-23,0.21560883765994826,0,CALM,0.0259206491177352,0.9511095747612922,0.0,0,0.0,0.9183504317364762,0.18906760428256,0.162135963550875,0.0
2016-03-24,0.3745719644143326,0,CALM,0.3155891057261681,0.999999982061654,0.0,0,0.0,0.8961142266847919,0.15609234130779157,1.067779650123435,0.8006545743968063
2016-03-29,0.22096948659558707,0,CALM,0.2243788828827463,0.7365350159002662,0.0,0,0.0,0.9082392182554,0.1740731426485926,0.2015987454024979,0.001604484299880098
2016-03-30,0.19175018919892667,0,CALM,0.1571399488751729,0.6729602036974139,0.0,0,0.0,0.9113805635979164,0.17873161240650648,0.1095929337349015,0.0
2016-03-31,0.24851215730565074,0,CALM,0.1100173755870642,0.9514905166916808,0.0,0,0.0,0.9036025171556796,0.16719712950951174,0.3515128890126311,0.13989997119597328
2016-04-01,0.23763131785996652,0,CALM,0.0771023340418442,0.9978183572600492,0.0,0,0.0,0.9013322648793156,0.16383045045352332,0.2259735364268507,0.02409017852143279
2016-04-04,0.2275194718930322,0,CALM,0.0566873013081234,0.9936934968815324,0.0,0,0.0,0.8893689929774847,0.14608947189694851,0.1699998520918914,0.0
2016-04-05,0.3143512516230236,0,CALM,0.1569308076306083,0.9999999273946798,0.0,0,0.0,0.8670586014158812,0.11300419376140601,0.8916566250000778,0.6381814486029492
2016-04-06,0.05350092311953998,0,CALM,0.1112565242342997,0.054948968412006,0.0,0,0.0,0.8899627484517728,0.14696998378563855,0.0835313529857988,0.0
2016-04-07,0.2236652874191736,0,CALM,0.0779563794609284,0.954464525644919,0.0,0,0.0,0.8804296731060955,0.13283287424957688,0.0617180881150151,0.0
2016-04-08,0.19458697452294754,0,CALM,0.0545818288798167,0.8228648077009733,0.0,0,0.0,0.8895896178466337,0.1464166483671264,0.218579189998893,0.01726890926086067
2016-04-11,0.22344285986202728,0,CALM,0.0382299849379799,0.993931955171356,0.0,0,0.0,0.8926733806824656,0.15098972593261106,0.190653625431821,0.0
2016-04-12,0.17846635050896362,0,CALM,0.0267808855018618,0.8524032233189828,0.0,0,0.0,0.6917691130329812,0.0,0.2138484860805531,0.012904844697016199
2016-04-13,0.24091003548823703,0,CALM,0.0191898800786381,0.9999871114630932,0.0,0,0.0,0.7009591178617816,0.0,0.5913524092842256,0.36115143175958875
2016-04-14,0.00512047852012949,0,CALM,0.0134506465482802,0.0087890844152972,0.0,0,0.0,0.7114350271812211,0.0,0.0458759600277209,0.0
2016-04-15,0.0036941872250602368,0,CALM,0.0094212831029924,0.0036632805711318,0.0,0,0.0,0.7949443546593271,0.006062103350857768,0.1997733489511239,0.0
2016-04-18,0.20672769720893008,0,CALM,0.0066169774189805,0.9977350227093814,0.0,0,0.0,0.804402054963739,0.020087435189165535,0.2379918500435441,0.03517704793392106
2016-04-19,0.228303520106414,0,CALM,0.0047041725530331,0.9923217012431704,0.0,0,0.0,0.6786937053964928,0.0,0.5105716700737449,0.28663136719521615
2016-04-20,0.027391560883338155,0,CALM,0.0033193566579843,0.1328086085942104,0.0,0,0.0,0.6784397086035018,0.0,0.0323100809577239,0.0
2016-04-21,0.04114271933458818,0,CALM,0.0023332418999549,0.1914656564097896,0.0,0,0.0,0.6786081167966518,0.0,0.2244262129030771,0.022662775776415317
2016-04-22,0.00197919810795498,0,CALM,0.0016403418748668,0.0078455631961914,0.0,0,0.0,0.710915029605936,0.0,0.1555840553400214,0.0
2016-04-25,0.008014947136541621,0,CALM,0.0011658787936596,0.0386173871906336,0.0,0,0.0,0.7092662816515671,0.0,0.0295697698186261,0.0
2016-04-26,0.09457519310943001,0,CALM,0.0008254068855541,0.4567198975946258,0.0,0,0.0,0.7116659354852705,0.0,0.232649367321557,0.03024861869116328
2016-04-27,0.0016222142065141602,0,CALM,0.0005842725923228,0.0073807302921673,0.0,0,0.0,0.7554511730329655,0.0,0.1544776387873813,0.0
2016-04-28,0.21361786452990125,0,CALM,0.0004581911915528,0.999434502809224,0.0,0,0.0,0.7812253562252144,0.0,0.3474632219295108,0.13616416170168252
2016-04-29,0.23580179061733886,0,CALM,0.0011364431251352,0.9999844995711432,0.0,0,0.0,0.7882977519852713,0.0,0.584909432710193,0.35520779921826434
2016-05-02,0.02820299019671854,0,CALM,0.0032143921718192,0.1369969607688187,0.0,0,0.0,0.7832547553797833,0.0,0.1911401174825573,0.0
2016-05-03,0.3489728051796441,0,CALM,0.2910594221332352,0.9999999683867302,0.0,0,0.0,0.7662746111300707,0.0,1.0259638221139478,0.7620795596898923
2016-05-04,0.09010872143008897,0,CALM,0.2085903913061415,0.189805618017768,0.0,0,0.0,0.7579706722713775,0.0,0.0392885442207905,0.0
2016-05-06,0.24027419449442874,0,CALM,0.1461118495355462,0.9940497544292208,0.0,0,0.0,0.7636123617155807,0.0,0.2533694068689903,0.04936281224698002
2016-05-09,0.2084790724186169,0,CALM,0.1022904041985358,0.8949818039053936,0.0,0,0.0,0.7433473910432152,0.0,0.2422455809462844,0.039101105879042565
2016-05-10,0.15958041064929165,0,CALM,0.0716124583553947,0.6837122249540064,0.0,0,0.0,0.7431574652786445,0.0,0.2533539037983325,0.04934851069641666
2016-05-11,0.03744296715323628,0,CALM,0.0501383234932143,0.1245419313996635,0.0,0,0.0,0.7260209341951774,0.0,0.1310033564992911,0.0
2016-05-12,0.20652130959020826,0,CALM,0.0351164890520205,0.9887109366360156,0.0,0,0.0,0.7512605563841134,0.0,0.1917491846748942,0.0
2016-05-13,0.19144451608017,0,CALM,0.0246124769013487,0.926456984274164,0.0,0,0.0,0.7536170961355411,0.0,0.0662597526231824,0.0
2016-05-17,0.2023030662156892,0,CALM,0.0172843680647103,0.989909870997558,0.0,0,0.0,0.7695808199569786,0.0,0.1797420957613431,0.0
2016-05-18,0.03391041372298899,0,CALM,0.0139833074193274,0.1520729343407857,0.0,0,0.0,0.6534999096491123,0.0,0.0998784638131684,0.0
2016-05-19,0.2705484208196332,0,CALM,0.1215378866575128,0.9841973928856736,0.0,0,0.0,0.6660363441892782,0.0,0.6695024753317261,0.4332447057812027
2016-05-20,0.37902331074021733,0,CALM,0.3840393218964528,0.9999942032763928,0.0,0,0.0,0.7017830034720615,0.0,1.099749176350249,0.8301463961082557
2016-05-23,0.10618899554166301,0,CALM,0.272745473941388,0.1900131352815801,0.0,0,0.0,0.6993825271988676,0.0,0.10737626472062,0.0
2016-05-24,0.26300115099824706,0,CALM,0.1912508980857379,0.999986156388374,0.0,0,0.0,0.7801473553618001,0.0,0.3645340356488726,0.15191195199137786
2016-05-25,0.23782969583420902,0,CALM,0.1338948654568932,0.9532514741977536,0.0,0,0.0,0.7349815850154662,0.0,0.3484309038888171,0.1370568463043499
2016-05-26,0.22564845465672753,0,CALM,0.0937505343445242,0.8921661523377971,0.0,0,0.0,0.7589012649896811,0.0,0.4576117016352313,0.23777590603037044
2016-05-27,0.022365861536922133,0,CALM,0.0656318583294108,0.0060916857972957,0.0,0,0.0,0.8228167650215129,0.04739559795110292,0.149578925426961,0.0
2016-05-30,0.02278074910031873,0,CALM,0.0459521576516269,0.0024046161393766,0.0,0,0.0,0.8637636036665316,0.1081178645953668,0.0648731213362545,0.0
2016-05-31,0.06680329539390775,0,CALM,0.0321777319229994,0.2549621828888577,0.0,0,0.0,0.8432278270916043,0.0776642583538636,0.1035844293227124,0.0
2016-06-01,0.019540639577325936,0,CALM,0.0225374090166527,0.0397679573467503,0.0,0,0.0,0.8309973039235194,0.05952695853812701,0.0447850375459019,0.0
2016-06-02,0.03367615844546893,0,CALM,0.015783572314464,0.114557831661572,0.0,0,0.0,0.836837022113717,0.0681869903453853,0.1878657528097718,0.0
2016-06-03,0.20855603683127788,0,CALM,0.0110872213565806,0.9740335129421314,0.0,0,0.0,0.8648812544877384,0.10977528903706442,0.0551716470030182,0.0
2016-06-06,0.10011534568665256,0,CALM,0.0077705175615481,0.3887826885964631,0.0,0,0.0,0.8816774285902107,0.13468323788497563,0.275175131328317,0.06947854788475342
2016-06-07,0.029862227458842074,0,CALM,0.0054487449837445,0.0856137969135682,0.0,0,0.0,0.8675769079083502,0.11377281830192308,0.1306935889401342,0.0
2016-06-08,0.01663402117375058,0,CALM,0.0038561134194842,0.0143216509840684,0.0,0,0.0,0.877208906356487,0.12805662622065847,0.0602306753034979,0.0
2016-06-09,0.05118497217391597,0,CALM,0.0053358991835495,0.1813951643520191,0.0,0,0.0,0.8823763089248361,0.13571964507624773,0.1634234469557913,0.0
2016-06-10,0.375177492638607,0,CALM,0.3036873543554603,0.9999999997202392,0.0,0,0.0,0.9177471032047672,0.18817289599276663,1.0718220122287163,0.8043836450641747
2016-06-13,0.37624009333935876,0,CALM,0.49911435949881,0.9999468899952332,0.0,0,0.0,0.8874133550998519,0.1431893514335659,0.6026049781464728,0.3715319032225302
2016-06-14,0.43052274425115683,1,WATCH,0.635930974285758,0.999996591035778,0.0,0,0.0,0.8451381787780201,0.08049722149156786,0.888109901187811,0.6349096032340494
2016-06-15,0.2356695876869559,0,CALM,0.4486239020209256,0.6061261604645108,0.0,0,0.0,0.8062877279038251,0.022883800888223293,0.110884901718619,0.0
2016-06-16,0.28636584202393145,0,CALM,0.3140934405433649,0.9813557247453754,0.0,0,0.0,0.8106528839054921,0.029357125214307177,0.293470778152221,0.08635624417584399
2016-06-17,0.2141102066949325,0,CALM,0.2198776358556116,0.7701814427681787,0.0,0,0.0,0.7976231441740217,0.010034624223722048,0.2443153543438148,0.04101046755021646
2016-06-20,0.279523937736897,0,CALM,0.1542532844716013,0.9999989647354048,0.0,0,0.0,0.8552950141340515,0.09555933825466147,0.5402926379259079,0.3140488984644951
2016-06-21,0.10140272081816695,0,CALM,0.1080013883509015,0.3239245261704596,0.0,0,0.0,0.8557099608050154,0.09617468496349667,0.0513327277772877,0.0
2016-06-22,0.09342828435881043,0,CALM,0.0756585653060882,0.3725682151614419,0.0,0,0.0,0.74741430491393,0.0,0.1881188623689918,0.0
2016-06-23,0.20860525053747486,0,CALM,0.0589639997614419,0.9693212529855718,0.0,0,0.0,0.7864090386139955,0.0,0.1187990730632756,0.0
2016-06-24,0.36187320601875655,0,CALM,0.3382888963877724,0.9999999999929604,0.0,0,0.0,1.1672074422359102,0.5581110334675217,0.4328125995830295,0.21489878576469232
2016-06-27,0.3940508990267375,0,CALM,0.5350176424333898,0.9999910332908076,0.0,0,0.0,1.1974658269474738,0.6029828176022854,0.0777497527167376,0.0
2016-06-28,0.4176389588730862,1,WATCH,0.6701930597216954,0.9996118346694416,0.0,0,0.0,1.1291565154523748,0.5016832700877404,0.1840950144250069,0.0
2016-06-29,0.5062533675425387,1,WATCH,0.7689633171725045,0.9999999996333993,0.0,0,0.0,1.1376578322396187,0.5142903294326058,0.87827296913473,0.6258350537947217
2016-06-30,0.42226931466206064,1,WATCH,0.6880763370240642,0.9978030356784672,0.0,0,0.0,1.132671771895962,0.5068962327035109,0.0257446318031644,0.0
2016-07-01,0.36886515841305806,0,CALM,0.5015556999192118,0.9882798239888916,0.0,0,0.0,1.0998362587377248,0.45820268635476796,0.1611418000792811,0.0
2016-07-04,0.2875079386188046,0,CALM,0.353553219132197,0.7586214623915696,0.0,0,0.0,1.110457444698764,0.4739534135744137,0.1329973842708085,0.0
2016-07-05,0.31594193778205737,0,CALM,0.2479513760301268,0.9996358217314184,0.0,0,0.0,1.0712125649663498,0.4157550732289464,0.3348345316187608,0.12451422105347344
2016-07-06,0.2792362858597238,0,CALM,0.1737046319736886,0.9952554210573672,0.0,0,0.0,1.0387337113999473,0.36759043654828266,0.1231421031533887,0.0
2016-07-07,0.267050703496803,0,CALM,0.1216362980539276,0.9931630426397716,0.0,0,0.0,0.993718500366848,0.3008349619413999,0.2857731981944775,0.07925524261226775
2016-07-08,0.2552282491061508,0,CALM,0.0852477396998866,0.9999792936166488,0.0,0,0.0,0.9698535956268832,0.265444412706987,0.2798164360463271,0.07376014187150622
2016-07-11,0.22352854330445346,0,CALM,0.0597055139363731,0.9053687001719664,0.0,0,0.0,0.97648889046281,0.27528424785966893,0.1386450901194009,0.0
2016-07-12,0.2502342418868669,0,CALM,0.0418437619852792,0.9994572072557866,0.0,0,0.0,0.9703360850521516,0.2661599221945003,0.3436632301951923,0.13265867719939714
2016-07-13,0.08368989990336863,0,CALM,0.029316636507255,0.2164809150297757,0.0,0,0.0,1.013820689252067,0.3306455777059974,0.1823494863339267,0.0
2016-07-14,0.17249676965725022,0,CALM,0.0205663773497489,0.6584366826189643,0.0,0,0.0,1.031375391009169,0.3566783879602014,0.1243143515761826,0.0
2016-07-15,0.21479264071763185,0,CALM,0.0144484026736919,0.8605393463654972,0.0,0,0.0,1.0534781649754177,0.3894557788106114,0.2012371669759434,0.0012709289504827905
2016-07-18,0.2381414513213838,0,CALM,0.0101824275985996,0.9920744432593418,0.0,0,0.0,1.041578790849636,0.37180955769865554,0.1929450669366705,0.0
2016-07-19,0.228536460150553,0,CALM,0.0071781394057223,0.951764020964211,0.0,0,0.0,1.0362392131304263,0.36389121106280214,0.1901482410377062,0.0
2016-07-20,0.15840019687481935,0,CALM,0.0050815473220824,0.5893615939814277,0.0,0,0.0,1.0555814900015787,0.39257491248013193,0.134453097230671,0.0
2016-07-21,0.24023819691576795,0,CALM,0.0036203585300859,0.9867614906925848,0.0,0,0.0,1.049330197394391,0.3833045348606096,0.2394298030319885,0.03650355658668549
2016-07-22,0.21488241934174004,0,CALM,0.0025932213444378,0.8700071468818833,0.0,0,0.0,1.062157510337461,0.4023268462925392,0.1814136439559911,0.0
2016-07-25,0.09396210695116324,0,CALM,0.0018241070881693,0.4570004761828518,0.0,0,0.0,0.7403203538502564,0.0,0.2226886194605136,0.02105984942550539
2016-07-26,0.03901138580147481,0,CALM,0.001290109381255,0.1867787767960319,0.0,0,0.0,0.6332493943239529,0.0,0.2143104776574209,0.01333103096954684
2016-07-27,0.016460856436304544,0,CALM,0.0009130086266802,0.0458250566708145,0.0,0,0.0,0.6566333587839996,0.0,0.2764731088448961,0.07067592945471596
2016-07-28,0.10699141260634347,0,CALM,0.0006592750171378,0.4999559500455308,0.0,0,0.0,0.608139314180702,0.0,0.2739561481514603,0.06835403842952847
2016-07-29,0.004049990595021273,0,CALM,0.0005275725016647,0.0120831368943308,0.0,0,0.0,0.5846905353865006,0.0,0.2161355982200567,0.015014700907389383
2016-08-02,0.2467272448212286,0,CALM,0.0037958857946263,0.9999230013446444,0.0,0,0.0,0.5884996977651316,0.0,0.6962689584847056,0.4579367310364313
2016-08-03,0.00784454225577884,0,CALM,0.0027259121857124,0.0358153210467537,0.0,0,0.0,0.592286447866783,0.0,0.1961783255284788,0.0
2016-08-04,0.0023985446026247256,0,CALM,0.001920958202078,0.0081363803689254,0.0,0,0.0,0.6158693924416208,0.0,0.2030142558804401,0.002910289783201455
2016-08-05,0.15580118291695308,0,CALM,0.0014198340235609,0.7143144444594764,0.0,0,0.0,0.5818123605037344,0.0,0.336264490535526,0.1258333551916755
2016-08-08,0.011079843947501859,0,CALM,0.002501376519064,0.0137534641323585,0.0,0,0.0,0.6182893315469425,0.0,0.2833697535560421,0.07703806991264157
2016-08-09,0.29037305996576124,0,CALM,0.127480282723898,0.9999718373631128,0.0,0,0.0,0.4882683545780438,0.0,0.8341006903413544,0.5850862181216416
2016-08-10,0.023178723305547124,0,CALM,0.0911036300420969,0.0020140789751145,0.0,0,0.0,0.5962899195928182,0.0,0.1033780824625621,0.0
2016-08-11,0.028088067689064192,0,CALM,0.0638321737348147,0.0401621710189132,0.0,0,0.0,0.5615960451754656,0.0,0.2442778832196214,0.04097590051577876
2016-08-12,0.013836414072788515,0,CALM,0.0446901627939782,0.0020380441462789,0.0,0,0.0,0.7077553815256723,0.0,0.2243176703004686,0.022562645450381835
2016-08-15,0.02470922843977697,0,CALM,0.0312908097551657,0.0336969848109627,0.0,0,0.0,0.7265447595795193,0.0,0.3098556888920413,0.10147129038793007
2016-08-16,0.015372365897295147,0,CALM,0.0219129022644845,0.0245759663073331,0.0,0,0.0,0.7379306839251051,0.0,0.2538319102926047,0.049789470697074005
2016-08-17,0.24401311657199753,0,CALM,0.0158273533494884,0.999955009841699,0.0,0,0.0,0.7416925414706196,0.0,0.6341723763470202,0.40065276266285627
2016-08-18,0.00419955779586797,0,CALM,0.0110895383210146,0.0071358660780716,0.0,0,0.0,0.7359152666356594,0.0,0.1270615132337435,0.0
2016-08-19,0.045489219104029255,0,CALM,0.0077793501728918,0.2177219078040315,0.0,0,0.0,0.7569361690522177,0.0,0.0490291483985617,0.0
2016-08-22,0.1886010746002892,0,CALM,0.0054573198805936,0.9298765377865424,0.0,0,0.0,0.7742364419041835,0.0,0.2135336084425689,0.01261437072832275
2016-08-23,0.00566937005716181,0,CALM,0.0038265215527514,0.0235636983448698,0.0,0,0.0,0.7749055016776443,0.0,0.1678394978295763,0.0
2016-08-24,0.1926384980063634,0,CALM,0.0026931442447736,0.9435270104803554,0.0,0,0.0,0.8128383690190595,0.032598098490989054,0.1565238012960913,0.0
2016-08-25,0.031101576492130287,0,CALM,0.0018919018832892,0.1169215177423766,0.0,0,0.0,0.8123354219196286,0.03185225121949727,0.2438603462310246,0.040590723508829425
2016-08-26,0.043590680607228885,0,CALM,0.001339053050376,0.1952824242101632,0.0,0,0.0,0.8191745253100632,0.04199432502602248,0.0539753538155365,0.0
2016-08-29,0.1449934446063639,0,CALM,0.0009458629597841,0.6741156662322785,0.0,0,0.0,0.8134136583605738,0.03345122595940922,0.2712820953283946,0.06588723024021266
2016-08-30,0.012070010975239942,0,CALM,0.0006699901996281,0.0445311617945564,0.0,0,0.0,0.8110613157009051,0.02996281066421636,0.1216674657811062,0.0
2016-08-31,0.18252255724678704,0,CALM,0.0004800817083293,0.8457145412719413,0.0,0,0.0,0.7829081006402221,0.0,0.3435955969308545,0.1325962856531646
2016-09-01,0.17961779888273427,0,CALM,0.0003474057900913,0.8867494947070418,0.0,0,0.0,0.8055639588903076,0.02181048493803066,0.1902552489563901,0.0
2016-09-02,0.22133675394870292,0,CALM,0.0002677042495796,0.9988536277044852,0.0,0,0.0,0.8366391353925058,0.06789353349625174,0.3593150948945668,0.14709748995785832
2016-09-05,0.011363814839255413,0,CALM,0.0001942782376437,0.0065412441244143,0.0,0,0.0,0.8583366642122595,0.10006996454961627,0.1732546973478855,0.0
2016-09-06,0.012733434119150334,0,CALM,0.0001454651518658,0.0207820347086153,0.0,0,0.0,0.8484487253855086,0.08540660889460823,0.0867938772999194,0.0
2016-09-07,0.008279292633264573,0,CALM,0.0001118397698978,0.0131451416433391,0.0,0,0.0,0.8287693753813935,0.056223043621223025,0.0658658053883365,0.0
2016-09-08,0.20526748364223824,0,CALM,9.429769565812373e-05,0.991944550491332,0.0,0,0.0,0.8136264214935583,0.03376674383870538,0.2375649649959,0.034783247361867414
2016-09-09,0.032094429344483894,0,CALM,7.640645567172805e-05,0.1430970949182667,0.0,0,0.0,0.8141607224770233,0.034559087469126254,0.0970249599658931,0.0
2016-09-12,0.17792321394209534,0,CALM,6.898122459331622e-05,0.889529843179735,0.0,0,0.0,0.698454758626765,0.0,0.1894223526575564,0.0
2016-09-13,0.19736091644896867,0,CALM,6.679684068961111e-05,0.971836981362074,0.0,0,0.0,0.6921934067488716,0.0,0.2321285975586817,0.02976820966381428
2016-09-14,0.029296656418852256,0,CALM,5.699753365322978e-05,0.1292871677773758,0.0,0,0.0,0.6603857660726205,0.0,0.2369866302962869,0.034249734799637804
2016-09-15,0.0030904048346123664,0,CALM,5.175153610426677e-05,0.0153873347529315,0.0,0,0.0,0.6505457933348295,0.0,0.1200067471131346,0.0
2016-09-16,0.04886603219478641,0,CALM,5.1688039264030975e-05,0.244265550924852,0.0,0,0.0,0.6269905511493229,0.0,0.1905940549852654,0.0
2016-09-19,0.030052209566187843,0,CALM,5.189649095093712e-05,0.0591936840379013,0.0,0,0.0,0.6736971386880246,0.0,0.3971552843754977,0.18200498635869847
2016-09-20,0.011934872758424265,0,CALM,4.540216459187547e-05,0.0462538097426852,0.0,0,0.0,0.6662031293288951,0.0,0.2288325392334542,0.026727602687392563
2016-09-21,0.20646385386247915,0,CALM,5.689273039382425e-05,0.9498077465317152,0.0,0,0.0,0.6552274592141047,0.0,0.3785924539355846,0.16488081373537652
2016-09-22,0.19734043846367347,0,CALM,6.240068508400533e-05,0.9443128131241776,0.0,0,0.0,0.6454632262571391,0.0,0.2915916546907098,0.08462275667566926
2016-09-23,0.00050985909352469,0,CALM,0.0001032043649486,0.0024202900114377,0.0,0,0.0,0.690837165216557,0.0,0.1481856140359113,0.0
2016-09-26,0.25581668632471616,0,CALM,0.0076368692160829,0.9999128289128438,0.0,0,0.0,0.6876406912542546,0.0,0.7844125725293113,0.5392490323812665
2016-09-27,0.15111213153214653,0,CALM,0.0054700532399134,0.7487230911108408,0.0,0,0.0,0.7081501533756592,0.0,0.141015691211049,0.0
2016-09-28,0.04419997142653496,0,CALM,0.0038382761240165,0.1969395118887062,0.0,0,0.0,0.7051488026821734,0.0,0.2416210747186791,0.0385250001778959
2016-09-29,0.18703799520244987,0,CALM,0.002700400476958,0.9197359343074232,0.0,0,0.0,0.719287563700969,0.0,0.2260460609212432,0.024157082217257448
2016-09-30,0.2060151061744023,0,CALM,0.0019321676445269,0.9998080562439268,0.0,0,0.0,0.8207734882207327,0.04436551302072191,0.2121511082058386,0.011339017124130471
2016-10-03,0.012629416668506335,0,CALM,0.0013597088282435,0.004510221046928,0.0,0,0.0,0.8676454428986083,0.11387445252059858,0.1886472554995862,0.0
2016-10-04,0.06803635958309605,0,CALM,0.0009643154529949,0.3151407338023193,0.0,0,0.0,0.8230027058497563,0.04767133959383473,0.0874626404984188,0.0
2016-10-05,0.1939007303714699,0,CALM,0.0006855708799977,0.9236971163455052,0.0,0,0.0,0.8137630249533623,0.033969320447431,0.2604881341074607,0.05592982337626348
2016-10-06,0.008092407794390574,0,CALM,0.0004885567011342,0.0254671412218777,0.0,0,0.0,0.8102558914306061,0.028768403747314833,0.0937456004050816,0.0
2016-10-07,0.007106878190668594,0,CALM,0.0003502445956291,0.0340772904278176,0.0,0,0.0,0.7922311790978079,0.002038589561977996,0.1086820082896385,0.0
2016-10-10,0.07993629895556528,0,CALM,0.0002701994003591,0.3893551191195457,0.0,0,0.0,0.8043277556972814,0.019977252815663652,0.0133767580468515,0.0
2016-10-11,0.08579002597921742,0,CALM,0.0001971289604807,0.4272479571597186,0.0,0,0.0,0.787949555859198,0.0,0.2030155927813653,0.002911523071535244
2016-10-12,0.00079387174030678,0,CALM,0.0001450319106688,0.0037880688131979,0.0,0,0.0,0.7893839031973114,0.0,0.1034725106884098,0.0
2016-10-13,0.10598321489701458,0,CALM,0.000110069954711,0.5297784870416841,0.0,0,0.0,0.789063350810712,0.0,0.1904051608005824,0.0
2016-10-14,0.2011766748974212,0,CALM,9.086461863055828e-05,0.9807206143813884,0.0,0,0.0,0.8074610326530831,0.02462375752949368,0.2274742689179846,0.02547460113536502
2016-10-17,0.008383198789952568,0,CALM,7.10872782467693e-05,0.0044340664768894,0.0,0,0.0,0.8412870237023099,0.07478613675012996,0.1162065879437356,0.0
2016-10-18,0.2170223636813069,0,CALM,7.516051228021944e-05,0.9528104835011636,0.0,0,0.0,0.807808216729416,0.025138615446621205,0.4592379893558893,0.23927615308341987
2016-10-19,0.007253482560521495,0,CALM,5.926695931312784e-05,0.0108956535171098,0.0,0,0.0,0.8249744542203812,0.05059535117271253,0.15079025202598,0.0
2016-10-20,0.057991977825300384,0,CALM,5.06354971426344e-05,0.2671175656357418,0.0,0,0.0,0.8215776570917998,0.045558058238663664,0.1350013828138409,0.0
2016-10-21,0.008368912285069051,0,CALM,4.170317984612579e-05,0.0134577684955248,0.0,0,0.0,0.8290703182113188,0.056669327910025574,0.1802255515362277,0.0
2016-10-24,0.02205750122187209,0,CALM,3.583897381814953e-05,0.0627741368097741,0.0,0,0.0,0.8070989446762702,0.024086797817723823,0.2766621758192989,0.0708503433469035
2016-10-25,0.006877552460060611,0,CALM,3.21325485124983e-05,0.0149961747986032,0.0,0,0.0,0.8169549810639822,0.038702843632118455,0.1293726384675707,0.0
2016-10-26,0.13044306442462023,0,CALM,3.1799629661345265e-05,0.5892084326774607,0.0,0,0.0,0.7937082208442339,0.0042289741127544385,0.331789630093159,0.12170530570437293
2016-10-27,0.03304037730864103,0,CALM,2.9418348113894975e-05,0.1629966080252994,0.0,0,0.0,0.793781073456826,0.004337011165526773,0.1840760437155814,0.0
2016-10-28,0.19337108753651078,0,CALM,3.1977307273001764e-05,0.9272243026312008,0.0,0,0.0,0.7781509298710282,0.0,0.2856941565234762,0.07918232683452343
2016-10-31,0.002311281582223256,0,CALM,8.571588641106071e-05,0.003282629800873,0.0,0,0.0,0.6400105166698128,0.0,0.2175649408306871,0.016333266504458904
2016-11-01,0.18501914812152026,0,CALM,0.0064125496245376,0.9170800535769292,0.0,0,0.0,0.6517939560705781,0.0,0.1881459310444852,0.0
2016-11-02,0.3761221961842941,0,CALM,0.3044887847371763,1.0,0.0,0,0.0,0.6500867208120173,0.0,2.4757245585831,1.0
2016-11-03,0.16655535018498627,0,CALM,0.2279057862743906,0.4901034932026322,0.0,0,0.0,0.6361378079283393,0.0,0.3251519393643023,0.11558204975862195
2016-11-04,0.04593606814500781,0,CALM,0.1721769802175225,0.0144591154531359,0.0,0,0.0,0.636965386692391,0.0,0.1731674409724408,0.0
2016-11-07,0.3608418371599637,0,CALM,0.3619912946704625,0.9999977742432966,0.0,0,0.0,0.6479385514070892,0.0,0.9624027327529358,0.7034445864368877
2016-11-08,0.06480496823735914,0,CALM,0.2573242766994799,0.0023694953124458,0.0,0,0.0,0.6182237365071652,0.0,0.0733442752744417,0.0
2016-11-09,0.25984779017555326,0,CALM,0.1807659499701558,0.9999828580307276,0.0,0,0.0,0.8897114439017987,0.14659731076868757,0.1433326679726659,0.0
2016-11-10,0.25415372423738203,0,CALM,0.1266221526600255,0.9983446305992116,0.0,0,0.0,0.9448010179846296,0.22829259952533335,0.1295643927016033,0.0
2016-11-11,0.23857521883611157,0,CALM,0.0886655288333849,0.9583332046983808,0.0,0,0.0,0.9577005151922976,0.24742195688089186,0.1423173069203369,0.0
2016-11-14,0.23581070619306954,0,CALM,0.0620846994519889,0.9663912367020194,0.0,0,0.0,0.9394132666524124,0.22030281365091942,0.253854192780252,0.04981002624576494
2016-11-15,0.03322370030566238,0,CALM,0.0434744736233047,0.0076292074717586,0.0,0,0.0,0.9313142886173508,0.20829240405484484,0.0718435237653388,0.0
2016-11-16,0.20275750649539895,0,CALM,0.0304731985590364,0.8597961565777589,0.0,0,0.0,0.9471659979775582,0.23179975540088057,0.0499444236958284,0.0
2016-11-17,0.23654307046315878,0,CALM,0.0213562768084123,0.9687120760144726,0.0,0,0.0,0.9286299610259866,0.20431167047058807,0.38447146591984,0.17030419011102363
2016-11-18,0.12386010124611793,0,CALM,0.0149717159805312,0.4970610809247471,0.0,0,0.0,0.9304762021830406,0.20704956066035698,0.0764629561539931,0.0
2016-11-21,0.1847246889234766,0,CALM,0.0104937743775228,0.8255906793795134,0.0,0,0.0,0.9053786784673368,0.16983109453193215,0.1864123001378538,0.0
2016-11-22,0.19331817627933778,0,CALM,0.0073630751418146,0.7935175821572108,0.0,0,0.0,0.8929069531217684,0.15133610305009873,0.3910824482066513,0.17640280757432092
2016-11-23,0.0706236577302763,0,CALM,0.0051653063886859,0.2831770268444662,0.0,0,0.0,0.8764756612358117,0.12696925764211578,0.1256658777447248,0.0
2016-11-24,0.02069184036228184,0,CALM,0.0036250261575928,0.009514487225954,0.0,0,0.0,0.9114447944428918,0.17882686377692839,0.1546538609797131,0.0
2016-11-25,0.09000951715435124,0,CALM,0.0025509046767399,0.2903145594823822,0.0,0,0.0,0.9338368519990924,0.21203324880286312,0.3094050122117341,0.10105554208403499
2016-11-28,0.04742893055089281,0,CALM,0.0017979107661334,0.1231635206738013,0.0,0,0.0,0.9415473006110052,0.22346748724599194,0.1744179248796506,0.0
2016-11-29,0.12702644053717677,0,CALM,0.0012697920973466,0.5502546007049839,0.0,0,0.0,0.9031868563139162,0.16658072371843338,0.18689410536091,0.0
2016-11-30,0.025724805611762325,0,CALM,0.0009013465206004,0.0628409604043846,0.0,0,0.0,0.8780559609683185,0.12931276900735306,0.0748442938290345,0.0
2016-12-01,0.01992790413202411,0,CALM,0.0006392944254336,0.0364286158787117,0.0,0,0.0,0.8750287623099781,0.12482357349923369,0.1455620915190299,0.0
2016-12-02,0.20948286595749477,0,CALM,0.0004608523629544,0.9537800984473837,0.0,0,0.0,0.8776983074885856,0.12878238544951925,0.2620102220211662,0.05733394632327496
2016-12-05,0.2169332211463023,0,CALM,0.0003743265890678,0.9895266175598282,0.0,0,0.0,0.9185362471025476,0.18934315987069714,0.0684402830040578,0.0
2016-12-06,0.23219404809259386,0,CALM,0.0002980473782589,0.9985526279159166,0.0,0,0.0,0.9283765317645392,0.20393584660485617,0.3301082760074003,0.12015426004360169
2016-12-07,0.2534662838787206,0,CALM,0.0003932157253672,0.9911725744791762,0.0,0,0.0,0.9235760328530812,0.19681692889171765,0.5841613794372132,0.35451772162371803
2016-12-08,0.08798097590966227,0,CALM,0.0002886915814864,0.4395440150714533,0.0,0,0.0,0.7348227266472187,0.0,0.1319890211818119,0.0
2016-12-09,0.000626196787271355,0,CALM,0.0002114919170355,0.0028666190400624,0.0,0,0.0,0.6767172957259948,0.0,0.0962893590209628,0.0
2016-12-12,0.00048079943194449007,0,CALM,0.0001540911024206,0.0022113832816967,0.0,0,0.0,0.7395671686215557,0.0,0.1901852787052024,0.0
2016-12-13,0.1946723344559226,0,CALM,0.0001201193780411,0.9165840403633458,0.0,0,0.0,0.738137470167858,0.0,0.3226293490148599,0.11325496538743161
2016-12-14,0.000681662325892661,0,CALM,9.004242649672404e-05,0.0032957585963424,0.0,0,0.0,0.7592560383023589,0.0,0.1736818633241224,0.0
2016-12-15,0.22068025335016542,0,CALM,9.734701500441988e-05,0.977577166164116,0.0,0,0.0,0.7274576387299683,0.0,0.4723856400779531,0.251404833635911
2016-12-16,0.019632921398148245,0,CALM,7.584228637209052e-05,0.0980698041327761,0.0,0,0.0,0.7273770517378009,0.0,0.186811866305998,0.0
2016-12-19,0.012813900692590582,0,CALM,6.121567370141494e-05,0.0021178357377481,0.0,0,0.0,0.8431085611392773,0.0774873924663268,0.2500090649622903,0.04626290379982928
2016-12-20,0.2229331930120497,0,CALM,8.461382561767827e-05,0.9413898720782128,0.0,0,0.0,0.8328309192816301,0.0622461252523993,0.5078217007026552,0.28409452614762803
2016-12-21,0.014808793244241374,0,CALM,6.775298408634651e-05,0.0023085395141147,0.0,0,0.0,0.8874889606423422,0.14330147095396847,0.1620917760605652,0.0
2016-12-22,0.020553489778220177,0,CALM,5.861533604103806e-05,0.0027834061328946,0.0,0,0.0,0.9256021367337192,0.19982154717630998,0.1847119932805021,0.0
2016-12-23,0.030237439215229183,0,CALM,0.0001577616542284,0.0020741628844601,0.0,0,0.0,0.9916932856515132,0.2978316622478006,0.1312155987221916,0.0
2016-12-27,0.04671900129708598,0,CALM,0.0045542512346962,0.0020429005394214,0.0,0,0.0,1.0954638346579846,0.4517185838052764,0.1619062844582545,0.0
2016-12-28,0.09043494939890247,0,CALM,0.0521754304935365,0.0022343217123663,0.0,0,0.0,1.235510390205622,0.6594011441684285,0.3191455089681973,0.11004113016202234
2016-12-29,0.11957019920557352,0,CALM,0.1007710578610647,0.1338657297502006,0.0,0,0.0,1.229707273596079,0.6507953908113183,0.2272280851195653,0.025247497091353873
2016-12-30,0.14577157587155026,0,CALM,0.1540505724561143,0.2160239494705743,0.0,0,0.0,1.222792720534288,0.640541428634068,0.0437691727666646,0.0
2017-01-03,0.34951273100492375,0,CALM,0.2049742296840653,0.9999832652689088,0.0,0,0.0,1.2457993843194053,0.6746592462528107,0.5338070521778913,0.30806595904844597
2017-01-04,0.1568011886693822,0,CALM,0.1821786767350696,0.2403281472276193,0.0,0,0.0,1.2159518640821791,0.6303967551182138,0.201498648682108,0.001512145282695565
2017-01-05,0.28195157946678856,0,CALM,0.1315595792901238,0.9549675838255676,0.0,0,0.0,1.1013600738907072,0.4604624337027412,0.3301787206589355,0.1202192450886994
2017-01-06,0.06641681262341192,0,CALM,0.0922282308090721,0.0431846762957387,0.0,0,0.0,1.0250028446376658,0.34722819661996157,0.1419445759892048,0.0
2017-01-09,0.08787340721236972,0,CALM,0.0646055423557555,0.1787206701363395,0.0,0,0.0,1.033466142704244,0.35977887596162944,0.097049611700949,0.0
2017-01-10,0.04196303370313789,0,CALM,0.0452391164006266,0.0189302679091499,0.0,0,0.0,0.9720300610576472,0.2686720102115126,0.1768414650363419,0.0
2017-01-11,0.19967511169230476,0,CALM,0.0316917884195813,0.7994763953850005,0.0,0,0.0,0.9964877976992462,0.30494170171911394,0.2146314782866511,0.013627153384979452
2017-01-12,0.035974637399463986,0,CALM,0.0222129957505156,0.005709851373277,0.0,0,0.0,0.9882963621252212,0.29279418187179684,0.0640599784537435,0.0
2017-01-13,0.2506829480655217,0,CALM,0.0157185496560557,0.959490954821409,0.0,0,0.0,0.938766372421186,0.21934349944501194,0.5567249772282507,0.32920769742724815
2017-01-16,0.20747361303842543,0,CALM,0.0113538483447639,0.7180261406155266,0.0,0,0.0,0.9469505361499682,0.2314802354823832,0.610504279991174,0.378818992808908
2017-01-17,0.10791712778083712,0,CALM,0.0079631015260237,0.4185406525802799,0.0,0,0.0,0.927682370879056,0.20290643813824058,0.2207546652733497,0.019275780694511465
2017-01-18,0.05529386017325199,0,CALM,0.0055840796186359,0.177075357353526,0.0,0,0.0,0.912761807787344,0.18077993361387426,0.2042472825864806,0.004047754365003802
2017-01-19,0.01542031356239623,0,CALM,0.003917377870694,0.00685148661362,0.0,0,0.0,0.8789959422333469,0.1307067177199873,0.1190100533615103,0.0
2017-01-20,0.04040283496415614,0,CALM,0.0027509265755287,0.1287656887920653,0.0,0,0.0,0.8850062025572245,0.13961965561860906,0.1740023965337447,0.0
2017-01-23,0.018844438834838842,0,CALM,0.0019365869137268,0.0245947545986903,0.0,0,0.0,0.8814954768442776,0.1344134118666908,0.0846507261045705,0.0
2017-01-24,0.014386487279564717,0,CALM,0.001363773152568,0.0022614334636195,0.0,0,0.0,0.8825198925768626,0.13593257298698816,0.1534477114498129,0.0
2017-01-25,0.14858587288024058,0,CALM,0.0009638555327759,0.6565100632339348,0.0,0,0.0,0.8585380329870044,0.1003685851229868,0.2758058433082979,0.07006037837960981
2017-01-26,0.00372430249988229,0,CALM,0.000684100059725,0.0177663874247552,0.0,0,0.0,0.7687095203367138,0.0,0.0817369312034626,0.0
2017-01-27,0.000535157391442575,0,CALM,0.0005265266466839,0.002017628648858,0.0,0,0.0,0.5308819956914925,0.0,0.0236106833413641,0.0
2017-01-30,0.003773085407744305,0,CALM,0.0004060042298709,0.0183579217513829,0.0,0,0.0,0.5211405567683864,0.0,0.1894027329201714,0.0
2017-01-31,0.014479333554811217,0,CALM,0.0003264254481631,0.0719886359638522,0.0,0,0.0,0.592089543524041,0.0,0.0461910814329422,0.0
2017-02-01,0.001021485162465825,0,CALM,0.0002487315678561,0.004796511352509,0.0,0,0.0,0.5583402623001299,0.0,0.1904246459970595,0.0
2017-02-02,0.0009272943078489606,0,CALM,0.0001924525865606,0.0024521105896937,0.0,0,0.0,0.5589367682359457,0.0,0.2040736627577548,0.0038875904327007045
2017-02-03,0.000493719915429235,0,CALM,0.0001528159912771,0.0022775795880498,0.0,0,0.0,0.5631829210574587,0.0,0.164253373382579,0.0
2017-02-06,0.11973607265213579,0,CALM,0.0001270648016761,0.5736889646208456,0.0,0,0.0,0.6083123499478316,0.0,0.253697129045092,0.049665135275476245
2017-02-07,0.0014501310703190534,0,CALM,0.0001006806087211,0.0038034445528148,0.0,0,0.0,0.6081496571107047,0.0,0.2070602598640232,0.006642720075758182
2017-02-08,0.023370230936015736,0,CALM,8.516672063173527e-05,0.116744696279289,0.0,0,0.0,0.6188873070980065,0.0,0.1938452677250033,0.0
2017-02-09,0.01656581839595186,0,CALM,7.354498481435752e-05,0.0574047426707561,0.0,0,0.0,0.6106834994785422,0.0,0.254780818070159,0.05066483615597051
2017-02-10,0.0004745856002772535,0,CALM,6.754850064029372e-05,0.0022884923755859,0.0,0,0.0,0.6050291335766963,0.0,0.0828713355846048,0.0
2017-02-13,0.004737157118183262,0,CALM,6.189412828016895e-05,0.0236084179305661,0.0,0,0.0,0.6055259148579242,0.0,0.1724073782541856,0.0
2017-02-14,0.0008536350426471026,0,CALM,5.315978332389581e-05,0.0020179775997718,0.0,0,0.0,0.6428092170975976,0.0,0.2045938865124315,0.004367495768617685
2017-02-15,0.0005106440223113374,0,CALM,4.528813656494988e-05,0.0024966099408505,0.0,0,0.0,0.6565120551650104,0.0,0.188411259469611,0.0
2017-02-16,0.00045902991070595315,0,CALM,4.002939693493261e-05,0.0022451128073611,0.0,0,0.0,0.6681525722716002,0.0,0.131654398439112,0.0
2017-02-17,0.06919520115018514,0,CALM,3.839914632669196e-05,0.312475372254589,0.0,0,0.0,0.6758182286781692,0.0,0.2723856629955572,0.06690526912685661
2017-02-20,0.053849022659994354,0,CALM,3.698009340776894e-05,0.2277850872040883,0.0,0,0.0,0.6789341132368962,0.0,0.2896456831470962,0.08282760195824744
2017-02-21,0.006471485954939317,0,CALM,4.0894440426622505e-05,0.0323063117241633,0.0,0,0.0,0.6988716597025043,0.0,0.051574259537517,0.0
2017-02-22,0.0029755334688840573,0,CALM,3.8206311979043856e-05,0.0128045616259396,0.0,0,0.0,0.643314105853626,0.0,0.2042504709860638,0.004050695657013759
2017-02-23,0.0006410178018183537,0,CALM,3.527403354365432e-05,0.0031609964671622,0.0,0,0.0,0.6494118330024099,0.0,0.1971935232017689,0.0
2017-02-24,0.079528224125475,0,CALM,4.21548740816938e-05,0.3975884270347728,0.0,0,0.0,0.7046785058715458,0.0,0.0839449427231458,0.0
2017-02-27,0.0005936375955250202,0,CALM,3.686527485280083e-05,0.0029221063840591,0.0,0,0.0,0.7086094532731146,0.0,0.1691871319036418,0.0
2017-02-28,0.00057358017859282,0,CALM,0.0001649312928112,0.0026617367769501,0.0,0,0.0,0.7167213051620778,0.0,0.1510537963432198,0.0
2017-03-01,0.2632721306296808,0,CALM,0.0215331584853937,0.999981200313549,0.0,0,0.0,0.6912452992267588,0.0,0.8274229423738487,0.5789260094562254
2017-03-02,0.004758009500843718,0,CALM,0.0152320986376054,0.0020084558736064,0.0,0,0.0,0.7945538052603267,0.005482936667210881,0.1591041714005738,0.0
2017-03-03,0.008882544266629561,0,CALM,0.0106739775753713,0.028128585788203,0.0,0,0.0,0.7948238005266374,0.005883327151461357,0.0697482345272667,0.0
2017-03-06,0.008378940717043079,0,CALM,0.0074783304392917,0.0021816626622839,0.0,0,0.0,0.8318087231837444,0.060730255747633737,0.1735083091909801,0.0
2017-03-07,0.009626139495884273,0,CALM,0.0052411681533717,0.0025768218210229,0.0,0,0.0,0.8278560158446033,0.05486857369948217,0.2249394730882432,0.02313625723388552
2017-03-08,0.008279570079521835,0,CALM,0.0036757704254533,0.009980027957238,0.0,0,0.0,0.8270317454261635,0.053646218817109105,0.1317125727680713,0.0
2017-03-09,0.009294433035772504,0,CALM,0.0025848936471648,0.0243802808522773,0.0,0,0.0,0.8162932550206279,0.03772153453525843,0.0471460686906854,0.0
2017-03-10,0.12181549906864936,0,CALM,0.0018197391890885,0.5189271398286001,0.0,0,0.0,0.8119424782655297,0.031269533966348136,0.3564796837922468,0.14448182909022403
2017-03-13,0.013824685399946284,0,CALM,0.001282769496875,0.0020520603910673,0.0,0,0.0,0.8791504256486009,0.13093580947514075,0.1989894538786772,0.0
2017-03-14,0.015763327462389117,0,CALM,0.000906730030041,0.0199536824113282,0.0,0,0.0,0.8687140077400991,0.11545908472613226,0.1140317362053215,0.0
2017-03-15,0.013691699257100004,0,CALM,0.0006439227845646,0.0020313485866031,0.0,0,0.0,0.8793585770948096,0.13124448843638234,0.140753513507789,0.0
2017-03-16,0.014757996503676884,0,CALM,0.000458869345196,0.0107893557574429,0.0,0,0.0,0.8750493338620577,0.12485408015889303,0.1328486513878164,0.0
2017-03-17,0.013921355381211902,0,CALM,0.0003315540658283,0.0089888306194765,0.0,0,0.0,0.8720505398378511,0.12040700740859527,0.0750489146355191,0.0
2017-03-20,0.011846704446818715,0,CALM,0.0002398113880588,0.0024676839043583,0.0,0,0.0,0.8670100189340639,0.11293214818932355,0.1344739393803973,0.0
2017-03-21,0.18270927365885356,0,CALM,0.0001873398920355,0.8217055744977112,0.0,0,0.0,0.9144026575442856,0.18321323786302438,0.1131408470924379,0.0
2017-03-22,0.08807354176237256,0,CALM,0.0001414395301403,0.3604470921851389,0.0,0,0.0,0.8984037742796498,0.1594876344280971,0.1842530048327939,0.0
2017-03-23,0.17466465027602376,0,CALM,0.0001109451109995,0.7528918351175682,0.0,0,0.0,0.9096979794751312,0.17623641802432435,0.2696146893973605,0.0643490517232778
2017-03-24,0.026408298965301245,0,CALM,8.848525473602882e-05,0.0051943609004284,0.0,0,0.0,0.9278800064141112,0.2031995224899298,0.2543566394150091,0.050273532225385775
2017-03-27,0.14944557583827395,0,CALM,7.351757266262628e-05,0.6303721492380411,0.0,0,0.0,0.8590200155118329,0.1010833429006077,0.3434308674782263,0.1324443230743929
2017-03-28,0.21588383302882322,0,CALM,0.0001079692626317,0.8772541978365839,0.0,0,0.0,0.8576971076597498,0.0991215317816496,0.5304168230230846,0.3049384796768356
2017-03-29,0.011842530507785061,0,CALM,8.288799890309553e-05,0.0030793495513808,0.0,0,0.0,0.8664214892986535,0.11205938597783126,0.1842363837239843,0.0
2017-03-30,0.011837553299990228,0,CALM,6.435051782607394e-05,0.0092476617876366,0.0,0,0.0,0.8218495327213311,0.045961237214545064,0.2581339527112394,0.053758095915518805
2017-03-31,0.0020157731385641504,0,CALM,5.668049384420201e-05,0.0100080150755155,0.0,0,0.0,0.7736699123336248,0.0,0.0505298004045291,0.0
2017-04-03,0.2341847098824122,0,CALM,0.0001602148100327,0.9938841503814964,0.0,0,0.0,0.770868830315383,0.0,0.5832513930166896,0.3536782610360471
2017-04-04,0.000511388814169085,0,CALM,0.0001188031452429,0.0024084401392918,0.0,0,0.0,0.7510841865484136,0.0,0.1558942965019104,0.0
2017-04-05,0.0004928555033366761,0,CALM,9.19808727905446e-05,0.0023493014256952,0.0,0,0.0,0.725871650893582,0.0,0.0663986925199638,0.0
2017-04-06,0.043847942040561104,0,CALM,7.81371289194371e-05,0.2191420387916562,0.0,0,0.0,0.7785770477795866,0.0,0.0665375278066215,0.0
2017-04-07,0.0018448867749081069,0,CALM,6.10762767241074e-05,0.0091480885286354,0.0,0,0.0,0.7644386103995652,0.0,0.1487325901486511,0.0
2017-04-10,0.00042305270847814766,0,CALM,5.1264002617070496e-05,0.0020511835391194,0.0,0,0.0,0.7746949773963004,0.0,0.0598340631048745,0.0
2017-04-11,0.030816248299396904,0,CALM,4.45900928577726e-05,0.1540255038809123,0.0,0,0.0,0.7278717347395856,0.0,0.1556556213982876,0.0
2017-04-12,0.048298114250112024,0,CALM,3.869268080513484e-05,0.2202901464688106,0.0,0,0.0,0.7370937215204105,0.0,0.2457176884538982,0.04230411786148617
2017-04-13,0.00041892581383407105,0,CALM,3.579382109556423e-05,0.0020498867928009,0.0,0,0.0,0.691105539333342,0.0,0.1347994235071521,0.0
2017-04-18,0.23449290238136414,0,CALM,0.0001911122421619,0.9997499647275296,0.0,0,0.0,0.748189297219181,0.0,0.5737912663154818,0.34495131375317695
2017-04-19,0.00047457865220232,0,CALM,0.0001413802333348,0.0021961679693431,0.0,0,0.0,0.7682355402105521,0.0,0.1246701391838992,0.0
2017-04-20,0.00573207278958223,0,CALM,0.0001384147418546,0.0284873455205929,0.0,0,0.0,0.7597514995444772,0.0,0.0401119144249601,0.0
2017-04-21,0.01834001850955431,0,CALM,0.0022286945792099,0.0824433049403239,0.0,0,0.0,0.714429179608594,0.0,0.213888588143356,0.012941838766870538
2017-04-24,0.378796680067893,0,CALM,0.3015589823042819,0.9999999999771972,0.0,0,0.0,0.8272847425837316,0.05402140189278618,1.262244443138275,0.9800479430710444
2017-04-25,0.06251206062045113,0,CALM,0.2129742007602324,0.0028588938819994,0.0,0,0.0,0.8495011571812366,0.08696731653993146,0.1986336164280305,0.0
2017-04-26,0.05542169586583186,0,CALM,0.1491048593832643,0.0027152813043577,0.0,0,0.0,0.867333819145004,0.1134123289163053,0.2677316141134611,0.06261191867513713
2017-04-27,0.044625781603200555,0,CALM,0.1043834814622858,0.002193514205118,0.0,0,0.0,0.9128509207181792,0.18091208396605507,0.1768295099257054,0.0
2017-04-28,0.07868191141357744,0,CALM,0.0730806181223692,0.1570731293463336,0.0,0,0.0,0.9138823262573084,0.18244161064596132,0.3164230847828586,0.10752969949122289
2017-05-02,0.032419720638662046,0,CALM,0.051209284591197,0.0024300220740125,0.0,0,0.0,0.9198652102824764,0.19131395076060295,0.134854400774579,0.0
2017-05-03,0.03424986842999783,0,CALM,0.0401113043280022,0.0020410559548693,0.0,0,0.0,0.951440275784568,0.2381383115702342,0.0633701081769372,0.0
2017-05-04,0.35965834451330364,0,CALM,0.264755732216582,0.9999949919711264,0.0,0,0.0,0.9469059639954336,0.23141413704005845,0.9622351520756424,0.7032899936092694
2017-05-05,0.2813145084913845,0,CALM,0.1918445741947627,0.9901202076844872,0.0,0,0.0,0.9767974841514948,0.27574187801792144,0.2839261625318028,0.07755135604004192
2017-05-08,0.06301308404190963,0,CALM,0.1344741512594397,0.0160379859717641,0.0,0,0.0,0.9674429186552768,0.26186949032696877,0.0390020261476173,0.0
2017-05-09,0.07691139860973283,0,CALM,0.0941708042880194,0.036662965070328,0.0,0,0.0,0.9937753012545452,0.30091919502904513,0.3726965452714848,0.1594418502075786
2017-05-10,0.05745297235665643,0,CALM,0.0659435981295125,0.0079299839019423,0.0,0,0.0,0.986075479859824,0.28950071625717194,0.3129329356877864,0.10431004418172653
2017-05-11,0.15138821432954366,0,CALM,0.046203888009689,0.5356144688687241,0.0,0,0.0,1.0114591238655763,0.32714348553376593,0.0811760193404289,0.0
2017-05-12,0.054669473224356696,0,CALM,0.0323779162405792,0.0110116542662085,0.0,0,0.0,1.0272281177503728,0.3505281736579336,0.3008878303388701,0.09319845945176836
2017-05-15,0.09926630915504428,0,CALM,0.0226874400804899,0.2868816795469019,0.0,0,0.0,1.0055140361653754,0.31832719561979345,0.2473977125782562,0.04385393663562065
2017-05-16,0.03942252558122902,0,CALM,0.0159074914840644,0.0037248452534505,0.0,0,0.0,1.015306054204263,0.3328483051857234,0.2152074991190577,0.014158531409504812
2017-05-17,0.23167443776918048,0,CALM,0.0112197877568549,0.9486821025797112,0.0,0,0.0,1.0547424824694744,0.3913307031402448,0.1191809199232403,0.0
2017-05-18,0.24204054921232956,0,CALM,0.0079530256312645,0.9953164012850966,0.0,0,0.0,1.0634552121899237,0.4042512780806226,0.2059720485513522,0.0056388473943182645
2017-05-19,0.13301549205721677,0,CALM,0.0056653986706913,0.364813936838271,0.0,0,0.0,1.062575447065863,0.40294662711817203,0.3986858425467249,0.18341692310072547
2017-05-22,0.03978270816911652,0,CALM,0.0040149502934523,0.004574262586617,0.0,0,0.0,1.046185558410048,0.37864118078430037,0.0846902303125347,0.0
2017-05-23,0.10394437324845218,0,CALM,0.0028761255893661,0.3220101849375668,0.0,0,0.0,1.0526536414861905,0.3882330486359729,0.0744205416695443,0.0
2017-05-24,0.02228214337412368,0,CALM,0.0020249788494414,0.0027986018396096,0.0,0,0.0,0.9339235264070096,0.21216178293841412,0.1723853000304727,0.0
2017-05-26,0.23901196732602933,0,CALM,0.0014492511629037,0.9885200016534352,0.0,0,0.0,0.9555896863846192,0.24429169545066454,0.3789003493263746,0.1651648465954988
2017-05-29,0.034500402732909816,0,CALM,0.0010369360405955,0.0023705745897275,0.0,0,0.0,0.9790055515422889,0.2790163397665969,0.2634413926697372,0.05865419828155748
2017-05-30,0.2524514845233785,0,CALM,0.0008147276989871,0.9970141766176572,0.0,0,0.0,0.9696905946638944,0.2652026898227447,0.4852226871104382,0.2632469829282582
2017-05-31,0.22509388566490648,0,CALM,0.000597734656487,0.9376644665427212,0.0,0,0.0,0.9871832008792454,0.2911434152623842,0.2898023986229204,0.08297217166002036
2017-06-01,0.029094670095290983,0,CALM,0.0004386793615028,0.0027147922125484,0.0,0,0.0,0.9826496830406116,0.284420418124056,0.0988834684606875,0.0
2017-06-02,0.16988169480473214,0,CALM,0.0003231613034622,0.6954820813782753,0.0,0,0.0,0.9544643678544198,0.2426229001514013,0.2696937466561387,0.06442198188071403
2017-06-06,0.2235296178891057,0,CALM,0.0002531569195648,0.9098218377910474,0.0,0,0.0,0.9556720279243672,0.24441380414325076,0.3847984224869368,0.17060580686679896
2017-06-07,0.13783713307069598,0,CALM,0.0001897310190657,0.5803377191852901,0.0,0,0.0,0.9265369541897222,0.20120783819914656,0.2172185553211871,0.016013726589568497
2017-06-08,0.02137990989815948,0,CALM,0.000147191261136,0.007253804959846,0.0,0,0.0,0.9249965640473804,0.1989235109090628,0.0677188260273982,0.0
2017-06-09,0.023294574635280396,0,CALM,0.0001159652668688,0.0348304408466306,0.0,0,0.0,0.9007688629669526,0.16299495149237073,0.0899186216737263,0.0
2017-06-12,0.24178148080586356,0,CALM,0.0001683220746991,0.9936339364250364,0.0,0,0.0,0.8630306674364127,0.10703095408722337,0.5500989227890439,0.3230951759345918
2017-06-13,0.012114894834684682,0,CALM,0.0001255987519935,0.0025624695524925,0.0,0,0.0,0.8688832157420443,0.11571001236187806,0.1896473641145851,0.0
2017-06-14,0.14476846525342446,0,CALM,9.772055833051644e-05,0.677095288356286,0.0,0,0.0,0.8537376062396311,0.09324977442584607,0.1898239365184322,0.0
2017-06-15,0.16254242672307853,0,CALM,7.940843325983369e-05,0.7493602963986273,0.0,0,0.0,0.8761627018454871,0.12650515335038118,0.1879082418672603,0.0
2017-06-16,0.008157383349412822,0,CALM,6.223788079621738e-05,0.0032859857078103,0.0,0,0.0,0.8413275715802526,0.07484626737651708,0.1465907203842247,0.0
2017-06-19,0.006313446049597137,0,CALM,4.9989292996739926e-05,0.0242099794604662,0.0,0,0.0,0.8006946521117887,0.014589528342547115,0.1620495365344045,0.0
2017-06-20,0.01942973493493629,0,CALM,4.295104311635474e-05,0.097094985870786,0.0,0,0.0,0.7503299607782068,0.0,0.1471239650221918,0.0
2017-06-21,0.13266156703067794,0,CALM,3.8933145875140656e-05,0.6275110033237891,0.0,0,0.0,0.7460592198615341,0.0,0.2773624347877215,0.07149633079451355
2017-06-22,0.04464622824801986,0,CALM,3.4921018018734366e-05,0.1898638255871215,0.0,0,0.0,0.7291706091905035,0.0,0.2721060522148191,0.06664732876090863
2017-06-23,0.0021683856621295874,0,CALM,3.056577614507984e-05,0.0069181745922528,0.0,0,0.0,0.7264378801185206,0.0,0.2082834310887076,0.0077710929964275735
2017-06-26,0.017923748364350837,0,CALM,3.043964600306476e-05,0.0399524258721981,0.0,0,0.0,0.683391128092079,0.0,0.3074548622495132,0.09925653278410453
2017-06-27,0.0005290513290053098,0,CALM,3.102827327107931e-05,0.0026064713034377,0.0,0,0.0,0.6713376305020589,0.0,0.0961295407427566,0.0
2017-06-28,0.067166189933588,0,CALM,4.967386351017669e-05,0.3128342812311535,0.0,0,0.0,0.564647673890707,0.0,0.2495822330172283,0.04586915221479759
2017-06-29,0.20788319843986947,0,CALM,6.972479891187548e-05,0.9992853490341432,0.0,0,0.0,0.7218932192896894,0.0,0.2866748064207813,0.08008697433312842
2017-06-30,0.014338666219798795,0,CALM,0.0001372539319983,0.0715217636839961,0.0,0,0.0,0.7394033126011071,0.0,0.020129810134072,0.0
2017-07-03,0.25255940985485387,0,CALM,0.0039261747344089,0.9995094164799198,0.0,0,0.0,0.690313796881293,0.0,0.7600339772611443,0.5167598287526767
2017-07-04,0.001178233524738775,0,CALM,0.0027773486425883,0.0024194818204585,0.0,0,0.0,0.7247485975025751,0.0,0.1591850579561272,0.0
2017-07-05,0.00100823536839085,0,CALM,0.001949995342689,0.002603682663593,0.0,0,0.0,0.7637530409289178,0.0,0.192219758855806,0.0
2017-07-06,0.16580147103685128,0,CALM,0.0013749108111031,0.8238983647420104,0.0,0,0.0,0.7862694127932831,0.0,0.207209836114278,0.006780703856734012
2017-07-07,0.02267170367869803,0,CALM,0.0009723989370901,0.003887425523332,0.0,0,0.0,0.8561833164385176,0.09687664946054302,0.3295448914288157,0.11963453893704802
2017-07-10,0.01711107837724949,0,CALM,0.000689469965794,0.0025125837667102,0.0,0,0.0,0.9016906650534452,0.1643619413245895,0.170911795134173,0.0
2017-07-11,0.027099457094753726,0,CALM,0.0004943648529976,0.0531263117662531,0.0,0,0.0,0.901113502036713,0.16350603528253704,0.100519390900451,0.0
2017-07-12,0.2045081149275555,0,CALM,0.0003578212386857,0.9231028332728644,0.0,0,0.0,0.8669562388350968,0.11285239479155941,0.2921399249365211,0.08512853484155265
2017-07-13,0.013217416135557604,0,CALM,0.0002576205585335,0.006094330522402,0.0,0,0.0,0.8713320019087141,0.11934144891443828,0.1748245080495094,0.0
2017-07-14,0.016782523524133116,0,CALM,0.0001873156738561,0.0145089245955684,0.0,0,0.0,0.8667655742294477,0.11256964800555679,0.2277938877654663,0.025769448859997324
2017-07-17,0.01033341861841353,0,CALM,0.0001399843189709,0.0053349130297816,0.0,0,0.0,0.8531068548636414,0.09231439932714484,0.0846242769890402,0.0
2017-07-18,0.06316398147416265,0,CALM,0.00010910142729,0.2620977724194946,0.0,0,0.0,0.8631254527593806,0.10717151633441217,0.1139211279441969,0.0
2017-07-19,0.012156356315791404,0,CALM,8.553486982272474e-05,0.0030489350010866,0.0,0,0.0,0.8685742672058447,0.11525185598118402,0.0848703916993022,0.0
2017-07-20,0.15832992963598755,0,CALM,6.999738053701644e-05,0.7227556120111949,0.0,0,0.0,0.8702125291639555,0.11768132264443419,0.221465751474313,0.01993175624170904
2017-07-21,0.21051749986086463,0,CALM,8.150808180413763e-05,0.9498193278889152,0.0,0,0.0,0.9293183858518812,0.20533257262630522,0.0869417063903527,0.0
2017-07-24,0.13314652212975003,0,CALM,6.947525120574966e-05,0.5607696781002913,0.0,0,0.0,0.9246623308188175,0.19842785849979835,0.2121351746686723,0.011324318469104819
2017-07-25,0.13072857567061363,0,CALM,6.291906128489846e-05,0.5527517419361295,0.0,0,0.0,0.9268182421194888,0.20162497518066494,0.1554872027625865,0.0
2017-07-26,0.021136834178716847,0,CALM,6.151451249738833e-05,0.0043817570592479,0.0,0,0.0,0.927375283243738,0.2024510413874292,0.0360204007968776,0.0
2017-07-27,0.02458284180392145,0,CALM,5.277707194048789e-05,0.0256630201112194,0.0,0,0.0,0.9219262890184112,0.1943704351369245,0.1859618184235636,0.0
2017-07-28,0.016076039615063622,0,CALM,4.4062468280813776e-05,0.0632955529753186,0.0,0,0.0,0.7930600908949734,0.0032678273941929618,0.2332376482567443,0.030791306635104012
2017-07-31,0.002557598795937115,0,CALM,0.0001824055083459,0.0125599870942532,0.0,0,0.0,0.7626838408271689,0.0,0.1058802135432772,0.0
2017-08-02,0.26705112458410313,0,CALM,0.0197531083368723,0.9999996463803136,0.0,0,0.0,0.8309630243500626,0.05947612351718825,0.8086988344857028,0.5616530587210348
2017-08-03,0.024604982832855657,0,CALM,0.0139639381063512,0.08960149128619,0.0,0,0.0,0.8123925708850503,0.03193700049029856,0.1758212888260137,0.0
2017-08-04,0.20951957767588833,0,CALM,0.0097898502204649,0.9829609774543868,0.0,0,0.0,0.8242648063136016,0.049542976170271195,0.2597579392452747,0.05525622012867629
2017-08-07,0.008548690405357108,0,CALM,0.0068592467305878,0.0026444465980262,0.0,0,0.0,0.833372924583904,0.06304989403104917,0.1679644908138065,0.0
2017-08-08,0.00341604132641508,0,CALM,0.0048083602928172,0.0110697562660539,0.0,0,0.0,0.7612563778453639,0.0,0.1296287746338285,0.0
2017-08-09,0.020147295649073815,0,CALM,0.0033762582018763,0.0965161554930237,0.0,0,0.0,0.7082177153770279,0.0,0.1202377721689188,0.0
2017-08-10,0.04376228154308509,0,CALM,0.0023715674469438,0.2023070565924188,0.0,0,0.0,0.7097664213594113,0.0,0.2292143080488361,0.027079783628653775
2017-08-11,0.001693158813292005,0,CALM,0.0016666748191421,0.0063824505425324,0.0,0,0.0,0.7096209825991118,0.0,0.181399018759919,0.0
2017-08-14,0.00409495231574738,0,CALM,0.0011747947767232,0.0190062681078329,0.0,0,0.0,0.683944530593445,0.0,0.1684402324947927,0.0
2017-08-15,0.004602510645311246,0,CALM,0.0008289151321292,0.0026631585659655,0.0,0,0.0,0.710991504284755,0.0,0.241731103489318,0.03862650149085846
2017-08-16,0.0009138845900981351,0,CALM,0.0005890513922523,0.0038331087101753,0.0,0,0.0,0.705895898165316,0.0,0.0885482378633809,0.0
2017-08-17,0.00079935948176271,0,CALM,0.0004193282078102,0.0034726371490508,0.0,0,0.0,0.7096819842726592,0.0,0.1404638447532615,0.0
2017-08-18,0.16923386458902054,0,CALM,0.0003077838085503,0.7744783276064754,0.0,0,0.0,0.6932389801524891,0.0,0.3544533400172679,0.14261253115587866
2017-08-21,0.0014418730670917351,0,CALM,0.0002229859743731,0.0069306328674923,0.0,0,0.0,0.6904237369710735,0.0,0.163240717034583,0.0
2017-08-22,0.02312468492260708,0,CALM,0.0001754970554878,0.0203197459777703,0.0,0,0.0,0.6463730954463323,0.0,0.4060047657923035,0.19016861463181067
2017-08-23,0.00143996110238945,0,CALM,0.000135399884819,0.0070305556559235,0.0,0,0.0,0.6430698332950003,0.0,0.1045001319038227,0.0
2017-08-24,0.019616911078358463,0,CALM,0.0001103729274599,0.0122304476965743,0.0,0,0.0,0.657468358988843,0.0,0.3856943336642691,0.17143228307178626
2017-08-25,0.0010785145610482665,0,CALM,8.635936493906545e-05,0.0052846235990675,0.0,0,0.0,0.6540032172276032,0.0,0.1576268872203184,0.0
2017-08-28,0.0005913053643508036,0,CALM,6.944979849665438e-05,0.0028697145736332,0.0,0,0.0,0.6537187650419997,0.0,0.1466472088797403,0.0
2017-08-29,0.06356797685807966,0,CALM,7.371118758765015e-05,0.3177477453059137,0.0,0,0.0,0.6767583463081729,0.0,0.1896108646371326,0.0
2017-08-30,0.2466905688571225,0,CALM,0.0013744041370779,0.9965685957158208,0.0,0,0.0,0.6770782186058308,0.0,0.7097061222775164,0.47033248679688855
2017-08-31,0.004584721439237045,0,CALM,0.0009935113427706,0.0065300321411248,0.0,0,0.0,0.5912328353393724,0.0,0.2327087203676227,0.030303371753194353
2017-09-01,0.00062241916859811,0,CALM,0.0007129748222682,0.0022208773151553,0.0,0,0.0,0.5922841486762422,0.0,0.0914112520128775,0.0
2017-09-04,0.003412208977764843,0,CALM,0.0005231546177023,0.0020932578242258,0.0,0,0.0,0.538207381624915,0.0,0.2308922564852294,0.02862768758494108
2017-09-05,0.001011665718000775,0,CALM,0.0004058203838615,0.004551053110177,0.0,0,0.0,0.510647816532979,0.0,0.1517793265748712,0.0
2017-09-06,0.07366294876250423,0,CALM,0.0003161177835138,0.3679195965831289,0.0,0,0.0,0.5853586972818915,0.0,0.1600515125929077,0.0
2017-09-07,0.010788710146468167,0,CALM,0.0003486075738189,0.0234343900251712,0.0,0,0.0,0.561127022903487,0.0,0.2650593954343201,0.060146802479792004
2017-09-08,0.001783884478457685,0,CALM,0.0054608653192137,0.0020933407432713,0.0,0,0.0,0.5594319059317449,0.0,0.1303339035027919,0.0
2017-09-11,0.34241336280447143,0,CALM,0.2801006524964169,0.9998862259467536,0.0,0,0.0,0.5600187316266801,0.0,0.9848038220566516,0.7241095449101644
2017-09-12,0.05071104414748149,0,CALM,0.2012303257167054,0.0020173135915257,0.0,0,0.0,0.579015573993883,0.0,0.082014502573503,0.0
2017-09-13,0.03566375979613258,0,CALM,0.1409958427894608,0.0020739954938369,0.0,0,0.0,0.5558458201062271,0.0,0.0988942135251815,0.0
2017-09-14,0.02508405534805791,0,CALM,0.0987125744187758,0.0020295587168198,0.0,0,0.0,0.5919861086923774,0.0,0.1597548530289775,0.0
2017-09-15,0.017688868530910794,0,CALM,0.0691128616446991,0.0020532655986801,0.0,0,0.0,0.6038674732017794,0.0,0.1080538520253238,0.0
2017-09-18,0.018543665078691395,0,CALM,0.0483906621394014,0.002093703488186,0.0,0,0.0,0.6231478409211242,0.0,0.2651957491088316,0.06027258846203845
2017-09-19,0.008871089080463225,0,CALM,0.0338817112183725,0.0020033063793505,0.0,0,0.0,0.7214853351430155,0.0,0.1849806530303696,0.0
2017-09-20,0.006333007843742641,0,CALM,0.0237243970649212,0.0020095428875617,0.0,0,0.0,0.7822435799926066,0.0,0.1670138736167099,0.0
2017-09-21,0.007936037094918809,0,CALM,0.0166141002628246,0.0020262000973016,0.0,0,0.0,0.8136304514634367,0.03377272009752339,0.1805814093117326,0.0
2017-09-22,0.013865366790699753,0,CALM,0.0116359233474246,0.0245762173589428,0.0,0,0.0,0.8117336376806916,0.030959833044413274,0.2317853795654696,0.029451591776137143
2017-09-25,0.006797232552050443,0,CALM,0.0081515025636688,0.0021832261524242,0.0,0,0.0,0.8200058336407154,0.04322711680648403,0.1605306578198197,0.0
2017-09-26,0.010526689795385125,0,CALM,0.0057137214369871,0.0020401211113879,0.0,0,0.0,0.8494573497444317,0.0869023521386077,0.1592320098990071,0.0
2017-09-27,0.0014450505065222701,0,CALM,0.0040081348278062,0.0022150839978536,0.0,0,0.0,0.7838685157330075,0.0,0.0607001555868973,0.0
2017-09-28,0.010710061986599578,0,CALM,0.0028304003216742,0.0020002449278,0.0,0,0.0,0.8556084365596047,0.09602412920621028,0.0983406024239599,0.0
2017-09-29,0.2558170430144492,0,CALM,0.0026869053303193,0.9985466765298496,0.0,0,0.0,0.8670209017314727,0.11294828687421254,0.6783554178191414,0.44141152688478175
2017-10-02,0.08076757318414904,0,CALM,0.0019908671267744,0.1897703939022226,0.0,0,0.0,0.8647934541129286,0.10964508514472275,0.539711381998185,0.3135126910753863
2017-10-03,0.03109579835341504,0,CALM,0.0014118838498931,0.0027043182779939,0.0,0,0.0,0.8934308853050191,0.15211307022968182,0.3623601718317162,0.14990656712374803
2017-10-04,0.011884409608559535,0,CALM,0.0009978668286591,0.003101260095822,0.0,0,0.0,0.865131848812101,0.11014690882230359,0.0811447372709254,0.0
2017-10-05,0.11845521937473069,0,CALM,0.0007406799135372,0.4455736491635151,0.0,0,0.0,0.7258762387034636,0.0,0.5159069974392395,0.29155319563643367
2017-10-06,0.00053741064727671,0,CALM,0.0005283787969662,0.0020265797401758,0.0,0,0.0,0.6836713924610647,0.0,0.0775458895877984,0.0
2017-10-09,0.0005002578847713249,0,CALM,0.0003776504813481,0.0020292263221715,0.0,0,0.0,0.6797159529019432,0.0,0.1778194150936595,0.0
2017-10-10,0.00047559874448776504,0,CALM,0.0002747132845265,0.0020346021167807,0.0,0,0.0,0.6263597158894062,0.0,0.1824580888044813,0.0
2017-10-11,0.00045578303458841,0,CALM,0.0002034185456746,0.0020246419908488,0.0,0,0.0,0.6228921398067215,0.0,0.1484980588020865,0.0
2017-10-12,0.012488217388770689,0,CALM,0.0001594602768116,0.0021659660764359,0.0,0,0.0,0.6087961211785321,0.0,0.330105382775108,0.12015159104280608
2017-10-13,0.0015871162531788383,0,CALM,0.0001233328557221,0.0020835258823828,0.0,0,0.0,0.6086581038269363,0.0,0.2122126384292122,0.011395778627717531
2017-10-16,0.0004254909648590114,0,CALM,9.999825753092592e-05,0.0020024570023814,0.0,0,0.0,0.6116731565399203,0.0,0.1750936932684463,0.0
2017-10-17,0.0004570624632745678,0,CALM,8.07701586393112e-05,0.0021843496180737,0.0,0,0.0,0.6173748191200372,0.0,0.1919520861905561,0.0
2017-10-18,0.00042108916913836687,0,CALM,8.29672023757874e-05,0.0020017368427221,0.0,0,0.0,0.5926123042522926,0.0,0.016467137190802,0.0
2017-10-19,0.000977177942296814,0,CALM,6.976273568557568e-05,0.0047986862918771,0.0,0,0.0,0.6160307149323047,0.0,0.1726960244107564,0.0
2017-10-20,0.00042631435897828385,0,CALM,6.148206084033523e-05,0.002054719218841,0.0,0,0.0,0.601572656376551,0.0,0.1553050111111207,0.0
2017-10-23,0.0029275457694255508,0,CALM,5.530542643317018e-05,0.0047065535172949,0.0,0,0.0,0.6032096385269115,0.0,0.221240635361023,0.019724087093582778
2017-10-24,0.006424198563391564,0,CALM,5.068033025947536e-05,0.003665005282705,0.0,0,0.0,0.610429516635271,0.0,0.2614154542026006,0.056785274242856947
2017-10-25,0.001391725881948728,0,CALM,4.742525750875118e-05,0.0068993478378577,0.0,0,0.0,0.6538207638193101,0.0,0.0972276467346595,0.0
2017-10-26,0.14809691975542547,0,CALM,4.4497440122755214e-05,0.737421860503825,0.0,0,0.0,0.7949120742152705,0.0060142329462975755,0.1492530433735071,0.0
2017-10-27,0.009949535977811327,0,CALM,3.835739179617997e-05,0.017801211521469,0.0,0,0.0,0.7052069365716968,0.0,0.2690163048908081,0.06379704325568482
2017-10-30,0.0004098597303308995,0,CALM,3.769507500839758e-05,0.002002179807894,0.0,0,0.0,0.6976661392114952,0.0,0.063439244568058,0.0
2017-10-31,0.0004091857598312503,0,CALM,3.5428322603560904e-05,0.0020016433959018,0.0,0,0.0,0.7274160009029784,0.0,0.1088654776885502,0.0
2017-11-01,0.0005245918573823433,0,CALM,3.533745169833291e-05,0.0025787874722888,0.0,0,0.0,0.703191325330245,0.0,0.0520085238688646,0.0
2017-11-02,0.004365326277495673,0,CALM,3.137326723503659e-05,0.005046090174644,0.0,0,0.0,0.7026556539093537,0.0,0.2361550993859576,0.03348264925758114
2017-11-03,0.006670462368454744,0,CALM,2.907472560767155e-05,0.0029964569865719,0.0,0,0.0,0.7003647823803965,0.0,0.2655929689010106,0.06063902289738446
2017-11-06,0.009547470280521348,0,CALM,2.8553197908742965e-05,0.002292348780414,0.0,0,0.0,0.7110674550003382,0.0,0.2983080552203905,0.09081862224961361
2017-11-07,0.0032090277863728017,0,CALM,2.981644996944594e-05,0.0160078683694022,0.0,0,0.0,0.7443860208562222,0.0,0.0740292901592519,0.0
2017-11-08,0.000835456655622288,0,CALM,2.7026607712351025e-05,0.004143500018471,0.0,0,0.0,0.7390693900563587,0.0,0.1682485056748695,0.0
2017-11-09,0.22132197225938183,0,CALM,4.283028959263773e-05,0.9918645995933378,0.0,0,0.0,0.8048977871455308,0.02082258307171328,0.425942208919659,0.20856086461144785
2017-11-10,0.007980786182055891,0,CALM,3.611323576769914e-05,0.0306601393501133,0.0,0,0.0,0.7885125191086058,0.0,0.2198023805725455,0.018397300030913066
2017-11-13,0.1899994739810196,0,CALM,4.029997294589821e-05,0.8917158074498891,0.0,0,0.0,0.8693905563330591,0.11646237497805294,0.1429815204489979,0.0
2017-11-14,0.020170209725140824,0,CALM,4.017632654481808e-05,0.0644749791026877,0.0,0,0.0,0.8398477080356703,0.07265169822967078,0.0656936030190016,0.0
2017-11-15,0.18183411641420427,0,CALM,3.8465967389100295e-05,0.8158216610723071,0.0,0,0.0,0.848847403108168,0.08599782950605324,0.3089153693656106,0.1006038475729024
2017-11-16,0.006260180527600118,0,CALM,3.392862744369796e-05,0.0047661861058026,0.0,0,0.0,0.8265856038420349,0.05298461149578673,0.1199795279463553,0.0
2017-11-17,0.006220168138382973,0,CALM,3.3609143216127715e-05,0.0045943774402206,0.0,0,0.0,0.8265480383740571,0.05292890364534821,0.0533038069244752,0.0
2017-11-20,0.004028753274887839,0,CALM,3.35689790934192e-05,0.0046844956441941,0.0,0,0.0,0.8116492021180277,0.030834619012756647,0.0482718692154168,0.0
2017-11-21,0.01532791539748839,0,CALM,3.618790232373762e-05,0.049650009371754,0.0,0,0.0,0.8271952344517304,0.053888665475566554,0.0502894878938511,0.0
2017-11-22,0.010770223595166373,0,CALM,3.4194076279969705e-05,0.0286784913307875,0.0,0,0.0,0.8247481605275603,0.050259768099388806,0.0949016362666195,0.0
2017-11-23,0.011422304919106164,0,CALM,3.2607046994968424e-05,0.031640950312601,0.0,0,0.0,0.8251526659692027,0.05085963094837221,0.0994658496293432,0.0
2017-11-24,0.018377060707183892,0,CALM,2.934050327556616e-05,0.08928360330296,0.0,0,0.0,0.7773553461631895,0.0,0.2054205045630073,0.005130049207729988
2017-11-27,0.06297695132050166,0,CALM,2.7708824241590487e-05,0.2995730481285167,0.0,0,0.0,0.785190711572781,0.0,0.2329805617739875,0.03055414488737912
2017-11-28,0.0004962691208646454,0,CALM,2.806093377218152e-05,0.002446269437108,0.0,0,0.0,0.721960787505629,0.0,0.0729467795903468,0.0
2017-11-29,0.024156407994845627,0,CALM,3.531585120620346e-05,0.0892042297610592,0.0,0,0.0,0.6031044660999201,0.0,0.2682252869003994,0.06306733079832234
2017-11-30,0.011085312394997049,0,CALM,4.417171635883584e-05,0.0553713473295367,0.0,0,0.0,0.6228218315371636,0.0,0.1115285929837378,0.0
2017-12-01,0.22651531905663366,0,CALM,0.0001260197845687,0.9920951993257566,0.0,0,0.0,0.6307685076150182,0.0,0.504085341423501,0.2806477424534014
2017-12-04,0.03842976068255978,0,CALM,0.0001109760000188,0.1635230699680286,0.0,0,0.0,0.5841008324467376,0.0,0.2616200645771672,0.056974026889493594
2017-12-05,0.00300679684427694,0,CALM,0.000147581780788,0.0035089150851062,0.0,0,0.0,0.4648147030733487,0.0,0.2244461674673183,0.022681183820586998
2017-12-06,0.017919708821835793,0,CALM,0.0001949933271911,0.0539763435878021,0.0,0,0.0,0.466333827905476,0.0,0.2765609012047266,0.07075691772477596
2017-12-07,0.00044721940322421005,0,CALM,0.0001849690258926,0.0020048857337553,0.0,0,0.0,0.5133566509354562,0.0,0.0700137975583964,0.0
2017-12-08,0.004136970653033624,0,CALM,0.0001785615203568,0.0120717952393804,0.0,0,0.0,0.495574542598879,0.0,0.2180488939459751,0.01677971225068343
2017-12-11,0.000445569669008465,0,CALM,0.0001699077252753,0.0020154636884482,0.0,0,0.0,0.5250065980853962,0.0,0.0594449516618203,0.0
2017-12-12,0.000703633598718025,0,CALM,0.0002353428580673,0.003223989421006,0.0,0,0.0,0.4686347036172394,0.0,0.1422636616814094,0.0
2017-12-13,0.048059710336438057,0,CALM,0.0008742298774175,0.0522864870880398,0.0,0,0.0,0.5268759209304605,0.0,0.6051054187453981,0.37383855449475717
2017-12-14,0.02349384460801588,0,CALM,0.000705304344708,0.0167851293090694,0.0,0,0.0,0.5374989975028486,0.0,0.4162338532291878,0.19960492660024998
2017-12-15,0.00055194973880814,0,CALM,0.000521635963868,0.0021077037392057,0.0,0,0.0,0.5633878002761309,0.0,0.1927375243809271,0.0
2017-12-18,0.2324346989230619,0,CALM,0.000911121136355,0.972476307107089,0.0,0,0.0,0.567002697639815,0.0,0.6086588334256952,0.37711657217555317
2017-12-19,0.05241283289094422,0,CALM,0.0007091586465644,0.1566582468409924,0.0,0,0.0,0.567335479386351,0.0,0.4264604474814563,0.2090389386110464
2017-12-20,0.00174401841049305,0,CALM,0.000521735417041,0.008067922781164,0.0,0,0.0,0.5588614832277047,0.0,0.1390883424411389,0.0
2017-12-21,0.0015969821077151652,0,CALM,0.0003946301242109,0.0074916228833122,0.0,0,0.0,0.5674273994943719,0.0,0.079995063316876,0.0
2017-12-22,0.00047267035695522,0,CALM,0.0002862101337064,0.0020055891176431,0.0,0,0.0,0.6614588350711404,0.0,0.1451991818198056,0.0
2017-12-27,0.0020523103334242777,0,CALM,0.0002391073074226,0.0056481458097883,0.0,0,0.0,0.6619808994590523,0.0,0.2092134607650965,0.008629043446109676
2017-12-28,0.03936085359792281,0,CALM,0.0042079761976061,0.1081232390841602,0.0,0,0.0,0.6540983569108778,0.0,0.3807185330534329,0.16684211731689244
2017-12-29,0.34147729186263376,0,CALM,0.2703462539076661,0.9981761169987236,0.0,0,0.0,0.6740137726168436,0.0,1.004798994278342,0.7425550498597254
2018-01-03,0.1444762886759558,0,CALM,0.2000961026718298,0.4338504645214167,0.0,0,0.0,0.6833913976505467,0.0,0.2831352068228033,0.07682170103715039
2018-01-04,0.19000346365476128,0,CALM,0.1515219064971899,0.7343713752691019,0.0,0,0.0,0.6929123687832021,0.0,0.2567561976939547,0.05248711976643419
2018-01-05,0.3915277177523755,0,CALM,0.4059919494058112,0.9999991075284675,0.0,0,0.0,0.6557203464577047,0.0,1.1757956266408516,0.9002990889522922
2018-01-08,0.07312035024664613,0,CALM,0.2863040357002666,0.002028992273512,0.0,0,0.0,0.7023226102780479,0.0,0.2122014189363227,0.011385428668770911
2018-01-09,0.05051253202594363,0,CALM,0.2004327838707153,0.002021680291324,0.0,0,0.0,0.7591035667353793,0.0,0.1727467939875953,0.0
2018-01-10,0.03575571535080469,0,CALM,0.140308987147451,0.0033923428197097,0.0,0,0.0,0.7396616047064489,0.0,0.1711610083467279,0.0
2018-01-11,0.026530885778907547,0,CALM,0.0982233592563521,0.0098752298240976,0.0,0,0.0,0.7313711603509183,0.0,0.1360023302747932,0.0
2018-01-12,0.026370745736976405,0,CALM,0.0687635855233062,0.0025501852759208,0.0,0,0.0,0.7498256519227872,0.0,0.2938413793463728,0.0866981230096569
2018-01-15,0.013986818770815711,0,CALM,0.0481403234496702,0.0024706705080976,0.0,0,0.0,0.761668958298197,0.0,0.2156600818788613,0.014576038067786413
2018-01-16,0.0143362406811664,0,CALM,0.0337042333613884,0.0199344038240823,0.0,0,0.0,0.7528933876701148,0.0,0.2207083075166834,0.01923301576002839
2018-01-17,0.00680461604260871,0,CALM,0.0235989261120806,0.0045244225729428,0.0,0,0.0,0.7400774598897218,0.0,0.1762288248563894,0.0
2018-01-18,0.00465300937739122,0,CALM,0.0165251437235832,0.0026086172324771,0.0,0,0.0,0.7437252726860063,0.0,0.1723866746862832,0.0
2018-01-19,0.03185889446770885,0,CALM,0.0115749628861124,0.1022571966465473,0.0,0,0.0,0.740413407411728,0.0,0.292149257561448,0.08513714416871289
2018-01-22,0.0024387499323276552,0,CALM,0.0081099789391891,0.0020562759876519,0.0,0,0.0,0.7323379921395636,0.0,0.0956174701756582,0.0
2018-01-23,0.002753951801097255,0,CALM,0.0056836511019707,0.0066651951280229,0.0,0,0.0,0.7298038643721517,0.0,0.1667422529163492,0.0
2018-01-24,0.1890707142310265,0,CALM,0.0040393644738212,0.7839899037658974,0.0,0,0.0,0.7114419937142361,0.0,0.5387533663166283,0.31262892359391686
2018-01-25,0.03633326789274834,0,CALM,0.002836312428766,0.1781209489277842,0.0,0,0.0,0.7144043518129396,0.0,0.192336549200379,0.0
2018-01-26,0.0009223074518330149,0,CALM,0.0019929694585911,0.0021203254359262,0.0,0,0.0,0.6788609190201188,0.0,0.1527329062042295,0.0
2018-01-29,0.000752700929627995,0,CALM,0.0014027618700519,0.0020100523105751,0.0,0,0.0,0.7145453891156159,0.0,0.1288776540584668,0.0
2018-01-30,0.014671303489935584,0,CALM,0.000989808497866,0.0223171942743605,0.0,0,0.0,0.7119075339292886,0.0,0.3078316569405579,0.09960412510596983
2018-01-31,0.000655220015519845,0,CALM,0.0006993268639149,0.0024019414977056,0.0,0,0.0,0.7110878450201789,0.0,0.18871295202459,0.0
2018-02-01,0.1496270433384718,0,CALM,0.0005199658052163,0.7313853355013544,0.0,0,0.0,0.8125698167257847,0.03219984786896828,0.0353532199849845,0.0
2018-02-02,0.23671729084012644,0,CALM,0.0005580362934732,0.9981009921026008,0.0,0,0.0,0.7821563812581752,0.0,0.6004845725604616,0.3695758334623798
2018-02-05,0.23449813597343566,0,CALM,0.0005597242254231,0.9939876769703854,0.0,0,0.0,0.7869124499115692,0.0,0.585341841282123,0.35560669523002836
2018-02-06,0.2429952531736594,0,CALM,0.0006301582163868,0.9999972778138548,0.0,0,0.0,1.000941005354651,0.31154560257256025,0.3265122982315704,0.11683697799535665
2018-02-07,0.22581070014551388,0,CALM,0.0004939267890122,0.9738060284533708,0.0,0,0.0,0.9993998412794513,0.3092601275758666,0.1773343439194412,0.0
2018-02-08,0.24150710994404945,0,CALM,0.0005870492814403,0.9976514126508028,0.0,0,0.0,1.0729291240699577,0.41830065093528784,0.1306667700571642,0.0
2018-02-09,0.2495924882194264,0,CALM,0.0010080971471768,0.9940014788780654,0.0,0,0.0,1.131663951412888,0.505401681570191,0.0722833503580971,0.0
2018-02-12,0.22361078903740528,0,CALM,0.0009492928888736,0.8861061093682768,0.0,0,0.0,1.1020748674133178,0.46152243941531496,0.0877698725639703,0.0
2018-02-13,0.19957037741566583,0,CALM,0.0007430781827506,0.7759059880194992,0.0,0,0.0,1.0667857459538013,0.4091903055115596,0.2354625752200037,0.03284379714922387
2018-02-14,0.24724127264557447,0,CALM,0.0008048939839824,0.9990290245163096,0.0,0,0.0,1.1093711187462043,0.4723424424631692,0.1661239571105378,0.0
2018-02-15,0.24157536143036168,0,CALM,0.0006933420964578,0.9665085948479384,0.0,0,0.0,1.0976317513042553,0.45493350385804593,0.2281192181964198,0.026069565508549424
2018-02-16,0.21133385455637052,0,CALM,0.0005744621772045,0.7793966533794567,0.0,0,0.0,1.0759498851693217,0.4227802998413827,0.3411375945187926,0.13032878352039787
2018-02-19,0.24775409210846638,0,CALM,0.0004868603379203,0.9711174670147664,0.0,0,0.0,1.0710804128154,0.41555909770523974,0.3283472730948095,0.11852973850509009
2018-02-20,0.14724731048899165,0,CALM,0.0003751640726055,0.5633523463991971,0.0,0,0.0,1.0233860074569388,0.3448305019100084,0.169124637694941,0.0
2018-02-21,0.23399558064403875,0,CALM,0.0003055043486099,0.9307657521093468,0.0,0,0.0,1.013238796386177,0.32978265751654695,0.3601610522152975,0.14787788383362238
2018-02-22,0.2198937735158927,0,CALM,0.0002516590378841,0.9396867711432468,0.0,0,0.0,1.0059239273509182,0.3189350452777228,0.1600605028993038,0.0
2018-02-23,0.042868655517708486,0,CALM,0.000206765425122,0.0326697299950113,0.0,0,0.0,1.0355237292788066,0.36283018162425723,0.1843072004329482,0.0
2018-02-26,0.03921229631508887,0,CALM,0.0001852228176189,0.0033922507967438,0.0,0,0.0,1.0503894817353412,0.38487540451335384,0.1337572982320062,0.0
2018-02-27,0.03090849228037272,0,CALM,0.0001477253295087,0.0277200811668515,0.0,0,0.0,0.9616476985675504,0.25327544714625244,0.0949963488011396,0.0
2018-02-28,0.027555718237645663,0,CALM,0.0001188774685855,0.0218207298975123,0.0,0,0.0,0.94704379154009,0.23161852890996826,0.0951455493130753,0.0
2018-03-01,0.07728556824406058,0,CALM,9.664621425191948e-05,0.3135441380413624,0.0,0,0.0,0.8889888859872747,0.14552579082225112,0.1139051058751819,0.0
2018-03-02,0.23882563239133037,0,CALM,0.0001412880993587,0.9998251583618136,0.0,0,0.0,0.8788085281154624,0.1304287912569033,0.4793440969501821,0.2578239956843765
2018-03-05,0.2341897561796661,0,CALM,0.000140621782319,0.9994786026882052,0.0,0,0.0,0.8922267256413673,0.15032735717836596,0.4082734214609843,0.19226144478608695
2018-03-06,0.1974371417111807,0,CALM,0.0001108685655968,0.870918326153077,0.0,0,0.0,0.8889009164974119,0.14539533614011274,0.2940193030433963,0.08686225725154811
2018-03-07,0.02763505884865668,0,CALM,9.119653597919142e-05,0.1380612985733094,0.0,0,0.0,0.7697922482167037,0.0,0.0611223010360326,0.0
2018-03-08,0.20339539496566597,0,CALM,7.794045271064037e-05,0.940344321488254,0.0,0,0.0,0.7599836056003945,0.0,0.3657898688833083,0.15307045554837537
2018-03-09,0.003097687433316557,0,CALM,6.207257514526881e-05,0.0154108464476512,0.0,0,0.0,0.7175051583891447,0.0,0.1438330467062741,0.0
2018-03-12,0.05092609981709698,0,CALM,5.393579104123866e-05,0.2170537153537704,0.0,0,0.0,0.6698865431582087,0.0,0.2811807601014541,0.07501872798582589
2018-03-13,0.05246760216989373,0,CALM,6.037079112475252e-05,0.2622625473605627,0.0,0,0.0,0.688731305079667,0.0,0.0512486524659644,0.0
2018-03-14,0.008795475938513164,0,CALM,5.02707649952879e-05,0.0420136126402195,0.0,0,0.0,0.6891589527098684,0.0,0.2039807267869839,0.003801857192204419
2018-03-15,0.0005775679262385253,0,CALM,4.414519011986096e-05,0.0028326581435428,0.0,0,0.0,0.6501828777665756,0.0,0.1523041178919015,0.0
2018-03-16,0.002199590937268375,0,CALM,4.485451686790033e-05,0.010941886540257,0.0,0,0.0,0.6465776506516268,0.0,0.0882136180154495,0.0
2018-03-19,0.049830207919106834,0,CALM,4.489514579714106e-05,0.211101720877301,0.0,0,0.0,0.6329952849727715,0.0,0.2822297289462738,0.07598639957197346
2018-03-20,0.0017739022393445509,0,CALM,4.337526486644319e-05,0.0088152921156397,0.0,0,0.0,0.6341517757191626,0.0,0.1324430041899258,0.0
2018-03-21,0.0010528327428233277,0,CALM,4.267843595266974e-05,0.0052108156691758,0.0,0,0.0,0.6367662712742057,0.0,0.1117799299925569,0.0
2018-03-22,0.14859348950059478,0,CALM,5.731589873535239e-05,0.7428958026295547,0.0,0,0.0,0.6982318191503345,0.0,0.0682697581594484,0.0
2018-03-23,0.06833051291997101,0,CALM,5.676917557558344e-05,0.3415816031303856,0.0,0,0.0,0.7078101024268021,0.0,0.0864548421358462,0.0
2018-03-26,0.1194173791304663,0,CALM,5.681461351489543e-05,0.5970158773854378,0.0,0,0.0,0.694109091151663,0.0,0.1186870356947263,0.0
2018-03-27,0.010189922406062387,0,CALM,6.675778997306896e-05,0.0508661647928456,0.0,0,0.0,0.5849009476808262,0.0,0.1073492303175526,0.0
2018-03-28,0.19265828059917614,0,CALM,8.190924054597254e-05,0.9559346455186244,0.0,0,0.0,0.6104585762089187,0.0,0.2155871318888636,0.01450874185314751
2018-03-29,0.004355754694395324,0,CALM,8.743886036521428e-05,0.0216694748965201,0.0,0,0.0,0.5803690526502197,0.0,0.0907845105210055,0.0
2018-04-03,0.00735894763399739,0,CALM,0.0001631378068671,0.0356751228245198,0.0,0,0.0,0.5852869312063266,0.0,0.2018447100458183,0.001831386173766539
2018-04-04,0.1912194598421175,0,CALM,0.0052279884373475,0.90757035154064,0.0,0,0.0,0.5844895499920092,0.0,0.2908991518572851,0.08398392424652601
2018-04-05,0.3034656480179131,0,CALM,0.1606066431810657,0.999999365396314,0.0,0,0.0,0.5993064643477138,0.0,0.8861928651207912,0.6331411414338384
2018-04-06,0.028840842608527775,0,CALM,0.1137018980227327,0.002076840514223,0.0,0,0.0,0.6887841503549214,0.0,0.0969023746787234,0.0
2018-04-09,0.026186822383569168,0,CALM,0.0796067717439852,0.0237197640503653,0.0,0,0.0,0.7046411532547171,0.0,0.2165660224578226,0.015411766374998083
2018-04-10,0.014860067871866877,0,CALM,0.0557338039290133,0.0020362577162175,0.0,0,0.0,0.7943587329530585,0.005193653463700512,0.0534386623682858,0.0
2018-04-11,0.016608312285225076,0,CALM,0.039022206208299,0.0023819594314699,0.0,0,0.0,0.8338542574997162,0.06376368846856346,0.0719564704616232,0.0
2018-04-12,0.02850492079030704,0,CALM,0.0273226656198475,0.0736647135164632,0.0,0,0.0,0.8376638358298464,0.06941311682052527,0.1730092599774189,0.0
2018-04-13,0.02652762572854192,0,CALM,0.0191323945452454,0.0657899981855205,0.0,0,0.0,0.8279558657508362,0.055016646489258254,0.2332997854444245,0.030848628062006427
2018-04-16,0.01606782007459438,0,CALM,0.0134036748977745,0.0021857105388755,0.0,0,0.0,0.873662582738958,0.12279759242375654,0.0535323654188942,0.0
2018-04-17,0.1282779046143347,0,CALM,0.0093912085886973,0.5618792989906739,0.0,0,0.0,0.8544169614189825,0.09425722671549319,0.244613167938981,0.0412851999747627
2018-04-18,0.02976962203267055,0,CALM,0.0065839850701238,0.0126448566518589,0.0,0,0.0,0.9074232125088272,0.17286304389209986,0.2899230805151485,0.08308350045557836
2018-04-19,0.026601890469426036,0,CALM,0.0046235276250915,0.0026155073008635,0.0,0,0.0,0.9589191062554764,0.2492290710298046,0.1238628101400696,0.0
2018-04-20,0.03057614900589426,0,CALM,0.0032532057401919,0.0178529567186059,0.0,0,0.0,0.9674787066529784,0.26192256227125105,0.1157384890982887,0.0
2018-04-23,0.0301405795365284,0,CALM,0.002306916427232,0.0166793293657216,0.0,0,0.0,0.9677196334532996,0.2622798455657608,0.020146444879857,0.0
2018-04-24,0.03544325529514845,0,CALM,0.0016244815128395,0.082040908592363,0.0,0,0.0,0.914007543860925,0.1826273025569115,0.2038293684368132,0.0036622294277482447
2018-04-25,0.10816362354157548,0,CALM,0.0011463453811612,0.4475121989100523,0.0,0,0.0,0.8836623520392988,0.13762678749545673,0.2498532736611531,0.04611918664729044
2018-04-26,0.008764026908935362,0,CALM,0.0008121970874549,0.0065810386222264,0.0,0,0.0,0.8397101453452016,0.07244769912626357,0.0638276147590691,0.0
2018-04-27,0.009749367325893847,0,CALM,0.0005767872947164,0.002135834746004,0.0,0,0.0,0.8527465173897143,0.09178003553013946,0.0977726077008067,0.0
2018-04-30,0.01562835779372324,0,CALM,0.0004107154740287,0.0337697346690001,0.0,0,0.0,0.7514087119309693,0.0,0.2949462023202674,0.08771731991416044
2018-05-02,0.06806898170421893,0,CALM,0.0003004253576898,0.25084955856309,0.0,0,0.0,0.7250812974877695,0.0,0.3930735951688385,0.17823963652178484
2018-05-03,0.00055135340653788,0,CALM,0.00021668471813,0.0024859111350269,0.0,0,0.0,0.722052929927019,0.0,0.1560278153912611,0.0
2018-05-04,0.000527635473943425,0,CALM,0.0001627655930629,0.0024347203783885,0.0,0,0.0,0.6303273398713078,0.0,0.1394093180250736,0.0
2018-05-07,0.0065352462508181716,0,CALM,0.0001932212809824,0.0043094749990077,0.0,0,0.0,0.4588990670426826,0.0,0.260835707713457,0.05625045930771031
2018-05-08,0.006042549084162331,0,CALM,0.0002228277339101,0.0024489326755232,0.0,0,0.0,0.4500670046048633,0.0,0.2594482757066088,0.05497055615580165
2018-05-09,0.00044667001051724,0,CALM,0.000186317626422,0.0020004530195587,0.0,0,0.0,0.5463215142693442,0.0,0.1442296778539739,0.0
2018-05-11,0.000437732992462405,0,CALM,0.0001465162115061,0.0020055196979294,0.0,0,0.0,0.5868860417131762,0.0,0.1965181540841649,0.0
2018-05-14,0.005771284768107026,0,CALM,0.0001148242064503,0.0020578558485109,0.0,0,0.0,0.6168702150135666,0.0,0.2576482925987611,0.053310075467922706
2018-05-15,0.0004336032055703076,0,CALM,9.18518132166704e-05,0.0020532012613307,0.0,0,0.0,0.6117997931857735,0.0,0.1964088905866155,0.0
2018-05-16,0.0037452029043010624,0,CALM,8.228095725847652e-05,0.0020620282286933,0.0,0,0.0,0.6204394563809472,0.0,0.2357644436955042,0.03312227019247783
2018-05-17,0.23187058758287876,0,CALM,0.0007124790218887,0.945723075952314,0.0,0,0.0,0.6267726279446217,0.0,0.6610838337565885,0.42547852636943806
2018-05-18,0.0009391579572899501,0,CALM,0.0005231392683274,0.0040418657010405,0.0,0,0.0,0.5985023992228955,0.0,0.1276877792127383,0.0
2018-05-22,0.0005008942697148051,0,CALM,0.0003827609062333,0.0020260202157824,0.0,0,0.0,0.5950181816076734,0.0,0.0894003569907996,0.0
2018-05-23,0.021431643702812194,0,CALM,0.0002811226425503,0.1068068152108731,0.0,0,0.0,0.6588693638860953,0.0,0.134310529981058,0.0
2018-05-24,0.0625076016765464,0,CALM,0.0002080754107732,0.3122779141192655,0.0,0,0.0,0.7345454315425769,0.0,0.1225771036441962,0.0
2018-05-25,0.17841759214566197,0,CALM,0.0001570653962953,0.8774631071774835,0.0,0,0.0,0.8103156639389939,0.028857043610914287,0.1846052341490692,0.0
2018-05-28,0.20931955106174657,0,CALM,0.0001350931744547,0.9580208051189592,0.0,0,0.0,0.9100889218300492,0.17681616744341055,0.1170346821331487,0.0
2018-05-29,0.22524857824508937,0,CALM,0.0001331665893303,0.9853041972787476,0.0,0,0.0,0.9807103462512,0.2815444714200726,0.1564718472200316,0.0
2018-05-30,0.09488889069376391,0,CALM,0.0001328008045332,0.320844424532859,0.0,0,0.0,0.997786795852036,0.30686805586058813,0.074287606109566,0.0
2018-05-31,0.23176859535713823,0,CALM,0.000226554070178,0.9677033484232332,0.0,0,0.0,1.0482568912683166,0.3817128715494705,0.0561741679561562,0.0
2018-06-01,0.17214099077809222,0,CALM,0.0002198560388589,0.6640644012282332,0.0,0,0.0,1.0556870581964493,0.3927314652273087,0.1378996678753232,0.0
2018-06-04,0.08630077111353684,0,CALM,0.0002015123122361,0.2045915797069103,0.0,0,0.0,1.0587569382999416,0.3972839553432424,0.2606041150957911,0.056036815597714985
2018-06-05,0.2498345671458119,0,CALM,0.0002382806492743,0.9956993036989008,0.0,0,0.0,1.0712399918651585,0.4157957460505317,0.2980229533735903,0.09055561638659947
2018-06-06,0.206983628525841,0,CALM,0.0002307229715236,0.8210578568121344,0.0,0,0.0,1.0695565940528502,0.4132993450044453,0.2148669973152076,0.013844419200886844
2018-06-07,0.21316630167521086,0,CALM,0.0002370015767016,0.8545611267829097,0.0,0,0.0,1.0753888153353377,0.421948259244535,0.1720023797919807,0.0
2018-06-08,0.24087872345250366,0,CALM,0.000244392606014,0.9445443668873484,0.0,0,0.0,1.067680775187242,0.4105175924417805,0.3175507049871353,0.10856992679352379
2018-06-11,0.251359820876571,0,CALM,0.0002904884101215,0.9723780327019452,0.0,0,0.0,0.9741947208212716,0.2718821004580498,0.5209808584189587,0.29623382187846575
2018-06-12,0.16794259233549275,0,CALM,0.000217034786307,0.7036781626298674,0.0,0,0.0,0.8876722126180165,0.14357322515278353,0.3385630656542616,0.12795378597664178
2018-06-13,0.0075104518690593675,0,CALM,0.0001582710744177,0.0066994468153559,0.0,0,0.0,0.8321996265671951,0.061309947373837624,0.1991832828155397,0.0
2018-06-14,0.22471412800484167,0,CALM,0.0001560290123021,0.9999216850425156,0.0,0,0.0,0.8488251778789266,0.08596487051969726,0.3743237757067857,0.16094296691293306
2018-06-15,0.0027477576113321602,0,CALM,0.000119231603462,0.0135897485523333,0.0,0,0.0,0.7548752290186799,0.0,0.0713436462566534,0.0
2018-06-18,0.014649751165489807,0,CALM,9.539417202714776e-05,0.0731295131124151,0.0,0,0.0,0.7404969180285748,0.0,0.0740834257571212,0.0
2018-06-19,0.08776890706423388,0,CALM,7.636424647929912e-05,0.4387490800130703,0.0,0,0.0,0.7334201046774258,0.0,0.1747451424698103,0.0
2018-06-20,0.011301265457864057,0,CALM,6.250267850444975e-05,0.0243831174969914,0.0,0,0.0,0.6855051800121124,0.0,0.2693340504637083,0.06409016288839665
2018-06-21,0.09984088313907559,0,CALM,0.0002008024231764,0.4989534126664074,0.0,0,0.0,0.7041250926843384,0.0,0.0854313045632783,0.0
2018-06-22,0.2323154837090891,0,CALM,0.008052880554603,0.964087413296442,0.0,0,0.0,0.7155281093734924,0.0,0.6061994641473798,0.37484780911149945
2018-06-25,0.27683514417866006,0,CALM,0.0613697229833589,0.9999925377349728,0.0,0,0.0,0.7062976115783239,0.0,0.8664648180236499,0.6149420588582581
2018-06-26,0.017954473709186746,0,CALM,0.0433809649980438,0.0266094621494267,0.0,0,0.0,0.684700199089039,0.0,0.2192344663074144,0.01787340029790458
2018-06-27,0.20372207549416776,0,CALM,0.030398830704486,0.9806118390902312,0.0,0,0.0,0.728100957274942,0.0,0.1508759924944176,0.0
2018-06-28,0.13205646407244925,0,CALM,0.021291314320797,0.6336681774612499,0.0,0,0.0,0.740638153184936,0.0,0.1463198938913052,0.0
2018-06-29,0.1757291564445243,0,CALM,0.0149167581962779,0.7939023303022066,0.0,0,0.0,0.7104269621872398,0.0,0.3431606070075819,0.1321950083501349
2018-07-02,0.0969025819714401,0,CALM,0.010451557308832,0.4714484632211604,0.0,0,0.0,0.714075972664363,0.0,0.1979458759448762,0.0
2018-07-03,0.0065360484499030445,0,CALM,0.0073257407630901,0.0235230662956526,0.0,0,0.0,0.6774139257735904,0.0,0.1350598123594041,0.0
2018-07-04,0.002690282941499214,0,CALM,0.0051340324973152,0.0032188247669293,0.0,0,0.0,0.7301896563441475,0.0,0.2081305913323635,0.0076300986378455395
2018-07-05,0.027533196556298548,0,CALM,0.0036094302865777,0.1331541949232706,0.0,0,0.0,0.7370929499532577,0.0,0.0522531870996818,0.0
2018-07-06,0.07493810271299317,0,CALM,0.0025353110323286,0.3173040117678488,0.0,0,0.0,0.7416207984644504,0.0,0.3174041455467609,0.10843472601341257
2018-07-09,0.0011771450952049352,0,CALM,0.0017804966614163,0.0036601046492543,0.0,0,0.0,0.7797796090595902,0.0,0.1695246381659417,0.0
2018-07-10,0.002039025760209204,0,CALM,0.00125331386442,0.0039158844899568,0.0,0,0.0,0.7972121938828276,0.009425203961128439,0.150581125925285,0.0
2018-07-11,0.2364436173011085,0,CALM,0.0010477033035092,0.980295717132916,0.0,0,0.0,0.8041777874046776,0.01975485677843545,0.6133786830851291,0.38147062370804413
2018-07-12,0.0007664678860059851,0,CALM,0.0007455136300425,0.0029004473924768,0.0,0,0.0,0.7811744081197126,0.0,0.0317256478704863,0.0
2018-07-13,0.0006801476582798349,0,CALM,0.0005277984048087,0.0027409902853883,0.0,0,0.0,0.7378563637143444,0.0,0.1786704631088229,0.0
2018-07-16,0.00071089984589952,0,CALM,0.0003751895216176,0.0030855123274756,0.0,0,0.0,0.772463682597172,0.0,0.1736243876836329,0.0
2018-07-17,0.00443710864369855,0,CALM,0.0002701162430882,0.0218478979146325,0.0,0,0.0,0.7658723330324585,0.0,0.1351989372562478,0.0
2018-07-18,0.06798015184170317,0,CALM,0.0002645548084693,0.1550128622758156,0.0,0,0.0,0.8162933988493968,0.037721747826666145,0.5590935045966015,0.3313926590175611
2018-07-19,0.00965490442056522,0,CALM,0.0001933013306103,0.0022337531585891,0.0,0,0.0,0.8526239572815467,0.09159828456194824,0.1176289035041747,0.0
2018-07-20,0.16967100450501083,0,CALM,0.00014480637714,0.814070844687077,0.0,0,0.0,0.8228538539255814,0.04745059907931982,0.2223589615150515,0.020755740653784625
2018-07-23,0.010123865370863162,0,CALM,0.0001077498073592,0.0061721450294779,0.0,0,0.0,0.8418900159225405,0.07568034630556571,0.213891627780363,0.012944642825712121
2018-07-24,0.006523072911588428,0,CALM,9.991768675614638e-05,0.009064504967463,0.0,0,0.0,0.8224501500826109,0.04685192496406792,0.1089513413161471,0.0
2018-07-25,0.006875588527390971,0,CALM,0.0024623837250177,0.0029813486966727,0.0,0,0.0,0.8290486726659473,0.05663722856802006,0.0759436875957517,0.0
2018-07-26,0.37543091715187815,0,CALM,0.3017236686075124,1.0,0.0,0,0.0,0.6988839809806576,0.0,2.1732392393738422,1.0
2018-07-27,0.053846408438621034,0,CALM,0.2137385149332662,0.0020588985265224,0.0,0,0.0,0.6740994388799304,0.0,0.1786597605208983,0.0
2018-07-30,0.09742582822898349,0,CALM,0.1501281080085051,0.1155271728653499,0.0,0,0.0,0.6766352856848614,0.0,0.5986502411514871,0.3678836665378724
2018-07-31,0.026751934533337664,0,CALM,0.1051100881499685,0.0023720624792277,0.0,0,0.0,0.6236834762483348,0.0,0.0825694579101456,0.0
2018-08-02,0.03903435446368835,0,CALM,0.073589804175637,0.0857420913120442,0.0,0,0.0,0.6250549470121083,0.0,0.2376751053102828,0.03488485157370263
2018-08-03,0.01330562627753,0,CALM,0.0515226078315336,0.002124871598233,0.0,0,0.0,0.6317899574342689,0.0,0.1791188174536139,0.0
2018-08-06,0.012037375430427821,0,CALM,0.0360862799529153,0.0060514308975928,0.0,0,0.0,0.5552453922284691,0.0,0.2194315316051589,0.01805519262680436
2018-08-07,0.006740432231973065,0,CALM,0.0252905577777193,0.0020889639377162,0.0,0,0.0,0.5403471314397649,0.0,0.0841693546052828,0.0
2018-08-08,0.0048441404178343195,0,CALM,0.0177259064457348,0.0020633190320031,0.0,0,0.0,0.5443543040904533,0.0,0.1579585892609245,0.0
2018-08-09,0.005654643122685928,0,CALM,0.01242780932211,0.0021237815472739,0.0,0,0.0,0.5538591621521676,0.0,0.2228723547257539,0.021229344827036478
2018-08-10,0.2094199909578916,0,CALM,0.0087195837535884,0.9869752125694788,0.0,0,0.0,0.6940939500021829,0.0,0.3065811391728184,0.09845052505598717
2018-08-13,0.00196779097680612,0,CALM,0.0061119666705888,0.0021989965457946,0.0,0,0.0,0.6946533606094002,0.0,0.1007304818584585,0.0
2018-08-14,0.017722323643553348,0,CALM,0.0042862670796365,0.0832537843682211,0.0,0,0.0,0.7091267382104476,0.0,0.1928176057187993,0.0
2018-08-15,0.20469317610335536,0,CALM,0.0030192213483938,0.9868089401467828,0.0,0,0.0,0.8352043595797572,0.06576582736900337,0.165933571112621,0.0
2018-08-16,0.0072157262279295975,0,CALM,0.0021225362762463,0.0029425467943614,0.0,0,0.0,0.8319675765918633,0.06096582799995742,0.0637492780290498,0.0
2018-08-17,0.02057870634905757,0,CALM,0.001492358539928,0.0899991539062494,0.0,0,0.0,0.8057307708326359,0.02205785932825691,0.1984801661540796,0.0
2018-08-20,0.001086733118492165,0,CALM,0.0010522820475917,0.0041183130329712,0.0,0,0.0,0.7835789825560824,0.0,0.088093193479282,0.0
2018-08-21,0.00603480772314173,0,CALM,0.0007475151091778,0.0292396447292364,0.0,0,0.0,0.7633036066432787,0.0,0.0628982552723838,0.0
2018-08-22,0.0007873891834659001,0,CALM,0.0005312534078376,0.0032728791575325,0.0,0,0.0,0.7530812730583897,0.0,0.080256379776767,0.0
2018-08-23,0.005489450990314942,0,CALM,0.000378352054704,0.0021681469416474,0.0,0,0.0,0.8045690343530146,0.020335057895465174,0.2315964211047846,0.029277277987629444
2018-08-24,0.00526822137817891,0,CALM,0.0002710927754743,0.0023551311274821,0.0,0,0.0,0.8227484025624056,0.04729421958813914,0.1613554307019269,0.0
2018-08-27,0.008930257275971475,0,CALM,0.0001957753108442,0.0087263900133723,0.0,0,0.0,0.8241413105562383,0.049359837677625695,0.2237083153578372,0.02200051677823396
2018-08-28,0.011644969151680905,0,CALM,0.0001437138748647,0.0034304964223315,0.0,0,0.0,0.8225441531086432,0.046991327101106685,0.267326375489275,0.0622380868838776
2018-08-29,0.0030960138474045405,0,CALM,0.0001066596066213,0.0027242500997846,0.0,0,0.0,0.8078799477685906,0.025244989257922956,0.155827376686553,0.0
2018-08-30,0.004047508931315214,0,CALM,8.623793509856444e-05,0.0074894052620733,0.0,0,0.0,0.8079040177667856,0.02528068395125913,0.140810137410026,0.0
2018-08-31,0.2477932218717867,0,CALM,0.0009092933000126,0.9992730150731984,0.0,0,0.0,0.8049003248411424,0.02082634635685775,0.694480204254139,0.45628660896458073
2018-09-03,0.0077185500259298045,0,CALM,0.0007321310203419,0.002372941177649,0.0,0,0.0,0.8235880836576084,0.048539427790928104,0.2237834871082113,0.02206986256221719
2018-09-04,0.21711015508885761,0,CALM,0.0083960870330478,0.9793392046660612,0.0,0,0.0,0.9199454374748142,0.19143292397383413,0.1245716000955932,0.0
2018-09-05,0.39573967939215504,0,CALM,0.3058772609231335,1.0,0.0,0,0.0,0.9208023203456144,0.19270364161371625,1.914201355587386,1.0
2018-09-06,0.07935191901879686,0,CALM,0.2189996742413788,0.0314079987914395,0.0,0,0.0,0.9143964328986582,0.18320400700164263,0.0456780278950293,0.0
2018-09-07,0.10265963945523704,0,CALM,0.1533533179370036,0.2416567761594233,0.0,0,0.0,0.8986815394975919,0.15989954739101478,0.1950945654376153,0.0
2018-09-10,0.04131887924670539,0,CALM,0.1073587590224384,0.0399285713698574,0.0,0,0.0,0.8346439407432219,0.06493475217124307,0.068133905244074,0.0
2018-09-11,0.16186851198916707,0,CALM,0.0751597568278191,0.6528765924241694,0.0,0,0.0,0.836436180043923,0.06759256010730794,0.2621251670415873,0.057439982866476356
2018-09-12,0.020138616328371623,0,CALM,0.0526203881610037,0.0032316234810832,0.0,0,0.0,0.8335900937941735,0.06337194591904058,0.0744721974160241,0.0
2018-09-13,0.04150301635810627,0,CALM,0.0368416223913912,0.1474918695113897,0.0,0,0.0,0.7284870540748339,0.0,0.2301493615863389,0.027942368579805244
2018-09-14,0.0068677783007552,0,CALM,0.0257953702696436,0.0020946786667215,0.0,0,0.0,0.7564098148496903,0.0,0.1486540833326119,0.0
2018-09-17,0.004952816904016465,0,CALM,0.0180635042737477,0.0021847041778977,0.0,0,0.0,0.7638988291957849,0.0,0.1091457961643764,0.0
2018-09-18,0.0044578033510387,0,CALM,0.0126535123007644,0.006472126379238,0.0,0,0.0,0.767066842787691,0.0,0.0665147244851851,0.0
2018-09-19,0.00271999128319432,0,CALM,0.0088636657805284,0.0025203741903111,0.0,0,0.0,0.7534543329058104,0.0,0.1407654359810938,0.0
2018-09-20,0.19777456620370398,0,CALM,0.0062181009026192,0.8993363454281513,0.0,0,0.0,0.7739778405421406,0.0,0.3771256811984894,0.16352771892418894
2018-09-21,0.008761147631982765,0,CALM,0.0043591552969114,0.0132099122653072,0.0,0,0.0,0.7257070624388121,0.0,0.2543785704361305,0.05029376354693474
2018-09-24,0.0012038372533078401,0,CALM,0.0030576203090536,0.0021971608802222,0.0,0,0.0,0.7253096264936099,0.0,0.1807707964547319,0.0
2018-09-25,0.000939459308628565,0,CALM,0.0021523624360589,0.0020068434980692,0.0,0,0.0,0.7502979775472934,0.0,0.01415115582946,0.0
2018-09-26,0.000781626909794615,0,CALM,0.0015189634981687,0.0020094301762622,0.0,0,0.0,0.7456926209699335,0.0,0.0103260120560753,0.0
2018-09-27,0.04789421204511053,0,CALM,0.0010731843884977,0.2381295797399305,0.0,0,0.0,0.7662861492597288,0.0,0.1222404837238234,0.0
2018-09-28,0.10991164232567001,0,CALM,0.0007651842498812,0.5309340323428063,0.0,0,0.0,0.8146842118262756,0.03533539794638446,0.0900743020348602,0.0
2018-10-01,0.00390466147915069,0,CALM,0.0005437165137159,0.0042211403026871,0.0,0,0.0,0.8105773034534263,0.02924504290184295,0.0810538192989514,0.0
2018-10-02,0.017456031567385046,0,CALM,0.0003869807319548,0.0716245651639769,0.0,0,0.0,0.7656741025730784,0.0,0.2327524730543,0.03034373351600965
2018-10-03,0.0005701180374063899,0,CALM,0.0002786735456578,0.0025022482549597,0.0,0,0.0,0.6725074983438849,0.0,0.1539505366962534,0.0
2018-10-04,0.03648821572507853,0,CALM,0.0002128659623986,0.0848071118390508,0.0,0,0.0,0.6729830242263724,0.0,0.41095562139317,0.1947357686666872
2018-10-05,0.13112093103278144,0,CALM,0.0001742262706609,0.5550573799527363,0.0,0,0.0,0.6696395208391265,0.0,0.4173764662510255,0.20065898474568952
2018-10-08,0.11982673737934846,0,CALM,0.0003231123050877,0.4601745937450454,0.0,0,0.0,0.6635458048431132,0.0,0.5002508212534366,0.27711040554067456
2018-10-09,0.18464748736603098,0,CALM,0.0038662764800703,0.902581382090143,0.0,0,0.0,0.7230852164138765,0.0,0.2341646006308961,0.031646418279847766
2018-10-10,0.3756765983833694,0,CALM,0.3027063935355035,0.9999999999974676,0.0,0,0.0,0.7692380452682029,0.0,1.5813487966159794,1.0
2018-10-11,0.22960644096994007,0,CALM,0.2147203848821105,0.858083394330194,0.0,0,0.0,0.8033266111730076,0.018492601820273707,0.2265305875337329,0.024604057013462372
2018-10-12,0.23262610098325898,0,CALM,0.1503634461628052,0.9239273735835392,0.0,0,0.0,0.8599737231966395,0.1024976472584986,0.1373560215874455,0.0
2018-10-15,0.03830350915884548,0,CALM,0.1052651421554071,0.0352035137550513,0.0,0,0.0,0.824212365378023,0.049465208689834395,0.081538674133638,0.0
2018-10-16,0.25147791987314316,0,CALM,0.073748202507933,0.9993987433511604,0.0,0,0.0,0.8278730462054035,0.0548938289363643,0.4998247729060921,0.276717376822914
2018-10-17,0.18594916804870967,0,CALM,0.0516373158968615,0.8180853948057177,0.0,0,0.0,0.8543969840039027,0.09422760113350742,0.1478321696722697,0.0
2018-10-18,0.06536295927364998,0,CALM,0.0361642621447997,0.2413377694990972,0.0,0,0.0,0.8451693172310621,0.08054339837630616,0.0389934588306326,0.0
2018-10-19,0.17157046976528337,0,CALM,0.0253248578650005,0.7726983316146351,0.0,0,0.0,0.8505147162811743,0.08847037777647015,0.2199413640322937,0.018525511984592135
2018-10-22,0.20845461575129615,0,CALM,0.0177482596525647,0.9559429301026384,0.0,0,0.0,0.8773660400233375,0.12828964817627286,0.1206958218208485,0.0
2018-10-23,0.1684627111746434,0,CALM,0.0124329678328498,0.7735741482145302,0.0,0,0.0,0.81774816041836,0.039879091905417295,0.271965103463505,0.0665173038298316
2018-10-24,0.2092402481283008,0,CALM,0.0087219336998894,0.9963103518782286,0.0,0,0.0,0.770670019556351,0.0,0.2843875047459708,0.07797694327682729
2018-10-25,0.10317257655887206,0,CALM,0.0061308522356327,0.5081993174998194,0.0,0,0.0,0.6954698529795227,0.0,0.0570444726148467,0.0
2018-10-26,0.2061473255793277,0,CALM,0.0043132031843736,0.9965807185296464,0.0,0,0.0,0.7394915456665846,0.0,0.2622214576714666,0.057528810773050144
2018-10-29,0.15978338542658954,0,CALM,0.0030294739173395,0.7785087165080481,0.0,0,0.0,0.7363541520744099,0.0,0.2358950307247896,0.033242736456450254
2018-10-30,0.09491527375166309,0,CALM,0.0021318707893979,0.471911530271568,0.0,0,0.0,0.7003307069329461,0.0,0.1752711972116778,0.0
2018-10-31,0.03975245220506437,0,CALM,0.0015034494035306,0.1968829492709086,0.0,0,0.0,0.6772979149791744,0.0,0.1675803776135883,0.0
2018-11-01,0.030986133299545474,0,CALM,0.0010712784230894,0.1411638371740657,0.0,0,0.0,0.5967673339533934,0.0,0.2268031145155698,0.024855462589599826
2018-11-02,0.17596865750987786,0,CALM,0.0008477666640378,0.7943570647347313,0.0,0,0.0,0.5104396309796168,0.0,0.3828983879785686,0.16885302896922108
2018-11-05,0.00391076930611066,0,CALM,0.0006068142556359,0.0026569140888296,0.0,0,0.0,0.601174178149129,0.0,0.2348479744848668,0.032276829244357645
2018-11-06,0.00058111799761341,0,CALM,0.0004438444053286,0.0023507844814063,0.0,0,0.0,0.5905219751146699,0.0,0.0792590031889219,0.0
2018-11-07,0.10217065707952912,0,CALM,0.0003382894353248,0.4271912384272519,0.0,0,0.0,0.6009609024418778,0.0,0.3803242265154158,0.16647837035247526
2018-11-08,0.001896381081923375,0,CALM,0.0002503289385803,0.0091689942363915,0.0,0,0.0,0.6154381116395375,0.0,0.1451816875017461,0.0
2018-11-09,0.06108658343273343,0,CALM,0.0001917428660845,0.2468342954965633,0.0,0,0.0,0.625789357723914,0.0,0.3263832011109017,0.11671788616899641
2018-11-12,0.2099812176191553,0,CALM,0.0001672742499076,0.986481231937454,0.0,0,0.0,0.6312483175240888,0.0,0.3369129163822201,0.12643152669187616
2018-11-13,0.006455048022575091,0,CALM,0.0001264405802689,0.0175491011974089,0.0,0,0.0,0.6522158252173701,0.0,0.2314434650893322,0.02913617638026085
2018-11-14,0.17357435663259263,0,CALM,0.0001069637927728,0.8677380784219971,0.0,0,0.0,0.66547162193333,0.0,0.1893987417509894,0.0
2018-11-15,0.16754617495683188,0,CALM,9.498811101065604e-05,0.8376121396453962,0.0,0,0.0,0.6829844432239817,0.0,0.1390041567031482,0.0
2018-11-16,0.13520346594514024,0,CALM,8.372423637380406e-05,0.6759126744302338,0.0,0,0.0,0.6931795252334036,0.0,0.126530601552416,0.0
2018-11-19,0.06182427159524359,0,CALM,7.450986107545416e-05,0.3090282206498736,0.0,0,0.0,0.6957638943166228,0.0,0.0969297783183545,0.0
2018-11-20,0.03807750597189854,0,CALM,6.932780032887397e-05,0.1903008701090816,0.0,0,0.0,0.6805234139271215,0.0,0.0984228249235147,0.0
2018-11-21,0.2202275819859468,0,CALM,0.0001758335983854,0.9208921934644916,0.0,0,0.0,0.7147602841650312,0.0,0.5901604469053504,0.36005184893452147
2018-11-22,0.009911196012017063,0,CALM,0.0001304041123198,0.0174800673179162,0.0,0,0.0,0.7326889333836972,0.0,0.2690474940642173,0.06382581520353872
2018-11-23,0.004182951541294023,0,CALM,9.828681827329134e-05,0.0207918991836285,0.0,0,0.0,0.7212311618128627,0.0,0.1677422083217696,0.0
2018-11-26,0.0013840653916266134,0,CALM,7.78490162003728e-05,0.0068230156878826,0.0,0,0.0,0.6756885779219016,0.0,0.1251599766116019,0.0
2018-11-27,0.010772873792210067,0,CALM,6.352348141754206e-05,0.0537849646092784,0.0,0,0.0,0.6710029553847414,0.0,0.1958732722460806,0.0
2018-11-28,0.006590800607450809,0,CALM,5.119942301534545e-05,0.0055357969715487,0.0,0,0.0,0.7094748827809592,0.0,0.2591641096679642,0.05470841357387233
2018-11-29,0.03131663864895973,0,CALM,4.375015251705032e-05,0.1237933320835046,0.0,0,0.0,0.7086913627758743,0.0,0.2708301882984168,0.06547034694129543
2018-11-30,0.0027562185516934326,0,CALM,3.725020172204905e-05,0.0137345300063146,0.0,0,0.0,0.7166235136523353,0.0,0.1921093556117757,0.0
2018-12-03,0.17651251441427612,0,CALM,3.855796096257461e-05,0.878872709792663,0.0,0,0.0,0.7332881118670662,0.0,0.2077546891517772,0.00728332965502908
2018-12-04,0.07049643143521155,0,CALM,7.573470491351733e-05,0.200513944385703,0.0,0,0.0,0.7478528209553127,0.0,0.5291253395173526,0.30374708881842566
2018-12-05,0.18974126036269365,0,CALM,8.615372432739052e-05,0.8247805624872349,0.0,0,0.0,0.7405982000284662,0.0,0.4683002766545338,0.24763609434164816
2018-12-06,0.23807557578915567,0,CALM,0.0003002679452264,0.9999988240086052,0.0,0,0.0,0.8640264301916869,0.10850762416826137,0.4941688675429451,0.2714998158430187
2018-12-07,0.2320032895853776,0,CALM,0.0002508585475428,0.9987076379666174,0.0,0,0.0,0.8713849200677296,0.1194199240951457,0.4194486277728079,0.20257054945653832
2018-12-10,0.20314792061576706,0,CALM,0.0001880301040416,0.9325622383296752,0.0,0,0.0,0.8727944352604943,0.12151016989204823,0.2479619932065427,0.044374484346167926
2018-12-11,0.20242900988812051,0,CALM,0.0001455791081734,0.958776301530061,0.0,0,0.0,0.8624822682327634,0.10621770344875091,0.2000284007397996,0.0001558446018985835
2018-12-12,0.2185526592874156,0,CALM,0.0001198276008491,0.99514174423739,0.0,0,0.0,0.8667416022606164,0.11253409868522996,0.2891923864692205,0.08240943671202339
2018-12-13,0.03003866894616414,0,CALM,9.11854212372678e-05,0.0898841325759611,0.0,0,0.0,0.8590410018553567,0.10111446467678159,0.2207548987539098,0.019275996079844454
2018-12-14,0.20521517487048077,0,CALM,7.547582976356774e-05,0.9476294316949602,0.0,0,0.0,0.8307087815161033,0.05909909316107425,0.3056646899855726,0.09760510257940429
2018-12-17,0.01581854912607986,0,CALM,6.285635614716313e-05,0.0669284908619164,0.0,0,0.0,0.807155973312969,0.02417136864659787,0.085398083489007,0.0
2018-12-18,0.03108542204481912,0,CALM,5.114790501299368e-05,0.1537849166275414,0.0,0,0.0,0.7929850312608113,0.00315651743057587,0.180176503472664,0.0
2018-12-19,0.004390909056770265,0,CALM,4.163671231901888e-05,0.0108244424820071,0.0,0,0.0,0.8035813505919952,0.018870368589002016,0.2034212545729994,0.0032857452338888853
2018-12-20,0.13305831342000862,0,CALM,3.7770694865082526e-05,0.6180388266344654,0.0,0,0.0,0.7935404704414903,0.003980208029165363,0.2978877007969167,0.09043084616482723
2018-12-21,0.21376483676901625,0,CALM,4.640601504536512e-05,0.9968986322237596,0.0,0,0.0,0.7995755038330151,0.01292988324058208,0.3416540416884381,0.1308052049644477
2018-12-27,0.21187509102341448,0,CALM,7.340117676755977e-05,0.9969760796280344,0.0,0,0.0,0.8748882822259222,0.12461524803615703,0.1101566806511793,0.0
2018-12-28,0.14361474715371114,0,CALM,6.129190836978294e-05,0.6580545495899169,0.0,0,0.0,0.8656917892801774,0.11097727462177866,0.2095157102443912,0.008907867964574422
2019-01-03,0.03113589834264092,0,CALM,5.458593441282671e-05,0.0992145922082953,0.0,0,0.0,0.8669164124959321,0.11279333417378655,0.140642888195352,0.0
2019-01-04,0.24479392296057795,0,CALM,0.0003859655302063,0.9999980955578917,0.0,0,0.0,0.8699982817536892,0.11736360365062325,0.5571659793965476,0.3296145210138569
2019-01-07,0.1685656610414266,0,CALM,0.0002866224997026,0.790869106266974,0.0,0,0.0,0.8604485825018261,0.10320184163106126,0.1522550827238138,0.0
2019-01-08,0.18458452740856213,0,CALM,0.0002144208197675,0.8862296111092917,0.0,0,0.0,0.839981428721236,0.07284999981761921,0.1468324992995924,0.0
2019-01-09,0.07766751516989441,0,CALM,0.0001581850974556,0.3076870186656586,0.0,0,0.0,0.852489643270425,0.09139910309966003,0.2752054843933124,0.06950654852432776
2019-01-10,0.12438552883722928,0,CALM,0.0001190513238806,0.591978044039752,0.0,0,0.0,0.7636084295846307,0.0,0.2644683583381853,0.0596015719830873
2019-01-11,0.007890099608077015,0,CALM,9.118020635198332e-05,0.0393365227824451,0.0,0,0.0,0.7513097433954126,0.0,0.1279825645415085,0.0
2019-01-14,0.015758168688076314,0,CALM,7.203057505891935e-05,0.0478185533634091,0.0,0,0.0,0.6855395143894536,0.0,0.2668130050489998,0.06176450371629765
2019-01-15,0.08521585530946221,0,CALM,6.278571093465895e-05,0.4260007944086427,0.0,0,0.0,0.6825466451754849,0.0,0.1691313050805127,0.0
2019-01-16,0.0007976492511796717,0,CALM,5.7135073394206566e-05,0.0039168274141556,0.0,0,0.0,0.7280314604794125,0.0,0.1571624230562051,0.0
2019-01-17,0.011963231721594494,0,CALM,0.0011746116663853,0.0224180480412852,0.0,0,0.0,0.7559938473720447,0.0,0.2777563231226103,0.07185969196741128
2019-01-18,0.31408068558038643,0,CALM,0.1836941211397105,0.9999995625104532,0.0,0,0.0,0.745195572816249,0.0,0.9386930225917008,0.6815724279336816
2019-01-21,0.052754865543111595,0,CALM,0.1308763325849359,0.002017068475695,0.0,0,0.0,0.9232434251202452,0.19632368701738623,0.1609521634469624,0.0
2019-01-22,0.0764372667695947,0,CALM,0.0916487499538033,0.1427743079512261,0.0,0,0.0,0.9334003207852782,0.21138589321593818,0.2413948232784803,0.03831628369304837
2019-01-23,0.2079838215271339,0,CALM,0.0641726066165841,0.850236087325152,0.0,0,0.0,0.938490588112994,0.21893452407957492,0.161712023022777,0.0
2019-01-24,0.044188884810732985,0,CALM,0.0449344526882237,0.0493694493674742,0.0,0,0.0,0.9465011506957326,0.23081381765182218,0.1362592700222121,0.0
2019-01-25,0.21752609196065617,0,CALM,0.0314768805526303,0.855268206971979,0.0,0,0.0,0.931042635093142,0.20788955445087753,0.3929685687089759,0.17814274983014988
2019-01-28,0.034316707160547896,0,CALM,0.0220467511935518,0.0201300538131918,0.0,0,0.0,0.9579487556529686,0.24779008599521582,0.1881559857814952,0.0
2019-01-29,0.047488621507372986,0,CALM,0.0154514037929752,0.1138880611994964,0.0,0,0.0,0.9314418577619896,0.20848158319229904,0.0668335501228569,0.0
2019-01-30,0.019323960449224627,0,CALM,0.0108258172389723,0.0021612341394341,0.0,0,0.0,0.899998536582593,0.16185259311594732,0.1257080779276259,0.0
2019-01-31,0.21194290598975285,0,CALM,0.00759423006857,0.953728216943476,0.0,0,0.0,0.914479395271974,0.1833270363616768,0.2103310470488056,0.009660014477474702
2019-02-01,0.14640359921018475,0,CALM,0.0053297673236562,0.6117399686347067,0.0,0,0.0,0.9146281758563046,0.1835476710825044,0.2472134615467623,0.043683965440789126
2019-02-04,0.07943334485799128,0,CALM,0.0039563501552504,0.3511879010312432,0.0,0,0.0,0.8151293959893768,0.03599558545663382,0.2498012399674679,0.04607118567266652
2019-02-05,0.27178673115540203,0,CALM,0.0337151618590014,0.9999987490508836,0.0,0,0.0,0.819334486096046,0.042231539468467715,0.8408911134120126,0.5913503693362817
2019-02-06,0.008392016503079499,0,CALM,0.0247632837842076,0.0032329244899679,0.0,0,0.0,0.8013397014047142,0.015546106590340189,0.1693165979902447,0.0
2019-02-07,0.26488902845722506,0,CALM,0.0242630501454297,0.9999966012966076,0.0,0,0.0,0.8352110286195847,0.06577571724641677,0.7662170920863152,0.522463739369044
2019-02-08,0.029322026418690268,0,CALM,0.0170525139129299,0.0948514694041623,0.0,0,0.0,0.8319137735616747,0.0608860405962533,0.1140356754541556,0.0
2019-02-11,0.012746163087962843,0,CALM,0.0119437282288734,0.0173992904820309,0.0,0,0.0,0.8332069283801553,0.06280372934338312,0.1633677691696996,0.0
2019-02-12,0.010962270026925017,0,CALM,0.0083676615508911,0.0039149911975625,0.0,0,0.0,0.8453919577736441,0.08087356399689741,0.1286606323192063,0.0
2019-02-13,0.010034755755114392,0,CALM,0.0058634760556074,0.0079087003360009,0.0,0,0.0,0.8299829227575667,0.058022678215734015,0.2127037071707217,0.011848788524389602
2019-02-14,0.1949135908092634,0,CALM,0.0041203200111165,0.915743547982412,0.0,0,0.0,0.8632444691274315,0.10734801210001867,0.1743828773774016,0.0
2019-02-15,0.25037302000984263,0,CALM,0.0030964076920752,0.9999928128911452,0.0,0,0.0,0.9356453406966678,0.21471515384245213,0.5047798240564407,0.2812884012434956
2019-02-18,0.029291598178776978,0,CALM,0.0021979125231629,0.002033013560757,0.0,0,0.0,0.9819313566679416,0.28335517335834853,0.0677898883050315,0.0
2019-02-19,0.0290817348988576,0,CALM,0.0015461458888932,0.0749807245122846,0.0,0,0.0,0.8700052694653441,0.11737396610360816,0.2211240844700949,0.01961656913816562
2019-02-20,0.01353739127759253,0,CALM,0.0010915586049077,0.006882355675516,0.0,0,0.0,0.8710210387303297,0.11888030491262404,0.0918088784328614,0.0
2019-02-21,0.017893409857061133,0,CALM,0.0007732616601363,0.0024200097944873,0.0,0,0.0,0.9069497526483652,0.17216092483129597,0.1947263233205918,0.0
2019-02-22,0.020549229444932704,0,CALM,0.0005506914962837,0.009683872081651,0.0,0,0.0,0.9154374731712152,0.1847478215453158,0.1634547560373033,0.0
2019-02-25,0.03438527960622321,0,CALM,0.0004024695242904,0.0042513620197382,0.0,0,0.0,0.9670519816419092,0.2612897488291546,0.2790511308168958,0.07305414938287505
2019-02-26,0.052603276599489206,0,CALM,0.0003021650098105,0.1346573048206538,0.0,0,0.0,0.9634598230112372,0.25596274382905815,0.0967945930799755,0.0
2019-02-27,0.03450731991108443,0,CALM,0.0002471201394304,0.0131854501529511,0.0,0,0.0,0.9769682170618236,0.2759950670222256,0.2454849655167829,0.042089431434140484
2019-02-28,0.2681183762174105,0,CALM,0.0015053478979587,0.9999700132670803,0.0,0,0.0,0.9571160405280824,0.24655520800401345,0.6669880546277548,0.430925157891034
2019-03-01,0.09791581622923687,0,CALM,0.0010850679807317,0.3276988133585579,0.0,0,0.0,0.927632143521139,0.20283195329102888,0.3280070813576965,0.11821591233239476
2019-03-04,0.036060554502142905,0,CALM,0.0007755182604977,0.0103178725510158,0.0,0,0.0,0.9549874803960944,0.24339865184046086,0.3024421893591015,0.09463235242769236
2019-03-05,0.025478298896029247,0,CALM,0.0005585128629308,0.0042274186344727,0.0,0,0.0,0.956021374896009,0.24493186953402005,0.0940461324912382,0.0
2019-03-06,0.036564313648487834,0,CALM,0.00040019196849,0.0845710948247649,0.0,0,0.0,0.909278517730948,0.17561437567086768,0.2214162500098059,0.01988609124325577
2019-03-07,0.1640648906539084,0,CALM,0.0002937602591537,0.7220920577985818,0.0,0,0.0,0.9228433474132984,0.1957303902940359,0.1844796149755882,0.0
2019-03-08,0.013580984951145111,0,CALM,0.0002132589826068,0.0062090805137359,0.0,0,0.0,0.8737036822034461,0.12285854102746231,0.1477362662960864,0.0
2019-03-11,0.01116881327467542,0,CALM,0.0001599150517298,0.0024449448725397,0.0,0,0.0,0.8626041546553135,0.10639845537235028,0.0507266037946752,0.0
2019-03-12,0.02959976394973363,0,CALM,0.0001207538843147,0.0892975798976097,0.0,0,0.0,0.8698209271566119,0.11710059499133015,0.1422436696273628,0.0
2019-03-13,0.11294988184110868,0,CALM,9.530832492027492e-05,0.4424568580853908,0.0,0,0.0,0.8680189210664547,0.11442830335852006,0.3406928721640329,0.12991852806948445
2019-03-14,0.013695994440979704,0,CALM,7.47911253005179e-05,0.0139885023424405,0.0,0,0.0,0.8642208649469567,0.10879596191166473,0.1268806029100415,0.0
2019-03-15,0.21398510615859806,0,CALM,6.618935050477471e-05,0.970415444853464,0.0,0,0.0,0.8369963103701643,0.06842320745765483,0.341248930839008,0.13043149104513582
2019-03-18,0.00041484111075346423,0,CALM,5.429793650841652e-05,0.0020063331331318,0.0,0,0.0,0.7680253892920947,0.0,0.1850676752238002,0.0
2019-03-19,0.00225452111000349,0,CALM,0.0001048328232062,0.0111415645210097,0.0,0,0.0,0.7361118196989166,0.0,0.080299268925756,0.0
2019-03-20,0.2564846266550485,0,CALM,0.0065787131250862,0.9989197234802416,0.0,0,0.0,0.7374810910835121,0.0,0.796673851443451,0.5505600367772864
2019-03-21,0.013000444921736007,0,CALM,0.0046574941665934,0.0432700603628531,0.0,0,0.0,0.7401327091385702,0.0,0.2343534084211234,0.03182059307517037
2019-03-22,0.23807522503563172,0,CALM,0.0034083559885707,0.99998798540199,0.0,0,0.0,0.8494610594644052,0.08690785348163842,0.5091799801234205,0.28534753609927205
2019-03-25,0.02977054160822047,0,CALM,0.0023947345208166,0.1023047615502028,0.0,0,0.0,0.8495967367924028,0.08710905667975764,0.1594116180514191,0.0
2019-03-26,0.003489068579006948,0,CALM,0.0016848100593645,0.0099665103792095,0.0,0,0.0,0.7981026032768067,0.010745639883239226,0.0816860777048495,0.0
2019-03-27,0.10203983924064797,0,CALM,0.0011872884819866,0.4899944490409019,0.0,0,0.0,0.8075102450067249,0.024696737172340652,0.2136747092679034,0.012744535947368544
2019-03-28,0.0076100547800947455,0,CALM,0.0008375018296187,0.0161081875033856,0.0,0,0.0,0.7878074453978823,0.0,0.2451608312235196,0.0417904182201295
2019-03-29,0.18333988099316978,0,CALM,0.0006741923811499,0.7435532366905879,0.0,0,0.0,0.7716666697249331,0.0,0.5734178691023497,0.3446068555976473
2019-04-01,0.1790156647560317,0,CALM,0.0005147132390583,0.805147617127167,0.0,0,0.0,0.7741527101727068,0.0,0.3934367327719623,0.1785746302083371
2019-04-02,0.00100911103054685,0,CALM,0.0023566771120318,0.0020997087626945,0.0,0,0.0,0.7585488614181747,0.0,0.1059046688450566,0.0
2019-04-03,0.3754124184723173,0,CALM,0.3016496739784223,0.9999999998885588,0.0,0,0.0,0.7470203514648497,0.0,1.6631407661604798,1.0
2019-04-04,0.05389233126736906,0,CALM,0.2128818947787043,0.0033592878634649,0.0,0,0.0,0.7544446988452937,0.0,0.1535471211514279,0.0
2019-04-05,0.037805435009159685,0,CALM,0.149034139567482,0.002059231828448,0.0,0,0.0,0.7917672050457315,0.00135053751599588,0.1720830179761112,0.0
2019-04-08,0.037718448045766954,0,CALM,0.1043357925510498,0.0020043191248886,0.0,0,0.0,0.8666082617170464,0.11233636083026786,0.0747159621583853,0.0
2019-04-09,0.033479705032942564,0,CALM,0.0730480555296965,0.0201653581555183,0.0,0,0.0,0.8662777283835474,0.11184619519414778,0.0477165282870272,0.0
2019-04-10,0.030322074171975875,0,CALM,0.0511413759812928,0.004274837476478,0.0,0,0.0,0.8820232117693272,0.13519601833636627,0.234137706475491,0.03162160847720446
2019-04-11,0.05801340147762144,0,CALM,0.0358077595540496,0.1747296644014294,0.0,0,0.0,0.886041724738457,0.14115528708823163,0.1873728343716748,0.0
2019-04-12,0.02199676635162253,0,CALM,0.0250786637716272,0.007684491669123,0.0,0,0.0,0.8865452695566006,0.1419020207489113,0.0462405770010205,0.0
2019-04-15,0.0255197957423606,0,CALM,0.017567193533993,0.0020710119331571,0.0,0,0.0,0.9226247908570104,0.195406281036107,0.2125767477114098,0.011731668686202316
2019-04-16,0.031795212168078575,0,CALM,0.0123098588263561,0.0042453008670772,0.0,0,0.0,0.8900940521082762,0.1471647010313504,0.3424312433091519,0.13152217184939066
2019-04-17,0.017506378948915456,0,CALM,0.0086247324169595,0.0096140850852498,0.0,0,0.0,0.881401324485604,0.1342737882762562,0.158519323312522,0.0
2019-04-18,0.0419512934366424,0,CALM,0.0060526176175657,0.1212505573497158,0.0,0,0.0,0.9000172037242433,0.1618802756230782,0.0699708057971783,0.0
2019-04-23,0.01814553020330359,0,CALM,0.0042473482428932,0.0028598331150775,0.0,0,0.0,0.9022000025071036,0.16511726519564787,0.0930047379703788,0.0
2019-04-24,0.001492539023462175,0,CALM,0.0029790712233299,0.0037388560881485,0.0,0,0.0,0.7423608370383518,0.0,0.1771359472695098,0.0
2019-04-25,0.01317502763276303,0,CALM,0.0020930568058501,0.0098849007169463,0.0,0,0.0,0.7269826547754181,0.0,0.3155755309963785,0.10674783287911245
2019-04-26,0.00078107930775225,0,CALM,0.0014723399939162,0.002064971546366,0.0,0,0.0,0.7220064436768139,0.0,0.1138144009098954,0.0
2019-04-29,0.0012497394534408748,0,CALM,0.0010386797691671,0.0049503475557455,0.0,0,0.0,0.6792808569953376,0.0,0.1449123807393469,0.0
2019-04-30,0.00074981545848877,0,CALM,0.000736550760807,0.0028283888414351,0.0,0,0.0,0.6836846464661149,0.0,0.086820029893658,0.0
2019-05-02,0.00062975689529552,0,CALM,0.000523057888042,0.0024949621164251,0.0,0,0.0,0.6836282783650465,0.0,0.1471163867489228,0.0
2019-05-03,0.0005037598627025,0,CALM,0.0003788722187,0.0020452090401375,0.0,0,0.0,0.6550607887998978,0.0,0.051674884764541,0.0
2019-05-06,0.2025172242094099,0,CALM,0.0002799376438936,0.9860971699104476,0.0,0,0.0,0.7910245886465709,0.0002492717651728875,0.2562593582387103,0.052028786398297173
2019-05-07,0.23521125030007514,0,CALM,0.0002428199138473,0.9997696729523388,0.0,0,0.0,0.9033886086614634,0.1668799131125177,0.4004953545760632,0.18508619419893801
2019-05-08,0.02699366029976249,0,CALM,0.0001951326480503,0.0431376417810498,0.0,0,0.0,0.9143758528995288,0.18317348781539952,0.0744218841155428,0.0
2019-05-09,0.2607883424562848,0,CALM,0.0008669476075405,0.999938012953268,0.0,0,0.0,0.9189355761062152,0.1899353463017355,0.65070566081928,0.415904683335725
2019-05-10,0.15606713529701055,0,CALM,0.0006231225855043,0.6965160875794777,0.0,0,0.0,0.8681182443885446,0.1145755952483829,0.2556924081315357,0.05150577609900606
2019-05-13,0.2202405013176199,0,CALM,0.0004585505328492,0.9854479860093558,0.0,0,0.0,0.9144038703241656,0.18321503635945754,0.2509681182446684,0.04714762846590683
2019-05-14,0.25312490465617465,0,CALM,0.0005743833856521,0.998653743153182,0.0,0,0.0,0.8959037865303774,0.1557802682982047,0.6082347255003295,0.3767253334930479
2019-05-15,0.2232059437236239,0,CALM,0.0004367248211673,0.9911451961255976,0.0,0,0.0,0.9489149594382364,0.23439338430313936,0.2153433446485092,0.014283848628986186
2019-05-16,0.2468682771186044,0,CALM,0.000424652654046,0.9999193936148868,0.0,0,0.0,1.0309203195868548,0.3560035381021329,0.3210291815530148,0.11177881421902246
2019-05-17,0.16192805872448315,0,CALM,0.0003121634307361,0.6725480231636349,0.0,0,0.0,0.9352711830907408,0.21416029542930215,0.2640805687717137,0.0592438369114193
2019-05-20,0.20465378713020518,0,CALM,0.000236022062279,0.951366204230348,0.0,0,0.0,0.8874309256091407,0.1432154076856581,0.1548813388620085,0.0
2019-05-21,0.014814389641434621,0,CALM,0.0001782759556112,0.0032057723189132,0.0,0,0.0,0.8861303146907861,0.1412866618874918,0.044983951745645,0.0
2019-05-22,0.13509783945987913,0,CALM,0.0001725317130718,0.5917976347279271,0.0,0,0.0,0.885271363846523,0.1400128775386725,0.2290616081860453,0.026938918321584807
2019-05-23,0.2625159191501412,0,CALM,0.0042005723328233,0.999988662334072,0.0,0,0.0,0.8617940855232227,0.10519716034038107,0.7521460971163811,0.5094832756608287
2019-05-24,0.014203087794879169,0,CALM,0.002982415592619,0.0330406255239497,0.0,0,0.0,0.8370437700182941,0.06849358791934478,0.1052848990231951,0.0
2019-05-27,0.015931056151147777,0,CALM,0.0020946054536125,0.0720897940698678,0.0,0,0.0,0.7975286270733001,0.009894459737710897,0.1775925942373013,0.0
2019-05-28,0.0016964783674445752,0,CALM,0.0014749569549295,0.006638695643561,0.0,0,0.0,0.7318964307572671,0.0,0.0846470605321383,0.0
2019-05-29,0.10578020642414973,0,CALM,0.0010417050366663,0.4994015133627443,0.0,0,0.0,0.7167182448761278,0.0,0.2609921477576162,0.056394774924342916
2019-05-31,0.2054290170829145,0,CALM,0.0007491407981461,0.99577967676725,0.0,0,0.0,0.7443990725763464,0.0,0.2658303053710339,0.06085796529927973
2019-06-03,0.13670750730387032,0,CALM,0.0005392457273631,0.6828634793601478,0.0,0,0.0,0.7030354532968699,0.0,0.1463527168416883,0.0
2019-06-04,0.11009736394061859,0,CALM,0.0004075484906551,0.549977384089774,0.0,0,0.0,0.6492103181222644,0.0,0.0768128674250758,0.0
2019-06-05,0.0026807898678214504,0,CALM,0.0002936610957445,0.0104913780591851,0.0,0,0.0,0.6647590751507289,0.0,0.2053781636687346,0.005090989820483053
2019-06-06,0.07426358863764061,0,CALM,0.0002193570419918,0.3588013668505492,0.0,0,0.0,0.6401180284435776,0.0,0.2264012680637585,0.02448476007032827
2019-06-07,0.03151417369588973,0,CALM,0.0001695099722089,0.1573589810141875,0.0,0,0.0,0.6302918581687867,0.0,0.1522524752860891,0.0
2019-06-11,0.005385956118827405,0,CALM,0.0001275969762109,0.0161435983236952,0.0,0,0.0,0.6540988521051885,0.0,0.2228984006089847,0.021253372100356396
2019-06-12,0.0004891172283910146,0,CALM,9.603663079685834e-05,0.002325540353459,0.0,0,0.0,0.7218011090338629,0.0,0.1308535210408201,0.0
2019-06-13,0.001779477870400604,0,CALM,7.35145403319363e-05,0.0088054961765881,0.0,0,0.0,0.7341664904869143,0.0,0.1720713106485082,0.0
2019-06-14,0.008684614780162775,0,CALM,5.7605570903199445e-05,0.0277810865417774,0.0,0,0.0,0.7507350353521494,0.0,0.2336155939897731,0.03113996079081494
2019-06-17,0.004414350937813124,0,CALM,4.639573685601335e-05,0.0026380819816544,0.0,0,0.0,0.8083111152181061,0.025884390630634024,0.2138074244653367,0.01286696544204838
2019-06-18,0.2131050854176172,0,CALM,6.303718971673486e-05,0.9996612192010884,0.0,0,0.0,0.8400112247123491,0.07289418589344752,0.2634657164367733,0.058676636906255575
2019-06-19,0.02629717545705201,0,CALM,5.583626405371497e-05,0.0032326592691184,0.0,0,0.0,0.930428734772858,0.20697916868790198,0.2533963602490527,0.049387676684247005
2019-06-20,0.07846320705171511,0,CALM,4.995873501439552e-05,0.2601010641878236,0.0,0,0.0,0.911521569580508,0.17894071775277243,0.2923955273638235,0.08536432755119545
2019-06-21,0.17090554548405124,0,CALM,4.604358343606717e-05,0.7541689716338239,0.0,0,0.0,0.8967404890140599,0.15702105935796257,0.2471022177365218,0.043581343256311356
2019-06-24,0.020042243044468836,0,CALM,4.319145994404513e-05,0.0050975003068331,0.0,0,0.0,0.9190597235270584,0.19011945118116202,0.1173277591594779,0.0
2019-06-25,0.03240992160531011,0,CALM,6.371960042335464e-05,0.0020278155899487,0.0,0,0.0,1.006564028644943,0.3198842858721453,0.0784211803219256,0.0
2019-06-26,0.05421190152309651,0,CALM,6.86611640446067e-05,0.0985613157991731,0.0,0,0.0,1.0141102806483415,0.3310750283440532,0.2147643230223642,0.013749702378454033
2019-06-27,0.08373036950069804,0,CALM,9.612454930835896e-05,0.2502329659465842,0.0,0,0.0,1.0154105754702811,0.33300330538586526,0.2037555654818284,0.003594146354675858
2019-06-28,0.27342148155698126,0,CALM,0.00109983080601,0.9994942794889222,0.0,0,0.0,1.0152902282011973,0.33282483595562257,0.6330873668192136,0.39965184362132056
2019-07-01,0.19659509419204624,0,CALM,0.0008411686148996,0.8134033601039875,0.0,0,0.0,1.018133516003093,0.3370413001752383,0.1492916818352032,0.0
2019-07-02,0.02803815274874283,0,CALM,0.0006192263533377,0.0026790409764395,0.0,0,0.0,0.9752691165848684,0.273475379651205,0.1035943502498126,0.0
2019-07-03,0.2627045926642165,0,CALM,0.001067876706382,0.9986665792368992,0.0,0,0.0,0.930821759217918,0.20756200575030723,0.6545825121452813,0.419481070652104
2019-07-04,0.025384295747197506,0,CALM,0.0007751768043257,0.0020302602329695,0.0,0,0.0,0.9552807044329108,0.24383348951631745,0.2042074463061227,0.004011005478904363
2019-07-05,0.03169484887157803,0,CALM,0.0005572850124573,0.0359402932115425,0.0,0,0.0,0.9551736210136876,0.24367468976155204,0.1301478052842889,0.0
2019-07-08,0.02624035958346593,0,CALM,0.0004031626229595,0.0030370541735129,0.0,0,0.0,0.9539735196019854,0.24189499491005692,0.2144140606007582,0.013426586020177808
2019-07-09,0.055170161438683286,0,CALM,0.0002925008630538,0.1788339158842351,0.0,0,0.0,0.9188794351261385,0.18985209182655008,0.2035997844051489,0.003450438634178062
2019-07-10,0.026380737489006177,0,CALM,0.0002141764425366,0.0384930594559743,0.0,0,0.0,0.9164745880230774,0.18628581487177165,0.1908276015564135,0.0
2019-07-11,0.019196133430541846,0,CALM,0.0001612694475227,0.0042285817871791,0.0,0,0.0,0.9143269702525358,0.18310099711225347,0.0952480033273293,0.0
2019-07-12,0.02728794892667961,0,CALM,0.0001285830110491,0.0021911812813918,0.0,0,0.0,0.960329367196092,0.251320422736256,0.218130774010024,0.016855246440133732
2019-07-15,0.09379930170980147,0,CALM,0.0001054534293881,0.3342014143303505,0.0,0,0.0,0.9658611793160552,0.2595238440916002,0.2104857317265682,0.009802710772243114
2019-07-16,0.0316643931892038,0,CALM,9.274249848831192e-05,0.0341513785231413,0.0,0,0.0,0.9581640237360236,0.24810931859953456,0.078778849779184,0.0
2019-07-17,0.0008417548301659834,0,CALM,7.47963286930537e-05,0.0041152787399636,0.0,0,0.0,0.7708160169334388,0.0,0.048276600880182,0.0
2019-07-18,0.004305391772637852,0,CALM,5.889918743644737e-05,0.0214533348788937,0.0,0,0.0,0.7491621201259654,0.0,0.1668500988274854,0.0
2019-07-19,0.10008543101724694,0,CALM,4.9431107738500895e-05,0.5003653662015616,0.0,0,0.0,0.7866952421833159,0.0,0.1996278612063687,0.0
2019-07-22,0.00045474155656677643,0,CALM,4.302841451022541e-05,0.0022199222646961,0.0,0,0.0,0.761590577320831,0.0,0.0612161255915864,0.0
2019-07-23,0.04577786175515637,0,CALM,3.787577939275486e-05,0.2288419640515409,0.0,0,0.0,0.7886642192572254,0.0,0.1689473215879212,0.0
2019-07-24,0.0029635495664965044,0,CALM,3.2656376793365504e-05,0.002340997868735,0.0,0,0.0,0.750361991790162,0.0,0.2268208884263935,0.024871858985511627
2019-07-25,0.21361929656759157,0,CALM,5.136962505158319e-05,0.9938262285212132,0.0,0,0.0,0.8909352000980242,0.1484120845708603,0.1421329420674897,0.0
2019-07-26,0.017428459779636765,0,CALM,4.745980391412531e-05,0.0022540626095923,0.0,0,0.0,0.9052618363418338,0.16965782306739774,0.0843636110695355,0.0
2019-07-29,0.024837341337917658,0,CALM,4.5356806415324536e-05,0.0318571491119978,0.0,0,0.0,0.900851869619536,0.16311804651650957,0.2230873490249523,0.021427676622633108
2019-07-30,0.2495502896960024,0,CALM,0.0005051850904455,0.999961260968935,0.0,0,0.0,0.9668896507245214,0.2610490195915281,0.452725497354646,0.23326839270451208
2019-07-31,0.030398850454947834,0,CALM,0.0036648638534755,0.0060312155878279,0.0,0,0.0,0.96905004480072,0.26425278402103375,0.2199257734655817,0.01851112971910004
2019-08-02,0.36114719344586854,0,CALM,0.2233183220799237,0.9999999996282004,0.0,0,0.0,1.140019839485119,0.5177930768612992,0.7802217997137945,0.5353830531411754
2019-08-05,0.31253358653467744,0,CALM,0.2019678352534045,0.9998131154310964,0.0,0,0.0,1.082857523076475,0.43302400716434636,0.4034003421166448,0.18776603918672377
2019-08-06,0.2831982106796276,0,CALM,0.148221288405389,0.992998389401302,0.0,0,0.0,1.106667263597826,0.46833275041561806,0.2075552598795659,0.007099356564581272
2019-08-07,0.27003041892224744,0,CALM,0.1054092889762204,0.9946927630180412,0.0,0,0.0,1.0844132850913224,0.43533113022992825,0.2129373358704967,0.012064310515912363
2019-08-08,0.29854013617818936,0,CALM,0.076295417462299,0.999931130032572,0.0,0,0.0,1.0881973022748674,0.44094265258450327,0.5834461299748445,0.35385790547649915
2019-08-09,0.23819371359906455,0,CALM,0.0536518438862905,0.8806947825654189,0.0,0,0.0,1.0816854783219714,0.4312859190369828,0.2596233286214733,0.05513204210709874
2019-08-12,0.25122154541559305,0,CALM,0.0377083288860473,0.9917206859457752,0.0,0,0.0,1.0838550274935723,0.43450326004926193,0.1876014092150523,0.0
2019-08-13,0.2420825198856308,0,CALM,0.0266076916775065,0.9985062618203432,0.0,0,0.0,1.031790143036714,0.3572934460218548,0.1233393555163913,0.0
2019-08-14,0.26466753511718394,0,CALM,0.0194029039953593,0.9999934334467708,0.0,0,0.0,1.0776179803337345,0.425254007768864,0.3873148613678717,0.1729272165210354
2019-08-15,0.2507363118511445,0,CALM,0.0147623067945196,0.9997636399570244,0.0,0,0.0,1.1041172044042378,0.46455113065116865,0.2067743198009058,0.006378940959927985
2019-08-16,0.2853796449950082,0,CALM,0.0134942945135009,0.9999652201711,0.0,0,0.0,1.0915595847989457,0.445928761957449,0.6054988688126636,0.37420151136668034
2019-08-19,0.24772467434041814,0,CALM,0.0097802912994685,0.9774286818047904,0.0,0,0.0,1.0807094626042706,0.42983853289875085,0.273680895736714,0.06810011864717853
2019-08-20,0.13969950444594448,0,CALM,0.0069868293376554,0.4728696009413992,0.0,0,0.0,1.0833732249884325,0.4337887692325078,0.1052775824788571,0.0
2019-08-21,0.26817099032508773,0,CALM,0.0052643275829721,0.999693408295014,0.0,0,0.0,1.0405192576115343,0.37023831894295517,0.5238969916693544,0.29892394876046396
2019-08-22,0.13421469664984093,0,CALM,0.0037478976476316,0.4800863628749167,0.0,0,0.0,1.042114841921716,0.37260449662949674,0.119824640588032,0.0
2019-08-23,0.23862956411624497,0,CALM,0.0026734846215075,0.9996465660371872,0.0,0,0.0,0.954200866137085,0.2422321392997532,0.3495472336914804,0.13808665823455327
2019-08-26,0.08275395767870791,0,CALM,0.0018929545424192,0.309066522846136,0.0,0,0.0,0.9288743882549424,0.2046741447387591,0.069117379812777,0.0
2019-08-27,0.05533598572711508,0,CALM,0.00133654790071,0.2470778847500496,0.0,0,0.0,0.8285263970622704,0.055862718019276614,0.0966648634346773,0.0
2019-08-28,0.17334301470844682,0,CALM,0.0009462966597549,0.8045420387787362,0.0,0,0.0,0.7728156371676188,0.0,0.3320877577797508,0.1219803278776086
2019-08-29,0.2213511956156506,0,CALM,0.0006972489891809,0.9987458094491184,0.0,0,0.0,0.7649165244249988,0.0,0.4321388083902913,0.21427721478531658
2019-08-30,0.002178303894757655,0,CALM,0.0004984603523115,0.0102684440333989,0.0,0,0.0,0.6441689001883584,0.0,0.1594496311037874,0.0
2019-09-02,0.002587480474475898,0,CALM,0.0003557695832284,0.002369975950673,0.0,0,0.0,0.6930185258474316,0.0,0.2218057767838843,0.02024542888534198
2019-09-03,0.0018469026868569798,0,CALM,0.000255407907296,0.0089152535501649,0.0,0,0.0,0.7266564818286071,0.0,0.1776073501715357,0.0
2019-09-04,0.0021319779915509856,0,CALM,0.0001870134135369,0.0104261231908338,0.0,0,0.0,0.7386107478310254,0.0,0.1065995278437536,0.0
2019-09-05,0.2113574280360754,0,CALM,0.0001799085103065,0.906538233995416,0.0,0,0.0,0.7505710094633079,0.0,0.5251155226809322,0.3000480410941559
2019-09-06,0.01231517823381357,0,CALM,0.0001399099146037,0.0020155685548634,0.0,0,0.0,0.8709472437970607,0.11877087044189966,0.0314102830087084,0.0
2019-09-09,0.02837968736230886,0,CALM,0.0001136036876188,0.0028060650556461,0.0,0,0.0,0.971504308564867,0.26789234359714337,0.2107086914938086,0.010008390695606044
2019-09-10,0.040011653892426904,0,CALM,9.660998094721871e-05,0.0429587957781102,0.0,0,0.0,0.9873745238506996,0.29142713837440587,0.2242825901034123,0.022530284041274728
2019-09-11,0.03163347342518928,0,CALM,8.768807680314836e-05,0.0030857489457381,0.0,0,0.0,0.997289011860252,0.30612986523878216,0.2039940533615437,0.003814150929626534
2019-09-12,0.09233231917796773,0,CALM,7.334866512067328e-05,0.3682300822247034,0.0,0,0.0,0.9167401666387064,0.18667965566746889,0.1662308961395677,0.0
2019-09-13,0.011378948361969643,0,CALM,6.051389042340642e-05,0.0023620777481956,0.0,0,0.0,0.8643004908206978,0.10891404339724671,0.1110667790896289,0.0
2019-09-16,0.14628217862255788,0,CALM,0.0001879967657782,0.4792648116871007,0.0,0,0.0,0.8901450732563392,0.147240363032611,0.5863988763652689,0.35658180790432065
2019-09-17,0.01693296227772869,0,CALM,0.0001407755358488,0.0049608353445793,0.0,0,0.0,0.897756467580314,0.15852770855107298,0.2004321524276113,0.0005283046974333241
2019-09-18,0.018761091671183817,0,CALM,0.0001086380465968,0.0025145650467312,0.0,0,0.0,0.913793706401944,0.18231019150188377,0.1319651919732844,0.0
2019-09-19,0.16224576796940238,0,CALM,9.16991713639822e-05,0.6513866820290507,0.0,0,0.0,0.8950892389721641,0.15457233196756248,0.3785945374140561,0.16488273573995
2019-09-20,0.015377817097718252,0,CALM,7.636576792049628e-05,0.0077982706178929,0.0,0,0.0,0.8839077594458212,0.13799071532159546,0.056982317791963,0.0
2019-09-23,0.007335131513424155,0,CALM,6.098589328111145e-05,0.0328631440091359,0.0,0,0.0,0.7958954693259344,0.007472562382766967,0.1239817432328018,0.0
2019-09-24,0.004122213571290893,0,CALM,4.853338358120584e-05,0.003451795405306,0.0,0,0.0,0.7716606693155116,0.0,0.2369296942808387,0.03419721144334391
2019-09-25,0.19365833284377826,0,CALM,4.470577469331056e-05,0.9299503750156868,0.0,0,0.0,0.7859063313961342,0.0,0.2828632419112399,0.07657081396967579
2019-09-26,0.009893988693608536,0,CALM,3.778059772094643e-05,0.0494227177208915,0.0,0,0.0,0.7684704184202398,0.0,0.185909257426358,0.0
2019-09-27,0.0004113161663492051,0,CALM,3.606757163210029e-05,0.0020114963672059,0.0,0,0.0,0.6815822479435202,0.0,0.0850274509794779,0.0
2019-09-30,0.0028096157601463522,0,CALM,3.401840730492797e-05,0.0140055557916006,0.0,0,0.0,0.6804327851538401,0.0,0.1670137371567243,0.0
2019-10-01,0.2066571256120514,0,CALM,0.000113366890935,0.9942188710796585,0.0,0,0.0,0.8094282965588816,0.027541118854580104,0.2543950629743561,0.05030897787927949
2019-10-02,0.27293425626619383,0,CALM,0.0047628165003933,0.9999999611897769,0.0,0,0.0,0.9986335414362132,0.3081237403735735,0.6435589513514478,0.4093118586578273
2019-10-03,0.10128838817420528,0,CALM,0.0034475446460576,0.3433225780416405,0.0,0,0.0,0.997372587530002,0.30625380408904435,0.2121804229930318,0.011366059954583363
2019-10-04,0.12702840194934376,0,CALM,0.0024606738291125,0.4654788493562168,0.0,0,0.0,1.015526108962782,0.33317463620822263,0.0798818714289316,0.0
2019-10-07,0.22003947443265073,0,CALM,0.0017498467639746,0.91756763983025,0.0,0,0.0,0.994383303024122,0.3018208335143137,0.2638856386107288,0.05906401424175678
2019-10-08,0.24246005585705452,0,CALM,0.0012745422513162,0.9971140123351696,0.0,0,0.0,0.9764507055579656,0.2752276214130257,0.3645845559439155,0.15195855685888962
2019-10-09,0.10322024900914824,0,CALM,0.0011003120416111,0.374186696271968,0.0,0,0.0,0.9803960046971616,0.2810783174435185,0.0613006217392353,0.0
2019-10-10,0.20639748432006633,0,CALM,0.0062326391967599,0.9016822594824172,0.0,0,0.0,0.9560866882693646,0.24502872624392913,0.1123609787163608,0.0
2019-10-11,0.34782074495167425,0,CALM,0.2064430450676777,0.999999994590817,0.0,0,0.0,1.016061180027686,0.33396812183377717,0.8807625921106494,0.6281317258321372
2019-10-14,0.252268238748538,0,CALM,0.1489126528871513,0.8876164507685553,0.0,0,0.0,0.981542075567964,0.2827778875034542,0.3000114129507431,0.0923899662269367
2019-10-15,0.1522509966344158,0,CALM,0.1043085525285703,0.5299495788576157,0.0,0,0.0,0.9269628535959684,0.20183942730750049,0.1653135949638161,0.0
2019-10-16,0.03896163432971645,0,CALM,0.073025960849721,0.0074620928982772,0.0,0,0.0,0.920413645884586,0.1921272553763076,0.1976200836745678,0.0
2019-10-17,0.23696944329302355,0,CALM,0.0511368184713472,0.9922966188254314,0.0,0,0.0,0.8708164463060777,0.11857690381622864,0.3501928579600908,0.1386822452847759
2019-10-18,0.025483833408226096,0,CALM,0.0358037640784866,0.0087119091416303,0.0,0,0.0,0.8905933290324419,0.14790510560278386,0.1729162136662143,0.0
2019-10-21,0.023989968957704694,0,CALM,0.0250725438462394,0.0081456752969804,0.0,0,0.0,0.8993743675767186,0.16092697936748765,0.1091241569219368,0.0
2019-10-22,0.029040330304223688,0,CALM,0.0175606064212249,0.0172092699149209,0.0,0,0.0,0.9271841391324732,0.20216758351679057,0.2106081741373746,0.009915663642542248
2019-10-23,0.025121318066270368,0,CALM,0.0123005947308961,0.0356674691747103,0.0,0,0.0,0.8914171240489153,0.1491267554860428,0.1884403863022668,0.0
2019-10-24,0.02699625129186872,0,CALM,0.0086251048178686,0.0022487678416955,0.0,0,0.0,0.955327048208467,0.2439022151906247,0.1242739769557134,0.0
2019-10-25,0.050982265465195534,0,CALM,0.0060513880127516,0.1095822506697128,0.0,0,0.0,0.9631558560441166,0.25551197488475547,0.2215589247504297,0.020017708395895208
2019-10-28,0.024875389036297785,0,CALM,0.0042464165458539,0.0104384938140071,0.0,0,0.0,0.9332341264562514,0.21113943471765406,0.2064951708734486,0.006121426652674814
2019-10-29,0.040789634447198284,0,CALM,0.0029965578970721,0.0060743068736668,0.0,0,0.0,1.0033429082326557,0.31510751337784215,0.2791537578454802,0.07314882260412685
2019-10-30,0.07957762146622625,0,CALM,0.0021116041056257,0.2494751239986735,0.0,0,0.0,0.9569207083566932,0.24626553943403848,0.248945120206473,0.045281416966812725
2019-10-31,0.014752459174545823,0,CALM,0.001489234764216,0.0455639402988617,0.0,0,0.0,0.8263758958419561,0.0526736242371948,0.0667916101585548,0.0
2019-11-01,0.008732282273874403,0,CALM,0.0010491126420844,0.0037254396657432,0.0,0,0.0,0.8429479150845488,0.07724916180204663,0.1507141966239312,0.0
2019-11-04,0.11492430402018869,0,CALM,0.0007436695736439,0.4841834991522111,0.0,0,0.0,0.8319375229116169,0.06092125978307064,0.3278766700598214,0.11809560818028425
2019-11-05,0.013247813290765608,0,CALM,0.0005328496380736,0.0020194297483626,0.0,0,0.0,0.8765686457112388,0.12710714931574688,0.0506712659156726,0.0
2019-11-06,0.011429115752884664,0,CALM,0.0003821324808257,0.002226389971576,0.0,0,0.0,0.8642795886082942,0.10888304638363039,0.0869770677472405,0.0
2019-11-07,0.039690816369068294,0,CALM,0.0002975645794819,0.0024647534365516,0.0,0,0.0,0.9422799848647776,0.22455402408487515,0.3805435776113124,0.1666807212839998
2019-11-08,0.020008547374717505,0,CALM,0.0002169783971996,0.0036736266054454,0.0,0,0.0,0.8964341237002709,0.15656673377654887,0.2384818162743318,0.03562904076673639
2019-11-11,0.003859828699282462,0,CALM,0.0001578456286255,0.0026190372194664,0.0,0,0.0,0.7582479246385503,0.0,0.2355946094819504,0.032965598482328065
2019-11-12,0.0004339356312356201,0,CALM,0.0001175731369488,0.0020227117349921,0.0,0,0.0,0.7495868266798712,0.0,0.1173080255393646,0.0
2019-11-13,0.015096591142629259,0,CALM,8.932340950126379e-05,0.0574937595845094,0.0,0,0.0,0.7177556975517878,0.0,0.2386184485234936,0.03575508373352063
2019-11-14,0.0004197504742439362,0,CALM,6.967291486766465e-05,0.0020116612276351,0.0,0,0.0,0.7447931829885017,0.0,0.1403400158255486,0.0
2019-11-15,0.0004427573488790247,0,CALM,6.039494760729838e-05,0.002138293059886,0.0,0,0.0,0.6385041207259328,0.0,0.0892515039184032,0.0
2019-11-18,0.0022036827507272835,0,CALM,5.115048778633634e-05,0.0075749649626725,0.0,0,0.0,0.648783930790507,0.0,0.2071863320026611,0.006759021362461991
2019-11-19,0.07713901586551451,0,CALM,4.4745972179922725e-05,0.3781697595346197,0.0,0,0.0,0.7152480212706257,0.0,0.2160532931550716,0.014938774655455936
2019-11-20,0.027712881647720043,0,CALM,4.0643083731929664e-05,0.0722383747097308,0.0,0,0.0,0.7194942949210051,0.0,0.3435459206081744,0.13255045934840898
2019-11-21,0.029757248808162544,0,CALM,3.549617309585292e-05,0.1393074763005136,0.0,0,0.0,0.7449853173711894,0.0,0.2203134874298137,0.018868795047858603
2019-11-22,0.055909113112597504,0,CALM,3.3884944949546565e-05,0.2159385061714001,0.0,0,0.0,0.7412559180084005,0.0,0.3376694272724362,0.12712940642080098
2019-11-25,0.006670201936025261,0,CALM,3.094491373058662e-05,0.002099657432121,0.0,0,0.0,0.7722348688504238,0.0,0.2675293627503535,0.062425342211684144
2019-11-26,0.0012145838709742129,0,CALM,2.7566377279163568e-05,0.0022597922524334,0.0,0,0.0,0.7815199653453377,0.0,0.2080517181187337,0.00755733826167742
2019-11-27,0.001730379173806472,0,CALM,2.5525016888771405e-05,0.0021141640464399,0.0,0,0.0,0.7839853463823441,0.0,0.2139642656424098,0.013011651102962991
2019-11-28,0.008334276453653368,0,CALM,2.734323311018224e-05,0.0020065894946631,0.0,0,0.0,0.8386861174519428,0.07092911315373716,0.2088915856406967,0.008332114310694855
2019-11-29,0.010926044282656835,0,CALM,5.4220029053447615e-05,0.038634512160924,0.0,0,0.0,0.812337861114152,0.03185586843208672,0.1676976762686984,0.0
2019-12-02,0.2406534823438612,0,CALM,0.004563854866058,0.999859167133182,0.0,0,0.0,1.0574911514366938,0.3954068520071028,0.1550090242778133,0.0
2019-12-03,0.24195102865104484,0,CALM,0.0285437705290279,0.933561332522448,0.0,0,0.0,1.1152281812892484,0.48102819514298245,0.0691644290005945,0.0
2019-12-04,0.32013236220675034,0,CALM,0.1377388939384616,0.99998033452756,0.0,0,0.0,1.1469841350425476,0.5281208048574403,0.556385915091763,0.3288949133087895
2019-12-05,0.28578175039453146,0,CALM,0.2440867959296111,0.8536248467460349,0.0,0,0.0,1.155231200083231,0.5403508206292168,0.1911948122725201,0.0
2019-12-06,0.46213380356799094,1,WATCH,0.4708607571507277,0.9999999999967258,0.0,0,0.0,1.0903844846419772,0.44418614280963764,1.6637811275765777,1.0
2019-12-09,0.46374395996522844,1,WATCH,0.6291593064490073,0.9994719833501536,0.0,0,0.0,1.0859293231125318,0.4375793444514165,0.8806393360570448,0.6280180223780424
2019-12-10,0.3962191758520702,0,CALM,0.5270285761858021,0.9998582162017384,0.0,0,0.0,1.1279612530400374,0.4999107512483489,0.3570339455401462,0.14499313440437084
2019-12-11,0.17551768605257725,0,CALM,0.3774157795204411,0.17656527794595,0.0,0,0.0,1.1000413693046516,0.45850685583276984,0.0952592455425167,0.0
2019-12-12,0.2935315452249354,0,CALM,0.265292955363097,0.8981069147642502,0.0,0,0.0,1.1117493398633465,0.47586923431311073,0.1640096000223266,0.0
2019-12-13,0.29930318405825035,0,CALM,0.1859240056595293,0.9945718807934962,0.0,0,0.0,1.074868015805421,0.42117593764486344,0.3276669341107919,0.11790212720182446
2019-12-16,0.277917671763299,0,CALM,0.1303543487090857,0.9381515679273322,0.0,0,0.0,1.0681271223538766,0.41117950463244485,0.3795977587816848,0.1658082053731661
2019-12-17,0.2863471259329747,0,CALM,0.092389982497401,0.9390403171432185,0.0,0,0.0,1.0813014135027224,0.43071636868499347,0.5507538014199003,0.32369930011481357
2019-12-18,0.07611658455513817,0,CALM,0.0660169824254851,0.0407195481495411,0.0,0,0.0,1.0906220687867825,0.4445384691007192,0.2758984675903053,0.0701458240878675
2019-12-19,0.09034131585507689,0,CALM,0.0589621173695081,0.1511961192604411,0.0,0,0.0,1.0918241297038354,0.44632106980796116,0.2077668595239616,0.007294556798155251
2019-12-20,0.35882411697230526,0,CALM,0.2427570085441404,0.999981938638782,0.0,0,0.0,1.08931232076456,0.44259617340039253,0.7839134552062039,0.5387885976847451
2019-12-23,0.14930818883502608,0,CALM,0.3569081581263444,0.0022803796659363,0.0,0,0.0,1.1772699182061868,0.5730332196286007,0.2250275565814984,0.02321751407392669
2019-12-27,0.1735520931912645,0,CALM,0.4400898563138561,0.0444154172026363,0.0,0,0.0,1.143108219931135,0.5223730021289785,0.2259760037194602,0.024092454593753445
2019-12-30,0.43026053692318755,1,WATCH,0.5709578612509093,0.9985997696421204,0.0,0,0.0,1.1189653506536577,0.4865702443499495,0.6241866301352154,0.3914409324704113
2020-01-03,0.47942867239990483,1,WATCH,0.6851499622448476,0.9999999976440164,0.0,0,0.0,1.1792988483081963,0.5760420290686863,0.7476870284240421,0.5053697940302105
2020-01-06,0.3841745908008208,0,CALM,0.5162141092577911,0.9991751114133042,0.0,0,0.0,1.0856861425644282,0.4372187189532515,0.3252165935206111,0.11564169308386972
2020-01-07,0.28173933759704184,0,CALM,0.3636150750242581,0.7256545234619849,0.0,0,0.0,1.085079440605031,0.4363190080263227,0.2223284929433147,0.020727633459480612
2020-01-08,0.18376269220610833,0,CALM,0.2546066147777819,0.4616502599087364,0.0,0,0.0,0.9781919897621092,0.27780986529915563,0.1123759710994808,0.0
2020-01-09,0.07290808616477155,0,CALM,0.1782404851397842,0.0062745129234891,0.0,0,0.0,0.9735531111104148,0.27093062295127684,0.1739868338344856,0.0
2020-01-10,0.07776207375027344,0,CALM,0.124788006434109,0.0410081792491924,0.0,0,0.0,0.9741026033763408,0.27174549455051766,0.3211484817120356,0.11188886836855932
2020-01-13,0.05495544538277365,0,CALM,0.0873673650931911,0.031384246532373,0.0,0,0.0,0.9718247531120064,0.2683675480300127,0.1516909886378662,0.0
2020-01-14,0.2338799399115979,0,CALM,0.0611799183905725,0.9169951278188976,0.0,0,0.0,0.9798790464449862,0.2803116922809588,0.2774180711471198,0.071547655220794
2020-01-15,0.03955478246122086,0,CALM,0.042839419576313,0.0156074951400759,0.0,0,0.0,0.9643172614774842,0.25723428539127424,0.1943940669135016,0.0
2020-01-16,0.03100555566888405,0,CALM,0.0299968095086287,0.0202715799259995,0.0,0,0.0,0.9165887118674332,0.18645505525116993,0.2086023746967757,0.00806531781409978
2020-01-17,0.07479665752384508,0,CALM,0.0210100440988751,0.1989736329541491,0.0,0,0.0,0.9170000761962817,0.18706508951244286,0.3195660837972753,0.11042910957052192
2020-01-20,0.032588316466163336,0,CALM,0.0147258350878219,0.0021049470850457,0.0,0,0.0,0.971867048215554,0.2684302697111083,0.2176680809608771,0.01642841306087887
2020-01-21,0.2225546580609056,0,CALM,0.0103330419402703,0.8995932081317326,0.0,0,0.0,0.949109807488693,0.23468233494417687,0.3796378880615872,0.16584522455073836
2020-01-22,0.03333797531246273,0,CALM,0.0072571026561057,0.0365698262337068,0.0,0,0.0,0.954109969650506,0.2420973440169494,0.0445712710426353,0.0
2020-01-23,0.05780313520713836,0,CALM,0.0051142274789676,0.1606986456949191,0.0,0,0.0,0.9486696222169818,0.23402956055850455,0.2105033151301532,0.009818931425621893
2020-01-24,0.08139682249670348,0,CALM,0.0053961465456872,0.2833514613735046,0.0,0,0.0,0.9484979211723312,0.23377493585580753,0.0907667467080752,0.0
2020-01-27,0.31531391418199384,0,CALM,0.0988421219780525,0.9999999195016877,0.0,0,0.0,1.0018789786096367,0.31293657349923415,0.8427849442623708,0.5930974243721978
2020-01-28,0.17404265342004532,0,CALM,0.0730158178361236,0.6108725506513536,0.0,0,0.0,1.0175270157082008,0.33614188830743696,0.0909786978867147,0.0
2020-01-29,0.03157452660268886,0,CALM,0.0511548241369524,0.0110376227163491,0.0,0,0.0,0.9026489005729668,0.16578296025180944,0.1299465404903509,0.0
2020-01-30,0.03169783998249161,0,CALM,0.0358197886458329,0.0496335261698232,0.0,0,0.0,0.8772798793401279,0.12816187587068742,0.1151928410268634,0.0
2020-01-31,0.2553312454646857,0,CALM,0.0252338912824839,0.9999702252673216,0.0,0,0.0,0.926344958598202,0.20092311762269666,0.5135340518898954,0.2893641582833078
2020-02-03,0.009606236956979186,0,CALM,0.0176721141724125,0.01025125128662,0.0,0,0.0,0.8120166866496301,0.03137958156552061,0.1599420246155002,0.0
2020-02-04,0.2403774735318136,0,CALM,0.0125621789114426,0.9996548968142058,0.0,0,0.0,0.7966477502079328,0.008588160114355136,0.5949512277048402,0.36447133429676254
2020-02-05,0.21855539078574265,0,CALM,0.008813341927711,0.9945237830394662,0.0,0,0.0,0.8488671505732186,0.08602711408278817,0.2957359634026018,0.08844587287642834
2020-02-06,0.03069839976845088,0,CALM,0.0061806226846822,0.0140836672596127,0.0,0,0.0,0.8776644491416903,0.12873217508807636,0.3458033479186481,0.13463293136550153
2020-02-07,0.022662795887997002,0,CALM,0.0043337163063186,0.029201208230806,0.0,0,0.0,0.8637266881416107,0.10806312058040159,0.2533318120151072,0.04932813107215989
2020-02-10,0.03629956802388619,0,CALM,0.0030504504985568,0.0168145738943566,0.0,0,0.0,0.8853000598461477,0.1400554323780323,0.3968083865417212,0.18168497382572435
2020-02-11,0.01829528654625899,0,CALM,0.0021450924754625,0.0063337279058977,0.0,0,0.0,0.900332935547817,0.1623484913050098,0.2026499161721551,0.002574187157128449
2020-02-12,0.20010911269451087,0,CALM,0.001702255532115,0.7233885986456323,0.0,0,0.0,0.9154026835760272,0.1846962301857541,0.5959167868825472,0.36536206063780247
2020-02-13,0.241929440426623,0,CALM,0.0012506318968039,0.9992752871426528,0.0,0,0.0,0.9456608965418694,0.22956775962956164,0.4037076072214741,0.18804949060935314
2020-02-14,0.031599712912267035,0,CALM,0.0009348832911586,0.0020438889880335,0.0,0,0.0,0.9996102425474556,0.3095721429187068,0.0765138461624156,0.0
2020-02-17,0.04870667029258288,0,CALM,0.0016590755799843,0.0021380260624333,0.0,0,0.0,1.0969075135402475,0.45385949277257037,0.2267250725937791,0.024783469078431066
2020-02-18,0.04142104501446948,0,CALM,0.0112476861725665,0.00561685435416,0.0,0,0.0,1.043634126945116,0.37485752600495853,0.1675461448437106,0.0
2020-02-19,0.42073733184884876,1,WATCH,0.3078733803207965,0.9999999368970048,0.0,0,0.0,1.0860039373366055,0.4376899938924866,1.4984317254151205,1.0
2020-02-20,0.4174084335196554,1,WATCH,0.5139390311325049,0.999979551543134,0.0,0,0.0,1.0939242029223208,0.4494353811971962,0.6766543258655506,0.4398422730818272
2020-02-21,0.39878408633171786,0,CALM,0.6484945976087966,0.947763375459936,0.0,0,0.0,1.1085182100736226,0.47107761837531464,0.1952668768725493,0.0
2020-02-24,0.4747214217930679,1,WATCH,0.7529050992007392,0.9999998420209524,0.0,0,0.0,1.221209736068107,0.6381939359330445,0.4456679825882297,0.2267578499538817
2020-02-25,0.5012839177514398,1,WATCH,0.8269894282334047,0.9999998759995976,0.0,0,0.0,1.2932031465612153,0.7449568317573426,0.4171055045895559,0.20040902317434803
2020-02-26,0.5236971638676642,1,WATCH,0.8788923200153125,0.9999999840725676,0.0,0,0.0,1.444345010554111,0.9690932210413091,0.2764424529464559,0.07064764945191615
2020-02-27,0.5288060814083284,1,WATCH,0.9152246169330308,0.9999996358753536,0.0,0,0.0,1.5530834231820354,1.0,0.094911748692552,0.0
2020-02-28,0.5351642949983944,1,WATCH,0.9406572317772696,0.999999935270385,0.0,0,0.0,1.6601408383750211,1.0,0.0926004992721809,0.0
2020-03-02,0.5396150153270272,1,WATCH,0.9584600622435432,0.9999999988307068,0.0,0,0.0,1.7660101888725537,1.0,0.1666849434460786,0.0
2020-03-03,0.5552693364869321,1,WATCH,0.9709220435704802,0.9999999984637522,0.0,0,0.0,1.808522510944296,1.0,0.3357820003722124,0.12538825901561648
2020-03-04,0.5449111623435696,1,WATCH,0.979645430499336,0.9999990235936784,0.0,0,0.0,1.833819054806261,1.0,0.0727756161781114,0.0
2020-03-05,0.546437947752937,1,WATCH,0.9857518013495352,0.999999987077766,0.0,0,0.0,1.873106199693478,1.0,0.1685731422512612,0.0
2020-03-06,0.5724833732140214,1,WATCH,0.9900262609446746,0.9999999999757349,0.0,0,0.0,1.872943994151837,1.0,0.470611377221935,0.24976807982705895
2020-03-09,0.5962990062631435,1,WATCH,0.9930183826612722,1.0,0.0,0,0.0,1.991698675739312,1.0,0.7206672516976328,0.4804441059782532
2020-03-10,0.5487782169652524,1,WATCH,0.9951128678628904,0.999999999997649,0.0,0,0.0,2.008827460762851,1.0,0.1981126315469048,0.0
2020-03-11,0.5537714474903316,1,WATCH,0.9965790075040232,0.999999999789314,0.0,0,0.0,1.9690439128405348,1.0,0.2500134582131337,0.04626695656463061
2020-03-12,0.7876434657232847,2,STRESS,0.9976053052528162,1.0,0.0,1,1.0,2.024338057079642,1.0,1.156415968102917,0.8824213941008069
2020-03-13,0.556863170975514,1,WATCH,0.9983237136769714,1.0,0.0,0,0.0,2.119926304764954,1.0,0.2787999391198006,0.0728224255627105
2020-03-16,0.5513485805505741,1,WATCH,0.99882659957388,1.0,0.0,0,0.0,2.043683204205674,1.0,0.2176582094050089,0.016419306571041847
2020-03-17,0.5497946549236729,1,WATCH,0.9991786197017158,0.9999999999912196,0.0,0,0.0,1.806685363750512,1.0,0.1729178487320643,0.0
2020-03-18,0.5664377782531937,1,WATCH,0.9994250334103046,0.999999999911958,0.0,0,0.0,1.6019070657916783,1.0,0.3796053401635826,0.16581519918226015
2020-03-19,0.5180642425834736,1,WATCH,0.9993006760259306,0.9999985214440348,0.0,0,0.0,1.2510149527694885,0.6823936928818397,0.043863917315924,0.0
2020-03-20,0.49325476816088587,1,WATCH,0.9869831912078788,0.9999994430065946,0.0,0,0.0,1.1044811314222829,0.46509081757597287,0.1495629437924765,0.0
2020-03-23,0.46070659619139953,1,WATCH,0.955155373960438,0.9999996861545468,0.0,0,0.0,0.9386548755220564,0.21917815470380617,0.1813306982414561,0.0
2020-03-24,0.48710540421755055,1,WATCH,0.9247040377317138,0.9999999999278686,0.0,0,0.0,0.9153039676999928,0.1845498391102782,0.6060870517200796,0.3747441088802051
2020-03-25,0.3975192345408197,0,CALM,0.7372215804568277,0.9999995173050856,0.0,0,0.0,0.8799620154949377,0.13213935965595633,0.1644475033605362,0.0
2020-03-26,0.3463759295779634,0,CALM,0.5376459911445076,0.999997171979832,0.0,0,0.0,0.8715400495641056,0.1196499739587016,0.1270260419850054,0.0
2020-03-27,0.3075057993809942,0,CALM,0.3778571837117722,0.9996877500713492,0.0,0,0.0,0.8792203704562862,0.1310395343878127,0.128676888421845,0.0
2020-03-30,0.28565435932837724,0,CALM,0.2648755169663402,0.9999988859553036,0.0,0,0.0,0.8696783594619096,0.11688917369828195,0.2838356465767507,0.07746785525903255
2020-03-31,0.2605985127015564,0,CALM,0.1855121663732804,0.9999434827108497,0.0,0,0.0,0.8868256052855342,0.14231774566066321,0.1872919069011067,0.0
2020-04-01,0.25642870607038576,0,CALM,0.1299203258125085,0.9999529533338396,0.0,0,0.0,0.8941869133401356,0.15323422481592147,0.2934597976540016,0.0863461146889854
2020-04-02,0.23275097448439389,0,CALM,0.0910361025774591,0.999971767604625,0.0,0,0.0,0.8382161439171786,0.070232164152592,0.2321021252766124,0.029743789038449226
2020-04-03,0.1681999538233897,0,CALM,0.064097932564261,0.5889544559296275,0.0,0,0.0,1.0227219901423763,0.3438457949639894,0.078805185773055,0.0
2020-04-06,0.28781712300915197,0,CALM,0.0516499195839969,0.999999972264654,0.0,0,0.0,1.0370018217133905,0.36502212429694486,0.6161469696243387,0.3840243623052742
2020-04-07,0.25016963827098776,0,CALM,0.0380210324547811,0.9999887885257752,0.0,0,0.0,1.0356525953570896,0.36302128405428213,0.2471711579572348,0.04364494046709236
2020-04-08,0.2650524801041172,0,CALM,0.0276813654649571,0.999993137777798,0.0,0,0.0,1.0673497007335455,0.41002662434945125,0.3855601375926429,0.17130848747373148
2020-04-09,0.24867275008962345,0,CALM,0.0201444040761391,0.9999329120496948,0.0,0,0.0,1.0852019384131986,0.43650066660649717,0.1701075477255923,0.0
2020-04-14,0.25344752034347917,0,CALM,0.0147158254665874,0.9995020088084486,0.0,0,0.0,1.0722069990400722,0.417229772936736,0.2881543489105368,0.08145184921468941
2020-04-15,0.26565618584553413,0,CALM,0.0130023958667571,0.9999999863553364,0.0,0,0.0,0.9950058709562264,0.302744072944472,0.548165744679185,0.3213118231333039
2020-04-16,0.21969427453636386,0,CALM,0.0092347904402177,0.996521333613118,0.0,0,0.0,0.912784174245961,0.18081310203685821,0.1343729358051162,0.0
2020-04-17,0.21163347743549293,0,CALM,0.0065069101172136,0.9994609387321792,0.0,0,0.0,0.8590620118979218,0.10114562159753687,0.195473412869529,0.0
2020-04-20,0.22196314886292737,0,CALM,0.0046634360873749,0.9999776870457654,0.0,0,0.0,0.849260603272587,0.08661058622651276,0.331466195641501,0.12140693809279295
2020-04-21,0.24452133458280742,0,CALM,0.0041667558963304,0.9999995174830688,0.0,0,0.0,0.8419375030353721,0.07575076749613725,0.5890708018462525,0.35904665362497307
2020-04-22,0.26206887336185275,0,CALM,0.0035045709858117,0.9992346901704604,0.0,0,0.0,0.9633882875544562,0.2558566600573942,0.5875039822090224,0.3576012657556831
2020-04-23,0.22018968610321288,0,CALM,0.0027634970226421,0.9983489213048516,0.0,0,0.0,0.9245695547380618,0.19829027586582018,0.1979945159605897,0.0
2020-04-24,0.15794128608939875,0,CALM,0.0079216522939769,0.7130253860194574,0.0,0,0.0,0.8809186188239094,0.13355795812013052,0.0727593561406214,0.0
2020-04-27,0.5330658177452072,1,WATCH,0.3055451566057838,1.0,0.0,1,1.0,0.8358985542505116,0.0667952859376126,3.19121750355173,1.0
2020-04-28,0.24901965239583151,0,CALM,0.2210191673743417,0.9688243027612304,0.0,0,0.0,0.7562481337675419,0.0,0.1081507112587155,0.0
2020-04-29,0.2402220272532738,0,CALM,0.1549207122763198,0.9978830990523072,0.0,0,0.0,0.7459632173984956,0.0,0.2206208037725208,0.019152293737324046
2020-04-30,0.2270514237618455,0,CALM,0.1085197326125858,0.9996074530434952,0.0,0,0.0,0.7098313665463732,0.0,0.1740332768837124,0.0
2020-05-04,0.23126140982216162,0,CALM,0.0760215634895963,0.9997323183494624,0.0,0,0.0,0.6921055122026392,0.0,0.3332966763983589,0.12309555279870044
2020-05-05,0.24352381333278605,0,CALM,0.0533691397608731,0.9986734238780908,0.0,0,0.0,0.7201266365299606,0.0,0.5299072896214972,0.30446843616949587
2020-05-06,0.22430900104133003,0,CALM,0.0381424288300947,0.9745916329708884,0.0,0,0.0,0.7322869665612957,0.0,0.415091027677308,0.19855067239628685
2020-05-07,0.2753619755610456,0,CALM,0.061123108800808,0.9999922441196256,0.0,0,0.0,0.7233663111134613,0.0,0.8511644438365648,0.6008274953691842
2020-05-08,0.017484385651948674,0,CALM,0.0430502315038226,0.0136182626358197,0.0,0,0.0,0.8178173875166623,0.039981752488290806,0.1092068954559567,0.0
2020-05-11,0.19915869330372873,0,CALM,0.0301753435215691,0.952582679403253,0.0,0,0.0,0.7982628075641,0.01098321542685834,0.0566262437171182,0.0
2020-05-12,0.028628781346293874,0,CALM,0.0211382337539223,0.0612401127086036,0.0,0,0.0,0.8656814916150118,0.11096200366092578,0.1420435399647108,0.0
2020-05-13,0.2538005323145558,0,CALM,0.0156405354980801,0.9999957803929168,0.0,0,0.0,0.8496328865896056,0.08716266515595561,0.6462016670975518,0.4117497584585685
2020-05-14,0.21795554031765776,0,CALM,0.0110427292451275,0.9999267550902352,0.0,0,0.0,0.8747747923029429,0.1244469477328215,0.2298303945509379,0.027648122150466997
2020-05-15,0.19743380750790213,0,CALM,0.0077616036924097,0.9544323587189322,0.0,0,0.0,0.8219224353306386,0.04606934841013232,0.1554011304740635,0.0
2020-05-18,0.24611657902685916,0,CALM,0.0064054989413629,0.9999999125998076,0.0,0,0.0,0.855099909101343,0.0952700065208378,0.5791364245977284,0.349882211194731
2020-05-19,0.21059030627348002,0,CALM,0.0045548721727459,0.999037116849944,0.0,0,0.0,0.8558899823634466,0.09644164860304753,0.1600188342235469,0.0
2020-05-20,0.20616863868078655,0,CALM,0.0032290178409218,0.9903343375948184,0.0,0,0.0,0.8400456028064383,0.07294516701592438,0.0935899135757377,0.0
2020-05-22,0.23086066937291586,0,CALM,0.0024379461721153,0.9999990084323716,0.0,0,0.0,0.8719706926694533,0.12028859775327914,0.3973940137161332,0.1822252136808478
2020-05-25,0.2361185408668226,0,CALM,0.0018260528402341,0.9998646628384196,0.0,0,0.0,0.8268284712612601,0.053344772638317085,0.5289075497968686,0.3035461782524844
2020-05-26,0.02213282416144685,0,CALM,0.0012906407072033,0.0378392916121635,0.0,0,0.0,0.8868966196133117,0.14242305662213325,0.0924538210468667,0.0
2020-05-27,0.20831343794129129,0,CALM,0.0009249524759244,0.9720201754081618,0.0,0,0.0,0.8830924488265894,0.13678164740677817,0.1342674263460286,0.0
2020-05-28,0.17144003081682815,0,CALM,0.0006637844505979,0.7836865388560672,0.0,0,0.0,0.8888823273734833,0.14536776932965242,0.1708975003896056,0.0
2020-05-29,0.13518421908602102,0,CALM,0.0007756245702107,0.5998489009203892,0.0,0,0.0,0.8921444374465916,0.15020532759390484,0.0762781911174037,0.0
2020-06-02,0.24352712872836915,0,CALM,0.0166967459432483,0.9999778838027024,0.0,0,0.0,0.8845648272879125,0.13896511652156923,0.4758584984601446,0.2546085382985969
2020-06-03,0.31387133948667933,0,CALM,0.1850032694009813,0.9999999946591432,0.0,0,0.0,0.8582572529224048,0.09995220128200667,0.8245253979888524,0.5762530307640467
2020-06-04,0.2695109289033997,0,CALM,0.2702067961715104,0.9725064512778184,0.0,0,0.0,0.8411476122709778,0.07457939604958416,0.1930463307016523,0.0
2020-06-05,0.42087751502676524,1,WATCH,0.489133209687899,0.9999999999736936,0.0,0,0.0,0.8461224958416588,0.08195691814162992,1.17979142857569,0.9039852079588879
2020-06-08,0.26981382276127425,0,CALM,0.3455935572334074,0.8806006643887337,0.0,0,0.0,0.8369316162356879,0.06832726905034449,0.2048738231116205,0.004625736701411595
2020-06-09,0.2557479349961239,0,CALM,0.2421052425454814,0.947921314778198,0.0,0,0.0,0.8288709095142537,0.05637361404113944,0.0174325624029353,0.0
2020-06-10,0.2098310211856359,0,CALM,0.1695164430884003,0.8372595520676791,0.0,0,0.0,0.7432208528114135,0.0,0.0771804676524457,0.0
2020-06-11,0.2653264239276819,0,CALM,0.1193181392204466,0.9999992307567354,0.0,0,0.0,0.758600699490539,0.0,0.5846521210146729,0.35497042971223197
2020-06-12,0.2207886439203181,0,CALM,0.0836167979810411,0.9994222221252892,0.0,0,0.0,0.6983458889391294,0.0,0.1803615733070835,0.0
2020-06-15,0.22166175709831282,0,CALM,0.0585961526423228,0.9999130702247668,0.0,0,0.0,0.7206261547952177,0.0,0.2760667333773234,0.07030104892778749
2020-06-16,0.20986279477036462,0,CALM,0.0410749024707428,0.9979703457633946,0.0,0,0.0,0.7233141501065204,0.0,0.1151087370978231,0.0
2020-06-17,0.035037157778830236,0,CALM,0.0287672230920844,0.1392267600290457,0.0,0,0.0,0.7477771911306624,0.0,0.0621078250995358,0.0
2020-06-18,0.19155809078586353,0,CALM,0.0201514605168617,0.9324761841605438,0.0,0,0.0,0.7247868129917576,0.0,0.2001303452977379,0.00024988824539327995
2020-06-19,0.1934516631990424,0,CALM,0.0141176993901682,0.9046930569934074,0.0,0,0.0,0.7373242190178191,0.0,0.297243171830044,0.08983626952818848
2020-06-22,0.17674654561939873,0,CALM,0.0098953987947315,0.8713634796035793,0.0,0,0.0,0.737237979055272,0.0,0.1830373641653968,0.0
2020-06-23,0.10439718361854196,0,CALM,0.0069550897473876,0.5132920559084753,0.0,0,0.0,0.6893873019427103,0.0,0.1144784600281364,0.0
2020-06-24,0.23906148295543236,0,CALM,0.0056177789596062,0.9999955091268032,0.0,0,0.0,0.6925840116093207,0.0,0.6080764925256248,0.3765793639017015
2020-06-25,0.1990347709737281,0,CALM,0.004023955389619,0.9901439106316168,0.0,0,0.0,0.6135876221563455,0.0,0.1856340753703459,0.0
2020-06-26,0.19416224962709563,0,CALM,0.0028670065382878,0.9672274899626184,0.0,0,0.0,0.6152186349936305,0.0,0.1622666199998879,0.0
2020-06-29,0.1086020487520862,0,CALM,0.0020856506879206,0.5404031804005303,0.0,0,0.0,0.5815074497958016,0.0,0.0479248404194913,0.0
2020-06-30,0.024538314422221486,0,CALM,0.0014770783878633,0.1208452241262783,0.0,0,0.0,0.6124489810264182,0.0,0.1937130248584619,0.0
2020-07-01,0.20047241214667028,0,CALM,0.0010796621485036,0.9884877484702828,0.0,0,0.0,0.6142680358902665,0.0,0.2270134202076873,0.02504946915487792
2020-07-02,0.21398830799561397,0,CALM,0.0008366390429936,0.999094279463602,0.0,0,0.0,0.6058006326302113,0.0,0.3511908852818645,0.1396029234214515
2020-07-03,0.011163778740407025,0,CALM,0.0006184911228969,0.055045779798414,0.0,0,0.0,0.6211098605156924,0.0,0.041650700587177,0.0
2020-07-06,0.09093645491839161,0,CALM,0.0004524692694186,0.4541166880051848,0.0,0,0.0,0.6286914537945941,0.0,0.1638107661617844,0.0
2020-07-07,0.03272146776016063,0,CALM,0.0003262640207034,0.1477201448646641,0.0,0,0.0,0.6749598567631807,0.0,0.2334191350441811,0.030958727820519647
2020-07-08,0.012642664192651311,0,CALM,0.000242798393529,0.0629098229713453,0.0,0,0.0,0.697091807294366,0.0,0.0714040374899239,0.0
2020-07-09,0.11010887706623473,0,CALM,0.0001945833431729,0.5503011561522075,0.0,0,0.0,0.6974909938618089,0.0,0.0623672897456334,0.0
2020-07-10,0.15885793221682867,0,CALM,0.0001543914837901,0.7940966717294056,0.0,0,0.0,0.6747873719142113,0.0,0.158666234873774,0.0
2020-07-13,0.1610959627244156,0,CALM,0.0001263723797105,0.7302372368955052,0.0,0,0.0,0.660305033015698,0.0,0.3626448937504078,0.15016922250386913
2020-07-14,0.2101900802266686,0,CALM,0.0001339436668336,0.9788968800515896,0.0,0,0.0,0.6001751399916158,0.0,0.355710418006311,0.1437721829964227
2020-07-15,0.037374610449777274,0,CALM,0.0001648562527987,0.186666981932888,0.0,0,0.0,0.5337945242824095,0.0,0.0915374164234152,0.0
2020-07-16,0.01999819097093778,0,CALM,0.000137490736624,0.0717846019122587,0.0,0,0.0,0.5708568263973264,0.0,0.260638980697762,0.056068979043300375
2020-07-17,0.00083612516031636,0,CALM,0.0001038402606404,0.0040508254757813,0.0,0,0.0,0.6788590331293927,0.0,0.1741829714026981,0.0
2020-07-20,0.13811309495834243,0,CALM,9.281208211988436e-05,0.6904494596890622,0.0,0,0.0,0.6765201320854143,0.0,0.1200414602401571,0.0
2020-07-21,0.21301945701504912,0,CALM,9.07517177256006e-05,0.987243957267893,0.0,0,0.0,0.6764153266611037,0.0,0.3684016045828992,0.1554797763203911
2020-07-22,0.006344013675165585,0,CALM,7.211083222121796e-05,0.0316299298355514,0.0,0,0.0,0.7063102539282563,0.0,0.1398086400737635,0.0
2020-07-23,0.02417458804145301,0,CALM,5.97653465746752e-05,0.1207982335240467,0.0,0,0.0,0.6926230236185281,0.0,0.1738521454406206,0.0
2020-07-24,0.02928586098052792,0,CALM,5.628558815343167e-05,0.1463589479174478,0.0,0,0.0,0.6504662535635024,0.0,0.1354502748314217,0.0
2020-07-27,0.0010045581023699441,0,CALM,4.606193251237512e-05,0.0043537010716868,0.0,0,0.0,0.6986288629941582,0.0,0.2011852374268672,0.0012230240490449034
2020-07-28,0.020450116800920144,0,CALM,4.094299976403886e-05,0.0946761901208245,0.0,0,0.0,0.6815170921104783,0.0,0.2161699932683069,0.01504643026814234
2020-07-29,0.000715409702352386,0,CALM,3.474131948226345e-05,0.0035336218624091,0.0,0,0.0,0.766692338326059,0.0,0.1961284230185389,0.0
2020-07-30,0.21004062461175063,0,CALM,0.0001079043331364,0.9999203432015497,0.0,0,0.0,0.8584889510497226,0.1002957988815658,0.1446258079818394,0.0
2020-07-31,0.20652596278352534,0,CALM,0.000105006820853,0.9901235143551512,0.0,0,0.0,0.8480060097340089,0.08475008207281831,0.1210833207131106,0.0
2020-08-03,0.2207059013748806,0,CALM,0.0001116425244534,0.99977665136367,0.0,0,0.0,0.8912077077684027,0.14881620083406658,0.2631771162981323,0.05841040387626586
2020-08-04,0.1933547068927056,0,CALM,9.119168665044144e-05,0.890988385341994,0.0,0,0.0,0.889381851983513,0.1461085412077591,0.2055329477542338,0.005233777818682529
2020-08-05,0.19164187208354866,0,CALM,7.550855389993388e-05,0.8469865491944947,0.0,0,0.0,0.8869550387800688,0.1425096895427285,0.2863064448194134,0.07974716151901878
2020-08-06,0.20709016858053533,0,CALM,7.186624306561854e-05,0.9597195357403724,0.0,0,0.0,0.8928711095667886,0.15128294871694425,0.1485253834278779,0.0
2020-08-07,0.11308149694835164,0,CALM,6.071699424287609e-05,0.4944679119876131,0.0,0,0.0,0.8864274858901202,0.14172735302268302,0.1793229997792711,0.0
2020-08-10,0.10198657135484071,0,CALM,5.245526783433725e-05,0.4429382387598626,0.0,0,0.0,0.8811210120174042,0.13385809785909594,0.1817581648168262,0.0
2020-08-11,0.21586272566905382,0,CALM,6.126552933375942e-05,0.9965872245823018,0.0,0,0.0,0.8982048223022534,0.15919259785334222,0.2064795818916454,0.006107045849257792
2020-08-12,0.1851288531413715,0,CALM,6.485162625721589e-05,0.8472311025975332,0.0,0,0.0,0.8964998461670053,0.15666419715300545,0.0904340709185223,0.0
2020-08-13,0.023081071519840464,0,CALM,5.738945705442659e-05,0.0259123181373742,0.0,0,0.0,0.9114554094094222,0.17884260528102014,0.1025666859893774,0.0
2020-08-14,0.21165439475349662,0,CALM,6.736151774579262e-05,0.96499329098823,0.0,0,0.0,0.9165441430544032,0.1863889617641419,0.1113701813629483,0.0
2020-08-17,0.06531702194622714,0,CALM,5.616345678467704e-05,0.248825304529483,0.0,0,0.0,0.887244764790252,0.1429393398069808,0.2133444386150654,0.012439861954362893
2020-08-18,0.20865042511880172,0,CALM,5.595300340488781e-05,0.9739532662876892,0.0,0,0.0,0.8842227529460158,0.13845783610412632,0.1885465889157336,0.0
2020-08-19,0.12806660341112708,0,CALM,5.087087693205163e-05,0.5733391847938286,0.0,0,0.0,0.8811226233098922,0.1338604873312832,0.1506794851484648,0.0
2020-08-20,0.0875108326830424,0,CALM,4.799589018733281e-05,0.3766980453825677,0.0,0,0.0,0.8728497818614893,0.1215922463398202,0.1159261551762032,0.0
2020-08-21,0.21427050734750963,0,CALM,6.632423129668952e-05,0.996109972704168,0.0,0,0.0,0.892221304238295,0.1503193174885185,0.1733152770441617,0.0
2020-08-24,0.2495875029779725,0,CALM,0.0002993441372039,0.9999751350275295,0.0,0,0.0,0.8962853309434039,0.1563460810044133,0.5671560260743148,0.3388303183772428
2020-08-25,0.2206151393348326,0,CALM,0.0002342587528131,0.9957882183348616,0.0,0,0.0,0.8301681197461882,0.058297316778732296,0.368631650300019,0.15569199301783743
2020-08-26,0.02937593189337297,0,CALM,0.0001761397203269,0.1262523247834182,0.0,0,0.0,0.8183788127096375,0.04081432006607607,0.0719752200268347,0.0
2020-08-27,0.06297447075877603,0,CALM,0.0001317585396667,0.2623486984416042,0.0,0,0.0,0.7445222193685087,0.0,0.3133750723703384,0.10471791435538517
2020-08-28,0.01258007605119681,0,CALM,0.0001115968384378,0.0627608842079368,0.0,0,0.0,0.6212422703939909,0.0,0.1127466113820907,0.0
2020-08-31,0.14672782576382337,0,CALM,0.0001483496127804,0.7334536918031413,0.0,0,0.0,0.6249737888563207,0.0,0.0319237241792667,0.0
2020-09-01,0.173034285986536,0,CALM,0.0001427048958903,0.862715949762673,0.0,0,0.0,0.5857196696952146,0.0,0.2047962743183578,0.004554198100288284
2020-09-02,0.13663352159013714,0,CALM,0.0001411777772588,0.6829911357291123,0.0,0,0.0,0.601829983269464,0.0,0.1165147243551636,0.0
2020-09-03,0.19964527193935744,0,CALM,0.0001606492364194,0.9980255481512628,0.0,0,0.0,0.679974630762046,0.0,0.1419772161275822,0.0
2020-09-04,0.19875101822258193,0,CALM,0.0001471463495344,0.9935711581759916,0.0,0,0.0,0.7171740735399338,0.0,0.1547099886980988,0.0
2020-09-07,0.2283284529690487,0,CALM,0.0001838851934752,0.9983747788257636,0.0,0,0.0,0.7035597058264527,0.0,0.5099688414679417,0.28607525905527137
2020-09-08,0.15601116673657292,0,CALM,0.0001866734534613,0.7798224918660378,0.0,0,0.0,0.7037856275823761,0.0,0.0107454104038548,0.0
2020-09-09,0.22878412230202333,0,CALM,0.0002469820483425,0.999785240307286,0.0,0,0.0,0.699311804421809,0.0,0.5116794450164212,0.28765328728480494
2020-09-10,0.009179275910766855,0,CALM,0.0001820782127019,0.0456687817879569,0.0,0,0.0,0.7234924244815883,0.0,0.1354434349743641,0.0
2020-09-11,0.021364367328186428,0,CALM,0.0001357133717247,0.1009202650176569,0.0,0,0.0,0.6945619659849995,0.0,0.2122864393424025,0.011463859817238712
2020-09-14,0.06742404486443689,0,CALM,0.0001037170692941,0.3164759421625725,0.0,0,0.0,0.7077286682482269,0.0,0.2443357382332483,0.041029271645988595
2020-09-15,0.006683577558799038,0,CALM,8.097192567391004e-05,0.0333166728869028,0.0,0,0.0,0.6978174724798685,0.0,0.1533311849698654,0.0
2020-09-16,0.021920743604357164,0,CALM,6.434791990521405e-05,0.1095232831219043,0.0,0,0.0,0.718823791907991,0.0,0.1994046003614986,0.0
2020-09-17,0.1792471486291221,0,CALM,5.728734001289615e-05,0.8682830878613728,0.0,0,0.0,0.7137128958082473,0.0,0.2603063113058224,0.05576209221844308
2020-09-18,0.03259186836924563,0,CALM,8.478203784802285e-05,0.1628533642989181,0.0,0,0.0,0.7146507686019127,0.0,0.1473498135426816,0.0
2020-09-21,0.24403507569429872,0,CALM,0.0039185936712716,0.9999999755316508,0.0,0,0.0,0.7873674873524528,0.0,0.6665860632756118,0.43055432170150665
2020-09-22,0.21282009133625693,0,CALM,0.0028234727766613,0.9626567859906984,0.0,0,0.0,0.7972729901570849,0.009515362022131182,0.4018255507541454,0.1863132974173882
2020-09-23,0.21460507381295493,0,CALM,0.0019992251010929,0.9980305903225004,0.0,0,0.0,0.8009529187512587,0.014972525816007146,0.340801751374759,0.13001896891580905
2020-09-24,0.061158383924742765,0,CALM,0.0014251548810417,0.2963492942262826,0.0,0,0.0,0.8011888248161625,0.015322363592258222,0.1436399908894178,0.0
2020-09-25,0.20197557423533422,0,CALM,0.0029558775442993,0.9944378126115692,0.0,0,0.0,0.771882704474593,0.0,0.2253233937722071,0.023490423269455492
2020-09-28,0.2908329473466764,0,CALM,0.1119866206497689,0.9999999688387256,0.0,0,0.0,0.7760087628649822,0.0,0.8810132792132114,0.6283629841648902
2020-09-29,0.041029456261496025,0,CALM,0.079072793397806,0.085379733406338,0.0,0,0.0,0.8079405510814287,0.025334861166071535,0.2177654666330476,0.016518251141697648
2020-09-30,0.11047605788736231,0,CALM,0.0553659706832668,0.4693884594973897,0.0,0,0.0,0.8094469177172801,0.027568733170676613,0.1597343562062725,0.0
2020-10-01,0.15895589823379838,0,CALM,0.0387689347015217,0.737484138354527,0.0,0,0.0,0.80277080627184,0.01766836887512564,0.1277714005028618,0.0
2020-10-02,0.21187944695334165,0,CALM,0.027153026084708,0.9734033654385112,0.0,0,0.0,0.7317876528284383,0.0,0.3127108530891937,0.10410517344462385
2020-10-05,0.012391042156261835,0,CALM,0.0190132411556673,0.0092601119904799,0.0,0,0.0,0.781877394152684,0.0,0.2625773217979715,0.05785709469249029
2020-10-06,0.15062251148521322,0,CALM,0.0133187333557762,0.7364641407313459,0.0,0,0.0,0.7813269595909603,0.0,0.1971099373121198,0.0
2020-10-07,0.005248400274134901,0,CALM,0.0093291249523252,0.014580595180268,0.0,0,0.0,0.7849375054292749,0.0,0.1778538321119693,0.0
2020-10-08,0.01376496558648182,0,CALM,0.0065371590888472,0.0606533790713501,0.0,0,0.0,0.7792535632831035,0.0,0.1673650264887442,0.0
2020-10-09,0.009653689589015007,0,CALM,0.0045823171093057,0.0046887666934533,0.0,0,0.0,0.841905676171487,0.07570356972997923,0.1827913039991005,0.0
2020-10-12,0.013560407275087286,0,CALM,0.0032165156349818,0.0183767486218661,0.0,0,0.0,0.852091912260703,0.09080928641968618,0.0984982998029714,0.0
2020-10-13,0.02033989511626693,0,CALM,0.0022626926543533,0.0518190476600596,0.0,0,0.0,0.8543137198229172,0.09410412420666686,0.0767476935072442,0.0
2020-10-14,0.01801640575677086,0,CALM,0.001592482741256,0.0102677207412472,0.0,0,0.0,0.895814195692551,0.15564740923207418,0.1829347460561893,0.0
2020-10-15,0.23290518427409915,0,CALM,0.001190495125104,0.9999577207018128,0.0,0,0.0,0.9578147487665416,0.24759135998463588,0.2850290891279149,0.0785688035399699
2020-10-16,0.22600699525258083,0,CALM,0.0008647081770009,0.992239994098326,0.0,0,0.0,0.9641235275647678,0.25694698696494184,0.2177253102068369,0.016481206921712236
2020-10-19,0.2253302533922372,0,CALM,0.0006351405589327,0.9889367561818022,0.0,0,0.0,0.9701467071538484,0.2658790835359413,0.2084904707179768,0.007962086625494585
2020-10-20,0.015389373393379861,0,CALM,0.0004545529964395,0.0129956589153147,0.0,0,0.0,0.8763386212004683,0.12676603361207045,0.1116554895585841,0.0
2020-10-21,0.2413377344036572,0,CALM,0.0004243207154241,0.9999430505960732,0.0,0,0.0,0.8976487851121348,0.15836802043443032,0.475266499648617,0.25406242062143475
2020-10-22,0.21997839753146062,0,CALM,0.0004978743316374,0.994132709151658,0.0,0,0.0,0.891443509722007,0.14916588421807891,0.2661013321746512,0.06110798696411759
2020-10-23,0.17110130839485396,0,CALM,0.009843246126208,0.7592959926822105,0.0,0,0.0,0.9040178057457776,0.16781298326859842,0.0317725120779561,0.0
2020-10-26,0.3919892894958138,0,CALM,0.3068901371072682,0.9999999999861776,0.0,0,0.0,0.8938047890761737,0.15266755221761188,1.3084764107869378,1.0
2020-10-27,0.2849906754939646,0,CALM,0.2240881570013853,0.998045330809996,0.0,0,0.0,0.8583481359186065,0.10008697655920519,0.4096254889645515,0.1935087242569852
2020-10-28,0.2661864585049454,0,CALM,0.1583677884346982,0.9999772094714228,0.0,0,0.0,0.9702219701121604,0.26599069501986256,0.1585927636008665,0.0
2020-10-29,0.25887469632816645,0,CALM,0.1110584996160344,0.9989164506908976,0.0,0,0.0,0.9897642941577848,0.29497105713852334,0.2196933892061975,0.018296755721259616
2020-10-30,0.2388253585539926,0,CALM,0.0785506144024965,0.9496987643301568,0.0,0,0.0,0.988084176812609,0.29247952087337065,0.1612254667744069,0.0
2020-11-02,0.2517502602133026,0,CALM,0.0792184762068169,0.9965930951993228,0.0,0,0.0,1.0108702556458058,0.3262702212173377,0.105130492373264,0.0
2020-11-03,0.39220138624602713,0,CALM,0.3546793793214664,0.9999999989594792,0.0,0,0.0,0.9527489935860548,0.24007907950088966,1.061906208575102,0.7952363367367572
2020-11-04,0.3323373794261687,0,CALM,0.3741610570354313,0.9999770970556,0.0,0,0.0,1.0525079248186264,0.38801695756190874,0.076523674437091,0.0
2020-11-05,0.3248208599970012,0,CALM,0.2769735966235341,0.9996870325222276,0.0,0,0.0,1.0099491004297132,0.32490419066398424,0.4508045824696324,0.23149635270273763
2020-11-06,0.2798372271087945,0,CALM,0.1959217288539922,0.9941959854879516,0.0,0,0.0,0.9869496332530724,0.2907970452825452,0.2317066161564735,0.02937893269451614
2020-11-09,0.2912790712699893,0,CALM,0.1420760348864717,0.999999997631337,0.0,0,0.0,1.0455377554682257,0.37768051900263555,0.3948952520475735,0.17992011121840476
2020-11-10,0.23796037732578046,0,CALM,0.0998546861991198,0.913108863216702,0.0,0,0.0,0.9956837467181892,0.3037493313266009,0.0370210251888307,0.0
2020-11-11,0.08062678463986477,0,CALM,0.0699433124813357,0.1656250735395572,0.0,0,0.0,0.9932629609817588,0.30015941811619395,0.0625283711594613,0.0
2020-11-12,0.052506830345737346,0,CALM,0.048973196483431,0.0946805355863035,0.0,0,0.0,0.9346736901670956,0.2132742410761889,0.1450230462399865,0.0
2020-11-13,0.19894856593567872,0,CALM,0.0342968784459146,0.8478581795751916,0.0,0,0.0,0.9311353889255716,0.20802710409161765,0.1919677529563555,0.0
2020-11-16,0.2233185794302473,0,CALM,0.0240271860176013,0.9719983125499922,0.0,0,0.0,0.933981963911622,0.2122484430532001,0.2181497601395478,0.01687276110528495
2020-11-17,0.10609629104539209,0,CALM,0.0168374278269836,0.354191069586423,0.0,0,0.0,0.9847692085183614,0.28756357631350726,0.2247089773578302,0.02292362540010848
2020-11-18,0.04387674706207627,0,CALM,0.0118092481538512,0.0891445224658325,0.0,0,0.0,0.9465965600472503,0.23095530530446962,0.0522443449679131,0.0
2020-11-19,0.04017647499319604,0,CALM,0.0082979599829341,0.0201390991189384,0.0,0,0.0,1.0206287736193256,0.34074165173674836,0.1045082161252187,0.0
2020-11-20,0.14541842514464395,0,CALM,0.0058716635071885,0.5429118102787392,0.0,0,0.0,1.0293544811175832,0.3536814721209897,0.0747486528765679,0.0
2020-11-23,0.23318131924846217,0,CALM,0.0043013040178851,0.9771602636335128,0.0,0,0.0,1.0314915365289714,0.35685062639072157,0.2105790305918363,0.009888778782161245
2020-11-24,0.2859615763925917,0,CALM,0.0062839881526768,0.99883875745153,0.0,0,0.0,1.0804014207624395,0.42938172110384243,0.6517266649567974,0.41684655753732197
2020-11-25,0.1541853866334393,0,CALM,0.0047960864077217,0.5266215343106394,0.0,0,0.0,1.1114837119824637,0.4754753204593222,0.2011009415036181,0.0011452612344874781
2020-11-26,0.06487341713065688,0,CALM,0.0035140051718367,0.0561876729740661,0.0,0,0.0,1.1168556396081208,0.4834416405092468,0.2476993233195447,0.04413217191959797
2020-11-27,0.06075711414665138,0,CALM,0.002704043499618,0.0509056708420287,0.0,0,0.0,1.1273468979166443,0.49899969103341135,0.0595740855721597,0.0
2020-11-30,0.22470597618094265,0,CALM,0.0022096580613285,0.8721174353569119,0.0,0,0.0,1.1262012484809802,0.4973007459422814,0.078130680484392,0.0
2020-12-01,0.11358215995284737,0,CALM,0.0017478131622818,0.3200000639413558,0.0,0,0.0,1.1222572230351202,0.49145193874005777,0.1943203362265303,0.0
2020-12-02,0.11778596144127053,0,CALM,0.0018150121952486,0.3188479285536138,0.0,0,0.0,1.1331021883635448,0.5075345204047722,0.2303112457794682,0.028091706412583867
2020-12-03,0.05065941930953555,0,CALM,0.005013977447951,0.0518621301577786,0.0,0,0.0,1.026558651761932,0.34953538658072386,0.2440867739160853,0.040799602579196924
2020-12-04,0.333343886325454,0,CALM,0.1365191146554306,0.9999095370628072,0.0,0,0.0,1.0402905273965712,0.3698991226200596,0.8745741273054628,0.6224228798702891
2020-12-07,0.27190156402445587,0,CALM,0.1019913715891073,0.9917314433341072,0.0,0,0.0,1.0219670039140747,0.34272618532904014,0.3492886759725815,0.13784813927453538
2020-12-08,0.023881789183666603,0,CALM,0.0714646721731061,0.0144118511408825,0.0,0,0.0,0.6389820756400565,0.0,0.2338243189369235,0.031332509122135775
2020-12-09,0.04740423604012393,0,CALM,0.0500527709513703,0.1125233726601912,0.0,0,0.0,0.5709654581937896,0.0,0.3341293448306726,0.12386368770243104
2020-12-10,0.021918733534623553,0,CALM,0.0350580102919949,0.0642258923632906,0.0,0,0.0,0.5749546813506421,0.0,0.2032096331283945,0.0030905248896670643
2020-12-11,0.0359863844031315,0,CALM,0.0245636139373003,0.1492274045940321,0.0,0,0.0,0.6066103939794081,0.0,0.1248808106159991,0.0
2020-12-14,0.08012601811689668,0,CALM,0.0172201147772544,0.3101902124763941,0.0,0,0.0,0.5910867780837725,0.0,0.3492684374431268,0.13782946927304254
2020-12-15,0.0034639981311043603,0,CALM,0.0120888567782956,0.0022089196826523,0.0,0,0.0,0.5505996121919897,0.0,0.0481483355194973,0.0
2020-12-16,0.00347168668791129,0,CALM,0.0084886275483746,0.0067476490040882,0.0,0,0.0,0.551865672093888,0.0,0.132155284120853,0.0
2020-12-17,0.004553096343073042,0,CALM,0.0059571902781785,0.002324813133898,0.0,0,0.0,0.5798939603279315,0.0,0.2280311919379597,0.025988361467488157
2020-12-18,0.1387037849317167,0,CALM,0.0041930120162977,0.6493583079700653,0.0,0,0.0,0.6015761511787002,0.0,0.2842376508153533,0.07783870333629216
2020-12-21,0.20040445705433335,0,CALM,0.0029717567955794,0.9983075892771924,0.0,0,0.0,0.7729167714370602,0.0,0.1521478485902165,0.0
2020-12-22,0.22175773355862474,0,CALM,0.0021151771597756,0.9777223831297296,0.0,0,0.0,0.7561896555441182,0.0,0.478282447674847,0.2568446264273492
2020-12-23,0.20852348418565944,0,CALM,0.0015059559411064,0.922535747131451,0.0,0,0.0,0.7497583273997563,0.0,0.4561185294044238,0.2363984577409264
2020-12-28,0.0009603793892603,0,CALM,0.0010606542399128,0.0034760791464105,0.0,0,0.0,0.7616164620329221,0.0,0.1299764596133808,0.0
2020-12-29,0.021026570638880308,0,CALM,0.0007500457260509,0.0569517653397456,0.0,0,0.0,0.727754879186107,0.0,0.3022846919501014,0.09448706139418461
2020-12-30,0.00060272270698922,0,CALM,0.00053144035671,0.0023493130890586,0.0,0,0.0,0.753334162075554,0.0,0.1285100667162647,0.0
2021-01-04,0.19712939496537077,0,CALM,0.0003858307569661,0.976610103180668,0.0,0,0.0,0.791603218669609,0.0011073533096823938,0.2172056409298055,0.01600181309027431
2021-01-05,0.1340294498775546,0,CALM,0.0002792581061297,0.6646647203470325,0.0,0,0.0,0.7977797833121689,0.010266912816156788,0.1922905497579825,0.0
2021-01-06,0.1885197809216931,0,CALM,0.0002101168343396,0.9198653929335444,0.0,0,0.0,0.8211620493982951,0.04494173126399333,0.1436576557939055,0.0
2021-01-07,0.008701591346732176,0,CALM,0.0001538960080767,0.043315586723565,0.0,0,0.0,0.7872093748225197,0.0,0.1570637110727571,0.0
2021-01-08,0.0010923422988051153,0,CALM,0.0001134530620591,0.0053198951664517,0.0,0,0.0,0.78947535667199,0.0,0.185281003845473,0.0
2021-01-11,0.10390608635660134,0,CALM,8.736228893456748e-05,0.5113745451004665,0.0,0,0.0,0.7892214347514542,0.0,0.2173048872800308,0.016093367642743783
2021-01-12,0.004550492487035002,0,CALM,6.768321144576728e-05,0.0226678584208678,0.0,0,0.0,0.7860630555379475,0.0,0.1532610233803961,0.0
2021-01-13,0.0041305958604497435,0,CALM,5.320717829867475e-05,0.008896717629237,0.0,0,0.0,0.8066219962668553,0.023379505400276748,0.1950532045188724,0.0
2021-01-14,0.010221429249571375,0,CALM,4.3370155810261984e-05,0.0129571251136581,0.0,0,0.0,0.8274904440758478,0.0543264476854953,0.2235615967791692,0.021865169193376586
2021-01-15,0.1455332054362158,0,CALM,4.321961931630076e-05,0.6971284794373696,0.0,0,0.0,0.8319683982218005,0.06096704643912832,0.1203255245824331,0.0
2021-01-18,0.012709755047482929,0,CALM,3.728786751565613e-05,0.0288740997448408,0.0,0,0.0,0.8375579758140077,0.06925613131635854,0.1747966624188763,0.0
2021-01-19,0.2353249370884375,0,CALM,8.523097260314266e-05,0.9978622366078742,0.0,0,0.0,0.8379330968418601,0.06981241843963555,0.5115126311053984,0.28749940179748273
2021-01-20,0.01292713662584774,0,CALM,6.709043059142491e-05,0.0047750385656287,0.0,0,0.0,0.8714750368083237,0.11955356305074144,0.1826974728400331,0.0
2021-01-21,0.15693534180061364,0,CALM,5.590076625069749e-05,0.7218595216024659,0.0,0,0.0,0.8383560039339134,0.07043957008452899,0.2595398711917144,0.055055052801048866
2021-01-22,0.20327963833721857,0,CALM,5.104988154800986e-05,0.9283095552770104,0.0,0,0.0,0.8316177597746514,0.06044706584995263,0.3251741968730634,0.11560258226434213
2021-01-25,0.21034842711678042,0,CALM,6.536052106430314e-05,0.9996371967617076,0.0,0,0.0,0.7914205112548411,0.0008364066694887275,0.3117405487178006,0.10321006967223938
2021-01-26,0.1791824670010818,0,CALM,5.783658687561154e-05,0.8800884376189925,0.0,0,0.0,0.8121000484825389,0.03150320330564385,0.1852141974901872,0.0
2021-01-27,0.21419183838848116,0,CALM,0.0001071991769075,0.9893973894546032,0.0,0,0.0,0.900674898834922,0.16285560703333637,0.0410837196253098,0.0
2021-01-28,0.22551849251903103,0,CALM,0.0001790695523004,0.9994060060504684,0.0,0,0.0,0.9634345325251226,0.2559252392086226,0.128122890863595,0.0
2021-01-29,0.2583990337785255,0,CALM,0.0004330295387057,0.9998112946459468,0.0,0,0.0,0.9463177801132936,0.2305418875646644,0.5822378688390415,0.3527432870819329
2021-02-01,0.11820618824183111,0,CALM,0.000317998604477,0.5143799264712894,0.0,0,0.0,0.8936965461478675,0.1525070329645398,0.1740087091802709,0.0
2021-02-02,0.23781347443456724,0,CALM,0.0002989236464317,0.993955454130753,0.0,0,0.0,0.8751636992474834,0.12502367873251904,0.4865298611109199,0.264452848235568
2021-02-03,0.11545064857167228,0,CALM,0.0009294238431342,0.4677523913511185,0.0,0,0.0,0.8809841504860734,0.13365513854223973,0.2898575024912688,0.08302300486441046
2021-02-04,0.29281368339279645,0,CALM,0.0755675928491218,0.9999967915378978,0.0,0,0.0,0.8606014993117816,0.10342861018306132,0.8890703969083077,0.635795658546303
2021-02-05,0.028262460493501854,0,CALM,0.0535100150601787,0.0074890805486838,0.0,0,0.0,0.881129986220671,0.13387140618720417,0.1235261503876243,0.0
2021-02-08,0.034919950210838574,0,CALM,0.0374701525379844,0.0239245441204546,0.0,0,0.0,0.8891553815169173,0.14577269598710857,0.2669624176545874,0.061902336535407006
2021-02-09,0.029949490926933355,0,CALM,0.0262382259658751,0.0253107651941472,0.0,0,0.0,0.9131968363183816,0.18142506079178747,0.2018678721583207,0.0018527531745639444
2021-02-10,0.2105479922168939,0,CALM,0.018385158297743,0.9346598166669892,0.0,0,0.0,0.919112282085326,0.190197393090603,0.1620577671620036,0.0
2021-02-11,0.025015390382594975,0,CALM,0.012881732138733,0.0040748367248229,0.0,0,0.0,0.9323308381936812,0.20979990002947146,0.1127937637500287,0.0
2021-02-12,0.08500555150049069,0,CALM,0.0090350881486661,0.3302760279728512,0.0,0,0.0,0.9034127669170892,0.1669157386875391,0.0722771496839092,0.0
2021-02-15,0.02194311102436356,0,CALM,0.006337205081146,0.0192201321380398,0.0,0,0.0,0.9022206154693656,0.165147833264691,0.0767797577125739,0.0
2021-02-16,0.02402889521205791,0,CALM,0.0044498377524331,0.0028036670489147,0.0,0,0.0,0.941607677677758,0.22355702364166694,0.0967576288792028,0.0
2021-02-17,0.02817615907069931,0,CALM,0.0031300254949912,0.0119723039951684,0.0,0,0.0,0.9594335174199456,0.2499919189791783,0.1164088837853847,0.0
2021-02-18,0.02807938385321968,0,CALM,0.0022076918574324,0.0413304088927988,0.0,0,0.0,0.9207417314617165,0.19261379110301816,0.0597454490213582,0.0
2021-02-19,0.14081074211407302,0,CALM,0.0015582766841324,0.5604778640163017,0.0,0,0.0,0.9249395029229978,0.19883889190245715,0.2913687304173509,0.08441710949533848
2021-02-22,0.2326608269657386,0,CALM,0.001115439181071,0.993335798192861,0.0,0,0.0,0.9298579331893556,0.20613269635691486,0.3418818730918342,0.13101537896207147
2021-02-23,0.21836742583462132,0,CALM,0.0008008556075994,0.9952056084465644,0.0,0,0.0,0.8899150342286236,0.14689922580097686,0.24794810947557,0.044361676633109214
2021-02-24,0.0389094431558986,0,CALM,0.0005687619352943,0.1276952640611503,0.0,0,0.0,0.8784003138956792,0.12982342846158354,0.2025245857874231,0.0024585701368660894
2021-02-25,0.17464754651117217,0,CALM,0.0004076689334626,0.8446073274191389,0.0,0,0.0,0.7908564972476267,0.0,0.2608261452335284,0.05624163793978721
2021-02-26,0.014371187927506565,0,CALM,0.0003041537609913,0.0714757474362937,0.0,0,0.0,0.6648057144986483,0.0,0.0815248869802421,0.0
2021-03-01,0.2332914107319587,0,CALM,0.0003844233485364,0.9915201591455696,0.0,0,0.0,0.6590455667514257,0.0,0.5780854948254948,0.34891273065710654
2021-03-02,0.007647144994487591,0,CALM,0.0002806435723442,0.0378849205070077,0.0,0,0.0,0.6550816870495033,0.0,0.1820922291757042,0.0
2021-03-03,0.10389747323499003,0,CALM,0.0002090419120151,0.5110828740064004,0.0,0,0.0,0.6691345859937665,0.0,0.2175141147573039,0.016286379557061702
2021-03-04,0.006258747156414346,0,CALM,0.0001824693198641,0.0310656491322416,0.0,0,0.0,0.6680454684408068,0.0,0.1862815790861535,0.0
2021-03-05,0.0887782807912454,0,CALM,0.0033326109817887,0.4397256402289911,0.0,0,0.0,0.6942363338331665,0.0,0.1199125372513923,0.0
2021-03-08,0.32241579930100245,0,CALM,0.2294691261716914,0.9999999197970874,0.0,0,0.0,0.7365383169637794,0.0,0.9049942044209652,0.6504853379866209
2021-03-09,0.0883571802530708,0,CALM,0.3211932672326847,0.0402943172244981,0.0,0,0.0,0.694775481818982,0.0,0.1285345971706324,0.0
2021-03-10,0.38714571743497517,0,CALM,0.5099703811780141,0.999960572010688,0.0,0,0.0,0.6647242841390342,0.0,0.8465927067554495,0.5966100773833404
2021-03-11,0.40902937362422764,1,WATCH,0.6422084352724883,0.9205962934030806,0.0,0,0.0,0.7890903474176475,0.0,0.8975087927791128,0.643580061254895
2021-03-12,0.12288364921006764,0,CALM,0.4513032474246349,0.008575235671653,0.0,0,0.0,0.79708843616742,0.009241676996826867,0.280278316029361,0.07418622519895626
2021-03-15,0.08974748009051232,0,CALM,0.3159326502577873,0.0538215876303275,0.0,0,0.0,0.7908063293949578,0.0,0.1298242170527675,0.0
2021-03-16,0.06170857030316511,0,CALM,0.221159089138572,0.0031331515653695,0.0,0,0.0,0.8299148146568436,0.05792167705448207,0.1751607944766693,0.0
2021-03-17,0.05281837516815867,0,CALM,0.1548199815949711,0.0020882638034205,0.0,0,0.0,0.883210876447294,0.13695727008731798,0.1587727532943574,0.0
2021-03-18,0.046150540164618836,0,CALM,0.1083843618815154,0.0025242016018814,0.0,0,0.0,0.915942055467887,0.1854960937386371,0.1250857133302969,0.0
2021-03-19,0.08423311618457194,0,CALM,0.0758812023478997,0.2332252185857136,0.0,0,0.0,0.916401695615274,0.1861777188045428,0.1419913956424442,0.0
2021-03-22,0.042955950718418415,0,CALM,0.0531268836454223,0.0526211360429203,0.0,0,0.0,0.9199906863656596,0.19150002598478777,0.1733909785617777,0.0
2021-03-23,0.076268524359942,0,CALM,0.037198474640414,0.2444122917956108,0.0,0,0.0,0.9057505738066252,0.1703825981083572,0.2112219550889875,0.010481875298805994
2021-03-24,0.026196919594214933,0,CALM,0.0260461742251458,0.0496478632329504,0.0,0,0.0,0.8566427943333261,0.09755803391338404,0.1828406064983941,0.0
2021-03-25,0.22711030040283803,0,CALM,0.0182494063587208,0.9894658984099132,0.0,0,0.0,0.8782107564621899,0.12954232356065273,0.326694834962099,0.11700536775109927
2021-03-26,0.03525433628006387,0,CALM,0.0127840511663091,0.0422450232741822,0.0,0,0.0,0.8831170565487538,0.13681813951987457,0.3074749338745601,0.09927504881662697
2021-03-29,0.0185128032778444,0,CALM,0.0089733737194222,0.0025173830412218,0.0,0,0.0,0.897171232759706,0.1576598323974449,0.140319534436061,0.0
2021-03-30,0.26501686701669935,0,CALM,0.0081573500754689,0.9998222304937496,0.0,0,0.0,0.8918459248482797,0.14976264722611124,0.7205849542623567,0.48036818676471055
2021-03-31,0.029512684496464183,0,CALM,0.00575927944142,0.0021622554451724,0.0,0,0.0,0.9671133042584608,0.26138068743142007,0.2161450802271916,0.015023448039326986
2021-04-01,0.16591500050810815,0,CALM,0.0041047217984037,0.567663563059347,0.0,0,0.0,0.9504873090854424,0.23672510605981448,0.4999533277570222,0.2768359684065638
2021-04-06,0.04101342905066439,0,CALM,0.0029356445492926,0.0852029355836916,0.0,0,0.0,0.9475635508867624,0.23238930796602922,0.1334078390725867,0.0
2021-04-07,0.02096418332482364,0,CALM,0.0054349428777766,0.0021236616452757,0.0,0,0.0,0.92019779112864,0.19180715276324348,0.1081828443830021,0.0
2021-04-08,0.38700100578589114,0,CALM,0.3038044600144436,0.9999999978971844,0.0,0,0.0,0.8653692150910702,0.11049891202843333,1.9105772314476,1.0
2021-04-09,0.06667130471880622,0,CALM,0.2150751266152665,0.0021581558899098,0.0,0,0.0,0.8657270681062867,0.11102959148815456,0.2146880355919247,0.013679327381921888
2021-04-12,0.10105463272190261,0,CALM,0.1508416901193607,0.1144348851371634,0.0,0,0.0,0.8345731137970976,0.06482971908809249,0.5681449650768018,0.3397426125582051
2021-04-13,0.031296906380515,0,CALM,0.1055965364228726,0.006654141155438,0.0,0,0.0,0.8071657635257827,0.02418588707909851,0.2123077874020047,0.011483553357993967
2021-04-14,0.026361526964607217,0,CALM,0.0739257502573336,0.0020141138358645,0.0,0,0.0,0.8412779401962305,0.07477266633100918,0.1379689621290825,0.0
2021-04-15,0.019015680840293592,0,CALM,0.0517549852908236,0.0021274909790573,0.0,0,0.0,0.8256830243217229,0.051646127839571516,0.2051366948963177,0.004868235378190789
2021-04-16,0.24820472957494855,0,CALM,0.0362872302236755,0.9952612634301736,0.0,0,0.0,0.8675308099082674,0.11370445710126818,0.5110820983566102,0.28710223622868086
2021-04-19,0.015600284978015945,0,CALM,0.0254190097146904,0.002062625252155,0.0,0,0.0,0.8504201059197299,0.08833007498912344,0.0188756665978987,0.0
2021-04-20,0.26266210644628424,0,CALM,0.0181823279216217,0.9999891854258104,0.0,0,0.0,0.9675626058338002,0.26204698087346007,0.5458113435113571,0.3191398929337074
2021-04-21,0.13287213378668195,0,CALM,0.0129215243294431,0.5078483675068364,0.0,0,0.0,0.9592783901178412,0.24976187236962555,0.2334193430006304,0.030958919659913302
2021-04-22,0.28305962388667566,0,CALM,0.0184239464377381,0.9997857729748596,0.0,0,0.0,0.959906972029298,0.2506940302528296,0.7790160988257501,0.5342707965698623
2021-04-23,0.2064038956192965,0,CALM,0.0130899995216002,0.8354700764065098,0.0,0,0.0,0.9629441620753936,0.255198042526577,0.3138713853483524,0.10517576204936792
2021-04-26,0.028358809345176927,0,CALM,0.0091797749834289,0.0029064616717185,0.0,0,0.0,0.9626931024016616,0.25482573264976,0.1456646219356767,0.0
2021-04-27,0.02159277592381011,0,CALM,0.0064351616766509,0.00253283410157,0.0,0,0.0,0.9025921591976428,0.16569881541825945,0.2313775517107497,0.029075371425074378
2021-04-28,0.01882172131213715,0,CALM,0.0045135008346467,0.0031046586870116,0.0,0,0.0,0.9059808881772156,0.17072414366073155,0.1889708822119166,0.0
2021-04-29,0.07209800065684405,0,CALM,0.00318728799386,0.2359518896319032,0.0,0,0.0,0.9534428303565536,0.24110800731998394,0.0487869906057415,0.0
2021-04-30,0.022425112953277048,0,CALM,0.0022590453182886,0.0048984589478701,0.0,0,0.0,0.9316610251876994,0.20880659834130877,0.0403091442177282,0.0
2021-05-03,0.04353958529900297,0,CALM,0.0021955833040636,0.118947473094409,0.0,0,0.0,0.9203358910404608,0.1920119485410526,0.1125812861125911,0.0
2021-05-04,0.2595950159572738,0,CALM,0.0492972352360561,0.9999207190299958,0.0,0,0.0,1.074354240719558,0.4204140329706247,0.2567176942855838,0.05245160045198136
2021-05-05,0.43571210733933285,1,WATCH,0.3345080646652393,1.0,0.0,0,0.0,1.1420818288985708,0.5208509117302309,2.113720142529833,1.0
2021-05-06,0.3263120696729927,0,CALM,0.3462921183017948,0.9392121352877708,0.0,0,0.0,1.1393115838065146,0.5167427664688077,0.2022696191380984,0.0022233639310905756
2021-05-07,0.3641448179973453,0,CALM,0.3238826224456951,0.9989835402767576,0.0,0,0.0,1.0774806874882592,0.42505040883309336,0.6429218505328759,0.40872413447260675
2021-05-10,0.0986835592825742,0,CALM,0.2318800603454475,0.0036329525488848,0.0,0,0.0,1.060500473171074,0.3998695368643536,0.1615998880494001,0.0
2021-05-11,0.2918872791681645,0,CALM,0.1649349858887093,0.9996337997375438,0.0,0,0.0,1.132922281926415,0.5072677274847834,0.1193117736505875,0.0
2021-05-12,0.22639263751360977,0,CALM,0.1158850633528849,0.7335952930318481,0.0,0,0.0,1.1255039971999663,0.49626675456212066,0.2115195176317914,0.010756376128068118
2021-05-14,0.2741761191760414,0,CALM,0.0812608793879906,0.9974231346685328,0.0,0,0.0,1.0675378715646815,0.41030567298326565,0.3445286779607189,0.13345705097010616
2021-05-17,0.0872430095618804,0,CALM,0.0569088741242425,0.2059881612650466,0.0,0,0.0,1.0054158484472848,0.3181815877781045,0.1665262621478078,0.0
2021-05-18,0.2138226227140511,0,CALM,0.0398696632586516,0.8556266704569593,0.0,0,0.0,1.007328180459906,0.32101748764791943,0.2066684111317461,0.006281240432044196
2021-05-19,0.24570591097631808,0,CALM,0.0281066600185658,0.9988819504473416,0.0,0,0.0,1.0531900777727663,0.389028558822083,0.0985152169838669,0.0
2021-05-20,0.246597717693975,0,CALM,0.0197361546762422,0.9934680815873704,0.0,0,0.0,1.030341605554275,0.355145331975361,0.2806783927003031,0.0745552950990425
2021-05-21,0.05301373526049416,0,CALM,0.0138517597333189,0.0647178421018642,0.0,0,0.0,1.0377099657084554,0.36607226906791596,0.1466973828746561,0.0
2021-05-25,0.24587471829306687,0,CALM,0.0097798764073828,0.9321648453766576,0.0,0,0.0,1.038519021872012,0.36727206191443024,0.4195843351647642,0.20269573924446652
2021-05-26,0.05869921776831817,0,CALM,0.0068834267142183,0.0961716213360743,0.0,0,0.0,1.0453758146240215,0.37744036822548727,0.1665964703918383,0.0
2021-05-27,0.06895207332339665,0,CALM,0.0048419015253715,0.1830854281981912,0.0,0,0.0,1.0007383830174983,0.31124512302415513,0.1485521318814187,0.0
2021-05-28,0.11094514780207756,0,CALM,0.0034064112132949,0.3719070429770227,0.0,0,0.0,0.9349818586832188,0.21373124072321,0.355296260234853,0.14339012331028306
2021-05-31,0.11474900741720721,0,CALM,0.0023981298201355,0.4214679174357958,0.0,0,0.0,0.8883750636336862,0.1446155206802767,0.366736145828497,0.15394339406986507
2021-06-01,0.1719132659702912,0,CALM,0.0016921270409447,0.7812744752126293,0.0,0,0.0,0.893592941236066,0.1523533916752914,0.1601050129366362,0.0
2021-06-02,0.01988384307223683,0,CALM,0.0011984209709172,0.002430095548018,0.0,0,0.0,0.9196414922005538,0.19098218719903925,0.0604707329904803,0.0
2021-06-03,0.19609113081208757,0,CALM,0.0008527563087044,0.8395686893898112,0.0,0,0.0,0.919383430486261,0.19059949362013295,0.2963827638502309,0.08904254494935897
2021-06-04,0.016367748491397705,0,CALM,0.0006072179211428,0.0022051154488474,0.0,0,0.0,0.8972315022171028,0.15774920921342525,0.0966892608597983,0.0
2021-06-07,0.027028491167004565,0,CALM,0.0004324665393552,0.0832185092354762,0.0,0,0.0,0.8601551716051664,0.1027667268507052,0.1909602767470803,0.0
2021-06-08,0.02203138426351107,0,CALM,0.0003106251494053,0.0140848630429485,0.0,0,0.0,0.8811749644509466,0.1339381068210592,0.2621137458648969,0.05742944685464125
2021-06-09,0.02235215855370785,0,CALM,0.0002258626458914,0.0122413692814871,0.0,0,0.0,0.899954358911115,0.16178707967373832,0.2396287781118564,0.03668711068563751
2021-06-10,0.01249795562908658,0,CALM,0.0001704361626375,0.0123191025406147,0.0,0,0.0,0.8582323428537397,0.09991526080304264,0.192202691615573,0.0
2021-06-11,0.2398672860582424,0,CALM,0.0010030041658561,0.9638109157717646,0.0,0,0.0,0.7467582550292666,0.0,0.7077668570305765,0.4685435186242544
2021-06-14,0.008359961360600594,0,CALM,0.000713493553227,0.0145181425304969,0.0,0,0.0,0.7530388349045143,0.0,0.25707324436317,0.052779594661944644
2021-06-15,0.02806413768847339,0,CALM,0.0005168446730179,0.0297591676498074,0.0,0,0.0,0.7567812955157809,0.0,0.4381591093006449,0.21983092990257433
2021-06-16,0.004664783860075247,0,CALM,0.0003688286563164,0.0020345220100255,0.0,0,0.0,0.8189468701365955,0.04165672293991046,0.1589177455836503,0.0
2021-06-17,0.0029091794545757508,0,CALM,0.0002660293046113,0.0070855306501308,0.0,0,0.0,0.8004695147023517,0.014255659983967653,0.0949745164959061,0.0
2021-06-18,0.21693899743228856,0,CALM,0.000216728441488,0.998762829698242,0.0,0,0.0,0.7361895030371235,0.0,0.385575320660833,0.17132249382268136
2021-06-21,0.11624390295245114,0,CALM,0.0001657450798801,0.5810123334124055,0.0,0,0.0,0.7593481819970281,0.0,0.1051129619131275,0.0
2021-06-22,0.0038713895226947155,0,CALM,0.0001225250726703,0.0192037912726357,0.0,0,0.0,0.7600474096931582,0.0,0.1766546543712841,0.0
2021-06-23,0.22699163735322564,0,CALM,0.0001343047379493,0.9978778061680196,0.0,0,0.0,0.7997062445496722,0.01312376567255536,0.4824630611302563,0.2607012336787886
2021-06-24,0.23347638577914603,0,CALM,0.0002157382549616,0.9811245831756872,0.0,0,0.0,0.799951077959483,0.013486842288135808,0.5884657597173405,0.35848850351454625
2021-06-25,0.006590266619091261,0,CALM,0.0001575717521246,0.0044778086768865,0.0,0,0.0,0.8117372356854974,0.03096516871902046,0.227597141391701,0.02558795073780765
2021-06-28,0.07016688916688119,0,CALM,0.0001187828224936,0.2768213028895086,0.0,0,0.0,0.8106939202326874,0.029417980188329904,0.3281105355876878,0.11831134864523069
2021-06-29,0.005572110630562404,0,CALM,8.961365818970997e-05,0.0133033634591886,0.0,0,0.0,0.8103381202236606,0.02889034524177256,0.1525414505085386,0.0
2021-06-30,0.06379223198955589,0,CALM,7.693442469627571e-05,0.3008779960268078,0.0,0,0.0,0.815114834728188,0.035973991780202545,0.0684200829362408,0.0
2021-07-01,0.1899797177026898,0,CALM,6.497228056422839e-05,0.9051500285353892,0.0,0,0.0,0.8424247401131438,0.07647331753258622,0.2138013607986829,0.01286137172212262
2021-07-02,0.013677879254745728,0,CALM,5.218285448041656e-05,0.0054805805713089,0.0,0,0.0,0.8528354165179335,0.09191186882293567,0.23647234257877,0.033775305445702786
2021-07-05,0.030191740491564215,0,CALM,4.330303762026772e-05,0.1164341917110275,0.0,0,0.0,0.8271043473423054,0.05375388409864822,0.2163222424262123,0.015186879800888259
2021-07-06,0.045923794501054264,0,CALM,4.104378053779859e-05,0.1933792397168008,0.0,0,0.0,0.83966237379322,0.07237685612559656,0.1213985460578957,0.0
2021-07-07,0.024359468308660075,0,CALM,0.0001605208522628,0.0245546877713201,0.0,0,0.0,0.8413487873159036,0.07487772933059904,0.329080648809697,0.11920627608270451
2021-07-08,0.22617692763761513,0,CALM,0.0151646261323109,0.99756307946629,0.0,0,0.0,0.945097016829285,0.22873155211279397,0.1142938164813385,0.0
2021-07-09,0.5534917030345785,1,WATCH,0.3106152382926176,1.0,0.0,1,1.0,0.9650891326481132,0.2583789346142408,2.9483727840315046,1.0
2021-07-12,0.18405266469284992,0,CALM,0.2241193161643905,0.5147678882249362,0.0,0,0.0,0.9599059941261034,0.25069258006765055,0.0996354083870062,0.0
2021-07-13,0.07696920615093553,0,CALM,0.1571402504725674,0.002390499403171,0.0,0,0.0,1.0373836937758645,0.36558842289212,0.2068752118101951,0.006472013629474604
2021-07-14,0.062735039298837,0,CALM,0.1100322483351909,0.0129877645259502,0.0,0,0.0,1.010886454317989,0.32629424309849236,0.0928976060335672,0.0
2021-07-15,0.1910147691222133,0,CALM,0.0770364106440277,0.7378635829703383,0.0,0,0.0,0.9307642583637536,0.20747673464478647,0.2370983153459847,0.034352764026600806
2021-07-16,0.16614749363661768,0,CALM,0.0539533063807527,0.654404896205065,0.0,0,0.0,0.937713324425834,0.21778187800416474,0.0922010093027304,0.0
2021-07-19,0.23861149363913184,0,CALM,0.0380277748917262,0.9997091030577228,0.0,0,0.0,0.9737210342658836,0.27117964521916244,0.2220249848014417,0.020447647827395016
2021-07-20,0.20997326908543196,0,CALM,0.030256671392641,0.8867381293216867,0.0,0,0.0,0.9598535135009044,0.2506147537293435,0.1837570434373177,0.0
2021-07-21,0.34098442367411375,0,CALM,0.2034015782703128,0.999997987228666,0.0,0,0.0,0.9556827047616312,0.24442963739877702,0.911963695653108,0.6569146792092464
2021-07-22,0.11134026454980098,0,CALM,0.2016599761453482,0.1875787505763443,0.0,0,0.0,0.9487138875386916,0.23409520398195063,0.1919857909599683,0.0
2021-07-23,0.3406486479895308,0,CALM,0.2307782123876204,0.9999661979390684,0.0,0,0.0,0.947829997764727,0.23278443635458598,0.846824728208982,0.5968241166935343
2021-07-26,0.22205649861047788,0,CALM,0.1628082844439464,0.7512713727130509,0.0,0,0.0,0.91249399013106,0.18038277242451117,0.3414519297763807,0.13061875714429963
2021-07-27,0.1537047767747039,0,CALM,0.1140105913115661,0.5114483746950717,0.0,0,0.0,0.9075080076494848,0.1729887911612795,0.2607113601268702,0.05613574891670079
2021-07-28,0.2821651599879211,0,CALM,0.0808093843437984,0.998363619559686,0.0,0,0.0,0.9055995390531943,0.17015862055907963,0.6906381038929685,0.4527422793412628
2021-07-29,0.03595142211286941,0,CALM,0.0565875223329015,0.0039278697175778,0.0,0,0.0,0.9325936756827112,0.21018967586128479,0.1531272639739606,0.0
2021-07-30,0.031060341201013492,0,CALM,0.0396254128654849,0.008498844675084,0.0,0,0.0,0.9220421087888772,0.19454219049625468,0.0692320814849787,0.0
2021-08-02,0.03540505698881256,0,CALM,0.0277467030259752,0.0708938541616617,0.0,0,0.0,0.8872156095937231,0.1428961039998641,0.1554877309889409,0.0
2021-08-03,0.024571042152406738,0,CALM,0.0194314821297067,0.0095419748787305,0.0,0,0.0,0.9109194258324764,0.17804776644233963,0.1983279018360731,0.0
2021-08-04,0.03258359515897022,0,CALM,0.0136149649874254,0.0058702385811506,0.0,0,0.0,0.9531303967822694,0.24064468278910187,0.242584089338693,0.039413379169735564
2021-08-05,0.0949861153307874,0,CALM,0.0095495408088754,0.2731913187645064,0.0,0,0.0,0.9420851169543922,0.22426504399248237,0.3682496730154577,0.1553396197641901
2021-08-06,0.009861725244361054,0,CALM,0.0066959982235038,0.0025027965444877,0.0,0,0.0,0.8426933569001837,0.07687166379587564,0.0326501220125676,0.0
2021-08-09,0.019904568992793803,0,CALM,0.004697871301275,0.0020581154593535,0.0,0,0.0,0.9004175748885741,0.16247400753014754,0.2223102162262964,0.020710773225895984
2021-08-10,0.020624064876790582,0,CALM,0.0032993574542625,0.0021574052505499,0.0,0,0.0,0.9214589848153464,0.19367744463114975,0.1495605639902422,0.0
2021-08-11,0.011689635263353766,0,CALM,0.0023177436866931,0.0065168212821869,0.0,0,0.0,0.856986916292465,0.0980683508524311,0.1056995954658605,0.0
2021-08-12,0.012342439469780633,0,CALM,0.001629191216065,0.0070795907468966,0.0,0,0.0,0.8617907643295348,0.10519223516385062,0.1871125047112514,0.0
2021-08-13,0.016738277429314555,0,CALM,0.0011481556658298,0.0030040179210333,0.0,0,0.0,0.8794882462681989,0.13143678181928173,0.2292010655676804,0.027067567467222723
2021-08-16,0.008592307720036125,0,CALM,0.0008100635169365,0.0049888233334888,0.0,0,0.0,0.8407031450565541,0.07392027174104239,0.1741656493425651,0.0
2021-08-17,0.012212578059386171,0,CALM,0.0005776256519774,0.0161724901413899,0.0,0,0.0,0.6445074034505688,0.0,0.2956176577761635,0.08833673618113841
2021-08-18,0.00050737768167983,0,CALM,0.000419101991075,0.0020130109195554,0.0,0,0.0,0.594471404700326,0.0,0.1336902718354488,0.0
2021-08-19,0.19398555044446245,0,CALM,0.0003237145112481,0.969523109083252,0.0,0,0.0,0.788213941657104,0.0,0.0765073095713592,0.0
2021-08-20,0.010756778226896765,0,CALM,0.0002360418869818,0.0443206589088868,0.0,0,0.0,0.8032212524658903,0.01833635973373954,0.0907469333626151,0.0
2021-08-23,0.0016711776676362811,0,CALM,0.0001750882781423,0.0021063192782974,0.0,0,0.0,0.7989898713853374,0.01206141742441226,0.035892727395086,0.0
2021-08-24,0.0032365691728532377,0,CALM,0.0001287678107901,0.0150022675172418,0.0,0,0.0,0.7922316157972729,0.002039237167073529,0.1662676510109713,0.0
2021-08-25,0.020019830066535897,0,CALM,0.0001031398025882,0.0020161228430627,0.0,0,0.0,0.8749976371491432,0.12477741632622354,0.2769661827889051,0.07113078914653953
2021-08-26,0.12068839524124925,0,CALM,8.238521337244573e-05,0.4868980459511825,0.0,0,0.0,0.8793547319450432,0.1312387862572367,0.3100419449542689,0.10164311121945951
2021-08-27,0.023280055028120195,0,CALM,6.548429044251756e-05,0.0432101239319366,0.0,0,0.0,0.8790006243074603,0.13071366101920576,0.2166648457659587,0.01550293067201669
2021-08-30,0.028127080506411314,0,CALM,8.891718583740703e-05,0.002000334375256,0.0,0,0.0,0.9776781355935968,0.2770478433490076,0.058854729325305,0.0
2021-08-31,0.16154662756988125,0,CALM,8.496368292932737e-05,0.657832774021538,0.0,0,0.0,0.9919371733347846,0.29819333639469253,0.2013716421866064,0.0013949820537207077
2021-09-01,0.15304494612863542,0,CALM,8.500267111470264e-05,0.5942989743782519,0.0,0,0.0,1.0094046599008035,0.32409681055693856,0.2188754356877935,0.0175421952951251
2021-09-02,0.03361441947879344,0,CALM,9.028868296270986e-05,0.0023083925019479,0.0,0,0.0,1.01426312407811,0.33130168807663185,0.1079603041275123,0.0
2021-09-03,0.16069350340921132,0,CALM,0.0001556886706248,0.6067494073015128,0.0,0,0.0,1.0558998312460754,0.39304699781252544,0.0695367847245322,0.0
2021-09-06,0.26369475462389397,0,CALM,0.0003093433470116,0.9965449906693687,0.0,0,0.0,1.074588629672061,0.420761620939399,0.4408600971450511,0.22232258559327414
2021-09-07,0.03785850865847805,0,CALM,0.0002517979216647,0.008911639772988,0.0,0,0.0,1.0337044753430296,0.3601323122346427,0.1857705899843856,0.0
2021-09-08,0.18529349664295247,0,CALM,0.0002407004194707,0.7384320477383057,0.0,0,0.0,1.0440465429844696,0.37546911990423637,0.1018170582089037,0.0
2021-09-09,0.24191356884746512,0,CALM,0.0002680146795396,0.9853567335326996,0.0,0,0.0,1.0815692583914225,0.43111357025876945,0.2178959420587905,0.01663861445163334
2021-09-10,0.1721023293834642,0,CALM,0.0002772444730861,0.6390833554734051,0.0,0,0.0,1.0890205370832675,0.4421634717051166,0.1447520551899326,0.0
2021-09-13,0.13317177505257277,0,CALM,0.0002478818702564,0.4520536952843468,0.0,0,0.0,1.0679027062725155,0.4108467059700179,0.2173597184802777,0.016143949311375153
2021-09-14,0.15667800722988687,0,CALM,0.000228588350548,0.571023004333506,0.0,0,0.0,1.0645551509704192,0.4058824363856787,0.2196753952888744,0.018280156369807912
2021-09-15,0.25910347923258076,0,CALM,0.0002990781607566,0.995423338174124,0.0,0,0.0,1.073278546864781,0.41881882876832616,0.3956556663178429,0.1806215918073419
2021-09-16,0.10579552005045925,0,CALM,0.0002586441895967,0.3384750021999839,0.0,0,0.0,1.0473436558101816,0.38035858563063285,0.187234051549686,0.0
2021-09-17,0.23516029551274353,0,CALM,0.0003989108284045,0.9921257671564742,0.0,0,0.0,1.037900042223976,0.3663541437434754,0.0385862275760243,0.0
2021-09-20,0.24382927068959273,0,CALM,0.0005257023853475,0.9958874038878642,0.0,0,0.0,1.091070615526745,0.44520364315682975,0.1400508518283094,0.0
2021-09-21,0.2564698943674442,0,CALM,0.0007037572815382,0.9950687026479116,0.0,0,0.0,1.0877822373364183,0.44032713049046096,0.3434641375907973,0.13247501468431236
2021-09-22,0.2808837352342251,0,CALM,0.0020716251371444,0.9994017066395166,0.0,0,0.0,1.0869068911220192,0.43902903256652626,0.5964195338284473,0.3658258436538305
2021-09-23,0.0749630784341099,0,CALM,0.0014828416531529,0.2628963831060859,0.0,0,0.0,0.9392973495791498,0.220130913996045,0.1828785714995231,0.0
2021-09-24,0.03676280331221281,0,CALM,0.0010972298649217,0.0694721251699695,0.0,0,0.0,0.9432150673406312,0.22594070811988476,0.1981449640190032,0.0
2021-09-27,0.17486240499444614,0,CALM,0.0050279668286665,0.710208686783349,0.0,0,0.0,0.9376448262106084,0.21768029832116056,0.3060455671613055,0.09795646098493653
2021-09-28,0.3692045824241043,0,CALM,0.3035109868945717,0.999999999928744,0.0,0,0.0,0.7796200430257911,0.0,1.211534751017303,0.9332683571471262
2021-09-29,0.14671992474226592,0,CALM,0.2148845320347875,0.4113613498319741,0.0,0,0.0,0.7812584056811844,0.0,0.3161363829796559,0.10726521767174217
2021-09-30,0.18684556448383513,0,CALM,0.1504799663172892,0.7317558021539166,0.0,0,0.0,0.8102395193687467,0.028744124737295092,0.0766174326811119,0.0
2021-10-01,0.22642158968316595,0,CALM,0.1053851705340429,0.9764747144515252,0.0,0,0.0,0.7369101608221651,0.0,0.2516791367819538,0.04780354159350172
2021-10-04,0.022771523425893208,0,CALM,0.0760934365221722,0.0187408214767508,0.0,0,0.0,0.7392325911151276,0.0,0.1124933245638292,0.0
2021-10-05,0.3650619055705217,0,CALM,0.3515413602542485,0.9999998283655868,0.0,0,0.0,0.7428849599077404,0.0,1.0364640501923776,0.7717659983384224
2021-10-06,0.31984208341006926,0,CALM,0.4963682667641622,0.97037014729431,0.0,0,0.0,0.6930456773225766,0.0,0.2180273875030781,0.016759872601666868
2021-10-07,0.4618644443634745,1,WATCH,0.6474577803093335,0.9999999964307058,0.0,0,0.0,0.6930229956992171,0.0,1.3572982552828596,1.0
2021-10-08,0.13429115220416685,0,CALM,0.4557558225684919,0.0331920793654695,0.0,0,0.0,0.7442639209715752,0.0,0.3485186662378375,0.13713780688949978
2021-10-11,0.1287985935571758,0,CALM,0.3190560291279611,0.1991330669528459,0.0,0,0.0,0.7527201347061224,0.0,0.2996751115117132,0.09207972884616333
2021-10-12,0.20094116877785562,0,CALM,0.2233780390150916,0.6761533289567717,0.0,0,0.0,0.7381218043200146,0.0,0.3068081394346979,0.09865993232728383
2021-10-13,0.04694911639806195,0,CALM,0.1594487344741738,0.0354346638975925,0.0,0,0.0,0.7265517592818926,0.0,0.0479580493641979,0.0
2021-10-14,0.35744566455954857,0,CALM,0.3454940795340999,0.9999991190585952,0.0,0,0.0,0.7268582010628067,0.0,0.9702928558450772,0.7107232086430453
2021-10-15,0.07670484323928084,0,CALM,0.2436732303537557,0.0102366224176057,0.0,0,0.0,0.7998657001334752,0.013360230923549349,0.3343116683265593,0.12403188074965826
2021-10-18,0.04833614052376907,0,CALM,0.1705942838703494,0.0284378477809086,0.0,0,0.0,0.7461424444232997,0.0,0.1087775147940646,0.0
2021-10-19,0.03111046823260422,0,CALM,0.1194224648852445,0.0021242339291335,0.0,0,0.0,0.7964534704701185,0.008300052254663967,0.1376843556467619,0.0
2021-10-20,0.030875685464285256,0,CALM,0.0836018793420241,0.0398114202835326,0.0,0,0.0,0.8024165743569899,0.01714305933965904,0.2030966046809523,0.002986256381068057
2021-10-21,0.026489089258633438,0,CALM,0.0585276533768062,0.0077262588471618,0.0,0,0.0,0.8378913021460384,0.06975043884003795,0.2360316881086667,0.03336880260995729
2021-10-22,0.02089446196496613,0,CALM,0.0409812429271693,0.018868397287609,0.0,0,0.0,0.8372198576694824,0.06875471775652005,0.0476231022143976,0.0
2021-10-25,0.03170524830776468,0,CALM,0.0286976983445368,0.0028641885763549,0.0,0,0.0,0.917066053281798,0.18716293047676902,0.2566801106075141,0.052416929586826
2021-10-26,0.23057669132373357,0,CALM,0.0201109586649884,0.9442826405628186,0.0,0,0.0,0.916313682601445,0.18604719957837687,0.3959325710735993,0.18087703587085047
2021-10-27,0.02231277215278947,0,CALM,0.0140859103755114,0.0040149092856373,0.0,0,0.0,0.8876948575005006,0.14360680646547644,0.2391834761543219,0.03627632055236515
2021-10-28,0.02282970827959631,0,CALM,0.0098784791588313,0.002088375639786,0.0,0,0.0,0.9253341488983994,0.1994241336193128,0.0258323635012383,0.0
2021-10-29,0.2220956516050253,0,CALM,0.0069341930016706,0.9884642874355792,0.0,0,0.0,0.9161948049242008,0.185870909484818,0.2441105643336365,0.040821549190100184
2021-11-01,0.01355756308452408,0,CALM,0.0048634212577334,0.0044724896597385,0.0,0,0.0,0.8680484533589014,0.1144720983814303,0.1011436469098905,0.0
2021-11-02,0.052862955136326724,0,CALM,0.0035132985965404,0.1093015766896189,0.0,0,0.0,0.8812248188514259,0.13401203858965163,0.3811402094325563,0.16723111290302675
2021-11-03,0.26450107010821405,0,CALM,0.0097316916117442,0.9672987215854858,0.0,0,0.0,0.884865582325195,0.13941112232257363,0.7924601506870544,0.5466729065592345
2021-11-04,0.004455372896171516,0,CALM,0.0068650942566385,0.0021330874208223,0.0,0,0.0,0.806450253266003,0.023124818478474318,0.1232393729775588,0.0
2021-11-05,0.04518375378602624,0,CALM,0.0048130379309408,0.2164797314943482,0.0,0,0.0,0.7954726089692171,0.006845480044213922,0.1975499522478101,0.0
2021-11-08,0.011773296509406096,0,CALM,0.0033784177959955,0.0020102294358606,0.0,0,0.0,0.8618408175224,0.105266461732351,0.1317653065247943,0.0
2021-11-09,0.012758755720448661,0,CALM,0.0023715711611337,0.0110916994665237,0.0,0,0.0,0.8579356171846639,0.09947523036860495,0.195315365801415,0.0
2021-11-10,0.008685326845756947,0,CALM,0.0016662857500247,0.0105539312713213,0.0,0,0.0,0.8323815231177055,0.06157969153986512,0.1878275378592624,0.0
2021-11-11,0.0017938417589490447,0,CALM,0.0011734602555334,0.0024704715506608,0.0,0,0.0,0.7976428343539929,0.010063823849335346,0.1479010934025391,0.0
2021-11-12,0.0006513251186486301,0,CALM,0.0010012540864562,0.0020050579851729,0.0,0,0.0,0.7580817397126199,0.0,0.0502832832155897,0.0
2021-11-15,0.2629603120948061,0,CALM,0.0189545876378059,0.9936547048642042,0.0,0,0.0,0.7536168263801295,0.0,0.8447468107311318,0.5949072421251378
2021-11-16,0.0037625953891020102,0,CALM,0.0134484714896434,0.0020023875834558,0.0,0,0.0,0.7555826860219943,0.0,0.0635070554226787,0.0
2021-11-17,0.023031568339912132,0,CALM,0.0094330540046261,0.0022829697543102,0.0,0,0.0,0.8053345767247936,0.021470321802641038,0.3957371789875734,0.18069678707629463
2021-11-18,0.004802088340656216,0,CALM,0.0066107531970502,0.0067497118502616,0.0,0,0.0,0.802990777963565,0.01799457671341346,0.1003772355558404,0.0
2021-11-19,0.15490129318242338,0,CALM,0.0046441357318301,0.6945913037697993,0.0,0,0.0,0.8908056615875791,0.14821998495505997,0.1040312783952645,0.0
2021-11-22,0.01906170459233946,0,CALM,0.0032595099153684,0.0280255568399063,0.0,0,0.0,0.8761033635842177,0.126417157455161,0.1346975968878785,0.0
2021-11-23,0.09151969269247492,0,CALM,0.0022963352807742,0.3724277631362413,0.0,0,0.0,0.9018515744080032,0.16460056245033097,0.114511409366651,0.0
2021-11-24,0.2149461853230209,0,CALM,0.0016911700929945,0.9531132060946224,0.0,0,0.0,0.9490751261474012,0.23463090412013307,0.2046037682904261,0.004376611688345157
2021-11-25,0.02440646820638345,0,CALM,0.004550564929635,0.0053223986133014,0.0,0,0.0,0.9405870449302408,0.22204347251314419,0.1410671716832102,0.0
2021-11-26,0.4205278648674279,1,WATCH,0.303185392075064,1.0,0.0,0,0.0,1.1096525629367595,0.47275981117220506,1.2562904072663084,0.9745553573144141
2021-11-29,0.37259461676593225,0,CALM,0.4977139826215002,0.9971509972553148,0.0,0,0.0,1.109559548010621,0.4726218743415784,0.2158349377572734,0.014737342253364337
2021-11-30,0.417343988405087,1,WATCH,0.6385642751747882,0.9992756806420484,0.0,0,0.0,1.1809413849093962,0.5784778348298022,0.1849840447356903,0.0
2021-12-01,0.49639824157674906,1,WATCH,0.7469143164388541,0.9999999684550064,0.0,0,0.0,1.2530197017440958,0.6853666428291181,0.6457466920623888,0.411330044931224
2021-12-02,0.4715769110440924,1,WATCH,0.8223092387596485,0.9898363783375946,0.0,0,0.0,1.2496187959043803,0.6803232568666132,0.1393694574364437,0.0
2021-12-03,0.49263194170292673,1,WATCH,0.8754965178098523,0.9996179596573712,0.0,0,0.0,1.2887427048877385,0.7383422031898941,0.0831241120669333,0.0
2021-12-06,0.5018256689621465,1,WATCH,0.912747939143409,0.9877130386619912,0.0,0,0.0,1.3039950765304806,0.7609607644389605,0.0714287227590213,0.0
2021-12-07,0.6069941359585805,2,STRESS,0.9389235574003862,1.0,0.0,0,0.0,1.2781491597856625,0.7226324660848404,1.799273420203938,1.0
2021-12-08,0.5006804776104079,1,WATCH,0.9439538088332056,0.9715953187287136,0.0,0,0.0,1.2654024035782525,0.7037296165636372,0.1383222855145109,0.0
2021-12-09,0.5129772685537953,1,WATCH,0.9122790780504754,0.9994844101663156,0.0,0,0.0,1.2522370066373258,0.6842059422097986,0.3796975123890919,0.16590022786933487
2021-12-10,0.43409610904910567,1,WATCH,0.7703398543403297,0.8916175488717889,0.0,0,0.0,1.2169496037686045,0.6318763568966542,0.1649125335317142,0.0
2021-12-13,0.39603125501654723,0,CALM,0.5811280938125586,0.9925551745407494,0.0,0,0.0,1.1431142649098045,0.5223819665525767,0.164682212356933,0.0
2021-12-14,0.3767627674676293,0,CALM,0.4244331049486844,0.9999836756352588,0.0,0,0.0,1.1158633357468086,0.48197009980787303,0.4433369326619026,0.22460746122619188
2021-12-15,0.12009941121516363,0,CALM,0.2975178886001627,0.0608093678260295,0.0,0,0.0,1.017148559320029,0.33558065499917045,0.1993733984706349,0.0
2021-12-16,0.2714456352064222,0,CALM,0.2082996805226603,0.9981121782923384,0.0,0,0.0,0.7954360150271759,0.0067912129217760344,0.4065716685497957,0.19069158125111785
2021-12-17,0.14752052494403742,0,CALM,0.1458217979390255,0.5553253772964052,0.0,0,0.0,0.7564313308688969,0.0,0.1325487064832081,0.0
2021-12-20,0.23156391283127137,0,CALM,0.1020993517614286,0.998298690180038,0.0,0,0.0,0.7816339136185199,0.0,0.269012321460053,0.0637933685490659
2021-12-21,0.2520620331131434,0,CALM,0.0715953735071944,0.9933262774616576,0.0,0,0.0,0.7584425511894877,0.0,0.5846617825300304,0.354979342440133
2021-12-22,0.029143577943994303,0,CALM,0.0501268668464281,0.0830593061619364,0.0,0,0.0,0.7654218612025092,0.0,0.1378513312431018,0.0
2021-12-23,0.24513620989176402,0,CALM,0.0352546836118014,0.9944395962328264,0.0,0,0.0,0.785616137079236,0.0,0.6056557104178013,0.3743461974224837
2021-12-27,0.21090222928135982,0,CALM,0.0246998565303914,0.958287583961564,0.0,0,0.0,0.6806300547339355,0.0,0.3415372702609293,0.1306974835644917
2021-12-28,0.00478885129682062,0,CALM,0.0172981112432232,0.0023216174300741,0.0,0,0.0,0.7082071840602209,0.0,0.0928400414172355,0.0
2021-12-29,0.0037809202833748,0,CALM,0.012120960787982,0.0037534004318965,0.0,0,0.0,0.7289296634565969,0.0,0.0274129130829993,0.0
2021-12-30,0.018195956764719246,0,CALM,0.0084921205745313,0.0048554025327397,0.0,0,0.0,0.8361850237019537,0.0672201068759689,0.2906979915387339,0.0837983542694159
2022-01-03,0.011155782564824303,0,CALM,0.0059545423870252,0.0361612382505077,0.0,0,0.0,0.8072757508426434,0.024348993179664605,0.0740882851384518,0.0
2022-01-04,0.030977204154114382,0,CALM,0.0041751070115519,0.1345448116765957,0.0,0,0.0,0.8112513688301913,0.030244650659072673,0.1923019088521889,0.0
2022-01-05,0.022104822728679904,0,CALM,0.0029306812577691,0.0240269341622821,0.0,0,0.0,0.8233092752278361,0.048125967793147345,0.3272762132580714,0.11754168802466473
2022-01-06,0.07778196563234017,0,CALM,0.0020610257010952,0.3672063434909825,0.0,0,0.0,0.8166525855558042,0.038254405088698776,0.138212472840374,0.0
2022-01-07,0.07185480412581594,0,CALM,0.0014538013521062,0.3574567689389469,0.0,0,0.0,0.7586882604808124,0.0,0.1198806734014486,0.0
2022-01-10,0.21157717285844552,0,CALM,0.0010397572303029,0.99878970418845,0.0,0,0.0,0.8107293792778956,0.02947056431128867,0.2932172476583608,0.08612236282050915
2022-01-11,0.02482646085020878,0,CALM,0.0007354685420402,0.1079679145725721,0.0,0,0.0,0.811416888050143,0.030490108001843107,0.152668201092922,0.0
2022-01-12,0.15605419007303728,0,CALM,0.0005235123766418,0.7396415097429058,0.0,0,0.0,0.810858527574443,0.02966208525793834,0.254372338983744,0.0502880150450182
2022-01-13,0.015013317376731592,0,CALM,0.0003728703627024,0.0640450004541824,0.0,0,0.0,0.8050922732423075,0.021110996952195104,0.1990341469505565,0.0
2022-01-14,0.00545594529588616,0,CALM,0.000269462138952,0.0269428988057408,0.0,0,0.0,0.7730174195942234,0.0,0.0987153279170753,0.0
2022-01-17,0.000754510571815075,0,CALM,0.0001957358282343,0.0035278830737825,0.0,0,0.0,0.76653920512918,0.0,0.1019416715461752,0.0
2022-01-18,0.02179541915741752,0,CALM,0.0001473977240896,0.1087928486319756,0.0,0,0.0,0.7457819725895897,0.0,0.1007157465174469,0.0
2022-01-19,0.15175421062979563,0,CALM,0.0001159335494587,0.7586261362121547,0.0,0,0.0,0.7545138889026178,0.0,0.1435101264421221,0.0
2022-01-20,0.009117977723529026,0,CALM,9.46743622605761e-05,0.0454715456648194,0.0,0,0.0,0.6796427068825167,0.0,0.0875936473901168,0.0
2022-01-21,0.18401994550401427,0,CALM,8.56161024953478e-05,0.919992707391952,0.0,0,0.0,0.724432025658063,0.0,0.1724003136833356,0.0
2022-01-24,0.23741153103245832,0,CALM,0.0003312642734934,0.9999997016336566,0.0,0,0.0,0.9244087013237878,0.198051737696931,0.3898176227127603,0.17523600867660558
2022-01-25,0.2220167099470774,0,CALM,0.0002742118472759,0.9919466952203784,0.0,0,0.0,0.9497206454778554,0.23558817941182728,0.1562501724395735,0.0
2022-01-26,0.22314975172675355,0,CALM,0.0002303105915988,0.987410833800204,0.0,0,0.0,0.9635524283011564,0.25610007318813005,0.1556240932969257,0.0
2022-01-27,0.23036235224370116,0,CALM,0.0002891179633411,0.9997133138704136,0.0,0,0.0,0.9954981498682884,0.30347409978783163,0.1370990667889039,0.0
2022-01-28,0.23733898012828566,0,CALM,0.000348646446322,0.9999123966390906,0.0,0,0.0,1.0302639211599995,0.35503012961397284,0.2190066739009802,0.017663262274897385
2022-01-31,0.21068947749662087,0,CALM,0.0002698513141383,0.952247222865664,0.0,0,0.0,0.9268861645149006,0.20172570094953482,0.1389020678066794,0.0
2022-02-01,0.17834911079753996,0,CALM,0.0002050445550448,0.7272209563365155,0.0,0,0.0,0.9389799999813024,0.21966029922973798,0.3178828010082885,0.10887628468501852
2022-02-02,0.21144770452715483,0,CALM,0.0001638137771025,0.9150302699226552,0.0,0,0.0,0.9291571223488996,0.20509342631484195,0.2854027930876873,0.07891354466863966
2022-02-03,0.24513063767959964,0,CALM,0.0004455210429976,0.9999445701708036,0.0,0,0.0,0.8375511216457745,0.06924596690208741,0.6129308156692976,0.38105746694480785
2022-02-04,0.21087945442568312,0,CALM,0.0003522526752695,0.9988599132792068,0.0,0,0.0,0.865163661799479,0.11019408601024384,0.1846616110346782,0.0
2022-02-07,0.15197022401378657,0,CALM,0.0002603825283365,0.7047911697253648,0.0,0,0.0,0.8646746771233385,0.10946894436629478,0.1294324692060852,0.0
2022-02-08,0.12189821108884835,0,CALM,0.0002119555560153,0.5612561303942567,0.0,0,0.0,0.8555516795649609,0.09593996120993185,0.1699304286635825,0.0
2022-02-09,0.2563732214379655,0,CALM,0.0022668821309186,0.9999753467836716,0.0,0,0.0,0.8406964128547529,0.07391028819734526,0.7247430563084232,0.4842040272876693
2022-02-10,0.18974001276335667,0,CALM,0.0016218501473457,0.9145011409641758,0.0,0,0.0,0.8342450531536305,0.0643432203368507,0.1960685212119174,0.0
2022-02-11,0.03719372836185153,0,CALM,0.0011442558610404,0.1722772849549972,0.0,0,0.0,0.8073924644487754,0.02452207405591994,0.1346451794760992,0.0
2022-02-14,0.20397696498507517,0,CALM,0.0008330182689372,0.9992353164702072,0.0,0,0.0,0.8172800756118795,0.03918494380090446,0.1998936392828884,3.152743708970196e-05
2022-02-15,0.21937459874446077,0,CALM,0.0006375586016649,0.9998879126691206,0.0,0,0.0,0.7464192925856792,0.0,0.4083978887498536,0.1923762656022041
2022-02-16,0.12957007282150027,0,CALM,0.0004570434871809,0.6472790597485252,0.0,0,0.0,0.736197915271607,0.0,0.1861556736383151,0.0
2022-02-17,0.0826863452629346,0,CALM,0.0003325316446286,0.4130160617588872,0.0,0,0.0,0.7386753841443285,0.0,0.1127715364503496,0.0
2022-02-18,0.12236603309424893,0,CALM,0.0002476094791861,0.6115206536222619,0.0,0,0.0,0.7230063517541997,0.0,0.125350558620456,0.0
2022-02-21,0.2016821561318691,0,CALM,0.0002428771786177,0.999952968133994,0.0,0,0.0,0.7956907480775869,0.007168970246200056,0.2097667610991317,0.009139461857958551
2022-02-22,0.19989682536462763,0,CALM,0.0002344060714742,0.9991911192337954,0.0,0,0.0,0.7504085591192496,0.0,0.17309826618206,0.0
2022-02-23,0.20367106143311983,0,CALM,0.0007162590893139,0.9979869472787108,0.0,0,0.0,0.7598707864103093,0.0,0.2420775222181261,0.038946072050491776
2022-02-24,0.21191805871115582,0,CALM,0.0240390563697062,0.9998618308041723,0.0,0,0.0,0.8308842363631188,0.059359284578948256,0.1108991612731699,0.0
2022-02-25,0.34439468987472177,0,CALM,0.3025651437067118,0.9999999990425236,0.0,0,0.0,0.846661144467381,0.08275570912430456,0.855447203483935,0.6047783322710866
2022-02-28,0.34880272766759957,0,CALM,0.4882412244337294,0.9999953442851036,0.0,0,0.0,0.8692609774176612,0.11627021544357756,0.3637224995027602,0.15116331157788718
2022-03-01,0.4777316107590985,1,WATCH,0.6417688460712581,1.0,0.0,0,0.0,0.9151783556072663,0.18436356219023553,1.2714395718120357,0.9885304302226037
2022-03-02,0.3304646265959192,0,CALM,0.4770321972764969,0.9987155627905854,0.0,0,0.0,0.8681580648749458,0.11463464718677856,0.0475696125826775,0.0
2022-03-03,0.2897925573364756,0,CALM,0.3380582031889366,0.9979235251232336,0.0,0,0.0,0.8292481303928909,0.056933015145946834,0.1393735971098039,0.0
2022-03-04,0.30745749658223465,0,CALM,0.2442506555659143,0.9999999854557594,0.0,0,0.0,0.8496271110590614,0.08715410031145676,0.6083094380708689,0.3767942556845849
2022-03-07,0.26813719681316367,0,CALM,0.1759742262404945,0.9999997756635026,0.0,0,0.0,0.9379085429205842,0.2180713779969452,0.2251879462452491,0.023365473206449827
2022-03-08,0.2619058974238969,0,CALM,0.1278507213632915,0.9999995221030498,0.0,0,0.0,0.9550019475377628,0.24342010594199937,0.2605783210919841,0.05601302068264166
2022-03-09,0.28179327109589924,0,CALM,0.0979640275195974,0.9999999982503404,0.0,0,0.0,0.9356667109664104,0.21474684496344,0.5882351870383633,0.35827580069587817
2022-03-10,0.24293956362752517,0,CALM,0.0694870427808406,0.9999953980512404,0.0,0,0.0,0.8842263930239567,0.13846323417124565,0.3269318341917213,0.11722399904942325
2022-03-11,0.2264643373236861,0,CALM,0.0489087143248552,0.9999977175376612,0.0,0,0.0,0.865953940055577,0.11136603208906,0.23347484513116,0.03101012026034046
2022-03-14,0.20716858222492868,0,CALM,0.034268691400786,0.9930070468736608,0.0,0,0.0,0.7563949690594868,0.0,0.1567076507726494,0.0
2022-03-15,0.2119200276542235,0,CALM,0.0240371499176597,0.9998797305182504,0.0,0,0.0,0.7542782773134354,0.0,0.2641934186730272,0.059347940711584495
2022-03-16,0.2041657699239145,0,CALM,0.0168866304582915,0.999720561546708,0.0,0,0.0,0.74654975906853,0.0,0.1683142492618589,0.0
2022-03-17,0.19545093540263347,0,CALM,0.0118434171863182,0.9624504055302696,0.0,0,0.0,0.6860813651391613,0.0,0.1895250105280186,0.0
2022-03-18,0.2136513579694237,0,CALM,0.0083539959696968,0.998257609997646,0.0,0,0.0,0.6076085312121301,0.0,0.3289799371385308,0.11911336977470283
2022-03-21,0.00276895872349117,0,CALM,0.0058574066502438,0.0065230353046511,0.0,0,0.0,0.782353823378547,0.0,0.0648476908387144,0.0
2022-03-22,0.18877154338978397,0,CALM,0.0041126742894297,0.8186234487126689,0.0,0,0.0,0.9054528453779844,0.1699410806278936,0.2760068104169995,0.07024577012103392
2022-03-23,0.2272839293754516,0,CALM,0.0029154179561049,0.9996528373355504,0.0,0,0.0,0.9150782385490712,0.18421509322646357,0.2887810514041617,0.08202998096668904
2022-03-24,0.1771879697077225,0,CALM,0.0020686539330561,0.7306728061027272,0.0,0,0.0,0.9967715208624608,0.30536245003913026,0.1633503721191714,0.0
2022-03-25,0.2322453366251849,0,CALM,0.0015061420537754,0.9599663025564632,0.0,0,0.0,1.046508127255619,0.37911953545342886,0.2211450074578855,0.01963587055105531
2022-03-28,0.24906142936427814,0,CALM,0.0012324105925611,0.9999482885497564,0.0,0,0.0,1.0464005558702316,0.37896001206742563,0.317666424706006,0.10867667799443997
2022-03-29,0.24357347102414992,0,CALM,0.0010443007388586,0.9999417648587108,0.0,0,0.0,1.04247998117666,0.3731459812455183,0.2650026418668855,0.06009444743141262
2022-03-30,0.18002414182533605,0,CALM,0.0008669045468046,0.6856856014968893,0.0,0,0.0,1.0785950479962496,0.42670295389257046,0.0803824396386897,0.0
2022-03-31,0.2516098752618084,0,CALM,0.0008257913666409,0.9998051642243718,0.0,0,0.0,1.07616237668806,0.4230954149293222,0.2988608028832153,0.0913285308234159
2022-04-01,0.19769585758562208,0,CALM,0.0008848492950633,0.7180028935512098,0.0,0,0.0,1.154145424382618,0.5387406655161429,0.1898456404907698,0.0
2022-04-04,0.25036422886854737,0,CALM,0.0010107675660085,0.9958099292266062,0.0,0,0.0,1.1344245431258857,0.5094955113172401,0.1531611881747583,0.0
2022-04-05,0.23275245917503884,0,CALM,0.0008659334459885,0.968537942653778,0.0,0,0.0,1.0526879137572946,0.38828387282786075,0.0813268602028104,0.0
2022-04-06,0.2309700893969068,0,CALM,0.0007571541873044,0.9998662912984216,0.0,0,0.0,0.998600961545826,0.3080754259039637,0.1464138326196194,0.0
2022-04-07,0.2176040670040063,0,CALM,0.0005666180855515,0.989656892711028,0.0,0,0.0,0.9225600945480438,0.19531033940412826,0.1266654769960812,0.0
2022-04-08,0.17463124485628545,0,CALM,0.0004097949073244,0.7914323901536428,0.0,0,0.0,0.900383301032119,0.1624231809872578,0.1812177011656613,0.0
2022-04-11,0.15377199626305993,0,CALM,0.0002969045550781,0.7577151107144912,0.0,0,0.0,0.8053866066771104,0.02154747981392142,0.1850623201789711,0.0
2022-04-12,0.20153382346455162,0,CALM,0.0002305719887091,0.9973247416808638,0.0,0,0.0,0.8025836180712409,0.017390777436920083,0.2028096528105303,0.002721543875095569
2022-04-13,0.19060655929340475,0,CALM,0.000172403356644,0.9021373333172844,0.0,0,0.0,0.7681951874179684,0.0,0.3097349596452317,0.10135991790786873
2022-04-14,0.0023449018246926253,0,CALM,0.0001272441321129,0.011565453958322,0.0,0,0.0,0.7523370059301268,0.0,0.1501365853216633,0.0
2022-04-19,0.17922078659147758,0,CALM,0.0001009916789244,0.8705602008304327,0.0,0,0.0,0.744203850556037,0.0,0.2549652617370961,0.05083498505659927
2022-04-20,0.21935825117582095,0,CALM,0.0002113332223649,0.9968182414943668,0.0,0,0.0,0.7184247488259523,0.0,0.4160308924626079,0.19941769571356346
2022-04-21,0.04146373439502197,0,CALM,0.003847638458802,0.2025091239016073,0.0,0,0.0,0.6753495439413116,0.0,0.1378456920967492,0.0
2022-04-22,0.36130714424235616,0,CALM,0.3023749599462146,0.9999999003703454,0.0,0,0.0,0.6594912348065983,0.0,1.1290043593512589,0.8571342418173346
2022-04-25,0.24837604616539594,0,CALM,0.2183995817694694,0.9556718075511929,0.0,0,0.0,0.6483750995774106,0.0,0.2284968088756861,0.026417892127900022
2022-04-26,0.21561399670877665,0,CALM,0.1532113697344448,0.8865557713758272,0.0,0,0.0,0.6580937611705466,0.0,0.0657203822248448,0.0
2022-04-27,0.21587689412124342,0,CALM,0.1072778241070222,0.9424973847433556,0.0,0,0.0,0.6523468315956822,0.0,0.2059078360102321,0.005579611458167144
2022-04-28,0.18840384926451617,0,CALM,0.0751171770872865,0.8481227749634727,0.0,0,0.0,0.6399419546256039,0.0,0.1841376825571248,0.0
2022-04-29,0.09701866972866018,0,CALM,0.0525983832481223,0.39199319216644,0.0,0,0.0,0.6221713830074385,0.0,0.2591597099394314,0.05470435483341592
2022-05-02,0.18825202164780339,0,CALM,0.0368470111966667,0.8938314557781216,0.0,0,0.0,0.6155888981152241,0.0,0.2028294176842172,0.0027397769301239112
2022-05-03,0.01010766060488253,0,CALM,0.0258066067103422,0.0182800446364849,0.0,0,0.0,0.6351947050266276,0.0,0.1207636993799354,0.0
2022-05-04,0.02290494386044955,0,CALM,0.01807895750837,0.0766097271822466,0.0,0,0.0,0.6155701497798758,0.0,0.2330655978258806,0.03063259046907729
2022-05-05,0.20308665741000728,0,CALM,0.0127227826696604,0.9995298087129608,0.0,0,0.0,0.7083416810565144,0.0,0.1560290232841434,0.0
2022-05-06,0.14412749521495177,0,CALM,0.0089334518876497,0.7094706612151966,0.0,0,0.0,0.7086308290036941,0.0,0.1212358726721254,0.0
2022-05-09,0.2378686712682333,0,CALM,0.0068721533422318,0.9999939575368768,0.0,0,0.0,0.6798590763003337,0.0,0.5917502231786224,0.36151841425299974
2022-05-10,0.21154311426042963,0,CALM,0.0048592370225151,0.9978070470012068,0.0,0,0.0,0.6845112962525525,0.0,0.3165740407363703,0.10766895604559483
2022-05-11,0.19920460869819692,0,CALM,0.0034295963048168,0.9917360481099636,0.0,0,0.0,0.6952392397954631,0.0,0.1978535691155912,0.0
2022-05-12,0.20526680949541226,0,CALM,0.0024406423804381,0.9989679257807812,0.0,0,0.0,0.7168760861218318,0.0,0.2525757196604977,0.04863063744146509
2022-05-13,0.23634966613212813,0,CALM,0.0019670828845324,0.9998143139648208,0.0,0,0.0,0.7025862660285888,0.0,0.5889663816175297,0.35895032618030864
2022-05-16,0.05562606979758591,0,CALM,0.0013873079055518,0.2652761128686197,0.0,0,0.0,0.715510512871997,0.0,0.2239681378345773,0.02224020247474014
2022-05-17,0.0996383925587864,0,CALM,0.0009839110220636,0.4659699929611062,0.0,0,0.0,0.6569919649063969,0.0,0.2670511176641805,0.06198416211049262
2022-05-18,0.21105657735856082,0,CALM,0.000717917532965,0.9879659473897632,0.0,0,0.0,0.6517863350434469,0.0,0.3438587946173407,0.13283908497366895
2022-05-19,0.1935157950160258,0,CALM,0.0005274418540871,0.9457908115171828,0.0,0,0.0,0.6515799991973666,0.0,0.2456673952560592,0.042257722490674526
2022-05-20,0.2097700241585305,0,CALM,0.000560584381698,0.988920362815472,0.0,0,0.0,0.6416158819039387,0.0,0.3282695672238488,0.1184580550001158
2022-05-23,0.024581984910247982,0,CALM,0.0059510264066284,0.1154711415429544,0.0,0,0.0,0.6365828382545324,0.0,0.0960197612716403,0.0
2022-05-24,0.34820433518350696,0,CALM,0.2983329030626198,0.9999975228783494,0.0,0,0.0,0.6560822502128355,0.0,0.9979274325720596,0.7362160484218209
2022-05-25,0.1486604054953497,0,CALM,0.4456512817413911,0.1862379253000096,0.0,0,0.0,0.6458546765727786,0.0,0.1283379076348673,0.0
2022-05-27,0.4225459830510494,1,WATCH,0.6065818386366978,0.9999999891129578,0.0,0,0.0,0.6607971131871169,0.0,0.9684305720419408,0.7090052556928338
2022-05-30,0.1075205040583627,0,CALM,0.4264720455847545,0.0045124633108704,0.0,0,0.0,0.7518938032328321,0.0,0.1279518360277867,0.0
2022-05-31,0.2280337029677281,0,CALM,0.2985563543356881,0.7211218430851133,0.0,0,0.0,0.7582760326799373,0.0,0.2992661445462873,0.0917024576678342
2022-06-01,0.2395183897115284,0,CALM,0.2090029384821914,0.9265362146797902,0.0,0,0.0,0.7552268179056085,0.0,0.2211105911195305,0.019604121550224767
2022-06-02,0.26374000389517355,0,CALM,0.1464323562171853,0.9719257490153456,0.0,0,0.0,0.7783266775728346,0.0,0.5548387431285562,0.32746765037808084
2022-06-03,0.2393414408941682,0,CALM,0.10337230982047,0.9899080790644976,0.0,0,0.0,0.753635931797158,0.0,0.3680630671734213,0.15516747626151173
2022-06-07,0.2857249246705922,0,CALM,0.1182244173225771,0.9999999724234296,0.0,0,0.0,0.7124635089348473,0.0,0.8087369915704037,0.5616882585526195
2022-06-08,0.0936347260678164,0,CALM,0.0862260870470989,0.3603910215302084,0.0,0,0.0,0.7117169465298311,0.0,0.091285258207561,0.0
2022-06-09,0.21422376254904713,0,CALM,0.0676773437237145,0.945188716173616,0.0,0,0.0,0.6848032320976246,0.0,0.2894714083662313,0.08266683383395292
2022-06-10,0.38684348848241934,0,CALM,0.3473739539330526,0.999999999995781,0.0,0,0.0,0.7199216913382595,0.0,1.2847851734370357,1.0
2022-06-13,0.3096101950143827,0,CALM,0.3027942196326033,0.9999501836226976,0.0,0,0.0,0.7041799686088924,0.0,0.5675741467311403,0.3392160338169239
2022-06-14,0.20522680104173538,0,CALM,0.2143039408059443,0.7582540792012464,0.0,0,0.0,0.6790460184914275,0.0,0.058999952973043,0.0
2022-06-15,0.0916194178485368,0,CALM,0.1507307455117901,0.2696836573529464,0.0,0,0.0,0.678931962646691,0.0,0.0991770384152857,0.0
2022-06-16,0.28195483041577757,0,CALM,0.1213452900792599,0.9999999184698694,0.0,0,0.0,0.7054505041660512,0.0,0.7594111176154021,0.5161852420198875
2022-06-17,0.22344751669618443,0,CALM,0.0852355263974181,0.9803128151803022,0.0,0,0.0,0.6948160394964278,0.0,0.2657248908344731,0.060760720607694683
2022-06-20,0.017853612784344327,0,CALM,0.0596825945812717,0.014664820695132,0.0,0,0.0,0.714658807121412,0.0,0.0396899257310227,0.0
2022-06-21,0.16891101290708607,0,CALM,0.0417913995248376,0.7923158151293833,0.0,0,0.0,0.7130376300909906,0.0,0.1771262051761818,0.0
2022-06-22,0.21039232129943836,0,CALM,0.0292935788413716,0.9985696698404704,0.0,0,0.0,0.7380967584859036,0.0,0.2362280284954679,0.03354992621001368
2022-06-23,0.1928385882385956,0,CALM,0.0209662243466256,0.9379851607596958,0.0,0,0.0,0.7366007373062188,0.0,0.1823472670314688,0.0
2022-06-24,0.2678519444751368,0,CALM,0.0459822901338375,0.9999999098419956,0.0,0,0.0,0.7374359517855246,0.0,0.8107702115080537,0.5635638997327833
2022-06-27,0.21361690063006847,0,CALM,0.0328008681705604,0.9953898517298172,0.0,0,0.0,0.7362588263133902,0.0,0.2685719560977305,0.06338713241464924
2022-06-28,0.20956375885448703,0,CALM,0.022985623998895,0.9340682733045808,0.0,0,0.0,0.7392194734700198,0.0,0.3841818087137162,0.17003698193847105
2022-06-29,0.014145216290090357,0,CALM,0.0160985143779023,0.0506029384780739,0.0,0,0.0,0.6853080895332152,0.0,0.1966095862228786,0.0
2022-06-30,0.1960701728001627,0,CALM,0.0112981883697962,0.9662281285385682,0.0,0,0.0,0.6705346110500509,0.0,0.1494023004934081,0.0
2022-07-01,0.19277810854344407,0,CALM,0.0079278261810179,0.9411670799550852,0.0,0,0.0,0.6694541181454873,0.0,0.22763986163281,0.02562736007172514
2022-07-04,0.00554503046292716,0,CALM,0.0055657425268912,0.0207679741560218,0.0,0,0.0,0.6540293410384237,0.0,0.1669812598529893,0.0
2022-07-05,0.2333513225616157,0,CALM,0.0045702172673762,0.999999617010984,0.0,0,0.0,0.7134154434245619,0.0,0.5490076168055708,0.3220884484257483
2022-07-06,0.16780604770552107,0,CALM,0.0032270805302436,0.8349963878648009,0.0,0,0.0,0.6881955505644627,0.0,0.1668853838144109,0.0
2022-07-07,0.22627131940226722,0,CALM,0.0023139444778271,0.9856322986871277,0.0,0,0.0,0.7149811733508831,0.0,0.5095227444211963,0.2856637354538491
2022-07-08,0.15244267765440112,0,CALM,0.001633700516741,0.7601712626260791,0.0,0,0.0,0.7141089371665227,0.0,0.1646736574832411,0.0
2022-07-11,0.1445448044767299,0,CALM,0.0011561971714185,0.7118064029138933,0.0,0,0.0,0.686047052318563,0.0,0.2203958192820397,0.01894474601096628
2022-07-12,0.1775001002523518,0,CALM,0.0008309786441034,0.8864617779566297,0.0,0,0.0,0.6862155412827126,0.0,0.1370735559258464,0.0
2022-07-13,0.2003172671086266,0,CALM,0.0006055128743791,0.9879999016052492,0.0,0,0.0,0.6873162718071858,0.0,0.2276742526239687,0.0256590856898196
2022-07-14,0.1606001900291372,0,CALM,0.0004626153429899,0.8024226809669486,0.0,0,0.0,0.6910032074052868,0.0,0.0510621738490318,0.0
2022-07-15,0.2220235210006576,0,CALM,0.0004053538819983,0.9997501300900598,0.0,0,0.0,0.6690466855771255,0.0,0.4380405564261458,0.21972156512146054
2022-07-18,0.014814404997958849,0,CALM,0.0003048177629262,0.0736910027861365,0.0,0,0.0,0.675505900721559,0.0,0.0544482376982647,0.0
2022-07-19,0.20274509136103117,0,CALM,0.0002737264393137,0.9998311107877154,0.0,0,0.0,0.7071295417073228,0.0,0.2292409664370987,0.027104375936596575
2022-07-20,0.17135339360051394,0,CALM,0.0002045916647855,0.8459072537331713,0.0,0,0.0,0.7089509862276092,0.0,0.2228491617737176,0.021207949376832944
2022-07-21,0.11702083644168088,0,CALM,0.000155512868377,0.5849097911229331,0.0,0,0.0,0.6967227382691614,0.0,0.1748632348573018,0.0
2022-07-22,0.09358046992226678,0,CALM,0.0001195739992928,0.4677528821122179,0.0,0,0.0,0.7051620993902677,0.0,0.1815045737834477,0.0
2022-07-25,0.03962084688711192,0,CALM,9.317687632526756e-05,0.197987763340153,0.0,0,0.0,0.7070220292789193,0.0,0.1659963101567284,0.0
2022-07-26,0.05124033133899866,0,CALM,7.382301745979534e-05,0.1923413712193506,0.0,0,0.0,0.7725779424638486,0.0,0.338110194643703,0.1275360134076359
2022-07-27,0.007759527329512537,0,CALM,5.859146594586462e-05,0.0103450230592316,0.0,0,0.0,0.8291306171947831,0.0567587485117975,0.1363910260065589,0.0
2022-07-28,0.18501025013632352,0,CALM,5.528893372171399e-05,0.917497899124606,0.0,0,0.0,0.8009501910624327,0.014968480779718685,0.1476176962205339,0.0
2022-07-29,0.1416280639601316,0,CALM,4.738287330457368e-05,0.6948522483075075,0.0,0,0.0,0.7926485443662358,0.002657522938916806,0.2256591556044904,0.023800162864123106
2022-08-02,0.03393659727884555,0,CALM,4.011796353417321e-05,0.1448091437241172,0.0,0,0.0,0.8204133179406371,0.04383139716443064,0.2061640770288278,0.005815993266954982
2022-08-03,0.2147153017962697,0,CALM,4.555318583597432e-05,0.9789085416450722,0.0,0,0.0,0.7985569261298682,0.011419379647750617,0.3925999198919725,0.17780267206021153
2022-08-04,0.07785287944344536,0,CALM,4.208929720773253e-05,0.3892117855957171,0.0,0,0.0,0.7064667696018647,0.0,0.1826094901675941,0.0
2022-08-05,0.0022483802118087436,0,CALM,3.865047836217362e-05,0.011193587961091,0.0,0,0.0,0.7254272605806321,0.0,0.0881417411862011,0.0
2022-08-08,0.023503698321231052,0,CALM,3.414906219226301e-05,0.1106880474406888,0.0,0,0.0,0.7373780487078114,0.0,0.2145755023240546,0.013575515675452227
2022-08-09,0.17208647196587282,0,CALM,3.775629135732045e-05,0.7732060000881554,0.0,0,0.0,0.751219726597902,0.0,0.3888662060258478,0.17435832875402393
2022-08-10,0.0545297187284538,0,CALM,4.585922724279736e-05,0.2725912696082155,0.0,0,0.0,0.7529829200788709,0.0,0.0383914484752567,0.0
2022-08-11,0.024391299940491634,0,CALM,3.902420086912066e-05,0.1158295813018778,0.0,0,0.0,0.751307981743796,0.0,0.2130370280001579,0.012156276298987884
2022-08-12,0.000528010935600398,0,CALM,3.427619305943197e-05,0.0025972094366777,0.0,0,0.0,0.787987635462505,0.0,0.1001825623654971,0.0
2022-08-15,0.008323394056561025,0,CALM,3.0358381008657915e-05,0.0415790223065443,0.0,0,0.0,0.7638027728688032,0.0,0.1885147012064329,0.0
2022-08-16,0.00223726667224863,0,CALM,2.745461832164004e-05,0.0111520150883411,0.0,0,0.0,0.7390505343548186,0.0,0.1909868447070468,0.0
2022-08-17,0.2162766792523517,0,CALM,4.1663114315600725e-05,0.993085466448412,0.0,0,0.0,0.7445979875100908,0.0,0.3911788107716613,0.1764917018409037
2022-08-18,0.000539667612450398,0,CALM,4.88768883135121e-05,0.0026372419518601,0.0,0,0.0,0.5844115719717894,0.0,0.1308805911674876,0.0
2022-08-19,0.21909680618829738,0,CALM,0.0002709229635605,0.9345854164465668,0.0,0,0.0,0.5619946336897459,0.0,0.5479577208490086,0.32111992158093905
2022-08-22,0.20436695226209553,0,CALM,0.0002362018946088,0.9771160179321692,0.0,0,0.0,0.6004982551952378,0.0,0.2961707710388925,0.08884698202009489
2022-08-23,0.0059829316079682785,0,CALM,0.0001819640116241,0.0287643543146133,0.0,0,0.0,0.5912468838503969,0.0,0.2018602236282244,0.0018456974213959315
2022-08-24,0.01889867906627637,0,CALM,0.0001474579628102,0.0943090728778691,0.0,0,0.0,0.5926542009798906,0.0,0.1668343990397835,0.0
2022-08-25,0.025947032807320032,0,CALM,0.0001247424541242,0.1140314494966971,0.0,0,0.0,0.5770685417225653,0.0,0.2335674769751329,0.03109557294449564
2022-08-26,0.19957163646460216,0,CALM,0.0001332539003289,0.9976916149475996,0.0,0,0.0,0.7032959478269191,0.0,0.1503722951079925,0.0
2022-08-29,0.16953065591418257,0,CALM,0.0001096638261812,0.8475161997881863,0.0,0,0.0,0.7031916698683737,0.0,0.1634878253329759,0.0
2022-08-30,0.20084550628832,0,CALM,0.000101138373203,0.9961837895606444,0.0,0,0.0,0.7631580002894798,0.0,0.2170244207272982,0.01583463782890383
2022-08-31,0.22149387063329878,0,CALM,0.000218975179842,0.9997191655811916,0.0,0,0.0,0.7835563040167701,0.0,0.4328713004805044,0.21495293722099948
2022-09-01,0.22698742818842513,0,CALM,0.0026624078777657,0.9996369869815788,0.0,0,0.0,0.795566567887253,0.006984816771135452,0.47840694120993,0.256959471455544
2022-09-02,0.27535155749070034,0,CALM,0.0481554950637093,0.9999998720472574,0.0,0,0.0,0.8183207801650391,0.04072826048824877,0.842027661578219,0.5923988326649662
2022-09-05,0.21659546177147984,0,CALM,0.0348302225295065,0.996896543591738,0.0,0,0.0,0.8482325118361753,0.08508597420755608,0.1728861165748984,0.0
2022-09-06,0.15353805604677004,0,CALM,0.02440062043296,0.7027119732845114,0.0,0,0.0,0.8373549563291434,0.06895506281627757,0.1961187727977919,0.0
2022-09-07,0.18906707619558213,0,CALM,0.0170908404447695,0.8826241101988617,0.0,0,0.0,0.825647067480007,0.05159280550743045,0.2335751322706428,0.0311026349387437
2022-09-08,0.21903843639017548,0,CALM,0.0119916045959835,0.9994632694895964,0.0,0,0.0,0.8550963451295057,0.09526472131554774,0.2716364179418469,0.06621409211705541
2022-09-09,0.22526722473652286,0,CALM,0.0084211457499658,0.9990153409635968,0.0,0,0.0,0.8461951857486646,0.08206471390954792,0.3641134766146206,0.15152398715357254
2022-09-12,0.22137235219704973,0,CALM,0.0059309536585982,0.999177485813689,0.0,0,0.0,0.7657399237789337,0.0,0.4172487493798461,0.20054116619662363
2022-09-13,0.1964874565082338,0,CALM,0.0041955323378573,0.9771928671188472,0.0,0,0.0,0.7617665173324024,0.0,0.0544817020162631,0.0
2022-09-14,0.032292358336812474,0,CALM,0.0029466285379078,0.1577785060116776,0.0,0,0.0,0.7002233391802876,0.0,0.1676503804663179,0.0
2022-09-15,0.04287227685633973,0,CALM,0.0020761631501681,0.2117661803439885,0.0,0,0.0,0.7024472265369534,0.0,0.1032099136373012,0.0
2022-09-16,0.007832317732109706,0,CALM,0.0014701168673277,0.0373239425763889,0.0,0,0.0,0.6294774759400505,0.0,0.1083839346679173,0.0
2022-09-19,0.18850390947209633,0,CALM,0.0010646972451552,0.9290461332049418,0.0,0,0.0,0.5970664468934063,0.0,0.2261848178517619,0.024285085198191603
2022-09-20,0.17605272280731132,0,CALM,0.0007923121038693,0.8792732239067199,0.0,0,0.0,0.6051677151372582,0.0,0.1290095350004325,0.0
2022-09-21,0.15566698584827124,0,CALM,0.0006165218937403,0.7775642768741808,0.0,0,0.0,0.5583039899256138,0.0,0.1501083156388139,0.0
2022-09-22,0.08794910755353655,0,CALM,0.0005066790051465,0.4391121890112496,0.0,0,0.0,0.5360124218035436,0.0,0.1359927801765394,0.0
2022-09-23,0.20865586333765893,0,CALM,0.0005535009556916,0.9975285740301082,0.0,0,0.0,0.5214422899682519,0.0,0.2975482818908204,0.09011773292714369
2022-09-26,0.0564120923062397,0,CALM,0.0005146578457135,0.2814171392240566,0.0,0,0.0,0.4808040037455253,0.0,0.1979487370343884,0.0
2022-09-27,0.19815695670533012,0,CALM,0.0005750851149801,0.9610276151696384,0.0,0,0.0,0.4871422246657976,0.0,0.2628152944018773,0.058076623926574235
2022-09-28,0.20957401557625008,0,CALM,0.0007038797035227,0.9975812151011276,0.0,0,0.0,0.5064176327828446,0.0,0.3069795154013134,0.09881802630143888
2022-09-29,0.10578396237570462,0,CALM,0.0007648218759156,0.5279637845336286,0.0,0,0.0,0.5187853971294896,0.0,0.0263143665056931,0.0
2022-09-30,0.09315943827742866,0,CALM,0.0005863018352948,0.4062839232507416,0.0,0,0.0,0.5562324583864104,0.0,0.3272969110388651,0.11756078168456637
2022-10-03,0.1981517383699776,0,CALM,0.000613783512614,0.9899914624591204,0.0,0,0.0,0.5827379901699922,0.0,0.1769315926688385,0.0
2022-10-04,0.2372864299998164,0,CALM,0.0021629428476454,0.999998097298366,0.0,0,0.0,0.6107553646813588,0.0,0.5981917921484033,0.36746074828231823
2022-10-05,0.009860204491570346,0,CALM,0.0015865239367837,0.0473178675368721,0.0,0,0.0,0.602572830948319,0.0,0.0739146896644061,0.0
2022-10-06,0.04269440224324657,0,CALM,0.0011459410578517,0.2120395848939182,0.0,0,0.0,0.5898335679906113,0.0,0.1024981717850171,0.0
2022-10-07,0.06926269057003763,0,CALM,0.0008329407039685,0.3452722769702275,0.0,0,0.0,0.5873325663180495,0.0,0.1410695343534956,0.0
2022-10-10,0.061095542105571714,0,CALM,0.0006045786132711,0.3047219872612697,0.0,0,0.0,0.5998174895933134,0.0,0.1856550106578843,0.0
2022-10-11,0.10899168397968467,0,CALM,0.0004421297157767,0.5241149351690019,0.0,0,0.0,0.61375611599455,0.0,0.2438505051905733,0.040581645169401256
2022-10-12,0.0710322437027875,0,CALM,0.0003315842842911,0.3537474400813259,0.0,0,0.0,0.6015879553925156,0.0,0.202025967884571,0.0019985961544954243
2022-10-13,0.1999745354718865,0,CALM,0.0003294165695907,0.999460906647444,0.0,0,0.0,0.6440705779514099,0.0,0.178829307047862,0.0
2022-10-14,0.21550643181827314,0,CALM,0.0003163803279929,0.9998236424700682,0.0,0,0.0,0.650466506061376,0.0,0.3674761890652779,0.15462608242261272
2022-10-17,0.18715393967701355,0,CALM,0.0002712985577416,0.9354305751878907,0.0,0,0.0,0.6185404395783083,0.0,0.1262210278887737,0.0
2022-10-18,0.20811663293217297,0,CALM,0.0002265397343323,0.9854211258111648,0.0,0,0.0,0.6189254857105557,0.0,0.3188382976566337,0.10975772836356916
2022-10-19,0.04750347639091322,0,CALM,0.0001693891715627,0.2196065967746468,0.0,0,0.0,0.6654262790635302,0.0,0.2382314706326434,0.03539809743093182
2022-10-20,0.01234580845099551,0,CALM,0.0001372498029406,0.0615574800013018,0.0,0,0.0,0.6813094340600463,0.0,0.0496120858124857,0.0
2022-10-21,0.20705656374228693,0,CALM,0.0001198554290248,0.9912310608249172,0.0,0,0.0,0.6810653106037705,0.0,0.2950400315676418,0.08780387720047282
2022-10-24,0.16986489935220653,0,CALM,0.0001088078516,0.8491884869465327,0.0,0,0.0,0.6624082468338901,0.0,0.1345731764531544,0.0
2022-10-25,0.10599122953826223,0,CALM,0.0001158611821317,0.5298113212136465,0.0,0,0.0,0.6576732804618938,0.0,0.0391718675821466,0.0
2022-10-26,0.05990287106141593,0,CALM,9.441589644549998e-05,0.2993963354365228,0.0,0,0.0,0.6685470028962998,0.0,0.1610955457591535,0.0
2022-10-27,0.15227332620886566,0,CALM,8.193465763112613e-05,0.7446015759571866,0.0,0,0.0,0.651654036361855,0.0,0.2359845020083856,0.03332527353020567
2022-10-28,0.17173558076674963,0,CALM,7.72852466778158e-05,0.8485873812774652,0.0,0,0.0,0.6386097332734308,0.0,0.2215265383362071,0.019987831995871334
2022-10-31,0.0020349099839916535,0,CALM,6.097444367149354e-05,0.0100983318653689,0.0,0,0.0,0.7069980589413127,0.0,0.1849508270905947,0.0
2022-11-01,0.10513886991004907,0,CALM,5.3789878645811344e-05,0.5135657021736147,0.0,0,0.0,0.6851932514814054,0.0,0.2260089202843252,0.024122820056646607
2022-11-02,0.016717229546103163,0,CALM,6.377835275768362e-05,0.0835064247895687,0.0,0,0.0,0.6338267362713907,0.0,0.0562673119573088,0.0
2022-11-03,0.1832914725564311,0,CALM,6.774412621418545e-05,0.8394455450065158,0.0,0,0.0,0.640975623478977,0.0,0.3666395398292947,0.1538542752357442
2022-11-04,0.203043814469351,0,CALM,8.493479250653118e-05,0.997924153442219,0.0,0,0.0,0.6744206082827465,0.0,0.2371251303668616,0.03437750082780579
2022-11-07,0.010010419089043864,0,CALM,7.925695086777138e-05,0.0499530242566346,0.0,0,0.0,0.6798105749701783,0.0,0.0417161412122776,0.0
2022-11-08,0.11310839061187558,0,CALM,6.651972859444003e-05,0.5384447804343576,0.0,0,0.0,0.6883152818623273,0.0,0.2584265821088435,0.05402804592855437
2022-11-09,0.010664942047567547,0,CALM,8.24195392767781e-05,0.0359465445175038,0.0,0,0.0,0.7517225068814789,0.0,0.2373124280933697,0.03455028259247592
2022-11-10,0.25090339174797965,0,CALM,0.0050183246230209,0.9999999911613237,0.0,0,0.0,0.8351241219481003,0.06564683867474497,0.6668971352190347,0.43084128492485174
2022-11-11,0.2215001603217325,0,CALM,0.00366776653716,0.989884576261952,0.0,0,0.0,0.7651504312775786,0.0,0.4449147932507998,0.22606303435052078
2022-11-14,0.08536074609738288,0,CALM,0.0025766861919762,0.4009153030107494,0.0,0,0.0,0.7371624171896327,0.0,0.249003356115662,0.045335139472389464
2022-11-15,0.008564125978526946,0,CALM,0.0018107491492369,0.0405571934560886,0.0,0,0.0,0.7355232459874647,0.0,0.1687533576960336,0.0
2022-11-16,0.004445856797166025,0,CALM,0.0012768625141949,0.0206332058430865,0.0,0,0.0,0.7405399246829647,0.0,0.0886407842832861,0.0
2022-11-17,0.17549367817741862,0,CALM,0.0009073342558287,0.8763342230673072,0.0,0,0.0,0.737322195438826,0.0,0.1703803249696759,0.0
2022-11-18,0.010727071673419577,0,CALM,0.0006437138821319,0.052830716014433,0.0,0,0.0,0.7477130735262928,0.0,0.1179234975748148,0.0
2022-11-21,0.0048269144780701415,0,CALM,0.0004565838566609,0.0041135172045805,0.0,0,0.0,0.8170883683000462,0.03890065072988816,0.1733877612657738,0.0
2022-11-22,0.11994567185163305,0,CALM,0.0003284662417711,0.5270231793477653,0.0,0,0.0,0.8130680278374479,0.03293867188978758,0.3208901114385909,0.11165052232658461
2022-11-23,0.0077678520171926835,0,CALM,0.000236191116572,0.0108727412122603,0.0,0,0.0,0.8281756389390165,0.055342559955976235,0.1733361922805136,0.0
2022-11-24,0.012642574346802342,0,CALM,0.0001725431454465,0.0089964036370974,0.0,0,0.0,0.863685188363562,0.10800157833021236,0.1544746228151382,0.0
2022-11-25,0.022619285171130498,0,CALM,0.0001304534398143,0.0063803245516037,0.0,0,0.0,0.9236505378225612,0.19692741631328173,0.2173973374091036,0.016178652695280116
2022-11-28,0.022729743709569962,0,CALM,0.0001026185010719,0.0112494003122344,0.0,0,0.0,0.9287853399464696,0.20454209021855108,0.127734089850684,0.0
2022-11-29,0.02533385288850451,0,CALM,8.346096454266979e-05,0.0205975947314533,0.0,0,0.0,0.933770388837884,0.2119346870107818,0.1383133728947576,0.0
2022-11-30,0.026354021865396537,0,CALM,7.392286124589218e-05,0.0049675569792534,0.0,0,0.0,0.9617453755174438,0.25342029754234385,0.109126696901625,0.0
2022-12-01,0.06205720094954986,0,CALM,6.511723015209745e-05,0.1818343941817635,0.0,0,0.0,0.9546638734757856,0.2429187577545396,0.2148423372068882,0.013821670302051723
2022-12-02,0.21287421628327313,0,CALM,6.612122885194641e-05,0.936649709706502,0.0,0,0.0,0.9587529312430504,0.24898264117714555,0.2066831089841664,0.006294799170451666
2022-12-05,0.015021958481666053,0,CALM,5.556676107479216e-05,0.0028558624441122,0.0,0,0.0,0.8882087889540443,0.14436894302574915,0.1057972212453094,0.0
2022-12-06,0.02633938483755032,0,CALM,4.7045935604267584e-05,0.0695332691709285,0.0,0,0.0,0.8746148058278639,0.12420969519463554,0.1653009589148334,0.0
2022-12-07,0.01626545241099455,0,CALM,4.107672576393175e-05,0.0246684041213387,0.0,0,0.0,0.8672007705805495,0.11321502405285826,0.1339669638050314,0.0
2022-12-08,0.023572738954829996,0,CALM,3.611771302867611e-05,0.0570010303580973,0.0,0,0.0,0.8676864665194054,0.11393528865162074,0.2082060898868148,0.0076997458979129185
2022-12-09,0.003139812052475116,0,CALM,4.23394839841429e-05,0.0156461359073954,0.0,0,0.0,0.5947548265131827,0.0,0.1437727577096602,0.0
2022-12-12,0.00042337915663386326,0,CALM,4.68211909636129e-05,0.0020583692944648,0.0,0,0.0,0.5887774309962893,0.0,0.1157577506960815,0.0
2022-12-13,0.19805615518810638,0,CALM,0.0001499275837499,0.9900933664608444,0.0,0,0.0,0.7693037093150226,0.0,0.0853913385838512,0.0
2022-12-14,0.02346272570435333,0,CALM,0.0023205990276568,0.052872437427009,0.0,0,0.0,0.7763142402047938,0.0,0.3332807758983383,0.12308088462037325
2022-12-15,0.35813553348650706,0,CALM,0.2835703466537873,0.999999999177973,0.0,0,0.0,0.8945409644752976,0.1537592662634773,0.9789075038835698,0.7186702036111791
2022-12-16,0.1353694476765014,0,CALM,0.2017547638523573,0.3742125413709826,0.0,0,0.0,0.8588845706183764,0.10088248439215552,0.1154417695335837,0.0
2022-12-19,0.17468625647479244,0,CALM,0.1414620188575573,0.5664483561813894,0.0,0,0.0,0.8544502096215837,0.09430653226118611,0.3798102986702801,0.1660042729800663
2022-12-20,0.21600005446749168,0,CALM,0.1029348424879299,0.8914470418910683,0.0,0,0.0,0.8716205515465582,0.1197693546729554,0.1672892237114693,0.0
2022-12-21,0.3840749595532038,0,CALM,0.3661707363656377,0.9999999619846552,0.0,0,0.0,0.8893479657713613,0.14605828952343056,1.044592570113268,0.7792645411252027
2022-12-22,0.2666306907945786,0,CALM,0.2642132852241698,0.905742285249379,0.0,0,0.0,0.9218714587500844,0.19428912438660298,0.0816075474868612,0.0
2022-12-23,0.08983104374149556,0,CALM,0.1850316314863512,0.1283144756543331,0.0,0,0.0,0.911630601734096,0.1791024073904113,0.1938451062647435,0.0
2022-12-27,0.11321247636753048,0,CALM,0.1295341990503241,0.2750234820521418,0.0,0,0.0,0.8809881487049862,0.13366106771584535,0.3349071747909999,0.12458123422936569
2022-12-28,0.040009282579894376,0,CALM,0.0907329005363138,0.0285702418961294,0.0,0,0.0,0.8691597437946778,0.11612009066590044,0.1091206321375253,0.0
2022-12-29,0.2422763819483617,0,CALM,0.0691759518720077,0.9952103244899804,0.0,0,0.0,0.8765561967256471,0.12708868804626758,0.3432902489542702,0.13231460277736945
2022-12-30,0.3831162981193771,0,CALM,0.34839983505026,0.9999999766103022,0.0,0,0.0,0.8469068538282307,0.08312008473473574,1.1505861029906836,0.8770433556127802
2023-01-03,0.34639970721015395,0,CALM,0.5098253786695573,0.9990288393766494,0.0,0,0.0,0.8941636397589684,0.1531997111721784,0.2412430091804863,0.038176235502169385
2023-01-04,0.482670395839929,1,WATCH,0.6568777634490619,0.9999999999914362,0.0,0,0.0,0.9152767994101112,0.1845095497937632,1.3605856804804597,1.0
2023-01-05,0.13576087364598982,0,CALM,0.4628807569558428,0.0040016651511975,0.0,0,0.0,0.9205999351720228,0.1924035137678961,0.1530431502514782,0.0
2023-01-06,0.3284809116141828,0,CALM,0.3244061459213861,0.9998364380458556,0.0,0,0.0,0.9219386605095164,0.19438878148566685,0.5030927660860676,0.2797320937609845
2023-01-09,0.1753382444197923,0,CALM,0.2271004867115282,0.5050159633082194,0.0,0,0.0,0.9092683522969144,0.17559930080266362,0.1731385094151125,0.0
2023-01-10,0.22663384721971833,0,CALM,0.158991154260442,0.7519076654004706,0.0,0,0.0,0.9092271975587172,0.17553827023060528,0.4052875510463232,0.1895069855145317
2023-01-11,0.1951908090818706,0,CALM,0.1113065137304371,0.698911076467292,0.0,0,0.0,0.9129681059734068,0.18108586427609064,0.3025521482556361,0.09473378928193844
2023-01-12,0.03750600014370964,0,CALM,0.077923753094769,0.0323817369947783,0.0,0,0.0,0.8687329294260075,0.11548714471061731,0.1123050414543711,0.0
2023-01-13,0.018061316308501864,0,CALM,0.0545555675298849,0.0027580693580638,0.0,0,0.0,0.8169585293284988,0.038708105544178764,0.0589751271652773,0.0
2023-01-16,0.023339613455738466,0,CALM,0.0381968050134953,0.0022973588071612,0.0,0,0.0,0.8807510116304784,0.133309404409324,0.1752235576458043,0.0
2023-01-17,0.0354810283550163,0,CALM,0.0267478646514227,0.1325460443986395,0.0,0,0.0,0.8062639457969073,0.022848533124327202,0.1049675385540394,0.0
2023-01-18,0.13092115015295433,0,CALM,0.0187829871782659,0.5319469522121417,0.0,0,0.0,0.8094443276565192,0.027564892230439213,0.3850037671891366,0.1707952369291559
2023-01-19,0.2582981960018096,0,CALM,0.0172996244020001,0.9999731602474824,0.0,0,0.0,0.804553788243766,0.020312448621056738,0.7629763157328838,0.519474129897074
2023-01-20,0.011984680909790546,0,CALM,0.0121439236967213,0.002358113644303,0.0,0,0.0,0.8480199619527563,0.08477077256749621,0.1478198548970721,0.0
2023-01-23,0.05146965899845693,0,CALM,0.0085091665647667,0.1555318052661441,0.0,0,0.0,0.8460443461525098,0.08184102576947853,0.3088234338724033,0.10051903727088579
2023-01-24,0.010617228420885857,0,CALM,0.0059626176946189,0.0326806774999524,0.0,0,0.0,0.8083245980001499,0.02590438497240652,0.1936746634008398,0.0
2023-01-25,0.12924073316415094,0,CALM,0.0041819340849508,0.5976568793090268,0.0,0,0.0,0.8093117337592676,0.027368261617411543,0.2641094461072956,0.059270476193667036
2023-01-26,0.008968220456452732,0,CALM,0.0029342225838282,0.0024068483618125,0.0,0,0.0,0.8431392828768647,0.07753295138133183,0.1392582775999878,0.0
2023-01-27,0.020193911424065222,0,CALM,0.0020607701222364,0.0572546710079057,0.0,0,0.0,0.8448898500114996,0.08012896142375596,0.2021888835252415,0.0021488854954938887
2023-01-30,0.20169143621922098,0,CALM,0.0014546917027369,0.9158545147782244,0.0,0,0.0,0.8216201535868259,0.04562107857400135,0.3472283846576531,0.1359475248049173
2023-01-31,0.14178248526854328,0,CALM,0.0010289749159082,0.6527759347528055,0.0,0,0.0,0.8155683640939884,0.03664655483982919,0.2790509591821981,0.07305399105022198
2023-02-01,0.0024981584816514578,0,CALM,0.0009979719490826,0.0043672058692333,0.0,0,0.0,0.7261340510465745,0.0,0.2147670773124386,0.013752243205341476
2023-02-02,0.2724666224494144,0,CALM,0.0477945856323192,0.9999965069409844,0.0,0,0.0,0.6918380271038088,0.0,0.8558899299636182,0.6051867465313769
2023-02-03,0.03898370818182926,0,CALM,0.0340084051847124,0.1524080344282558,0.0,0,0.0,0.6869376636395103,0.0,0.1258606956612692,0.0
2023-02-06,0.013842426514011526,0,CALM,0.0238264063920141,0.03942912458004,0.0,0,0.0,0.6558701316069635,0.0,0.1064581348168312,0.0
2023-02-07,0.005282099918482819,0,CALM,0.0166858868592778,0.0024254322058623,0.0,0,0.0,0.6747174142377249,0.0,0.2066404188660247,0.006255417624909092
2023-02-08,0.051410790263774334,0,CALM,0.0116896880137064,0.2144194650296423,0.0,0,0.0,0.679298444864627,0.0,0.2606127188511327,0.05604475254419277
2023-02-09,0.020973406352890855,0,CALM,0.0081916054522074,0.0876729553341541,0.0,0,0.0,0.6819434474825047,0.0,0.2149371546859863,0.013909139230081836
2023-02-10,0.03787206501084012,0,CALM,0.0057615724743562,0.1821583594612553,0.0,0,0.0,0.7191742073841859,0.0,0.0628243041169547,0.0
2023-02-13,0.24483518426862447,0,CALM,0.0047751958439174,0.9925104463916636,0.0,0,0.0,0.7101557143152651,0.0,0.6891754241331395,0.4513929602931237
2023-02-14,0.08204203962993505,0,CALM,0.0033671337583563,0.3693488273690006,0.0,0,0.0,0.6441338414846088,0.0,0.2793229555819209,0.0733049071654584
2023-02-15,0.22646735037813567,0,CALM,0.0024620859330112,0.9744375158597326,0.0,0,0.0,0.6405561635717005,0.0,0.5355168643439797,0.3096432572293634
2023-02-16,0.02160731566828554,0,CALM,0.0017372298196443,0.1058650410668723,0.0,0,0.0,0.6465387967970313,0.0,0.1646900243066665,0.0
2023-02-17,0.16232482185208835,0,CALM,0.0012320629642484,0.763738114682794,0.0,0,0.0,0.6513782128847684,0.0,0.3003386391791093,0.09269183174467442
2023-02-20,0.002243551403426903,0,CALM,0.0008734740401178,0.002857519935873,0.0,0,0.0,0.6140418786196407,0.0,0.2156175354358224,0.014536789062228527
2023-02-21,0.15985711487484777,0,CALM,0.0006318719014144,0.754221851362102,0.0,0,0.0,0.620802075659307,0.0,0.2958464171946253,0.08854776627073767
2023-02-22,0.12242574424461819,0,CALM,0.0004640938391644,0.5433561080979065,0.0,0,0.0,0.6154082364358027,0.0,0.3477026045275765,0.13638499165245785
2023-02-23,0.01804609396416836,0,CALM,0.0003390487654348,0.0365263660790473,0.0,0,0.0,0.6233469307875044,0.0,0.315372552427673,0.10656058557000198
2023-02-24,0.20810426227873097,0,CALM,0.0002750072781923,0.9985060729896384,0.0,0,0.0,0.6690703604135582,0.0,0.2902043366015064,0.08334295861255193
2023-02-27,0.08441001822243796,0,CALM,0.0002067416890424,0.4217916640008868,0.0,0,0.0,0.6705979840035022,0.0,0.158767405347407,0.0
2023-02-28,0.023535253641448737,0,CALM,0.0001551100756459,0.1174823806126863,0.0,0,0.0,0.6707226439922293,0.0,0.1790493319023237,0.0
2023-03-01,0.10645218700046023,0,CALM,0.0001240447173878,0.5321058791055664,0.0,0,0.0,0.6897790428955775,0.0,0.1300235754199054,0.0
2023-03-02,0.04835771905027528,0,CALM,0.0001093552475352,0.2416519011919574,0.0,0,0.0,0.6517924599261761,0.0,0.0911673823873757,0.0
2023-03-03,0.1833114283697193,0,CALM,0.0001757024816406,0.7497638294526184,0.0,0,0.0,0.6689742725311657,0.0,0.5609956330638357,0.33314736858785476
2023-03-06,0.000601443388633385,0,CALM,0.0001311058284729,0.0028433346575758,0.0,0,0.0,0.6981250941549497,0.0,0.1277788020396919,0.0
2023-03-07,0.000844425936921795,0,CALM,0.0001030722039879,0.0040932894296241,0.0,0,0.0,0.7028880271556356,0.0,0.0530620750817076,0.0
2023-03-08,0.0006686914120656265,0,CALM,8.459180979554588e-05,0.0032377172980837,0.0,0,0.0,0.6465620695741687,0.0,0.081815232187445,0.0
2023-03-09,0.008395721810639111,0,CALM,6.87125096493647e-05,0.0305200736627337,0.0,0,0.0,0.652355915530578,0.0,0.2245156588821497,0.022745289506800298
2023-03-10,0.15011754984000794,0,CALM,6.366297985135484e-05,0.732393181209847,0.0,0,0.0,0.662448524913125,0.0,0.2391332407877275,0.03622997853075681
2023-03-13,0.22053630757177056,0,CALM,0.0001519023504912,0.9999966722225424,0.0,0,0.0,0.8226374907003726,0.0471297424298715,0.370982051186871,0.1578602329665212
2023-03-14,0.2079070478397306,0,CALM,0.0001564506894035,0.9956382441963642,0.0,0,0.0,0.8497948593619573,0.087402863281069,0.1964380742692458,0.0
2023-03-15,0.2548402405482668,0,CALM,0.0013812705973362,0.9999999360885784,0.0,0,0.0,0.9675247140473332,0.2619907891078046,0.5065903066707856,0.28295856770436595
2023-03-16,0.2329713652543426,0,CALM,0.0018742446555493,0.998546438702801,0.0,0,0.0,1.011992975971084,0.32793516349895063,0.0700535196915865,0.0
2023-03-17,0.24408669495738058,0,CALM,0.0044001242648892,0.9998692761831408,0.0,0,0.0,1.0809047172793609,0.43012808654530116,0.0608384114705266,0.0
2023-03-20,0.2571729017484224,0,CALM,0.0083791497313162,0.9999954325758976,0.0,0,0.0,1.1622708380989972,0.5507902780041382,0.13084077757055,0.0
2023-03-21,0.2366300648180369,0,CALM,0.0066174986096562,0.9459172281135,0.0,0,0.0,1.0996472839086555,0.4579224454292284,0.1456907473690167,0.0
2023-03-22,0.16714379331693097,0,CALM,0.0048927620269432,0.5955202056305958,0.0,0,0.0,1.1065545604347182,0.4681656168407598,0.0803510298292092,0.0
2023-03-23,0.2356357062939917,0,CALM,0.0036022869667242,0.9403376568916766,0.0,0,0.0,1.1045003951669432,0.4651193848177561,0.2015468890498517,0.0015566469219972675
2023-03-24,0.24172721721758836,0,CALM,0.0029866631974467,0.996404577780908,0.0,0,0.0,1.0720496007926985,0.41699635862045087,0.0858726870385169,0.0
2023-03-27,0.20281659701819874,0,CALM,0.0034993313364906,0.8125572824448968,0.0,0,0.0,1.0567468429379885,0.3943030769509673,0.1027928966422493,0.0
2023-03-28,0.24183293177232454,0,CALM,0.0199310319464178,0.9578123968906526,0.0,0,0.0,1.064480018163173,0.4057710179097645,0.2509229123981309,0.047105926166131094
2023-03-29,0.3991002278460588,0,CALM,0.3136472937047886,0.9999999973894907,0.0,0,0.0,1.0573946472247564,0.3952637407271244,1.079666651665517,0.811620308692511
2023-03-30,0.3196251665039222,0,CALM,0.2526792436958032,0.9989006185674036,0.0,0,0.0,1.0589112178149631,0.39751274472378784,0.3833174078593283,0.16923957394111847
2023-03-31,0.13147921769295523,0,CALM,0.1796666741593705,0.2220907982411009,0.0,0,0.0,1.0750487074889528,0.4214438950489244,0.0690362250207604,0.0
2023-04-03,0.08940664926906816,0,CALM,0.1261722595777392,0.0438487460021478,0.0,0,0.0,1.1153807000831475,0.4812543734555914,0.2103570241358407,0.009683978286446628
2023-04-04,0.2748373351204106,0,CALM,0.0887479496111078,0.9769614604152744,0.0,0,0.0,1.0792525131089592,0.42767794422648503,0.356935818181487,0.1449026121193028
2023-04-05,0.06673742631787333,0,CALM,0.0648941399532149,0.026328518345467,0.0,0,0.0,1.0959785457981754,0.452481876604762,0.0488307455676925,0.0
2023-04-06,0.08066698178016425,0,CALM,0.0704101857813556,0.0214095740506802,0.0,0,0.0,1.177684046513463,0.5736473527419619,0.2152284434429793,0.014177852504931142
2023-04-11,0.10546647371939252,0,CALM,0.1541808756924882,0.0208721678232151,0.0,0,0.0,1.213977060172461,0.6274682123162746,0.0562795218762317,0.0
2023-04-12,0.3452616159264792,0,CALM,0.3064841775387834,0.9968037065061404,0.0,0,0.0,1.2151494743558753,0.6292068482896149,0.2687934435342124,0.06359145411593778
2023-04-13,0.48867300557573856,1,WATCH,0.5145389242771483,0.9999999997546618,0.0,0,0.0,1.1957125206817258,0.6003827455551908,1.5533203825397803,1.0
2023-04-14,0.2833505372448092,0,CALM,0.4588987429861737,0.5218419255799034,0.0,0,0.0,1.200825112320134,0.6079644823383897,0.2373773592874145,0.034610181484461204
2023-04-17,0.15399400771223135,0,CALM,0.3309544887565867,0.1166802262533136,0.0,0,0.0,1.1139909259417442,0.47919340272421945,0.1208597271862015,0.0
2023-04-18,0.10834530469090564,0,CALM,0.2322923090641201,0.0567095374346612,0.0,0,0.0,1.0533752761062394,0.38930319937943386,0.0506163119058218,0.0
2023-04-19,0.08668334368196032,0,CALM,0.1626282270351754,0.0613980525044703,0.0,0,0.0,0.958083536924832,0.24798996038355858,0.2968535062513864,0.08947680383916552
2023-04-20,0.031546906908902814,0,CALM,0.1138457716897554,0.0118852598797321,0.0,0,0.0,0.7525853012300566,0.0,0.2075387433553124,0.007084120105175465
2023-04-21,0.021252024397830454,0,CALM,0.0797019649198687,0.0066326658393164,0.0,0,0.0,0.7350666745754545,0.0,0.0623669099678593,0.0
2023-04-24,0.014604273988442376,0,CALM,0.0557972702127283,0.0032747821763015,0.0,0,0.0,0.7456377686896837,0.0,0.1725596568112495,0.0
2023-04-25,0.010356460597212024,0,CALM,0.0390638175488401,0.00295253105001,0.0,0,0.0,0.757972341992212,0.0,0.1912621454336318,0.0
2023-04-26,0.011690043534431462,0,CALM,0.0273565626534908,0.0242545143552938,0.0,0,0.0,0.644833125624021,0.0,0.1373911933532869,0.0
2023-04-27,0.006061110051423685,0,CALM,0.0191624275651357,0.0063525158006988,0.0,0,0.0,0.6133300183642637,0.0,0.15108304000788,0.0
2023-04-28,0.17666462781977646,0,CALM,0.0134297350768448,0.8511720312428845,0.0,0,0.0,0.6648464691985662,0.0,0.2331688907958571,0.030727878019883647
2023-05-02,0.14826530450707803,0,CALM,0.0094176733270158,0.7295544308766203,0.0,0,0.0,0.6971695102879518,0.0,0.144843709609118,0.0
2023-05-03,0.013716080156957293,0,CALM,0.0066800411122318,0.006896146931141,0.0,0,0.0,0.6781414248706317,0.0,0.3154894300416029,0.10666840492671142
2023-05-04,0.2237437333535392,0,CALM,0.0135685288876458,0.9914811013493208,0.0,0,0.0,0.7144514721383021,0.0,0.4389427194236843,0.22055380861763582
2023-05-05,0.527374492555338,1,WATCH,0.309497970221352,1.0,0.0,1,1.0,0.7326841225132792,0.0,2.928302591150718,1.0
2023-05-08,0.05941515971965539,0,CALM,0.2183562202011249,0.0042809787031629,0.0,0,0.0,0.7489593816129486,0.0,0.2428938028989408,0.03969908928741587
2023-05-09,0.03991923477141809,0,CALM,0.1528677865098429,0.0085114407197868,0.0,0,0.0,0.7479448174387013,0.0,0.1247032584525353,0.0
2023-05-10,0.027985694713481928,0,CALM,0.1070151927409222,0.0061594826412569,0.0,0,0.0,0.7044450567730257,0.0,0.1303462476927825,0.0
2023-05-11,0.11070270747749918,0,CALM,0.0749203136501935,0.4589490849166905,0.0,0,0.0,0.7126939445990665,0.0,0.2018411703547908,0.0018281208161270073
2023-05-12,0.10504666176804653,0,CALM,0.0524536107599579,0.4283515581173538,0.0,0,0.0,0.7037756461145307,0.0,0.2677506449103744,0.06262947454586269
2023-05-15,0.011609645413514074,0,CALM,0.0367248546807545,0.009844685932967,0.0,0,0.0,0.6839758927515014,0.0,0.2048404451135263,0.004594945567320488
2023-05-16,0.0072174180290553195,0,CALM,0.0257142041367422,0.0037112617038135,0.0,0,0.0,0.6904304723813365,0.0,0.2003647721609907,0.00046614654107070204
2023-05-17,0.007050695659924526,0,CALM,0.0180077290810681,0.0127438169482875,0.0,0,0.0,0.6882887889057893,0.0,0.1799082567470511,0.0
2023-05-19,0.2100044960426333,0,CALM,0.0126502047271547,0.9622440372761384,0.0,0,0.0,0.7146216598548754,0.0,0.3558829832282711,0.14393137405616935
2023-05-22,0.0031551974712579547,0,CALM,0.0106537721307171,0.0024587721928934,0.0,0,0.0,0.7198571089807762,0.0,0.1746670979509364,0.0
2023-05-23,0.376864409957429,0,CALM,0.307457640491502,0.9999999991727676,0.0,0,0.0,0.7149923752476793,0.0,1.6006563197007808,1.0
2023-05-24,0.27347763615641213,0,CALM,0.2235957077051464,0.9991943257727696,0.0,0,0.0,0.7798460956087961,0.0,0.3921617277918982,0.17739844075571634
2023-05-25,0.04161035657442634,0,CALM,0.1565693228270904,0.0105883756598506,0.0,0,0.0,0.7681779949296964,0.0,0.2036573116049754,0.0035035073568361916
2023-05-26,0.2242710531764781,0,CALM,0.1096127575791288,0.973527528683343,0.0,0,0.0,0.7775529612196348,0.0,0.2232997113746552,0.021623580450272864
2023-05-30,0.1234383993480021,0,CALM,0.0767437501992407,0.5211465692465033,0.0,0,0.0,0.7910125907830948,0.00023147948891267685,0.132262907184009,0.0
2023-05-31,0.25525528520326535,0,CALM,0.0541274821839154,0.9999681585644632,0.0,0,0.0,0.8149301384447272,0.035700095739784325,0.6135164720082449,0.38159773370415456
2023-06-01,0.017380005651923186,0,CALM,0.038128154156063,0.0382176397561001,0.0,0,0.0,0.792235091596777,0.0020443916168741585,0.1060752265513824,0.0
2023-06-02,0.27034453787599133,0,CALM,0.0484716076478216,0.9999962483456296,0.0,0,0.0,0.7734896520648078,0.0,0.83105206000148,0.5822738629490999
2023-06-05,0.012727182304018314,0,CALM,0.0341102266013383,0.0209981282684187,0.0,0,0.0,0.7326432622473786,0.0,0.1132431050568436,0.0
2023-06-06,0.01200768617093308,0,CALM,0.0238841225451169,0.0048958566761234,0.0,0,0.0,0.764921748671688,0.0,0.2546832632042644,0.05057484199429176
2023-06-07,0.007661794757925628,0,CALM,0.0167246564629897,0.0096983476002205,0.0,0,0.0,0.7640737538423334,0.0,0.2165636862426496,0.01540961122134103
2023-06-08,0.003828802157104,0,CALM,0.0117141133917984,0.004501369045772,0.0,0,0.0,0.7367406943071647,0.0,0.1249004839670743,0.0
2023-06-09,0.003108461140693955,0,CALM,0.0082058853541307,0.0052849490108064,0.0,0,0.0,0.7479540929484263,0.0,0.1701760939726912,0.0
2023-06-12,0.002560553745008305,0,CALM,0.0057552065916193,0.0056087604855174,0.0,0,0.0,0.7444771952782574,0.0,0.0419930563740758,0.0
2023-06-13,0.05536387914349932,0,CALM,0.0040405840368769,0.1843146367503053,0.0,0,0.0,0.7432137455345849,0.0,0.389462119654844,0.17490805784219035
2023-06-14,0.004366931457369545,0,CALM,0.0028357139760137,0.0182900148168306,0.0,0,0.0,0.7393091129776995,0.0,0.1365252421454354,0.0
2023-06-15,0.12137795368540304,0,CALM,0.0019947792099147,0.5474258762948672,0.0,0,0.0,0.7348478073830177,0.0,0.3233728421231608,0.1139408362395092
2023-06-16,0.001399363749777675,0,CALM,0.0014106810744107,0.005233467405875,0.0,0,0.0,0.7143065664190293,0.0,0.0209259357819342,0.0
2023-06-19,0.024843369798935658,0,CALM,0.0009964796141334,0.0580610775960042,0.0,0,0.0,0.7254033020859818,0.0,0.34058643907138,0.12982034376201465
2023-06-20,0.00060921744940831,0,CALM,0.0007041333531342,0.0021659205556238,0.0,0,0.0,0.7441470613565215,0.0,0.1231132371302135,0.0
2023-06-21,0.0006534820258878051,0,CALM,0.0005006369027997,0.0026416140009394,0.0,0,0.0,0.7238887260354002,0.0,0.0967120107903124,0.0
2023-06-22,0.21197074907658803,0,CALM,0.0003716474993767,0.9587276273954766,0.0,0,0.0,0.7288769451584082,0.0,0.4180963946762891,0.2013231172264853
2023-06-23,0.0015860063434132,0,CALM,0.0002700852575512,0.007592425145127,0.0,0,0.0,0.6594027939771473,0.0,0.1324448144152608,0.0
2023-06-26,0.06913079544702946,0,CALM,0.0002008848532862,0.3411656566409494,0.0,0,0.0,0.6642477058697405,0.0,0.2090458567128878,0.008474429055180432
2023-06-27,0.0005866048204287301,0,CALM,0.0001585085982526,0.0027348883543279,0.0,0,0.0,0.5990093953872837,0.0,0.0855184348744187,0.0
2023-06-28,0.02948668796758988,0,CALM,0.0001540576064779,0.0396453472455826,0.0,0,0.0,0.5795895150625054,0.0,0.4331294083203674,0.21519104116853882
2023-06-29,0.000496257771701795,0,CALM,0.0001415560111779,0.0023043438445366,0.0,0,0.0,0.5112459684725817,0.0,0.1872118326336731,0.0
2023-06-30,0.01291041564637161,0,CALM,0.000137220590681,0.0643805524935068,0.0,0,0.0,0.5422986739956009,0.0,0.1472536351473433,0.0
2023-07-03,0.01449837901726312,0,CALM,0.0001450165096939,0.0034548002351779,0.0,0,0.0,0.514041428477641,0.0,0.3491407180831223,0.13771164842804065
2023-07-04,0.0022104024634392134,0,CALM,0.0001441266801629,0.0021042655120636,0.0,0,0.0,0.5346577639419771,0.0,0.2188678276649975,0.017535176909857685
2023-07-05,0.021913008457604938,0,CALM,0.0008886882054596,0.0515448173962564,0.0,0,0.0,0.51635149653733,0.0,0.323240476547172,0.11381872926988755
2023-07-06,0.2567659915150312,0,CALM,0.0184282596649621,0.9999999698704416,0.0,0,0.0,0.7515692153254803,0.0,0.7652692166545764,0.5215893262470236
2023-07-07,0.10979543451774558,0,CALM,0.0130574473421138,0.5326553634110857,0.0,0,0.0,0.7682648995277762,0.0,0.1882349069567878,0.0
2023-07-10,0.03411187963031094,0,CALM,0.0091503874611412,0.1591214138251282,0.0,0,0.0,0.7699292448000978,0.0,0.1295970467778172,0.0
2023-07-11,0.003076211016091725,0,CALM,0.0064223625674989,0.007353101871085,0.0,0,0.0,0.7700808027538656,0.0,0.0395928287561457,0.0
2023-07-12,0.24396990793231446,0,CALM,0.0050659751648084,0.9999758143139028,0.0,0,0.0,0.8018247118308307,0.016265354605436367,0.6451907160134082,0.4108171581778814
2023-07-13,0.007117652413624931,0,CALM,0.0035662126171543,0.0217282812042329,0.0,0,0.0,0.8035368863560143,0.018804430184897757,0.0323451598303375,0.0
2023-07-14,0.00842012491156723,0,CALM,0.0025033386303874,0.0024232407217102,0.0,0,0.0,0.8401475979519611,0.0730964210962834,0.1327691216456837,0.0
2023-07-17,0.0579309364664862,0,CALM,0.0017615095890936,0.247840064371812,0.0,0,0.0,0.8442805933207747,0.07922546194850393,0.1409444920554596,0.0
2023-07-18,0.00980344676060496,0,CALM,0.0012435711299016,0.0024616948778093,0.0,0,0.0,0.8515476360747755,0.090002150025677,0.0463393808432474,0.0
2023-07-19,0.18569483239400503,0,CALM,0.0008809270778432,0.8488171660685804,0.0,0,0.0,0.8202101666143046,0.04353013314955411,0.3229833612692988,0.11358154095872745
2023-07-20,0.009611775028882186,0,CALM,0.0006229788761861,0.0330752328632163,0.0,0,0.0,0.8100140994105112,0.028409837371924013,0.1820704648681842,0.0
2023-07-21,0.007059269742550452,0,CALM,0.000442708755935,0.0233616615207878,0.0,0,0.0,0.8062060002055225,0.022762602494091413,0.1522976126282548,0.0
2023-07-24,0.02677628473052413,0,CALM,0.0003199762431005,0.0281445773277638,0.0,0,0.0,0.8394430330718943,0.07205158398720883,0.3501277334452465,0.1386221680547536
2023-07-25,0.011006607510405171,0,CALM,0.0002868437068175,0.0025609131497195,0.0,0,0.0,0.861139971513814,0.10422713953756896,0.1466716426912645,0.0
2023-07-26,0.20451491357271737,0,CALM,0.0082899455314184,0.9221942731685344,0.0,0,0.0,0.9122599660623798,0.18003572556155867,0.0795028084709544,0.0
2023-07-27,0.40228921198794165,1,WATCH,0.305802961857259,1.0,0.0,0,0.0,0.965093030694259,0.25838471523626894,1.4881729603013476,1.0
2023-07-28,0.18341883001862713,0,CALM,0.2213094132509789,0.5214683936603,0.0,0,0.0,0.9513321592398838,0.23797797973822424,0.1559339726954289,0.0
2023-07-31,0.07639758957834718,0,CALM,0.1581713847982115,0.059038288862161,0.0,0,0.0,0.9537476533508809,0.24156004571301606,0.2095188998299072,0.008910810350604927
2023-08-02,0.32400474121764244,0,CALM,0.1633927190522315,0.9999999643390168,0.0,0,0.0,0.9724259779364516,0.2692591366192957,0.8094072268923063,0.5623065492485163
2023-08-03,0.15431102426679513,0,CALM,0.1153346541666625,0.5237055217194864,0.0,0,0.0,0.9306872695602516,0.20736256381232243,0.1013880790882071,0.0
2023-08-04,0.05177987252283888,0,CALM,0.0807741853071379,0.0563013003984377,0.0,0,0.0,0.9279212340485014,0.20326066116366862,0.0372374742197444,0.0
2023-08-07,0.06260195877186513,0,CALM,0.0565491515373266,0.1987118586922793,0.0,0,0.0,0.8144370384665982,0.03496885129344732,0.2565036447483381,0.05225414019732882
2023-08-08,0.1284092289755036,0,CALM,0.0395978793840569,0.567822276758615,0.0,0,0.0,0.8242041581683065,0.04945303777766383,0.0994163329236876,0.0
2023-08-09,0.202274749452926,0,CALM,0.0277314852518822,0.9372438516971588,0.0,0,0.0,0.8440820814322897,0.07893107800523687,0.1881033052069597,0.0
2023-08-10,0.21384573398883733,0,CALM,0.0194274800731582,0.9801779105612418,0.0,0,0.0,0.867035742867508,0.11297029559208811,0.21781345790528,0.01656252299090624
2023-08-11,0.23257140778959492,0,CALM,0.0136278569255364,0.9977723925929584,0.0,0,0.0,0.8582500680651818,0.09994154647126824,0.4124974516940038,0.1961581039249233
2023-08-14,0.018941278478864405,0,CALM,0.0095475308677779,0.0267603017229619,0.0,0,0.0,0.8663971919762911,0.11202335417327551,0.1467846407195578,0.0
2023-08-15,0.15175893204065663,0,CALM,0.0066994707068088,0.7258754473219047,0.0,0,0.0,0.823959181688388,0.04908974899573502,0.1203924100769674,0.0
2023-08-16,0.014586843789317086,0,CALM,0.004949278971826,0.0312896677186655,0.0,0,0.0,0.8386772108169653,0.07091590502627484,0.1969437876080351,0.0
2023-08-17,0.2743485406293659,0,CALM,0.0440823936086251,0.999992472146003,0.0,0,0.0,0.8035569446375951,0.018834175688161987,0.8659425875106316,0.6144603022919285
2023-08-18,0.2073325748636059,0,CALM,0.0313025908797134,0.9347531952945138,0.0,0,0.0,0.805710609245858,0.02202796062816652,0.3120926910233744,0.10353492021958126
2023-08-21,0.20362172368358228,0,CALM,0.0219276782035524,0.939277860662454,0.0,0,0.0,0.7960537926054253,0.00770734847887046,0.3029870351306504,0.09513497152316334
2023-08-22,0.13219672863820905,0,CALM,0.0153620231116345,0.6409033964224817,0.0,0,0.0,0.7920402400278047,0.001755435758040701,0.1171649250078476,0.0
2023-08-23,0.027419159142025872,0,CALM,0.0107612136100049,0.1171301401323094,0.0,0,0.0,0.7171082876123333,0.0,0.2139822884771019,0.013028277130627692
2023-08-24,0.18353278423790537,0,CALM,0.0075668659653469,0.9082053387328431,0.0,0,0.0,0.6518696990531468,0.0,0.1130036438617965,0.0
2023-08-25,0.042410533924997995,0,CALM,0.005311487664054,0.1961081082344222,0.0,0,0.0,0.6367575486862881,0.0,0.2200333876930613,0.01861040362100046
2023-08-28,0.2173023023804639,0,CALM,0.0038507698856217,0.9258579268470132,0.0,0,0.0,0.6022040911743322,0.0,0.5377249865573853,0.3116802453965584
2023-08-29,0.0035043383192808236,0,CALM,0.0027062936106706,0.0071104496050056,0.0,0,0.0,0.6365459082481082,0.0,0.2150971666724829,0.014056749956120536
2023-08-30,0.0043719105424186,0,CALM,0.0019094265012352,0.019472769585549,0.0,0,0.0,0.5978745608053121,0.0,0.1846530541150501,0.0
2023-08-31,0.0016778661464921202,0,CALM,0.0013575900859236,0.0066923431250561,0.0,0,0.0,0.5646468242958953,0.0,0.1500154643498172,0.0
2023-09-01,0.007089929211395049,0,CALM,0.0009690678970519,0.0217284203874357,0.0,0,0.0,0.5727266527237215,0.0,0.2269812385002608,0.02501978159644935
2023-09-04,0.0510454693596817,0,CALM,0.0007031939036823,0.2303692275621538,0.0,0,0.0,0.5704427633869862,0.0,0.2518468467735578,0.047958253713303624
2023-09-05,0.029874868150354415,0,CALM,0.0005196996172346,0.1315824245568722,0.0,0,0.0,0.5560926228337976,0.0,0.2370244065839166,0.034284583346713284
2023-09-06,0.00057479534483872,0,CALM,0.0003948176911632,0.0023804546102396,0.0,0,0.0,0.5638509321936259,0.0,0.048097031485441,0.0
2023-09-07,0.0012902458122893,0,CALM,0.0003001750571452,0.006076010240015,0.0,0,0.0,0.5538169646709274,0.0,0.1573119857924516,0.0
2023-09-08,0.1457268373582498,0,CALM,0.0002537160307182,0.7100144085981902,0.0,0,0.0,0.5499699265947053,0.0,0.2395400577214805,0.036605266309321975
2023-09-11,0.008956972060811058,0,CALM,0.0002032241980163,0.0184424634892568,0.0,0,0.0,0.5469669633692008,0.0,0.2564197344647462,0.05217673313455622
2023-09-12,0.000489681296530405,0,CALM,0.0001751254927781,0.0022294996166794,0.0,0,0.0,0.5475036974709631,0.0,0.0631285361989992,0.0
2023-09-13,0.006351523396091947,0,CALM,0.000152586016502,0.0143749246431271,0.0,0,0.0,0.5324684619490301,0.0,0.2371320884373438,0.03438391963341026
2023-09-14,0.07830664185551885,0,CALM,0.0001626087024336,0.3913299483995522,0.0,0,0.0,0.5522059506928723,0.0,0.1177615703072886,0.0
2023-09-15,0.04325787008166491,0,CALM,0.0001481372138972,0.1507702217965528,0.0,0,0.0,0.5555238107655981,0.0,0.3415052166651589,0.13066791418880047
2023-09-18,0.03576224676905327,0,CALM,0.0001327635551539,0.1520866376838013,0.0,0,0.0,0.5521206973433136,0.0,0.2574393034758884,0.05311728343504533
2023-09-19,0.0018542861859141488,0,CALM,0.000109491037944,0.0038085207129679,0.0,0,0.0,0.5730954991964649,0.0,0.2114064731614152,0.010652092838345686
2023-09-20,0.0029924753960488553,0,CALM,0.0001012453937035,0.0148358202381149,0.0,0,0.0,0.5508385757875999,0.0,0.1882716281983025,0.0
2023-09-21,0.18045545941309876,0,CALM,0.000114508852828,0.8423405643793375,0.0,0,0.0,0.5674052920513891,0.0,0.3294935680649843,0.1195871932402426
2023-09-22,0.007132951132423019,0,CALM,0.0001662917237815,0.014018958138358,0.0,0,0.0,0.4630795067717222,0.0,0.2463374707418187,0.042875865738060424
2023-09-25,0.00620510386629622,0,CALM,0.0002416006903684,0.0307235184685206,0.0,0,0.0,0.4862734556475016,0.0,0.0745002323625247,0.0
2023-09-26,0.0012218647051097451,0,CALM,0.0002488846004533,0.0057982177749821,0.0,0,0.0,0.4864267835036743,0.0,0.104015910057796,0.0
2023-09-27,0.003249793502823603,0,CALM,0.0002252326825225,0.0032859251570014,0.0,0,0.0,0.4884428907682731,0.0,0.2273532950664233,0.025363003007926977
2023-09-28,0.004394532905803895,0,CALM,0.0002421831817255,0.0216699355518626,0.0,0,0.0,0.4983455388124411,0.0,0.0974298492271125,0.0
2023-09-29,0.1345769886190172,0,CALM,0.0002932120630794,0.5840302666100563,0.0,0,0.0,0.4971400255824899,0.0,0.3917041463378615,0.17697632281236075
2023-10-02,0.05252741412324026,0,CALM,0.0003029278915284,0.2622584107517908,0.0,0,0.0,0.5553035656165688,0.0,0.04214801782925,0.0
2023-10-03,0.0030769203066630547,0,CALM,0.0002616965331535,0.0150574808668734,0.0,0,0.0,0.558621379739087,0.0,0.0487936234360952,0.0
2023-10-04,0.05554741545888556,0,CALM,0.0002160569575144,0.2774670060975348,0.0,0,0.0,0.5770602953120221,0.0,0.1413768952259211,0.0
2023-10-05,0.0015739919710218914,0,CALM,0.0001651570000066,0.0037306238785323,0.0,0,0.0,0.6011199529598186,0.0,0.2083860724647046,0.007865779453137814
2023-10-06,0.00829714781407207,0,CALM,0.000241375807215,0.0411840193113416,0.0,0,0.0,0.594464444744824,0.0,0.1730450854384992,0.0
2023-10-09,0.00227038672908697,0,CALM,0.006901236375927,0.0027253881755261,0.0,0,0.0,0.5789683514707731,0.0,0.0647967240534696,0.0
2023-10-10,0.35492714604868525,0,CALM,0.3031331131543834,0.9999999724973012,0.0,0,0.0,0.614390861593237,0.0,1.0577895552860694,0.7914387326062909
2023-10-11,0.06560846465623457,0,CALM,0.2223512787036899,0.0398386305538726,0.0,0,0.0,0.5979435225998341,0.0,0.2221133761847538,0.020529188695375795
2023-10-12,0.07739978995037099,0,CALM,0.1631679386717631,0.1428951439611472,0.0,0,0.0,0.5906325642298597,0.0,0.2868924660628573,0.08028776490200769
2023-10-13,0.31096509812909806,0,CALM,0.2035876742038632,0.9999791117871932,0.0,0,0.0,0.5644697047593937,0.0,0.851051789749151,0.6007235722069358
2023-10-16,0.048668849560699196,0,CALM,0.1446911086412187,0.0624803620019726,0.0,0,0.0,0.5594898244736317,0.0,0.1848358873960334,0.0
2023-10-17,0.07315242308725459,0,CALM,0.1013685867013383,0.2203784119896864,0.0,0,0.0,0.5605917915069624,0.0,0.2403429579858836,0.037345940139827206
2023-10-18,0.07661911121076978,0,CALM,0.0710080149425262,0.2782511209646443,0.0,0,0.0,0.524043193299254,0.0,0.2347309049295253,0.03216883282209367
2023-10-19,0.013857176191970525,0,CALM,0.0497554192379421,0.007091606912425,0.0,0,0.0,0.5271883909760445,0.0,0.1689372771764396,0.0
2023-10-20,0.23080166078928002,0,CALM,0.0354412781450333,0.9320764644143354,0.0,0,0.0,0.5242672269998483,0.0,0.5849665433894349,0.35526048370154606
2023-10-23,0.047813150571904314,0,CALM,0.0248828378781371,0.1985781458059531,0.0,0,0.0,0.5197591056657744,0.0,0.2202043537038929,0.01876811941179421
2023-10-24,0.0059819979388801145,0,CALM,0.0174679124700931,0.0080750991067842,0.0,0,0.0,0.5112837739215028,0.0,0.1240515174193448,0.0
2023-10-25,0.00494760645644885,0,CALM,0.012267146837529,0.009404098735333,0.0,0,0.0,0.5163521848091371,0.0,0.179660236669027,0.0
2023-10-26,0.02794265418465825,0,CALM,0.0086743206208884,0.1229193694464284,0.0,0,0.0,0.4787435078212741,0.0,0.2127613906358932,0.011902001401504726
2023-10-27,0.02710372132594747,0,CALM,0.0061659510911358,0.1278111677658176,0.0,0,0.0,0.487412801542756,0.0,0.1519515293157745,0.0
2023-10-30,0.017805811374492428,0,CALM,0.0043572882448953,0.0142443576591182,0.0,0,0.0,0.5375113910143985,0.0,0.350186280741714,0.13867617781444963
2023-10-31,0.001418520447959155,0,CALM,0.0031296390546555,0.0031805534214764,0.0,0,0.0,0.488731408963585,0.0,0.0734172780766888,0.0
2023-11-01,0.003442546678288025,0,CALM,0.0022723302156981,0.0143723206218175,0.0,0,0.0,0.4854172266553009,0.0,0.1260741539543239,0.0
2023-11-02,0.13289284877000454,0,CALM,0.0016804482469507,0.6556544037140286,0.0,0,0.0,0.5031597103920782,0.0,0.2144053599139375,0.013418559654611327
2023-11-03,0.0019524629731399205,0,CALM,0.0012190491565698,0.0028153530610022,0.0,0,0.0,0.4988610400406909,0.0,0.2116169970809567,0.010846300717970303
2023-11-06,0.000658155963168635,0,CALM,0.0009116334384359,0.0021512380177983,0.0,0,0.0,0.5158876112811615,0.0,0.0355486084045544,0.0
2023-11-07,0.000649074021838955,0,CALM,0.0006629987528099,0.0024166216681824,0.0,0,0.0,0.5448831138742409,0.0,0.1608739762317115,0.0
2023-11-08,0.006257270427279721,0,CALM,0.0005542172256256,0.0305935806043666,0.0,0,0.0,0.5086688072474258,0.0,0.0646559971098961,0.0
2023-11-09,0.049116449304815596,0,CALM,0.0004433789472115,0.2450280228400636,0.0,0,0.0,0.5200067567362826,0.0,0.1961103680086023,0.0
2023-11-10,0.0017185463028414416,0,CALM,0.0003464972371672,0.0070126928223583,0.0,0,0.0,0.529481435253352,0.0,0.2023460099434661,0.0022938342907798167
2023-11-13,0.06531354459246187,0,CALM,0.0005083015983635,0.1411003611614023,0.0,0,0.0,0.6090519246322293,0.0,0.6005801133100137,0.36966396960590536
2023-11-14,0.19691080838001856,0,CALM,0.0003847514750149,0.9365695254940124,0.0,0,0.0,0.6327260008705322,0.0,0.3028484793739106,0.0950071541246234
2023-11-15,0.000490417780450845,0,CALM,0.0002813286919701,0.0021004280372916,0.0,0,0.0,0.6653252719872418,0.0,0.0555153379491968,0.0
2023-11-16,0.00045378802484296503,0,CALM,0.0002072702485845,0.0020098523134842,0.0,0,0.0,0.7360670398536389,0.0,0.0400766313388476,0.0
2023-11-17,0.1266871006496735,0,CALM,0.0001578263856851,0.5483453275082837,0.0,0,0.0,0.7371411953876346,0.0,0.3839095084571812,0.16978578551595488
2023-11-20,0.007840594735400159,0,CALM,0.0001178511501713,0.0020485170373108,0.0,0,0.0,0.8407665412783738,0.07401428540395173,0.1651294991070907,0.0
2023-11-21,0.022193727928265156,0,CALM,9.621622740041462e-05,0.0020502416884901,0.0,0,0.0,0.9375881535154856,0.21759625533717034,0.1878484688365902,0.0
2023-11-22,0.030778198131453886,0,CALM,9.15021810907486e-05,0.0023123954559135,0.0,0,0.0,0.995130191764872,0.30292843494998495,0.1760216466026497,0.0
2023-11-23,0.04803189304404969,0,CALM,0.000253399048297,0.002007105264674,0.0,0,0.0,1.1116158144402764,0.4756712222904063,0.094776469672707,0.0
2023-11-24,0.057408526991569536,0,CALM,0.0002847605063141,0.0243561085067184,0.0,0,0.0,1.1058420024066786,0.46710892626317363,0.2622468394089561,0.05755222537329966
2023-11-27,0.042690898597429264,0,CALM,0.0002864446291749,0.0025421909942016,0.0,0,0.0,1.074822535470429,0.4211084924129522,0.062946489937082,0.0
2023-11-28,0.13841742497007795,0,CALM,0.0003095336383204,0.3954119482197915,0.0,0,0.0,1.0793450026477491,0.42781510193198935,0.3784630265425098,0.16476141723340587
2023-11-29,0.23298668953316592,0,CALM,0.0002981575799187,0.9253390941827148,0.0,0,0.0,1.080642127632255,0.429738678251591,0.2526559337413216,0.048704634764841846
2023-11-30,0.04280569041036626,0,CALM,0.0002946663698441,0.018491965855941,0.0,0,0.0,1.054071931082451,0.3903363064671703,0.1328280931815878,0.0
2023-12-01,0.24811458665053038,0,CALM,0.0013058086587525,0.8871810790779592,0.0,0,0.0,0.975009235599574,0.2730899881776012,0.6664504280912151,0.43042919852490263
2023-12-04,0.02934808063986241,0,CALM,0.0009499722238104,0.0031462634630167,0.0,0,0.0,0.9829146480115416,0.2848133489130647,0.1706628936738397,0.0
2023-12-05,0.24959928234115958,0,CALM,0.0007312795722587,0.985762397794152,0.0,0,0.0,0.990488119520135,0.29604445665142715,0.4454918545908782,0.2265953722412177
2023-12-06,0.03223845161441343,0,CALM,0.0005330367503249,0.0129971936685805,0.0,0,0.0,0.989822610065785,0.29505753693116105,0.1167088854694819,0.0
2023-12-07,0.026667821674106147,0,CALM,0.000390438260854,0.0020584051473472,0.0,0,0.0,0.9578935164459784,0.24770816880778282,0.2149024692491385,0.013877141986449222
2023-12-08,0.22803065194253583,0,CALM,0.00029491704035,0.9667279136979564,0.0,0,0.0,0.9070643166930288,0.1723308180073777,0.3882420882742537,0.17378258142119277
2023-12-11,0.015189346462099133,0,CALM,0.0002145911856286,0.0026801330573764,0.0,0,0.0,0.8893064479677506,0.14599672054216703,0.1675333155187763,0.0
2023-12-12,0.019196798462851695,0,CALM,0.0001579461630559,0.0109294739605918,0.0,0,0.0,0.888875899282229,0.1453582367678217,0.2262616194699666,0.024355934531871876
2023-12-13,0.000602715009812155,0,CALM,0.0001163360809403,0.0028681549478854,0.0,0,0.0,0.7556740716710495,0.0,0.1931603943441836,0.0
2023-12-14,0.21345966829909255,0,CALM,9.741891368682388e-05,0.9814886245670428,0.0,0,0.0,0.8888868442147007,0.14537446759613326,0.2280453464510498,0.026001418976489183
2023-12-15,0.07895481762028511,0,CALM,7.786916102359341e-05,0.2859944103330561,0.0,0,0.0,0.9016105540636832,0.16424314043440022,0.2574439200333938,0.05312154219977971
2023-12-18,0.013939412658982646,0,CALM,6.28508404929878e-05,0.0023582142761149,0.0,0,0.0,0.881567737406634,0.1345205709363642,0.1310153205244485,0.0
2023-12-19,0.014667203025174687,0,CALM,5.37023479353922e-05,0.0020286212658774,0.0,0,0.0,0.8869353768767982,0.14248053185015358,0.1390254734990024,0.0
2023-12-20,0.012073204534808406,0,CALM,4.431025251367732e-05,0.0116178281996015,0.0,0,0.0,0.8565265259740414,0.09738561331759686,0.1887195485673276,0.0
2023-12-21,0.035565575763052824,0,CALM,4.2302160790072855e-05,0.0608466358401601,0.0,0,0.0,0.8381723278915748,0.07016718701447715,0.3773011012234138,0.16368954353375573
2023-12-22,0.002743970728382047,0,CALM,3.558793095557345e-05,0.0023263990088922,0.0,0,0.0,0.7625138119503936,0.0,0.2244643307797193,0.022697939438647136
2023-12-27,0.002991721682809802,0,CALM,3.0800059073675066e-05,0.0025278039236119,0.0,0,0.0,0.7604982015652115,0.0,0.2267263081030676,0.02478460883319003
2023-12-28,0.04263718767334146,0,CALM,3.0407778170997585e-05,0.1462916223432746,0.0,0,0.0,0.7583007986965721,0.0,0.3448057101615562,0.13371261260143782
2023-12-29,0.011011697533410044,0,CALM,2.909022309557468e-05,0.0028492893419053,0.0,0,0.0,0.774543617927593,0.0,0.3129715557320524,0.1043456710925509
2024-01-03,0.21071239700579594,0,CALM,3.416076057218398e-05,0.9824309598452712,0.0,0,0.0,0.8485652136929313,0.0855793556633045,0.2612116798260759,0.05659729280268197
2024-01-04,0.0092652080505535,0,CALM,3.2319106026295647e-05,0.003311557867075,0.0,0,0.0,0.8488139142007919,0.08594816700631926,0.0887781210423856,0.0
2024-01-05,0.20167284020078727,0,CALM,3.5197825756297665e-05,0.9135211648412882,0.0,0,0.0,0.8925019050302635,0.1507354354764837,0.2419870832442106,0.03886264228442144
2024-01-08,0.0613412523147637,0,CALM,3.715384556836301e-05,0.2232515187518604,0.0,0,0.0,0.9033459154325938,0.1668166010299953,0.1190480542571018,0.0
2024-01-09,0.0417193949583237,0,CALM,3.645216261753872e-05,0.1249605228856619,0.0,0,0.0,0.90359216207585,0.16718177340536933,0.146013842990724,0.0
2024-01-10,0.02027280355994711,0,CALM,3.446661695132592e-05,0.005614388421286,0.0,0,0.0,0.910290334316368,0.17711485283902217,0.2153589444087598,0.014298239375498593
2024-01-11,0.1879390405413396,0,CALM,4.683087832143041e-05,0.8502254335278145,0.0,0,0.0,0.9114418256280804,0.17882246116196318,0.0932616922667698,0.0
2024-01-12,0.017740462618541546,0,CALM,4.192003477785871e-05,0.0103816386519288,0.0,0,0.0,0.8964137690650913,0.15653654879461323,0.1323947618401284,0.0
2024-01-15,0.09077224512291754,0,CALM,3.864883112420468e-05,0.3470483086955186,0.0,0,0.0,0.882580326202509,0.1360221932568849,0.2838781000535672,0.07750701850344285
2024-01-16,0.13412928936715748,0,CALM,3.817707675907926e-05,0.5444213956596706,0.0,0,0.0,0.8785685286125604,0.13007288310154982,0.3324145321517524,0.12228177655878604
2024-01-17,0.040204857790226166,0,CALM,3.4957150579176485e-05,0.1401489463392217,0.0,0,0.0,0.8728976903070776,0.12166329234737029,0.1813970673995103,0.0
2024-01-18,0.02582218215091927,0,CALM,3.122782122673321e-05,0.1133902622154389,0.0,0,0.0,0.8120056586316519,0.03136322752524808,0.1968603958174545,0.0
2024-01-19,0.020661682057180858,0,CALM,2.961655554475961e-05,0.0821768180910593,0.0,0,0.0,0.819305896891204,0.04218914300082805,0.1441465879073674,0.0
2024-01-22,0.002170227018006036,0,CALM,4.810125516822098e-05,0.0054294045344218,0.0,0,0.0,0.7980874767697164,0.010723207973296208,0.0814693152180021,0.0
2024-01-23,0.00235893477035015,0,CALM,0.002542924485251,0.008616018245187,0.0,0,0.0,0.7248609599782982,0.0,0.0921197272291221,0.0
2024-01-24,0.5272726860975168,1,WATCH,0.3017800471396757,1.0,0.0,1,1.0,0.8031810512060648,0.018276743125978368,2.430533978173406,1.0
2024-01-25,0.10340824140199109,0,CALM,0.4083176127759806,0.0066441910399797,0.0,0,0.0,0.783907105097862,0.0,0.0821623657142825,0.0
2024-01-26,0.41421723560883433,1,WATCH,0.5693778507488287,0.9999998875366812,0.0,0,0.0,0.7730495015319785,0.0,0.978970106226579,0.7187279541429087
2024-01-29,0.11606585544886933,0,CALM,0.401221049715595,0.005002871233083,0.0,0,0.0,0.7911644020111455,0.00045660851411534134,0.35936505626592,0.1471435792194243
2024-01-30,0.07759056087290488,0,CALM,0.280885318073024,0.0020518762384091,0.0,0,0.0,0.8377821431289304,0.06958856106967042,0.0781704284959565,0.0
2024-01-31,0.04987914801374448,0,CALM,0.1966259034475376,0.0036133607593004,0.0,0,0.0,0.785425336434612,0.0,0.1455748176736992,0.0
2024-02-01,0.037294128092377206,0,CALM,0.1376440710500382,0.0113181252011699,0.0,0,0.0,0.7474093483705415,0.0,0.2065747658962808,0.006194852896336724
2024-02-02,0.03793021192566966,0,CALM,0.0963578736111127,0.0223140074760852,0.0,0,0.0,0.747835932303073,0.0,0.3015175995851563,0.09377942027674446
2024-02-05,0.018095328708070596,0,CALM,0.067456288147857,0.0032405021732938,0.0,0,0.0,0.7452302230845804,0.0,0.2061809541372137,0.005831562364475876
2024-02-06,0.012478029616399195,0,CALM,0.0472254336509263,0.0033583560183381,0.0,0,0.0,0.7437803597286324,0.0,0.1594986466946996,0.0
2024-02-07,0.016699955744213457,0,CALM,0.0330654978237753,0.0020353738574104,0.0,0,0.0,0.8324766209071524,0.06172071716038083,0.2199617825311604,0.018544348007494684
2024-02-08,0.010551916915514258,0,CALM,0.0231526655889674,0.0037409819580016,0.0,0,0.0,0.8179345784823814,0.04015554126672088,0.1181758568213323,0.0
2024-02-09,0.004651894625537032,0,CALM,0.0162132000633222,0.0027165720375649,0.0,0,0.0,0.7665312895498975,0.0,0.2004587078525629,0.000552802021935026
2024-02-12,0.07219833611362358,0,CALM,0.0114739290767674,0.157251666771285,0.0,0,0.0,0.8016701301569936,0.016036117137351782,0.5930951297343975,0.3627590877643955
2024-02-13,0.19953832773731717,0,CALM,0.0080452440652312,0.933596951807694,0.0,0,0.0,0.8568079626461458,0.09780297087711808,0.2109958488021001,0.0102732927175875
2024-02-14,0.022498569404646725,0,CALM,0.0056387812473457,0.0295720214220614,0.0,0,0.0,0.8567889683539635,0.09777480322088915,0.2583635455819502,0.05396989486309104
2024-02-15,0.02928942647990322,0,CALM,0.0039554133121447,0.0428986185420688,0.0,0,0.0,0.8540749758297908,0.09375007791420416,0.31200975999783,0.10345841652032868
2024-02-16,0.011661200957852088,0,CALM,0.0027752122969662,0.0074131151284095,0.0,0,0.0,0.8496235535312525,0.08714882466236261,0.2082051988485111,0.007698923916923766
2024-02-19,0.009854358329893426,0,CALM,0.0019490219203139,0.0036234848157204,0.0,0,0.0,0.8447847351334569,0.07997308092445472,0.206852408846008,0.006450977942253982
2024-02-20,0.01453462256331254,0,CALM,0.0013734988949187,0.0020399978536736,0.0,0,0.0,0.883801058453672,0.13783248268848144,0.1540255686501738,0.0
2024-02-21,0.01428144579472151,0,CALM,0.0009720234434424,0.0020904756777878,0.0,0,0.0,0.8827025516798407,0.1362034479830335,0.0746675805612807,0.0
2024-02-22,0.1382218594369328,0,CALM,0.0006891755249817,0.643715019215424,0.0,0,0.0,0.7792761843332675,0.0,0.3007438274943387,0.09306561712602567
2024-02-23,0.00056977562203286,0,CALM,0.0004890566509596,0.0022375572964648,0.0,0,0.0,0.7698082494005584,0.0,0.1134411565468768,0.0
2024-02-26,0.0035316407118229655,0,CALM,0.0003517501452101,0.0020028188770911,0.0,0,0.0,0.7221591847780253,0.0,0.2328474981837099,0.030431394001022207
2024-02-27,0.019038677656630244,0,CALM,0.0002599769459871,0.0042172992913879,0.0,0,0.0,0.7247425201633899,0.0,0.3963934932444641,0.18130223561855888
2024-02-28,0.007961385617238526,0,CALM,0.0001931233659232,0.002002151905585,0.0,0,0.0,0.8144360180967584,0.034967338132198704,0.2433927921244935,0.04015940581420854
2024-02-29,0.0036695433804463024,0,CALM,0.0001411384053343,0.002572222079767,0.0,0,0.0,0.8118943376298194,0.031198143631593275,0.194139116969587,0.0
2024-03-01,0.0031003874308566837,0,CALM,0.0001050185619527,0.0042199819572843,0.0,0,0.0,0.8058949733008333,0.022301363989116488,0.1421188727094675,0.0
2024-03-04,0.0029872642600662505,0,CALM,7.981231887083799e-05,0.0021189806121445,0.0,0,0.0,0.8080081792291243,0.025435150579196406,0.1958481834053238,0.0
2024-03-05,0.0030829770299370986,0,CALM,6.336043981018488e-05,0.0020505246939775,0.0,0,0.0,0.8087736577590715,0.02657031981189052,0.0977423324247485,0.0
2024-03-06,0.021693716839210973,0,CALM,5.380949923691888e-05,0.0367280651660029,0.0,0,0.0,0.8066687483449236,0.023448836568312748,0.3298301373882829,0.11989767774369886
2024-03-07,0.2526168361744041,0,CALM,0.0002436643943486,0.9999826085274331,0.0,0,0.0,0.9499809979176556,0.23597427003064367,0.5138110773243438,0.2896197136726597
2024-03-08,0.023880601633022445,0,CALM,0.0001914630839778,0.0024259182110623,0.0,0,0.0,0.9482960175971596,0.23347552219815534,0.0979698004081992,0.0
2024-03-11,0.26043071906361415,0,CALM,0.0003661801097924,0.9976798833792124,0.0,0,0.0,0.972124177732535,0.2688115808845443,0.5675788718385184,0.339220392718691
2024-03-12,0.18023669946765947,0,CALM,0.0002839392501893,0.7410720905064354,0.0,0,0.0,0.995717963501176,0.3038000732321788,0.2168924469644274,0.01571289230607183
2024-03-13,0.01825615871741135,0,CALM,0.0002079212478701,0.0050591637075339,0.0,0,0.0,0.9067896207515264,0.17192345663937045,0.1507401550615598,0.0
2024-03-14,0.04555452238909666,0,CALM,0.000156915477935,0.1277917221403667,0.0,0,0.0,0.925432167666102,0.1995694909153957,0.1620663489702543,0.0
2024-03-15,0.17893805756855066,0,CALM,0.0001271618556447,0.722914343989761,0.0,0,0.0,0.9410209968196362,0.22268700308133027,0.3305339896376574,0.12054697998554272
2024-03-18,0.0230120995454124,0,CALM,0.0001358023524731,0.0035902209037911,0.0,0,0.0,0.9409630345819224,0.22260104776535902,0.1078016295008703,0.0
2024-03-19,0.27097425552756654,0,CALM,0.0028305113918206,0.9958957561488704,0.0,0,0.0,0.94032855213918,0.22166013966734158,0.7301746105590154,0.4892146248310316
2024-03-20,0.11875154253850682,0,CALM,0.0021873885295598,0.436738550821149,0.0,0,0.0,0.9211896695246792,0.19327806251930849,0.3248372938240033,0.1152917898995622
2024-03-21,0.27662998227416935,0,CALM,0.0053092352094471,0.9999975837310282,0.0,0,0.0,0.994603511353083,0.30214739227467075,0.6886238941012631,0.45088417498134875
2024-03-22,0.05662605061160446,0,CALM,0.0037899573822491,0.106728820678701,0.0,0,0.0,0.9697085313114878,0.26522928904099724,0.2845194714219566,0.07809868226202256
2024-03-25,0.030183617807366288,0,CALM,0.0026699465769992,0.0155552634296418,0.0,0,0.0,0.9689138306717264,0.26405078477188126,0.1233333113037928,0.0
2024-03-26,0.016149205210336304,0,CALM,0.0018789982835423,0.0028083443310888,0.0,0,0.0,0.892800250319276,0.1511778677323297,0.0922554518947879,0.0
2024-03-27,0.01269293399390423,0,CALM,0.0013249452568763,0.0028269485123449,0.0,0,0.0,0.8704025264134609,0.11796307977216175,0.0751291782633704,0.0
2024-03-28,0.012265901358258016,0,CALM,0.0009355627914266,0.0033153069716614,0.0,0,0.0,0.7543302578247943,0.0,0.3231003823472408,0.11368949266069085
2024-04-02,0.18241941464636624,0,CALM,0.0006695981941305,0.8843205937375025,0.0,0,0.0,0.8271886921219784,0.05387896350333088,0.1328823513148549,0.0
2024-04-03,0.03440820737984753,0,CALM,0.0004895468907337,0.0087218536114236,0.0,0,0.0,0.8720881851480928,0.12046283366141597,0.4220297893753604,0.20495166568737785
2024-04-04,0.016162089471396184,0,CALM,0.0003502098758834,0.0031969051173413,0.0,0,0.0,0.8621389512939553,0.10570858031759722,0.2525890985854041,0.048642979471973526
2024-04-05,0.06415170943275042,0,CALM,0.0002532305427526,0.2764588496154816,0.0,0,0.0,0.8501748142124855,0.08796631873965939,0.187270219640074,0.0
2024-04-08,0.028500582132366892,0,CALM,0.0001845490567419,0.0997816339913734,0.0,0,0.0,0.8481618464424036,0.0849811806990674,0.186424261494112,0.0
2024-04-09,0.09678346128116054,0,CALM,0.0001379932626677,0.4289911438304188,0.0,0,0.0,0.755203070201397,0.0,0.318566875508353,0.10950734199409838
2024-04-10,0.1944290449126787,0,CALM,0.0001106643128663,0.9514061283420716,0.0,0,0.0,0.8186399210567673,0.041201531660478026,0.1714399449869556,0.0
2024-04-11,0.15955670893213528,0,CALM,8.84579089685932e-05,0.7541729726642793,0.0,0,0.0,0.8495231960891442,0.08699999922037259,0.1729088936980136,0.0
2024-04-12,0.20992704932193978,0,CALM,8.826512481305618e-05,0.9583110408653436,0.0,0,0.0,0.9138729787172556,0.18242774867667785,0.1106363235851757,0.0
2024-04-15,0.22896417396576016,0,CALM,8.310791992799507e-05,0.9889482377605766,0.0,0,0.0,0.925430884000218,0.19956758729829918,0.3212363287058205,0.1119699070383291
2024-04-16,0.06900375146905229,0,CALM,7.119577891033745e-05,0.243394199170885,0.0,0,0.0,0.9277934254326416,0.20307112690147688,0.1489142895174815,0.0
2024-04-17,0.2223310069312244,0,CALM,7.099740387525447e-05,0.9743719343925972,0.0,0,0.0,0.9517075864428404,0.23853472090501057,0.2387256600150332,0.03585398611235078
2024-04-18,0.026135890091383753,0,CALM,6.248118163580778e-05,0.0230727678199328,0.0,0,0.0,0.9358759672314546,0.2150571623198824,0.1287822120427892,0.0
2024-04-19,0.1749161275024242,0,CALM,9.458825122413328e-05,0.7709209738361364,0.0,0,0.0,0.930498654713506,0.2070828567239085,0.1977747375247781,0.0
2024-04-22,0.027335093199494783,0,CALM,0.0027814430208942,0.0278035552383594,0.0,0,0.0,0.9329986364694643,0.2107902139659935,0.1592406701284797,0.0
2024-04-23,0.35512646743192405,0,CALM,0.2608847257307855,0.99999975229275,0.0,0,0.0,0.911903417717589,0.17950698086769712,0.9798572848002168,0.7195463745390797
2024-04-24,0.10582121883974838,0,CALM,0.185129836488239,0.2177426481857263,0.0,0,0.0,0.8986833962072005,0.15990230080543374,0.1724774057337493,0.0
2024-04-25,0.24753501799265698,0,CALM,0.1297316794651566,0.9629754979323448,0.0,0,0.0,0.9426279129946652,0.2250699853989886,0.0713859682943098,0.0
2024-04-26,0.24065422121828997,0,CALM,0.0908305256197187,0.9378344797883792,0.0,0,0.0,0.9157628525848784,0.18523034415684883,0.3283872253741337,0.11856659439999562
2024-04-29,0.07992336438301112,0,CALM,0.0635947130034292,0.2454953456835759,0.0,0,0.0,0.8915043920915369,0.1492561699543863,0.1945603491421327,0.0
2024-04-30,0.2565939387489545,0,CALM,0.0449891317333662,0.9999291598281308,0.0,0,0.0,0.8202880797934415,0.04364567478830362,0.6442643242675361,0.4099625637115642
2024-05-02,0.016305737198633284,0,CALM,0.0315016073771625,0.0032802435766566,0.0,0,0.0,0.8432808348390815,0.07774286639011338,0.1786709619850957,0.0
2024-05-03,0.010927352494005515,0,CALM,0.0220593490424519,0.0270625761669627,0.0,0,0.0,0.7269277657512184,0.0,0.1938913190070763,0.0
2024-05-06,0.0068377091201484805,0,CALM,0.015696530253424,0.0145678827839624,0.0,0,0.0,0.6240354894761189,0.0,0.1797989404273577,0.0
2024-05-07,0.26633464619602976,0,CALM,0.0332076182208514,0.9974375039630646,0.0,0,0.0,0.6429274249630897,0.0,0.8344976455530497,0.5854524084820396
2024-05-08,0.006253234426084245,0,CALM,0.0233970942040325,0.0020198043753806,0.0,0,0.0,0.7709247342969541,0.0,0.1392773743370037,0.0
2024-05-10,0.005257223223706551,0,CALM,0.016388136132504,0.0023892966250649,0.0,0,0.0,0.7954576513961951,0.006823298655675716,0.0523022581450788,0.0
2024-05-13,0.017170933414194976,0,CALM,0.0114804723132265,0.0020750046074432,0.0,0,0.0,0.8778544365921375,0.1290139176842541,0.2105307352829215,0.009844226459743014
2024-05-14,0.030545908508940088,0,CALM,0.0080457219304014,0.0226049399339395,0.0,0,0.0,0.8901933528639823,0.1473119594563105,0.3004807632864033,0.09282294093920784
2024-05-15,0.013832652471014341,0,CALM,0.0056436605329446,0.0020544271000491,0.0,0,0.0,0.8718492603055804,0.12010851917768371,0.0470016686669505,0.0
2024-05-16,0.01239118509602953,0,CALM,0.0039585342033945,0.0025529924996949,0.0,0,0.0,0.8642974476071639,0.10890953045241926,0.1141189869660723,0.0
2024-05-17,0.020921372864923987,0,CALM,0.0027783588122701,0.0160061251319477,0.0,0,0.0,0.8692489346391223,0.11625235656035797,0.2583996756698338,0.05400322479431125
2024-05-21,0.01126861253704868,0,CALM,0.0019514662106936,0.024792610240579,0.0,0,0.0,0.8301174928013398,0.0582222393625948,0.1670251674924001,0.0
2024-05-22,0.01645342377800526,0,CALM,0.0013741674650525,0.0023155121808071,0.0,0,0.0,0.8771050107585724,0.1279025538573577,0.2308245634481188,0.028565240898449435
2024-05-23,0.04507689303489298,0,CALM,0.0009693758154606,0.1509155451502296,0.0,0,0.0,0.8535672781873975,0.09299718580735977,0.2578728342786855,0.05351721470245931
2024-05-24,0.14197161588455617,0,CALM,0.0006877374093702,0.6223708334054423,0.0,0,0.0,0.8644975314291272,0.10920624550028389,0.2692893242088674,0.06404890301096745
2024-05-27,0.01510405140109919,0,CALM,0.0004888783321375,0.0027412052819918,0.0,0,0.0,0.8644223396463675,0.10909473956641251,0.2380613571008146,0.035241168050252035
2024-05-28,0.018064121033852736,0,CALM,0.0003570002967546,0.0331270042429364,0.0,0,0.0,0.8673893651768289,0.11349470111076804,0.0504366145783124,0.0
2024-05-29,0.23392755361348744,0,CALM,0.0003716825848469,0.9991358230049188,0.0,0,0.0,0.7896844857162374,0.0,0.5685049345624172,0.34007468366291954
2024-05-30,0.025912301392541144,0,CALM,0.0002675367237564,0.099748760619012,0.0,0,0.0,0.7684669367056495,0.0,0.2637692552992088,0.058956650877996446
2024-05-31,0.000881862198064405,0,CALM,0.0001929965820325,0.0041680652627814,0.0,0,0.0,0.7561129832465681,0.0,0.1971874424991491,0.0
2024-06-03,0.059365293601457675,0,CALM,0.0001436472449355,0.2656224241771949,0.0,0,0.0,0.7080807716456315,0.0,0.2671213697865655,0.06204896954784811
2024-06-04,0.12141490186763697,0,CALM,0.0001099890021605,0.5624409763351711,0.0,0,0.0,0.7314863984983165,0.0,0.2963280738100825,0.08899209350062605
2024-06-05,0.21897973534063309,0,CALM,0.0001070578793966,0.9711220741162394,0.0,0,0.0,0.7517024306198549,0.0,0.4679202932902871,0.2472855604753603
2024-06-06,0.0004508376120052905,0,CALM,8.246784416540176e-05,0.0021511032548197,0.0,0,0.0,0.7457898606996886,0.0,0.0915103168206555,0.0
2024-06-07,0.08353406067829165,0,CALM,6.6215625424853e-05,0.4175875338596772,0.0,0,0.0,0.7866234824815682,0.0,0.1741017415977666,0.0
2024-06-10,0.17740302779748776,0,CALM,5.794894489708421e-05,0.8250955978941928,0.0,0,0.0,0.7683812972170371,0.0,0.3339456285609755,0.12369420982424918
2024-06-11,0.2006561029748335,0,CALM,0.0001373571025947,0.9487628975967016,0.0,0,0.0,0.8641506536437343,0.10869184179844497,0.1123298281696465,0.0
2024-06-12,0.23343923429131505,0,CALM,0.0040176307037044,0.9979193863637826,0.0,0,0.0,0.8099831025023937,0.028363870391757987,0.5252213027996965,0.3001456230345662
2024-06-13,0.286980691271141,0,CALM,0.0664749295597134,0.9999998758928365,0.0,0,0.0,0.8585268387913354,0.10035198464888984,0.8538098232283672,0.6032678523775638
2024-06-14,0.25336317093910193,0,CALM,0.0525582758878096,0.9999895283614268,0.0,0,0.0,0.9290597607275464,0.2049490435363818,0.4137438669455965,0.1973079194122599
2024-06-17,0.11521434172675994,0,CALM,0.0368863354212658,0.4462555866908301,0.0,0,0.0,0.9037503813947816,0.1674164053327747,0.1229820974920885,0.0
2024-06-18,0.026787869453873063,0,CALM,0.0258774081108408,0.0370639353558696,0.0,0,0.0,0.8778836929776089,0.12905730354988945,0.1208212005380727,0.0
2024-06-19,0.07705542658124266,0,CALM,0.0230962120782904,0.1829211271300674,0.0,0,0.0,0.9016374431090772,0.16428301564426395,0.3978961850677064,0.18268846571230182
2024-06-20,0.38041226263857825,0,CALM,0.3161647839722848,0.9999999440194388,0.0,0,0.0,0.8094992554719698,0.027646347638630598,1.268766395678499,0.9860644307775619
2024-06-21,0.0626639006869303,0,CALM,0.2242975935307563,0.0237377886336013,0.0,0,0.0,0.8032772798660804,0.018419445775209715,0.0624969273496634,0.0
2024-06-24,0.0520517631217994,0,CALM,0.1570362607580752,0.0543273608952206,0.0,0,0.0,0.8038523563140559,0.019272257532364806,0.1433426347308936,0.0
2024-06-25,0.056205893180769066,0,CALM,0.1099369129412968,0.0579774336209541,0.0,0,0.0,0.7466888758302387,0.0,0.385509508469519,0.1712617822125404
2024-06-26,0.1935964213875357,0,CALM,0.0769741868433193,0.8717643733835293,0.0,0,0.0,0.7882150440300959,0.0,0.0971997896796299,0.0
2024-06-27,0.015875569180594223,0,CALM,0.053888966567475,0.0050693707564603,0.0,0,0.0,0.8002259965769778,0.013894533874334132,0.1112674720924866,0.0
2024-06-28,0.012747141748488199,0,CALM,0.0377300592077806,0.0096788499787704,0.0,0,0.0,0.8001545416387038,0.013788569507889684,0.0982695711950696,0.0
2024-07-01,0.21669797887607609,0,CALM,0.0264264553545652,0.973505103977118,0.0,0,0.0,0.7704686603256719,0.0,0.3666928377098229,0.15390344242011172
2024-07-02,0.13709077661918645,0,CALM,0.0185077162887603,0.6067703222049171,0.0,0,0.0,0.7706779781425647,0.0,0.3202909867690081,0.11109783106012948
2024-07-03,0.021154445041816395,0,CALM,0.0129617953987176,0.0772328798325937,0.0,0,0.0,0.7764096340674912,0.0,0.2266066259079903,0.024674202256182515
2024-07-04,0.022963662951034563,0,CALM,0.0090867457537294,0.002019065793313,0.0,0,0.0,0.9276656443969488,0.20288163353939612,0.1434108645912055,0.0
2024-07-05,0.09942562890020877,0,CALM,0.0063716034494683,0.4139723828829895,0.0,0,0.0,0.8922639199471439,0.15038251461243793,0.1635694937186251,0.0
2024-07-08,0.2268445575624188,0,CALM,0.004479937360486,0.9928117618111328,0.0,0,0.0,0.9024526866282806,0.16549198405284457,0.3149060353668113,0.10613022454786263
2024-07-09,0.2312239341719512,0,CALM,0.0031594204635836,0.9776873624421268,0.0,0,0.0,0.9021139718470614,0.16498968570840214,0.3992923012172948,0.18397637996789698
2024-07-10,0.15327923757167342,0,CALM,0.0022212499128369,0.6956888305691867,0.0,0,0.0,0.8652783298389116,0.11036413340575503,0.2274990443179594,0.025497456390513377
2024-07-11,0.05466654255652484,0,CALM,0.001563179766065,0.1836604120469054,0.0,0,0.0,0.8671495107192276,0.11313900805088273,0.267390936199593,0.06229764400539243
2024-07-12,0.23186664916448835,0,CALM,0.0011375131580524,0.996310034337321,0.0,0,0.0,0.8304660318534316,0.058739106646062834,0.4865414440024931,0.2644635334290475
2024-07-15,0.08353463554862979,0,CALM,0.0008062946651922,0.3592267888001835,0.0,0,0.0,0.7165139960923055,0.0,0.3243877007529408,0.11487704122295041
2024-07-16,0.000552824595387735,0,CALM,0.0005716337948063,0.0020495807334308,0.0,0,0.0,0.7596725137970493,0.0,0.0985848705303825,0.0
2024-07-17,0.031954566180382026,0,CALM,0.0004074535834761,0.159263513922565,0.0,0,0.0,0.7626673651353865,0.0,0.1844064148978159,0.0
2024-07-18,0.01718025202237927,0,CALM,0.0002956815399453,0.0855316581869647,0.0,0,0.0,0.7434304434713892,0.0,0.1103815003474185,0.0
2024-07-19,0.2293156160118411,0,CALM,0.0003193212374645,0.9692350511121354,0.0,0,0.0,0.7441556013005638,0.0,0.583478487038276,0.35388775480047907
2024-07-22,0.19920546044470036,0,CALM,0.0002366246252361,0.9463310535677888,0.0,0,0.0,0.7627683316360476,0.0,0.3069609890148796,0.0988009357483357
2024-07-23,0.04701399520562233,0,CALM,0.0001727292074956,0.2178631812931949,0.0,0,0.0,0.7629912108959731,0.0,0.2366961490492981,0.03398176645109444
2024-07-24,0.00081055492978146,0,CALM,0.0001293748569672,0.0038910560776983,0.0,0,0.0,0.7432195583349614,0.0,0.0770230831339224,0.0
2024-07-25,0.16777371456801304,0,CALM,0.0001045329201679,0.801117141671199,0.0,0,0.0,0.6973303115126561,0.0,0.2814222804828699,0.0752415300373127
2024-07-26,0.23524106836351288,0,CALM,0.0002551724474115,0.9946876500922244,0.0,0,0.0,0.6898556568126837,0.0,0.5927031121252857,0.36239745233215137
2024-07-29,0.20710023874518854,0,CALM,0.0001978015047125,0.9805688905840572,0.0,0,0.0,0.7201171543849446,0.0,0.3184181060987906,0.10937010252198975
2024-07-30,0.007353924079037432,0,CALM,0.0001491020015909,0.0088726542634706,0.0,0,0.0,0.7325974474523375,0.0,0.2599367549647767,0.05542117725945587
2024-07-31,0.076680285844319,0,CALM,0.0008017049033042,0.3574078023115438,0.0,0,0.0,0.7338349735106436,0.0,0.2540416894789217,0.04998299156184191
2024-08-02,0.29621482634962987,0,CALM,0.090606770434922,0.9999999991439318,0.0,0,0.0,0.9020773105791688,0.16493531874484266,0.8185015249615318,0.5706960203762874
2024-08-05,0.23706811797509098,0,CALM,0.0679624406898063,0.9999705622920706,0.0,0,0.0,0.8547436958907823,0.09474175881552899,0.3148648104274655,0.10609219462672381
2024-08-06,0.19970934381339794,0,CALM,0.0476381671445561,0.8871597281802376,0.0,0,0.0,0.8607700505793455,0.10367856391211404,0.1859787443104264,0.0
2024-08-07,0.22595120709646185,0,CALM,0.0333638287287414,0.9913185023970968,0.0,0,0.0,0.865337257944796,0.11045152105952173,0.289847712143687,0.08301397328904936
2024-08-08,0.22802520570331145,0,CALM,0.023373436831964,0.9949239460094822,0.0,0,0.0,0.8747540408477034,0.12441617428510228,0.3164498589979092,0.10755439864913764
2024-08-09,0.12272925598548182,0,CALM,0.0163715482861435,0.5310188176852702,0.0,0,0.0,0.8746932698910397,0.12432605376891909,0.1776062849928631,0.0
2024-08-12,0.026159512370502888,0,CALM,0.0114691707722004,0.0626982225556067,0.0,0,0.0,0.8633643242254262,0.10752575166331448,0.1213877253300614,0.0
2024-08-13,0.028992650530986618,0,CALM,0.0080367733468418,0.0737975739655695,0.0,0,0.0,0.8732861931018207,0.12223942401162263,0.1633274155308389,0.0
2024-08-14,0.07403653079394937,0,CALM,0.0056559998432602,0.1480847960974205,0.0,0,0.0,0.9393144881888746,0.2201563297610726,0.4273931842801319,0.2098993863754295
2024-08-15,0.23317114380790013,0,CALM,0.0039963587920656,0.9987616259951996,0.0,0,0.0,0.8620291428235656,0.10554573943807018,0.4368806454731536,0.21865154967036785
2024-08-16,0.01860138716831412,0,CALM,0.0028072501275945,0.0049972443427586,0.0,0,0.0,0.9048190946834738,0.16900125767863775,0.124069044636896,0.0
2024-08-19,0.09817223337836785,0,CALM,0.0019757537976144,0.3687269633237834,0.0,0,0.0,0.9143848279236576,0.18318679736080815,0.2607183805920315,0.05614222528126748
2024-08-20,0.026115870850115158,0,CALM,0.0013955004251167,0.038027690684691,0.0,0,0.0,0.9133246321320876,0.1816145760689778,0.1059187283470738,0.0
2024-08-21,0.21202821487356,0,CALM,0.0010361107640928,0.8118913186641974,0.0,0,0.0,0.9416472157564928,0.22361565678256334,0.4928612893992261,0.2702935777144097
2024-08-22,0.13961696277343089,0,CALM,0.0007540340445491,0.4831332448237313,0.0,0,0.0,0.966365788441132,0.2602721560702043,0.3816982421245296,0.16774589690526928
2024-08-23,0.033062812244597,0,CALM,0.0006070347640024,0.0033691014078618,0.0,0,0.0,1.008241792971941,0.3223723327202404,0.1091549959869055,0.0
2024-08-26,0.05071875774097842,0,CALM,0.0027160107653927,0.0020595843248644,0.0,0,0.0,1.1255118378252704,0.49627838184657364,0.1001110924263797,0.0
2024-08-27,0.07369382657590576,0,CALM,0.0167586441770089,0.0467709574154004,0.0,0,0.0,1.1651937911305936,0.5551248820724023,0.2501304252494782,0.04637485841333225
2024-08-28,0.1306474128326175,0,CALM,0.0823947342488804,0.229617736879847,0.0,0,0.0,1.1644382883993305,0.5540045064874654,0.294436707997352,0.08724731245681457
2024-08-29,0.419611492141233,1,WATCH,0.3574178058750897,0.9999999161628812,0.0,0,0.0,1.152620377911841,0.536479092180867,1.0303127993909846,0.766091482217976
2024-08-30,0.3721114713318539,0,CALM,0.3868162517471922,0.97737107542926,0.0,0,0.0,1.1583564856619608,0.5449854745006992,0.4755744005784785,0.25434645859133903
2024-09-02,0.27338457425458745,0,CALM,0.2742859297378149,0.8459278133415747,0.0,0,0.0,1.007181961546453,0.3208006517664465,0.2383144435244685,0.035474639751741595
2024-09-03,0.2790524329121962,0,CALM,0.1921235588079171,0.9984576022639476,0.0,0,0.0,0.8852929308926266,0.14004486046989667,0.3876705809562765,0.17325536710437764
2024-09-04,0.08650527628608215,0,CALM,0.1344949725307538,0.1875953410885648,0.0,0,0.0,0.8503875931576382,0.08828186006766908,0.2706919141102041,0.0653427892891384
2024-09-05,0.024984811982924234,0,CALM,0.0941568200978552,0.0032685895402645,0.0,0,0.0,0.796196441713428,0.007918890504075316,0.0375245695835196,0.0
2024-09-06,0.20665117645780295,0,CALM,0.0659258543101719,0.9290883454655592,0.0,0,0.0,0.8202036287986267,0.04352043787148144,0.1322030157698891,0.0
2024-09-09,0.01778293719556758,0,CALM,0.0461573972780536,0.0193756064632542,0.0,0,0.0,0.806827775064855,0.02368466583403341,0.0788909966372683,0.0
2024-09-10,0.061501971603191076,0,CALM,0.0323229708593271,0.2373172769770541,0.0,0,0.0,0.8310315439612981,0.05957773492948481,0.07830065618565,0.0
2024-09-11,0.1380348646458349,0,CALM,0.0226348884681806,0.6140644327079735,0.0,0,0.0,0.8450184331185762,0.0803196442205779,0.2164588669612105,0.015312915651372544
2024-09-12,0.02756411086362858,0,CALM,0.0158524692735875,0.0933220452322655,0.0,0,0.0,0.8241453614649645,0.04936584498778604,0.1353473755416683,0.0
2024-09-13,0.003371451696488265,0,CALM,0.0111032948858321,0.0029781398751512,0.0,0,0.0,0.7906647776987268,0.0,0.1171194634920738,0.0
2024-09-16,0.00318810784429648,0,CALM,0.0077783240445216,0.0062176341658304,0.0,0,0.0,0.7854355116683269,0.0,0.1569332799154618,0.0
2024-09-17,0.003071383857663,0,CALM,0.0054530270856428,0.0085406354312615,0.0,0,0.0,0.7853382668409852,0.0,0.0853789453763159,0.0
2024-09-18,0.01337009617403513,0,CALM,0.0038277905063405,0.0211413762089744,0.0,0,0.0,0.7914755926256369,0.0009180897931503571,0.287589354740549,0.0809306432634009
2024-09-19,0.23855401181248692,0,CALM,0.0033395887243516,0.9993388263836294,0.0,0,0.0,0.8082463160183424,0.025788296416365247,0.5822182590914065,0.35272519713036604
2024-09-20,0.2560959663046878,0,CALM,0.0064648079058043,0.999789190631992,0.0,0,0.0,0.8055321867513288,0.021763368326375754,0.7672926005428412,0.5234558936920073
2024-09-23,0.003868250685377505,0,CALM,0.0045559539258885,0.0136463110195269,0.0,0,0.0,0.7791463768164795,0.0,0.1743336994703345,0.0
2024-09-24,0.00145803709174133,0,CALM,0.0032280149609862,0.0032551667574739,0.0,0,0.0,0.6498701929567081,0.0,0.1237498126859943,0.0
2024-09-25,0.0017238704150279952,0,CALM,0.0052615388314371,0.0020424285358436,0.0,0,0.0,0.6372607087042537,0.0,0.1151632824477053,0.0
2024-09-26,0.35092493593453133,0,CALM,0.3001257732922009,0.9999986113929712,0.0,0,0.0,0.6177365315220376,0.0,1.0225580081117684,0.7589377033288686
2024-09-27,0.34320475426784663,0,CALM,0.4006041497182231,0.9862892509579164,0.0,0,0.0,0.6185929943657941,0.0,0.696292736782708,0.45795866646707584
2024-09-30,0.31528800128697926,0,CALM,0.3293147186307065,0.9772973273919736,0.0,0,0.0,0.6045689300939003,0.0,0.606362881747531,0.3749985615090789
2024-10-01,0.08881081416107801,0,CALM,0.231798595926007,0.1543058258978813,0.0,0,0.0,0.6440748629563956,0.0,0.0527612343087224,0.0
2024-10-02,0.046178730702412914,0,CALM,0.1622901275148739,0.0280309941184722,0.0,0,0.0,0.607186777784638,0.0,0.1855433629893959,0.0
2024-10-03,0.029588699772880575,0,CALM,0.1136186897074315,0.0059201367301135,0.0,0,0.0,0.60412842684747,0.0,0.1265601571941644,0.0
2024-10-04,0.02235788243775648,0,CALM,0.0795615371034632,0.0123374908094534,0.0,0,0.0,0.6067738230145872,0.0,0.0413273420365543,0.0
2024-10-07,0.016714062834731914,0,CALM,0.0557214573956017,0.012490786119602,0.0,0,0.0,0.536393891276736,0.0,0.2029547683060945,0.0028554126191108775
2024-10-08,0.044829587531558156,0,CALM,0.0390476496442503,0.1099731526133324,0.0,0,0.0,0.536342233586059,0.0,0.3415730019550499,0.13073044597829095
2024-10-09,0.00739271782290485,0,CALM,0.0274086971889382,0.0027027176283515,0.0,0,0.0,0.5188355818044449,0.0,0.0148011062446567,0.0
2024-10-10,0.005689289976770651,0,CALM,0.0192171726236781,0.002558542547558,0.0,0,0.0,0.5249569146022948,0.0,0.2039059579699527,0.003732883113395252
2024-10-11,0.0039138792895634855,0,CALM,0.0135611956787209,0.0026179018494163,0.0,0,0.0,0.5236423111033499,0.0,0.0344638492296859,0.0
2024-10-14,0.0032719210248170253,0,CALM,0.0105008112035789,0.0032335911196115,0.0,0,0.0,0.5043426019549654,0.0,0.1868381520005121,0.0
2024-10-15,0.2623045558200329,0,CALM,0.0347124002818236,0.9999978075927256,0.0,0,0.0,0.5978117488419905,0.0,0.7811821153329542,0.5362689423103189
2024-10-16,0.18426475531567754,0,CALM,0.0264722390387085,0.7484015224991533,0.0,0,0.0,0.5962727237117281,0.0,0.503018854592937,0.27966391056169754
2024-10-17,0.007159413657826316,0,CALM,0.0186115993077611,0.0125325691544302,0.0,0,0.0,0.5690413966967132,0.0,0.1058910426111897,0.0
2024-10-18,0.04231831016370636,0,CALM,0.0130746309593255,0.0920522401248612,0.0,0,0.0,0.5709164990168847,0.0,0.4235911785747683,0.20639204398902744
2024-10-21,0.003316194924914885,0,CALM,0.0091724130589509,0.0051154583008858,0.0,0,0.0,0.5716493535971557,0.0,0.140353615346036,0.0
2024-10-22,0.009657883211315166,0,CALM,0.0064424387335681,0.032503302947302,0.0,0,0.0,0.5632021915086789,0.0,0.216624952681907,0.0154661293846274
2024-10-23,0.00282208355019828,0,CALM,0.004534605990392,0.0084421602630014,0.0,0,0.0,0.553011573587651,0.0,0.1682093444266561,0.0
2024-10-24,0.0281680304456639,0,CALM,0.0032641284031855,0.0655204320361749,0.0,0,0.0,0.4813030040440568,0.0,0.3543087198772466,0.14247911937632543
2024-10-25,0.0011959078905074499,0,CALM,0.0023411216509418,0.00305313738886,0.0,0,0.0,0.4815809091900625,0.0,0.1998077924524847,0.0
2024-10-28,0.008819724678955834,0,CALM,0.0017106751987692,0.0417439587605739,0.0,0,0.0,0.4839138830166062,0.0,0.2003284520039941,0.000432641271487544
2024-10-29,0.00111450918416085,0,CALM,0.0012865888874146,0.003964309811536,0.0,0,0.0,0.4844879481011461,0.0,0.085522601854587,0.0
2024-10-30,0.001280057669094355,0,CALM,0.0010502060500579,0.0050875307828994,0.0,0,0.0,0.4384217968314609,0.0,0.1391169704109574,0.0
2024-10-31,0.00117001782019941,0,CALM,0.0008878043119182,0.0047403337110993,0.0,0,0.0,0.4386560548135251,0.0,0.1443202746721726,0.0
2024-11-01,0.0200876863148801,0,CALM,0.0007871107021307,0.0625321971314751,0.0,0,0.0,0.4404787013912686,0.0,0.2799080896494718,0.07384469213052405
2024-11-04,0.0006318469693061151,0,CALM,0.0007022743236055,0.0022813919420237,0.0,0,0.0,0.4350847316586557,0.0,0.1102462565226393,0.0
2024-11-05,0.00055366965371787,0,CALM,0.0005842995053302,0.0020379738869266,0.0,0,0.0,0.463804100174614,0.0,0.0942345356184442,0.0
2024-11-06,0.19896483863552603,0,CALM,0.0004862656510524,0.9942163611138146,0.0,0,0.0,0.6943483527832727,0.0,0.0727660919481479,0.0
2024-11-07,0.00366298346458157,0,CALM,0.0003506651327662,0.0178765859069501,0.0,0,0.0,0.6943141106012064,0.0,0.1162265724629522,0.0
2024-11-08,0.07211998485802647,0,CALM,0.0002848267486826,0.3602438908542791,0.0,0,0.0,0.6814759841529439,0.0,0.1654878651016829,0.0
2024-11-11,0.003001524269165375,0,CALM,0.0025844359848287,0.011777076364791,0.0,0,0.0,0.6846489425130121,0.0,0.1471631621234398,0.0
2024-11-12,0.3582976044081445,0,CALM,0.3009183064499137,0.9999999601882968,0.0,0,0.0,0.6899349753186222,0.0,1.1003279976738074,0.8306803575800666
2024-11-13,0.10860696427574108,0,CALM,0.214696052090915,0.262334481386691,0.0,0,0.0,0.6300331983113282,0.0,0.2265918264173648,0.024660549756741302
2024-11-14,0.24541777551800922,0,CALM,0.1504098713478948,0.969244051146685,0.0,0,0.0,0.64785639254601,0.0,0.3512581494931252,0.1396649745169851
2024-11-15,0.041316571200375726,0,CALM,0.1052992561465653,0.074958785818672,0.0,0,0.0,0.6476577803678464,0.0,0.1879067656552508,0.0
2024-11-18,0.02888896931538572,0,CALM,0.0737207995988357,0.0358764950391538,0.0,0,0.0,0.6310762305623147,0.0,0.2354527182105893,0.032834704078460335
2024-11-19,0.21125837074578327,0,CALM,0.0516313160312928,0.9917527086898004,0.0,0,0.0,0.7121500005114941,0.0,0.1757931413723262,0.0
2024-11-20,0.0423907605044643,0,CALM,0.0361570838298602,0.1667574477349963,0.0,0,0.0,0.7160650170771263,0.0,0.073461827081876,0.0
2024-11-21,0.1663008817354932,0,CALM,0.0253215766675394,0.794529906912147,0.0,0,0.0,0.7181045550972698,0.0,0.2113988514894952,0.010645061861789663
2024-11-22,0.2018239199322707,0,CALM,0.0177401753300575,0.9717471716146352,0.0,0,0.0,0.7310582015854004,0.0,0.2328074154565872,0.03039441776829281
2024-11-25,0.011344535247555876,0,CALM,0.0124254177066119,0.0411909041045145,0.0,0,0.0,0.7133978384648889,0.0,0.1896815841559316,0.0
2024-11-26,0.0037782950534631654,0,CALM,0.0087064636099341,0.0080083957548982,0.0,0,0.0,0.7261308688171756,0.0,0.0917048835270198,0.0
2024-11-27,0.022941232332930276,0,CALM,0.0061014505550965,0.0906608961252978,0.0,0,0.0,0.7343972445967892,0.0,0.2354551037037575,0.032836904690965854
2024-11-28,0.1267482603483126,0,CALM,0.0042811485898225,0.5662342563016018,0.0,0,0.0,0.736521853537156,0.0,0.3346144751374505,0.12431121940536617
2024-11-29,0.12250255333430209,0,CALM,0.0030067111897568,0.6087543776843144,0.0,0,0.0,0.7346380854286243,0.0,0.1948944471381158,0.0
2024-12-02,0.2052382571005002,0,CALM,0.0021215683426414,0.9926730609596568,0.0,0,0.0,0.7585620660564434,0.0,0.2667783431963997,0.06173252822908467
2024-12-03,0.00606127405707279,0,CALM,0.001491763654271,0.0284416657175252,0.0,0,0.0,0.7542531671019889,0.0,0.1666904391643252,0.0
2024-12-04,0.00195341956323842,0,CALM,0.001053233896862,0.0084505554451146,0.0,0,0.0,0.7364501080412322,0.0,0.172541611047204,0.0
2024-12-05,0.23406478682242485,0,CALM,0.0012078628901847,0.9669370754678406,0.0,0,0.0,0.6218569751784759,0.0,0.6375342238973164,0.40375406006310527
2024-12-06,0.00067800640847234,0,CALM,0.0008626143269724,0.0023117641336462,0.0,0,0.0,0.6535232673209925,0.0,0.0701454544804792,0.0
2024-12-09,0.001251020995038225,0,CALM,0.0006134138424945,0.005488337672073,0.0,0,0.0,0.6740063565562535,0.0,0.1682771487511491,0.0
2024-12-10,0.10864782684986288,0,CALM,0.0006606591186148,0.3421955371312355,0.0,0,0.0,0.7722367498357164,0.0,0.6339369110775783,0.40043554643962076
2024-12-11,0.0051708647304765185,0,CALM,0.0004729964899433,0.0020916961568038,0.0,0,0.0,0.8221068074743471,0.04634276376629933,0.0654466298781908,0.0
2024-12-12,0.0179684151849084,0,CALM,0.0003406560139687,0.0022174826815359,0.0,0,0.0,0.9084579734318912,0.17439754645109043,0.1725864727256318,0.0
2024-12-13,0.05214497946921357,0,CALM,0.0002470602481281,0.1756487108836319,0.0,0,0.0,0.8883788352767077,0.14462111385232157,0.226866145402523,0.024913608452230066
2024-12-16,0.027066434807469668,0,CALM,0.0001913576308404,0.002077506120316,0.0,0,0.0,0.970249109689471,0.2660309417569637,0.1193358608029247,0.0
2024-12-17,0.07567547409181713,0,CALM,0.000151110609051,0.2451627133172056,0.0,0,0.0,0.970262998190445,0.26605153776113255,0.1575885491602831,0.0
2024-12-18,0.01594613195052532,0,CALM,0.0001140389168467,0.0034101611801362,0.0,0,0.0,0.893594632575142,0.15235589985286405,0.1689324951560384,0.0
2024-12-19,0.22468291424762624,0,CALM,9.969651666238814e-05,0.9714844029177166,0.0,0,0.0,0.8721852233060027,0.12060673675855987,0.3982386171411419,0.1830043585906133
2024-12-20,0.21954310498928786,0,CALM,8.601579602059901e-05,0.9893931744344016,0.0,0,0.0,0.8721765387146733,0.12059385791155112,0.3037467464295549,0.09583580362247275
2024-12-23,0.010542165126734166,0,CALM,6.707606183994157e-05,0.0117371000353792,0.0,0,0.0,0.8109134675868894,0.029743558753710087,0.2562673971618873,0.052036202288273305
2024-12-27,0.2237662196160907,0,CALM,0.0001658292801613,0.9670932802609704,0.0,0,0.0,0.8114368437236352,0.03051970134206079,0.4952979164237987,0.27254136109650196
2024-12-30,0.004501072728466498,0,CALM,0.002528703026651,0.005069190115978,0.0,0,0.0,0.8101090127664489,0.02855058948608148,0.079842577992531,0.0
2025-01-03,0.35952989650638223,0,CALM,0.3011424462896155,0.99999999557588,0.0,0,0.0,0.9237347187454265,0.19705225272590196,0.8994714467339632,0.645390605462121
2025-01-06,0.6015864891019723,2,STRESS,0.5107997124027308,1.0,0.0,1,1.0,0.9519307148545209,0.23886561001289586,2.5603308289121407,1.0
2025-01-07,0.18945693669323518,0,CALM,0.3618747751863744,0.3875939869646532,0.0,0,0.0,0.9356313828737908,0.21469445503710938,0.1350969172143603,0.0
2025-01-08,0.22434914073633935,0,CALM,0.2533702958044675,0.7387032440735324,0.0,0,0.0,0.880312545685187,0.1326591797051599,0.179984509677726,0.0
2025-01-09,0.1950316254452895,0,CALM,0.1773711208885142,0.6769631986929786,0.0,0,0.0,0.8940033809973473,0.15296205484565226,0.1893445685409287,0.0
2025-01-10,0.06260319378483614,0,CALM,0.1241774744454018,0.0768750127779101,0.0,0,0.0,0.8999888485277819,0.16183822617903673,0.0448029275756539,0.0
2025-01-13,0.22185847128180358,0,CALM,0.0869392048403474,0.8573498959673479,0.0,0,0.0,0.9023383856561352,0.16532248100113206,0.3312575119083916,0.12121442778133955
2025-01-14,0.18678312076972492,0,CALM,0.0609329343775502,0.7260396623883307,0.0,0,0.0,0.8998916082824335,0.16169402339557426,0.3101312810483179,0.10172552358113786
2025-01-15,0.17758243377631594,0,CALM,0.0481850464677457,0.7308591608657625,0.0,0,0.0,0.9214360274105085,0.19364339986226994,0.1065074441553269,0.0
2025-01-16,0.3955072955553426,0,CALM,0.333729532527422,0.9999999999965252,0.0,0,0.0,0.8722812394401877,0.12074912424182022,1.77782358986867,1.0
2025-01-17,0.06939371138882626,0,CALM,0.2355331289934794,0.0050225814425635,0.0,0,0.0,0.8549577077644311,0.09505912851943717,0.1675981062273662,0.0
2025-01-20,0.042897685323660215,0,CALM,0.1648898493200636,0.0083761149682216,0.0,0,0.0,0.7866828733439116,0.0,0.1754618919379852,0.0
2025-01-21,0.04512477776887926,0,CALM,0.1154328909056538,0.002059246279367,0.0,0,0.0,0.8977695154014328,0.1585470578659241,0.1943111820989317,0.0
2025-01-22,0.032866722508877365,0,CALM,0.080817087324315,0.0464490520819584,0.0,0,0.0,0.8135992182004799,0.03372640261406936,0.034977672063629,0.0
2025-01-23,0.06251974432509314,0,CALM,0.0565793019295841,0.1825008308606366,0.0,0,0.0,0.8165263585087409,0.03806721621983527,0.2873179906866345,0.08068031048586259
2025-01-24,0.031345676853892945,0,CALM,0.0396122984840172,0.1072130111644432,0.0,0,0.0,0.7727410835327302,0.0,0.1947754373737454,0.0
2025-01-27,0.2075065932759823,0,CALM,0.0277420083008866,0.9772129280116436,0.0,0,0.0,0.8093269566455296,0.027390836453205572,0.2257611142800711,0.02389421953111366
2025-01-28,0.011526045430018396,0,CALM,0.0194253656108589,0.0183568081699811,0.0,0,0.0,0.8009252551275368,0.014931501942331454,0.2161759463685064,0.015051921990743048
2025-01-29,0.00733685876139519,0,CALM,0.0136097134649518,0.0196721519757862,0.0,0,0.0,0.7734942641681293,0.0,0.0707159904593488,0.0
2025-01-30,0.20399806440782964,0,CALM,0.0097731313380429,0.7880814499897278,0.0,0,0.0,0.8146141114281388,0.03523144230027377,0.6379671933145062,0.40415347345345953
2025-01-31,0.00894006931150626,0,CALM,0.0068489576390967,0.0167274532483593,0.0,0,0.0,0.8170362707812205,0.03882339252060223,0.1841366860567489,0.0
2025-02-03,0.22414771711663245,0,CALM,0.0048345005032848,0.9988606852047356,0.0,0,0.0,0.761473480251895,0.0,0.4509923300955071,0.23166954949864135
2025-02-04,0.0731724057288021,0,CALM,0.0033969109906384,0.3616158899057125,0.0,0,0.0,0.7598727599957521,0.0,0.1001594800470171,0.0
2025-02-05,0.007468883801738544,0,CALM,0.0023887500309659,0.0065847279761309,0.0,0,0.0,0.7868652744698684,0.0,0.2600736980671773,0.05554750698770888
2025-02-06,0.2451288051515641,0,CALM,0.0025134315621486,0.9999190802614624,0.0,0,0.0,0.7896237758700135,0.0,0.6824256548219233,0.4451663120873446
2025-02-07,0.001227164618875219,0,CALM,0.0017724836870804,0.0029424382725483,0.0,0,0.0,0.7921751900706607,0.0019555604259545918,0.0920961883819172,0.0
2025-02-10,0.013590332505068756,0,CALM,0.0012475619687906,0.0124953156457448,0.0,0,0.0,0.8083255242393669,0.025905758542297916,0.2886271749916321,0.08188803029492354
2025-02-11,0.020005375144608532,0,CALM,0.0008948199326638,0.0311840326197711,0.0,0,0.0,0.8179587452582654,0.04019137947689098,0.3031195941002526,0.09525725689799264
2025-02-12,0.07090197014216969,0,CALM,0.0027224308790841,0.3151940685047627,0.0,0,0.0,0.8195669058343223,0.04257620718368154,0.2315660709478982,0.0292492800307796
2025-02-13,0.3744077793491515,0,CALM,0.3019029729035568,0.9999999881826824,0.0,0,0.0,0.7957436235969286,0.007247382194244644,1.2644396346286286,0.9820730026730131
2025-02-14,0.05679875024117536,0,CALM,0.212997542332122,0.009330472550892,0.0,0,0.0,0.801665858531676,0.0160297825147015,0.2007298379390032,0.0008029189649631266
2025-02-17,0.04099237060215688,0,CALM,0.149116451473884,0.0022222431940055,0.0,0,0.0,0.8128990536221689,0.032688090948847746,0.1053724442818316,0.0
2025-02-18,0.037055656494925586,0,CALM,0.1043877586581071,0.0360293054067879,0.0,0,0.0,0.8102902555532804,0.028819364150830144,0.209300344313577,0.008709193339582156
2025-02-19,0.21591421577888933,0,CALM,0.0730840232681012,0.937360039071227,0.0,0,0.0,0.7365469413947225,0.0,0.3101166445873154,0.10171202147618613
2025-02-20,0.13000190897951264,0,CALM,0.0511690988495889,0.5233851742681268,0.0,0,0.0,0.7285268445242999,0.0,0.3357145044149759,0.12532599413490042
2025-02-21,0.009571624242720655,0,CALM,0.0358242322813067,0.0030778308619699,0.0,0,0.0,0.7466825125234802,0.0,0.1774627866391911,0.0
2025-02-24,0.033071625707100434,0,CALM,0.0250853869713367,0.1340013948213313,0.0,0,0.0,0.7543034147563309,0.0,0.1428067654421486,0.0
2025-02-25,0.20013026525351388,0,CALM,0.0175785420161292,0.920081788150635,0.0,0,0.0,0.7165465762354982,0.0,0.3268979285807494,0.11719272119354555
2025-02-26,0.2443267901661023,0,CALM,0.0127182901690124,0.9982638262810312,0.0,0,0.0,0.7169277333756695,0.0,0.6496648350028857,0.41494452367642953
2025-02-27,0.05030137378449889,0,CALM,0.0089160761518686,0.2403617737326587,0.0,0,0.0,0.7311169508381379,0.0,0.1472583252438568,0.0
2025-02-28,0.16308064333305655,0,CALM,0.0062551523108097,0.7350976156997858,0.0,0,0.0,0.701116631818755,0.0,0.3570124677136984,0.14497332115396933
2025-03-03,0.19025671662624832,0,CALM,0.0044066046782497,0.9457753272834294,0.0,0,0.0,0.7848299554298851,0.0,0.0773150251883946,0.0
2025-03-04,0.22945602841567628,0,CALM,0.0031559358448975,0.9999311600917404,0.0,0,0.0,0.8198734615986675,0.04303081519445567,0.4641173023010028,0.24377730916658258
2025-03-05,0.19909415963378754,0,CALM,0.0022318202352848,0.9459477362969372,0.0,0,0.0,0.8538838001006973,0.09346657315578893,0.1036637294000651,0.0
2025-03-06,0.20293102725185982,0,CALM,0.0015772254867281,0.9707032266397718,0.0,0,0.0,0.8474737432576215,0.0839607555222342,0.1889384151727222,0.0
2025-03-07,0.08581862758982142,0,CALM,0.0011126342024224,0.3901550416194512,0.0,0,0.0,0.8414950345115498,0.07509460715325578,0.1886455110740506,0.0
2025-03-10,0.2241177525210931,0,CALM,0.0008123559949195,0.999721012313808,0.0,0,0.0,0.8742973555087862,0.12373893106340539,0.3255677991318309,0.11596567953261065
2025-03-11,0.21407320685494632,0,CALM,0.0006029488170872,0.9980001588515488,0.0,0,0.0,0.8874369751020381,0.14322437880364752,0.1561526165047671,0.0
2025-03-12,0.195322830335523,0,CALM,0.0004337701470596,0.9266862010350384,0.0,0,0.0,0.8441436401017561,0.07902236666305032,0.2212677597155659,0.019749109254453775
2025-03-13,0.12444185980383259,0,CALM,0.0003137832079586,0.585994757757789,0.0,0,0.0,0.8391686081325443,0.07164462450285143,0.158145428440812,0.0
2025-03-14,0.21041753201576224,0,CALM,0.0002346318076031,0.9880416438838971,0.0,0,0.0,0.8479437980293748,0.08465782499407452,0.2463068605253077,0.042847627876745675
2025-03-17,0.0577961953717142,0,CALM,0.0001716243976646,0.2786203570621162,0.0,0,0.0,0.8031623516052547,0.018249012483415917,0.2020742823137656,0.0020431661153321352
2025-03-18,0.000695400621456655,0,CALM,0.0001273704338427,0.0033177900649799,0.0,0,0.0,0.7496322732146897,0.0,0.1011516402805439,0.0
2025-03-19,0.0022720069330917888,0,CALM,9.771088237027408e-05,0.0112378960624961,0.0,0,0.0,0.7303219401092982,0.0,0.0985166069068155,0.0
2025-03-20,0.04840046547104716,0,CALM,8.075834224328222e-05,0.2419013794274317,0.0,0,0.0,0.7302612457304984,0.0,0.1006563853606843,0.0
2025-03-21,0.026228290798354603,0,CALM,6.381646989924319e-05,0.0857206567483261,0.0,0,0.0,0.7561745179046555,0.0,0.2981600126792798,0.09068205331214572
2025-03-24,0.02100850578593757,0,CALM,5.8795019923141765e-05,0.1049690351547839,0.0,0,0.0,0.6696659953982531,0.0,0.1071478191730915,0.0
2025-03-25,0.007992488578647377,0,CALM,5.499832603110378e-05,0.039893694985698,0.0,0,0.0,0.6675976171431685,0.0,0.0934186797412028,0.0
2025-03-26,0.2075483121470215,0,CALM,6.0649528411187e-05,0.964832125400639,0.0,0,0.0,0.6683273159093998,0.0,0.3577646923775021,0.14566724684790866
2025-03-27,0.07338858123447228,0,CALM,5.366834833552586e-05,0.3324991800675861,0.0,0,0.0,0.6670498373649039,0.0,0.2743889327647977,0.06875328133871178
2025-03-28,0.002105032142088396,0,CALM,4.69157178454242e-05,0.0104665160631352,0.0,0,0.0,0.6867421644076717,0.0,0.1159185313868584,0.0
2025-03-31,0.05455700879598995,0,CALM,4.881944857901441e-05,0.272724019669226,0.0,0,0.0,0.6804372023137917,0.0,0.1100136119506544,0.0
2025-04-01,0.06400291625351286,0,CALM,9.18162362307044e-05,0.2411577945167986,0.0,0,0.0,0.6767206930373433,0.0,0.3705742453327383,0.15748403291095456
2025-04-02,0.16934409955915822,0,CALM,0.0034028779013139,0.7707140954774794,0.0,0,0.0,0.6465960052988771,0.0,0.3554214492130814,0.1435056098833388
2025-04-03,0.2982442182315733,0,CALM,0.1850953829680444,0.9999992611094544,0.0,0,0.0,0.6676180758015454,0.0,0.7632268016934075,0.5197052026767134
2025-04-04,0.29771358210943394,0,CALM,0.3218532720419278,0.9999989642167462,0.0,0,0.0,0.8721042136085598,0.12048660312647314,0.2562477842628605,0.05201810942955406
2025-04-07,0.3746817737226827,0,CALM,0.5031139598090244,0.999999894430164,0.0,0,0.0,1.1206260933070955,0.48903304884393756,0.0630395038666207,0.0
2025-04-08,0.41157704801854195,1,WATCH,0.6353819944799057,0.9999530719727102,0.0,0,0.0,1.1465043798026124,0.527409350040235,0.1370788811609266,0.0
2025-04-09,0.4374052321904399,1,WATCH,0.7352103575916025,0.9998079084052616,0.0,0,0.0,1.1525741990829763,0.5364106111148695,0.10696762296174,0.0
2025-04-10,0.4854546867480666,1,WATCH,0.814640250631882,0.9999999965179328,0.0,0,0.0,1.342422090604711,0.8179462478650947,0.1076115803471134,0.0
2025-04-11,0.5029703936011982,1,WATCH,0.8702434014151025,0.999994694722167,0.0,0,0.0,1.3668057208588984,0.8541060430298925,0.1033259434838323,0.0
2025-04-14,0.5126742288495283,1,WATCH,0.9091522415911296,0.999853769698856,0.0,0,0.0,1.3668381575352708,0.8541541451197466,0.1995971548173513,0.0
2025-04-15,0.5417014119647612,1,WATCH,0.9363952543363266,0.9999187326725384,0.0,0,0.0,1.3635874836422517,0.8493335461812869,0.4457732644794684,0.22685497228043194
2025-04-16,0.5298220543496206,1,WATCH,0.9554132576339188,0.9999850223453872,0.0,0,0.0,1.3075459612773996,0.7662265621796537,0.3554053870172721,0.14349079254098152
2025-04-17,0.4348512709349967,1,WATCH,0.9686505876722288,0.5786308725095055,0.0,0,0.0,1.3098372890022716,0.7696244951503837,0.0670702236589453,0.0
2025-04-22,0.5204962317818241,1,WATCH,0.9779286102683484,0.9966131901166896,0.0,0,0.0,1.3080097989046895,0.7669144119139912,0.1337517573355044,0.0
2025-04-23,0.5296718858170554,1,WATCH,0.9844185844924446,0.9999991573386784,0.0,0,0.0,1.2626440559201837,0.6996391146461906,0.3473231738255201,0.1360349676158954
2025-04-24,0.515502504769165,1,WATCH,0.9886295007117388,0.997339154132959,0.0,0,0.0,1.255316701828415,0.688772987646385,0.1521706608025157,0.0
2025-04-25,0.3929522782034061,0,CALM,0.9917796988637368,0.3447280609768235,0.0,0,0.0,1.3037635443433857,0.7606174129210719,0.1093523809196654,0.0
2025-04-28,0.5414685270281743,1,WATCH,0.9942065918603358,0.976110662852834,0.0,0,0.0,1.3632900316889005,0.848892438700882,0.3386728114267025,0.12805502622435302
2025-04-29,0.5261892430600568,1,WATCH,0.995914475859924,0.9555285245850178,0.0,0,0.0,1.3714876935074836,0.861049191780721,0.1458880060175899,0.0
2025-04-30,0.5330367356585065,1,WATCH,0.997096418044016,0.9996115617820774,0.0,0,0.0,1.3425435447738416,0.8181263587768782,0.2218398150702463,0.020276829133992192
2025-05-02,0.5684589024018234,1,WATCH,0.9979651268888962,0.9999979471920812,0.0,0,0.0,1.3482042851726692,0.8265209748028307,0.5935290058790988,0.3631593376090007
2025-05-05,0.5456481085221055,1,WATCH,0.998551290405982,0.9801230465094124,0.0,0,0.0,1.3695819154729576,0.8582230111570958,0.3533923337041673,0.14163375503018052
2025-05-06,0.53569128267746,1,WATCH,0.9989588724031992,0.9998093442818768,0.0,0,0.0,1.3577776386440077,0.8407178149351303,0.2206499079358707,0.01917914226771784
2025-05-07,0.5196718805393333,1,WATCH,0.9992231752639168,0.8656684503125228,0.0,0,0.0,1.4199685146961178,0.9329440058558794,0.237127796958011,0.03437996075261662
2025-05-08,0.526244716112442,1,WATCH,0.9944506339712816,0.9687056590341846,0.0,0,0.0,1.356558074753185,0.8389092581278451,0.1636160606088573,0.0
2025-05-09,0.3086689202764048,0,CALM,0.8738371138982511,0.1356401996946637,0.0,0,0.0,1.2162345859942298,0.6308160186290931,0.1015889472444084,0.0
2025-05-12,0.43160580808579296,1,WATCH,0.7037945181772721,0.99242919061099,0.0,0,0.0,1.176379927224645,0.5717134041927697,0.1018631812417277,0.0
2025-05-13,0.2742720522864908,0,CALM,0.5257872290372841,0.3596108274928214,0.0,0,0.0,1.2028090637869897,0.6109065905442048,0.3062274036205279,0.09812420474184998
2025-05-14,0.14753401108809805,0,CALM,0.3683839739569882,0.1681672954525414,0.0,0,0.0,0.922133831914828,0.1946782116469891,0.2251900061197813,0.023367373436438233
2025-05-15,0.1031495352470622,0,CALM,0.2578778450425143,0.1755475526176649,0.0,0,0.0,0.8107361945491357,0.029480671043119282,0.2066074062834602,0.006224963585887079
2025-05-16,0.050560195085433746,0,CALM,0.180520435218326,0.018503292878226,0.0,0,0.0,0.8014963425262485,0.01577839812404607,0.201502696003207,0.0015158789280243536
2025-05-19,0.08741920727113493,0,CALM,0.1263713117511483,0.255255375410322,0.0,0,0.0,0.8018500398193011,0.016302914840129887,0.2339518190070773,0.0314501276727047
2025-05-20,0.02279999158721947,0,CALM,0.0884671099013426,0.0034160705594191,0.0,0,0.0,0.7857236990408867,0.0,0.0966686894991501,0.0
2025-05-21,0.06808366798197098,0,CALM,0.0619342328321912,0.2235591458092478,0.0,0,0.0,0.7867302629049666,0.0,0.2853694720937185,0.07888280612073613
2025-05-22,0.12195566068030923,0,CALM,0.0433626322083986,0.5390340023591386,0.0,0,0.0,0.7708777622698795,0.0,0.2357208136477539,0.03308202156381863
2025-05-23,0.21514679667769465,0,CALM,0.0304423161492121,0.9990500699245644,0.0,0,0.0,0.842956596914991,0.07726203655478746,0.0563927693078771,0.0
2025-05-26,0.03609609505931822,0,CALM,0.021317399793163,0.1320864552979342,0.0,0,0.0,0.8201861654369953,0.043494540514406266,0.1759497527509801,0.0
2025-05-27,0.010675390125253164,0,CALM,0.0149305341852678,0.0194746492587367,0.0,0,0.0,0.81140890349216,0.030478267271888737,0.0956772373480692,0.0
2025-05-28,0.006149818624129432,0,CALM,0.0104595448052474,0.0102763295341339,0.0,0,0.0,0.8008343306565243,0.01479666515990801,0.0888405668315976,0.0
2025-05-30,0.04556330607432818,0,CALM,0.0073285102387143,0.1902440358678213,0.0,0,0.0,0.8017768619292787,0.016194395415982592,0.2439021831662191,0.040629317994870774
2025-06-02,0.1611844727351835,0,CALM,0.0051390830361428,0.7847002653763384,0.0,0,0.0,0.7894723483857486,0.0,0.2319424500891271,0.02959648900880071
2025-06-03,0.16510179000970196,0,CALM,0.0036066693324441,0.7743492380413337,0.0,0,0.0,0.7837623964935588,0.0,0.3010008834182099,0.09330275068324186
2025-06-04,0.0025173512145422786,0,CALM,0.0025303897277967,0.0049706227540013,0.0,0,0.0,0.7968622762578876,0.008906292317928435,0.1928060258070464,0.0
2025-06-05,0.010330589023398645,0,CALM,0.0017774692800435,0.0431579004071595,0.0,0,0.0,0.7660927777432762,0.0,0.213459944853001,0.0125464162195587
2025-06-06,0.00078563882080244,0,CALM,0.0012542851516224,0.0023603376644842,0.0,0,0.0,0.762460935329925,0.0,0.0344328018923241,0.0
2025-06-10,0.001265249896740325,0,CALM,0.0008837929275241,0.0052215083242965,0.0,0,0.0,0.7778390459871914,0.0,0.1750394393269389,0.0
2025-06-11,0.00074941688342207,0,CALM,0.000625661691377,0.0029650073028891,0.0,0,0.0,0.7841907684023567,0.0,0.0999917145602068,0.0
2025-06-12,0.03229474058973659,0,CALM,0.0004450850582492,0.137579159394115,0.0,0,0.0,0.7385806598680892,0.0,0.2504572726503735,0.04667637446351285
2025-06-13,0.0021228087772417804,0,CALM,0.000322988250398,0.0102103085732114,0.0,0,0.0,0.706684238788779,0.0,0.0791201180308326,0.0
2025-06-16,0.21251493814823835,0,CALM,0.0003491064227719,0.8834276943324845,0.0,0,0.0,0.7108707485733141,0.0,0.5873088175482851,0.35742122676048477
2025-06-17,0.00222662109059993,0,CALM,0.0002707426082066,0.0107946771927414,0.0,0,0.0,0.7115263798299306,0.0,0.1493473089824412,0.0
2025-06-18,0.0014468928873970501,0,CALM,0.0025844139200826,0.004003947036882,0.0,0,0.0,0.707714282871284,0.0,0.0986429591135909,0.0
2025-06-19,0.3754522724360144,0,CALM,0.3018090897440578,1.0,0.0,0,0.0,0.7133387416212121,0.0,2.0802994015046767,1.0
2025-06-20,0.17231330978431594,0,CALM,0.2139967616498769,0.5724820865949111,0.0,0,0.0,0.7145692513224627,0.0,0.2466639265325163,0.04317702052864498
2025-06-23,0.06692571133760312,0,CALM,0.1498260780301136,0.1431773275365516,0.0,0,0.0,0.7154683901931351,0.0,0.2088971671350193,0.008337263227643995
2025-06-24,0.03204959072105034,0,CALM,0.104893267158052,0.0291313696576867,0.0,0,0.0,0.7141242845561259,0.0,0.0709239343381757,0.0
2025-06-25,0.05616169072923697,0,CALM,0.0736859289289182,0.1421785494432926,0.0,0,0.0,0.4314891665893166,0.0,0.3007214631703604,0.09304498608348892
2025-06-26,0.013682414100050364,0,CALM,0.0521594793502405,0.0032127213124512,0.0,0,0.0,0.4323804346493655,0.0,0.1127047436262983,0.0
2025-06-27,0.1524570994196418,0,CALM,0.0395044593602604,0.5344522378982339,0.0,0,0.0,0.433720323327702,0.0,0.5867496219713769,0.356905369999299
2025-06-30,0.06424079099035448,0,CALM,0.0287919580311874,0.1889699678264213,0.0,0,0.0,0.4356615283882387,0.0,0.4085190961445861,0.1924880791727337
2025-07-01,0.005651147371422415,0,CALM,0.0208631779864819,0.0021767643740097,0.0,0,0.0,0.4356182252594249,0.0,0.0489020329026628,0.0
2025-07-02,0.0044935802850532055,0,CALM,0.0163645565493997,0.0020122057385164,0.0,0,0.0,0.4234652473927331,0.0,0.0750097761825385,0.0
2025-07-03,0.00577332025392461,0,CALM,0.0208074960264562,0.0028572312365528,0.0,0,0.0,0.4059809779121417,0.0,0.1971113537557946,0.0
2025-07-04,0.017918159077065177,0,CALM,0.0700414532440711,0.002038978830237,0.0,0,0.0,0.3877071890771726,0.0,0.1074872906385013,0.0
2025-07-07,0.30875890746635704,0,CALM,0.2818237554198403,0.9395641379827152,0.0,0,0.0,0.3875630591600592,0.0,0.7460952808041289,0.5039014101485397
2025-07-08,0.10261467542300158,0,CALM,0.4088509762423263,0.0020096568121,0.0,0,0.0,0.3868627160427937,0.0,0.0372548090612877,0.0
2025-07-09,0.34087310126165604,0,CALM,0.4965665927286113,0.8906519853536315,0.0,0,0.0,0.3753260689002541,0.0,0.6183000343865078,0.38601056008776863
2025-07-10,0.11845706290506645,0,CALM,0.4721995640433079,0.0020358594711974,0.0,0,0.0,0.3760234597684638,0.0,0.1446362076630585,0.0
2025-07-11,0.1087085884992076,0,CALM,0.4330780283712553,0.0021954070319689,0.0,0,0.0,0.3801533084274429,0.0,0.1705462337110723,0.0
2025-07-14,0.14306205573048722,0,CALM,0.4093367203551654,0.1027155301322051,0.0,0,0.0,0.378795025174266,0.0,0.4186650451957076,0.20184769615254852
2025-07-15,0.10069030880304214,0,CALM,0.4009599611501391,0.0022515925775368,0.0,0,0.0,0.3724170462060681,0.0,0.1343335394767345,0.0
2025-07-16,0.11894978638151829,0,CALM,0.4319465561990386,0.0403743526550331,0.0,0,0.0,0.3981632820798147,0.0,0.2311687670493911,0.02888276800752017
2025-07-17,0.43403825410338337,1,WATCH,0.6023482126336827,0.9999855014016792,0.0,0,0.0,0.4004015748181573,0.0,1.1045129925100725,0.8345410066462686
2025-07-18,0.1326180765807174,0,CALM,0.5287284023312773,0.0021798799894904,0.0,0,0.0,0.3905126907340127,0.0,0.0548288969436832,0.0
2025-07-21,0.10240070737219875,0,CALM,0.4073691962884165,0.0023799433892376,0.0,0,0.0,0.3715205163879324,0.0,0.2007529027685885,0.0008241962224710683
2025-07-22,0.075813603205588,0,CALM,0.3013171142105245,0.0024216232647844,0.0,0,0.0,0.3663447792331445,0.0,0.1849646801575728,0.0
2025-07-23,0.05572534719882783,0,CALM,0.2201808917929198,0.0034006212529894,0.0,0,0.0,0.3563786332321412,0.0,0.1452869486949042,0.0
2025-07-24,0.04127230688251316,0,CALM,0.1596833723476725,0.0067573189779752,0.0,0,0.0,0.3534374284871006,0.0,0.1556273881977347,0.0
2025-07-25,0.029087538399954784,0,CALM,0.1144590227468725,0.0023639135661833,0.0,0,0.0,0.348855183031134,0.0,0.1702535762792767,0.0
2025-07-28,0.10796309249103596,0,CALM,0.0806454941719404,0.4390085947402543,0.0,0,0.0,0.471952236897675,0.0,0.1594645023530349,0.0
2025-07-29,0.01812832886396703,0,CALM,0.0566928146958358,0.0197756259500404,0.0,0,0.0,0.4940369980396763,0.0,0.1095904103445499,0.0
2025-07-30,0.010726333657181624,0,CALM,0.0412389023505721,0.002083040347693,0.0,0,0.0,0.5091944893587242,0.0,0.0991738186302767,0.0
2025-07-31,0.23996063678356322,0,CALM,0.0662052862806126,0.9986072110774072,0.0,0,0.0,0.579588601561007,0.0,0.4566391508862188,0.23687872997928602
2025-08-04,0.4086447166840902,1,WATCH,0.3463437003964288,1.0,0.0,0,0.0,0.93960551958336,0.22058791584983026,2.03675398084614,1.0
2025-08-05,0.08785881770528844,0,CALM,0.2457814412990844,0.0215136408619942,0.0,0,0.0,0.9399557504939736,0.22110729208118504,0.1516542458032703,0.0
2025-08-06,0.07330706727448529,0,CALM,0.1721098036397458,0.0108994392330655,0.0,0,0.0,0.9753978898843276,0.27366634449452826,0.207806300140097,0.007330940684829154
2025-08-07,0.2590912627097836,0,CALM,0.1205132234601254,0.9937823072566172,0.0,0,0.0,0.981672435800907,0.2829712056956886,0.2205573396747365,0.019093748238599623
2025-08-08,0.06246403344219758,0,CALM,0.0843795201992746,0.0503435893794398,0.0,0,0.0,1.0019246858119677,0.3130043551649097,0.1986206572600215,0.0
2025-08-11,0.145196102851697,0,CALM,0.0590845244797552,0.5055296548794824,0.0,0,0.0,0.9821452666861108,0.2836723920152943,0.2101771183192087,0.009518015543323042
2025-08-12,0.06634386038601552,0,CALM,0.0413768506020182,0.1363601024440792,0.0,0,0.0,0.9814462531019436,0.2826357872211186,0.2048898107295536,0.0046404852458325615
2025-08-13,0.2513783787812892,0,CALM,0.029041694263806,0.9565532402706892,0.0,0,0.0,0.9876630700383258,0.2918550390164095,0.4559229461518094,0.23621803259558868
2025-08-14,0.2662737337480101,0,CALM,0.0205834788136775,0.9884844859958036,0.0,0,0.0,0.9942678508258852,0.30164962324758765,0.5604673680496631,0.3326600452067123
2025-08-15,0.05356113037601897,0,CALM,0.0144704816657313,0.0117114054490078,0.0,0,0.0,1.060643667074712,0.40008188679627166,0.2821690267282153,0.07593040190157418
2025-08-18,0.06822781027640047,0,CALM,0.0101902954850925,0.1200718004224733,0.0,0,0.0,1.0718219501183517,0.41665876320632683,0.1977342446584129,0.0
2025-08-19,0.2661585171584593,0,CALM,0.007384873347863,0.9826772462800136,0.0,0,0.0,1.0762343019513438,0.4232020767659892,0.4758128404609357,0.25456641888891857
2025-08-20,0.07072304488620944,0,CALM,0.0052509003262624,0.1279796878402154,0.0,0,0.0,1.0833046944135467,0.43368714156162524,0.2046905642750943,0.004456680804382214
2025-08-21,0.09763650585995223,0,CALM,0.0039001102827899,0.212937529157806,0.0,0,0.0,1.1003827364919407,0.4590130875726577,0.2884522225221437,0.08172663700427783
2025-08-22,0.13346492736876928,0,CALM,0.0045037975785236,0.431316382230204,0.0,0,0.0,1.1015587190503555,0.4607570152809755,0.0559939708694546,0.0
2025-08-25,0.2963545503240691,0,CALM,0.0154525734894991,0.9952974701936824,0.0,0,0.0,1.119841065912195,0.4878688895492613,0.6838174492679063,0.4464502395803172
2025-08-26,0.251111038394889,0,CALM,0.0130491786420059,0.9112752047597732,0.0,0,0.0,1.123077375976157,0.4926681875940037,0.3768450532578348,0.1632688402303253
2025-08-27,0.061702467888637834,0,CALM,0.0093193240978352,0.0785013236076619,0.0,0,0.0,1.0853523509426877,0.4367237214264665,0.1926514011322785,0.0
2025-08-28,0.17477901617429523,0,CALM,0.0066167463277396,0.6488451017774063,0.0,0,0.0,1.0711124993211965,0.41560668050833605,0.2193190318767893,0.017951411860454434
2025-08-29,0.07256900425790472,0,CALM,0.0052224205949835,0.1498835346491899,0.0,0,0.0,1.0692649981616658,0.41286692179320855,0.1894456390865742,0.0
2025-09-01,0.04000064200440562,0,CALM,0.0157473407254254,0.0022969862989113,0.0,0,0.0,1.0309476687414652,0.35604409563267003,0.0584914845337488,0.0
2025-09-02,0.3777557115527874,0,CALM,0.3110228505333552,0.999999994597243,0.0,0,0.0,0.6248933374089035,0.0,1.2981349864470206,1.0
2025-09-03,0.05578302439116824,0,CALM,0.2210510435678964,0.0026013174959707,0.0,0,0.0,0.624642112001319,0.0,0.1222392818386069,0.0
2025-09-04,0.03911875114702887,0,CALM,0.1548010514526377,0.0020924414193472,0.0,0,0.0,0.6128005036088072,0.0,0.0722753786007423,0.0
2025-09-05,0.03177636268950457,0,CALM,0.1084053755335877,0.0233750940305382,0.0,0,0.0,0.5620181253759158,0.0,0.0644398225360299,0.0
2025-09-08,0.050344675760580854,0,CALM,0.0759407040475613,0.0442960726249554,0.0,0,0.0,0.5628618908733896,0.0,0.443765541766263,0.22500285223699446
2025-09-09,0.015195091252037309,0,CALM,0.0531785071226257,0.0026960636701573,0.0,0,0.0,0.5548138864414586,0.0,0.2146156126559142,0.013612517373494233
2025-09-10,0.017413911309071255,0,CALM,0.0372455691385411,0.0405125951221799,0.0,0,0.0,0.5932532138186665,0.0,0.1324849405024505,0.0
2025-09-11,0.007090494824925385,0,CALM,0.0260894023065641,0.0028407212414218,0.0,0,0.0,0.593814943552041,0.0,0.0965729860525886,0.0
2025-09-12,0.010482133097965123,0,CALM,0.0182771442579935,0.0064633402222055,0.0,0,0.0,0.5939846503450205,0.0,0.2499428166730518,0.04620178989025648
2025-09-15,0.02512861628527012,0,CALM,0.0128567627236003,0.0123006082124578,0.0,0,0.0,0.5505961803093811,0.0,0.4107467005468463,0.19454303961878486
2025-09-16,0.23736009709474082,0,CALM,0.0093950914449893,0.995728298552634,0.0,0,0.0,0.5907921940445501,0.0,0.5886480275685422,0.35865664522966684
2025-09-17,0.002080378466033395,0,CALM,0.0066024194936999,0.0021488679630421,0.0,0,0.0,0.5965462604094576,0.0,0.1141080858188858,0.0
2025-09-18,0.23464232577398123,0,CALM,0.0049476428227312,0.9829884435778734,0.0,0,0.0,0.6059827935209088,0.0,0.5988601028578777,0.3680772635272373
2025-09-19,0.016393233520589398,0,CALM,0.0034854399531112,0.029883669442456,0.0,0,0.0,0.5929461811112032,0.0,0.3033300439389629,0.09545139643820398
2025-09-22,0.00110317948890621,0,CALM,0.0024569158429722,0.0024447526408158,0.0,0,0.0,0.5774583025919324,0.0,0.1355726874307659,0.0
2025-09-23,0.0010290367187242451,0,CALM,0.0017433428191573,0.0029660050696746,0.0,0,0.0,0.5568497496306062,0.0,0.115820678892763,0.0
2025-09-24,0.000725099036421705,0,CALM,0.0012351157982365,0.0020816004343129,0.0,0,0.0,0.5863544228588293,0.0,0.1890849044402288,0.0
2025-09-25,0.006125478205362045,0,CALM,0.0009293530475244,0.020065077700255,0.0,0,0.0,0.5832239781223993,0.0,0.2202402612344041,0.018801244034299447
2025-09-26,0.24617812658418092,0,CALM,0.0037833201418666,0.9861724173918194,0.0,0,0.0,0.5816743459745428,0.0,0.7201621283141775,0.4799781307035038
2025-09-29,0.0225245745050503,0,CALM,0.0027572791132948,0.0221614274407273,0.0,0,0.0,0.5867900819437909,0.0,0.388509959840195,0.17402969238581137
2025-09-30,0.000955341508734745,0,CALM,0.0019691814670169,0.0023152307099026,0.0,0,0.0,0.5390162799431805,0.0,0.0710565514977959,0.0
2025-10-01,0.2161802380841161,0,CALM,0.0014445025687597,0.988367447263806,0.0,0,0.0,0.5865590148213711,0.0,0.3965604250807041,0.18145622989164967
2025-10-02,0.0024482805964239703,0,CALM,0.0010298860882642,0.0109540453717896,0.0,0,0.0,0.588925197435308,0.0,0.1374481092884419,0.0
2025-10-03,0.0027744456721845077,0,CALM,0.0007331705824301,0.0024006026538789,0.0,0,0.0,0.6021278715325301,0.0,0.2227433356077924,0.021110324958012027
2025-10-06,0.001141861965490635,0,CALM,0.0005365173292951,0.0050386631658343,0.0,0,0.0,0.5665962910349387,0.0,0.1247457628245848,0.0
2025-10-07,0.000520341542061365,0,CALM,0.0004636333432073,0.0020221660312977,0.0,0,0.0,0.5834820281495838,0.0,0.0877680168355499,0.0
2025-10-08,0.2497061936556291,0,CALM,0.0043490490324652,0.9998961007059394,0.0,0,0.0,0.6213983265958349,0.0,0.7271203898594417,0.48639711256324897
2025-10-09,0.001198035064568255,0,CALM,0.0031320532600975,0.0020751087477194,0.0,0,0.0,0.6076966863345459,0.0,0.0508649541500779,0.0
2025-10-10,0.21408558453105286,0,CALM,0.0022221884459632,0.9983290735870368,0.0,0,0.0,0.7193454071903702,0.0,0.3501494776315249,0.1386422270215469
2025-10-13,0.00196313161811817,0,CALM,0.0015626918026626,0.0078622933372626,0.0,0,0.0,0.7163210137491958,0.0,0.1532919545185567,0.0
2025-10-14,0.21724181188017722,0,CALM,0.0011180395410753,0.9867135781342408,0.0,0,0.0,0.7245339587997425,0.0,0.4125383837704048,0.1961958636806023
2025-10-15,0.03327325084630732,0,CALM,0.000791375043526,0.1653770354271291,0.0,0,0.0,0.715985500533527,0.0,0.1747685162130797,0.0
2025-10-16,0.012764878444946757,0,CALM,0.0005633663281371,0.0631201843145624,0.0,0,0.0,0.7068577208061028,0.0,0.1320061003050093,0.0
2025-10-17,0.16017256232659047,0,CALM,0.0004056767024366,0.8003557157549065,0.0,0,0.0,0.7380677219899199,0.0,0.1959997246160508,0.0
2025-10-20,0.17192665552283687,0,CALM,0.0003094646236478,0.7357379298085597,0.0,0,0.0,0.7372893389989886,0.0,0.4676292070829295,0.24701703405212996
2025-10-21,0.0005015503509784201,0,CALM,0.0002226333033532,0.0022294601257006,0.0,0,0.0,0.7811669505707364,0.0,0.1712437629480762,0.0
2025-10-22,0.00110074186053788,0,CALM,0.00016374341506,0.0052990300338644,0.0,0,0.0,0.7826330239089883,0.0,0.0847704426869321,0.0
2025-10-23,0.00046662024238655506,0,CALM,0.0001226096438059,0.0021798391571754,0.0,0,0.0,0.7662057667660764,0.0,0.0700132144358484,0.0
2025-10-24,0.06459244242080671,0,CALM,9.310919416131455e-05,0.297676628429186,0.0,0,0.0,0.7670673756501942,0.0,0.2544269508346009,0.050338394364291696
2025-10-27,0.00868369899120966,0,CALM,7.142208758239946e-05,0.006994234776088,0.0,0,0.0,0.7962905967781264,0.00805851810741956,0.2698991293968782,0.06461144703354503
2025-10-28,0.019808647457180008,0,CALM,5.769597479758146e-05,0.0331064353647409,0.0,0,0.0,0.8017864876668869,0.016208669939365476,0.325085428870583,0.11552069396595882
2025-10-29,0.00874761119468288,0,CALM,4.640875729843455e-05,0.0278817719273261,0.0,0,0.0,0.8044196898535654,0.020113586914615348,0.2123071434182508,0.011482959284315161
2025-10-30,0.010611644134207945,0,CALM,3.8722220864986856e-05,0.0389229846449273,0.0,0,0.0,0.7519132043422732,0.0,0.2304000916022808,0.02817366650006238
2025-10-31,0.005342535578635876,0,CALM,3.29683504070985e-05,0.0091758272635116,0.0,0,0.0,0.7584620857797043,0.0,0.2377904755527036,0.034991280383317815
2025-11-03,0.003703666153243493,0,CALM,2.9486298809892044e-05,0.0184814728927051,0.0,0,0.0,0.738303775242136,0.0,0.1876241909830123,0.0
2025-11-04,0.21306880719399174,0,CALM,4.108063779777975e-05,0.9964727402798148,0.0,0,0.0,0.7953162891978909,0.006613665057994048,0.3418936300458562,0.13102622472779932
2025-11-05,0.23347999959992702,0,CALM,0.0001198060536293,0.9999488235538856,0.0,0,0.0,0.835387373527451,0.06603722858333932,0.4909881442274026,0.2685656051740864
2025-11-06,0.18848290670137657,0,CALM,9.686917094782498e-05,0.848908012713723,0.0,0,0.0,0.8159670089112133,0.03723772665403791,0.3619553740458357,0.1495331420049121
2025-11-07,0.09154566321605177,0,CALM,7.9380141253454e-05,0.4372671685482816,0.0,0,0.0,0.8183178024743857,0.04072384471082071,0.1109106438371136,0.0
2025-11-10,0.1250545088809125,0,CALM,6.59848147562667e-05,0.5831790519120567,0.0,0,0.0,0.7503749565790528,0.0,0.2909404513555584,0.084022022948121
2025-11-11,0.23632158096746303,0,CALM,0.0002488818890969,0.987105603745433,0.0,0,0.0,0.7476866262926174,0.0,0.6208711375842638,0.38838239746102193
2025-11-12,0.01160254232556298,0,CALM,0.000183362006566,0.0577835091196074,0.0,0,0.0,0.7284651824940487,0.0,0.157741942561181,0.0
2025-11-13,0.061757823912790714,0,CALM,0.0001386425858607,0.3086158163316277,0.0,0,0.0,0.7396842297198142,0.0,0.1359844140734921,0.0
2025-11-14,0.199971754367718,0,CALM,0.0001107578299064,0.9805957072953764,0.0,0,0.0,0.7855364661451846,0.0,0.2413221410758068,0.03824923451166123
2025-11-17,0.034646015029391915,0,CALM,8.571264564070279e-05,0.1731229343399087,0.0,0,0.0,0.7618354260509405,0.0,0.1543245968852466,0.0
2025-11-18,0.14155299994692122,0,CALM,7.019728899169596e-05,0.7076772531233664,0.0,0,0.0,0.7808681050818574,0.0,0.1702285775164714,0.0
2025-11-19,0.108090266170196,0,CALM,5.872928168162256e-05,0.5385411999912446,0.0,0,0.0,0.7277178777471657,0.0,0.2038415192364792,0.00367343851526673
2025-11-20,0.2121844015894006,0,CALM,6.334073770494466e-05,0.958545693974046,0.0,0,0.0,0.7225894739543617,0.0,0.4216423743202355,0.2045942761016513
2025-11-21,0.07338329532268735,0,CALM,5.463308276903589e-05,0.3464973027244407,0.0,0,0.0,0.6806036059505741,0.0,0.2439807167585231,0.04070176507106945
2025-11-24,0.013892169981257477,0,CALM,4.672063403867468e-05,0.0589074708954773,0.0,0,0.0,0.6821592668300808,0.0,0.222612854532657,0.020989956436523474
2025-11-25,0.0030645193507116675,0,CALM,6.402906350658925e-05,0.0152425604241751,0.0,0,0.0,0.6193489872649559,0.0,0.0642672673643067,0.0
2025-11-26,0.23155086695598331,0,CALM,0.0005606720396269,0.9728783751170916,0.0,0,0.0,0.562796321154296,0.0,0.5991560121396062,0.3683502392265825
2025-11-27,0.00053342994981728,0,CALM,0.0005050433723784,0.0020358455336134,0.0,0,0.0,0.6693603666406408,0.0,0.1705242886985847,0.0
