Date,p_change,expected_runlen,p_evt,TRS,regime
2008-02-14,1.0,0.0,0.0,0.03227809600360871,MEDIUM
2008-02-15,0.9935135819415912,0.0064864180584087,0.0,0.06417397806782602,MEDIUM
2008-02-18,0.9393288792378096,0.0606737206832995,0.0,0.09144977803554684,HIGH
2008-02-19,0.994219567875652,0.005821778799224,0.0,0.1284311939537256,HIGH
2008-02-20,0.9406769397956252,0.0598865854832874,0.0,0.152616565553863,HIGH
2008-02-21,0.8710315988978271,0.1354826918119172,0.0,0.17066572250399556,HIGH
2008-02-22,0.923412264449014,0.082532799420673,0.0,0.21006835515950742,HIGH
2008-02-25,0.9437299264187,0.0769379057792978,0.0,0.2449119628184159,HIGH
2008-02-26,0.9988153256911292,0.0021040363424219,0.0,0.2901888596825998,HIGH
2008-02-27,0.9991516821774538,0.0008531207567715,0.0,0.3225311318133968,HIGH
2008-02-28,0.8075225659487351,0.1926710415180929,0.0,0.2918587604481636,HIGH
2008-02-29,0.9999931322635656,1.1702427741360095e-05,0.0,0.3873347251563419,HIGH
2008-03-03,0.9999999999985328,1.4672695273937401e-12,0.0,0.4196152480463516,HIGH
2008-03-04,0.997540935217166,0.0024590647842375,0.0,0.45087935119579237,HIGH
2008-03-05,0.8075308540816221,0.1924693214984244,0.0,0.3979929742145758,HIGH
2008-03-07,0.999990371180369,1.712893718646559e-05,0.0,0.5164449992768003,HIGH
2008-03-10,0.9999997840722804,2.1592771973583495e-07,0.0,0.5487275239648115,HIGH
2008-03-11,0.999752558037493,0.0002474420451163,0.0,0.5808745658897215,HIGH
2008-03-12,0.9999984774908414,1.523945682279584e-06,0.0,0.6132829722089728,HIGH
2008-03-13,0.9999999960386246,3.961375449911811e-09,0.0,0.6455619177390898,HIGH
2008-03-14,0.99999603651123,3.963488769831982e-06,0.0,0.6455595857423806,HIGH
2008-03-17,0.9999999999882964,1.1703497376848472e-11,0.0,0.6455619200652812,HIGH
2008-03-18,0.9999718743766642,2.8125623335781448e-05,0.0,0.6455453552206298,HIGH
2008-03-19,0.9999999196527036,8.034729642815517e-08,0.0,0.6455618727509775,HIGH
2008-03-24,0.9990574281047514,0.0009425724489775,0.0,0.6450067442436129,HIGH
2008-03-25,1.0,0.0,0.0,0.6455619200721742,HIGH
2008-03-26,0.9955284611523952,0.0044715388476046,0.0,0.6429274622406043,HIGH
2008-03-27,0.9989217807282402,0.0010782230676544,0.0,0.6449268411467667,HIGH
2008-03-28,0.9998969632874594,0.0001032581595184,0.0,0.6455012352758251,HIGH
2008-03-31,0.9999999772164296,2.2783570495251544e-08,0.0,0.6455619066536044,HIGH
2008-04-01,0.9999656190477284,3.438095406613337e-05,0.0,0.6455416710757784,HIGH
2008-04-02,0.9999984269564884,1.5731904109439729e-06,0.0,0.6455609936152392,HIGH
2008-04-03,0.9806052195319108,0.0193949452566097,0.0,0.6341221966863868,HIGH
2008-04-04,0.9989665603895392,0.0010444370678326,0.0,0.6449532187944308,HIGH
2008-04-07,0.999942560175229,5.745559156996938e-05,0.0,0.6455280902681733,HIGH
2008-04-08,0.1622858275634855,0.8378868044171149,0.0,0.0069531150486137885,LOW
2008-04-09,0.629772241180372,0.4902292666004997,0.0,0.04224855777169939,MEDIUM
2008-04-10,0.9506686061691404,0.0602130203290359,0.0,0.030819945556927394,LOW
2008-04-11,0.8814774711028046,0.1267129393388772,0.0,0.05751466652321127,MEDIUM
2008-04-15,0.999848484714414,0.0001610528978815,0.0,0.09682090242942974,HIGH
2008-04-16,0.995479116482998,0.0045307689553839,0.0,0.12857967602941608,HIGH
2008-04-17,0.9048122210303644,0.0953031067407633,0.0,0.14727559324379888,HIGH
2008-04-21,0.999100396466054,0.001187970450584,0.0,0.19350961632330535,HIGH
2008-04-22,0.9274181882849668,0.0727484449606979,0.0,0.21090324214235376,HIGH
2008-04-23,0.8370844311808582,0.1665606259848734,0.0,0.21939343669690642,HIGH
2008-04-24,0.97279115344486,0.0317719744649628,0.0,0.28327664728239416,HIGH
2008-04-25,0.9999999868118358,1.3487130450296392e-08,0.0,0.32278095615244856,HIGH
2008-04-28,0.3363366612965656,0.6636709725317826,0.0,0.012168432768220794,LOW
2008-04-29,0.9990990873289368,0.0009893421048275,0.0,0.032251564163840736,MEDIUM
2008-04-30,0.2629900901069468,0.7412323801868654,0.0,0.009956953829856122,LOW
2008-05-02,0.9999999824644508,3.495802216854159e-08,0.0,0.03227809548722346,MEDIUM
2008-05-05,0.0410695506119448,0.9589380680038788,0.0,0.0033961859765629723,LOW
2008-05-06,0.0398171671235454,0.99561667009281,0.0,0.006719592299266101,LOW
2008-05-07,0.2139636065711729,1.5412908960835774,0.0,0.02546838133159462,LOW
2008-05-08,0.01498340487434,2.514673817656793,0.0,0.01055909123435559,LOW
2008-05-09,0.1866401894260864,2.376000122960523,0.0,0.038378758702651596,MEDIUM
2008-05-12,0.4603064130502028,1.112194482032992,0.0,0.09563757845957714,HIGH
2008-05-13,0.2334649952432654,1.257188257005316,0.0,0.06350453211487082,MEDIUM
2008-05-14,0.0059170932312891,2.280964943474263,0.0,0.019021184488513605,LOW
2008-05-15,0.9978663248228568,0.0069199548077392,0.0,0.03221525338209854,MEDIUM
2008-05-16,0.0020747042092764,1.1082542617196391,0.0,0.0022666770775855655,LOW
2008-05-20,0.0023159514465216,3.464743448815563,0.0,0.004547284740054838,LOW
2008-05-21,0.0248034371265111,5.765478486984266,0.0,0.00877241112269579,LOW
2008-05-22,0.7786120609778122,1.456738173174082,0.0,0.10263214630142617,HIGH
2008-05-23,0.0221624097142665,4.896770140876373,0.0,0.014238067881036279,LOW
2008-05-26,0.6094426084248754,1.761766900343766,0.0,0.12301444094798131,HIGH
2008-05-27,0.0293002366408188,3.1141128381843344,0.0,0.02138156038156774,LOW
2008-05-28,0.0024930523387649,6.253635335048552,0.0,0.01823004646378915,LOW
2008-05-29,0.1346856727701026,8.784597285576284,0.0,0.05523571775315749,MEDIUM
2008-05-30,0.0067826381734141,11.022386274556526,0.0,0.024026554882960457,LOW
2008-06-02,0.9507419270968542,0.6204785375603853,0.0,0.030822120727143965,LOW
2008-06-03,0.9167676489842292,0.2456616376689878,0.0,0.05962357379277941,MEDIUM
2008-06-04,0.9945492059762432,0.0060135084954608,0.0,0.09635254212457264,HIGH
2008-06-05,0.4005470026674874,0.6030457729459757,0.0,0.014117496468187685,LOW
2008-06-06,0.6443549438547399,0.529030148648065,0.0,0.04314023997881142,MEDIUM
2008-06-09,0.9965284899632548,0.0051581382816851,0.0,0.03217583990635022,MEDIUM
2008-06-10,0.9996121141417932,0.000388795538534,0.0,0.06453334646832388,MEDIUM
2008-06-11,0.2474604519335788,0.7526301088132521,0.0,0.009491114449810288,LOW
2008-06-12,0.9999981620588204,3.660975685963591e-06,0.0,0.032278041880077664,MEDIUM
2008-06-13,0.8079147796996231,0.1920862378614617,0.0,0.05308892407176644,MEDIUM
2008-06-16,0.9814126887933734,0.0188179528763503,0.0,0.09518987173392014,HIGH
2008-06-17,0.995522121892912,0.0045279701454483,0.0,0.12858474522119684,HIGH
2008-06-18,0.7820577183726047,0.2187370399645218,0.0,0.02576240144410288,LOW
2008-06-19,0.9937164301372774,0.0095597872580962,0.0,0.03209296836446394,MEDIUM
2008-06-20,0.9999928795064088,7.188516297887148e-06,0.0,0.06455577263970173,MEDIUM
2008-06-23,0.99052707058469,0.0094729737860593,0.0,0.09599680350195476,HIGH
2008-06-24,0.9943130280400228,0.0056995395040366,0.0,0.12844221250592,HIGH
2008-06-25,0.9999617967649542,3.838735480660344e-05,0.0,0.16138485497462512,HIGH
2008-06-26,0.8570460741631238,0.1429706140456193,0.0,0.16814715853252346,HIGH
2008-06-27,0.9999999979796332,3.553746427627782e-09,0.0,0.22594667160879192,HIGH
2008-06-30,0.9950235193086308,0.0049764816784773,0.0,0.2570519424112257,HIGH
2008-07-01,0.9999637730074384,3.623782673068298e-05,0.0,0.29049326272320447,HIGH
2008-07-02,0.9999998187320563,1.812691430435019e-07,0.0,0.32278090665646847,HIGH
2008-07-03,0.9999995774653456,4.225346544881487e-07,0.0,0.3550589191693119,HIGH
2008-07-04,0.999676854311234,0.0003231457503106,0.0,0.38722295761734543,HIGH
2008-07-07,0.999998506268186,1.4942704069679918e-06,0.0,0.4196146762122395,HIGH
2008-07-08,0.9999969192139826,3.080787881583777e-06,0.0,0.4518920739323607,HIGH
2008-07-09,0.999999999938491,6.150898520941572e-11,0.0,0.48417144002696094,HIGH
2008-07-10,0.9723831244472536,0.0276168757180554,0.0,0.503409875672526,HIGH
2008-07-11,0.999836039713822,0.0001644709278193,0.0,0.5486455501345797,HIGH
2008-07-14,0.995803123853831,0.0041988213551424,0.0,0.5787804016749762,HIGH
2008-07-15,0.9999994971788844,5.038626736434959e-07,0.0,0.6132835427349823,HIGH
2008-07-16,0.968061559195782,0.0319386048314056,0.0,0.6267055871914249,HIGH
2008-07-17,0.9997217675497296,0.0002942601340068,0.0,0.6453980492763125,HIGH
2008-07-18,0.9490062841710448,0.0510446839479442,0.0,0.6154124838834583,HIGH
2008-07-21,0.2075182211724737,0.8124327431932585,0.0,0.008297235794796408,LOW
2008-07-22,0.4964999626669596,0.8613887996252788,0.0,0.03409158137914165,MEDIUM
2008-07-23,0.9999999989876536,2.5538648044228504e-09,0.0,0.03227809597379722,MEDIUM
2008-07-24,0.9622768464280884,0.0377231790238796,0.0,0.06232806212104117,MEDIUM
2008-07-25,0.9999805150120736,2.17198522806152e-05,0.0,0.09683256663182042,HIGH
2008-07-28,0.9978905499974348,0.0021094580116908,0.0,0.12886386798576566,HIGH
2008-07-29,0.9993026434169168,0.0006985692810044,0.0,0.16128779602371998,HIGH
2008-07-30,0.9999691874888312,3.0896831651773635e-05,0.0,0.19366313182466782,HIGH
2008-07-31,0.0319380649916029,0.968208421769454,0.0,0.0031310300694318673,LOW
2008-08-01,0.9982343523770042,0.0034720857628311,0.0,0.03222609428563757,MEDIUM
2008-08-04,0.3420694948042571,0.6584399776467008,0.0,0.012342001522284414,LOW
2008-08-05,0.997206267401306,0.0048020703212859,0.0,0.03219580868089035,MEDIUM
2008-08-06,0.9996606434585236,0.0003396869989474,0.0,0.06453620480262243,MEDIUM
2008-08-07,0.853615243733525,0.1464709006855909,0.0,0.0837643341398697,HIGH
2008-08-08,0.8267733967568304,0.1801147930674852,0.0,0.1084541370527409,HIGH
2008-08-11,0.9999998865363408,1.3308953897484993e-07,0.0,0.1613904633117062,HIGH
2008-08-12,0.6525373496098635,0.3474781828912278,0.0,0.0218201783706347,LOW
2008-08-13,0.2886519542296515,0.7159090344434655,0.0,0.02145728182437895,LOW
2008-08-14,0.9994658079973846,0.0008157337031974,0.0,0.032262364517381945,MEDIUM
2008-08-18,0.0395269031081596,0.9722358307625876,0.0,0.003351363179716387,LOW
2008-08-19,0.9431807395520704,0.113124446536418,0.0,0.030597685891251693,LOW
2008-08-20,0.4278075270345537,0.5847988923926077,0.0,0.014947880880454519,LOW
2008-08-21,0.9999996555014264,6.939137603990647e-07,0.0,0.03227808585884603,MEDIUM
2008-08-22,0.1377416503377223,0.8623029746749674,0.0,0.006227464383895941,LOW
2008-08-25,0.9844967827302896,0.0266090533658531,0.0,0.031821014575081345,LOW
2008-08-26,0.539006238562306,0.462309147366087,0.0,0.018346409749756442,LOW
2008-08-27,0.0172919777161257,1.3028344247964532,0.0,0.005413163220132179,LOW
2008-08-28,0.4235997294141817,1.3677668816866386,0.0,0.04445883328897369,MEDIUM
2008-08-29,0.9999956410190836,1.214060822304758e-05,0.0,0.03227796764069507,MEDIUM
2008-09-01,0.3736139317458435,0.6265800256942521,0.0,0.013298680290461329,LOW
2008-09-02,0.9609225942192732,0.0426644508901336,0.0,0.031123919172623717,LOW
2008-09-04,0.0130702851255695,1.07664269597954,0.0,0.0025844277062006785,LOW
2008-09-05,0.1266159619324502,1.8425531505262691,0.0,0.01179883745235253,LOW
2008-09-08,0.6029773769423601,1.1416371947103054,0.0,0.060913726361119504,MEDIUM
2008-09-09,0.0379897775802174,2.863960884735524,0.0,0.013226848738596586,LOW
2008-09-10,0.0670171176697451,3.81302048392208,0.0,0.020759084681868756,LOW
2008-09-11,0.9797386547477532,0.1089277879270326,0.0,0.031680513888702945,LOW
2008-09-12,0.0807280686369309,1.1039704996424171,0.0,0.004552391076331554,LOW
2008-09-15,0.9999678520707426,5.434077403090397e-05,0.0,0.03227714931198391,MEDIUM
2008-09-16,0.999999687153089,3.128490618574136e-07,0.0,0.06455617358184267,MEDIUM
2008-09-17,0.9946396582620244,0.0053603437598985,0.0,0.09636053967372943,HIGH
2008-09-18,0.9999999984821156,1.7086096750955963e-09,0.0,0.12911238383564078,HIGH
2008-09-19,0.9999999999806424,1.935773762746483e-11,0.0,0.16139048001519335,HIGH
2008-09-22,0.9993585121937788,0.0006414878062212,0.0,0.1935552275609028,HIGH
2008-09-23,0.9999999466065974,5.3541516279045656e-08,0.0,0.22594666101899272,HIGH
2008-09-24,0.9975682908226724,0.0024317150057464,0.0,0.25765179049561837,HIGH
2008-09-25,0.9538429949086464,0.0461582655882778,0.0,0.2782268741880728,HIGH
2008-09-26,0.999999702318605,3.288663126350037e-07,0.0,0.32278087237514075,HIGH
2008-09-29,0.9999862836376257,1.3716396355302183e-05,0.0,0.35505461293498847,HIGH
2008-09-30,0.9999999436088022,5.639119780566282e-08,0.0,0.3873371321160705,HIGH
2008-10-01,0.9999729645342706,2.703546713037231e-05,0.0,0.41960489823238417,HIGH
2008-10-03,0.9999998759596248,1.2404180486985278e-07,0.0,0.451893292912307,HIGH
2008-10-06,0.9999999999737818,2.621824951913672e-11,0.0,0.48417144004254953,HIGH
2008-10-07,0.9999997948185528,2.051814472446517e-07,0.0,0.5164494393831067,HIGH
2008-10-08,0.999999999908462,9.153788446911215e-11,0.0,0.5487276320155228,HIGH
2008-10-10,0.9999999980323298,1.967670359927424e-09,0.0,0.5810057270219688,HIGH
2008-10-13,1.0,0.0,0.0,0.6132838240685654,HIGH
2008-10-14,0.9999999858054488,1.4194551201107686e-08,0.0,0.6455619117121774,HIGH
2008-10-15,0.9999999999915984,8.401722313713854e-12,0.0,0.645561920067226,HIGH
2008-10-16,0.9999999992940892,7.059108851752583e-10,0.0,0.6455619196564222,HIGH
2008-10-17,0.9999999928448576,7.155142478479341e-09,0.0,0.6455619158580946,HIGH
2008-10-20,0.9999999557584468,4.424155330037477e-08,0.0,0.64556189401575,HIGH
2008-10-21,0.9999997065740986,2.9342590133279253e-07,0.0,0.6455617472565894,HIGH
2008-10-22,0.999999999995656,4.344079542377334e-12,0.0,0.6455619200696158,HIGH
2008-10-23,0.9999984293924552,1.57060754482821e-06,0.0,0.6455609950499221,HIGH
2008-10-24,1.0,0.0,0.0,0.6455619200721742,HIGH
2008-10-27,1.0,0.0,0.0,0.6455619200721742,HIGH
2008-10-29,1.0,0.0,0.0,0.6455619200721742,HIGH
2008-10-31,0.9999999971848368,2.8151633246764622e-09,0.0,0.6455619184141608,HIGH
2008-11-03,0.9999999992249984,7.75001727775221e-10,0.0,0.6455619196157306,HIGH
2008-11-04,0.9999399920770368,6.000792296328926e-05,0.0,0.645526577752047,HIGH
2008-11-05,0.9999905133458734,9.486662211272727e-06,0.0,0.6455563328256588,HIGH
2008-11-06,0.9998362052779508,0.0001637989652237,0.0,0.6454654506123202,HIGH
2008-11-07,0.9992039930437918,0.0007960518928444,0.0,0.6450930764510557,HIGH
2008-11-10,0.9999999999065032,9.34968073269952e-11,0.0,0.6455619200171085,HIGH
2008-11-11,0.9999999997560296,2.439703994381788e-10,0.0,0.6455619199284859,HIGH
2008-11-12,0.9998291019904854,0.0001708980095146,0.0,0.6454612669649915,HIGH
2008-11-14,0.9999734846287632,2.651551161295445e-05,0.0,0.645546303595757,HIGH
2008-11-17,0.999992491025233,7.50907930015529e-06,0.0,0.6455574975975977,HIGH
2008-11-18,0.9999996485518908,3.514495945116756e-07,0.0,0.6455617130839345,HIGH
2008-11-19,0.9999808867509576,1.9113283800130896e-05,0.0,0.6455506631514405,HIGH
2008-11-20,0.9986361233446188,0.0013638789699339,0.0,0.6447585691742397,HIGH
2008-11-21,0.9999982159530504,1.7928081926263657e-06,0.0,0.645560869343009,HIGH
2008-11-24,0.9993740660587928,0.0006259353445505,0.0,0.6451932533422112,HIGH
2008-11-25,0.9999600264175782,4.001155816557847e-05,0.0,0.6455383772316585,HIGH
2008-11-26,0.99999756508376,2.4351096341565323e-06,0.0,0.6455604860081001,HIGH
2008-11-28,0.9964135196309954,0.0035864881238253,0.0,0.6434490485496099,HIGH
2008-12-01,0.9817099437108264,0.0183137712558121,0.0,0.6347747099161721,HIGH
2008-12-02,0.9853225463018248,0.0147276151344623,0.0,0.6369077574319624,HIGH
2008-12-03,0.2297206024838975,0.7760163438519591,0.0,0.008960093455173505,LOW
2008-12-04,0.9999843616620564,3.0940048481657896e-05,0.0,0.03227763548671023,MEDIUM
2008-12-05,0.1859857346317639,0.8142369753853339,0.0,0.007656299785522325,LOW
2008-12-08,0.8600578706651074,0.1806111316972352,0.0,0.028114982881504637,LOW
2008-12-10,0.9999966775235392,7.93490713649676e-06,0.0,0.06455599632720274,MEDIUM
2008-12-11,0.4873356200402888,0.5126920327856562,0.0,0.01676555853771459,LOW
2008-12-12,0.9897746549473402,0.0112371295107121,0.0,0.03197674387281697,LOW
2008-12-15,0.0428132369598594,0.9857768872138858,0.0,0.0034468638487946605,LOW
2008-12-16,0.0270485945396637,1.7719509378358644,0.0,0.005978433311859578,LOW
2008-12-17,0.3718618692556164,1.594766689051653,0.0,0.039736424652111274,MEDIUM
2008-12-18,0.8202138946720358,0.4006390765342533,0.0,0.02691572782153462,LOW
2008-12-19,0.1702550746515916,1.3810707204641282,0.0,0.007189295659322937,LOW
2008-12-22,0.193653041765119,1.807149675846985,0.0,0.01576860710822904,LOW
2008-12-23,0.9965641854870524,0.007403101946772,0.0,0.03217689162489488,MEDIUM
2008-12-24,0.3461341482494451,0.6689723873102633,0.0,0.012465121305846202,LOW
2008-12-26,0.8507104103268315,0.1976963180398188,0.0,0.0278341339351275,LOW
2008-12-29,0.8105519119602361,0.1936446231083171,0.0,0.05324821653843457,MEDIUM
2008-12-30,0.3747294801714933,0.7474228440684401,0.0,0.01333256050495358,LOW
2008-12-31,0.3241857294436945,1.0098035528199951,0.0,0.023601738397126946,LOW
2009-01-02,0.999999066188548,2.0919258471429094e-06,0.0,0.03227806850481269,MEDIUM
2009-01-05,0.920804223702274,0.0791964556785229,0.0,0.059864158759791154,MEDIUM
2009-01-06,0.9500653448063008,0.0501534064758627,0.0,0.09240614420306724,HIGH
2009-01-07,0.9999993491935116,6.570097538676635e-07,0.0,0.12911230735487175,HIGH
2009-01-09,0.999558685168592,0.0004413152163583,0.0,0.16132549880941965,HIGH
2009-01-12,0.999694103082122,0.00030592424342,0.0,0.19361452659810324,HIGH
2009-01-13,0.9026185779717107,0.0974112663071313,0.0,0.20572729004867146,HIGH
2009-01-14,0.9997481898933904,0.0003046887084322,0.0,0.25816544462742147,HIGH
2009-01-15,0.9976298380685196,0.0023715373665542,0.0,0.28987458229104146,HIGH
2009-01-16,0.9998906787588664,0.0001102536244976,0.0,0.32274876694533317,HIGH
2009-01-19,0.3588374159657064,0.6412609343875746,0.0,0.012850205294499158,LOW
2009-01-20,0.9745508470220494,0.0405832246040109,0.0,0.03152721038746024,LOW
2009-01-21,0.9888618125789046,0.0113040797583777,0.0,0.06389963686702238,MEDIUM
2009-01-22,0.893724861312915,0.107177792849538,0.0,0.08737150852566482,HIGH
2009-01-23,0.9988921877658204,0.001373889515535,0.0,0.12898188183757045,HIGH
2009-01-27,0.9999997103082866,2.901658948082769e-07,0.0,0.1613904373639675,HIGH
2009-01-28,0.9999710411689298,2.895883285904541e-05,0.0,0.19366345934818982,HIGH
2009-01-29,0.8821930642949817,0.1178074353283265,0.0,0.20145134302640824,HIGH
2009-01-30,0.9881113509395932,0.012032522180167,0.0,0.25542143847731963,HIGH
2009-02-02,0.9999999877133354,1.2507613058337026e-08,0.0,0.29050286077612925,HIGH
2009-02-03,0.9506128970013532,0.049387142321262,0.0,0.308182928493011,HIGH
2009-02-04,0.9303298612295772,0.0696911928487092,0.0,0.3323725112843808,HIGH
2009-02-05,0.2971255970847632,0.7472296909831331,0.0,0.010983956819743535,LOW
2009-02-06,0.9994050820640332,0.0011406486702179,0.0,0.03226057610971233,MEDIUM
2009-02-09,0.9977204298552154,0.0022799212302419,0.0,0.06442191123426647,MEDIUM
2009-02-10,0.0168517852140226,0.9855362640928836,0.0,0.002693840700231205,LOW
2009-02-11,0.2239822716635825,1.508355969248945,0.0,0.017577171153749998,LOW
2009-02-12,0.0030853940704536,1.5160497794589691,0.0,0.006887578821345475,LOW
2009-02-13,0.0131722463074602,2.5517951939583323,0.0,0.010349507678502647,LOW
2009-02-16,0.999317439158799,0.0022511489860915,0.0,0.032257994954829304,MEDIUM
2009-02-17,0.9953179600348916,0.0046846183366357,0.0,0.06428033984035282,MEDIUM
2009-02-18,0.0089684790327584,0.9932570542259376,0.0,0.0024658251967183803,LOW
2009-02-19,0.0022815773355812,1.90518232462238,0.0,0.00454529980633262,LOW
2009-02-20,0.0965434650165139,2.2188145049689223,0.0,0.015046636675352023,LOW
2009-02-24,0.9297420055720484,0.2324316027174808,0.0,0.030198191740858887,LOW
2009-02-25,0.0157959728364923,1.1310337350614383,0.0,0.0026632851333754466,LOW
2009-02-26,0.0553155714762896,1.9946531611754548,0.0,0.007621306724348015,LOW
2009-02-27,0.9339590385076324,0.1970782783831167,0.0,0.030323633649923677,LOW
2009-03-02,0.9995632025182802,0.0005167956350821,0.0,0.0645304655948123,MEDIUM
2009-03-03,0.0602028372637531,0.9428800179015177,0.0,0.003953064500013957,LOW
2009-03-04,0.571482227689097,0.8445765407795583,0.0,0.03868114196362206,MEDIUM
2009-03-05,0.73266376121494,0.613163152673462,0.0,0.07278984695494764,HIGH
2009-03-06,0.4576416781453259,0.6077844325155107,0.0,0.06343287463384754,MEDIUM
2009-03-09,0.0826097138696433,1.4218373821034729,0.0,0.02303716850142175,LOW
2009-03-12,0.0427910716680221,2.2393154037037686,0.0,0.020677317319698716,LOW
2009-03-13,0.999999933557564,2.2866440322981253e-07,0.0,0.03227809404701794,MEDIUM
2009-03-16,0.854837359017782,0.145165142814777,0.0,0.055916337768765395,MEDIUM
2009-03-17,0.1743919586755627,0.8259675469057401,0.0,0.0073120067823862715,LOW
2009-03-18,0.3066335643458592,1.2752972237174514,0.0,0.02254144490356785,LOW
2009-03-19,0.0289825190024396,2.2757396216559607,0.0,0.009135882397665154,LOW
2009-03-20,0.0998670721206039,2.912774044962986,0.0,0.0204521038920305,LOW
2009-03-23,0.9999999917082684,3.853126950780405e-08,0.0,0.03227809575943456,MEDIUM
2009-03-24,0.9998712433338576,0.0001287567161643,0.0,0.06454860870278593,MEDIUM
2009-03-25,0.0178040973744655,0.9821973863882564,0.0,0.002721405553376495,LOW
2009-03-26,0.9987592235671297,0.0024793304289629,0.0,0.032241554231796435,MEDIUM
2009-03-27,0.0319116046668824,0.9701532472910568,0.0,0.003130262308820348,LOW
2009-03-30,0.9999970626190336,5.877199838199829e-06,0.0,0.03227800950386367,MEDIUM
2009-03-31,0.4228397071947627,0.5771907513786574,0.0,0.01479644625966953,LOW
2009-04-01,0.9675262022485334,0.0367214752015863,0.0,0.031319437034112274,LOW
2009-04-02,0.9999998257869744,2.1538883321950705e-07,0.0,0.06455618174679888,MEDIUM
2009-04-06,0.8783622937914306,0.1216389737748939,0.0,0.08599205875184136,HIGH
2009-04-08,0.9999781657689424,2.2675528206876725e-05,0.0,0.12910981212035844,HIGH
2009-04-09,0.9857852212228736,0.0142179315540594,0.0,0.15929521440526845,HIGH
2009-04-13,0.7426261896185555,0.2576375246582764,0.0,0.024566142609060794,LOW
2009-04-15,0.999645642136754,0.0004257869759698,0.0,0.0322676606200911,MEDIUM
2009-04-16,0.9999012853453596,9.873378516563644e-05,0.0,0.06455037808267959,MEDIUM
2009-04-17,0.9999927961071906,7.204080557582313e-06,0.0,0.09683365159174685,HIGH
2009-04-20,0.9980265167709224,0.0019735018233844,0.0,0.1288798887812091,HIGH
2009-04-21,0.9977445348902952,0.0022572643316331,0.0,0.1610583285421806,HIGH
2009-04-22,0.9928555299552324,0.0071601972155799,0.0,0.19240554262929388,HIGH
2009-04-23,0.995755549059431,0.0042754825324439,0.0,0.2250714540878723,HIGH
2009-04-24,0.1549218624079214,0.8490264592851395,0.0,0.00673511919800027,LOW
2009-04-27,0.6072014613687344,0.6789622944210768,0.0,0.040867664669303895,MEDIUM
2009-04-28,0.9999814263300142,3.298507738078278e-05,0.0,0.03227754904709288,MEDIUM
2009-04-29,0.9990435956054396,0.0009564125439085,0.0,0.06449985962855018,MEDIUM
2009-05-04,0.9999999981678744,1.8408037726581843e-09,0.0,0.09683428784896933,HIGH
2009-05-05,0.2879297123385014,0.7120706832109697,0.0,0.0107068906018742,LOW
2009-05-06,0.83534489613184,0.1660907962560177,0.0,0.027371797132381442,LOW
2009-05-07,0.99987594983548,0.0001606352754164,0.0,0.06454888590145612,MEDIUM
2009-05-08,0.8743667197728046,0.127088403771494,0.0,0.08563284035689414,HIGH
2009-05-11,0.7105888963444774,0.2903740610799733,0.0,0.02359140503730672,LOW
2009-05-12,0.9995319080063482,0.0006095492111561,0.0,0.032264311175075944,MEDIUM
2009-05-13,0.122565520217574,0.8791964369936692,0.0,0.005780128898729749,LOW
2009-05-14,0.4449497781799434,0.9309447146224314,0.0,0.030941538174350275,LOW
2009-05-15,0.7182873118000312,0.4385465295810068,0.0,0.07147750611841318,HIGH
2009-05-18,1.0,0.0,0.0,0.03227809600360871,MEDIUM
2009-05-19,0.999999997840569,2.159430967374476e-09,0.0,0.06455619188003596,MEDIUM
2009-05-20,0.999865376601029,0.0001346233989709,0.0,0.09682239475460191,HIGH
2009-05-21,0.9998060709093572,0.0001939299628801,0.0,0.12908954044787863,HIGH
2009-05-22,0.9999461788534684,5.383532844495368e-05,0.0,0.1613825553841483,HIGH
2009-05-25,0.999552967086559,0.0004470398509903,0.0,0.1935895881886459,HIGH
2009-05-26,0.9999999085628304,9.167846156134573e-08,0.0,0.2259466531768271,HIGH
2009-05-27,0.999999999998518,1.482036710092886e-12,0.0,0.2582247680285205,HIGH
2009-05-28,0.9997345143146396,0.0002654856853604,0.0,0.290432500606312,HIGH
2009-05-29,0.9999981423938246,1.8576142160994691e-06,0.0,0.322780413009845,HIGH
2009-06-01,0.999999334910155,6.650912438299614e-07,0.0,0.3550588405991321,HIGH
2009-06-02,0.9999987560172248,1.2439851703493328e-06,0.0,0.3873367124509736,HIGH
2009-06-03,0.9999717402210532,2.825981150528605e-05,0.0,0.4196044295353579,HIGH
2009-06-04,0.9999989981251948,1.0019374217678506e-06,0.0,0.45189293100684613,HIGH
2009-06-05,0.999954231131583,4.576902960094226e-05,0.0,0.4841512230210266,HIGH
2009-06-08,0.9999999773632074,2.2646722533875783e-08,0.0,0.5164495253920403,HIGH
2009-06-09,0.999999504335292,4.956647079350551e-07,0.0,0.5487273839244275,HIGH
2009-06-10,0.9999992387146976,7.612853024522659e-07,0.0,0.5810053245362569,HIGH
2009-06-11,0.9999879856135756,1.2014386424340806e-05,0.0,0.613277101889876,HIGH
2009-06-12,0.9999960704614412,3.929608822572303e-06,0.0,0.6455596057376469,HIGH
2009-06-15,0.9999997400892364,2.599107634912392e-07,0.0,0.6455617669956043,HIGH
2009-06-16,0.9922395927302702,0.0077604091065755,0.0,0.6409886312575857,HIGH
2009-06-17,0.9998761108283244,0.0001239081178222,0.0,0.6454889538344277,HIGH
2009-06-18,0.6887491119446012,0.3114192260912259,0.0,0.022925710721257528,LOW
2009-06-19,0.1489725018648258,0.8679651994825984,0.0,0.013118348509845935,LOW
2009-06-22,0.1471704393273694,1.5590172739347898,0.0,0.019517734245024745,LOW
2009-06-23,0.5344691334542037,1.2423394930922889,0.0,0.07283014078118993,HIGH
2009-06-24,0.0034919805114875,2.2615534463374285,0.0,0.011538003634131927,LOW
2009-06-25,0.0208563230147371,3.0692716582093675,0.0,0.016858693772398348,LOW
2009-06-26,0.9999942572425028,1.9137302353172413e-05,0.0,0.03227792689133737,MEDIUM
2009-06-29,0.0164029024579283,0.9861045411613076,0.0,0.0026808492237445167,LOW
2009-06-30,0.10960905466176,1.5431074240488338,0.0,0.010798100858818655,LOW
2009-07-01,0.0182868453207118,2.2296193383844995,0.0,0.00820614136554064,LOW
2009-07-02,0.6683248888559222,1.2450971836788525,0.0,0.0892096309463934,HIGH
2009-07-03,0.0107370500940884,2.610083436061494,0.0,0.012584764649803556,LOW
2009-07-06,0.9999837439927388,6.094618675712063e-05,0.0,0.03227761729759597,MEDIUM
2009-07-07,0.0148120025119266,0.9866456419509444,0.0,0.0026348135471061383,LOW
2009-07-08,0.9997475819464494,0.0005047306981787,0.0,0.03227066267496457,MEDIUM
2009-07-09,0.1833801208492198,0.8167234003490843,0.0,0.007578872704106759,LOW
2009-07-10,0.8356002218488451,0.2849053719527165,0.0,0.02737948638057104,LOW
2009-07-13,0.8502850396037365,0.1917219468019715,0.0,0.05564269202140975,MEDIUM
2009-07-14,0.9999925524267916,1.121009871425772e-05,0.0,0.09683363006408834,HIGH
2009-07-15,0.9992510761910997,0.0007489320231065,0.0,0.12902416195274874,HIGH
2009-07-16,0.9152185990170562,0.084795504871331,0.0,0.1488280326026463,HIGH
2009-07-17,0.9999943216994228,7.881054917185304e-06,0.0,0.1936675727367631,HIGH
2009-07-20,0.999999583183166,4.168168340736981e-07,0.0,0.22594658610457075,HIGH
2009-07-21,0.1348167341338117,0.8651843416903907,0.0,0.006141167895598295,LOW
2009-07-22,0.9952897328032246,0.0052781943644407,0.0,0.03213933808541629,MEDIUM
2009-07-23,0.9999516366375696,4.993023747282376e-05,0.0,0.06455334359684861,MEDIUM
2009-07-24,0.0216391132806143,0.9788728824311967,0.0,0.00283245511487888,LOW
2009-07-27,0.6045410679491395,0.6055104509089776,0.0,0.040704851241750765,MEDIUM
2009-07-28,0.8007549385996608,0.2206586731238968,0.0,0.02632811183459781,LOW
2009-07-29,0.9999292240700411,8.331195422762521e-05,0.0,0.06455202357823137,MEDIUM
2009-07-30,0.909768229667389,0.0902387697908706,0.0,0.08880912655605692,HIGH
2009-07-31,0.8544970901161738,0.1477021265489142,0.0,0.11179177780970669,HIGH
2009-08-03,0.9932668474500964,0.0076581102836279,0.0,0.16039857910889344,HIGH
2009-08-04,0.1753796192169519,0.8287952419432194,0.0,0.007341314341050164,LOW
2009-08-05,0.2962310182332967,1.0961579799029415,0.0,0.021913982425819184,LOW
2009-08-06,0.9228925737252052,0.1475513187229652,0.0,0.02999428724701833,LOW
2009-08-07,0.99964658163091,0.0003850013567505,0.0,0.06453537657548286,MEDIUM
2009-08-10,0.9680702843051748,0.0320262158717116,0.0,0.09400661262979547,HIGH
2009-08-11,0.4552957315323597,0.5484046803554566,0.0,0.015786584820805163,LOW
2009-08-12,0.998251480674497,0.0029419836667768,0.0,0.032226598814999376,MEDIUM
2009-08-13,0.9999999309994776,6.904064495170783e-08,0.0,0.06455618794337528,MEDIUM
2009-08-14,0.0096144641268304,0.9903906028418628,0.0,0.0024844982674041144,LOW
2009-08-17,0.9999999984912034,3.0175931827919193e-09,0.0,0.032278095959177806,MEDIUM
2009-08-18,0.6653018145524497,0.3346981864920693,0.0,0.022210094997458456,LOW
2009-08-19,0.801372080789843,0.1987645453120017,0.0,0.026346766390854648,LOW
2009-08-20,0.1630918121825744,1.0112091807231267,0.0,0.006976989061869009,LOW
2009-08-21,0.7813141260705004,0.4461929900135919,0.0,0.05147976357568225,MEDIUM
2009-08-24,0.99951041015268,0.0007595950542866,0.0,0.03226367806142321,MEDIUM
2009-08-25,0.3731069674159399,0.6276591682491912,0.0,0.013283284357310588,LOW
2009-08-26,0.0024938950830019,1.086462475206551,0.0,0.004557560281819035,LOW
2009-08-27,0.2972014751297556,1.410656840258154,0.0,0.03295873248432482,MEDIUM
2009-08-28,0.5977441459872842,0.8872201260827384,0.0,0.08057769802385402,HIGH
2009-08-31,0.769397197431229,0.3074637898316272,0.0,0.12689382582800177,HIGH
2009-09-01,0.997627219685929,0.0028639926481192,0.0,0.032208209787114056,MEDIUM
2009-09-02,0.7334988310785043,0.2688129604938698,0.0,0.02428867758300211,LOW
2009-09-03,0.7817032110064752,0.2300114349980881,0.0,0.05150333080771141,MEDIUM
2009-09-04,0.9124541849260264,0.1120730564720506,0.0,0.02968316934651559,LOW
2009-09-07,0.999998233632498,2.0391836025121063e-06,0.0,0.06455608797554668,MEDIUM
2009-09-08,0.5930902935288621,0.4069274070216853,0.0,0.020001992410109345,LOW
2009-09-09,0.1275149727096519,0.875464951999075,0.0,0.011851811318918866,LOW
2009-09-10,0.9994609557826536,0.0010679588206889,0.0,0.03226222161796279,MEDIUM
2009-09-11,0.6620685913875163,0.3391136035378929,0.0,0.022111350625298946,LOW
2009-09-14,0.0979528860632751,0.9429416412900808,0.0,0.0101137543810738,LOW
2009-09-15,0.999993477985883,1.4177474344763672e-05,0.0,0.032277903943838136,MEDIUM
2009-09-16,0.9971381974287016,0.0028618118390618,0.0,0.064387606575803,MEDIUM
2009-09-17,0.1072919819217921,0.8929692048910438,0.0,0.00533098144926561,LOW
2009-09-18,0.0691317252665606,1.3712269650763402,0.0,0.008427077169233665,LOW
2009-09-22,0.0071529414222769,1.920093589200302,0.0,0.007240066322692711,LOW
2009-09-23,0.0120679269875637,2.87034402358661,0.0,0.010221749229417838,LOW
2009-09-24,0.8920252581174463,0.4182864603460592,0.0,0.02907301038885885,LOW
2009-09-25,0.0039472752477139,2.15008433262092,0.0,0.002320749360540661,LOW
2009-09-29,0.0155085389180342,4.420338006853119,0.0,0.005309935262180314,LOW
2009-09-30,0.9991688621944232,0.0045108214184675,0.0,0.03225361916252125,MEDIUM
2009-10-01,0.0036106535033686,1.209589375402241,0.0,0.0023110278336104188,LOW
2009-10-05,0.3083732412227034,1.448656365078134,0.0,0.02264644812107415,LOW
2009-10-06,0.92430804215748,0.1176553194344342,0.0,0.030036441051778176,LOW
2009-10-07,0.0959867706017772,0.9213372236928096,0.0,0.004999222899068676,LOW
2009-10-08,0.0099633859220975,1.8337071982167017,0.0,0.0049891703241652366,LOW
2009-10-09,0.0113610348397933,2.5591195469426995,0.0,0.007604986062364505,LOW
2009-10-12,0.9994381243053962,0.0021809292361867,0.0,0.03226154922154317,MEDIUM
2009-10-14,0.5827281879754014,0.4174822878991839,0.0,0.01968482593677179,LOW
2009-10-15,0.0048986146149557,1.0877142337462349,0.0,0.004696453397578771,LOW
2009-10-16,0.0020143134303932,1.9300225368158923,0.0,0.006794800555696366,LOW
2009-10-20,0.0030968307505231,2.510948193753824,0.0,0.009184759426590963,LOW
2009-10-21,0.0041840395603911,3.2115234717790004,0.0,0.011637936828854879,LOW
2009-10-22,0.0561252256864787,3.8181926922628895,0.0,0.02300542917139877,LOW
2009-10-23,0.1138790108797043,4.160277773543191,0.0,0.03867188015455973,MEDIUM
2009-10-26,0.0025941930607878,5.431057818518116,0.0,0.018253408915082918,LOW
2009-10-27,0.9981157533394336,0.0095529646406089,0.0,0.032222600808076506,MEDIUM
2009-10-28,0.0124780512386643,1.1574257118595563,0.0,0.002567298414460536,LOW
2009-10-29,0.617863423960833,0.8065817876054977,0.0,0.041520070230789546,MEDIUM
2009-10-30,0.989811917829311,0.0248843044049271,0.0,0.03197784290888639,LOW
2009-11-03,0.9998368645590736,0.0001634400896136,0.0,0.06454658389111281,MEDIUM
2009-11-04,0.999999994870606,5.129394011742264e-09,0.0,0.09683428755767635,HIGH
2009-11-05,0.9998330830033928,0.0001669171123802,0.0,0.12909272233524832,HIGH
2009-11-06,0.5606024115476717,0.439398671000612,0.0,0.01900750778385926,LOW
2009-11-09,0.9999841296827195,2.2202149829693007e-05,0.0,0.03227762865538735,MEDIUM
2009-11-10,0.8120518661404826,0.1879817028641739,0.0,0.053338799597563324,MEDIUM
2009-11-11,0.9999099876493808,0.0001211193272652,0.0,0.09682633592918136,HIGH
2009-11-12,0.1230781733787352,0.8777360064651176,0.0,0.005795222955522046,LOW
2009-11-13,0.0607217544530246,1.0827216714561678,0.0,0.00793638404331881,LOW
2009-11-16,0.8578679051700805,0.2877604817664069,0.0,0.028049212604214103,LOW
2009-11-17,0.6479310323193526,0.3793181187123135,0.0,0.02167941696240155,LOW
2009-11-18,0.0172046317567685,1.2263212430656931,0.0,0.00540810679712318,LOW
2009-11-19,0.6642451955921554,0.758675701437487,0.0,0.06653348074941991,MEDIUM
2009-11-20,0.9904715965490448,0.0121768656755726,0.0,0.03199729851907707,LOW
2009-11-23,0.9784144884112446,0.0242428901570703,0.0,0.06328279036828617,MEDIUM
2009-11-24,0.8857089680375589,0.1150485005449529,0.0,0.08665207890352555,HIGH
2009-11-25,0.7811903710854259,0.230588943956981,0.0,0.02573613372032041,LOW
2009-11-26,0.9999990383614152,1.342276599783863e-06,0.0,0.032278067685361726,MEDIUM
2009-11-27,0.9999999689736416,3.102635845251655e-08,0.0,0.06455619017989471,MEDIUM
2009-11-30,0.9999154940923662,8.450590961116519e-05,0.0,0.09682682239542459,HIGH
2009-12-01,0.9999986772194788,1.3228083879335505e-06,0.0,0.12911222820194085,HIGH
2009-12-02,0.9270393977772482,0.0729607032128897,0.0,0.1505887979944755,HIGH
2009-12-03,0.985207331536652,0.0149555148035808,0.0,0.19105192420724498,HIGH
2009-12-04,0.7685442120239989,0.2328187509067209,0.0,0.025352902190681245,LOW
2009-12-07,0.2882055457958757,0.812430296915128,0.0,0.021430394228345657,LOW
2009-12-08,0.9993159020422364,0.0013766827141857,0.0,0.03225794968518396,MEDIUM
2009-12-09,0.0239525752170799,0.9959950402949252,0.0,0.002899479743380995,LOW
2009-12-10,0.1212359213783716,1.736010489677352,0.0,0.01148197415136782,LOW
2009-12-11,0.9209533877766666,0.2245496907465632,0.0,0.029936523282061058,LOW
2009-12-14,0.5268541342041831,0.5426675682517179,0.0,0.01797446916351397,LOW
2009-12-15,0.9081440631647394,0.1591349230100723,0.0,0.02955457606337565,LOW
2009-12-16,0.5331426673795892,0.6478755253106097,0.0,0.018166935342333334,LOW
2009-12-17,0.0319055492225722,1.293910049644711,0.0,0.006260173214614025,LOW
2009-12-18,0.9455150356409469,0.1205221437826849,0.0,0.03066699969771766,LOW
2009-12-21,0.0039539488792422,1.4720455309525649,0.0,0.002320942098402438,LOW
2009-12-22,0.008424775807724,3.0416315385136947,0.0,0.0049002205714338155,LOW
2009-12-23,0.9999999999903212,3.2907536985049666e-11,0.0,0.03227809600332369,MEDIUM
2009-12-24,0.1534270388246134,0.8465730969487278,0.0,0.006690896944687986,LOW
2009-12-29,0.0914938209866865,0.9091470284265936,0.0,0.009735078845191356,LOW
2009-12-30,0.0020233111002787,1.8551335503807571,0.0,0.00679557987504797,LOW
2009-12-31,0.002155881250614,2.9309173493198184,0.0,0.009076083161633122,LOW
2010-01-04,0.0114492421288727,3.929326859756346,0.0,0.012687730031748116,LOW
2010-01-05,0.9999170546664626,0.0003942838507191,0.0,0.032275653421378954,MEDIUM
2010-01-06,0.0055550710697965,1.0094077140349418,0.0,0.0023671895490431152,LOW
2010-01-07,0.0054493191779348,1.9724911355441912,0.0,0.004728269173242775,LOW
2010-01-08,0.0021239381315401,2.380472787494361,0.0,0.006804295610859643,LOW
2010-01-11,0.0198181308510614,3.281612673212672,0.0,0.01111886619665948,LOW
2010-01-12,0.5974455105324225,1.837589930945992,0.0,0.10067642510505001,HIGH
2010-01-13,0.3633275286275979,1.561569165285985,0.0,0.07791853388554636,HIGH
2010-01-14,0.0020607173465439,4.042318455740515,0.0,0.015863912801795468,LOW
2010-01-15,0.0044655598184868,6.244300420128019,0.0,0.018685746587589584,LOW
2010-01-18,0.0255592068922105,7.041704382407902,0.0,0.026514374133317333,LOW
2010-01-19,0.0390270258101113,7.336104502061471,0.0,0.03336841313568688,MEDIUM
2010-01-20,0.0263463739777639,8.347397870877728,0.0,0.03265744918633617,MEDIUM
2010-01-21,0.9999999819922192,1.3264198411617578e-07,0.0,0.03227809547331723,MEDIUM
2010-01-22,0.999972829535378,2.7170473651119396e-05,0.0,0.06455459177715578,MEDIUM
2010-01-25,0.3574706554989028,0.6425295172131374,0.0,0.012808752429360876,LOW
2010-01-27,0.9999999934400208,1.3085776804349965e-08,0.0,0.03227809581043104,MEDIUM
2010-01-28,0.9998526595638834,0.0001473404564894,0.0,0.06454751417313208,MEDIUM
2010-01-29,0.9999996304274152,3.6959924931751846e-07,0.0,0.0968342553614064,HIGH
2010-02-01,0.9996297446806172,0.0003702557742627,0.0,0.12906876978822812,HIGH
2010-02-02,0.9997328029107044,0.0002672879433158,0.0,0.16135113722902908,HIGH
2010-02-03,0.9999997633898828,2.3693730429840837e-07,0.0,0.19366853421561325,HIGH
2010-02-04,0.9999995563792882,4.4362071179241e-07,0.0,0.22594658057934341,HIGH
2010-02-05,0.999973411557166,2.658846495067409e-05,0.0,0.25821850422378667,HIGH
2010-02-08,0.9999982641670512,1.7358374384356356e-06,0.0,0.2905024039825708,HIGH
2010-02-09,0.9525864304140632,0.0474138221593405,0.0,0.3087683293996142,HIGH
2010-02-10,0.9815089072157404,0.018617649359036,0.0,0.3490607859124692,HIGH
2010-02-11,0.999769006904628,0.0002344835581618,0.0,0.3872555234247499,HIGH
2010-02-15,0.8726669285392287,0.1274160066557254,0.0,0.370413192196357,HIGH
2010-02-16,0.8038721608106659,0.2112678805187139,0.0,0.36991255124343075,HIGH
2010-02-17,0.3970742792321192,0.7001251312576873,0.0,0.014011825013532745,LOW
2010-02-18,0.0036937394273849,1.5810193227185811,0.0,0.004626854554389213,LOW
2010-02-19,0.5368977381324243,1.134328043203214,0.0,0.05484561161352951,MEDIUM
2010-02-22,0.8794576828657322,0.2459510743468158,0.0,0.028696835664571242,LOW
2010-02-23,0.0249472560205249,1.4848316117267075,0.0,0.0029283051421691783,LOW
2010-02-24,0.0264230874100923,2.831325634491348,0.0,0.005942165705400711,LOW
2010-02-25,0.0572341163857864,3.473576515262882,0.0,0.011599634132818186,LOW
2010-02-26,0.9965286150057884,0.019287684076605,0.0,0.032175843590563184,MEDIUM
2010-03-02,0.997172423433713,0.0031850727528566,0.0,0.06438962322916039,MEDIUM
2010-03-03,0.9999761054187066,2.3897766117993188e-05,0.0,0.09683217707061122,HIGH
2010-03-04,0.4007326267322782,0.5994953423339155,0.0,0.014123145567293405,LOW
2010-03-05,0.0162035467186932,0.9982363845378742,0.0,0.005350159642373041,LOW
2010-03-08,0.0033496236899548,1.9606179020295076,0.0,0.006910469264273513,LOW
2010-03-09,0.002221644235856,2.860679062600874,0.0,0.009083677991319114,LOW
2010-03-10,0.0072446644104176,3.718375115980224,0.0,0.012080029445613934,LOW
2010-03-11,0.0027958667935033,4.522298269169391,0.0,0.013724995969043358,LOW
2010-03-12,0.0025223242323641,5.230013672776047,0.0,0.015957206934366343,LOW
2010-03-15,0.0096804345576282,6.0849165578473245,0.0,0.019891242762295935,LOW
2010-03-16,0.9157357168216278,0.6272205660657053,0.0,0.02978102395818362,LOW
2010-03-17,0.0804534558804734,1.770262936803896,0.0,0.0045443593884740485,LOW
2010-03-18,0.002414439280327,5.422714016870638,0.0,0.004552971985339408,LOW
2010-03-19,0.0020478627507187,9.101948721695706,0.0,0.006797706384508015,LOW
2010-03-22,0.2730724896820975,7.397802794244372,0.0,0.04103946747066624,MEDIUM
2010-03-23,0.0048527206913381,9.595962237118478,0.0,0.011734505267582877,LOW
2010-03-25,0.0047261694265746,10.02908296567476,0.0,0.01405947405003719,LOW
2010-03-26,0.0020259035338132,12.300880681957183,0.0,0.015856876968131126,LOW
2010-03-29,0.7385874180750165,3.1203304307854705,0.0,0.19554712993307832,HIGH
2010-03-30,0.0351703113405279,3.0541434253734465,0.0,0.02902356689083892,LOW
2010-03-31,0.0048416440301811,6.270867097051038,0.0,0.023465811058577472,LOW
2010-04-01,0.0089917452278353,13.444691000255858,0.0,0.027131474726848556,LOW
2010-04-05,0.9770676645077124,0.307058131414539,0.0,0.031601599120003154,LOW
2010-04-06,0.0020329558661511,8.306346416214282,0.0,0.002265471747643358,LOW
2010-04-07,0.0027957630797184,17.525118797364833,0.0,0.004574992666894024,LOW
2010-04-08,0.5173849287120457,9.02425839488986,0.0,0.0530540812272912,MEDIUM
2010-04-09,0.183903148447018,5.6119279044392325,0.0,0.030377649667648967,LOW
2010-04-12,0.0039153729309371,9.65225574686824,0.0,0.01159914004218837,LOW
2010-04-13,0.0027107041617158,14.728070288409196,0.0,0.013710241690957437,LOW
2010-04-15,0.3218195844176001,6.827202443224844,0.0,0.08210542014132789,HIGH
2010-04-16,0.0033781481810294,16.093343196717836,0.0,0.01843450780403073,LOW
2010-04-19,0.9903666646976708,0.0900061620893218,0.0,0.03199420394198015,LOW
2010-04-20,0.0255250877731307,2.288070038595875,0.0,0.0029450526341580634,LOW
2010-04-21,0.0064209341781138,13.607352330091464,0.0,0.004784409305207247,LOW
2010-04-22,0.9510161703878648,0.4367769909388933,0.0,0.03083025634162021,LOW
2010-04-23,0.1117266310731215,4.492472139832542,0.0,0.005461280411317057,LOW
2010-04-26,0.0114780288086202,12.660254727312518,0.0,0.005076756853047427,LOW
2010-04-27,0.0021871667059449,12.65672565317675,0.0,0.00680977218226553,LOW
2010-04-28,0.9999795832319064,0.0002415141509408,0.0,0.03227749477154528,MEDIUM
2010-04-29,0.2827323295129465,0.7205484956519563,0.0,0.010550424346774976,LOW
2010-04-30,0.0052040037853089,1.0193754545005194,0.0,0.0047140962397026085,LOW
2010-05-03,0.9707269921972672,0.0588164157894487,0.0,0.031414136285404036,LOW
2010-05-04,0.9908410291881864,0.0093961071915413,0.0,0.0640163863483257,MEDIUM
2010-05-05,0.9999389203913208,6.148416206997399e-05,0.0,0.09682889198521323,HIGH
2010-05-06,0.9984730182440046,0.0015270570251888,0.0,0.128932497130653,HIGH
2010-05-07,0.9878474675460734,0.0121620579141396,0.0,0.1595994732279655,HIGH
2010-05-10,0.9999999999964472,3.552968268644551e-12,0.0,0.19366857602102452,HIGH
2010-05-11,0.9849939504187284,0.015006049692779,0.0,0.22284982564762454,HIGH
2010-05-12,0.9936655910936742,0.0063344509346775,0.0,0.2567317584471616,HIGH
2010-05-13,0.9798481554898332,0.0202611434557704,0.0,0.28515373582469355,HIGH
2010-05-14,0.9999136121100876,8.92021747514806e-05,0.0,0.3227555204396825,HIGH
2010-05-17,0.9999997315427396,2.6845944418582024e-07,0.0,0.3550589690791413,HIGH
2010-05-18,0.9986902649301116,0.0013097362267422,0.0,0.3868742777313124,HIGH
2010-05-19,0.999999999967688,3.2311920790135167e-11,0.0,0.4196152480345434,HIGH
2010-05-20,0.9840702967366262,0.0159297037003423,0.0,0.445317952623263,HIGH
2010-05-21,0.9999996335462934,3.742954415092378e-07,0.0,0.4841712781846987,HIGH
2010-05-24,0.9999772912357728,2.270876596089277e-05,0.0,0.5164388364292541,HIGH
2010-05-25,0.9999999808335912,1.9167492315458472e-08,0.0,0.548727622466367,HIGH
2010-05-26,0.999999948666592,5.1333407913873066e-08,0.0,0.5810057008550499,HIGH
2010-05-27,0.9955003461927938,0.0044996547026456,0.0,0.610765347640545,HIGH
2010-05-28,0.9585279304705566,0.0415075037887652,0.0,0.6210594309358979,HIGH
2010-05-31,0.027468412122271,0.9889635002072054,0.0,0.003001388460533426,LOW
2010-06-01,0.999990365604497,1.927368230974077e-05,0.0,0.032277812290602004,MEDIUM
2010-06-02,0.0454643323688917,0.9560646687814048,0.0,0.003523942244829752,LOW
2010-06-03,0.9945612757182364,0.010690877201,0.0,0.03211786976843267,MEDIUM
2010-06-04,0.0076656639592616,0.9980369975353932,0.0,0.002428171709531031,LOW
2010-06-07,0.9796250810285352,0.0407648035213623,0.0,0.03167715898452587,LOW
2010-06-08,0.2180148854792128,0.7873234264051472,0.0,0.008610370196079523,LOW
2010-06-09,0.5598851563399545,0.7897671701367471,0.0,0.03797110074096676,MEDIUM
2010-06-10,0.999575676834234,0.0005589953816004,0.0,0.03226560016435232,MEDIUM
2010-06-11,0.003580264817305,1.0118117574844891,0.0,0.002310150245195857,LOW
2010-06-14,0.9999992664882268,1.4673728707972918e-06,0.0,0.03227807440322004,MEDIUM
2010-06-15,0.0091625163385872,0.99085520240583,0.0,0.0024714338947667285,LOW
2010-06-16,0.0081046596003165,1.1002722543693522,0.0,0.004881716969250285,LOW
2010-06-17,0.0318916405469211,1.9349854668465192,0.0,0.009389049123981441,LOW
2010-06-18,0.0319546865666604,2.8713893189431734,0.0,0.012526049420522873,LOW
2010-06-21,0.9959579912256588,0.0157205303060793,0.0,0.03215903017710273,MEDIUM
2010-06-22,0.553766256125321,0.4499391898451589,0.0,0.01879823294142805,LOW
2010-06-23,0.0068904099332219,1.1413811184399787,0.0,0.004811538993111472,LOW
2010-06-24,0.0295427898135729,2.2041550950589097,0.0,0.009184630546764218,LOW
2010-06-25,0.2721671028134455,2.2959722842083736,0.0,0.040930602893598594,MEDIUM
2010-06-28,0.9880192442104326,0.0331258372522622,0.0,0.0319249624859212,LOW
2010-06-29,0.6445062021959662,0.3966889277967809,0.0,0.02157474324256137,LOW
2010-06-30,0.0793543385989549,0.9323496941562568,0.0,0.009024433406107275,LOW
2010-07-01,0.0462296602092227,1.8670562123578247,0.0,0.010638599328075244,LOW
2010-07-02,0.0027389553246289,2.747564878181903,0.0,0.009143424088350543,LOW
2010-07-05,0.0021447702188809,3.562989845563027,0.0,0.011343499975097038,LOW
2010-07-06,0.3199370232443707,3.094354262921674,0.0,0.07003471385458312,HIGH
2010-07-07,0.4616653135333743,1.6079065973942466,0.0,0.11186769616362317,HIGH
2010-07-08,0.0107815930762477,3.7671190487206303,0.0,0.0201459265690436,LOW
2010-07-09,0.8794348484161719,0.3517705713895944,0.0,0.028696151628063982,LOW
2010-07-12,0.0020544055541929,2.5065617511518736,0.0,0.002266091027483121,LOW
2010-07-13,0.0040977110453025,4.835469804518347,0.0,0.004650188149966555,LOW
2010-07-14,0.1280316126509751,6.017726018555759,0.0,0.01782338617050797,LOW
2010-07-15,0.0020921163942331,7.449042777561376,0.0,0.009068719171653835,LOW
2010-07-16,0.0020098829902028,9.131584848958664,0.0,0.011324028033931729,LOW
2010-07-19,0.0107226856755265,10.312625827257673,0.0,0.015099225642878949,LOW
2010-07-20,0.0212399671333567,11.783818761199647,0.0,0.019746256842090228,LOW
2010-07-21,0.0026843317239432,12.541142110200976,0.0,0.018274230339504063,LOW
2010-07-22,0.0100378144255633,14.331889181404502,0.0,0.02247063186275198,LOW
2010-07-23,0.0093215834311119,15.0506224098563,0.0,0.024760319056654996,LOW
2010-07-26,0.0043364244456588,16.008195746477817,0.0,0.02565187401582345,LOW
2010-07-27,0.0045725683860718,16.022450289623613,0.0,0.028065708954833093,LOW
2010-07-28,0.0056749344500317,17.416395593538056,0.0,0.030818478987578574,LOW
2010-07-29,0.0020160736634136,17.964541588168206,0.0,0.03170978073891686,LOW
2010-07-30,0.0021695333536382,19.708763390194704,0.0,0.03404122427843241,MEDIUM
2010-08-02,0.0392717969729784,20.49107251978804,0.0,0.053503231630534,MEDIUM
2010-08-03,0.0020164676440425,21.905728755643697,0.0,0.03850492712380178,MEDIUM
2010-08-04,0.0020495129419004,22.94261678241532,0.0,0.04078709588398636,MEDIUM
2010-08-05,0.0020061924211406,23.8119813774258,0.0,0.04302928206379823,MEDIUM
2010-08-06,0.0020307850534792,24.728875269459024,0.0,0.045308181472762214,MEDIUM
2010-08-09,0.0041026126319533,25.70469744536356,0.0,0.04650471277677896,MEDIUM
2010-08-10,0.0020018219036149,26.64280570754553,0.0,0.045291457488321106,MEDIUM
2010-08-11,0.0020726189863029,27.60256171631391,0.0,0.04533233748474372,MEDIUM
2010-08-12,0.003081989566439,28.58779890239097,0.0,0.0459152259520209,MEDIUM
2010-08-13,0.0020203980441243,29.453355924844143,0.0,0.0453021837669102,MEDIUM
2010-08-16,0.0020078513040438,29.886029899935853,0.0,0.04529493899518469,MEDIUM
2010-08-17,0.0020012634576981,30.799672732916,0.0,0.04529113502968844,MEDIUM
2010-08-18,0.0980417426011241,27.778478357970283,0.0,0.10118966481565597,HIGH
2010-08-19,0.945135758813504,0.283554973766666,0.0,0.030655739160501985,LOW
2010-08-20,0.0020003410886086,12.756601275183398,0.0,0.002264530121704388,LOW
2010-08-23,0.0020001945210097,30.215976993293463,0.0,0.004529051780283519,LOW
2010-08-24,0.0020113632579837,33.01619825086563,0.0,0.006794545031302264,LOW
2010-08-25,0.0027990117153776,33.74156749485758,0.0,0.009150360550220773,LOW
2010-08-26,0.0020002282699703,35.336130223547585,0.0,0.011322634322550871,LOW
2010-08-27,0.9583319857621272,1.5758276244080298,0.0,0.031047165112989984,LOW
2010-08-30,0.2921851994213615,1.51483204203747,0.0,0.010835070198071221,LOW
2010-08-31,0.7136102104091739,0.5565557121864609,0.0,0.047366848040037,MEDIUM
2010-09-01,0.9974084481501828,0.0032245052704161,0.0,0.03220176495501465,MEDIUM
2010-09-02,0.004928926763282,1.0225958070704972,0.0,0.0023491022703143365,LOW
2010-09-03,0.0024009595940412,1.9295003603015717,0.0,0.004552193586366428,LOW
2010-09-06,0.9998270189326368,0.00054276185696,0.0,0.03227300200492348,MEDIUM
2010-09-07,0.002887584275459,1.0001748001116169,0.0,0.00229014768319477,LOW
2010-09-08,0.0295538164058682,1.9228293310413176,0.0,0.006123726664056677,LOW
2010-09-09,0.0085233661663107,2.305647552937491,0.0,0.00735887934979334,LOW
2010-09-13,0.99999986668396,5.333246090365698e-07,0.0,0.03227809207773015,MEDIUM
2010-09-14,0.8390488946410588,0.1609515000352382,0.0,0.05496664557890068,MEDIUM
2010-09-15,0.997441791492809,0.0026925476027188,0.0,0.09660824171067695,HIGH
2010-09-16,0.6652889199916519,0.3403569375839222,0.0,0.02220970122016589,LOW
2010-09-17,0.857098692671993,0.2023281919130229,0.0,0.028026107051539975,LOW
2010-09-20,0.9999981160344285,2.9066556781142906e-06,0.0,0.0645560810495104,MEDIUM
2010-09-21,0.0724796118646621,0.9276502593708856,0.0,0.004311300749921797,LOW
2010-09-22,0.2560979895442483,0.9320721501615368,0.0,0.01950020465318273,LOW
2010-09-23,0.0124030017301836,1.6687910710146556,0.0,0.007695383593446795,LOW
2010-09-24,0.1053430441181053,2.262697179569014,0.0,0.021094985638028682,LOW
2010-09-27,0.0057686093050248,2.783814575117077,0.0,0.01186679205066617,LOW
2010-09-28,0.0024281083712147,3.2859309654976703,0.0,0.013661283970444384,LOW
2010-09-29,0.0047693474490742,4.174818189334956,0.0,0.016411449913505727,LOW
2010-09-30,0.0025136592155115,5.072795571966375,0.0,0.01823480640512667,LOW
2010-10-01,0.9998491892495724,0.0009161725096912,0.0,0.03227365489071456,MEDIUM
2010-10-04,0.1846940662561281,0.8197783887995549,0.0,0.007617913638395518,LOW
2010-10-05,0.0021628784506211,1.0637690400998727,0.0,0.004538445624826073,LOW
2010-10-06,0.002064949054355,2.002972092397589,0.0,0.0067991862977737575,LOW
2010-10-07,0.0024357624262501,2.9758635182932807,0.0,0.009108406633825243,LOW
2010-10-08,0.0021349081841807,3.903213970193265,0.0,0.011342076304564474,LOW
2010-10-11,0.0020587906325343,4.731566686641688,0.0,0.013597305783357584,LOW
2010-10-12,0.0020001927044171,4.540176542033982,0.0,0.015851680863863585,LOW
2010-10-13,0.9996988588274536,0.0016846942771679,0.0,0.032269227819670065,MEDIUM
2010-10-14,0.0021847271221659,1.1183020188941994,0.0,0.002269853625180785,LOW
2010-10-15,0.0420256106627404,4.09939022670409,0.0,0.006847941513615114,LOW
2010-10-18,0.9985614333190864,0.0079651374954009,0.0,0.032235728517795215,MEDIUM
2010-10-19,0.996154112230732,0.0038524616963426,0.0,0.06432961808688813,MEDIUM
2010-10-20,0.0054204425984299,0.9960064213677912,0.0,0.0023633004089165053,LOW
2010-10-21,0.1081237518025108,1.7681142121267446,0.0,0.01071082724816045,LOW
2010-10-22,0.0057191354278424,1.7178553557465404,0.0,0.007115787450233975,LOW
2010-10-25,0.0212909440896466,2.4643366358080536,0.0,0.011289481363456276,LOW
2010-10-26,0.0197260329919301,3.202987973140318,0.0,0.013885248364159785,LOW
2010-10-27,0.0035984285794103,4.516369971299625,0.0,0.013864048752532878,LOW
2010-10-28,0.0700969764823779,5.167052647788677,0.0,0.029692037178629338,LOW
2010-10-29,0.990666927237022,0.0538253772597208,0.0,0.03200305894350507,LOW
2010-11-01,0.9999964643581364,3.5664465114410917e-06,0.0,0.06455598377264561,MEDIUM
2010-11-02,0.0030879150835915,0.99703832287235,0.0,0.00229593240470879,LOW
2010-11-03,0.0486569748141419,1.2305061924769989,0.0,0.0072336206524637355,LOW
2010-11-04,0.8474294555908034,0.2910370660428663,0.0,0.027735481931272052,LOW
2010-11-08,0.999999999008539,2.011319629320017e-09,0.0,0.06455619194882452,MEDIUM
2010-11-09,0.0670131374973292,0.9329881799815554,0.0,0.00415170078217412,LOW
2010-11-10,0.0095424661961705,0.991492492967484,0.0,0.004964833940296564,LOW
2010-11-11,0.99976998161767,0.0004597076988278,0.0,0.03227132232301166,MEDIUM
2010-11-12,0.9990461215948516,0.0009539391113352,0.0,0.06450000842070562,MEDIUM
2010-11-15,0.7807671455676164,0.2193568125266408,0.0,0.02572331549871871,LOW
2010-11-16,0.9999999959308832,7.242445946361497e-09,0.0,0.032278095883781735,MEDIUM
2010-11-18,0.9999999994898592,5.101408183178992e-10,0.0,0.06455619197717226,MEDIUM
2010-11-19,0.9999993921713024,6.078286975066856e-07,0.0,0.0968342343129723,HIGH
2010-11-22,0.999650047611109,0.0003499523980149,0.0,0.1290711614366159,HIGH
2010-11-23,0.9999991621879436,8.3864920496867e-07,0.0,0.16139035665897242,HIGH
2010-11-24,0.9997517696861594,0.0002482305171901,0.0,0.1936247159994536,HIGH
2010-11-25,0.9999568044555112,4.320372570343013e-05,0.0,0.22593776786650807,HIGH
2010-11-26,0.9999924135665827,7.586705535335814e-06,0.0,0.258222980791056,HIGH
2010-11-29,0.9973635111344672,0.0026365376004813,0.0,0.28980397008056824,HIGH
2010-11-30,0.9992682859803742,0.0007330233274293,0.0,0.3225654733843592,HIGH
2010-12-01,0.9999864382998244,1.3583027579360443e-05,0.0,0.3550546630343548,HIGH
2010-12-02,0.9999999999364572,6.354275226944878e-11,0.0,0.38733715202085006,HIGH
2010-12-03,0.7326122249255597,0.2673877788941144,0.0,0.024261714998358705,LOW
2010-12-06,0.9981244062104896,0.0018956929698376,0.0,0.03222285569098064,MEDIUM
2010-12-07,0.79794192713646,0.2031354547291574,0.0,0.052486134472592774,MEDIUM
2010-12-08,0.7334187384954354,0.2839039454233484,0.0,0.024286241961521397,LOW
2010-12-09,0.9999999792309388,3.5831759644218074e-08,0.0,0.0322780953920033,MEDIUM
2010-12-10,0.8883375136329725,0.111662526867461,0.0,0.05792538295589065,MEDIUM
2010-12-13,0.9987800112566892,0.0012539331074315,0.0,0.09672649950625116,HIGH
2010-12-14,0.5522180604795526,0.4482560289368109,0.0,0.01875083870436809,LOW
2010-12-15,0.1419483761874445,0.9007626444002804,0.0,0.012703293156828896,LOW
2010-12-16,0.9129316775433652,0.1690001845662388,0.0,0.029697410800707882,LOW
2010-12-20,0.0766416848100337,1.0577783896074489,0.0,0.004432911955989186,LOW
2010-12-21,0.0907727141542715,2.3198196201046146,0.0,0.009692826674175856,LOW
2010-12-22,0.8729066722712708,0.4804391576082356,0.0,0.028500510355120093,LOW
2010-12-23,0.99557690751527,0.0057254336487267,0.0,0.06429560146877292,MEDIUM
2010-12-24,0.9999999997959884,2.04011459547644e-10,0.0,0.09683428799280298,HIGH
2010-12-27,0.1490680263681229,0.8509321698559744,0.0,0.00656199803649982,LOW
2010-12-28,0.0075057583850497,0.992677372595336,0.0,0.004847101485091277,LOW
2010-12-29,0.9880285940605034,0.0239101176245051,0.0,0.03192523832602636,LOW
2010-12-30,0.9974662481223404,0.0025383467531528,0.0,0.06440693543291533,MEDIUM
2010-12-31,0.0573858548415838,0.9478512729580972,0.0,0.0038709659276413098,LOW
2011-01-03,0.9999999999594884,8.102296264520384e-11,0.0,0.032278096002415727,MEDIUM
2011-01-04,0.9535303706089742,0.0464696294905666,0.0,0.06180965340689542,MEDIUM
2011-01-05,0.9789483209886388,0.0210527680589376,0.0,0.0949715000383833,HIGH
2011-01-06,0.99993883697472,6.205188162821908e-05,0.0,0.12910517948774722,HIGH
2011-01-07,0.999993357534502,6.642533518261468e-06,0.0,0.16138950198396648,HIGH
2011-01-10,0.9999995894798058,4.105227649711464e-07,0.0,0.1936685034878837,HIGH
2011-01-11,0.9999662372856604,3.376274037996259e-05,0.0,0.22593971231789092,HIGH
2011-01-12,0.9999987124611088,1.28756360125939e-06,0.0,0.2582244647062217,HIGH
2011-01-13,0.9999910088582006,8.991177743294254e-06,0.0,0.29050048109794824,HIGH
2011-01-14,0.9999992281755308,7.719120912457888e-07,0.0,0.3227807327499114,HIGH
2011-01-17,0.999538662198252,0.0004613407154838,0.0,0.3549096109479652,HIGH
2011-01-18,0.9956940850401328,0.0043059572325471,0.0,0.38581504427587315,HIGH
2011-01-19,0.9986007360289564,0.0014095826135032,0.0,0.4190795200016371,HIGH
2011-01-20,0.9999971880389072,2.8130618912018007e-06,0.0,0.4518921847610554,HIGH
2011-01-21,0.991489612757952,0.0085104435744754,0.0,0.48040977849800787,HIGH
2011-01-24,0.9292620341369,0.0707873384343761,0.0,0.48294255301749484,HIGH
2011-01-25,0.9999600394958756,4.157720328868416e-05,0.0,0.5487076271941347,HIGH
2011-01-27,0.9999999999983994,1.6006059961428268e-12,0.0,0.5810057280641083,HIGH
2011-01-28,0.9999847671202698,1.5232879730142231e-05,0.0,0.613275301106065,HIGH
2011-01-31,0.9999989068260892,1.093173910760469e-06,0.0,0.6455612762384176,HIGH
2011-02-01,0.9999999821569704,1.7843029732604413e-08,0.0,0.6455619095633761,HIGH
2011-02-02,0.9999952281164451,4.771883554857852e-06,0.0,0.645559109631349,HIGH
2011-02-03,0.999747260459724,0.0002527397492424,0.0,0.6454130641496704,HIGH
2011-02-04,0.9963597578855184,0.0036407529393692,0.0,0.6434173674823306,HIGH
2011-02-07,0.999325747774969,0.0007439903114972,0.0,0.6451647930367157,HIGH
2011-02-08,0.9999999997986933,2.0130684118556583e-10,0.0,0.6455619199536129,HIGH
2011-02-09,0.9499321921034414,0.0500678092220679,0.0,0.6159619499536516,HIGH
2011-02-10,0.6684281884223475,0.3315847056726149,0.0,0.022305561860653234,LOW
2011-02-11,0.9671891068559766,0.0578117977834549,0.0,0.031309461033903224,LOW
2011-02-14,0.9999992557187374,8.922985317734051e-07,0.0,0.06455614817216213,MEDIUM
2011-02-15,0.8937356498583732,0.1062676314812963,0.0,0.08737247629552937,HIGH
2011-02-16,0.1357675231880512,0.8661203728116508,0.0,0.006169215678496569,LOW
2011-02-17,0.1705504306646056,1.6249996098198551,0.0,0.014396108536826544,LOW
2011-02-18,0.949192154895108,0.1337187145241377,0.0,0.03077613959818585,LOW
2011-02-21,0.4233489620639142,0.6465585255995759,0.0,0.014811967797528958,LOW
2011-02-22,0.0414720073514613,1.4836451562026765,0.0,0.006815763080951691,LOW
2011-02-23,0.0386524403543346,2.322185615883789,0.0,0.009977880207909922,LOW
2011-02-24,0.9935128303009344,0.0239500759478763,0.0,0.03208696687755061,MEDIUM
2011-02-25,0.9998019338019556,0.0001983280125146,0.0,0.06454452655824194,MEDIUM
2011-02-28,0.9994262083305134,0.0005739230033309,0.0,0.09678359487068375,HIGH
2011-03-01,0.9994872509840678,0.0005134112708169,0.0,0.12905198407819848,HIGH
2011-03-03,0.9966276884085388,0.0033741386689108,0.0,0.16089381317563228,HIGH
2011-03-04,0.9979629698442736,0.0020456518970539,0.0,0.19330860175177556,HIGH
2011-03-07,0.3805396901301244,0.6209122556313253,0.0,0.01350907173303913,LOW
2011-03-08,0.2680743046131328,0.9544427965010108,0.0,0.020219313696252135,LOW
2011-03-09,0.5740865359089824,0.8485633403903518,0.0,0.05826088451822004,MEDIUM
2011-03-10,0.0175080753069181,1.8783564536463944,0.0,0.010851346681484925,LOW
2011-03-11,0.9145915323859546,0.224702261073091,0.0,0.02974690958776734,LOW
2011-03-14,0.9999992542423832,9.33016631627391e-07,0.0,0.06455614808521103,MEDIUM
2011-03-15,0.9999999863299076,1.3670092240489744e-08,0.0,0.09683428680315924,HIGH
2011-03-16,0.1607819604293587,0.8392180591046776,0.0,0.006908576689159518,LOW
2011-03-17,0.9999995320381444,9.347115540260348e-07,0.0,0.03227808222311039,MEDIUM
2011-03-18,0.9999999350018772,6.49981227047029e-08,0.0,0.06455618817909987,MEDIUM
2011-03-21,0.99999099838117,9.001618829936727e-06,0.0,0.09683349277373486,HIGH
2011-03-22,0.1325702950705712,0.8674305353859091,0.0,0.006074915285645854,LOW
2011-03-23,0.999423159989723,0.0011355397432484,0.0,0.0322611085149901,MEDIUM
2011-03-24,0.3608212569781218,0.6393047219371737,0.0,0.012910382679292738,LOW
2011-03-25,0.9999762517013572,4.594810488598746e-05,0.0,0.032277396664604344,MEDIUM
2011-03-28,0.9793498718733212,0.0206508204830583,0.0,0.06333805844295574,MEDIUM
2011-03-29,0.9008291473141048,0.0998404720894799,0.0,0.08800848995222657,HIGH
2011-03-30,0.0990939784610166,1.0927527856326584,0.0,0.005090346782501263,LOW
2011-03-31,0.9919079268869476,0.0183110491715249,0.0,0.03203965278082221,LOW
2011-04-01,0.5699738972774577,0.4367401136729004,0.0,0.01929439708841191,LOW
2011-04-04,0.9874338809956684,0.0200781846776134,0.0,0.03190769226586573,LOW
2011-04-05,0.999652174811804,0.0003534482282645,0.0,0.06453570600828278,MEDIUM
2011-04-06,0.9521170780546782,0.047916431493296,0.0,0.09258873677881876,HIGH
2011-04-07,0.3703596021088343,0.6373246433117984,0.0,0.013199861275119185,LOW
2011-04-08,0.994826536913736,0.0101945008512237,0.0,0.03212568754409535,MEDIUM
2011-04-11,0.999554955975164,0.0004559571295708,0.0,0.06452997987483859,MEDIUM
2011-04-13,0.9999999999670718,3.292823278974184e-11,0.0,0.09683428800791712,HIGH
2011-04-15,0.9820271453953142,0.0179728547922252,0.0,0.12699240944267878,HIGH
2011-04-18,0.999890825817396,0.0001093572884993,0.0,0.16137440512586254,HIGH
2011-04-19,0.8048666860730955,0.1953616010048841,0.0,0.15871426050900792,HIGH
2011-04-20,0.9899574543970692,0.0109705528739733,0.0,0.22387494725792434,HIGH
2011-04-21,0.8790690655905132,0.1228933983437355,0.0,0.2294815507466526,HIGH
2011-04-25,0.9995313043898612,0.0004929957617573,0.0,0.2903786405869212,HIGH
2011-04-26,0.9992808160967196,0.0007195985942633,0.0,0.3225691636549981,HIGH
2011-04-27,0.9537789373360624,0.046247653916847,0.0,0.3400341739330643,HIGH
2011-04-28,0.9997415798449488,0.0002653724700492,0.0,0.387245831023861,HIGH
2011-04-29,0.8041824616734177,0.196179218100867,0.0,0.3436121235193856,HIGH
2011-05-02,0.9957502326820494,0.0050115014971754,0.0,0.45014071495356517,HIGH
2011-05-03,0.9991213605145648,0.0008806826066896,0.0,0.4837833022906022,HIGH
2011-05-04,0.1669461369974052,0.8347790390763334,0.0,0.007091196850217607,LOW
2011-05-05,0.2810700760477785,1.2195028795630924,0.0,0.02100080450246495,LOW
2011-05-06,0.5641966399660335,0.9587946939092338,0.0,0.057352615020587985,MEDIUM
2011-05-09,0.9118009608412784,0.1684558579749677,0.0,0.029663685116069812,LOW
2011-05-10,0.1338796152200101,0.9985983906604214,0.0,0.006113527357213554,LOW
2011-05-11,0.0021653726040352,1.7791403598901137,0.0,0.004538589646512859,LOW
2011-05-12,0.0101611562907363,2.668451353946478,0.0,0.007500908155898895,LOW
2011-05-13,0.5160102688437983,1.8213958174613487,0.0,0.07057052391102484,HIGH
2011-05-16,0.0024287493991924,3.480460987208444,0.0,0.011384495851149265,LOW
2011-05-17,0.0065897220790591,3.76100901333699,0.0,0.014382488517910541,LOW
2011-05-18,0.0020257875547736,4.838767026532199,0.0,0.0158568535289621,LOW
2011-05-19,0.4927531803439636,3.249729148766489,0.0,0.1354496771918872,HIGH
2011-05-20,0.0026400880728916,5.771868572043745,0.0,0.020547011603939052,LOW
2011-05-23,0.0064115749503026,5.275868515008873,0.0,0.023919342416756882,LOW
2011-05-24,0.0021065843641513,7.352921646490396,0.0,0.024943572561049072,LOW
2011-05-25,0.002012610711125,7.816949383904642,0.0,0.027178612309662505,LOW
2011-05-26,0.002043719932525,7.199979243102167,0.0,0.029455172755893436,LOW
2011-05-27,0.205173027909948,6.356285640378593,0.0,0.11518269939243743,HIGH
2011-05-30,0.0023515278483498,8.03416498856983,0.0,0.03412004334103195,MEDIUM
2011-06-01,0.999999999995776,2.194054216747512e-11,0.0,0.03227809600348432,MEDIUM
2011-06-02,0.9999995271026622,4.728973378441167e-07,0.0,0.0645561641555415,MEDIUM
2011-06-03,0.0095037783689507,0.9904962564395874,0.0,0.002481298602962308,LOW
2011-06-06,0.0021679483822452,1.0518332213123618,0.0,0.00453873838158192,LOW
2011-06-07,0.8695944330432954,0.2638591211530874,0.0,0.02840118538404083,LOW
2011-06-08,0.0023916575630097,1.3718903406513796,0.0,0.0022758282158062155,LOW
2011-06-09,0.0021261217636545,2.4379197964787185,0.0,0.004536323164112714,LOW
2011-06-10,0.0030942946594072,3.81068815447215,0.0,0.006888349870644452,LOW
2011-06-13,0.0049586713992169,4.316131443386845,0.0,0.009399845813883746,LOW
2011-06-14,0.0020411445018259,4.224384326502484,0.0,0.011328540818660025,LOW
2011-06-15,0.0057630422461038,5.022584346581947,0.0,0.014239185490436667,LOW
2011-06-16,0.0186288320212894,5.905061214870897,0.0,0.019216968327347244,LOW
2011-06-17,0.1565704656328077,5.6885524014393045,0.0,0.054271217722227594,MEDIUM
2011-06-20,0.9945357236865962,0.0276484924197393,0.0,0.03211711668235708,MEDIUM
2011-06-21,0.3980776230991029,0.6940791351594817,0.0,0.01404235301179077,LOW
2011-06-22,0.9990140432925476,0.0011004941226502,0.0,0.03224905942994199,MEDIUM
2011-06-23,0.3548494501847833,0.6520384815080618,0.0,0.012729267280396226,LOW
2011-06-24,0.9999999759531532,4.758939387659436e-08,0.0,0.03227809529547936,MEDIUM
2011-06-27,0.9999654163907602,3.458362577766039e-05,0.0,0.0645541551718666,MEDIUM
2011-06-28,0.997232530708792,0.0027674724908359,0.0,0.0965897472366433,HIGH
2011-06-29,0.1238844246067232,0.8764522286996294,0.0,0.005818963846631799,LOW
2011-06-30,0.0482579677728756,1.296077037273875,0.0,0.007210402562220603,LOW
2011-07-01,0.9999999999019136,2.9121615798064927e-10,0.0,0.03227809600072027,MEDIUM
2011-07-04,0.9999999999284056,7.159428605511839e-11,0.0,0.0645561920030008,MEDIUM
2011-07-05,0.9218351536228762,0.0781648463813535,0.0,0.08988837304384255,HIGH
2011-07-06,0.8384603359293927,0.1615434847535005,0.0,0.1098624188673073,HIGH
2011-07-07,0.9999998846929564,1.432923587415828e-07,0.0,0.16139046304028715,HIGH
2011-07-08,0.9998646030208294,0.0001353969889273,0.0,0.19364465282443988,HIGH
2011-07-11,0.1092895835925152,0.8907197539622572,0.0,0.00538966381052091,LOW
2011-07-12,0.9997247281033388,0.0005460428187844,0.0,0.03226998964965452,MEDIUM
2011-07-13,0.4776620156551823,0.5227120086198005,0.0,0.01646984940486725,LOW
2011-07-15,0.7992793721220944,0.3271452336996349,0.0,0.026283504669049884,LOW
2011-07-18,0.2116203177456722,1.0018611491248952,0.0,0.008419555604334605,LOW
2011-07-19,0.6591460067801945,0.6628570102374444,0.0,0.0440441615581251,MEDIUM
2011-07-20,0.9999991431427414,1.8829789899965253e-06,0.0,0.032278070770953037,MEDIUM
2011-07-21,0.1664958010139191,0.8337455161565698,0.0,0.007077849579389496,LOW
2011-07-22,0.9445065316132712,0.0676117643709877,0.0,0.030637056368458534,LOW
2011-07-25,0.5324408154022053,0.484076297825967,0.0,0.018145453672998094,LOW
2011-07-26,0.999990671414708,1.5861874792225247e-05,0.0,0.03227782129608626,MEDIUM
2011-07-27,0.909435349996218,0.0905723523256716,0.0,0.059186219438276705,MEDIUM
2011-07-28,0.9999999897393176,1.2087117451888188e-08,0.0,0.09683428710435922,HIGH
2011-07-29,0.3006979125126821,0.699304587629625,0.0,0.011091664938636192,LOW
2011-08-01,0.9987146436064251,0.0015809881552346,0.0,0.03224024118914561,MEDIUM
2011-08-02,0.0041965809708413,1.0116509856575424,0.0,0.002327949582614189,LOW
2011-08-03,0.9999656132332436,6.879801355437507e-05,0.0,0.0322770833825636,MEDIUM
2011-08-04,0.8120539438383412,0.1881625934488472,0.0,0.05333892506094125,MEDIUM
2011-08-05,0.9999999758962552,3.21383217651178e-08,0.0,0.09683428588141153,HIGH
2011-08-08,0.9999999999983088,1.691202733328373e-12,0.0,0.1291123840142356,HIGH
2011-08-09,1.0,0.0,0.0,0.16139048001804354,HIGH
2011-08-10,1.0,0.0,0.0,0.19366857602165224,HIGH
2011-08-11,0.999999999843032,1.5696810518051052e-10,0.0,0.22594667199290427,HIGH
2011-08-12,1.0,0.0,0.0,0.2582247680288697,HIGH
2011-08-16,1.0,0.0,0.0,0.2905028640324784,HIGH
2011-08-17,0.9999996449234688,3.550765311777227e-07,0.0,0.32278085547347285,HIGH
2011-08-18,1.0,0.0,0.0,0.35505905603969584,HIGH
2011-08-19,0.9999999998070516,1.9294843500716752e-10,0.0,0.38733715197512136,HIGH
2011-08-22,0.9999241121708926,7.588782910739664e-05,0.0,0.4195861962847435,HIGH
2011-08-23,0.9999973177297132,2.6823376348765864e-06,0.0,0.45189223822879965,HIGH
2011-08-24,0.998986079010014,0.001013925994102,0.0,0.48372353719709604,HIGH
2011-08-25,0.9999999965429104,3.476551832311069e-09,0.0,0.5164495344288744,HIGH
2011-08-26,0.9999832637003888,1.6736299611087117e-05,0.0,0.5487192536172321,HIGH
2011-08-29,0.999999918229584,8.180962045691633e-08,0.0,0.5810056847215376,HIGH
2011-08-30,0.9999962847843908,3.7152156092531343e-06,0.0,0.6132817453667242,HIGH
2011-09-02,1.0,0.0,0.0,0.6455619200721742,HIGH
2011-09-05,0.999373715171406,0.0006262848285939,0.0,0.6451930466642325,HIGH
2011-09-06,0.9967711192302592,0.0032288871455775,0.0,0.6436597704708853,HIGH
2011-09-07,0.900173790725231,0.1007883028473203,0.0,0.5863316980983564,HIGH
2011-09-08,0.9918998715259806,0.0082181219455308,0.0,0.6407883054336923,HIGH
2011-09-09,0.999999343533814,6.594028023706818e-07,0.0,0.6455615334410333,HIGH
2011-09-12,0.996707699574213,0.003292300736908,0.0,0.6436224001572997,HIGH
2011-09-13,0.4602789164925581,0.5397690527306591,0.0,0.015938756646939157,LOW
2011-09-14,0.1358743438211057,0.999476447877316,0.0,0.012344734171566278,LOW
2011-09-15,0.9986475419044388,0.002868430275507,0.0,0.032238264781934804,MEDIUM
2011-09-16,0.9906059201551854,0.0094103042975304,0.0,0.06400251964978992,MEDIUM
2011-09-19,0.0047603442931586,1.0019913971882646,0.0,0.0023442327935964628,LOW
2011-09-20,0.9988511447449612,0.0023002276241434,0.0,0.03224426161767063,MEDIUM
2011-09-21,0.0750870856305202,0.9251398191901076,0.0,0.004387478705838092,LOW
2011-09-22,0.9999636411178606,7.264093597885941e-05,0.0,0.03227702530757319,MEDIUM
2011-09-23,0.9981372369081984,0.0018628539697655,0.0,0.06444646727444046,MEDIUM
2011-09-26,0.9994627939810914,0.000537620729591,0.0,0.0967868272606849,HIGH
2011-09-27,0.9999807411015508,1.9272064273872186e-05,0.0,0.12911011547395573,HIGH
2011-09-28,0.99993594671747,6.405454623671796e-05,0.0,0.16138104879541468,HIGH
2011-09-29,0.9992969922061292,0.0007030135099838,0.0,0.1935443566224504,HIGH
2011-09-30,0.6931328251008909,0.306924890027467,0.0,0.02305940099303229,LOW
2011-10-03,0.9995421277099236,0.0007259393855555,0.0,0.032264612145494385,MEDIUM
2011-10-04,0.916915358720358,0.0837509123621585,0.0,0.05963237983332932,MEDIUM
2011-10-05,0.1072115461154802,0.8980389664115472,0.0,0.005328618919800593,LOW
2011-10-07,1.0,0.0,0.0,0.03227809600360871,MEDIUM
2011-10-10,0.9980308533839304,0.0019691466160695,0.0,0.06444019987669396,MEDIUM
2011-10-11,0.9897018823972112,0.0102981248830482,0.0,0.09592379247643922,HIGH
2011-10-12,0.8567131833229144,0.1440994798263788,0.0,0.11205810537000489,HIGH
2011-10-13,0.9997272652983042,0.0003403506272544,0.0,0.16135032183951048,HIGH
2011-10-14,0.9999838254484812,1.6175022551032897e-05,0.0,0.19366571817781927,HIGH
2011-10-17,0.7811964111457793,0.2188155499942455,0.0,0.02573631665177996,LOW
2011-10-18,0.9999852792319708,2.796289666252225e-05,0.0,0.03227766250728833,MEDIUM
2011-10-19,0.0179381138280926,0.9821133004882914,0.0,0.0027252850361004035,LOW
2011-10-20,0.3217236060406157,1.1894050095351296,0.0,0.02345288975778717,LOW
2011-10-21,0.0047635431151225,1.3370149015402597,0.0,0.007032975569275892,LOW
2011-10-24,0.9919198888633848,0.0172832609423602,0.0,0.03204000547443395,LOW
2011-10-25,0.0071568102894384,1.0793060777216534,0.0,0.002413467235736483,LOW
2011-10-28,0.9999999994495472,1.1032067379574567e-09,0.0,0.03227809598739902,MEDIUM
2011-10-31,0.0022136445025669,0.997786480362955,0.0,0.0022706885285926205,LOW
2011-11-01,0.9322692161964156,0.1010069877360251,0.0,0.030273376318375816,LOW
2011-11-02,0.9972525573354604,0.0027486766830576,0.0,0.06439434481085142,MEDIUM
2011-11-03,0.1490699120747646,0.8585384288313752,0.0,0.006562053779920501,LOW
2011-11-04,0.999999818990002,3.610161139641928e-07,0.0,0.03227809067324281,MEDIUM
2011-11-08,0.1502444612713002,0.8497714115295448,0.0,0.0065967777195309486,LOW
2011-11-09,0.999967597282542,6.425562309330369e-05,0.0,0.032277141808966923,MEDIUM
2011-11-11,0.9999955492844154,4.451542443317078e-06,0.0,0.06455592987859826,MEDIUM
2011-11-14,0.9999966522549548,3.34775141795862e-06,0.0,0.09683399225848209,HIGH
2011-11-15,0.1002467852511981,0.899755902065618,0.0,0.00512416611361738,LOW
2011-11-16,0.1714204830435383,0.9265216637284384,0.0,0.014447714698630394,LOW
2011-11-17,0.9724573028993452,0.0497063468697771,0.0,0.03146531081099579,LOW
2011-11-18,0.8991009806186538,0.1031233489488155,0.0,0.05856906324854885,MEDIUM
2011-11-21,0.99376571647051,0.0067593306760851,0.0,0.09628326343007924,HIGH
2011-11-22,0.3249548712512762,0.68508579298387,0.0,0.011824122397272489,LOW
2011-11-23,0.97614253707232,0.0383335344690436,0.0,0.0315742587061489,LOW
2011-11-25,0.338484646745921,0.6793413051054177,0.0,0.012233454549377118,LOW
2011-11-28,0.9997957023773903,0.0003610702121401,0.0,0.03227207977099792,MEDIUM
2011-11-29,0.9378081879318066,0.0622428674778669,0.0,0.06087613422895573,MEDIUM
2011-11-30,0.9998531444394412,0.000155120585004,0.0,0.09682131409638457,HIGH
2011-12-01,0.9999999999905372,9.462618781462031e-12,0.0,0.1291123840133202,HIGH
2011-12-02,0.9145133922117676,0.0854866083019565,0.0,0.1487228980448511,HIGH
2011-12-05,0.0162210581429102,0.983811353460576,0.0,0.0026755865982828844,LOW
2011-12-07,0.1277643807325663,1.6056496740870176,0.0,0.011866508890472794,LOW
2011-12-08,0.8722618844966905,0.3599247261840591,0.0,0.028481178155933817,LOW
2011-12-09,0.999998230771957,2.7014568074672924e-06,0.0,0.06455608780707275,MEDIUM
2011-12-12,0.999999999450088,5.499121073440534e-10,0.0,0.09683428796224484,HIGH
2011-12-13,0.9996920886686268,0.0003079113357289,0.0,0.1290761137730959,HIGH
2011-12-14,0.8204861233172525,0.1795140343305202,0.0,0.1346196994452033,HIGH
2011-12-15,0.9979030858702178,0.0026162199830206,0.0,0.19329801762912605,HIGH
2011-12-16,0.997872737494618,0.0021299344164386,0.0,0.22550809598779392,HIGH
2011-12-19,0.9898353780895126,0.010702596204864,0.0,0.2558282787640459,HIGH
2011-12-20,0.999999081038724,9.209490428721036e-07,0.0,0.29050262047907444,HIGH
2011-12-21,0.9999991824102508,8.175897492120977e-07,0.0,0.32278071927299207,HIGH
2011-12-22,0.999999999985844,1.4156204066251044e-11,0.0,0.35505905603511034,HIGH
2011-12-23,0.999907696608946,9.230339105402568e-05,0.0,0.3873045341091383,HIGH
2011-12-27,0.9999997405150804,2.5948978306232374e-07,0.0,0.41961514871016564,HIGH
2011-12-28,0.7406457543571822,0.259355115716847,0.0,0.024505955642874784,LOW
2011-12-29,0.1837648612887828,0.8168882537257153,0.0,0.015180607287645026,LOW
2011-12-30,0.7445914689055829,0.4604091920182541,0.0,0.07387757876268149,HIGH
2012-01-03,0.9999975419300008,4.279573308446375e-06,0.0,0.03227802361857497,MEDIUM
2012-01-04,0.101287399029565,0.8990498697719399,0.0,0.005154699390127625,LOW
2012-01-05,0.4482299414574637,0.6341113996755412,0.0,0.0311417595326308,LOW
2012-01-06,0.9836518469383692,0.0297602714142683,0.0,0.03179607222737787,LOW
2012-01-09,0.8404650995873101,0.1746408657458183,0.0,0.0550519031204442,MEDIUM
2012-01-10,0.9995061090491376,0.0005038595796775,0.0,0.09679065417989692,HIGH
2012-01-11,0.1921897415931373,0.8108911404014105,0.0,0.007840770146041382,LOW
2012-01-12,0.7256837350249524,0.4143441807633061,0.0,0.04810190209938852,MEDIUM
2012-01-13,0.8888026777980278,0.1209128986385113,0.0,0.028976609782598414,LOW
2012-01-16,0.9619466231441672,0.042234638061824,0.0,0.062308501687885876,MEDIUM
2012-01-17,0.9972037879047848,0.0028414431800367,0.0,0.09658720690023731,HIGH
2012-01-18,0.2895979646722939,0.7184822793502161,0.0,0.010757132707530655,LOW
2012-01-19,0.9999332380312446,0.0001313669874585,0.0,0.032276129993133174,MEDIUM
2012-01-20,0.9384181021682274,0.061657808481151,0.0,0.06091238770291982,MEDIUM
2012-01-23,0.9552932764270852,0.0482612946017949,0.0,0.09287129291830964,HIGH
2012-01-24,0.0044166705180092,1.1391913257322333,0.0,0.002334306259590036,LOW
2012-01-25,0.0025288955719772,2.113144926246465,0.0,0.004559581457819549,LOW
2012-01-27,0.9999858695012636,4.24967487677538e-05,0.0,0.03227767988952309,MEDIUM
2012-01-30,0.0562071705163224,0.9444543025958236,0.0,0.003836625382362671,LOW
2012-01-31,0.0059623635839775,1.079643846155763,0.0,0.004757911855248197,LOW
2012-02-01,0.002557888208214,1.9718663171516797,0.0,0.006841883560284668,LOW
2012-02-02,0.2265934708797197,2.305689696031276,0.0,0.03546645314731095,MEDIUM
2012-02-03,0.0020447929055744,3.369188014814375,0.0,0.011329067488934804,LOW
2012-02-06,0.9977285936151838,0.0093457520554148,0.0,0.032211196107224,MEDIUM
2012-02-07,0.9999983579604318,1.6424277468054193e-06,0.0,0.06455609529794382,MEDIUM
2012-02-08,0.0025791935413929,0.9974480652217284,0.0,0.0022812430197016263,LOW
2012-02-09,0.9910492157028044,0.0178970214200515,0.0,0.03201433237209839,LOW
2012-02-10,0.0036863331632456,0.9967886561269774,0.0,0.002313213389873722,LOW
2012-02-13,0.0023707944587224,1.9045727284479783,0.0,0.004550451674579376,LOW
2012-02-14,0.0026206712037125,2.3679765502027403,0.0,0.006847321933206377,LOW
2012-02-15,0.1871301094837683,2.832960756825804,0.0,0.03076125805960782,LOW
2012-02-16,0.0021672628327574,3.6511687442025296,0.0,0.011346746988459461,LOW
2012-02-17,0.8785935464029954,0.5035171997929698,0.0,0.028670947917064916,LOW
2012-02-21,0.0027940523905991,2.7527026724791988,0.0,0.002287446937449021,LOW
2012-02-22,0.7257643076907073,1.0189106747236734,0.0,0.04810680536182781,MEDIUM
2012-02-23,0.0149989161874896,2.364691556418627,0.0,0.007920664834132812,LOW
2012-02-24,0.057149037840731,2.6043496187713875,0.0,0.01545626327157197,LOW
2012-02-27,0.9999999588680446,1.265668834795056e-07,0.0,0.03227809479235865,MEDIUM
2012-02-28,0.0386221840496451,0.9614140827633404,0.0,0.0033250811904605515,LOW
2012-02-29,0.9875284120395572,0.0215617898817881,0.0,0.03191048135977953,LOW
2012-03-01,0.1358357477077297,0.881462431895509,0.0,0.006171228422755549,LOW
2012-03-02,0.6940258081591557,0.5722882765473409,0.0,0.046173260238419694,MEDIUM
2012-03-05,0.1145378258228004,1.1417182138436854,0.0,0.016631777586992302,LOW
2012-03-06,0.9999214100457676,0.0001937919034085,0.0,0.03227578167979,MEDIUM
2012-03-07,0.3918486034119153,0.6090335836524587,0.0,0.013852863820253004,LOW
2012-03-09,0.9999999616840908,5.703700893774552e-08,0.0,0.032278094875285324,MEDIUM
2012-03-12,0.99999999984421,1.5579004725015919e-10,0.0,0.06455619199804204,MEDIUM
2012-03-13,0.642067549003483,0.3579324511478349,0.0,0.021500201943444236,LOW
2012-03-14,0.9999999958130754,8.348173886891297e-09,0.0,0.03227809588031254,MEDIUM
2012-03-15,0.999260044522624,0.0007399554773759,0.0,0.0645126092343191,MEDIUM
2012-03-16,0.9982737306733648,0.0017263174345204,0.0,0.09668176262003333,HIGH
2012-03-19,0.9999575339015162,4.2732271641518304e-05,0.0,0.12910738184692386,HIGH
2012-03-20,0.3614352182708459,0.6386008592855508,0.0,0.012929008568022078,LOW
2012-03-21,0.999972161881166,5.504291115405077e-05,0.0,0.032277276227474304,MEDIUM
2012-03-22,0.9997802023441472,0.0002198166174945,0.0,0.06454324662497268,MEDIUM
2012-03-23,0.8989732032243473,0.1010391421940828,0.0,0.0878421408120451,HIGH
2012-03-26,0.9999823882364482,1.833800536515862e-05,0.0,0.12911030949321822,HIGH
2012-03-27,0.999966033825627,3.3967032258576915e-05,0.0,0.16138547884097473,HIGH
2012-03-28,0.1150849880660633,0.884933035280254,0.0,0.005560015935448446,LOW
2012-03-29,0.9999992976585632,1.4023849049725857e-06,0.0,0.03227807532112135,MEDIUM
2012-03-30,0.997107674706584,0.002892333271885,0.0,0.06438580811708827,MEDIUM
2012-04-02,0.0403307268676809,0.9597315854245818,0.0,0.0033747174662887847,LOW
2012-04-03,0.997491083084144,0.0049933137286911,0.0,0.03220419933871626,MEDIUM
2012-04-04,0.980981418713716,0.0190436197625193,0.0,0.06343444136570628,MEDIUM
2012-04-09,0.989258303942827,0.0109648735017144,0.0,0.09588454172498032,HIGH
2012-04-10,0.9983135614963072,0.0016972914488674,0.0,0.1289137098004209,HIGH
2012-04-11,0.9986422215677784,0.0013598499079045,0.0,0.16119054038182173,HIGH
2012-04-12,0.0053142147441975,0.9963623302796892,0.0,0.002360231766219928,LOW
2012-04-13,0.9740248851713406,0.051947229674657,0.0,0.031511661159697724,LOW
2012-04-16,0.9628293428403428,0.0474719410562902,0.0,0.062360786541616114,MEDIUM
2012-04-17,0.9996564396718366,0.0004000712602403,0.0,0.09680393580616783,HIGH
2012-04-18,0.9651926463986528,0.0348526689076242,0.0,0.12500147023567243,HIGH
2012-04-19,0.2691735000178732,0.7365166696081487,0.0,0.010142683182498564,LOW
2012-04-20,0.7680760115792507,0.3862830971477817,0.0,0.05067741051925587,MEDIUM
2012-04-23,0.710592776886643,0.3160319590970034,0.0,0.07077456971221388,HIGH
2012-04-24,0.0765245098406873,1.6287739102553516,0.0,0.017717948454272128,LOW
2012-04-25,0.098373341560622,2.442280073262109,0.0,0.0253460447216581,LOW
2012-04-26,0.289218668266021,2.2730604713518847,0.0,0.06447425250331976,MEDIUM
2012-04-27,0.0166138311665655,3.236517815317942,0.0,0.01880867631839171,LOW
2012-04-30,0.0034515686096904,3.919271085743538,0.0,0.018451469634310554,LOW
2012-05-02,0.0024756415843532,4.75103710023077,0.0,0.020504277901339702,LOW
2012-05-03,0.004369402102369,5.6347146888015285,0.0,0.023329410225557404,LOW
2012-05-04,0.1961691630380439,5.363775228838039,0.0,0.08755097400195466,HIGH
2012-05-07,0.9999997966988842,1.1502657909136246e-06,0.0,0.032278090016815995,MEDIUM
2012-05-08,0.9999826711088972,1.7328891102817567e-05,0.0,0.06455517140665797,MEDIUM
2012-05-09,0.999647670528234,0.0003523304879951,0.0,0.09680316106571421,HIGH
2012-05-10,0.9841380495141412,0.0158647264789883,0.0,0.1272417009109514,HIGH
2012-05-11,0.8986198250672203,0.1018793521187269,0.0,0.14635077120224477,HIGH
2012-05-14,0.3963349436453094,0.6533970635809504,0.0,0.013989331234390157,LOW
2012-05-15,0.9999998548203504,2.5297383218518856e-07,0.0,0.03227809172837165,MEDIUM
2012-05-16,0.9999994355555414,5.644444585717686e-07,0.0,0.06455615876379862,MEDIUM
2012-05-17,0.4511319939019481,0.548868192932133,0.0,0.0156594646302268,LOW
2012-05-18,0.9999999999150996,1.6980088289113822e-10,0.0,0.03227809600110857,MEDIUM
2012-05-22,0.99999999999882,1.1800560528630832e-12,0.0,0.06455619200714793,MEDIUM
2012-05-23,0.9125645249082208,0.0874354750917793,0.0,0.08905938112027714,HIGH
2012-05-24,0.9833907161848032,0.0166145217854253,0.0,0.12715345219751084,HIGH
2012-05-25,0.805094030864797,0.2135654972614514,0.0,0.13229623008894972,HIGH
2012-05-28,0.9979758598925244,0.0022110326433112,0.0,0.1933108799754316,HIGH
2012-05-29,0.979286102479525,0.0207507683958933,0.0,0.22167001784071347,HIGH
2012-05-30,0.9982150308843888,0.0018291784640856,0.0,0.2578042012171775,HIGH
2012-05-31,1.0,0.0,0.0,0.2905028640324784,HIGH
2012-06-01,0.993321591404024,0.0066784085959759,0.0,0.3208132958177682,HIGH
2012-06-04,0.9999680846315115,3.1915411220830705e-05,0.0,0.3550487177649061,HIGH
2012-06-05,0.6912814383931134,0.3088225934257076,0.0,0.0230029433442144,LOW
2012-06-06,0.9999674769952938,6.12422863685988e-05,0.0,0.03227713826674129,MEDIUM
2012-06-07,0.997415901350622,0.0025841769425599,0.0,0.06440396904766506,MEDIUM
2012-06-08,0.9004475907211817,0.0996494644772768,0.0,0.08797429420329814,HIGH
2012-06-11,0.9426289039697564,0.0588744937377849,0.0,0.12232518590577786,HIGH
2012-06-12,0.999999996540422,3.6589954706866966e-09,0.0,0.16139047950865687,HIGH
2012-06-13,0.3448962778520509,0.6551044937792234,0.0,0.012427620797434275,LOW
2012-06-14,0.4688636706460596,0.5348919987641169,0.0,0.03240198241065639,MEDIUM
2012-06-15,0.9998310445894256,0.0003091411139875,0.0,0.03227312055522696,MEDIUM
2012-06-18,0.999999533048358,4.670440718103785e-07,0.0,0.06455616450571813,MEDIUM
2012-06-19,0.9992456422382294,0.0007543625431239,0.0,0.09676764135318988,HIGH
2012-06-20,0.0129273225513008,0.9871134432141708,0.0,0.00258029261764786,LOW
2012-06-21,0.999998818914722,2.3620645498668254e-06,0.0,0.032278061223114544,MEDIUM
2012-06-22,0.999999998526668,1.4733320591534998e-09,0.0,0.06455619192044433,MEDIUM
2012-06-25,0.5361802582945582,0.4638197459127125,0.0,0.018259909508182515,LOW
2012-06-26,0.0086214959385544,0.9918104788529284,0.0,0.004911592030901729,LOW
2012-06-27,0.9995935317329668,0.0008069973522862,0.0,0.03226612598751438,MEDIUM
2012-06-28,0.0790678457647841,0.9222333703407398,0.0,0.004503839414869605,LOW
2012-06-29,0.9999813838041252,3.720588901199485e-05,0.0,0.0322775477947908,MEDIUM
2012-07-02,0.1595837975467373,0.8404730516751738,0.0,0.006873099109267098,LOW
2012-07-03,0.8829467714418775,0.1676313491145747,0.0,0.028801332604334786,LOW
2012-07-04,0.9986530235992288,0.0014980178580308,0.0,0.06447685248004882,MEDIUM
2012-07-05,0.2980545764373055,0.7056350628146973,0.0,0.011011962199044746,LOW
2012-07-06,0.8360315718334703,0.2449763681182557,0.0,0.027392476171570236,LOW
2012-07-09,0.9975329760421102,0.0033394044211091,0.0,0.06441086694480451,MEDIUM
2012-07-10,0.9999718737405356,2.81956905091264e-05,0.0,0.09683180322689626,HIGH
2012-07-11,0.9985270920382856,0.0014729493331134,0.0,0.12893886804636692,HIGH
2012-07-12,0.9999999982207528,1.7838169362529975e-09,0.0,0.161390479756068,HIGH
2012-07-13,0.154802825475954,0.8451975283048889,0.0,0.006731597296972371,LOW
2012-07-16,0.1092959755378082,0.8922848835535596,0.0,0.010779703224889307,LOW
2012-07-17,0.9989581109343248,0.0020013760417736,0.0,0.032247412081064186,MEDIUM
2012-07-18,0.0302823535829743,0.9867726744794078,0.0,0.0030829951974082944,LOW
2012-07-19,0.9999873317766405,2.53102254872647e-05,0.0,0.032277722950563484,MEDIUM
2012-07-20,0.0021588452472808,0.9980623913812878,0.0,0.0022691063664023355,LOW
2012-07-23,0.0524067194240715,1.888637747745962,0.0,0.007451891420885976,LOW
2012-07-24,0.0020390993567741,1.2334633664745074,0.0,0.006796947353466797,LOW
2012-07-25,0.0024556248554257,2.024894254134061,0.0,0.009110700603083657,LOW
2012-07-26,0.9998511076706988,0.0004467613418723,0.0,0.03227371138551199,MEDIUM
2012-07-27,0.999999973410853,2.658914697893399e-08,0.0,0.06455619044122789,MEDIUM
2012-07-30,0.9964946457577096,0.0035053546763456,0.0,0.09652452818689335,HIGH
2012-07-31,0.9773826122137388,0.0226376608549186,0.0,0.12644362377429377,HIGH
2012-08-01,0.0036194140011464,1.0082924330949548,0.0,0.002311280826996383,LOW
2012-08-02,0.0068596223271705,1.823005704418153,0.0,0.004809759798308166,LOW
2012-08-03,0.9854286365281592,0.0430783398579211,0.0,0.031848519016669984,LOW
2012-08-06,0.9999806671767,1.9612565311308705e-05,0.0,0.06455505338310043,MEDIUM
2012-08-07,0.1182405148941293,0.8824816780444165,0.0,0.005652835399230891,LOW
2012-08-08,0.2918455778861224,0.886552373120819,0.0,0.021649676384396573,LOW
2012-08-09,0.0595855289669121,1.7142414080612531,0.0,0.011805211019961251,LOW
2012-08-10,0.0201146590591761,2.5902142307738045,0.0,0.01115321356047895,LOW
2012-08-13,0.0478557905709243,3.2404013327032946,0.0,0.017967503855533893,LOW
2012-08-14,0.0363578030914637,4.307241651944892,0.0,0.01955591037274283,LOW
2012-08-16,0.0104933151942264,4.91250719262455,0.0,0.01756934118543183,LOW
2012-08-17,0.2661377830070046,4.330884784473181,0.0,0.08041186309868327,HIGH
2012-08-21,0.9998376506635543,0.0008227746458672,0.0,0.03227331509527115,MEDIUM
2012-08-22,0.9993563981363354,0.0006437020359759,0.0,0.06451828466547016,MEDIUM
2012-08-23,0.0584224624217324,0.9417249330432028,0.0,0.00390117258698968,LOW
2012-08-24,0.063602502237196,1.6151226316865934,0.0,0.008104390248744526,LOW
2012-08-27,0.0455992670506068,1.8837799068667893,0.0,0.010583598776164951,LOW
2012-08-29,0.9774108112823294,0.0761127950730089,0.0,0.031611739215182226,LOW
2012-08-30,0.0682727393003502,1.2435800575567912,0.0,0.0041884637515925876,LOW
2012-08-31,0.0022886006504091,2.9174093045360387,0.0,0.004545705366857434,LOW
2012-09-03,0.0021914190513152,3.3020621503548284,0.0,0.006810140503156142,LOW
2012-09-04,0.0020008774142613,3.979244998926809,0.0,0.009058182423991545,LOW
2012-09-05,0.0020684300269456,3.763603267438872,0.0,0.011332479665478049,LOW
2012-09-06,0.0020047531050555,3.736484723004122,0.0,0.013587945008191866,LOW
2012-09-07,0.9999999736594416,1.2209558939041964e-07,0.0,0.03227809522793436,MEDIUM
2012-09-10,0.0021138150594788,0.9980506478840042,0.0,0.00226780626727124,LOW
2012-09-11,0.9997138841634482,0.0005721751415232,0.0,0.032269670304458764,MEDIUM
2012-09-12,0.0020011048154127,0.9980549801967584,0.0,0.002264552171312034,LOW
2012-09-13,0.0020026862239908,1.12596707087517,0.0,0.0045291956565477,LOW
2012-09-14,0.9999999995847976,1.2456074989532104e-09,0.0,0.032278095991381865,MEDIUM
2012-09-17,0.9999910542953048,8.945704695073992e-06,0.0,0.06455566514226978,MEDIUM
2012-09-18,0.0042621216362388,0.9957379427173716,0.0,0.0023298425186878496,LOW
2012-09-20,0.9999999999545172,9.096537493677796e-11,0.0,0.03227809600226934,MEDIUM
2012-09-21,0.9998842675021216,0.0001157324978783,0.0,0.06454937578629998,MEDIUM
2012-09-24,0.1006480712015882,0.8993520452413231,0.0,0.0051359398915571,LOW
2012-09-25,0.7327099870377007,0.3741554659252587,0.0,0.04852937626267284,MEDIUM
2012-09-26,0.9384798454652956,0.0673913178186046,0.0,0.03045802878327707,LOW
2012-09-27,0.3407840284041075,0.7504426242892407,0.0,0.012303074129084927,LOW
2012-09-28,0.9249401054392616,0.1346432014436523,0.0,0.030055261735397548,LOW
2012-10-01,0.0061713615557572,1.186547250731555,0.0,0.0023849940356338757,LOW
2012-10-03,0.0869012376174671,2.0409299000445054,0.0,0.009466066471868968,LOW
2012-10-04,0.842801706036694,0.490531325976277,0.0,0.02759626985473583,LOW
2012-10-05,1.0,0.0,0.0,0.06455619200721742,MEDIUM
2012-10-08,1.0,0.0,0.0,0.09683428801082612,HIGH
2012-10-09,1.0,0.0,0.0,0.12911238401443484,HIGH
2012-10-10,1.0,0.0,0.0,0.16139048001804354,HIGH
2012-10-11,0.999999999876298,1.237020486044571e-10,0.0,0.19366857599979562,HIGH
2012-10-12,0.9999999999976312,2.3688828674904157e-12,0.0,0.22594667202477264,HIGH
2012-10-15,0.9999999966382084,3.361791733870817e-09,0.0,0.2582247672368878,HIGH
2012-10-16,1.0,0.0,0.0,0.2905028640324784,HIGH
2012-10-17,1.0,0.0,0.0,0.3227809600360871,HIGH
2012-10-18,0.9999999781273056,2.1872694433433537e-08,0.0,0.3550590489545397,HIGH
2012-10-19,0.9999999713408116,2.865918852599062e-08,0.0,0.38733714191586666,HIGH
2012-10-22,0.9999999999885684,1.1431744308596588e-11,0.0,0.41961524804253697,HIGH
2012-10-23,0.999992155171787,7.84482821307544e-06,0.0,0.4518901098556133,HIGH
2012-10-25,0.999993614704208,6.385295792069456e-06,0.0,0.4841686195486627,HIGH
2012-10-29,0.9999999999989604,1.0397163938170346e-12,0.0,0.5164495360572495,HIGH
2012-10-30,0.99999999802622,1.9737800283066063e-09,0.0,0.5487276310732453,HIGH
2012-10-31,0.9999977440258342,2.255974165830659e-06,0.0,0.5810045322577809,HIGH
2012-11-01,0.9999999992426528,7.573470419267322e-10,0.0,0.6132838236448219,HIGH
2012-11-02,1.0,0.0,0.0,0.6455619200721742,HIGH
2012-11-05,0.9999756869062616,2.431309373840396e-05,0.0,0.6455476006501678,HIGH
2012-11-06,0.999999999802386,1.9761394181225189e-10,0.0,0.6455619199557878,HIGH
2012-11-07,0.0106079186377907,0.9893920821762512,0.0,0.002513219348615659,LOW
2012-11-08,0.9999980122251764,2.6837953335268523e-06,0.0,0.03227803746778895,MEDIUM
2012-11-09,0.0097533082764282,0.990960538487374,0.0,0.002488512008373927,LOW
2012-11-12,0.0185542769614658,1.4307572611228263,0.0,0.00548624544934254,LOW
2012-11-15,0.0171417162765918,2.123367029187345,0.0,0.008106697035798192,LOW
2012-11-16,0.0609302563255627,2.982469687267951,0.0,0.015897082592346682,LOW
2012-11-19,0.0040553074753787,4.0724154395395695,0.0,0.011619347062728116,LOW
2012-11-20,0.996771617063304,0.0162984555146498,0.0,0.03218300319098857,MEDIUM
2012-11-21,0.0030120272819201,1.5538383874268855,0.0,0.002293741057393614,LOW
2012-11-22,0.0034179079907787,4.974497504275715,0.0,0.004610923305218895,LOW
2012-11-23,0.1790545690833343,5.144123141151816,0.0,0.022351201409350815,LOW
2012-11-26,0.99749246789622,0.0093543945467775,0.0,0.032204240134321264,MEDIUM
2012-11-27,0.982983290769188,0.0170276602352101,0.0,0.0635526686166888,MEDIUM
2012-11-29,0.996800630437892,0.0032268604543779,0.0,0.09655157399346834,HIGH
2012-11-30,0.0028539788013621,1.0041369129464084,0.0,0.0022891773157387714,LOW
2012-12-03,0.0020831503302241,1.7586749816936116,0.0,0.0045338418586132806,LOW
2012-12-04,0.0020054662871591,1.994694069623768,0.0,0.0067940342751260305,LOW
2012-12-05,0.0047963722514626,2.969836110364366,0.0,0.0093810937745826,LOW
2012-12-06,0.9991678562303212,0.0033170678556016,0.0,0.03225358953517743,MEDIUM
2012-12-07,0.0029065791923815,1.104711116917898,0.0,0.002290696169147884,LOW
2012-12-10,0.0037754316426166,4.258578641921669,0.0,0.004631573008714552,LOW
2012-12-11,0.4499014694226205,2.407384180072964,0.0,0.04686570418129426,MEDIUM
2012-12-12,0.1965181249746694,3.47824331866392,0.0,0.03187826443104682,LOW
2012-12-13,0.333113032999294,2.417297822810584,0.0,0.060354377876075206,MEDIUM
2012-12-14,0.0030283229166156,5.1059492533559485,0.0,0.013765269661113416,LOW
2012-12-17,0.0978184704012854,5.217291140093468,0.0,0.03537054512863553,MEDIUM
2012-12-18,0.4016921259884204,2.9269645906138377,0.0,0.11321877773025416,HIGH
2012-12-19,0.0023900098019305,6.802091205141577,0.0,0.020482025760661306,LOW
2012-12-20,0.022961153548887,7.843819035087534,0.0,0.028707535391376864,LOW
2012-12-21,0.0950977606319096,8.410143636762575,0.0,0.05470475464902233,MEDIUM
2012-12-24,0.9424790893570776,0.35756658402178,0.0,0.03057684678646418,LOW
2012-12-26,0.0026750350340717,4.863447218127759,0.0,0.0022840103565211745,LOW
2012-12-27,0.9999990555000294,2.21465752383008e-06,0.0,0.032278068190058136,MEDIUM
2012-12-28,0.0020372261335588,0.9983824460262252,0.0,0.002265595035529935,LOW
2012-12-31,0.0025858678791425,1.200478745594186,0.0,0.004562871467509728,LOW
2013-01-02,1.0,0.0,0.0,0.03227809600360871,MEDIUM
2013-01-03,0.999589783927192,0.0004102160728078,0.0,0.06453203123102277,MEDIUM
2013-01-04,0.113168528928963,0.8868315239325163,0.0,0.005503665788579034,LOW
2013-01-07,0.9999910171809362,1.793768970070982e-05,0.0,0.03227783147819285,MEDIUM
2013-01-08,0.0023218363208845,0.9977890029698998,0.0,0.002273812281694737,LOW
2013-01-09,0.0035900034190551,1.687824410395958,0.0,0.004620862967443867,LOW
2013-01-10,0.9696747018530436,0.0884194298568592,0.0,0.031383007979645564,LOW
2013-01-11,0.9999990490170582,1.5000947614336783e-06,0.0,0.06455613599829634,MEDIUM
2013-01-14,0.144986266457876,0.8550599105573571,0.0,0.006441374038040773,LOW
2013-01-15,0.0046134680652151,1.0016262559463336,0.0,0.004679980820430839,LOW
2013-01-16,0.0319377781844768,1.932222565699723,0.0,0.009393065242650486,LOW
2013-01-17,0.0067671210788291,2.9016121731208995,0.0,0.00960882853858277,LOW
2013-01-18,0.0040333231113325,3.8598844277464472,0.0,0.011616172414975838,LOW
2013-01-21,0.4866136037914175,2.5015006940353164,0.0,0.100460903606171,HIGH
2013-01-22,0.0030520258453268,5.4123337021898825,0.0,0.016064272408203056,LOW
2013-01-23,0.0054615734802776,6.616496318330564,0.0,0.018915908690720823,LOW
2013-01-24,0.0030136994212211,7.637204440281838,0.0,0.020644104078300994,LOW
2013-01-25,0.0233689166033253,8.46863465955073,0.0,0.028825678017628087,LOW
2013-01-28,0.0020550623746226,9.1515749995701,0.0,0.024927209898375983,LOW
2013-01-29,0.289492563144031,7.342429498490539,0.0,0.12904749707445842,HIGH
2013-01-30,0.0050228828855737,8.765390727346821,0.0,0.03057361108143291,LOW
2013-01-31,0.0020022020301148,9.73650397752443,0.0,0.031704173887064466,LOW
2013-02-01,0.0027691004391413,10.248127129981391,0.0,0.034300896804807676,MEDIUM
2013-02-04,0.6771239379297466,3.1281063072508006,0.0,0.3611362843082968,HIGH
2013-02-05,0.9999996028719176,5.602655781008414e-07,0.0,0.032278084309016984,MEDIUM
2013-02-06,0.9998874667341656,0.0001125332704992,0.0,0.06454956421100654,MEDIUM
2013-02-07,0.3846634918293236,0.6153454856609081,0.0,0.013634400635391349,LOW
2013-02-08,0.0032174172249232,1.0156577216186424,0.0,0.004599343983922282,LOW
2013-02-11,0.0027361095829117,1.9912835706033256,0.0,0.00685732155700836,LOW
2013-02-12,0.0020019908684582,2.9322754444146018,0.0,0.009058311010449268,LOW
2013-02-13,0.0020433298278472,3.724627402462095,0.0,0.01132885628432508,LOW
2013-02-14,0.0020044036599702,4.001681193510498,0.0,0.013587884475038135,LOW
2013-02-15,0.0088974577651271,4.881256905537898,0.0,0.01724640648011601,LOW
2013-02-18,0.0020009752324532,5.284356012389719,0.0,0.01811638744090835,LOW
2013-02-19,0.0020299089969544,6.336916213775674,0.0,0.020388454027433313,LOW
2013-02-20,0.9824983574436892,0.1288768428415897,0.0,0.03176201627241346,LOW
2013-02-21,0.0059302124210518,4.265879398292661,0.0,0.00237802707519515,LOW
2013-02-22,0.0085441566830641,8.369953460161787,0.0,0.004907121370014918,LOW
2013-02-25,0.0309164937611012,9.78052822865159,0.0,0.00930417322071598,LOW
2013-02-26,0.0547377502595881,10.030599534156872,0.0,0.015175294489760103,LOW
2013-02-27,0.0028465210809283,11.000281673806825,0.0,0.011444809863592047,LOW
2013-02-28,0.9999952843085078,5.1619294839056864e-05,0.0,0.03227795713630737,MEDIUM
2013-03-01,0.0049429691554258,1.0014002604493448,0.0,0.0023495078886908117,LOW
2013-03-04,0.0109159619482217,1.7969723663158503,0.0,0.005044251893108869,LOW
2013-03-05,0.9246090536337626,0.2206846198710817,0.0,0.030045404350723892,LOW
2013-03-06,0.9854413233929636,0.0149225805846442,0.0,0.06369778690639037,MEDIUM
2013-03-07,0.9917868586108,0.0082755591985202,0.0,0.09610824929884859,HIGH
2013-03-08,0.7063172657867886,0.2988974621718271,0.0,0.023461274166196328,LOW
2013-03-11,0.0030418639180448,1.0656250268644467,0.0,0.0045892052423155884,LOW
2013-03-12,0.0028352031390941,2.0033581298827343,0.0,0.006865905496873339,LOW
2013-03-13,0.0043206265150961,2.8310923680557303,0.0,0.009326129063001922,LOW
2013-03-14,0.8801454510313488,0.3830386807720645,0.0,0.028717437750091314,LOW
2013-03-15,0.0869307840794884,1.0079262516165228,0.0,0.004733898268228541,LOW
2013-03-18,0.9999999998495952,2.925453489532609e-10,0.0,0.0322780959991796,MEDIUM
2013-03-19,0.999990696472214,9.303527786019005e-06,0.0,0.06455564406795693,MEDIUM
2013-03-20,0.0710065484985023,0.928993596128578,0.0,0.004268279061406259,LOW
2013-03-21,0.950837505718318,0.0922649349675099,0.0,0.03082495616895566,LOW
2013-03-22,0.2842235707967055,0.7511721731864435,0.0,0.010595308350985752,LOW
2013-03-25,0.9999999944859472,1.1812702821060749e-08,0.0,0.03227809584123139,MEDIUM
2013-03-26,0.998887970967644,0.001112029053841,0.0,0.06449069252444303,MEDIUM
2013-03-28,0.9548676818837384,0.0451345934932608,0.0,0.0928334394122441,HIGH
2013-04-01,0.180210020285288,0.8345517088194385,0.0,0.007484710467730741,LOW
2013-04-02,0.0801074107832125,1.6993114692853868,0.0,0.009068478002230132,LOW
2013-04-03,0.3822545631989948,1.7050528406089167,0.0,0.04068355346102601,MEDIUM
2013-04-04,0.820882265425177,0.4044864816441796,0.0,0.02693588950475419,LOW
2013-04-05,0.0065920031962995,1.285002620291314,0.0,0.0023971473286220142,LOW
2013-04-08,0.0092042857426347,2.3720580735873806,0.0,0.004945282547826565,LOW
2013-04-09,0.9992653478903346,0.0032999026971934,0.0,0.032256460808031455,MEDIUM
2013-04-10,0.9999752323939374,2.4783959567778527e-05,0.0,0.06455473329604076,MEDIUM
2013-04-11,0.9999983371608644,1.6628504602742492e-06,0.0,0.09683414110940398,HIGH
2013-04-12,0.9999999995417108,4.5828907519125966e-10,0.0,0.1291123839604522,HIGH
2013-04-15,0.9986694181414372,0.0013305818771654,0.0,0.16119454562403585,HIGH
2013-04-16,0.999999905660021,9.463765086180568e-08,0.0,0.1936685593529618,HIGH
2013-04-17,0.8047086479724361,0.1952923578441036,0.0,0.18513321053640125,HIGH
2013-04-18,0.999999668738584,6.435675344481753e-07,0.0,0.2582246899892212,HIGH
2013-04-22,0.6016252937824401,0.3983751062805502,0.0,0.020263199509080454,LOW
2013-04-23,0.996742807784566,0.0038226640446869,0.0,0.03218215439355199,MEDIUM
2013-04-25,0.9778573232071462,0.022193045619417,0.0,0.06324986599830461,MEDIUM
2013-04-26,0.0260677174394632,0.983664112909836,0.0,0.002960781317164061,LOW
2013-04-29,0.0425915920335371,1.7817285757967452,0.0,0.006880842463866478,LOW
2013-04-30,0.9991146775929232,0.0025598539613481,0.0,0.03225202332783462,MEDIUM
2013-05-02,0.9999974167057196,2.5854165546267146e-06,0.0,0.06455603986196078,MEDIUM
2013-05-03,0.6676440502840862,0.3323626242308143,0.0,0.02228161878228195,LOW
2013-05-06,0.0497968815084175,0.9530826097235094,0.0,0.007299959839589765,LOW
2013-05-07,0.99970439937599,0.0005857898866957,0.0,0.03226939098475637,MEDIUM
2013-05-08,0.9928097338548988,0.0072111379852432,0.0,0.0641324807007888,MEDIUM
2013-05-09,0.5457275351961773,0.4551401667233669,0.0,0.01855215128726495,LOW
2013-05-10,0.9711621280902514,0.0431569371405167,0.0,0.031427006821442,LOW
2013-05-13,0.999999567958455,4.383075704980355e-07,0.0,0.06455616656177696,MEDIUM
2013-05-14,0.2432113417234201,0.7568264876064265,0.0,0.009363812368300365,LOW
2013-05-15,0.999999444014284,1.1111371427490224e-06,0.0,0.03227807963099161,MEDIUM
2013-05-16,0.977121754566321,0.0228782750637053,0.0,0.06320639506601944,MEDIUM
2013-05-17,0.0157942322459575,0.9844501561146924,0.0,0.00266323476454272,LOW
2013-05-20,0.0124816585249815,1.9393685516827732,0.0,0.005134805487095111,LOW
2013-05-21,0.0080344706253513,2.6986310139333995,0.0,0.00731648997732648,LOW
2013-05-22,0.0040451582217154,2.7021171403637783,0.0,0.009294305168241484,LOW
2013-05-23,0.2826861760667625,2.183930459019515,0.0,0.052745176620531124,MEDIUM
2013-05-24,0.9998494585695612,0.0004337254858401,0.0,0.03227366282180953,MEDIUM
2013-05-27,0.9497959276495578,0.0502340622680949,0.0,0.061588109049550456,MEDIUM
2013-05-28,0.0206948943024674,0.9837788299596192,0.0,0.0028051070248978453,LOW
2013-05-29,0.0229811464973634,1.877697920708388,0.0,0.005742665566371545,LOW
2013-05-30,0.999971788432691,8.248803545945652e-05,0.0,0.03227726523015023,MEDIUM
2013-05-31,0.9792280857739876,0.0207753520639236,0.0,0.06333086302987599,MEDIUM
2013-06-03,0.0305890961265234,0.9703137903004766,0.0,0.0030918933004120993,LOW
2013-06-04,0.0054900612912494,1.868021772148964,0.0,0.004730623078127117,LOW
2013-06-05,0.0020991420871834,2.333006490567604,0.0,0.006802147906179339,LOW
2013-06-06,0.0675212198022692,2.862531938489224,0.0,0.016666115443248235,LOW
2013-06-07,0.5953956887986973,1.5113588131717195,0.0,0.1003627538893467,HIGH
2013-06-10,0.0106757221627835,2.5787652915070383,0.0,0.015091078462466196,LOW
2013-06-11,0.0026157335425649,4.166155857120662,0.0,0.015976086518662756,LOW
2013-06-12,0.0020313759476619,5.541375119826613,0.0,0.01812340906776352,LOW
2013-06-13,0.94922659558935,0.2815556360674519,0.0,0.030777161552107996,LOW
2013-06-14,0.0121237887340386,1.8660506027510488,0.0,0.00255705282397,LOW
2013-06-17,0.0033411692226574,4.603334514532332,0.0,0.004606491220451716,LOW
2013-06-18,0.0020044632187935,7.167421110502584,0.0,0.00679394739610259,LOW
2013-06-19,0.0020328119189272,8.78929576156294,0.0,0.00906187036684405,LOW
2013-06-20,0.9792049025662224,0.1710477433123283,0.0,0.031664746647859614,LOW
2013-06-21,0.0021183195772355,4.565635003104676,0.0,0.002267936320020442,LOW
2013-06-24,0.0020215759251732,10.340031569425884,0.0,0.004530286390287263,LOW
2013-06-25,0.0046326109884077,10.514863533423776,0.0,0.007021629989545775,LOW
2013-06-26,0.0086245927153311,10.00280564397967,0.0,0.009823542087799597,LOW
2013-06-27,0.1152259145331658,8.496727607817666,0.0,0.027820801491191757,LOW
2013-06-28,0.860818324651433,0.9483019586726088,0.0,0.02813781718124313,LOW
2013-07-01,0.0072172430816979,3.5433554383769392,0.0,0.0024152135119363573,LOW
2013-07-02,0.0020003182070928,10.705524614358144,0.0,0.004529058922181317,LOW
2013-07-03,0.0121017205588818,11.956181667557637,0.0,0.0076692438376614,LOW
2013-07-04,0.0020118197296701,13.585685834544387,0.0,0.00905944609046414,LOW
2013-07-05,0.9999671065536334,0.0004680872777665,0.0,0.03227712735795411,MEDIUM
2013-07-08,0.0021071446568558,1.1961591669599787,0.0,0.0022676136820860182,LOW
2013-07-09,0.0021165745248489,9.675039491959192,0.0,0.004535771875020008,LOW
2013-07-10,0.0219665848895589,14.641408579064786,0.0,0.00852582274165691,LOW
2013-07-11,0.9999378606455108,0.001082704613572,0.0,0.03227626612080988,MEDIUM
2013-07-12,0.999991869861624,8.130235277189915e-06,0.0,0.06455571317577756,MEDIUM
2013-07-15,0.2247797196267156,0.7752276841371403,0.0,0.00881241201069459,LOW
2013-07-16,0.9999999999941126,1.1774800627185489e-11,0.0,0.032278096003435335,MEDIUM
2013-07-17,0.397422462276,0.6025775382987199,0.0,0.014022418666653031,LOW
2013-07-18,0.0232848777533458,0.9767642690310336,0.0,0.005760265697934745,LOW
2013-07-19,0.3149765427904214,1.3585044378262938,0.0,0.03456777933450436,MEDIUM
2013-07-22,0.574265089780408,1.0699710283957566,0.0,0.07770304297517111,HIGH
2013-07-23,0.2740497432154427,1.4596775386839105,0.0,0.051446233085929494,MEDIUM
2013-07-24,0.0663548638331756,2.941912541889187,0.0,0.024794947669889718,LOW
2013-07-25,0.1536405387593373,3.4105936410564284,0.0,0.04688048705894954,MEDIUM
2013-07-26,0.998840061964714,0.0055618579185383,0.0,0.032243935194791344,MEDIUM
2013-07-29,0.0045420034418272,1.0902489195639071,0.0,0.002337926258728773,LOW
2013-07-30,0.923786190908073,0.167185953034778,0.0,0.030020900859679074,LOW
2013-07-31,0.8651639669411397,0.1660133910151198,0.0,0.05653652803169902,MEDIUM
2013-08-01,0.9948287202299352,0.007664717342093,0.0,0.09637725566834908,HIGH
2013-08-02,0.9942274856943376,0.0058060447237756,0.0,0.12843212743669083,HIGH
2013-08-05,0.2628426651865251,0.7390060508256826,0.0,0.009952527364311584,LOW
2013-08-06,0.9999127609359754,0.000170607602452,0.0,0.03227552697833482,MEDIUM
2013-08-07,0.0273214440292698,0.973524553912263,0.0,0.002997127306338162,LOW
2013-08-08,0.9197730824895646,0.1588213035115394,0.0,0.029901357076353337,LOW
2013-08-12,0.8646718146605515,0.1629650396778251,0.0,0.05650698829316291,MEDIUM
2013-08-13,0.9911152157534228,0.0094344551006208,0.0,0.09604883580683074,HIGH
2013-08-14,0.0052846223525037,1.0253529934735626,0.0,0.0023593769297540093,LOW
2013-08-16,0.999998750135108,2.5099715632699007e-06,0.0,0.032278059197698404,MEDIUM
2013-08-19,0.8314061377034971,0.1686002482121739,0.0,0.05450630303687856,MEDIUM
2013-08-20,0.9997605398868932,0.0002676861374718,0.0,0.09681313282111735,HIGH
2013-08-21,0.9999999999937405,6.259502265211651e-12,0.0,0.1291123840136975,HIGH
2013-08-22,0.9999993224162836,6.77583716316387e-07,0.0,0.1613903802509225,HIGH
2013-08-23,0.9936464356367002,0.006353564381972,0.0,0.19254543099882324,HIGH
2013-08-26,0.9642750063226996,0.0357461192986023,0.0,0.21856240248823772,HIGH
2013-08-27,0.9999994276792236,6.002604094405234e-07,0.0,0.25822463319966565,HIGH
2013-08-28,0.9999979810863884,2.01891791257723e-06,0.0,0.2905023289573484,HIGH
2013-08-29,0.9936959199163076,0.0063040868173144,0.0,0.32092363795737094,HIGH
2013-08-30,0.9882623182670396,0.0117578373330537,0.0,0.3512534690556816,HIGH
2013-09-02,0.9881450724192836,0.0124104266169733,0.0,0.38314409577515246,HIGH
2013-09-03,0.9999999999880408,1.1959187664368849e-11,0.0,0.41961524804233497,HIGH
2013-09-04,0.9981197339076396,0.0018802660923604,0.0,0.45111805286164,HIGH
2013-09-05,0.9999999878743135,1.3101130854740942e-08,0.0,0.48417143469798907,HIGH
2013-09-06,0.9776839641037838,0.022316067134591,0.0,0.5059169694841402,HIGH
2013-09-10,0.9999999919714316,1.477884606917436e-08,0.0,0.5487276280421307,HIGH
2013-09-11,0.8813074552840859,0.1186925618127052,0.0,0.5175403465012426,HIGH
2013-09-12,0.9934030738411688,0.0066070323129875,0.0,0.6095908989246006,HIGH
2013-09-13,0.9827895507186668,0.0174448993116654,0.0,0.6354122821579269,HIGH
2013-09-16,0.9999982042909784,1.898721001805708e-06,0.0,0.6455608624745346,HIGH
2013-09-17,0.1752137432857534,0.8250037100878772,0.0,0.0073363918931837364,LOW
2013-09-18,0.7747737925589167,0.2297089377452503,0.0,0.0510834807430419,MEDIUM
2013-09-19,0.9999999999403942,1.0364891811109503e-10,0.0,0.03227809600185344,MEDIUM
2013-09-20,0.9977621264066046,0.0022378736014243,0.0,0.06442436784287651,MEDIUM
2013-09-23,0.9928138443808244,0.0071862153032705,0.0,0.09619908459231535,HIGH
2013-09-24,0.999638727698372,0.0003621078067857,0.0,0.1290698279723519,HIGH
2013-09-25,0.9569914238462044,0.0430351206343798,0.0,0.15503717869332753,HIGH
2013-09-26,0.4035589169086293,0.6053594918851151,0.0,0.014209167335171885,LOW
2013-09-27,0.999914572899118,0.0001663310743732,0.0,0.03227558033757109,MEDIUM
2013-09-30,0.6588386929752599,0.3414890466225549,0.0,0.022012693253922206,LOW
2013-10-01,0.989703626924484,0.0120798412682158,0.0,0.031974648946162,LOW
2013-10-03,0.9877107124151772,0.0123635007806345,0.0,0.06383171986610195,MEDIUM
2013-10-04,0.6833125087901805,0.3197143663130464,0.0,0.02275986392617317,LOW
2013-10-07,0.8050159624209062,0.2403288082837718,0.0,0.026456887183019556,LOW
2013-10-08,0.999999981657008,2.1651862805610283e-08,0.0,0.06455619092689192,MEDIUM
2013-10-09,0.999986603091404,1.3396908595877323e-05,0.0,0.09683310447679269,HIGH
2013-10-10,0.0104005959938622,0.9896000519532178,0.0,0.002507225191954605,LOW
2013-10-11,0.9999999999382084,1.2358320744936811e-10,0.0,0.032278096001789075,MEDIUM
2013-10-14,0.0113211521492196,0.9886788495880854,0.0,0.0025338420958660735,LOW
2013-10-15,0.9999724260741552,5.4340973781359765e-05,0.0,0.03227728400743854,MEDIUM
2013-10-17,0.8538815766180198,0.1461184937668258,0.0,0.05585889677570547,MEDIUM
2013-10-18,0.9999905796041628,1.2556088418252417e-05,0.0,0.09683345577736147,HIGH
2013-10-21,0.5847405455671223,0.4153467117340407,0.0,0.0197464237461977,LOW
2013-10-22,0.0611380152877416,0.9435088682364356,0.0,0.007960655642908241,LOW
2013-10-23,0.9861350938845808,0.0275509192180818,0.0,0.03186936809907811,LOW
2013-10-24,0.9985337115643808,0.0014723938126164,0.0,0.06446982397404555,MEDIUM
2013-10-25,0.0522123829412752,0.951286135164102,0.0,0.003720287945329118,LOW
2013-10-28,0.9224112312103524,0.1515570771045147,0.0,0.029979950588487972,LOW
2013-10-29,0.9990057616894168,0.0014234326139004,0.0,0.06449763103352052,MEDIUM
2013-10-30,0.0553251017096187,0.9526314348875892,0.0,0.0038109309550570223,LOW
2013-10-31,0.99998393805613,3.229755026187787e-05,0.0,0.03227762301237119,MEDIUM
2013-11-01,0.780849740217139,0.2191587875111344,0.0,0.02572581708122972,LOW
2013-11-05,0.5813539537724943,0.423345419510338,0.0,0.03928552049779111,MEDIUM
2013-11-06,0.9766771985133184,0.0364988160857336,0.0,0.031590060090393994,LOW
2013-11-07,0.9992329274489754,0.0007905712105445,0.0,0.06451101196624055,MEDIUM
2013-11-08,0.4194063468387952,0.5823545728617626,0.0,0.014691814128766762,LOW
2013-11-11,0.696518534380383,0.4712999110510592,0.0,0.04632526287986061,MEDIUM
2013-11-12,0.9617163526012098,0.0499041925961279,0.0,0.031147430643982833,LOW
2013-11-13,0.3275825948632895,0.6964840063431685,0.0,0.011903579062178031,LOW
2013-11-14,0.3268232616387582,0.956528098695322,0.0,0.02376123263208782,LOW
2013-11-18,0.9943356326058084,0.007598648691748,0.0,0.032111219365862094,MEDIUM
2013-11-19,0.0020945980885892,1.213764810620236,0.0,0.0022672514431903335,LOW
2013-11-20,0.0738770850990555,3.0515920649981823,0.0,0.008704248528371776,LOW
2013-11-21,0.9890887473198352,0.0446504269116412,0.0,0.03195651251093836,LOW
2013-11-22,0.3751856268375368,0.6936651354390191,0.0,0.013346414988246997,LOW
2013-11-25,0.9847840359580023,0.0299152208449967,0.0,0.03182949350854913,LOW
2013-11-26,0.0022034247202972,1.0606888226110978,0.0,0.002270393462291863,LOW
2013-11-27,0.0022123457293673,2.098894313930803,0.0,0.004541302060579622,LOW
2013-11-28,0.5081674201621273,1.5346869204657347,0.0,0.052208024198258256,MEDIUM
2013-11-29,0.8462301237982229,0.4614480471138035,0.0,0.02769941082550651,LOW
2013-12-02,0.0042668696918975,1.3551580132652856,0.0,0.0023299796521563526,LOW
2013-12-03,0.0020172452286535,2.4157754639548568,0.0,0.004530036325845742,LOW
2013-12-04,0.0020180624795893,3.304795377865588,0.0,0.006795125273688902,LOW
2013-12-05,0.999999986482804,6.152190515316715e-08,0.0,0.03227809560555556,MEDIUM
2013-12-06,0.0023857348670134,0.9976671193415196,0.0,0.002275657210128048,LOW
2013-12-09,1.0,0.0,0.0,0.03227809600360871,MEDIUM
2013-12-10,0.3980672961961838,0.6019327038038162,0.0,0.014042038791401732,LOW
2013-12-11,0.8095690066259719,0.1904311569931157,0.0,0.026594425295678337,LOW
2013-12-12,0.8023005744425719,0.2310994777235289,0.0,0.05274966011457667,MEDIUM
2013-12-13,0.9808523957160572,0.0233488050600987,0.0,0.0951402303792701,HIGH
2013-12-16,0.0568219843329039,0.9919004884798344,0.0,0.0038545369366590875,LOW
2013-12-17,0.9998191696134094,0.0003654532866977,0.0,0.032272770852572734,MEDIUM
2013-12-18,0.9999862544997312,1.3747056419853758e-05,0.0,0.06455538245389417,MEDIUM
2013-12-19,0.9999999320350356,6.796496432751969e-08,0.0,0.09683428200654796,HIGH
2013-12-20,0.9999788224134613,2.1177589876280465e-05,0.0,0.12910988946784582,HIGH
2013-12-23,0.9916160119674589,0.0083840038420183,0.0,0.1601552279882,HIGH
2013-12-24,0.9927370903868972,0.007277181722734,0.0,0.19238459263033766,HIGH
2013-12-26,0.7624136639683261,0.2389980241574626,0.0,0.025166962833372736,LOW
2013-12-27,0.1005267589964865,0.9418295100187932,0.0,0.010264760996189705,LOW
2013-12-30,0.99998661049364,2.7714512234161005e-05,0.0,0.03227770171024505,MEDIUM
2013-12-31,0.9953190811288912,0.0046815586743726,0.0,0.06428040591575589,MEDIUM
2014-01-02,0.9999946041634892,5.8473044189615785e-06,0.0,0.0968338113223307,HIGH
2014-01-03,0.9998542811358032,0.0001457259661361,0.0,0.1290952193581934,HIGH
2014-01-06,0.997764323688864,0.0022357075514839,0.0,0.1610612432457224,HIGH
2014-01-07,0.9930726586035468,0.0069366585093152,0.0,0.19244394810493476,HIGH
2014-01-08,0.9105899844779805,0.0914707632578692,0.0,0.20739291856952294,HIGH
2014-01-09,0.0166415878246058,1.0122752458788042,0.0,0.0026877570875601772,LOW
2014-01-10,0.9834598556788188,0.0344744632283765,0.0,0.031790404235322076,LOW
2014-01-13,0.9950637164846738,0.004945773224569,0.0,0.06426535485715365,MEDIUM
2014-01-14,0.0199940837305459,0.9866284009285162,0.0,0.0027848117278737746,LOW
2014-01-15,0.9990272504044232,0.0019394930536662,0.0,0.03224944841058809,MEDIUM
2014-01-16,0.9397760027713826,0.0612284147561145,0.0,0.06099309039277911,MEDIUM
2014-01-17,0.1710791668263835,0.8314732358111367,0.0,0.0072137345693910615,LOW
2014-01-20,0.0135809648070063,1.482349939033309,0.0,0.005198399102837119,LOW
2014-01-21,0.0080217666805627,2.7062733233737664,0.0,0.007315388536226976,LOW
2014-01-22,0.0025050138109687,3.281255794739101,0.0,0.009116404709190487,LOW
2014-01-23,0.0028857410748956,4.075901162102479,0.0,0.011450472300608397,LOW
2014-01-24,0.9187541089099772,0.4429793197126525,0.0,0.02987099301055303,LOW
2014-01-27,0.9999999916589528,9.087806069062386e-09,0.0,0.06455619151596463,MEDIUM
2014-01-28,0.0377426810199114,0.9622629532921512,0.0,0.003299535489740414,LOW
2014-01-29,0.9969857326310052,0.0056493106491401,0.0,0.03218931148310707,MEDIUM
2014-01-30,0.9744027709387588,0.0256009261365343,0.0,0.06304566575385696,MEDIUM
2014-01-31,0.0020049186830027,1.008785316253218,0.0,0.0022646622817805973,LOW
2014-02-03,0.0106401056484395,1.9822916632802885,0.0,0.005028299929990869,LOW
2014-02-04,0.9999889869830036,3.3106966306847565e-05,0.0,0.0322777716930179,MEDIUM
2014-02-05,0.1973893057510418,0.8028531739239586,0.0,0.007995498516291078,LOW
2014-02-06,0.7725066020836061,0.2960773671007387,0.0,0.05094605419625711,MEDIUM
2014-02-07,0.9999537105707128,8.757255631419574e-05,0.0,0.032276732871863965,MEDIUM
2014-02-10,0.002292318536267,1.0001046304576235,0.0,0.002272960027975749,LOW
2014-02-11,0.2128948533777972,1.5653767885294296,0.0,0.01691514942377296,LOW
2014-02-12,0.0414231586998396,1.0521318850288242,0.0,0.010219385809457452,LOW
2014-02-13,0.9981210365378502,0.003996338103526,0.0,0.032222756432411674,MEDIUM
2014-02-14,0.4963715740810524,0.5043087740514794,0.0,0.017041864196871502,LOW
2014-02-18,0.0801462098178607,1.048917078119921,0.0,0.009070747368612185,LOW
2014-02-19,0.0022408063910992,1.7364417962942578,0.0,0.006814418253245907,LOW
2014-02-20,0.5870820635189814,0.9960149046744026,0.0,0.07927238171741577,HIGH
2014-02-21,0.9948123550076238,0.0053862470487917,0.0,0.032125269583141464,MEDIUM
2014-02-24,0.9829789810677608,0.0174228606444919,0.0,0.06355241413133889,MEDIUM
2014-02-25,0.7662974612605455,0.2342732507614678,0.0,0.02528477004065325,LOW
2014-02-26,0.2313656685737742,0.8631782057004969,0.0,0.01801857052176962,LOW
2014-02-28,0.999916081042542,0.0001661868916247,0.0,0.032275624749821395,MEDIUM
2014-03-03,0.037619131561646,0.9670638590070328,0.0,0.0032959472179904647,LOW
2014-03-04,0.9999997667536704,4.664737632737032e-07,0.0,0.032278089134992055,MEDIUM
2014-03-05,0.9987004350532662,0.0012995669332535,0.0,0.06447964538693338,MEDIUM
2014-03-06,0.5710387305823637,0.4289793503762951,0.0,0.019326994418471813,LOW
2014-03-07,0.9998421386555936,0.0002984158037208,0.0,0.03227344726051853,MEDIUM
2014-03-10,0.9987092064872513,0.0012912832641441,0.0,0.06448016209102272,MEDIUM
2014-03-11,0.0101739567817181,0.9901289924978728,0.0,0.0025006727883276976,LOW
2014-03-12,0.0110515544850352,1.8470802212100907,0.0,0.0050520930827359705,LOW
2014-03-13,0.9504969645356492,0.1465031394676745,0.0,0.03081485347186292,LOW
2014-03-14,0.9998938213850465,0.0001404902207853,0.0,0.06454993847968328,MEDIUM
2014-03-18,0.1437623171762266,0.8570388499504591,0.0,0.0064052183862016,LOW
2014-03-19,0.0030315545537152,1.137137034362418,0.0,0.004588609854200071,LOW
2014-03-20,0.0021821729029687,1.986731288121896,0.0,0.00680933963966291,LOW
2014-03-21,0.9995575097871487,0.0013289120220284,0.0,0.03226506514699608,MEDIUM
2014-03-24,0.8386444732112648,0.1613741916423106,0.0,0.05494229629138151,MEDIUM
2014-03-25,0.999520354236682,0.0006168495708138,0.0,0.09679191274745917,HIGH
2014-03-26,0.0240368583962253,0.9789333926209118,0.0,0.0029019220467690347,LOW
2014-03-27,0.0025546309347252,1.3835870079523085,0.0,0.004561067607412022,LOW
2014-03-28,0.0087906057746155,1.9956875770143427,0.0,0.007382051653772522,LOW
2014-03-31,0.0618506848686473,2.794635380131574,0.0,0.016004428512041053,LOW
2014-04-01,0.2545244729857626,2.773965198353119,0.0,0.048514506186309356,MEDIUM
2014-04-02,0.9149194537787684,0.2273081098589186,0.0,0.02975668725609104,LOW
2014-04-03,0.0072070712688598,2.2773053693102536,0.0,0.0024149195842731713,LOW
2014-04-04,0.0094278573396615,4.252082036274906,0.0,0.004958207878326241,LOW
2014-04-07,0.0022716787687673,6.633528651672949,0.0,0.00681709232327441,LOW
2014-04-09,0.0024006728319642,7.695311461718303,0.0,0.009104354054002369,LOW
2014-04-10,0.0020016067508478,9.357460551223632,0.0,0.011322833313625463,LOW
2014-04-11,0.542411614281745,4.775162029070956,0.0,0.11070388847983675,HIGH
2014-04-15,0.0047897231925844,8.965652962630651,0.0,0.016415569718392403,LOW
2014-04-16,0.0020334849486248,10.951495690020309,0.0,0.01812389618321679,LOW
2014-04-17,0.0131617638848859,12.066193678606318,0.0,0.02328366343185259,LOW
2014-04-21,0.0020007378620503,13.80724471269305,0.0,0.022645415769766107,LOW
2014-04-22,0.0020031604106091,14.08471856216539,0.0,0.024910726704077246,LOW
2014-04-23,0.0020978467924345,10.479771207293783,0.0,0.027208142858862888,LOW
2014-04-25,0.8991155333359699,1.733671752277818,0.0,0.029284966458979506,LOW
2014-04-28,0.0020934502418691,2.281253016176228,0.0,0.0022672183031123457,LOW
2014-04-29,0.6403867510047165,0.8763840090732352,0.0,0.042897643589864504,MEDIUM
2014-04-30,0.9784006816260448,0.0409127326567797,0.0,0.031640987261054625,LOW
2014-05-02,0.0516662408032804,1.0163032671586345,0.0,0.0037043889423229066,LOW
2014-05-05,0.9625593496457288,0.0785317600158948,0.0,0.031172397574795153,LOW
2014-05-06,0.028340519103385,1.017355034653665,0.0,0.0030266762407978156,LOW
2014-05-07,0.2647036467658573,1.4808896610795763,0.0,0.020016819115952503,LOW
2014-05-08,0.0406966585713525,1.984054550950032,0.0,0.010156050805704597,LOW
2014-05-09,0.9999999999861992,5.1662982892449656e-11,0.0,0.0322780960032023,MEDIUM
2014-05-12,0.9999999999980484,1.951661054988519e-12,0.0,0.06455619200710248,MEDIUM
2014-05-13,0.999892395829165,0.000107604170835,0.0,0.09682478177852825,HIGH
2014-05-14,0.9565073379800813,0.0434926657271486,0.0,0.12397234911694884,HIGH
2014-05-15,0.9660711825136246,0.0342738004323306,0.0,0.15638186805498028,HIGH
2014-05-16,1.0,0.0,0.0,0.19366857602165224,HIGH
2014-05-19,1.0,0.0,0.0,0.22594667202526095,HIGH
2014-05-20,0.9999999883484832,1.1651516751420845e-08,0.0,0.25822476528396726,HIGH
2014-05-21,0.9999992551036784,7.448963214792573e-07,0.0,0.2905026666117197,HIGH
2014-05-22,0.9999994477468428,5.522531573099757e-07,0.0,0.3227807974090767,HIGH
2014-05-23,0.9997759445819496,0.0002240555311432,0.0,0.35498647718596116,HIGH
2014-05-26,0.9999999950096944,4.990305536181048e-09,0.0,0.38733715027985577,HIGH
2014-05-27,0.9999661204860012,3.387951609622312e-05,0.0,0.419602278162276,HIGH
2014-05-28,0.972791636369684,0.0272083945018271,0.0,0.4406527623607602,HIGH
2014-05-29,0.999994637665416,5.878894720069595e-06,0.0,0.4841690714100909,HIGH
2014-05-30,0.9999999924306128,7.569387210968639e-09,0.0,0.5164495324912973,HIGH
2014-06-02,0.9999969103632682,3.089636731739182e-06,0.0,0.5487260853442119,HIGH
2014-06-03,0.999150404248195,0.0008495960259743,0.0,0.5805553597931074,HIGH
2014-06-04,0.9593896581130058,0.0406171604185321,0.0,0.5904915980225313,HIGH
2014-06-05,0.9999581034175156,6.195195346329839e-05,0.0,0.6455372446579042,HIGH
2014-06-06,0.9999711238017818,2.887786895924878e-05,0.0,0.6455449131614766,HIGH
2014-06-09,0.9998913143504276,0.0001086873739754,0.0,0.6454979082338113,HIGH
2014-06-10,0.9999997612129532,2.388100314449017e-07,0.0,0.6455617794365903,HIGH
2014-06-11,0.999783909727394,0.0002160905036675,0.0,0.6454346498168889,HIGH
2014-06-12,0.9997962911122544,0.0002037539845788,0.0,0.6454419421710932,HIGH
2014-06-13,0.9999999778774002,2.2125780446839756e-08,0.0,0.6455619070428884,HIGH
2014-06-16,0.6556932896214245,0.3443069158035365,0.0,0.021916603253624895,LOW
2014-06-17,0.9998472297500652,0.0002170996595597,0.0,0.03227359718619945,MEDIUM
2014-06-18,0.9236170086160216,0.0763865351339646,0.0,0.06003172508747212,MEDIUM
2014-06-19,0.8287930286427531,0.1737234991439725,0.0,0.08152322675723939,HIGH
2014-06-20,0.0222375690274445,1.0541760531109696,0.0,0.0028497908436848365,LOW
2014-06-23,0.9044661463484676,0.1933006043193891,0.0,0.029444785567807098,LOW
2014-06-24,0.2158878630429026,0.8326255920419054,0.0,0.00854688132519409,LOW
2014-06-25,0.0190534489975793,1.4610748447310082,0.0,0.0055151498184347406,LOW
2014-06-26,0.0725782831922173,2.4358968205664517,0.0,0.012942548613341908,LOW
2014-06-27,0.0453370440394761,3.122930126352749,0.0,0.014080962692725919,LOW
2014-06-30,0.4992736001335405,1.98108519157288,0.0,0.08565310080920659,HIGH
2014-07-01,0.0025314472281328,3.7552994648882607,0.0,0.013679186426918922,LOW
2014-07-02,0.9896093589783448,0.0480670771553317,0.0,0.03197186853755635,LOW
2014-07-03,0.0026170717519731,1.3335532780101491,0.0,0.0022823367136172133,LOW
2014-07-04,0.6266225206900939,1.0949736019491991,0.0,0.04205590705879312,MEDIUM
2014-07-07,0.966494901724385,0.1065256570985087,0.0,0.03128891515620644,LOW
2014-07-08,0.9999997636422296,2.810449696608056e-07,0.0,0.06455617808673327,MEDIUM
2014-07-09,0.7348144054423774,0.2651857144526487,0.0,0.02432868217240211,LOW
2014-07-10,0.999998606549538,2.261218221528344e-06,0.0,0.03227805496940283,MEDIUM
2014-07-11,0.9999885339869672,1.146601303279847e-05,0.0,0.06455551670641796,MEDIUM
2014-07-14,0.8831826801883871,0.1168177570787065,0.0,0.08642518891435297,HIGH
2014-07-15,0.9936241432236324,0.0066152587503976,0.0,0.12836099223152447,HIGH
2014-07-16,0.9418038260168298,0.0583433757941248,0.0,0.15278394698582692,HIGH
2014-07-17,0.8990616234528388,0.1275514702559651,0.0,0.17570013377567842,HIGH
2014-07-18,0.909842397754489,0.1286096711538828,0.0,0.20723678606659265,HIGH
2014-07-21,0.9997407045512762,0.0003157934248069,0.0,0.25816368113645144,HIGH
2014-07-22,0.992305008699086,0.0076959211839548,0.0,0.28846224196260073,HIGH
2014-07-23,0.9975710202100246,0.0024579869344462,0.0,0.3220655421684909,HIGH
2014-07-24,0.037730589283179,0.9635433884032062,0.0,0.003299184303764894,LOW
2014-07-25,0.8147669048049626,0.360762924876212,0.0,0.02675136286121442,LOW
2014-07-28,0.0827591514533343,0.9945227001061546,0.0,0.004611805820312887,LOW
2014-07-30,0.6016975001280314,0.7764915517744031,0.0,0.04053081833383833,MEDIUM
2014-07-31,0.4686194972897203,1.037872241027641,0.0,0.04858059357389688,MEDIUM
2014-08-01,0.9964963988032708,0.0084393444110674,0.0,0.032174894380397216,MEDIUM
2014-08-04,0.0534879856372087,0.980796059702088,0.0,0.0037574281674151084,LOW
2014-08-05,0.9802379526139527,0.0394440930641841,0.0,0.031695262186390225,LOW
2014-08-06,0.0349459283323108,0.9888991664555372,0.0,0.003218326791494998,LOW
2014-08-07,0.2978543057053519,1.3933720928676296,0.0,0.022011849030423428,LOW
2014-08-08,0.9609184684504436,0.0663757068632339,0.0,0.0311237969583622,LOW
2014-08-11,0.9992744064672444,0.0007280749645688,0.0,0.06451345518851508,MEDIUM
2014-08-12,0.1590331492433081,0.8431390493852962,0.0,0.006856796531436502,LOW
2014-08-13,0.0020011520413389,1.1859886263130883,0.0,0.004529107069550001,LOW
2014-08-14,0.0020002556705206,1.7754868296962465,0.0,0.006793582966779696,LOW
2014-08-18,0.6090123582717452,1.172334451270279,0.0,0.0819569692436502,HIGH
2014-08-19,0.0021810344208553,2.1117415688924583,0.0,0.011348735048486444,LOW
2014-08-20,0.0031260797251695,3.2282436737877136,0.0,0.01378220677826979,LOW
2014-08-21,0.0020132911149787,4.297742788395253,0.0,0.01585432802214799,LOW
2014-08-22,0.0020011826332051,4.733648143087816,0.0,0.018116435343959056,LOW
2014-08-25,0.0046421612840103,6.1631121333145575,0.0,0.02106737261077345,LOW
2014-08-26,0.7380092030966007,1.4176957160176649,0.0,0.2442581422775252,HIGH
2014-08-27,0.5989716584942287,0.5053487739059943,0.0,0.22200190109101328,HIGH
2014-08-28,0.0020398546838987,1.3480648805498383,0.0,0.02718805110076725,LOW
2014-09-01,0.3537432899811997,1.4906230481582272,0.0,0.16504448752458825,HIGH
2014-09-02,0.0095282769335468,1.0986833300455217,0.0,0.03474809511083356,MEDIUM
2014-09-03,0.0133131624985082,1.9743518234137845,0.0,0.03887179476203651,MEDIUM
2014-09-04,0.0282802604219144,2.875544842999624,0.0,0.0483988616127104,MEDIUM
2014-09-05,0.0090318995856743,3.674956654518545,0.0,0.04195019218833374,MEDIUM
2014-09-08,0.6815208983554806,1.505750469116846,0.0,0.40869357911178367,HIGH
2014-09-09,0.0022061064076379,3.627240313354784,0.0,0.043138946874201264,MEDIUM
2014-09-10,0.0021064520225314,5.358934299429131,0.0,0.04535187369276723,MEDIUM
2014-09-11,0.0200575432845683,5.766721578022668,0.0,0.055732988058707675,MEDIUM
2014-09-12,0.0020011501540815,6.150958536360716,0.0,0.04529106960575725,MEDIUM
2014-09-15,0.0021844898501235,6.723416699673564,0.0,0.04539693549345039,MEDIUM
2014-09-16,0.9796956240193284,0.152811346963283,0.0,0.03167924279180545,LOW
2014-09-17,0.6804704785420456,0.3278038830071453,0.0,0.02267314627117341,LOW
2014-09-18,0.9999999841902388,2.6431084229586716e-08,0.0,0.03227809553804431,MEDIUM
2014-09-19,0.024287382777985,0.975713882265348,0.0,0.002909181782250648,LOW
2014-09-22,0.9995478364627096,0.0008845559375537,0.0,0.0322647802681399,MEDIUM
2014-09-23,0.9999452460015262,5.4758190194506296e-05,0.0,0.06455296721212155,MEDIUM
2014-09-24,0.8995521351164717,0.1004610808135079,0.0,0.0878940351462738,HIGH
2014-09-25,0.988170538870818,0.0123795588587666,0.0,0.12771770378441616,HIGH
2014-09-26,0.9993678945481248,0.000632926091654,0.0,0.1612974045568589,HIGH
2014-09-29,0.0372843342913447,0.9647137215644106,0.0,0.003286224001952707,LOW
2014-09-30,0.9776452501308172,0.044123976860324,0.0,0.031618666655900074,LOW
2014-10-01,0.0068279783031997,1.0113628698420034,0.0,0.002403965560627411,LOW
2014-10-07,0.9978935771364776,0.0042249226465654,0.0,0.03221605616836025,MEDIUM
2014-10-08,0.9477592685912336,0.0525280892244879,0.0,0.06146723450259555,MEDIUM
2014-10-09,0.9959460108293834,0.0040884156406021,0.0,0.09647603147773572,HIGH
2014-10-10,0.965864658688466,0.0344338687628915,0.0,0.12508104194010616,HIGH
2014-10-13,0.9568398434238912,0.0433717212530147,0.0,0.15501471477961734,HIGH
2014-10-14,0.9997403039743944,0.0002678152363082,0.0,0.1936226900725933,HIGH
2014-10-16,0.9833850890216932,0.0166318552398245,0.0,0.2225173784349149,HIGH
2014-10-17,0.3306576918736612,0.6748791673383264,0.0,0.011996589856602203,LOW
2014-10-20,1.0,0.0,0.0,0.03227809600360871,MEDIUM
2014-10-21,0.2614238904303399,0.7385761095696601,0.0,0.009909932403117609,LOW
2014-10-22,0.9999999999952576,9.48476854447306e-12,0.0,0.03227809600346906,MEDIUM
2014-10-27,0.9999999999987436,1.2564393969635229e-12,0.0,0.06455619200714342,MEDIUM
2014-10-28,0.002550688693576,0.9974493113099364,0.0,0.0022804199764629362,LOW
2014-10-29,0.9999911855441757,1.7618197633856593e-05,0.0,0.03227783643614491,MEDIUM
2014-10-30,0.9998047585105968,0.0001952414929779,0.0,0.06454469292681879,MEDIUM
2014-10-31,0.9999890756949538,1.0927134937711645e-05,0.0,0.09683332291621109,HIGH
2014-11-03,0.991793018092668,0.0082072147667563,0.0,0.12814505885070435,HIGH
2014-11-05,0.8465596794937363,0.1535869759033717,0.0,0.1385466152426313,HIGH
2014-11-07,0.1964477461687803,0.884304864796316,0.0,0.007967471281964844,LOW
2014-11-10,0.3597675778705393,1.0849571357665513,0.0,0.02575683861221309,LOW
2014-11-11,0.0091637356246199,1.765497336213152,0.0,0.007414407417353052,LOW
2014-11-12,0.0164482045449555,2.7216708614438017,0.0,0.010728641214774874,LOW
2014-11-13,0.9525041668612458,0.168211356637842,0.0,0.03087439312609246,LOW
2014-11-14,0.0048638420008973,1.801499384480976,0.0,0.002347222291435078,LOW
2014-11-17,0.2532785691730122,2.059999061087657,0.0,0.019331068301084924,LOW
2014-11-18,0.0179052553060585,3.627800849617072,0.0,0.008173001537554167,LOW
2014-11-19,0.7703094339813163,0.9201310957585928,0.0,0.101625689867595,HIGH
2014-11-20,0.9939970326898492,0.0148843580147578,0.0,0.03210123934354454,MEDIUM
2014-11-21,0.3811660364300207,0.6389469835870842,0.0,0.013528104754409638,LOW
2014-11-24,0.035815343725027,1.7764374112260306,0.0,0.006487135584673797,LOW
2014-11-25,0.0497356918344905,2.331260377866755,0.0,0.010944597699959842,LOW
2014-11-26,0.0044298775929646,2.971427204834185,0.0,0.00933875086730694,LOW
2014-11-27,0.0020303044464911,3.9222377129091166,0.0,0.011326975989661061,LOW
2014-11-28,0.0025186048424426,4.802937597726294,0.0,0.013676961591052224,LOW
2014-12-01,0.0030484145550304,5.623435682535363,0.0,0.01606354244712683,LOW
2014-12-02,0.0020179422382207,5.693320498632823,0.0,0.01812030629111716,LOW
2014-12-03,0.0020015849705214,5.089429918817956,0.0,0.020381094305133664,LOW
2014-12-04,0.1309113329797335,5.017661646806435,0.0,0.06026003325408388,MEDIUM
2014-12-05,0.1804338930482896,4.76944554875487,0.0,0.08240494690526133,HIGH
2014-12-08,0.9930159204700504,0.0183564099549233,0.0,0.03207231874165023,MEDIUM
2014-12-09,0.99089186181263,0.0091364649591418,0.0,0.06401938438399644,MEDIUM
2014-12-10,0.568960958223715,0.4338858428557395,0.0,0.01926338825724805,LOW
2014-12-11,0.0023387986748112,1.102554081997695,0.0,0.004548604060038274,LOW
2014-12-12,0.1620114943083477,1.7221961952023757,0.0,0.020834969067850654,LOW
2014-12-15,0.9999954671392844,1.4250281846569942e-05,0.0,0.03227796252029517,MEDIUM
2014-12-16,0.8362210511080923,0.1638007973016797,0.0,0.054796364001336764,MEDIUM
2014-12-17,0.722228268778305,0.2790020450981861,0.0,0.023945796126316542,LOW
2014-12-18,0.999999998170598,2.8842731529105493e-09,0.0,0.03227809594973665,MEDIUM
2014-12-19,0.9999996347320228,3.652679772981189e-07,0.0,0.064556170494461,MEDIUM
2014-12-22,0.4715307937134791,0.5284692246253357,0.0,0.016282482469936483,LOW
2014-12-23,0.0574184451646184,0.9479499977607654,0.0,0.007743831058101064,LOW
2014-12-24,0.9195177962400152,0.1535154087975719,0.0,0.02989375028367336,LOW
2014-12-26,0.4345670652549467,0.6107360381804018,0.0,0.015154005342060349,LOW
2014-12-29,0.0037998256354828,1.3696907649540564,0.0,0.004632981991984363,LOW
2014-12-30,0.0091396259069956,2.164647846287292,0.0,0.007412316694505371,LOW
2014-12-31,0.1196438663920187,2.5187208912554584,0.0,0.0227765178478814,LOW
2015-01-02,0.997739443159514,0.0087470604480077,0.0,0.03221151571535648,MEDIUM
2015-01-05,0.0028703968647422,1.0913242945580692,0.0,0.0022896513912240117,LOW
2015-01-06,0.9999722734106096,5.5649504484857686e-05,0.0,0.032277279511797236,MEDIUM
2015-01-07,0.0135480941835172,0.9872599359555224,0.0,0.0025982487026565554,LOW
2015-01-08,0.9999880256028988,2.394995025281721e-05,0.0,0.03227774338233443,MEDIUM
2015-01-09,0.9995082576026616,0.0004917668024767,0.0,0.06452722933704587,MEDIUM
2015-01-12,0.0441995635253708,0.9558498588854486,0.0,0.003487165942566139,LOW
2015-01-13,0.1340638578598588,1.5174132016505175,0.0,0.012237922647849914,LOW
2015-01-14,0.0154259120420145,1.716591047641098,0.0,0.007957730169813713,LOW
2015-01-15,0.999999178608838,3.1051531293922394e-06,0.0,0.03227807181535554,MEDIUM
2015-01-16,0.1672873167595752,0.8327844730868218,0.0,0.007101309483170887,LOW
2015-01-19,0.94950585730462,0.065717915678375,0.0,0.03078544785796214,LOW
2015-01-20,0.9985798849206536,0.00144327177468,0.0,0.06447254399757966,MEDIUM
2015-01-21,0.0216170204802866,0.986331483945756,0.0,0.002831815176153703,LOW
2015-01-22,0.0026401761001201,1.277842196017226,0.0,0.004566007662078171,LOW
2015-01-23,0.9998274257840446,0.0004976611984635,0.0,0.03227301398616626,MEDIUM
2015-01-27,0.4658402675898989,0.5343680185205454,0.0,0.016108625343313022,LOW
2015-01-28,0.8158313993100939,0.2127208978084544,0.0,0.02678349193805999,LOW
2015-01-29,0.0686949501008451,1.1390283630831055,0.0,0.004200788155724701,LOW
2015-01-30,0.9999999082530396,1.962599719479352e-07,0.0,0.03227809330185261,MEDIUM
2015-02-02,0.2109584409748339,0.7890726052264957,0.0,0.00839981456906474,LOW
2015-02-03,0.8729401425163948,0.141121915297705,0.0,0.028501513826365378,LOW
2015-02-04,0.998816733919756,0.0012953449053387,0.0,0.06448649621673944,MEDIUM
2015-02-05,0.983157523804561,0.0169137863027077,0.0,0.09534443525460379,HIGH
2015-02-06,0.011895810862518,0.995020332644906,0.0,0.002550459819547418,LOW
2015-02-09,0.997896656767249,0.0042445978788357,0.0,0.03221614688651096,MEDIUM
2015-02-10,0.9997678928457732,0.000237098595187,0.0,0.06454252162170503,MEDIUM
2015-02-11,0.0202897624345685,0.9801631090719092,0.0,0.0027933742194007037,LOW
2015-02-12,0.9976210923558688,0.0047533654532837,0.0,0.03220802928389497,MEDIUM
2015-02-13,0.1853657397584164,0.8153662722958842,0.0,0.007637873730921828,LOW
2015-02-16,0.0477965982515016,1.350317614572443,0.0,0.007183557517749021,LOW
2015-02-18,0.0089913790684914,1.946803912245891,0.0,0.007399461355926148,LOW
2015-02-19,0.9456693619359215,0.1642163730744317,0.0,0.030671581391487873,LOW
2015-02-20,0.0590927645424295,1.2653165899110623,0.0,0.003920707859167142,LOW
2015-02-23,0.9945748078030467,0.0109912137359312,0.0,0.032118268593629866,MEDIUM
2015-02-24,0.0041421249180189,1.0244849116373569,0.0,0.0023263768065421475,LOW
2015-02-25,0.1131746680815989,1.81085050291841,0.0,0.011007692545519924,LOW
2015-02-26,0.9321884263356174,0.1948936899770819,0.0,0.030270973231587478,LOW
2015-02-27,0.7408993850985022,0.2927632499651843,0.0,0.02451366420503833,LOW
2015-03-02,0.999999990421154,1.4352174316237116e-08,0.0,0.03227809572153173,MEDIUM
2015-03-03,0.0030419461932685,0.9969740408090256,0.0,0.002294604996946033,LOW
2015-03-04,0.9999999995679844,8.640311847796988e-10,0.0,0.032278095990886754,MEDIUM
2015-03-05,0.927059871943203,0.0729401281584439,0.0,0.06023673808710514,MEDIUM
2015-03-09,0.9995065614875104,0.0004950161211533,0.0,0.09679069415303623,HIGH
2015-03-10,0.2042292182738664,0.7996446600708557,0.0,0.008199211124420062,LOW
2015-03-11,0.0146321413780185,1.1379417174848507,0.0,0.005259219393612987,LOW
2015-03-12,0.2113520804324573,1.6246688720412843,0.0,0.025234664955168455,LOW
2015-03-13,0.9999999999216088,2.9199914501457285e-10,0.0,0.03227809600130025,MEDIUM
2015-03-16,0.0197646375778571,0.9802357822267456,0.0,0.0027781675402677973,LOW
2015-03-17,0.9980936242498892,0.0033021697554306,0.0,0.03222194896200619,MEDIUM
2015-03-18,0.9690744041103032,0.0309303415893995,0.0,0.06273049619501665,MEDIUM
2015-03-19,0.9999952732010664,5.271886750958938e-06,0.0,0.09683387042764866,HIGH
2015-03-20,0.3463905803156277,0.6536962589376938,0.0,0.01247289029680427,LOW
2015-03-23,0.8957867836965173,0.1110368711655201,0.0,0.029185481734416444,LOW
2015-03-24,0.9999323928238554,7.149978667277061e-05,0.0,0.06455221020657019,MEDIUM
2015-03-25,0.999105381771493,0.0008946568651859,0.0,0.09675524864312929,HIGH
2015-03-26,0.9994444114738807,0.0005585547783363,0.0,0.12904693752593613,HIGH
2015-03-27,0.9999930818663272,6.918338991499976e-06,0.0,0.16138946139466828,HIGH
2015-03-30,0.9999964905862352,3.5094505346256778e-06,0.0,0.19366795595211522,HIGH
2015-03-31,0.9978328605325392,0.0021671862108153,0.0,0.2254998732114722,HIGH
2015-04-01,0.9982944834723742,0.0017056775529632,0.0,0.2578229239607893,HIGH
2015-04-06,0.7594736092951676,0.2410265873854598,0.0,0.025077755521275086,LOW
2015-04-07,0.9729342804902572,0.0385645046763141,0.0,0.03147941525849481,LOW
2015-04-08,0.4617099561813782,0.548987763169188,0.0,0.015982462955280986,LOW
2015-04-09,0.9975010731584272,0.0046611102541839,0.0,0.032204493639193046,MEDIUM
2015-04-10,0.1336423178235233,0.8742498257932086,0.0,0.0061065288435789315,LOW
2015-04-13,0.2225414722182855,1.3360154405206035,0.0,0.017491086511954048,LOW
2015-04-16,0.7995005543059468,0.4652481376924858,0.0,0.02629019155010791,LOW
2015-04-17,0.974511589085093,0.0533944520272273,0.0,0.06305209966232878,MEDIUM
2015-04-20,0.9999202958616652,8.538001022232219e-05,0.0,0.09682724660699236,HIGH
2015-04-21,0.0752996786765171,0.9248321160291254,0.0,0.0043936910767842655,LOW
2015-04-22,0.9913708205493288,0.0165174346145197,0.0,0.032023815771176425,LOW
2015-04-23,0.9717775181608388,0.0283365794732011,0.0,0.06289041504845709,MEDIUM
2015-04-24,0.2723710652206121,0.7431887628186246,0.0,0.010238781626671434,LOW
2015-04-27,0.9998828194377803,0.0002134514610298,0.0,0.03227464524991675,MEDIUM
2015-04-28,0.0063217161216856,1.0004871800629596,0.0,0.0023893380224323264,LOW
2015-04-29,0.0031941547744689,1.713898024033149,0.0,0.0045980004889499305,LOW
2015-04-30,0.0034046363276849,2.21734064875313,0.0,0.006915235184704737,LOW
2015-05-04,0.1315227174064675,2.889800448820141,0.0,0.024176110455895607,LOW
2015-05-05,0.0033198018671277,3.620477312935872,0.0,0.011513142871548044,LOW
2015-05-06,0.9999934421811448,2.8699485431721717e-05,0.0,0.03227790288946242,MEDIUM
2015-05-07,0.399963587374568,0.600554830734427,0.0,0.014099741875310566,LOW
2015-05-08,0.137583126859269,0.8782279674964356,0.0,0.012445572669839401,LOW
2015-05-11,0.2837922884380404,1.3450888420361398,0.0,0.03174697992592358,LOW
2015-05-12,0.9999999664086708,8.282160992257714e-08,0.0,0.032278095014414324,MEDIUM
2015-05-13,0.9877735336337636,0.0122265232444889,0.0,0.06383542673961777,MEDIUM
2015-05-14,0.6928816090876058,0.3073177164280843,0.0,0.02305174057410506,LOW
2015-05-15,0.002362878065318,1.1218065213258628,0.0,0.004549994537065945,LOW
2015-05-18,0.1326003067635586,1.7543961254835518,0.0,0.018227400746819177,LOW
2015-05-19,0.0720109540322964,2.393576605084508,0.0,0.01719044882947578,LOW
2015-05-20,0.0020271030039689,2.268439346626087,0.0,0.011326513842186357,LOW
2015-05-21,0.0649280416524355,2.757625272553527,0.0,0.0245451679490033,LOW
2015-05-22,0.0217895206728336,3.080305910309748,0.0,0.01985768308250121,LOW
2015-05-25,0.8648370478667199,0.4592197974338547,0.0,0.028258453021987512,LOW
2015-05-26,0.0162371690408589,1.926732254344699,0.0,0.002676052845738714,LOW
2015-05-27,0.9183156224323458,0.249406582719979,0.0,0.02985792538238291,LOW
2015-05-28,0.339352807991353,0.8082115802197104,0.0,0.012259738520261788,LOW
2015-05-29,0.9615016197585762,0.0641286463090827,0.0,0.031141070434256693,LOW
2015-06-01,0.0917274124508798,1.0153874851576532,0.0,0.004874383413840848,LOW
2015-06-02,0.9999999998593556,2.8678776487337707e-10,0.0,0.03227809599946703,MEDIUM
2015-06-03,0.9430295180994724,0.0569704888725811,0.0,0.06118638954199612,MEDIUM
2015-06-04,0.9951432222912509,0.0048610994494689,0.0,0.09640506142672328,HIGH
2015-06-05,0.939648638564721,0.0604448121871008,0.0,0.12197104310478578,HIGH
2015-06-08,0.9848445439319934,0.01590538044032,0.0,0.15915639746052127,HIGH
2015-06-09,0.0340522947686494,0.988803832383574,0.0,0.0031923864704692267,LOW
2015-06-10,0.910282193259265,0.1818518370596964,0.0,0.029618376956190115,LOW
2015-06-11,0.9999999997892088,2.6093138366706034e-10,0.0,0.06455619199480271,MEDIUM
2015-06-12,0.0046478141500547,0.9953530697096044,0.0,0.0023409824556115187,LOW
2015-06-15,0.8022811491778689,0.2725754223825562,0.0,0.026374242957050233,LOW
2015-06-16,0.6733619736235421,0.3345553097648585,0.0,0.022456190233985915,LOW
2015-06-17,0.4819038907303385,0.6894703807008536,0.0,0.033199010003167134,MEDIUM
2015-06-18,0.017492644673439,1.5475917446133691,0.0,0.008137170044878388,LOW
2015-06-19,0.0034171122169203,2.3425886986912143,0.0,0.009221754689242466,LOW
2015-06-22,0.761182564949852,0.7922068331682275,0.0,0.1256480576405135,HIGH
2015-06-23,0.0883264661049098,1.4232693734280897,0.0,0.028648586004316016,LOW
2015-06-24,0.0073065049644196,2.666676059846827,0.0,0.01692455009518207,LOW
2015-06-25,0.6712465302936124,1.124779894246886,0.0,0.1791328823709525,HIGH
2015-06-26,0.0134104590528304,2.4611433918599985,0.0,0.023348406482508414,LOW
2015-06-29,0.9999999979458982,6.672410503255934e-09,0.0,0.032278095943119714,MEDIUM
2015-06-30,0.0556901471484948,0.9443169738036272,0.0,0.0038215641807676083,LOW
2015-07-01,0.0977868920703055,0.9123801145332912,0.0,0.010104017788623694,LOW
2015-07-02,0.2088846385353439,1.5418667406322184,0.0,0.025013919544931686,LOW
2015-07-03,0.0053793234315135,2.8409858710862887,0.0,0.009448450312377548,LOW
2015-07-06,1.0,0.0,0.0,0.03227809600360871,MEDIUM
2015-07-07,0.5920688746573091,0.4079311253426909,0.0,0.019970730354545507,LOW
2015-07-08,0.9849897080391986,0.0150126488642963,0.0,0.031835564161417126,LOW
2015-07-09,0.2465614906194165,0.7792378943485118,0.0,0.009464176119268718,LOW
2015-07-10,0.996270623164009,0.0070585794149984,0.0,0.03216824205112937,MEDIUM
2015-07-13,0.1137628743398168,0.9277088419729556,0.0,0.005521139677850988,LOW
2015-07-14,0.0128138750845856,1.831940081376032,0.0,0.005154022604847533,LOW
2015-07-15,0.8385523442752323,0.4817588953356223,0.0,0.027468374630700655,LOW
2015-07-16,0.5398131667872162,0.5290000951360923,0.0,0.01837110945124475,LOW
2015-07-17,0.0114927536573022,1.205957753821003,0.0,0.005077608448701622,LOW
2015-07-20,0.8820330900103396,0.2502321935719392,0.0,0.028773972674193835,LOW
2015-07-21,0.47803652360396,0.5385612785396107,0.0,0.016481295639244508,LOW
2015-07-22,0.99998028284709,3.575201233363178e-05,0.0,0.032277515373812946,MEDIUM
2015-07-23,0.4824864267463823,0.51776497495702,0.0,0.01661731218146196,LOW
2015-07-24,0.9959748747940976,0.0063375508614121,0.0,0.03215952767215951,MEDIUM
2015-07-27,0.9999987766501328,1.230160599476171e-06,0.0,0.06455611995702114,MEDIUM
2015-07-28,0.0032038265856639,0.9968088950975156,0.0,0.0022992795360942293,LOW
2015-07-29,0.3747915864830065,1.2421812948330673,0.0,0.02666889364263833,LOW
2015-07-30,0.1413718947865508,0.9008653577997612,0.0,0.019003872635832277,LOW
2015-07-31,0.0392770759945883,1.6915234247034918,0.0,0.013376421347880106,LOW
2015-08-03,0.2801538543331203,1.938016557965781,0.0,0.05236417281739156,MEDIUM
2015-08-04,0.107840268900542,2.0641350363671167,0.0,0.03208251791012199,MEDIUM
2015-08-05,0.0020051254702509,3.198029763384539,0.0,0.015852677763673637,LOW
2015-08-06,0.0020677134430784,4.118981032274558,0.0,0.018131801954569354,LOW
2015-08-07,0.0020037943737024,4.993802345878909,0.0,0.02038166839576623,LOW
2015-08-10,0.0323179742574787,5.807850916422455,0.0,0.031420537132219074,LOW
2015-08-11,0.9111928703133148,0.6025941258856784,0.0,0.029645545565797557,LOW
2015-08-12,0.9064961435546992,0.1471109827005305,0.0,0.05901078055911552,MEDIUM
2015-08-13,0.0379970946691394,1.3747309364799936,0.0,0.00330692470731175,LOW
2015-08-14,0.5888530190859674,1.101060094875313,0.0,0.03974460289129257,MEDIUM
2015-08-17,0.0502262370739886,1.578438686070098,0.0,0.010987425419614743,LOW
2015-08-18,0.0525516393745338,2.2324363358695147,0.0,0.014920659669712042,LOW
2015-08-19,0.0074549753325844,3.0420201575341843,0.0,0.012110416173950575,LOW
2015-08-20,0.0264973073190941,3.752259412022903,0.0,0.01783940658612248,LOW
2015-08-21,0.4927753726995175,2.439108841875976,0.0,0.1185232179465675,HIGH
2015-08-24,0.9999999956827724,1.531178699429199e-08,0.0,0.03227809587647539,MEDIUM
2015-08-25,0.9999999998574236,1.4257639513286703e-10,0.0,0.06455619199882028,MEDIUM
2015-08-26,0.9999201179492614,7.9882050738657e-05,0.0,0.09682723088935412,HIGH
2015-08-27,1.0,0.0,0.0,0.12911238401443484,HIGH
2015-08-28,0.9999999999702543,2.9745650387269507e-11,0.0,0.1613904800136638,HIGH
2015-08-31,0.9992259117127442,0.0007740882872557,0.0,0.1935317961586375,HIGH
2015-09-01,0.9999929655277728,7.034921210945031e-06,0.0,0.22594522197102013,HIGH
2015-09-02,1.0,0.0,0.0,0.2582247680288697,HIGH
2015-09-03,0.9996066816834716,0.0003933183165283,0.0,0.29039861924976623,HIGH
2015-09-04,0.9999982033194328,1.7967147774804564e-06,0.0,0.3227804309511674,HIGH
2015-09-07,0.9999887064498504,1.1293550149717652e-05,0.0,0.35505539775077993,HIGH
2015-09-08,0.9811950109117836,0.0188051104481228,0.0,0.3806823448434025,HIGH
2015-09-09,0.9999999996779082,4.065265556022756e-10,0.0,0.41961524792360916,HIGH
2015-09-10,0.9999905103889282,9.48961107186184e-06,0.0,0.45188943175889745,HIGH
2015-09-11,0.985605242796456,0.0143947589502588,0.0,0.47780596888496407,HIGH
2015-09-14,0.389444419064982,0.6112168854604741,0.0,0.013779751237516081,LOW
2015-09-15,0.0901860123321717,1.2562508222910247,0.0,0.009658453348225049,LOW
2015-09-16,0.999966094081426,9.113894266047222e-05,0.0,0.0322770975426115,MEDIUM
2015-09-18,0.9768014039087888,0.023210649283861,0.0,0.0631874613497884,MEDIUM
2015-09-21,0.9999999992822026,8.487666167380465e-10,0.0,0.09683428794741324,HIGH
2015-09-22,0.9999999185633628,8.143663711544017e-08,0.0,0.12911237442188025,HIGH
2015-09-23,0.9999965751090164,3.42489098371257e-06,0.0,0.1613899757385316,HIGH
2015-09-24,0.0154836037519116,0.984517139633048,0.0,0.0026542460986589706,LOW
2015-09-28,0.9999976111854242,4.7732715447318405e-06,0.0,0.0322780256580031,MEDIUM
2015-09-29,0.9997822564379932,0.0002179863481576,0.0,0.06454336760659622,MEDIUM
2015-09-30,0.9999868490511676,1.3215929358273067e-05,0.0,0.09683312620583898,HIGH
2015-10-01,0.968569969749374,0.0314300651937324,0.0,0.12540129247229237,HIGH
2015-10-05,0.9994334888236244,0.0005892929293514,0.0,0.16130706352202034,HIGH
2015-10-06,0.9999631492950092,3.687197734242221e-05,0.0,0.19366206494602214,HIGH
2015-10-07,0.0026134841273001,0.997662370826827,0.0,0.0022822331243901434,LOW
2015-10-08,0.9829171951995028,0.0341315781131683,0.0,0.03177438284683422,LOW
2015-10-09,0.986391230008586,0.0136315233889639,0.0,0.06375385335213722,MEDIUM
2015-10-12,0.9999286706077424,7.227466039128199e-05,0.0,0.09682798647188916,HIGH
2015-10-13,0.0599589847557245,0.9407989102101344,0.0,0.00394595613163457,LOW
2015-10-14,0.9968491199438092,0.0062084377314547,0.0,0.032185286611843694,MEDIUM
2015-10-15,0.0990329171193312,0.9026634270876572,0.0,0.005088555627783226,LOW
2015-10-16,0.8860121411183877,0.1823573383877524,0.0,0.028893100804070444,LOW
2015-10-19,0.837178843799429,0.2084012701924117,0.0,0.05485404465686788,MEDIUM
2015-10-20,0.714361430444123,0.3277328050618286,0.0,0.023706300722909485,LOW
2015-10-21,0.9708980021552212,0.0360844244077041,0.0,0.03141919455165263,LOW
2015-10-23,0.9999999655469756,3.5179412949655534e-08,0.0,0.06455618997807841,MEDIUM
2015-10-26,0.9999999690985552,3.090144473339328e-08,0.0,0.09683428528087737,HIGH
2015-10-27,0.998999039824502,0.0010009602164446,0.0,0.12899447016560314,HIGH
2015-10-28,0.6121385344712668,0.3881353385000078,0.0,0.020584892147180775,LOW
2015-10-29,0.9020102143490004,0.1002578398002466,0.0,0.029371442726527055,LOW
2015-10-30,0.0091517602012897,1.222096042771591,0.0,0.0024711229810944046,LOW
2015-11-02,0.017222167833838,2.066500844303341,0.0,0.005409121947771372,LOW
2015-11-03,0.2788068392594237,2.033255496860333,0.0,0.031296930917295254,LOW
2015-11-04,0.9973895673982456,0.0034517508835685,0.0,0.03220120873318383,MEDIUM
2015-11-05,0.0357467142939651,0.974813175915922,0.0,0.003241575200162243,LOW
2015-11-06,0.0022799509067803,1.6992040090482208,0.0,0.004545205888452554,LOW
2015-11-09,1.0,0.0,0.0,0.03227809600360871,MEDIUM
2015-11-10,0.989798650338058,0.0102013496619418,0.0,0.06395490319313704,MEDIUM
2015-11-13,0.017968776242965,0.9820315220819248,0.0,0.0027261726580238236,LOW
2015-11-16,0.9953056291257032,0.009372541019994,0.0,0.032139806538231064,MEDIUM
2015-11-17,0.9998737526812208,0.0001313923644677,0.0,0.06454875649575957,MEDIUM
2015-11-18,0.9487341922422804,0.0512798482011141,0.0,0.09228765015638851,HIGH
2015-11-19,0.9540464776010262,0.0466202997189173,0.0,0.12368052357879683,HIGH
2015-11-20,0.4674286051525239,0.5573719018350677,0.0,0.016157148025742328,LOW
2015-11-23,0.026044249761314,1.3044610949590554,0.0,0.005920202105699178,LOW
2015-11-24,0.0303057283823186,2.0439767257006367,0.0,0.00925101973931055,LOW
2015-11-26,0.0246146146932766,2.727766695652989,0.0,0.011674659266172269,LOW
2015-11-27,0.111194995812755,3.3393324916814664,0.0,0.02722827556897579,LOW
2015-11-30,0.0128253723315365,3.983803573408837,0.0,0.015464063051873027,LOW
2015-12-01,0.5825299854818589,1.9997643101655656,0.0,0.137751312560197,HIGH
2015-12-02,0.989792137845354,0.0305388862743419,0.0,0.03197725951636161,LOW
2015-12-03,0.0295767605288525,1.067365315008014,0.0,0.003062528807655387,LOW
2015-12-04,0.9996913221383024,0.0006270433398952,0.0,0.03226900586948414,MEDIUM
2015-12-07,0.9998649947131096,0.0001354070434651,0.0,0.06454824067766525,MEDIUM
2015-12-08,0.3933172557451706,0.6066959205883634,0.0,0.013897532886627368,LOW
2015-12-09,0.999298888271369,0.0013611675981015,0.0,0.03225744861161868,MEDIUM
2015-12-10,0.5577935851915554,0.4432179896873509,0.0,0.01892152097526562,LOW
2015-12-11,0.3012849845420163,0.7968771250475415,0.0,0.022218739329605774,LOW
2015-12-14,0.9999960314831272,5.985237700455755e-06,0.0,0.03227797913905183,MEDIUM
2015-12-15,0.0028671810930374,0.9976716263501556,0.0,0.0022895585349483713,LOW
2015-12-16,0.0020750021155591,1.2341258892062603,0.0,0.0045333713571294185,LOW
2015-12-17,0.0123615019873704,2.013741775340548,0.0,0.007691782914758882,LOW
2015-12-18,0.0124489226717288,2.96905329866162,0.0,0.010265823868793727,LOW
2015-12-21,0.9555382978238692,0.1729975652101621,0.0,0.030964361567818968,LOW
2015-12-22,0.0020658030537618,3.683062658900014,0.0,0.002266420088732594,LOW
2015-12-23,0.738485406485426,0.7075527193617783,0.0,0.04888058054830402,MEDIUM
2015-12-24,0.1924002174886825,1.418216155752283,0.0,0.023541093855655795,LOW
2015-12-28,0.0200264679331568,1.9788250286833329,0.0,0.011142998055880388,LOW
2015-12-29,0.0020474105491851,3.0050587827168505,0.0,0.011329445362629474,LOW
2015-12-30,0.0161629039866221,3.9881992682546463,0.0,0.01604342180639326,LOW
2015-12-31,0.0027396184467958,5.6248718679415735,0.0,0.01600112618652353,LOW
2016-01-04,0.9915168069432568,0.0515883427926503,0.0,0.032028120425536266,LOW
2016-01-05,0.9943074322609652,0.0058145663704045,0.0,0.06422077639601971,MEDIUM
2016-01-06,0.0024324527693162,1.0071418483890762,0.0,0.0022770060981846473,LOW
2016-01-07,0.9900114323608744,0.0200268981910461,0.0,0.03198372730883847,LOW
2016-01-08,0.9072480238243852,0.0945058642450786,0.0,0.05905566630688156,MEDIUM
2016-01-11,0.9999005838465526,0.0001130672974024,0.0,0.09682550515005311,HIGH
2016-01-12,0.9963665934310438,0.0036336795470686,0.0,0.12868427911822466,HIGH
2016-01-13,0.99998710261026,1.3009284449727406e-05,0.0,0.16138858101039796,HIGH
2016-01-14,0.9999999845417352,1.5458264665765733e-08,0.0,0.19366857329037085,HIGH
2016-01-15,0.9999999945019792,5.4980206845148164e-09,0.0,0.22594667089192447,HIGH
2016-01-18,0.9771524713609012,0.0228475288101832,0.0,0.2528328419032151,HIGH
2016-01-19,0.8732354122918206,0.126779469509707,0.0,0.2565932951320093,HIGH
2016-01-20,0.9999992649377708,9.718544928614406e-07,0.0,0.3227807435756234,HIGH
2016-01-21,0.999999997813899,2.1861010149569864e-09,0.0,0.35505905533155874,HIGH
2016-01-22,0.9999992003194472,7.996805529252157e-07,0.0,0.38733686945625173,HIGH
2016-01-25,0.9999990459128908,9.540871092417176e-07,0.0,0.4196148828005799,HIGH
2016-01-27,0.9999896189653557,1.0381037663977776e-05,0.0,0.4518890642504983,HIGH
2016-01-28,0.9715628680622932,0.0284372553343489,0.0,0.471582888729951,HIGH
2016-01-29,0.999999690527674,4.426087193115703e-07,0.0,0.5164493902447329,HIGH
2016-02-01,0.9604677426459076,0.0395323376797024,0.0,0.5288775655294335,HIGH
2016-02-02,0.9893572103274616,0.0109219580719015,0.0,0.5753597630727773,HIGH
2016-02-03,0.9992417074643648,0.0007683644761746,0.0,0.612859526766673,HIGH
2016-02-04,0.9016262653768184,0.0986126125930242,0.0,0.5871994894973185,HIGH
2016-02-05,0.1026048485939157,0.9140726236913318,0.0,0.0051933626757360435,LOW
2016-02-08,0.7664048848509668,0.4565827148070358,0.0,0.050576055889736043,MEDIUM
2016-02-09,0.9999999739213392,4.3160470857595344e-08,0.0,0.032278095235646696,MEDIUM
2016-02-10,0.0523426602118241,0.9476859566931608,0.0,0.0037240807191542117,LOW
2016-02-11,0.9999999696167292,6.073467516636068e-08,0.0,0.032278095108884935,MEDIUM
2016-02-12,0.9999778923300472,2.2107669952748267e-05,0.0,0.06455488995571752,MEDIUM
2016-02-15,0.98891130300272,0.0110887495656346,0.0,0.09585383493689568,HIGH
2016-02-16,0.999999995083824,5.010787473682797e-09,0.0,0.12911238343535045,HIGH
2016-02-17,0.9968314174288128,0.0031685830677715,0.0,0.16092382527834845,HIGH
2016-02-18,0.9998198486756602,0.0001803023619365,0.0,0.19363674510055967,HIGH
2016-02-19,0.0325423479145311,0.9680570525503042,0.0,0.003148564581369787,LOW
2016-02-22,0.0023960106942729,1.224032696709282,0.0,0.004551907807271641,LOW
2016-02-23,0.9999691391307696,9.06009683333253e-05,0.0,0.032277187213394086,MEDIUM
2016-02-24,0.1682658209047637,0.8319368911563982,0.0,0.007130315331054599,LOW
2016-02-25,0.9900078233168824,0.0184524754329772,0.0,0.03198362086676474,LOW
2016-02-26,0.9999995842793248,4.78685658435087e-07,0.0,0.06455616752300797,MEDIUM
2016-02-29,0.9999956821605058,4.317845080680957e-06,0.0,0.09683390655667413,HIGH
2016-03-01,0.9999998134176444,1.866670776843789e-07,0.0,0.12911236203659412,HIGH
2016-03-02,0.999999991795075,8.204924957077031e-09,0.0,0.16139047880995416,HIGH
2016-03-03,0.9986063331129316,0.0013936669393554,0.0,0.1934223060715744,HIGH
2016-03-04,0.9994832696156032,0.0005167591264106,0.0,0.22584015137077393,HIGH
2016-03-08,0.6970281744140826,0.3032057444532998,0.0,0.023178168569105723,LOW
2016-03-09,0.9999999251400016,1.4376253460156512e-07,0.0,0.032278093799138326,MEDIUM
2016-03-10,0.918612556989622,0.0813876350812682,0.0,0.05973354922690253,MEDIUM
2016-03-11,0.5308374317861315,0.469362634232356,0.0,0.018096379492733686,LOW
2016-03-14,0.5196356618826837,0.6347264151842681,0.0,0.035507131465404046,MEDIUM
2016-03-15,0.943978209767808,0.0829490019906061,0.0,0.03062136831803805,LOW
2016-03-16,0.6964155485487747,0.3518832652852373,0.0,0.023159491706417488,LOW
2016-03-17,0.9995510152973852,0.0006186803917435,0.0,0.03226487388468778,MEDIUM
2016-03-18,0.1201514175930151,0.8835657784163211,0.0,0.005709066532684,LOW
2016-03-21,0.98769914604381,0.0231113933749703,0.0,0.03191551868434819,LOW
2016-03-22,0.297252922799273,0.7223020514292897,0.0,0.010987795061030568,LOW
2016-03-23,0.0537386772315884,1.4149409878239576,0.0,0.007529456344904021,LOW
2016-03-28,0.9995255215192478,0.0011248217004951,0.0,0.03226412309269709,MEDIUM
2016-03-29,0.0982419612190764,0.9134999962218294,0.0,0.005065355534993292,LOW
2016-03-30,0.9862634680992838,0.0258580755840938,0.0,0.03187315645895259,LOW
2016-03-31,0.0443992912675475,0.9755928510276306,0.0,0.0034929730144825665,LOW
2016-04-01,0.0030514803374063,1.877121380389409,0.0,0.004589760612286249,LOW
2016-04-04,0.0020560755523681,2.483921004211772,0.0,0.006798417727658931,LOW
2016-04-05,0.9493253081662372,0.1952732784432504,0.0,0.03078009060842775,LOW
2016-04-06,0.5707738982755781,0.4426335804800003,0.0,0.01931888722246689,LOW
2016-04-07,0.9668835465109646,0.0476507887560522,0.0,0.03130041785036119,LOW
2016-04-08,0.0020057721881002,1.1077391119726163,0.0,0.00226468692340246,LOW
2016-04-11,0.0630510299658646,2.021702729691872,0.0,0.008072222091939951,LOW
2016-04-12,0.0023300732528328,2.531122749970316,0.0,0.006822150311036993,LOW
2016-04-13,0.7309662798298292,1.184529891092883,0.0,0.09684662146224471,HIGH
2016-04-18,0.99992263347649,0.0001602739192256,0.0,0.03227581770769982,MEDIUM
2016-04-20,0.9865470891943932,0.0134549695653785,0.0,0.06376305187296459,MEDIUM
2016-04-21,0.7083536035921872,0.2924098333997625,0.0,0.023523313672143775,LOW
2016-04-22,0.0033384733854377,1.1132479690686214,0.0,0.0046063355221024295,LOW
2016-04-25,0.0044255436280008,2.009016991011034,0.0,0.007003687619137998,LOW
2016-04-26,0.9999981623448432,5.765019394862113e-06,0.0,0.03227804188850044,MEDIUM
2016-04-27,0.9557658315249324,0.044234662276606,0.0,0.06194221364288971,MEDIUM
2016-04-28,0.9594781242949018,0.043039501170861,0.0,0.09324337887921802,HIGH
2016-04-29,0.12031122902497,0.8866355978920799,0.0,0.0057137699758895944,LOW
2016-05-02,0.0030512476061469,1.5844370729059047,0.0,0.004589747171519003,LOW
2016-05-03,0.8413924364598797,0.4497714173305384,0.0,0.02755386129060541,LOW
2016-05-04,0.0187406326190919,1.8614372305194136,0.0,0.0027485180111241707,LOW
2016-05-05,0.0759459229215641,3.0481564173344187,0.0,0.008825153731005,LOW
2016-05-06,0.0909720346693772,3.111717945460879,0.0,0.014556757611404332,LOW
2016-05-09,0.9999388303166488,0.0002810813158672,0.0,0.03227629467586868,MEDIUM
2016-05-10,0.0325726284063333,0.9775231554668083,0.0,0.0031494432783274896,LOW
2016-05-11,0.9999997208356006,5.582796335527779e-07,0.0,0.03227808778280089,MEDIUM
2016-05-12,0.0076011036265398,0.9924021639824526,0.0,0.0024263060238068727,LOW
2016-05-13,0.0286065579823304,1.2432794601505288,0.0,0.006068782167729232,LOW
2016-05-16,0.348492458615946,1.243798796328894,0.0,0.037609730420531604,MEDIUM
2016-05-17,0.1089789954118732,1.8354622304710149,0.0,0.02152215454943321,LOW
2016-05-18,0.5550350760443157,0.92466408620697,0.0,0.09418537490299372,HIGH
2016-05-19,0.9638110887618708,0.0504310614299006,0.0,0.031209464435488735,LOW
2016-05-20,0.0026144381791684,1.2495173139286888,0.0,0.002282260671718197,LOW
2016-05-23,0.9999999675915184,6.63602493771032e-08,0.0,0.03227809504924672,MEDIUM
2016-05-24,0.002862400801817,0.9971651242275714,0.0,0.002289420502842115,LOW
2016-05-25,0.9999849890104214,3.0022002592597823e-05,0.0,0.03227765396085111,MEDIUM
2016-05-26,0.3788739829439284,0.6211295330681194,0.0,0.013458459905981178,LOW
2016-05-27,0.5736743359251295,0.6773990644590582,0.0,0.03881535304417255,MEDIUM
2016-05-30,0.0029628227548021,1.121424272100903,0.0,0.0068769607054073485,LOW
2016-05-31,0.9818228479470518,0.0377274991150315,0.0,0.0317420695735279,LOW
2016-06-01,0.0058369637427958,1.1125792883849674,0.0,0.0023753331337089028,LOW
2016-06-02,0.9984854789378248,0.0032254016167662,0.0,0.032233491310194436,MEDIUM
2016-06-03,0.281300922843187,0.724948597993126,0.0,0.010507348534798837,LOW
2016-06-06,0.0025872276507018,1.078330893750418,0.0,0.004562949991334866,LOW
2016-06-07,0.0133701941381602,1.9756219201796392,0.0,0.007779308032098112,LOW
2016-06-08,0.4099686042015897,1.768683548897556,0.0,0.05761727023863499,MEDIUM
2016-06-09,0.0406804343602449,3.3982678012637315,0.0,0.016924394156978894,LOW
2016-06-10,0.9711812130297034,0.1323410876220478,0.0,0.03142757130044623,LOW
2016-06-13,0.9995206284071244,0.0005002337341516,0.0,0.06452795798032766,MEDIUM
2016-06-14,0.7276682182508385,0.2726552088693117,0.0,0.024111329870724785,LOW
2016-06-15,0.0236096608187864,1.0019880477024397,0.0,0.005779086690233373,LOW
2016-06-16,0.4165227037422807,1.1569723656640678,0.0,0.04381185732130664,MEDIUM
2016-06-17,0.5422885080229214,1.0638839708242671,0.0,0.07378751898480312,HIGH
2016-06-20,0.9999999937535868,1.4303266363522115e-08,0.0,0.03227809581966491,MEDIUM
2016-06-21,0.0824714451747386,0.9175428661924652,0.0,0.00460338844372485,LOW
2016-06-22,0.013379686453817,0.9916615134700844,0.0,0.00518675450590483,LOW
2016-06-23,0.0116826745619664,1.9456415436095755,0.0,0.007632888759219535,LOW
2016-06-24,1.0,0.0,0.0,0.03227809600360871,MEDIUM
2016-06-27,0.9999999141210816,8.587891842104511e-08,0.0,0.06455618694930836,MEDIUM
2016-06-28,0.0269609673314447,0.9730390331427335,0.0,0.002986676180392945,LOW
2016-06-29,0.9971082970877416,0.0057040347683122,0.0,0.032192922394546256,MEDIUM
2016-06-30,0.9962114087611732,0.003791043287388,0.0,0.06433299459963118,MEDIUM
2016-07-01,0.0986699750427386,0.9077872510290348,0.0,0.005077909553412331,LOW
2016-07-04,0.9999991471589263,1.7065810377210754e-06,0.0,0.0322780708892213,MEDIUM
2016-07-05,0.51433052989145,0.4856971163411536,0.0,0.017591234863683986,LOW
2016-07-07,0.0624544386135717,0.9417184863729676,0.0,0.008037425328924415,LOW
2016-07-08,0.9155767797147402,0.1673691484733077,0.0,0.02977628549649063,LOW
2016-07-11,0.9999999991393654,9.36325809731147e-10,0.0,0.06455619195652965,MEDIUM
2016-07-12,0.9960870828149097,0.0039129174257147,0.0,0.09648850195895661,HIGH
2016-07-13,0.8703320377760229,0.129669229929827,0.0,0.11369323070057989,HIGH
2016-07-14,0.5315799264412935,0.4869981272709451,0.0,0.01811910462016882,LOW
2016-07-15,0.865611984443024,0.1969177336236436,0.0,0.028281708589786705,LOW
2016-07-18,0.9820155622107436,0.0205178392079617,0.0,0.06349552064164492,MEDIUM
2016-07-19,0.7088272244766115,0.3044908738850109,0.0,0.02353774192403411,LOW
2016-07-20,0.9998776194177252,0.0001396876923672,0.0,0.03227449211736895,MEDIUM
2016-07-21,0.999995004488895,4.99552377415008e-06,0.0,0.06455589779239777,MEDIUM
2016-07-22,0.1046723835671268,0.8953393274725373,0.0,0.005254054980162755,LOW
2016-07-25,0.9999999990700978,1.859804201644721e-09,0.0,0.03227809597622504,MEDIUM
2016-07-26,0.0020054617747725,0.9979946058914206,0.0,0.002264677961431158,LOW
2016-07-27,0.002208087565382,1.0317183682684654,0.0,0.004541056176466552,LOW
2016-07-28,0.0020001075651135,1.9955711315004048,0.0,0.006793570138897512,LOW
2016-07-29,0.002004891645258,2.988075760121888,0.0,0.009058646004686055,LOW
2016-08-01,0.0317341890274627,3.870381859079317,0.0,0.015625572926107823,LOW
2016-08-02,0.0022759206925987,4.907579737612906,0.0,0.01363491949340127,LOW
2016-08-03,0.9251237263263622,0.3831600166554331,0.0,0.030060729027509323,LOW
2016-08-04,0.999853840271815,0.0001466080814998,0.0,0.06454758371346661,MEDIUM
2016-08-05,0.2435210727057229,0.7571344547283173,0.0,0.009373089495747276,LOW
2016-08-08,0.8226318192778135,0.2987437663901589,0.0,0.026988658585685332,LOW
2016-08-09,0.0212047681974436,1.9768645735571768,0.0,0.002819874333211101,LOW
2016-08-10,0.9984413045368552,0.0052273676396943,0.0,0.03223219015784922,MEDIUM
2016-08-11,0.0023313026881084,1.0636027736212028,0.0,0.0022740856007512906,LOW
2016-08-16,0.9999987731161016,2.45974601382852e-06,0.0,0.032278059874440726,MEDIUM
2016-08-17,0.0051617946032034,0.9948557445131286,0.0,0.0023558288455168496,LOW
2016-08-18,0.0020540591460605,1.0213848200506488,0.0,0.004532162052442015,LOW
2016-08-19,0.6913548697125952,0.6173591886591754,0.0,0.06901554820072782,MEDIUM
2016-08-22,0.0040454008472712,2.3398998706010774,0.0,0.009294333197282427,LOW
2016-08-23,0.1472079037233335,2.835445862439937,0.0,0.03253509294187491,MEDIUM
2016-08-24,0.0192509316136788,3.8877114306352207,0.0,0.01657975691741093,LOW
2016-08-25,0.9737954500663508,0.1084963892713015,0.0,0.03150487789088537,LOW
2016-08-26,0.4349003614935698,0.6066116008173813,0.0,0.015164170939399863,LOW
2016-08-29,0.0421562420687195,1.284650943626766,0.0,0.0068555349492491376,LOW
2016-08-30,0.9937051753613224,0.0159104109337245,0.0,0.032092636613735924,MEDIUM
2016-08-31,0.0024108379588362,1.081619634637785,0.0,0.0022763820114934294,LOW
2016-09-01,0.0020420227781914,2.46866550840397,0.0,0.00453146704136293,LOW
2016-09-02,0.0027167803862669,3.368983044118995,0.0,0.006855647189665409,LOW
2016-09-06,0.7985761369201506,0.88845710720134,0.0,0.02626224314689959,LOW
2016-09-07,0.999921943719066,0.0001081414762991,0.0,0.06455159479108509,MEDIUM
2016-09-08,0.0020032121626232,1.001927875473588,0.0,0.0022646130126889544,LOW
2016-09-09,0.0063728389019116,2.1285980865214493,0.0,0.004781630134458587,LOW
2016-09-12,1.0,0.0,0.0,0.03227809600360871,MEDIUM
2016-09-14,0.0021115901266642,0.9978884098733356,0.0,0.0022677420298807633,LOW
2016-09-15,0.0642673611948573,0.9506101785848172,0.0,0.008143176251451166,LOW
2016-09-16,0.0161503570483637,1.840728792467642,0.0,0.008020621595705353,LOW
2016-09-19,0.002009558020484,2.959100488362805,0.0,0.009059184898198801,LOW
2016-09-20,0.0022148603111436,3.9518276759625808,0.0,0.01135361815770191,LOW
2016-09-21,0.002240438391743,4.9297190681962535,0.0,0.013628772756722893,LOW
2016-09-22,0.9999999980563916,1.0959146766509025e-08,0.0,0.03227809594637351,MEDIUM
2016-09-23,0.162821084171636,0.8371884623889214,0.0,0.006968969530618817,LOW
2016-09-26,0.8655919576873339,0.1374867261823228,0.0,0.028281107621942067,LOW
2016-09-27,0.03946851883381,1.3670477550307718,0.0,0.0033496670044092475,LOW
2016-09-28,0.002065891110128,2.62056779154644,0.0,0.004532845262083199,LOW
2016-09-29,0.9999999751035992,9.153016644512143e-08,0.0,0.03227809527046178,MEDIUM
2016-09-30,0.2951607895017535,0.7048425950102216,0.0,0.010924734447295789,LOW
2016-10-03,0.9808641547499756,0.0201099452020923,0.0,0.031713757420008044,LOW
2016-10-04,0.9921766758909756,0.0080265411448414,0.0,0.06409515314229666,MEDIUM
2016-10-05,0.9999992357779796,7.651505897943189e-07,0.0,0.09683422049660215,HIGH
2016-10-06,0.9829355924960278,0.0170645056517244,0.0,0.12709970410456792,HIGH
2016-10-07,0.6527793154751378,0.3473554450265956,0.0,0.021827571715807775,LOW
2016-10-10,0.9999861009258044,1.7226585733013115e-05,0.0,0.0322776867045065,MEDIUM
2016-10-13,0.9198801073629428,0.0802516876026068,0.0,0.05980909205747792,MEDIUM
2016-10-14,0.2249584289942551,0.7834420711308383,0.0,0.008817751898263839,LOW
2016-10-17,0.9999567752987852,7.683805023656515e-05,0.0,0.0322768231223194,MEDIUM
2016-10-18,0.999985863252722,1.4136882533658816e-05,0.0,0.06455535941103241,MEDIUM
2016-10-19,0.4041537151335021,0.5958684453662542,0.0,0.014227272978132184,LOW
2016-10-20,0.0081207781872959,1.0050255756943645,0.0,0.00488264864445646,LOW
2016-10-21,0.0349364861329318,1.921148822133928,0.0,0.009654158052158355,LOW
2016-10-24,0.002300636283672,2.8601781568017097,0.0,0.009092800728514362,LOW
2016-10-25,0.0047766831335558,3.768339015934655,0.0,0.011723523661372554,LOW
2016-10-26,0.0020308549941916,4.500509013654105,0.0,0.013592466557467734,LOW
2016-10-27,0.0464118962234914,5.237029493711792,0.0,0.024860500284218087,LOW
2016-10-28,0.0069356134809323,5.992258131574928,0.0,0.019256605167974852,LOW
2016-11-01,0.0022058098862107,6.552934624986932,0.0,0.0204341609423811,LOW
2016-11-02,0.9999924627358362,5.483367365818144e-05,0.0,0.032277874046815355,MEDIUM
2016-11-03,0.0020152692023211,1.0194976585026825,0.0,0.002264961112785823,LOW
2016-11-04,0.0053382603459498,2.2456666023738183,0.0,0.004721852750979052,LOW
2016-11-07,0.9999999999928404,2.1478611789123227e-11,0.0,0.03227809600339787,MEDIUM
2016-11-08,0.7980826223315183,0.2019173777044395,0.0,0.052494642778961986,MEDIUM
2016-11-09,1.0,0.0,0.0,0.09683428801082612,HIGH
2016-11-10,1.0,0.0,0.0,0.12911238401443484,HIGH
2016-11-11,0.9999999999914152,8.584799537914023e-12,0.0,0.16139048001677953,HIGH
2016-11-15,1.0,0.0,0.0,0.19366857602165224,HIGH
2016-11-16,1.0,0.0,0.0,0.22594667202526095,HIGH
2016-11-17,0.9999994697854148,5.302145853480766e-07,0.0,0.25822464311918053,HIGH
2016-11-18,0.9999977043743294,2.2956256705395374e-06,0.0,0.2905022556200018,HIGH
2016-11-21,1.0,0.0,0.0,0.3227809600360871,HIGH
2016-11-22,0.9999999999634448,3.6555203308807904e-11,0.0,0.35505905602785465,HIGH
2016-11-23,0.9999999999895548,1.0445089237947614e-11,0.0,0.38733715203961344,HIGH
2016-11-24,0.9998867677704404,0.0001132322295595,0.0,0.41957189978761944,HIGH
2016-11-25,0.9999998773662014,1.2264259044470438e-07,0.0,0.4518932934921974,HIGH
2016-11-28,0.9999998658112336,1.3418876652908013e-07,0.0,0.4841713807804526,HIGH
2016-11-29,0.9999961824725164,3.817527483738723e-06,0.0,0.5164477373660191,HIGH
2016-11-30,0.9996562997269663,0.0003437015381108,0.0,0.5485555661728088,HIGH
2016-12-01,0.9999992086822296,7.951738894703607e-07,0.0,0.5810053086171743,HIGH
2016-12-02,0.9998586255516658,0.0001413747064836,0.0,0.6132047227505697,HIGH
2016-12-05,0.9990730029820912,0.0009270105765324,0.0,0.6450159185191557,HIGH
2016-12-06,0.9996522096342484,0.0003483593413555,0.0,0.6453570805928928,HIGH
2016-12-07,0.9999978046278952,2.197776619796724e-06,0.0,0.6455606270896254,HIGH
2016-12-08,0.9999999910245282,8.97547181644634e-09,0.0,0.6455619147859968,HIGH
2016-12-09,0.983598836869722,0.0164011631319205,0.0,0.6358901454683366,HIGH
2016-12-12,0.020020461987699,0.980067802490826,0.0,0.0027855755926112116,LOW
2016-12-13,0.1657648914133987,1.4666689739474683,0.0,0.014112376818453213,LOW
2016-12-14,0.0256408854642813,1.7262116383077688,0.0,0.008845227093339998,LOW
2016-12-15,0.9989144901817048,0.0026457615263258,0.0,0.03224612733012185,MEDIUM
2016-12-16,0.9457308224998594,0.0544912081221048,0.0,0.06134681205233893,MEDIUM
2016-12-19,0.0020155428564178,1.0168231480036751,0.0,0.002264969013491009,LOW
2016-12-20,0.0022025985723082,2.241830876779419,0.0,0.004540739219417651,LOW
2016-12-21,0.8271626315274077,0.5245414469368797,0.0,0.027125267429039004,LOW
2016-12-22,0.00409281737676,1.2769980731011392,0.0,0.0023249527399283364,LOW
2016-12-23,0.003630425109256,2.1484242877100823,0.0,0.004623197632041238,LOW
2016-12-26,0.0021105223229572,2.911094032625827,0.0,0.006803133602034181,LOW
2016-12-27,0.8375623761128865,0.6278428011126068,0.0,0.027438570079471786,LOW
2016-12-28,0.0083342351560514,1.80020880046633,0.0,0.0024474934853989023,LOW
2016-12-29,0.0812430156441469,2.5209364092493125,0.0,0.00913490570739719,LOW
2016-12-30,0.0043646454027438,3.88961426785297,0.0,0.006998410911214014,LOW
2017-01-02,0.2290162889038041,3.2376183185840754,0.0,0.03575614347524889,MEDIUM
2017-01-03,0.0032215766406621,4.57886652804513,0.0,0.011498960516375304,LOW
2017-01-04,0.0020053428333169,7.873207639909597,0.0,0.013588047164770451,LOW
2017-01-05,0.0045849598376825,9.35943981447697,0.0,0.016374168920552094,LOW
2017-01-06,0.0020828782332516,10.564602981153184,0.0,0.018135304587746627,LOW
2017-01-09,0.0159980403091651,11.516572900745066,0.0,0.02402219355920691,LOW
2017-01-10,0.0070845426661478,11.130332408935605,0.0,0.02411379001453825,LOW
2017-01-11,0.042055947522092,11.983464494415427,0.0,0.03767337717907755,MEDIUM
2017-01-12,0.0020126578715661,12.20291793617121,0.0,0.027178628648562138,LOW
2017-01-13,0.9999393675992896,0.000699410779897,0.0,0.032276310497867514,MEDIUM
2017-01-16,0.0022155971044979,1.0918531701461482,0.0,0.0022707449043158474,LOW
2017-01-17,0.0026509398293762,7.474639467684233,0.0,0.004566629249984891,LOW
2017-01-18,0.009692517398532,12.827177698877748,0.0,0.007460263917562586,LOW
2017-01-19,0.002019238935303,9.232984940125888,0.0,0.009060302894120107,LOW
2017-01-20,0.0081001764531961,8.515838239242719,0.0,0.012203644594965979,LOW
2017-01-23,0.9887984449407752,0.1374963249692907,0.0,0.0319479491856828,LOW
2017-01-24,0.3072390039407322,0.8192379892930379,0.0,0.01128899286789237,LOW
2017-01-25,0.942809160999094,0.1068585673349307,0.0,0.030586650219445018,LOW
2017-01-27,0.0025940925597303,1.1411362975902393,0.0,0.0022816732125238493,LOW
2017-01-30,0.0020824682023218,2.515636233635588,0.0,0.0045338024705504545,LOW
2017-01-31,0.4472904773435975,1.967675741339602,0.0,0.046626616627585674,MEDIUM
2017-02-01,0.996894986113399,0.0113341682228566,0.0,0.032186637926436744,MEDIUM
2017-02-02,0.0275523200134598,1.0184769142184933,0.0,0.003003821310490884,LOW
2017-02-03,0.0027217783841825,1.8857322763043889,0.0,0.00457072008961808,LOW
2017-02-06,0.9794878064909082,0.0849593263004696,0.0,0.03167310389467783,LOW
2017-02-07,0.0044180299896584,1.6088986204421087,0.0,0.0023343455248918234,LOW
2017-02-08,0.1629595688176602,2.9796475549634085,0.0,0.013946143392460298,LOW
2017-02-09,0.4709666200296286,1.9958558847427783,0.0,0.048795731858614196,MEDIUM
2017-02-10,0.9711979489710564,0.1052944260147733,0.0,0.03142806630134874,LOW
2017-02-13,0.6051152203683627,0.4273389640027162,0.0,0.020369994767847288,LOW
2017-02-14,0.0036839169130401,1.2684865205788218,0.0,0.004626287220896217,LOW
2017-02-15,0.002180989598618,2.091925868968718,0.0,0.006809237146777049,LOW
2017-02-16,0.0020046404204689,3.105463484653702,0.0,0.009058616992155624,LOW
2017-02-17,0.9999999996735668,1.3162669327018902e-09,0.0,0.032278095993995934,MEDIUM
2017-02-20,0.0653740911523655,0.9346307737481668,0.0,0.004103874536670513,LOW
2017-02-21,0.0025634676981052,0.9981463063141204,0.0,0.004561577908762384,LOW
2017-02-22,0.0032127827368012,1.9882943712541212,0.0,0.006898614486288033,LOW
2017-02-23,0.021051936543281,2.9272442058521806,0.0,0.011261791156524068,LOW
2017-02-27,0.0063133083899475,3.883419011091613,0.0,0.011945475532823865,LOW
2017-02-28,0.0020497345736909,4.695472360712325,0.0,0.013595737020787804,LOW
2017-03-01,0.0021467185125535,5.315955140500292,0.0,0.015881293719930915,LOW
2017-03-02,0.9993226290612336,0.0045408264000291,0.0,0.032258147802652515,MEDIUM
2017-03-03,0.0021502846993406,1.208714460084274,0.0,0.002268859207873428,LOW
2017-03-06,0.1804820960059635,2.476495900945126,0.0,0.014985580638204288,LOW
2017-03-07,0.0430868867033517,5.673684115631745,0.0,0.010364455288200885,LOW
2017-03-08,0.0033806337877886,9.448357590875862,0.0,0.0092175410168558,LOW
2017-03-09,0.0021182420368164,9.442330319559805,0.0,0.011339670406508393,LOW
2017-03-10,0.0671698044858127,10.14982136789306,0.0,0.024937637305134833,LOW
2017-03-14,1.0,0.0,0.0,0.03227809600360871,MEDIUM
2017-03-15,0.0096960164470525,0.9903039835529476,0.0,0.002486855790722053,LOW
2017-03-16,0.999999935877488,1.278488568184994e-07,0.0,0.032278094115334846,MEDIUM
2017-03-17,0.9999999841668128,1.5833187293082615e-08,0.0,0.06455619107470893,MEDIUM
2017-03-20,0.963788096943979,0.0362119035837844,0.0,0.09362635097073699,HIGH
2017-03-21,0.7728928646610997,0.2271499927416498,0.0,0.02548473482786815,LOW
2017-03-22,0.9999999836520908,2.369591550264671e-08,0.0,0.03227809552219698,MEDIUM
2017-03-23,0.0118220367507675,0.9882309437578556,0.0,0.0025483263634572453,LOW
2017-03-24,0.0445382979829622,0.9745916609091452,0.0,0.006994029478014902,LOW
2017-03-27,0.1255037498957332,1.6977151502556878,0.0,0.017599966403861602,LOW
2017-03-28,0.9974655323150992,0.0069806880265279,0.0,0.0322034466291878,MEDIUM
2017-03-29,0.8213980081006022,0.1817178309120611,0.0,0.05390289219437869,MEDIUM
2017-03-30,0.0145767154858961,1.0182878402046098,0.0,0.0026280061131255116,LOW
2017-03-31,0.4599026298293962,1.0821345853393445,0.0,0.031854529423593514,LOW
2017-04-03,0.999870289513189,0.0003196535567741,0.0,0.03227427626280852,MEDIUM
2017-04-05,0.9980510874526736,0.0019491686170503,0.0,0.06444139193909255,MEDIUM
2017-04-06,0.0701597339434499,0.930321201194706,0.0,0.004243551986423955,LOW
2017-04-07,0.9080697608248705,0.1786283956931419,0.0,0.02955235858181748,LOW
2017-04-10,0.9999994971278684,7.575144267456027e-07,0.0,0.06455616239015141,MEDIUM
2017-04-11,0.2341630041967113,0.7658969791118803,0.0,0.009092957234170983,LOW
2017-04-12,0.5819135439111972,0.4266488491976509,0.0,0.039319779043914815,MEDIUM
2017-04-13,0.190744709325038,1.4834110087021848,0.0,0.023393367024538994,LOW
2017-04-17,0.0020021050919568,2.3558197463633386,0.0,0.009058324201469273,LOW
2017-04-18,0.0690280074913422,3.496080408931621,0.0,0.021052553762854607,LOW
2017-04-19,0.002036240731485,4.68934319565889,0.0,0.013593399514493593,LOW
2017-04-20,0.0020014380815254,5.259980870947963,0.0,0.015851932551428055,LOW
2017-04-21,0.998660705254099,0.0087011849391871,0.0,0.03223865249560931,MEDIUM
2017-04-24,0.6468776962179544,0.3537950569880689,0.0,0.021647225130552106,LOW
2017-04-25,0.98354815678462,0.0200070060330094,0.0,0.03179301109305982,LOW
2017-04-26,0.0082699219485009,1.0313353636479583,0.0,0.002445634733136973,LOW
2017-04-27,0.002016721840273,1.8730980828561623,0.0,0.0045300061042014405,LOW
2017-04-28,0.0020108587130385,2.096982234224739,0.0,0.006794501330973547,LOW
2017-05-02,0.8130533539056198,0.5785434672344377,0.0,0.026699636003747793,LOW
2017-05-03,0.989485967692586,0.0185047724430828,0.0,0.0639364581662378,MEDIUM
2017-05-04,0.9999755799369704,2.448249724238021e-05,0.0,0.09683213064742395,HIGH
2017-05-05,0.992071567527246,0.0079290899135043,0.0,0.12817791038824689,HIGH
2017-05-08,0.0028500378637514,0.9976095210331613,0.0,0.0022890635204221087,LOW
2017-05-09,0.9661234131996452,0.0677450173422296,0.0,0.03127791961489683,LOW
2017-05-10,0.1593598294914024,0.8992172342927973,0.0,0.00686646811654659,LOW
2017-05-11,0.9999921041116828,1.5815900663297652e-05,0.0,0.032277863486071576,MEDIUM
2017-05-12,0.0238259698779824,0.976257034948932,0.0,0.002895811120205094,LOW
2017-05-15,0.9797075542544949,0.0405670569590279,0.0,0.0316795952032344,LOW
2017-05-16,0.01655252615497,0.9852774775287844,0.0,0.0026851794952510374,LOW
2017-05-17,0.0022919438039154,1.6700432246602623,0.0,0.004545898417048447,LOW
2017-05-18,0.9997163512026144,0.0008172169386969,0.0,0.032269742956799435,MEDIUM
2017-05-19,0.543894010261075,0.4561259088657275,0.0,0.01849602515839946,LOW
2017-05-22,0.9973974823492932,0.0050791482297824,0.0,0.032201441905691804,MEDIUM
2017-05-23,0.0061602809757765,0.9964005678656476,0.0,0.0023846739040693076,LOW
2017-05-24,0.0116757804123665,1.9021389712390224,0.0,0.00508819377756041,LOW
2017-05-25,0.9429029389518157,0.1698598278867184,0.0,0.030589435426783707,LOW
2017-05-26,0.2281554297598954,0.821876576941778,0.0,0.00891330052548421,LOW
2017-05-29,0.2266321013650332,1.2855538789472276,0.0,0.01773553568630896,LOW
2017-05-30,0.0022375264096247,1.9064096218785311,0.0,0.006814134152191804,LOW
2017-05-31,0.0020059836376657,2.791527422914968,0.0,0.009058772112729152,LOW
2017-06-01,0.0022841495035379,3.6436013890821135,0.0,0.011363620839566374,LOW
2017-06-02,0.9808218085016456,0.0933827550791916,0.0,0.031712506754819694,LOW
2017-06-05,0.0020122891060884,2.05935396593519,0.0,0.002264875074039757,LOW
2017-06-06,0.9992902971550496,0.0014807120956588,0.0,0.03225719559364714,MEDIUM
2017-06-07,0.0465346270374725,0.9566609641954372,0.0,0.003555069708812973,LOW
2017-06-08,0.1874481867535933,1.467669292251168,0.0,0.0153995396788152,LOW
2017-06-09,0.0022774870969494,1.8264174960084991,0.0,0.006817595424274433,LOW
2017-06-12,0.0020190518859404,2.850607678657775,0.0,0.009060281292794731,LOW
2017-06-13,0.0051362705500279,3.897418953408223,0.0,0.011775457749333319,LOW
2017-06-14,0.0421723382533328,4.733933363253472,0.0,0.020569411833244282,LOW
2017-06-15,0.0020447951643911,5.62701238055581,0.0,0.015860694941013234,LOW
2017-06-16,0.0020872829901319,6.477335569754368,0.0,0.01813632196238407,LOW
2017-06-19,0.002075204687187,7.370397730262296,0.0,0.020400223743870162,LOW
2017-06-20,0.0020134775152269,8.416294457524238,0.0,0.022649093847494597,LOW
2017-06-21,0.0020069132571353,9.162696732570708,0.0,0.02491191854045342,LOW
2017-06-22,0.0044191307107702,10.508368539911618,0.0,0.0280125278012267,LOW
2017-06-23,0.117810378156738,10.472128470130892,0.0,0.07332234379996835,HIGH
2017-06-27,0.0349356097775782,11.253028162705707,0.0,0.04505238140818809,MEDIUM
2017-06-28,0.0020067538327407,13.44641182460383,0.0,0.033970728968353056,MEDIUM
2017-06-29,0.0049940660154463,13.79643797749423,0.0,0.03761574149861291,MEDIUM
2017-06-30,0.0030277240312222,12.471648667806694,0.0,0.039001303384691516,MEDIUM
2017-07-03,0.995904152757891,0.0512374292864448,0.0,0.032157443751971757,MEDIUM
2017-07-04,0.8147641629035788,0.1938116861353026,0.0,0.05350256019827271,MEDIUM
2017-07-05,0.0020007824296917,1.15661741186209,0.0,0.0022645428636919747,LOW
2017-07-06,0.0022164429979705,3.025750489978766,0.0,0.004541538654089363,LOW
2017-07-07,0.0020643483171474,7.698596662917079,0.0,0.006799134265443614,LOW
2017-07-10,0.9952941338645358,0.0536895640029112,0.0,0.03213946778153836,MEDIUM
2017-07-11,0.0711653636040508,1.1584027759623603,0.0,0.004272916857153446,LOW
2017-07-12,0.0169945180563387,1.915981896540056,0.0,0.005395943699984456,LOW
2017-07-13,0.9403836851565296,0.1680767677758185,0.0,0.03051460054324386,LOW
2017-07-14,0.945049162750938,0.0863705611185683,0.0,0.061306336162102286,MEDIUM
2017-07-17,0.0098037568779904,1.2293448279570434,0.0,0.0024899704120991996,LOW
2017-07-18,0.999999042967578,1.9397068570635046e-06,0.0,0.0322780678210036,MEDIUM
2017-07-19,0.6086176947965088,0.3913912819003149,0.0,0.020477166547118363,LOW
2017-07-20,0.9993870661714775,0.0008033748893543,0.0,0.03226004552986735,MEDIUM
2017-07-21,0.9895774288306608,0.0104290604904274,0.0,0.0639418535141235,MEDIUM
2017-07-24,0.0099442370117161,0.9930712107358992,0.0,0.0024940315756557738,LOW
2017-07-25,0.9999996680178538,6.702231227632878e-07,0.0,0.03227808622742865,MEDIUM
2017-07-26,0.0033743210118257,0.996684082431854,0.0,0.0023042029555583863,LOW
2017-07-27,0.9659327357669742,0.0674522450153672,0.0,0.03127227559406563,LOW
2017-07-28,0.6935670528342005,0.3071076164583144,0.0,0.023072641784708872,LOW
2017-07-31,0.0072708347419726,1.11577196353791,0.0,0.004833524240820342,LOW
2017-08-01,0.0738366594188866,1.885642769211357,0.0,0.013052829613249045,LOW
2017-08-02,0.910140599534752,0.2624512504532879,0.0,0.029614152430146548,LOW
2017-08-03,0.2111946080617207,0.9386731730609292,0.0,0.008406858248454585,LOW
2017-08-04,0.0083380341393287,1.9141821838313156,0.0,0.004895206565163506,LOW
2017-08-07,0.0020080808553745,2.657885489002381,0.0,0.0067942607314773265,LOW
2017-08-08,0.1186595284919034,3.1804836750896666,0.0,0.022660656258069605,LOW
2017-08-09,0.0023226828928061,3.94204461622798,0.0,0.01136918362223648,LOW
2017-08-10,0.0195536140275229,4.384052944251318,0.0,0.016632342297014397,LOW
2017-08-11,0.999999984960418,8.465149182480327e-08,0.0,0.032278095560724474,MEDIUM
2017-08-14,0.0039699417650778,0.9962887735105372,0.0,0.002321403981930437,LOW
2017-08-16,0.1266390831669316,1.408475265254611,0.0,0.011800199770375316,LOW
2017-08-17,0.9998887036151152,0.0003315582806786,0.0,0.0322748185296899,MEDIUM
2017-08-18,0.0173509381024006,0.9826891742074788,0.0,0.0027082882276029375,LOW
2017-08-21,0.9823430593697732,0.0345811010661299,0.0,0.03175743075294247,LOW
2017-08-22,0.9999893427051432,1.4890895145067031e-05,0.0,0.06455556433661679,MEDIUM
2017-08-23,0.007657607292864,0.9925470634047956,0.0,0.0024279388842350677,LOW
2017-08-24,0.9995997762339685,0.0008002580421848,0.0,0.03226630988646563,MEDIUM
2017-08-28,0.9979228979446124,0.0020793566541099,0.0,0.06443383976725268,MEDIUM
2017-08-29,0.3326530319023937,0.667572968265935,0.0,0.012056956992627528,LOW
2017-08-30,0.7992575732380697,0.2821163162074243,0.0,0.026282845627105363,LOW
2017-08-31,0.025167686314653,1.1564762466654634,0.0,0.002934693757671261,LOW
2017-09-01,0.0020469737840438,2.094554177147109,0.0,0.004531752925104024,LOW
2017-09-04,0.0264698977428846,2.623571760458725,0.0,0.008917319535921968,LOW
2017-09-05,0.0024367036181053,3.2266390244711776,0.0,0.00910851533461596,LOW
2017-09-06,0.9990752329427318,0.0044124593283692,0.0,0.032250861603024795,MEDIUM
2017-09-07,0.0038804149855467,1.0684748689135788,0.0,0.0023188184141735946,LOW
2017-09-08,0.0552146464255872,2.1504808053990074,0.0,0.007615427367239875,LOW
2017-09-11,0.0020009751558442,3.8821040891264937,0.0,0.00679364528370528,LOW
2017-09-12,0.0915834954478219,4.552342285492138,0.0,0.019480667050204167,LOW
2017-09-13,0.0020022884397031,5.337294249228017,0.0,0.01132293171906837,LOW
2017-09-14,0.0020574988250418,5.884117553023241,0.0,0.013597082006039431,LOW
2017-09-15,0.0020131334299636,6.810808052083017,0.0,0.01585429615433891,LOW
2017-09-18,0.0027738287125295,6.999578237027974,0.0,0.01829490385276616,LOW
2017-09-19,0.0022433734227765,7.78642710596475,0.0,0.020443921803227443,LOW
2017-09-20,0.0020000940171241,8.668904012940187,0.0,0.02264522988487637,LOW
2017-09-21,0.0020173522908702,8.883185812473116,0.0,0.024915233793250717,LOW
2017-09-22,0.250518176710203,6.901429345055318,0.0,0.11499318315531122,HIGH
2017-09-25,0.0020972529083551,7.517207490080161,0.0,0.02947526519461109,LOW
2017-09-26,0.0020583192643439,8.413585580811066,0.0,0.031726856301350685,LOW
2017-09-27,0.9999994722756782,4.955757577056223e-06,0.0,0.03227808046323063,MEDIUM
2017-09-28,0.0101185975934553,0.9908970298529663,0.0,0.002499072327453735,LOW
2017-09-29,0.1443237103505068,1.1240456378460038,0.0,0.012843602397712844,LOW
2017-10-03,0.9999999999741692,7.749185990410883e-11,0.0,0.03227809600284805,MEDIUM
2017-10-04,0.0093864060523736,0.9906135944890572,0.0,0.0024779057105919922,LOW
2017-10-05,0.0027138791326537,0.99871098060056,0.0,0.00457026391512625,LOW
2017-10-06,0.2971903329200105,1.4032018538557434,0.0,0.032957724835844165,MEDIUM
2017-10-09,0.0033379367290865,2.4808049090676025,0.0,0.00921260905493877,LOW
2017-10-10,0.0234019015895156,2.4717207155094987,0.0,0.014417617612186004,LOW
2017-10-11,0.5803615511138166,1.968778090879694,0.0,0.11767429323323338,HIGH
2017-10-12,0.3066615029540874,1.4714291590960853,0.0,0.07890095872429312,HIGH
2017-10-13,0.0059815664430061,3.219373122975393,0.0,0.01903608563033702,LOW
2017-10-16,0.6753852990653849,1.4494678237657477,0.0,0.20266156393154341,HIGH
2017-10-17,0.0036132178645476,1.7318455470791465,0.0,0.02311101889457136,LOW
2017-10-18,0.1543625400960928,2.0439795612496425,0.0,0.07390428409157895,HIGH
2017-10-19,0.4181145359666086,1.587955246848333,0.0,0.17582942322812153,HIGH
2017-10-23,0.6704304142094596,0.8176425167863719,0.0,0.290767024684529,HIGH
2017-10-24,0.901462336462456,0.2331741349819181,0.0,0.02935507786935771,LOW
2017-10-25,0.9999999998661552,1.4954769780741678e-10,0.0,0.06455619199933452,MEDIUM
2017-10-26,0.1378888572779224,0.8621113638713127,0.0,0.006231808581325004,LOW
2017-10-27,0.9839971511087072,0.0171661337673549,0.0,0.03180626592871272,LOW
2017-10-30,0.0208021548251257,0.9863953580464228,0.0,0.002808213471625692,LOW
2017-10-31,0.002418119468958,1.860693846237084,0.0,0.004553184502093253,LOW
2017-11-01,0.9599405543438724,0.1175944189149941,0.0,0.0310948269190081,LOW
2017-11-02,0.0020258426494137,1.1845351303984388,0.0,0.0022652663804994633,LOW
2017-11-03,0.9998607559942084,0.0002864661420969,0.0,0.032273995514782494,MEDIUM
2017-11-06,0.1513791789045939,0.8509169128152624,0.0,0.006630329894596276,LOW
2017-11-07,0.9999992377863532,1.522634082122668e-06,0.0,0.032278073558009795,MEDIUM
2017-11-08,0.2400033962438346,0.7599999062144028,0.0,0.009267748889598363,LOW
2017-11-09,0.999976487922034,4.657341589863991e-05,0.0,0.03227740362083458,MEDIUM
2017-11-10,0.5142877887437959,0.4857188671009141,0.0,0.017589927108171668,LOW
2017-11-13,0.9953020860173756,0.0072060877799342,0.0,0.0321397021255598,MEDIUM
2017-11-14,0.0091359837092908,1.0103502397857027,0.0,0.002470666951570047,LOW
2017-11-15,0.0205139435847318,1.9858886939035023,0.0,0.005599733021802226,LOW
2017-11-16,0.0126251567627932,2.878895071170927,0.0,0.007714659050609602,LOW
2017-11-17,0.999999999973576,1.0763029444768287e-10,0.0,0.03227809600283058,MEDIUM
2017-11-20,0.0111598822471186,0.9888407092154876,0.0,0.002529178851842749,LOW
2017-11-21,0.4196072362689297,0.5835293476897748,0.0,0.02939587126797363,LOW
2017-11-22,0.6304872542398559,0.5280664190532779,0.0,0.06343843275689819,MEDIUM
2017-11-23,0.0484535024961474,1.2471009816427605,0.0,0.01444356094813909,LOW
2017-11-24,0.0020718350870312,2.785591461639961,0.0,0.01133297120978738,LOW
2017-11-27,0.7833468459213816,0.7221704335973969,0.0,0.02580143884122187,LOW
2017-11-28,0.0049634488560944,2.368090451511349,0.0,0.002350099452213335,LOW
2017-11-29,0.0025300526057812,4.696026311443652,0.0,0.004559648273344541,LOW
2017-11-30,0.9951262579022092,0.0200036253300577,0.0,0.03213452053511096,MEDIUM
2017-12-01,0.9999997530608496,2.473646847384555e-07,0.0,0.06455617746353422,MEDIUM
2017-12-04,0.9999956559787196,4.344021280308978e-06,0.0,0.09683390424367606,HIGH
2017-12-05,0.456436997982882,0.5435634135715651,0.0,0.01582143255891638,LOW
2017-12-06,0.0095245496214167,0.996646269180116,0.0,0.004963798092819739,LOW
2017-12-07,0.9922507802318776,0.0155224128444222,0.0,0.03204976140470571,LOW
2017-12-08,0.8906543117750487,0.110086548708474,0.0,0.05806400939733517,MEDIUM
2017-12-11,0.998979084070868,0.0010994986333674,0.0,0.09674408938333849,HIGH
2017-12-12,0.997064598594788,0.0029370280781287,0.0,0.1287665399472409,HIGH
2017-12-13,0.6788370109862069,0.3217426518165502,0.0,0.022623298966994956,LOW
2017-12-14,0.9959569960280829,0.0041219717203308,0.0,0.03215900085234493,MEDIUM
2017-12-15,0.999999999889906,1.1009395120975732e-10,0.0,0.06455619200073334,MEDIUM
2017-12-18,0.9999999363415092,6.365849082683243e-08,0.0,0.09683428238699789,HIGH
2017-12-19,0.548726588559405,0.4512734119564967,0.0,0.018643957091058625,LOW
2017-12-20,0.9999999854828184,1.4687873730899324e-08,0.0,0.03227809557610808,MEDIUM
2017-12-21,0.9999959371720888,4.062827911248277e-06,0.0,0.06455595272357459,MEDIUM
2017-12-22,0.0836437213896846,0.9163566767762192,0.0,0.004637687976865597,LOW
2017-12-26,0.5075306842566095,0.660409940341605,0.0,0.0347663908063271,MEDIUM
2017-12-27,0.3873178393183576,0.7153528912075248,0.0,0.04114527584314584,MEDIUM
2017-12-28,0.4366375967609969,0.9337464337932528,0.0,0.060868640296813936,MEDIUM
2017-12-29,0.0330530522326503,1.8875950207473216,0.0,0.01581692543410347,LOW
2018-01-02,0.8701907718066664,0.3778260860913001,0.0,0.02841907097369108,LOW
2018-01-03,0.99863686647628,0.00175947228279,0.0,0.06447590069398512,MEDIUM
2018-01-04,0.0557880450982719,0.9553451552246848,0.0,0.0038244159091256114,LOW
2018-01-05,0.1246867120353492,1.632035013939171,0.0,0.011685181911286945,LOW
2018-01-08,0.4351182192106788,1.106814884991254,0.0,0.045512447236222234,MEDIUM
2018-01-09,0.7710496085942483,0.4532703522648745,0.0,0.10171544598478897,HIGH
2018-01-10,0.9185390235713484,0.1025433581452028,0.0,0.029864583207308417,LOW
2018-01-11,0.0541556586754025,1.105767379217769,0.0,0.0037768711130117096,LOW
2018-01-12,0.9999896991908236,2.139488302921956e-05,0.0,0.03227779266608302,MEDIUM
2018-01-15,0.7260571186697438,0.2740261823213931,0.0,0.024062312089160227,LOW
2018-01-16,0.999765730092126,0.0003667274752056,0.0,0.03227119711998687,MEDIUM
2018-01-17,0.7437470880680729,0.2566151717727216,0.0,0.02460020338196751,LOW
2018-01-18,0.9999866734710418,2.4117645342147857e-05,0.0,0.032277703564801634,MEDIUM
2018-01-19,0.0032042458465799,0.9970747170324176,0.0,0.0022992916430467753,LOW
2018-01-22,0.987721677217804,0.0245539839453505,0.0,0.0319161834328013,LOW
2018-01-23,0.292131404959329,0.7087760358591119,0.0,0.010833449470191362,LOW
2018-01-24,0.0020434048121526,1.2211313601701572,0.0,0.004531546843514792,LOW
2018-01-25,0.0674782601675626,1.954332358138078,0.0,0.012495825186526368,LOW
2018-01-29,0.0024483837119932,2.436759922535124,0.0,0.009109864301649367,LOW
2018-01-30,0.005548892197307,3.2687180662858304,0.0,0.011835055260912504,LOW
2018-01-31,0.0021612652287638,3.460541507562037,0.0,0.013615057414299405,LOW
2018-02-01,0.9824768028170672,0.0707764914984764,0.0,0.03176137983078372,LOW
2018-02-02,0.9961876373928016,0.0038976132839293,0.0,0.06433159374480472,MEDIUM
2018-02-05,1.0,0.0,0.0,0.09683428801082612,HIGH
2018-02-06,1.0,0.0,0.0,0.12911238401443484,HIGH
2018-02-07,1.0,0.0,0.0,0.16139048001804354,HIGH
2018-02-08,0.9999993290197629,6.709802372606433e-07,0.0,0.19366845746785902,HIGH
2018-02-09,1.0,0.0,0.0,0.22594667202526095,HIGH
2018-02-12,0.9999999893188982,1.068110178081838e-08,0.0,0.25822476551258083,HIGH
2018-02-14,0.999999993042859,6.957141085359941e-09,0.0,0.2905028621886191,HIGH
2018-02-15,0.9999841475659108,1.585243408916611e-05,0.0,0.3227762918201122,HIGH
2018-02-16,0.9999999998534996,1.4650044811897193e-10,0.0,0.3550590559922404,HIGH
2018-02-19,0.9999999673344088,3.2665591116907535e-08,0.0,0.3873371405001044,HIGH
2018-02-20,0.9995330839883716,0.0004669160130732,0.0,0.419436495501241,HIGH
2018-02-21,0.9999999999856292,1.4370719891736887e-11,0.0,0.45189334404459724,HIGH
2018-02-22,0.9999999790601284,2.0939871503372883e-08,0.0,0.48417143080459935,HIGH
2018-02-23,0.9999787740628292,2.1225937170763788e-05,0.0,0.5164395350901091,HIGH
2018-02-26,0.9990173450383564,0.0009826567251187,0.0,0.5482356634619211,HIGH
2018-02-27,0.9999983223641252,1.6827709758434922e-06,0.0,0.5810048388132276,HIGH
2018-02-28,0.9999999882614956,1.1738504402393284e-08,0.0,0.6132838175007518,HIGH
2018-03-01,0.9982823656797434,0.0017176345423325,0.0,0.6445501711431137,HIGH
2018-03-05,0.996819656631138,0.0031804727907605,0.0,0.6436883711031058,HIGH
2018-03-06,0.9999999996179304,3.83622712597276e-10,0.0,0.6455619198471512,HIGH
2018-03-07,0.999888078764636,0.0001119212379481,0.0,0.6454960025766593,HIGH
2018-03-08,0.9999989277013528,1.072417856026882e-06,0.0,0.6455612885330767,HIGH
2018-03-09,0.6188829670184254,0.3811176922995049,0.0,0.020791223619231552,LOW
2018-03-12,0.997396676321478,0.0026859229783534,0.0,0.032201418160323944,MEDIUM
2018-03-13,0.8466702602509765,0.1540329823288405,0.0,0.05542529791884376,MEDIUM
2018-03-14,0.0348771652924967,1.0155920495175592,0.0,0.0032163306073789075,LOW
2018-03-15,0.0022163570329732,1.8937918503629487,0.0,0.004541533690107443,LOW
2018-03-16,0.9997118845108524,0.0008623684703735,0.0,0.032269611416260426,MEDIUM
2018-03-19,0.9971568123848203,0.0028452028757726,0.0,0.06438870340141489,MEDIUM
2018-03-20,0.9936187563590728,0.0063922855837368,0.0,0.09627026781034284,HIGH
2018-03-21,0.3452372211129167,0.6583047642568928,0.0,0.0124379490267045,LOW
2018-03-22,0.0023556885119104,1.196899310337373,0.0,0.0045495793719475906,LOW
2018-03-23,0.9999999999959536,1.0559490377474476e-11,0.0,0.03227809600348955,MEDIUM
2018-03-26,0.9789781764938236,0.0210218237209577,0.0,0.06331609737998926,MEDIUM
2018-03-27,0.9978692076083936,0.0021312160368067,0.0,0.09664601490613037,HIGH
2018-03-28,0.0031462419286904,1.0018764730721252,0.0,0.002297616678210318,LOW
2018-04-02,0.0044234843013752,1.920961294491276,0.0,0.004669006121183639,LOW
2018-04-03,0.2679835491636558,2.0797088043673027,0.0,0.030320790635863744,LOW
2018-04-04,0.999960190715238,0.000155384928159,0.0,0.032276923699835175,MEDIUM
2018-04-05,0.9999992143128676,7.858232559535773e-07,0.0,0.06455614573352933,MEDIUM
2018-04-06,0.0021803710788841,0.9978240308209472,0.0,0.0022697278577287973,LOW
2018-04-09,0.0021120279702214,1.0871023839751663,0.0,0.0045355093422537905,LOW
2018-04-10,0.7972128442183868,0.4072673582890714,0.0,0.026221021237301197,LOW
2018-04-11,0.9727618882143078,0.028356869393701,0.0,0.06294863531090263,MEDIUM
2018-04-12,0.0035762311424609,1.0489734327979696,0.0,0.002310033757892294,LOW
2018-04-13,0.3076337769706587,1.4046201908349607,0.0,0.022601813230889722,LOW
2018-04-16,0.9999999999590472,1.1822084422639388e-10,0.0,0.03227809600240274,MEDIUM
2018-04-17,0.9850870219014574,0.0149129794992573,0.0,0.06367687285637541,MEDIUM
2018-04-18,0.776134900275211,0.2238670924246083,0.0,0.025582985495215822,LOW
2018-04-19,0.9999635557527564,5.65403779792598e-05,0.0,0.03227702279373528,MEDIUM
2018-04-20,0.0090505781043085,0.9920288883500468,0.0,0.002468198269195713,LOW
2018-04-23,0.8733523509653827,0.2299178083624123,0.0,0.028513871900884037,LOW
2018-04-24,0.0062612588303034,1.1595732774042182,0.0,0.0023875913002685068,LOW
2018-04-25,0.0032492527286707,2.192004375662961,0.0,0.0046011826138142595,LOW
2018-04-26,0.0021182019612575,3.291764644334401,0.0,0.006803798772764209,LOW
2018-04-27,0.0021133907416402,4.151006338354695,0.0,0.009071176066122495,LOW
2018-04-30,0.0020485034157539,5.478814389727722,0.0,0.011329603124998248,LOW
2018-05-02,0.9997240656582284,0.0017800153231554,0.0,0.03226997014120101,MEDIUM
2018-05-03,0.0053069037139877,1.065921482001531,0.0,0.002360020571837385,LOW
2018-05-04,0.9872753557271398,0.0254737887743515,0.0,0.03190301496235555,LOW
2018-05-07,0.0031879445332012,1.0044916872749403,0.0,0.0022988209123937665,LOW
2018-05-08,0.9915057942946492,0.0170220657338081,0.0,0.032027795702423874,LOW
2018-05-09,0.1156304772109219,0.9078299697461232,0.0,0.005576058175505709,LOW
2018-05-10,0.9964541703206744,0.0070905807586066,0.0,0.032173650163776595,MEDIUM
2018-05-11,0.0028759825784742,1.0105301382261946,0.0,0.0022898126803341415,LOW
2018-05-14,0.0021363705324965,1.7943019845138133,0.0,0.0045369149628484585,LOW
2018-05-15,0.9453485881863573,0.1567476842936884,0.0,0.030662058032611763,LOW
2018-05-16,0.0061170148507326,1.1589483631757111,0.0,0.0023834238982674153,LOW
2018-05-17,0.9934810677491912,0.0142959899421306,0.0,0.03208603059988155,MEDIUM
2018-05-18,0.0937599845373873,0.9111554367964398,0.0,0.004933946450171052,LOW
2018-05-21,0.9915763521274504,0.0166792467620997,0.0,0.032029876187825566,LOW
2018-05-22,0.0020438035382855,1.0133972574264936,0.0,0.0022657849334890372,LOW
2018-05-23,0.0086438560112107,1.9922031885005729,0.0,0.004912884584541779,LOW
2018-05-24,0.0027897508012399,2.6727324893767963,0.0,0.006861968188490668,LOW
2018-05-25,0.0021513037040206,2.421273191707044,0.0,0.009075554513464609,LOW
2018-05-28,0.002006791256011,3.432925266820801,0.0,0.011323581725038532,LOW
2018-05-29,0.0020227071429088,4.325398601014361,0.0,0.013591055128343155,LOW
2018-05-30,0.1174664737052179,4.434581428303903,0.0,0.039410439916595645,MEDIUM
2018-05-31,0.0022451355438666,5.4639179704895495,0.0,0.01817278194735165,LOW
2018-06-01,0.0020007854306228,6.777127880874532,0.0,0.020380886552988524,LOW
2018-06-04,0.9999997991282018,1.482907841832915e-06,0.0,0.03227809008835432,MEDIUM
2018-06-05,0.0021382109725019,1.0058981536361429,0.0,0.002268510618107732,LOW
2018-06-06,0.0027418601789814,3.546510503390804,0.0,0.0045718797974706364,LOW
2018-06-07,0.0024721513752795,4.445995923871059,0.0,0.00683445697827913,LOW
2018-06-08,0.0029307439591806,5.53164977183499,0.0,0.009165575756575535,LOW
2018-06-11,0.0053957983104042,7.455861949112573,0.0,0.01181294247765798,LOW
2018-06-12,0.0020089466146146,6.8404012467984,0.0,0.01358867143550819,LOW
2018-06-13,0.9528245602149068,0.4586796975826198,0.0,0.030883895348923857,LOW
2018-06-14,0.0020136553336879,7.879996344586331,0.0,0.0022649145185692,LOW
2018-06-15,0.0021444103089806,10.498321684288342,0.0,0.004537379207571779,LOW
2018-06-18,0.0022095608638724,11.571094951851064,0.0,0.006811711876251164,LOW
2018-06-19,0.0717218280953367,11.78138053300036,0.0,0.01715667177763522,LOW
2018-06-20,0.002001054536293,11.81946187791902,0.0,0.011322753598500596,LOW
2018-06-21,0.9885092124486892,0.1556823895807779,0.0,0.031939417042690876,LOW
2018-06-22,0.0026588365893096,4.542862487694635,0.0,0.0022835426378883194,LOW
2018-06-25,0.0028885717474817,15.116228935095084,0.0,0.004580352393616152,LOW
2018-06-26,0.0028718692677157,18.09997392419936,0.0,0.0068690817218215695,LOW
2018-06-27,0.9834668052715684,0.3509628625937443,0.0,0.03179060940502175,LOW
2018-06-28,0.0023906165728875,5.808889213193671,0.0,0.002275798159342945,LOW
2018-06-29,0.669644017824878,1.2344378498573303,0.0,0.04468536902629708,MEDIUM
2018-07-02,0.0210318583876617,8.049591416391987,0.0,0.00844459878977561,LOW
2018-07-03,0.0020028953427039,24.031650583950302,0.0,0.00905841546302519,LOW
2018-07-04,0.0020019562693382,25.144775019194725,0.0,0.011322883768492997,LOW
2018-07-05,0.0020276357259906,26.354927122305195,0.0,0.013591908892554756,LOW
2018-07-06,0.0020070283893664,25.753539517112248,0.0,0.015853062339154428,LOW
2018-07-09,0.9861084013767908,0.4095840576066665,0.0,0.03186858038623237,LOW
2018-07-10,0.0021950892545313,12.83383514759011,0.0,0.002270152800489384,LOW
2018-07-11,0.0020005814055572,28.648946838199823,0.0,0.004529074119821562,LOW
2018-07-12,0.002992523745645,30.583704698689974,0.0,0.0068795336247510505,LOW
2018-07-13,0.0037871873587861,32.15955291437677,0.0,0.009264504023062222,LOW
2018-07-16,0.0217738270893966,31.921663184760757,0.0,0.014181786389535121,LOW
2018-07-17,0.0020057798075894,30.037385885753903,0.0,0.013588122860312574,LOW
2018-07-18,0.4186457118779452,18.36714621282717,0.0,0.10268045735128904,HIGH
2018-07-19,0.00200923890088,24.280749841995696,0.0,0.0181182960897029,LOW
2018-07-20,0.0020001836587513,20.370910500710018,0.0,0.020380730188831193,LOW
2018-07-23,0.0020048866032228,15.571279399274328,0.0,0.02264661355602477,LOW
2018-07-24,0.0020000597386624,14.683257548072092,0.0,0.024909741987151818,LOW
2018-07-25,0.0020012624232622,15.588209740684295,0.0,0.027174680659429806,LOW
2018-07-26,0.0020000790574984,16.528053444862795,0.0,0.029438793235635273,LOW
2018-07-27,0.2448705839151224,13.681052067731898,0.0,0.13178920448493703,HIGH
2018-07-30,0.0020089161298336,19.36224969233679,0.0,0.033971665386830024,MEDIUM
2018-07-31,0.0020077203188784,20.791711866468617,0.0,0.03623589068917254,MEDIUM
2018-08-01,0.0020039993804496,21.496630811023994,0.0,0.03849880758881391,MEDIUM
2018-08-02,0.0071219540284544,21.43158309422469,0.0,0.0434242805643134,MEDIUM
2018-08-03,0.0081563539533343,20.939023435671285,0.0,0.04640469729776259,MEDIUM
2018-08-06,0.002787258483496,21.7317219718587,0.0,0.045745015282366255,MEDIUM
2018-08-07,0.0087719561990866,22.022948394586304,0.0,0.04920289678936448,MEDIUM
2018-08-08,0.0020005172811163,24.05533880754649,0.0,0.045290704171396245,MEDIUM
2018-08-09,0.8257700922751776,4.193724332420749,0.0,0.02708328813550065,LOW
2018-08-10,0.0020011009476483,24.826869700724043,0.0,0.0022645520596455424,LOW
2018-08-13,0.1196823381545132,22.10284642858433,0.0,0.011390523265035112,LOW
2018-08-14,0.0020003123962952,27.636737502200283,0.0,0.0067935878799802295,LOW
2018-08-16,0.002440945578292,28.768372821762192,0.0,0.009109005250273755,LOW
2018-08-17,0.0020126304265788,29.778302436640917,0.0,0.011324424641729315,LOW
2018-08-20,0.0020000277104072,30.819429554685005,0.0,0.01358712644485314,LOW
2018-08-21,0.0020557157775115,31.706120682543013,0.0,0.015862901987610402,LOW
2018-08-23,0.4839084149208968,16.755864579209415,0.0,0.13328625304281336,HIGH
2018-08-24,0.0020004781425016,33.31646786212883,0.0,0.02038080670736663,LOW
2018-08-27,0.0020502967625102,34.64980994651055,0.0,0.022659724012564875,LOW
2018-08-28,0.0020101950121,35.47919530664667,0.0,0.02491296076726035,LOW
2018-08-29,0.0020001182250939,36.48239554146265,0.0,0.02717428424876976,LOW
2018-08-30,0.0020000693467852,37.33868027218581,0.0,0.02943878959097323,LOW
2018-08-31,0.0020004008160745,38.11298723112342,0.0,0.03170344584539929,LOW
2018-09-03,0.9999998839909288,4.598165199609023e-06,0.0,0.032278092587384184,MEDIUM
2018-09-04,0.0201650987803676,0.982066864815831,0.0,0.0027897640618975714,LOW
2018-09-05,0.0561317781561857,1.008560008200414,0.0,0.007668858156464626,LOW
2018-09-06,0.1327904269598243,1.644792948786486,0.0,0.018244219414335388,LOW
2018-09-07,0.0847347617595953,2.294890911343136,0.0,0.01867846573668299,LOW
2018-09-10,0.9943891978877156,0.0198093496889074,0.0,0.032112798121763,MEDIUM
2018-09-11,0.9999999865649726,1.3435027437652634e-08,0.0,0.0645561912159505,MEDIUM
2018-09-12,0.9958415651962614,0.0041584350092281,0.0,0.09646679851842184,HIGH
2018-09-14,0.989194373609831,0.0108078933090803,0.0,0.127838512703583,HIGH
2018-09-17,0.885215041832014,0.1148787340643365,0.0,0.14434620731520093,HIGH
2018-09-18,0.5307193254641249,0.6350977628190415,0.0,0.018092764699377102,LOW
2018-09-19,0.9999043204395388,0.0002136881374448,0.0,0.032275278419857174,MEDIUM
2018-09-21,0.9999999675018308,3.2501253425789194e-08,0.0,0.0645561900932112,MEDIUM
2018-09-24,0.9999999824376148,1.7562385142367494e-08,0.0,0.0968342864592996,HIGH
2018-09-25,0.9996566477963832,0.0003433522123773,0.0,0.12907193892485488,HIGH
2018-09-26,0.9999999766679069,2.3480190519046226e-08,0.0,0.16139047658263683,HIGH
2018-09-27,0.9999486367917934,5.136320940072455e-05,0.0,0.1936595007513618,HIGH
2018-09-28,0.999184142117274,0.0008158692464247,0.0,0.22577848427064495,HIGH
2018-10-01,0.999153462968755,0.0008466926577273,0.0,0.25802532503026004,HIGH
2018-10-03,0.990668271543266,0.0093357670644997,0.0,0.288027887286085,HIGH
2018-10-04,0.7461106417037884,0.2617195816097621,0.0,0.02467201470913887,LOW
2018-10-05,0.9792758296015572,0.0211992437190671,0.0,0.03166684193238927,LOW
2018-10-08,0.9403256942090108,0.0609563470777073,0.0,0.06102575518898301,MEDIUM
2018-10-09,0.9981006136298584,0.0019480174820732,0.0,0.09666646453526828,HIGH
2018-10-10,0.6098170644366696,0.3915848976338062,0.0,0.0205138640848247,LOW
2018-10-11,1.0,0.0,0.0,0.03227809600360871,MEDIUM
2018-10-12,0.9996559752302928,0.0003440247697072,0.0,0.06453592984899507,MEDIUM
2018-10-15,0.999993924005298,6.075997381509764e-06,0.0,0.09683375123456926,HIGH
2018-10-16,0.1514366085726982,0.8486020023675948,0.0,0.0066320281691767255,LOW
2018-10-17,0.9999999999705388,5.89221625558666e-11,0.0,0.03227809600274114,MEDIUM
2018-10-19,0.9999109490056856,8.905099431434258e-05,0.0,0.06455094724010214,MEDIUM
2018-10-22,0.999999999926482,7.351782680225158e-11,0.0,0.09683428800433126,HIGH
2018-10-23,0.9999726736297574,2.732637024264572e-05,0.0,0.12910916518985657,HIGH
2018-10-24,0.9999999647793018,3.5222372118512465e-08,0.0,0.16139047483216407,HIGH
2018-10-25,0.9998094757643884,0.0001905242764876,0.0,0.19363491228483762,HIGH
2018-10-26,0.571399014823429,0.4286025153779876,0.0,0.019338023628414407,LOW
2018-10-29,0.9896998583357244,0.0114893825768446,0.0,0.031974537793382794,LOW
2018-10-30,0.3169251521507451,0.7369963158084274,0.0,0.011581452612869962,LOW
2018-10-31,0.9973385662026084,0.005274019172401,0.0,0.03219970624370549,MEDIUM
2018-11-01,0.9999891570608724,1.1078663169559687e-05,0.0,0.06455555340292769,MEDIUM
2018-11-02,0.4121510736380991,0.5878884695505753,0.0,0.014470784888447247,LOW
2018-11-05,0.6995198831523671,0.3429086197600715,0.0,0.04650825005416262,MEDIUM
2018-11-06,0.8813641437578974,0.1415375621348714,0.0,0.028753939242856293,LOW
2018-11-07,1.0,0.0,0.0,0.06455619200721742,MEDIUM
2018-11-09,0.9460289410821884,0.0539710589178115,0.0,0.09204676892950804,HIGH
2018-11-12,0.9997232618705272,0.0002767510076671,0.0,0.12907978588129582,HIGH
2018-11-13,0.9999636432933332,3.6359044872707264e-05,0.0,0.16138512685818332,HIGH
2018-11-14,0.9973625587041454,0.0026374800279684,0.0,0.1932024783694121,HIGH
2018-11-15,0.0725509759702277,0.9277771440764347,0.0,0.004313385241452406,LOW
2018-11-16,0.0072992157116199,1.0871471434611428,0.0,0.004835164470343767,LOW
2018-11-19,0.947282436772004,0.1110287427624177,0.0,0.030719464833821056,LOW
2018-11-20,0.8630746216715426,0.1486103868396598,0.0,0.056411110026656844,MEDIUM
2018-11-21,0.5808255505996645,0.5879319756562535,0.0,0.019626585542144304,LOW
2018-11-22,0.337527303615843,0.8157747035392262,0.0,0.024408946199973337,LOW
2018-11-26,0.5155204111822199,0.7906902160077021,0.0,0.052882926835022145,MEDIUM
2018-11-27,0.004090912640679,1.9534812868976823,0.0,0.009299590915529354,LOW
2018-11-28,0.0028988765720552,3.4759147624466107,0.0,0.011452368763210232,LOW
2018-11-29,0.9131645922277823,0.3947894449398102,0.0,0.02970435726085635,LOW
2018-11-30,0.0651784880331472,1.4248879293286345,0.0,0.004098167823246006,LOW
2018-12-03,0.9506704576099844,0.1009433849751217,0.0,0.030820000482853452,LOW
2018-12-04,0.0021713030991416,1.3416322448854388,0.0,0.002269466047790421,LOW
2018-12-05,0.0023904987376148,3.042616464098172,0.0,0.004551589514180974,LOW
2018-12-06,0.9218978162143318,0.312076776541644,0.0,0.029964657606193726,LOW
2018-12-07,0.03594487043477,1.6288330671647069,0.0,0.003247328542430074,LOW
2018-12-10,1.0,0.0,0.0,0.03227809600360871,MEDIUM
2018-12-11,1.0,0.0,0.0,0.06455619200721742,MEDIUM
2018-12-12,0.999742333917596,0.000257666082404,0.0,0.09681152437620762,HIGH
2018-12-13,0.9999989586930472,1.0413207887170097e-06,0.0,0.12911226135717824,HIGH
2018-12-14,0.2744095583077536,0.7255978303486063,0.0,0.010300064805676842,LOW
2018-12-17,0.9910922787782164,0.0115296749982068,0.0,0.03201560223179099,LOW
2018-12-18,0.9960201190845598,0.004007214656267,0.0,0.06432172168862547,MEDIUM
2018-12-19,0.0479761245497799,0.966277638236589,0.0,0.0035970015570790832,LOW
2018-12-20,1.0,0.0,0.0,0.03227809600360871,MEDIUM
2018-12-21,0.9999999391780292,6.082197101520137e-08,0.0,0.06455618842505777,MEDIUM
2018-12-24,0.9999999948391586,5.160841435208346e-09,0.0,0.09683428755489817,HIGH
2018-12-26,0.9999938426315674,6.157368432546462e-06,0.0,0.12911165872760533,HIGH
2018-12-27,0.9999999999969392,3.060854879084316e-12,0.0,0.16139048001759287,HIGH
2018-12-28,0.7797459010800717,0.2202540990731581,0.0,0.025692382983039348,LOW
2018-12-31,0.9999999936464858,1.2552075924627905e-08,0.0,0.032278095816511004,MEDIUM
2019-01-02,0.9991874736743293,0.000812526332019,0.0,0.06450833460249021,MEDIUM
2019-01-03,0.9999959842176506,4.016989841286897e-06,0.0,0.09683393324154464,HIGH
2019-01-04,0.998554047233814,0.0014459582194227,0.0,0.12894204385837987,HIGH
2019-01-07,0.9999996466639712,3.548309777459256e-07,0.0,0.1613904279930072,HIGH
2019-01-08,0.9216060973146468,0.0783948263623417,0.0,0.17973580652286542,HIGH
2019-01-09,0.9999998347606114,2.9031806987770735e-07,0.0,0.22594663796357994,HIGH
2019-01-10,0.0566863718699339,0.9433257175090934,0.0,0.003850585943501471,LOW
2019-01-11,0.4862645702170365,0.8778924816790439,0.0,0.03346562586853108,MEDIUM
2019-01-14,0.430737055646089,0.5859190455058142,0.0,0.045111610321070306,MEDIUM
2019-01-15,0.9989850668346884,0.0016964949003205,0.0,0.032248206002023785,MEDIUM
2019-01-16,0.0045018347457131,1.0089960127509014,0.0,0.0023367660553396596,LOW
2019-01-17,0.97429586160207,0.0523840756149665,0.0,0.031519672301087785,LOW
2019-01-18,0.3308557868654885,0.6758092889239394,0.0,0.01200258250264464,LOW
2019-01-21,0.0103331475982252,1.4491914489415303,0.0,0.005010550308617321,LOW
2019-01-22,0.0734496073830964,2.179488408877,0.0,0.013018906934130343,LOW
2019-01-23,0.2954500378605111,2.257668745902809,0.0,0.0437338081347353,MEDIUM
2019-01-24,0.003918568396694,2.9288077292527337,0.0,0.01159960147294162,LOW
2019-01-25,0.0934307702903784,2.3705005728878934,0.0,0.029545786557126582,LOW
2019-01-28,0.7474424077664382,0.7334413269455785,0.0,0.17298729989709774,HIGH
2019-01-29,0.0112735566932629,2.216026698379524,0.0,0.020259726586760524,LOW
2019-01-30,0.9564039037450646,0.1345861172498615,0.0,0.030990021323759855,LOW
2019-01-31,0.94147766591394,0.0605084403935606,0.0,0.06109420149806655,MEDIUM
2019-02-01,0.2334458458831754,0.8607681232865272,0.0,0.009071503182348267,LOW
2019-02-04,0.0107480013895253,1.4588832202843829,0.0,0.005034539137550906,LOW
2019-02-05,0.0020440378428787,2.1073517141379523,0.0,0.006797375094484882,LOW
2019-02-06,0.4391901381021744,2.0023746566795224,0.0,0.0611801084119868,MEDIUM
2019-02-07,0.0021880494510986,2.2329671927121177,0.0,0.011349747736741701,LOW
2019-02-08,0.0022597149255128,4.10805370338809,0.0,0.01363211210093935,LOW
2019-02-11,0.002012775037961,4.903391386754262,0.0,0.015854223724073982,LOW
2019-02-12,0.0020142055104242,5.76072679521126,0.0,0.01811944322234991,LOW
2019-02-14,0.0020090506043556,6.4667619742340765,0.0,0.020383034173952704,LOW
2019-02-15,0.8854174001711594,0.9113198669874282,0.0,0.028875298828336945,LOW
2019-02-18,0.1296563913641455,2.205395045257607,0.0,0.005989011553640788,LOW
2019-02-19,0.1222974651140849,3.102932305528525,0.0,0.011544474047737317,LOW
2019-02-20,0.0053635703874453,5.828680654037285,0.0,0.007084972541584953,LOW
2019-02-21,0.0020849527897561,9.310128636546663,0.0,0.009067891875854403,LOW
2019-02-22,0.0020439519637118,11.30783976867358,0.0,0.01132894609360231,LOW
2019-02-25,0.0048286808074439,12.820806627078356,0.0,0.014077239995466891,LOW
2019-02-26,0.9999900404045948,0.0001307184211868,0.0,0.0322778027141306,MEDIUM
2019-02-27,0.9766847971429978,0.0233170071896043,0.0,0.06318056930228877,MEDIUM
2019-02-28,0.9999999998106348,2.07679302963941e-10,0.0,0.0968342879940969,HIGH
2019-03-01,0.9762174903225512,0.0237825097136229,0.0,0.12630589580409177,HIGH
2019-03-05,0.9336058596926308,0.0664414477576329,0.0,0.1515656534058663,HIGH
2019-03-06,0.2173642692222608,0.9630341417781848,0.0,0.008590948212555636,LOW
2019-03-07,0.4309869492250464,0.8986092527887797,0.0,0.03008964704367935,LOW
2019-03-08,0.0051794309514744,1.5654009952747203,0.0,0.007069014889017653,LOW
2019-03-11,0.9771786487958952,0.0571942011755375,0.0,0.031604878797918616,LOW
2019-03-12,0.789823027678125,0.2218666171517156,0.0,0.05199495536930723,MEDIUM
2019-03-13,0.7722691931156939,0.2705986119274193,0.0,0.025465830959168458,LOW
2019-03-14,0.999764446623306,0.0003199522557405,0.0,0.032271159323143,MEDIUM
2019-03-15,0.67400067522935,0.326763967002541,0.0,0.022475687068947075,LOW
2019-03-18,0.8290506172822556,0.1791715503286023,0.0,0.027182172034380243,LOW
2019-03-19,0.3317452810378192,0.7916057281441584,0.0,0.012029492371267023,LOW
2019-03-20,0.3185760972104801,1.164455413250188,0.0,0.023262660447596232,LOW
2019-03-22,0.9133796055503312,0.2213973028755662,0.0,0.0297107696342234,LOW
2019-03-25,0.0438638006789586,1.356335624418444,0.0,0.003477404088888577,LOW
2019-03-26,0.5937470681164925,0.9646215198912388,0.0,0.040044187478635855,MEDIUM
2019-03-27,0.9845118186425484,0.0321148142687499,0.0,0.03182145840345902,LOW
2019-03-28,0.1805982327220839,0.8589973867192563,0.0,0.00749623933517116,LOW
2019-04-01,0.9543030367274306,0.0883556041544261,0.0,0.0309277382492361,LOW
2019-04-02,0.0737764561100139,0.9506067409531778,0.0,0.00434918434402196,LOW
2019-04-03,0.0064566578156279,1.8673288201699596,0.0,0.004786473599106765,LOW
2019-04-04,0.0023088073401631,2.5436100843889005,0.0,0.006820308303823055,LOW
2019-04-05,0.0020081132080837,2.811133860995961,0.0,0.00905901804486998,LOW
2019-04-08,0.1356522118868399,2.962390413709177,0.0,0.030829069191576866,LOW
2019-04-09,0.0020245587138285,3.86085121195666,0.0,0.013591375870542764,LOW
2019-04-10,0.0020001076532521,4.799104865056951,0.0,0.01585166367524012,LOW
2019-04-11,0.0020009406510613,5.696649749185164,0.0,0.018116379453694605,LOW
2019-04-12,0.0020006404729427,6.314842572048452,0.0,0.02038084888724268,LOW
2019-04-15,0.0020001825877385,6.622302926923373,0.0,0.02264525545615519,LOW
2019-04-16,0.0020015256896778,7.181221036584424,0.0,0.02491020754642531,LOW
2019-04-18,0.999999171492592,7.441458794351966e-06,0.0,0.03227807160579695,MEDIUM
2019-04-22,0.9874280652314188,0.0125719500154032,0.0,0.06381504134633997,MEDIUM
2019-04-23,0.002047901248669,0.9982366693205584,0.0,0.002265903239655028,LOW
2019-04-24,0.0353766604311874,1.9151239918922696,0.0,0.006461662835657189,LOW
2019-04-25,0.005834766041125,1.4867234736626522,0.0,0.007125808928752564,LOW
2019-04-26,0.0023403511458414,2.2846924819871863,0.0,0.009097387416244837,LOW
2019-04-30,0.1056792789468356,2.7563269288422627,0.0,0.02641809732827351,LOW
2019-05-02,0.0028802099107992,3.783952981546199,0.0,0.013739608475316651,LOW
2019-05-03,0.0021167616101466,4.81981820653571,0.0,0.015875239372770248,LOW
2019-05-06,0.9999994616105544,2.946373161238931e-06,0.0,0.032278080149165014,MEDIUM
2019-05-07,0.9999988291662684,1.1708337316480392e-06,0.0,0.0645561230500024,MEDIUM
2019-05-08,0.9692957528571392,0.0307042562395011,0.0,0.09411539073606891,HIGH
2019-05-09,0.0068928537408495,0.9937503803085876,0.0,0.0024058401097421184,LOW
2019-05-10,0.0027370602276025,1.812915346586766,0.0,0.00457160260369919,LOW
2019-05-13,0.0241957190980588,2.073378044578007,0.0,0.008719576507258927,LOW
2019-05-14,0.3261620863094509,1.9238584626433133,0.0,0.047442493422458376,MEDIUM
2019-05-15,0.9994863615299971,0.0010052845263418,0.0,0.032262969824911225,MEDIUM
2019-05-16,0.0079504477516594,1.0161861033230637,0.0,0.002436401725854539,LOW
2019-05-17,0.98553797497092,0.0289509255601619,0.0,0.0318517459767214,LOW
2019-05-20,0.9999999231885882,8.393351903859764e-08,0.0,0.06455618748334656,MEDIUM
2019-05-21,0.9972312753526764,0.0027687258680442,0.0,0.09658963628643502,HIGH
2019-05-22,0.0167326629548809,0.9832976033540158,0.0,0.0026903929923718234,LOW
2019-05-23,0.9999999254932732,1.489368646292247e-07,0.0,0.032278093809541435,MEDIUM
2019-05-24,0.999731117135505,0.0002688829090187,0.0,0.0645403556023931,MEDIUM
2019-05-27,0.8123878649946303,0.1876138414065508,0.0,0.08003863318182006,HIGH
2019-05-28,0.9994192153367664,0.0006409100855935,0.0,0.12904396937130144,HIGH
2019-05-29,0.1596430286511201,0.8430324262761001,0.0,0.006874852793503277,LOW
2019-05-30,0.7646136514692886,0.3685441163639641,0.0,0.05046740000291055,MEDIUM
2019-05-31,0.9998323661300288,0.0002300936935718,0.0,0.03227315947284539,MEDIUM
2019-06-03,0.9737968065449932,0.026208374556437,0.0,0.06300983599195877,MEDIUM
2019-06-04,0.4673550603985352,0.5350768215628269,0.0,0.016154901207405117,LOW
2019-06-06,0.999999998454996,2.911434278185578e-09,0.0,0.032278095958111576,MEDIUM
2019-06-07,0.9888289074420152,0.0111710984848944,0.0,0.06389769556971213,MEDIUM
2019-06-10,0.9976820803669386,0.0023182981137608,0.0,0.09662947771268997,HIGH
2019-06-11,0.5371418829967672,0.4646445299353463,0.0,0.01828934350409347,LOW
2019-06-12,0.0544123292815805,1.0423193920734877,0.0,0.007568692089733624,LOW
2019-06-13,0.7586202292334083,0.4818681263529912,0.0,0.07515557388382448,HIGH
2019-06-14,0.7627311322734303,0.3526326744847811,0.0,0.10070637643572129,HIGH
2019-06-17,0.999999990513703,1.3302520923994431e-08,0.0,0.032278095724257105,MEDIUM
2019-06-18,0.5919893163609752,0.4080145127133768,0.0,0.01996829533480729,LOW
2019-06-19,0.9871908340957576,0.0142069630759279,0.0,0.031900521097219546,LOW
2019-06-20,0.9999991928074464,8.203319525821449e-07,0.0,0.06455614446694982,MEDIUM
2019-06-21,0.982058342484124,0.0179416718736141,0.0,0.09524707072948847,HIGH
2019-06-24,0.0022871386233527,0.997880569055022,0.0,0.002272810471115065,LOW
2019-06-25,0.1163900295936362,1.7613283144750862,0.0,0.011196796106846343,LOW
2019-06-26,0.1340151537622689,1.9068099331266293,0.0,0.018352574559165835,LOW
2019-06-27,0.0028006560060698,2.2210350368447376,0.0,0.00915055046537461,LOW
2019-06-28,0.0514283899112842,2.512717750205189,0.0,0.018487325986595592,LOW
2019-07-01,0.0187232555467526,2.963794940462786,0.0,0.01648808946441571,LOW
2019-07-02,0.039013835094923,3.617883631545244,0.0,0.023355206897162917,LOW
2019-07-03,0.0022292905761398,4.369915182033901,0.0,0.018169122113218368,LOW
2019-07-04,0.0020403903850693,5.555267915712055,0.0,0.020391177522874174,LOW
2019-07-05,0.9994744013595096,0.0033298282568018,0.0,0.03226261759463624,MEDIUM
2019-07-08,0.9996697342055044,0.0003303927429923,0.0,0.06453674023728376,MEDIUM
2019-07-09,0.4432121389738433,0.5569270343420551,0.0,0.01541774331110332,LOW
2019-07-10,0.1871573308042083,0.8918309946362881,0.0,0.015382247385665578,LOW
2019-07-11,0.9938318694635908,0.0122838126027873,0.0,0.032096371071762164,MEDIUM
2019-07-12,0.0153226995744207,1.0853860131734674,0.0,0.00264959019298297,LOW
2019-07-15,0.9999751720595258,4.988265652176637e-05,0.0,0.03227736487129136,MEDIUM
2019-07-16,0.0070921529059436,0.9935000193153593,0.0,0.002411598904598468,LOW
2019-07-17,0.0029339708651903,1.3707200529492751,0.0,0.004582974235837387,LOW
2019-07-18,0.3476781767602642,1.3418300846267222,0.0,0.03753570824754066,MEDIUM
2019-07-19,0.9999995644287888,1.5560911042536802e-06,0.0,0.032278083176947185,MEDIUM
2019-07-22,0.1225259105911116,0.8775041711844083,0.0,0.005778962721563877,LOW
2019-07-23,0.1678942879547841,0.859173986866654,0.0,0.014238602944773835,LOW
2019-07-24,0.3168680817208621,1.190393527283862,0.0,0.034739185738063234,MEDIUM
2019-07-25,0.6386578280163028,0.688788436741535,0.0,0.0855838691257938,HIGH
2019-07-26,0.034133444895234,1.8004857512427814,0.0,0.015973709655867984,LOW
2019-07-29,0.9972557663583826,0.0065862947521849,0.0,0.03219726694448023,MEDIUM
2019-07-30,0.989713168810908,0.0103237527855625,0.0,0.0639498607587891,MEDIUM
2019-07-31,0.9990623937295702,0.0009512365030832,0.0,0.09675145038202901,HIGH
2019-08-01,0.9974215334077828,0.002580425762038,0.0,0.12880860176881992,HIGH
2019-08-02,0.9810444244911524,0.0189922461116791,0.0,0.15859540732095537,HIGH
2019-08-05,0.9839349417748176,0.0167865955815073,0.0,0.1908265769433217,HIGH
2019-08-06,0.9996041715751456,0.0004093509356105,0.0,0.22586507529619915,HIGH
2019-08-07,0.8822760046534669,0.1178607379321874,0.0,0.23024997596836166,HIGH
2019-08-08,0.9051048737005506,0.1063892633545571,0.0,0.2651747065548222,HIGH
2019-08-09,0.6612998290031087,0.4246252492751785,0.0,0.022087870049432076,LOW
2019-08-13,0.9999998644100389,2.2647585272440506e-07,0.0,0.03227809201076792,MEDIUM
2019-08-14,0.9967540046800112,0.0032460029528956,0.0,0.0643649685682199,MEDIUM
2019-08-16,0.9971471997973038,0.0028536977262591,0.0,0.09658220551713213,HIGH
2019-08-19,0.0536806441813198,0.9483950956845484,0.0,0.003763038254420151,LOW
2019-08-20,0.0020787057756956,1.3899981853179335,0.0,0.004533585217099013,LOW
2019-08-21,0.0302978738112286,2.011056089463932,0.0,0.009250336209444664,LOW
2019-08-22,0.7708323131344099,0.657179612129011,0.0,0.10168909661487704,HIGH
2019-08-23,0.0748422408662626,1.7592926566297111,0.0,0.02190162071487151,LOW
2019-08-26,0.99999985881797,3.119339890526495e-07,0.0,0.03227809184609319,MEDIUM
2019-08-27,0.4495324981597029,0.5504766633824448,0.0,0.01561063856009424,LOW
2019-08-28,0.0273085529916112,0.9754544837477108,0.0,0.005993507103897769,LOW
2019-08-29,0.0039413554801093,1.9386679662446973,0.0,0.006961735184494836,LOW
2019-08-30,0.9482726403732988,0.1524154855841011,0.0,0.030748853089346113,LOW
2019-09-03,0.9517038782782932,0.0568240524343199,0.0,0.061701312483268,MEDIUM
2019-09-04,0.0098957519832833,1.0735098686898965,0.0,0.0024926299031177226,LOW
2019-09-05,0.0546041077087298,1.991740966924976,0.0,0.007579862697373718,LOW
2019-09-06,0.0130785599008758,2.3484480989903367,0.0,0.007754001153258861,LOW
2019-09-09,0.0778823546390263,2.7464001941682232,0.0,0.017876715118445446,LOW
2019-09-11,0.0129066185027147,3.1947400196347835,0.0,0.012898468881395715,LOW
2019-09-12,0.8922669347408196,0.4458038750751958,0.0,0.029080238296836744,LOW
2019-09-13,0.4468899207282558,0.6447036381251715,0.0,0.015529980221350754,LOW
2019-09-16,0.9999957140130818,7.85062538353074e-06,0.0,0.032277969790217076,MEDIUM
2019-09-17,0.9999969582950228,3.041704977358393e-06,0.0,0.06455601286347669,MEDIUM
2019-09-18,0.9998428515653656,0.0001571489709167,0.0,0.09682040476419305,HIGH
2019-09-19,0.99833400181241,0.001666187436048,0.0,0.12891611812174494,HIGH
2019-09-20,0.9999999994164402,5.835597580622318e-10,0.0,0.16139047993212047,HIGH
2019-09-23,1.0,0.0,0.0,0.19366857602165224,HIGH
2019-09-24,0.9996756870102868,0.0003243129897132,0.0,0.22587981797608486,HIGH
2019-09-25,0.999988648351922,1.1351659466681082e-05,0.0,0.258222093768189,HIGH
2019-09-26,0.964269724364584,0.0357310738647096,0.0,0.28100739572744593,HIGH
2019-09-27,0.6508719213913793,0.3509685357180435,0.0,0.021769288675785835,LOW
2019-09-30,0.9987445117667084,0.0018774648601996,0.0,0.03224112091654437,MEDIUM
2019-10-01,0.9999978939917028,2.1126564649009493e-06,0.0,0.0645560679721187,MEDIUM
2019-10-03,0.9968065183564112,0.0031936177996558,0.0,0.0965520944106419,HIGH
2019-10-04,0.9999999999984556,1.5444675354185593e-12,0.0,0.12911238401425293,HIGH
2019-10-07,0.9978249530048516,0.002175047001366,0.0,0.16107017331725654,HIGH
2019-10-09,0.9999808684443966,1.9132039834550872e-05,0.0,0.193665195710883,HIGH
2019-10-10,0.8971243682238255,0.1028932592226592,0.0,0.2045782391061807,HIGH
2019-10-11,0.999968085616799,4.395971754430816e-05,0.0,0.2582172495156864,HIGH
2019-10-14,0.9974772857908566,0.0025227492528174,0.0,0.28983413591579615,HIGH
2019-10-15,0.9452598071152248,0.0547950447224284,0.0,0.3065942215946267,HIGH
2019-10-16,0.9998265827515096,0.0001897787654314,0.0,0.3550028807595371,HIGH
2019-10-17,0.999739052440722,0.0002610307254303,0.0,0.38724493786681335,HIGH
2019-10-18,0.9801905025987986,0.0198107561076432,0.0,0.4120201884773283,HIGH
2019-10-22,0.9923439435267798,0.0077506585714639,0.0,0.44873511370999003,HIGH
2019-10-23,0.9902614758109598,0.0098247679309919,0.0,0.4798665260213746,HIGH
2019-10-24,0.9995253036701024,0.0004866447049575,0.0,0.5162258668324017,HIGH
2019-10-25,0.9992968179690932,0.0007031828071465,0.0,0.5483755898618934,HIGH
2019-10-29,0.61524811423963,0.3850528431507268,0.0,0.020680027336983903,LOW
2019-10-30,0.9999997220465704,5.072355455731516e-07,0.0,0.03227808781846142,MEDIUM
2019-10-31,0.0653056501479912,0.9347230887852284,0.0,0.004101877752372404,LOW
2019-11-01,0.0061247329710904,1.0007103880797816,0.0,0.004767293765130173,LOW
2019-11-04,0.0279891128234191,1.9364597341485164,0.0,0.009049459070232024,LOW
2019-11-05,0.5554123469469094,1.3256449197144518,0.0,0.07539449721530866,HIGH
2019-11-06,0.0735588323137553,2.009100992393663,0.0,0.021714132663407357,LOW
2019-11-07,0.9961675765762216,0.0091761422430683,0.0,0.032165205775035656,MEDIUM
2019-11-08,0.0025541433831525,1.2116258382616925,0.0,0.0022805197262649435,LOW
2019-11-11,0.0021455631526281,3.523741875615606,0.0,0.004537445776834463,LOW
2019-11-13,0.0020240651066792,4.370135405083872,0.0,0.0067956451822071716,LOW
2019-11-14,0.0020870983722119,4.614916417905953,0.0,0.009068139660417583,LOW
2019-11-15,0.0025033764556535,5.054400249958379,0.0,0.011395269505556823,LOW
2019-11-18,0.002009650346496,4.982087624566945,0.0,0.013588793340624832,LOW
2019-11-19,0.0021536586574265,5.44205503521445,0.0,0.01588269634079723,LOW
2019-11-20,0.5646990290430403,2.712061316419368,0.0,0.15306334416819323,HIGH
2019-11-21,0.4123910854784174,0.8014000813866843,0.0,0.130302855623566,HIGH
2019-11-22,0.00200481129328,5.3025368176894565,0.0,0.022646591813225765,LOW
2019-11-25,0.997471159801114,0.0070878663320742,0.0,0.03220361241162822,MEDIUM
2019-11-26,0.0135998343878176,1.0228081253577803,0.0,0.0025997453942773617,LOW
2019-11-27,0.0020001737524665,3.9395152349398974,0.0,0.0045290505810636275,LOW
2019-11-28,0.0021212344535072,8.853369817232142,0.0,0.006804061431865659,LOW
2019-11-29,0.0020054166983585,10.1675996938217,0.0,0.00905870664010386,LOW
2019-12-02,0.9999351151888528,0.0004333115897337,0.0,0.03227618527206053,MEDIUM
2019-12-03,0.0024679980858103,1.0882728405674498,0.0,0.002278032406756493,LOW
2019-12-04,0.0020800244404967,5.803359819658567,0.0,0.004533661360622617,LOW
2019-12-05,0.002478980641481,7.013813773800594,0.0,0.006835048529986905,LOW
2019-12-06,0.1228004219602533,6.065413379419541,0.0,0.02314817986652808,LOW
2019-12-09,0.0020184435752384,7.402857233077082,0.0,0.011325263802833122,LOW
2019-12-10,0.1217451864608624,6.810062427868409,0.0,0.03453586972416707,MEDIUM
2019-12-11,0.0020018811829383,8.928730458744056,0.0,0.015852022101115835,LOW
2019-12-12,0.0020016184942996,12.251019792131103,0.0,0.01811653601416901,LOW
2019-12-13,0.0027408775474024,15.9596080961488,0.0,0.020573203730305776,LOW
2019-12-16,0.9995335859530018,0.0071732498894897,0.0,0.03226436059066181,MEDIUM
2019-12-17,0.0020752984885882,3.0431528323162724,0.0,0.0022666942352770627,LOW
2019-12-18,0.0020179303765607,21.197771049833477,0.0,0.004530075887859756,LOW
2019-12-19,0.0020031448672628,24.081769507987996,0.0,0.006793833209397909,LOW
2019-12-20,0.0020050443894561,25.86915552860558,0.0,0.009058663644250457,LOW
2019-12-23,0.0696072122349577,25.565771686994715,0.0,0.02113710061631481,LOW
2019-12-24,0.002411804011429,26.152737529346645,0.0,0.013658459426298161,LOW
2019-12-26,0.1049278534537938,20.660614444439418,0.0,0.036830889543453336,MEDIUM
2019-12-27,0.002951109828357,23.623830325267924,0.0,0.01833585612979284,LOW
2019-12-30,0.0144018004177394,22.496782250952027,0.0,0.02360651005906569,LOW
2019-12-31,0.0053864454146218,20.826094768914334,0.0,0.023623183139493048,LOW
2020-01-01,0.0024615681867833,24.613463561842025,0.0,0.02505631429690608,LOW
2020-01-02,0.0071878562233858,22.895992932544097,0.0,0.028972372105135855,LOW
2020-01-03,0.0020020579293674,31.266257965987165,0.0,0.02943953595352555,LOW
2020-01-06,0.794697477588418,6.06517470953777,0.0,0.02614494925182618,LOW
2020-01-07,0.4355839922257286,1.7198493796580028,0.0,0.01518502241165694,LOW
2020-01-08,0.9999999976798838,4.019408398314555e-09,0.0,0.03227809593528614,MEDIUM
2020-01-09,0.9999999786806728,2.1319327081107645e-08,0.0,0.06455619075159823,MEDIUM
2020-01-10,0.9088315036332196,0.0911684966770428,0.0,0.08872527301668624,HIGH
2020-01-13,0.0683579022385669,0.9319041761781433,0.0,0.004190949604068269,LOW
2020-01-14,0.0028106298608428,1.6696634410663127,0.0,0.004575851222084276,LOW
2020-01-15,0.4252359408599825,1.4153359711157298,0.0,0.04460845545313501,MEDIUM
2020-01-16,0.0177228789168158,2.059731798469256,0.0,0.010876217996655863,LOW
2020-01-17,0.68467855874602,0.8848862543358,0.0,0.11400770414227347,HIGH
2020-01-20,1.0,0.0,0.0,0.03227809600360871,MEDIUM
2020-01-21,0.1175273666211448,0.8824726333788552,0.0,0.005631854236095505,LOW
2020-01-22,0.9999983096412868,2.7645847380591594e-06,0.0,0.03227804622607379,MEDIUM
2020-01-23,0.018709017180416,0.981435401440082,0.0,0.0027476026831401725,LOW
2020-01-24,0.2274943381639299,1.0498384632275148,0.0,0.017787078405251126,LOW
2020-01-27,0.5206113545428541,0.7933245442942504,0.0,0.053350268052372966,MEDIUM
2020-01-28,0.993342072216742,0.0092086448831832,0.0,0.032081933318322355,MEDIUM
2020-01-29,0.9411565739266876,0.059576259270869,0.0,0.06107512441767045,MEDIUM
2020-01-30,0.9992937782923698,0.0007666465831995,0.0,0.09677189435120986,HIGH
2020-01-31,0.9999999977574654,2.2425346200215315e-09,0.0,0.12911238375028303,HIGH
2020-02-03,1.0,0.0,0.0,0.16139048001804354,HIGH
2020-02-04,0.9999999999807686,1.9231394254859427e-11,0.0,0.1936685760182543,HIGH
2020-02-05,0.9955447762136792,0.0044552237863206,0.0,0.22502797720974,HIGH
2020-02-06,0.9415586020863104,0.058441978812961,0.0,0.24439604012519808,HIGH
2020-02-07,0.9760451962352418,0.024257777852193,0.0,0.2841424358260072,HIGH
2020-02-10,0.9649547412690408,0.0359518752870187,0.0,0.31243324610238105,HIGH
2020-02-11,0.9999920071053708,8.567960682299e-06,0.0,0.35505646692378595,HIGH
2020-02-12,0.1570353592741145,0.8431621018660778,0.0,0.006797660817356047,LOW
2020-02-13,0.8920508411119522,0.1559614214581027,0.0,0.029073775519293705,LOW
2020-02-14,0.9046156989327162,0.0995273777616988,0.0,0.05889850192071125,MEDIUM
2020-02-17,0.9558739597437552,0.0491034932586012,0.0,0.09292293663597452,HIGH
2020-02-18,0.948872333832609,0.0519286778459196,0.0,0.12306659739651976,HIGH
2020-02-19,0.9999985954745366,1.4308069694070346e-06,0.0,0.1613902732163357,HIGH
2020-02-20,0.0098556274692176,0.9903881665911408,0.0,0.0024914699365368724,LOW
2020-02-24,0.9999914571359592,1.7085671631497684e-05,0.0,0.03227784443396558,MEDIUM
2020-02-25,0.9999826808684358,1.7319366120259362e-05,0.0,0.06455517198145551,MEDIUM
2020-02-26,0.5081376671722132,0.4918688547275046,0.0,0.01740176450817883,LOW
2020-02-27,0.9842752239339564,0.0212680861558723,0.0,0.03181447450986109,LOW
2020-02-28,0.9999999999838396,2.0180782557393495e-11,0.0,0.06455619200626564,MEDIUM
2020-03-02,0.9999999999975024,2.4976687384954564e-12,0.0,0.09683428801060548,HIGH
2020-03-03,0.9999794494224524,2.055057754757021e-05,0.0,0.1291099633244971,HIGH
2020-03-04,0.9999997779664348,2.220373010382187e-07,0.0,0.16139044732592261,HIGH
2020-03-05,0.9994571085325104,0.0005428918591294,0.0,0.19357264989015457,HIGH
2020-03-06,1.0,0.0,0.0,0.22594667202526095,HIGH
2020-03-09,0.999999996834298,3.1657020338471394e-09,0.0,0.25822476728308325,HIGH
2020-03-11,1.0,0.0,0.0,0.2905028640324784,HIGH
2020-03-12,1.0,0.0,0.0,0.3227809600360871,HIGH
2020-03-13,1.0,0.0,0.0,0.35505905603969584,HIGH
2020-03-16,1.0,0.0,0.0,0.3873371520433045,HIGH
2020-03-17,1.0,0.0,0.0,0.41961524804691325,HIGH
2020-03-18,1.0,0.0,0.0,0.4518933440505219,HIGH
2020-03-19,1.0,0.0,0.0,0.4841714400541306,HIGH
2020-03-20,1.0,0.0,0.0,0.5164495360577394,HIGH
2020-03-23,1.0,0.0,0.0,0.548727632061348,HIGH
2020-03-24,1.0,0.0,0.0,0.5810057280649568,HIGH
2020-03-25,1.0,0.0,0.0,0.6132838240685654,HIGH
2020-03-26,1.0,0.0,0.0,0.6455619200721742,HIGH
2020-03-27,1.0,0.0,0.0,0.6455619200721742,HIGH
2020-03-30,1.0,0.0,0.0,0.6455619200721742,HIGH
2020-03-31,1.0,0.0,0.0,0.6455619200721742,HIGH
2020-04-01,1.0,0.0,0.0,0.6455619200721742,HIGH
2020-04-03,1.0,0.0,0.0,0.6455619200721742,HIGH
2020-04-07,1.0,0.0,0.0,0.6455619200721742,HIGH
2020-04-08,0.9999999982377942,1.7622058257060753e-09,0.0,0.6455619190343087,HIGH
2020-04-09,0.9999999994345198,5.654802177041686e-10,0.0,0.64556191973913,HIGH
2020-04-13,0.9996194904031838,0.0003805095968162,0.0,0.6453378092504726,HIGH
2020-04-15,0.9999999999866056,1.5241287322958085e-11,0.0,0.6455619200642855,HIGH
2020-04-16,0.9999998608982298,1.391017702072258e-07,0.0,0.6455618381470497,HIGH
2020-04-17,1.0,0.0,0.0,0.6455619200721742,HIGH
2020-04-20,0.9999999999949828,5.017208870583545e-12,0.0,0.6455619200692193,HIGH
2020-04-21,1.0,0.0,0.0,0.6455619200721742,HIGH
2020-04-22,0.9998557940200437,0.0001442059799563,0.0,0.6454769878364518,HIGH
2020-04-23,0.9995530865693156,0.0004469134426967,0.0,0.6452986976706907,HIGH
2020-04-24,0.9999999999981086,1.8914090114049213e-12,0.0,0.6455619200710603,HIGH
2020-04-27,0.9999913828533186,8.617146681482562e-06,0.0,0.6455568449298857,HIGH
2020-04-28,0.9999999989377694,1.0622306868241103e-09,0.0,0.6455619194465647,HIGH
2020-04-29,0.9994821372214144,0.0005178627987687,0.0,0.6452569083589685,HIGH
2020-04-30,0.9999999999721116,3.0723848687564936e-11,0.0,0.6455619200557491,HIGH
2020-05-04,1.0,0.0,0.0,0.6455619200721742,HIGH
2020-05-05,0.9999999999933268,6.673328556416892e-12,0.0,0.6455619200682439,HIGH
2020-05-06,0.9995348434158026,0.0004651565841974,0.0,0.6452879524595111,HIGH
2020-05-07,0.9701521912091392,0.0298478148851098,0.0,0.6279426685329538,HIGH
2020-05-08,1.0,0.0,0.0,0.6455619200721742,HIGH
2020-05-11,0.9999930332077692,6.966792230667096e-06,0.0,0.6455578169207873,HIGH
2020-05-12,0.9993525218182848,0.000647478181715,0.0,0.6451805634378812,HIGH
2020-05-13,1.0,0.0,0.0,0.6455619200721742,HIGH
2020-05-14,0.9999999985454489,1.4545512572183839e-09,0.0,0.6455619192155044,HIGH
2020-05-15,0.9999658182845302,3.418171546975948e-05,0.0,0.6455417884185415,HIGH
2020-05-18,1.0,0.0,0.0,0.6455619200721742,HIGH
2020-05-19,0.9999998152312952,1.847687047806801e-07,0.0,0.645561811251135,HIGH
2020-05-20,0.9997612644143532,0.0002387355856465,0.0,0.645421312206243,HIGH
2020-05-21,0.9609592681797936,0.0390410830687585,0.0,0.6225001106394668,HIGH
2020-05-22,0.9979708862868762,0.0021053471112084,0.0,0.6443666697560381,HIGH
2020-05-26,0.9985765099098128,0.0014244115384488,0.0,0.6447234517992053,HIGH
2020-05-27,0.9998841518692012,0.0001159550577412,0.0,0.6454936897588287,HIGH
2020-05-28,0.9838572200042798,0.0161516267839404,0.0,0.6360427019253985,HIGH
2020-05-29,0.9999958247656238,4.337158512238002e-06,0.0,0.6455594610329981,HIGH
2020-06-01,0.9988204862375052,0.0011795203942342,0.0,0.644867172528763,HIGH
2020-06-02,0.9002252183065058,0.0997893320900628,0.0,0.586362426737267,HIGH
2020-06-03,0.9999996438919424,4.805969987674626e-07,0.0,0.6455617103394198,HIGH
2020-06-04,0.986422824644808,0.0135772237357165,0.0,0.6375571802674899,HIGH
2020-06-05,0.9379615951127092,0.0620573528920592,0.0,0.608852530909949,HIGH
2020-06-08,0.9999999999976744,2.32574092135193e-12,0.0,0.6455619200708045,HIGH
2020-06-09,0.9902366161981856,0.0097633838116821,0.0,0.6398073714661623,HIGH
2020-06-10,0.5190490206298567,0.4809531617960519,0.0,0.01773561432848551,LOW
2020-06-11,0.9999871582073367,2.0234594165684413e-05,0.0,0.03227771783930047,MEDIUM
2020-06-12,1.0,0.0,0.0,0.06455619200721742,MEDIUM
2020-06-15,0.9989753244844716,0.0010246755155284,0.0,0.09674375719500729,HIGH
2020-06-16,0.9999999999813134,1.868662049676395e-11,0.0,0.1291123840122337,HIGH
2020-06-17,0.9999357419842893,6.425801571085388e-05,0.0,0.16138101865029617,HIGH
2020-06-18,0.999999973951488,2.6050363555414798e-08,0.0,0.1936685714192071,HIGH
2020-06-19,0.99672254550789,0.0032774566890885,0.0,0.22527090187779458,HIGH
2020-06-22,0.9993246543910554,0.0006756932388035,0.0,0.2580656596048836,HIGH
2020-06-23,0.9928363573260554,0.0071737754581094,0.0,0.28860322700157426,HIGH
2020-06-24,0.9999999921007964,8.095615646164804e-09,0.0,0.32278095770993687,HIGH
2020-06-25,0.999969090037289,3.090996271108155e-05,0.0,0.35504904344455557,HIGH
2020-06-26,0.9999998874568125,1.125552278315302e-07,0.0,0.38733711227336654,HIGH
2020-06-29,0.9992712988183192,0.0007287016913825,0.0,0.41933626891283887,HIGH
2020-06-30,0.9999993246239286,6.76712348426423e-07,0.0,0.45189306561273046,HIGH
2020-07-01,0.994246374132719,0.0057536706576724,0.0,0.48162882867201395,HIGH
2020-07-02,0.95823022404499,0.0417737592402568,0.0,0.4967063926396266,HIGH
2020-07-03,0.9999999460423328,5.9016608411858004e-08,0.0,0.5487276050493605,HIGH
2020-07-06,0.9999998500961482,1.49903851796484e-07,0.0,0.581005648606568,HIGH
2020-07-07,0.9999969013913332,3.098608666770731e-06,0.0,0.6132820903648154,HIGH
2020-07-08,0.9991180861748252,0.0008819151249874,0.0,0.6450424743428158,HIGH
2020-07-09,0.7266693789632123,0.2733546287214513,0.0,0.024080940819313643,LOW
2020-07-10,0.9978190726665832,0.0028444811846537,0.0,0.03221386144157359,MEDIUM
2020-07-13,0.9977070700998878,0.0023008049935209,0.0,0.06442112412290772,MEDIUM
2020-07-14,0.4471270492923297,0.5531080790634202,0.0,0.015537217551629158,LOW
2020-07-15,0.4666911551490294,0.8093912251989646,0.0,0.0322692379795802,MEDIUM
2020-07-16,0.9689519147763844,0.0546119624793327,0.0,0.0313616240405908,LOW
2020-07-17,0.0511171045346091,0.9690959663028856,0.0,0.0036884042118126453,LOW
2020-07-20,0.997614014001211,0.004693954215766,0.0,0.03220782076450901,MEDIUM
2020-07-21,0.9997815590467184,0.0002184598964386,0.0,0.06454332653178362,MEDIUM
2020-07-22,0.8650695313321486,0.1352029229036977,0.0,0.08479628999896902,HIGH
2020-07-23,0.0020161505209706,1.0054201271915193,0.0,0.002264986557459457,LOW
2020-07-24,0.0056056286414724,1.9865151312306453,0.0,0.004737300152283908,LOW
2020-07-27,0.0086344211602952,2.939036629381353,0.0,0.007368508784832096,LOW
2020-07-28,0.1193796388057519,3.4155767412193763,0.0,0.022745415174814126,LOW
2020-07-29,0.0027645802672521,4.326068630205961,0.0,0.011432979673509983,LOW
2020-07-30,0.1907564900077816,4.545398793981954,0.0,0.04678883626926231,MEDIUM
2020-07-31,0.0032732351931007,4.684809388994147,0.0,0.016108986968232607,LOW
2020-08-03,0.9934572911545316,0.0362884995545049,0.0,0.032085329724535074,MEDIUM
2020-08-04,0.0028607043655365,3.134237744933933,0.0,0.002289371517846225,LOW
2020-08-05,0.0028488123650935,7.028116889634373,0.0,0.004578056267865185,LOW
2020-08-06,0.0080917404882058,8.089681607166199,0.0,0.007321455344475879,LOW
2020-08-07,0.0020042912885898,9.33159653099938,0.0,0.009058576672890974,LOW
2020-08-10,0.0022257489465792,10.38536976841832,0.0,0.011355190048195848,LOW
2020-08-11,0.0025769390555331,11.2768110343096,0.0,0.013687067543924429,LOW
2020-08-12,0.0022542807739031,11.590610427630708,0.0,0.01590303250894572,LOW
2020-08-13,0.0021028377918375,10.626422823093774,0.0,0.018139914688988887,LOW
2020-08-14,0.9506039038331132,0.6905328413363773,0.0,0.030818026050351156,LOW
2020-08-17,0.9907839849172572,0.0130891227851945,0.0,0.06401302193085316,MEDIUM
2020-08-18,0.2631722694312038,0.7395947651781873,0.0,0.009962423913601817,LOW
2020-08-19,0.999933172446087,0.0001186422436378,0.0,0.032276128061767544,MEDIUM
2020-08-20,0.9997098374112594,0.0002901671230611,0.0,0.06453910226153288,MEDIUM
2020-08-21,0.9999999937205376,6.28240490683927e-09,0.0,0.09683428745607503,HIGH
2020-08-24,0.0020198020235816,0.9979803726445926,0.0,0.002265091980540634,LOW
2020-08-25,0.4647161209483468,0.9960829509769448,0.0,0.03214857086108296,MEDIUM
2020-08-26,0.008892123994545,1.0997974403654336,0.0,0.007390854554101903,LOW
2020-08-27,0.9990674044552338,0.0018658010390462,0.0,0.03225063103737679,MEDIUM
2020-08-28,0.0020740471239434,1.048353271986561,0.0,0.002266658106596632,LOW
2020-08-31,0.9999999997947472,4.1683753826180276e-10,0.0,0.03227809599756445,MEDIUM
2020-09-01,0.9983031867937796,0.0016968132062203,0.0,0.06445624371404834,MEDIUM
2020-09-02,0.4501581836766846,0.5498426017905399,0.0,0.015629737711243825,LOW
2020-09-03,0.8318469790351019,0.1975150802333522,0.0,0.02726643341984073,LOW
2020-09-04,0.9999999999655448,5.3918274866485474e-11,0.0,0.06455619200518815,MEDIUM
2020-09-07,0.9995391216230816,0.0004608783769184,0.0,0.09679357084872788,HIGH
2020-09-08,0.950303874291508,0.0496961554193732,0.0,0.12323649968121538,HIGH
2020-09-09,0.9999999510361186,6.318516537974297e-08,0.0,0.16139047280862406,HIGH
2020-09-10,0.9962622234099984,0.0037377806504035,0.0,0.19300796732097755,HIGH
2020-09-11,0.1937697457127018,0.8062724923820884,0.0,0.007887775900119581,LOW
2020-09-14,0.9999919808821988,1.5991977117432298e-05,0.0,0.03227785985721656,MEDIUM
2020-09-15,0.9625189499219224,0.0374845993683516,0.0,0.06234240226477387,MEDIUM
2020-09-16,0.3113368953383577,0.6893579476310975,0.0,0.01141268645826822,LOW
2020-09-17,0.9998990539581,0.0001947927114261,0.0,0.032275123330638804,MEDIUM
2020-09-18,0.9999995413140343,4.586977946482623e-07,0.0,0.06455616499253193,MEDIUM
2020-09-21,0.999999809676203,1.903237968914975e-07,0.0,0.09683427119691271,HIGH
2020-09-22,0.9999981507142336,1.8492857665497443e-06,0.0,0.12911216618401286,HIGH
2020-09-23,0.9999999980579348,1.94206525351846e-09,0.0,0.16139047973209475,HIGH
2020-09-24,0.9999999946760908,5.323909195124045e-09,0.0,0.1936685750809843,HIGH
2020-09-25,0.999970392615694,2.9607384306172097e-05,0.0,0.22594056888252964,HIGH
2020-09-28,0.9999166572082642,8.334328620665178e-05,0.0,0.25820513373532805,HIGH
2020-09-29,0.9997370939545211,0.0002629088956867,0.0,0.2904331843192066,HIGH
2020-09-30,0.5073501504182694,0.4928280137357868,0.0,0.017377672481930544,LOW
2020-10-01,0.9999999790483234,4.078835024949295e-08,0.0,0.032278095386625655,MEDIUM
2020-10-05,0.7168677164760754,0.2831331459691641,0.0,0.023782615483996683,LOW
2020-10-06,0.9980139663168716,0.0021128306829495,0.0,0.032219602497730204,MEDIUM
2020-10-07,0.0453860275995051,0.9742277056526992,0.0,0.0035216651163269526,LOW
2020-10-08,0.9963794406213456,0.007244377047345,0.0,0.032171448314097746,MEDIUM
2020-10-09,0.0386632833125158,0.9664170345953588,0.0,0.0033262750343656944,LOW
2020-10-12,0.8958643449932465,0.2045600778106978,0.0,0.029187800268440218,LOW
2020-10-13,0.0085883252870009,1.1247320552595708,0.0,0.0024548372831639347,LOW
2020-10-14,0.322421467908403,1.3881863271466035,0.0,0.02349507548250899,LOW
2020-10-15,0.99999999992555,2.056063443420992e-10,0.0,0.03227809600141631,MEDIUM
2020-10-16,0.0541893280951303,0.9458119526298098,0.0,0.003777851638306894,LOW
2020-10-19,0.9999999736527748,5.269018928327127e-08,0.0,0.032278095227738036,MEDIUM
2020-10-20,0.0128472917647733,0.9871527280886284,0.0,0.0025779778284417128,LOW
2020-10-21,0.9923833876848912,0.0134068525760428,0.0,0.03205367103567439,LOW
2020-10-22,0.0355439693629569,0.9821853141443856,0.0,0.0032356888204189515,LOW
2020-10-23,0.9921311040339008,0.0146583987087757,0.0,0.03204623295437769,LOW
2020-10-26,0.5014131171802692,0.8577962546780402,0.0,0.01719606021616862,LOW
2020-10-27,0.0364380732981619,1.2501156434612892,0.0,0.00652329840934875,LOW
2020-10-28,0.9936849838689292,0.0144032362617944,0.0,0.032092041438986245,MEDIUM
2020-10-29,0.9994515680719264,0.0005501770173699,0.0,0.0645238902925958,MEDIUM
2020-10-30,0.4070441135969744,0.5939470669359606,0.0,0.014315267373004537,LOW
2020-11-02,0.8931017479441226,0.1447173430226813,0.0,0.029105203592966658,LOW
2020-11-03,0.0062816002917209,1.1258658135701256,0.0,0.0023881790004669327,LOW
2020-11-04,0.7526856208560454,0.5243360588750167,0.0,0.0497434160031451,MEDIUM
2020-11-05,0.9999999300314842,1.1518175727699237e-07,0.0,0.03227809394318226,MEDIUM
2020-11-06,0.0204797277638139,0.9795783347268572,0.0,0.002798875604223209,LOW
2020-11-09,0.999995033067113,9.933384713406956e-06,0.0,0.03227794973776828,MEDIUM
2020-11-10,0.9375822434632004,0.0624179176907644,0.0,0.060862703228006444,MEDIUM
2020-11-11,0.1383141025079186,0.8624909329266442,0.0,0.006244358462705185,LOW
2020-11-12,0.0043556848492402,1.7866917305240055,0.0,0.00466508966795956,LOW
2020-11-13,0.0022190724090693,2.4640884889110577,0.0,0.0068125357311346725,LOW
2020-11-17,0.9999999999581106,1.5601226819878215e-10,0.0,0.032278096002375155,MEDIUM
2020-11-18,0.0028325965991254,0.9971690968021526,0.0,0.002288559901519845,LOW
2020-11-19,0.9566103693040524,0.0803244189024308,0.0,0.030996141245670857,LOW
2020-11-20,0.0241069953775458,0.9884060764969272,0.0,0.0029039544569025525,LOW
2020-11-23,0.999808665756073,0.0003819928225574,0.0,0.03227246152705203,MEDIUM
2020-11-24,0.0291779175508372,0.9727970633895784,0.0,0.0030509610522846606,LOW
2020-11-25,0.9999990946250358,1.8107569538434507e-06,0.0,0.0322780693422079,MEDIUM
2020-11-26,0.5442950743662202,0.4557076920004559,0.0,0.01850830208264512,LOW
2020-11-27,0.0104779113036096,0.9922708473893628,0.0,0.005018921048877741,LOW
2020-12-01,0.9845995634281096,0.030769866203748,0.0,0.031824048424027515,LOW
2020-12-02,0.922306957717641,0.0784296524081117,0.0,0.059953689408623424,MEDIUM
2020-12-03,0.999999864468656,1.4645368712478373e-07,0.0,0.09683427603748222,HIGH
2020-12-04,0.0027745579319496,0.9972682791929384,0.0,0.0022868840376693116,LOW
2020-12-07,0.0145077157676831,1.1079847079361882,0.0,0.0052520196636289375,LOW
2020-12-08,0.1282233545011441,1.7257837355533237,0.0,0.017840336413453495,LOW
2020-12-09,0.0326363024140182,2.590200577294448,0.0,0.012605164088698152,LOW
2020-12-10,0.2791837984984626,2.3304921776467067,0.0,0.05221825145221609,MEDIUM
2020-12-11,0.7947529655922947,0.6490006446262964,0.0,0.026146627576101894,LOW
2020-12-14,0.983486913807096,0.0213553072866458,0.0,0.06358240611810066,MEDIUM
2020-12-15,0.6063054202305425,0.4022126312014267,0.0,0.02040641441328967,LOW
2020-12-16,0.9999941773990768,9.682864598369265e-06,0.0,0.032277924540113384,MEDIUM
2020-12-17,0.0025894788895074,0.998103461754775,0.0,0.0022815399977387835,LOW
2020-12-18,0.7513666187291214,0.4976043821675919,0.0,0.0496633127237276,MEDIUM
2020-12-21,0.9999759166961318,2.785362194809154e-05,0.0,0.032277386799364725,MEDIUM
2020-12-22,0.9999428270947333,5.717304932493446e-05,0.0,0.0645528247473987,MEDIUM
2020-12-23,0.8406012071968632,0.1593996524093187,0.0,0.0825901443892129,HIGH
2020-12-24,0.6598972674429723,0.3461473578231918,0.0,0.022045029024787176,LOW
2020-12-28,0.9498610346032396,0.0627637996402614,0.0,0.03079598626118143,LOW
2020-12-29,0.097473597448997,1.18673643693899,0.0,0.005042820892728221,LOW
2020-12-30,0.999455463286677,0.0012566710548061,0.0,0.03226205986190805,MEDIUM
2020-12-31,0.0347773427031669,0.97242406653755,0.0,0.003213432808105217,LOW
2021-01-01,0.0303398406581337,1.236300014972138,0.0,0.006169325539233092,LOW
2021-01-04,0.9999996644133716,9.910359483175654e-07,0.0,0.03227808612128419,MEDIUM
2021-01-05,0.9999975146527752,2.4853472246640606e-06,0.0,0.06455604563063486,MEDIUM
2021-01-06,0.999975396813084,2.4603273777146967e-05,0.0,0.09683211446951644,HIGH
2021-01-07,1.0,0.0,0.0,0.12911238401443484,HIGH
2021-01-08,0.9999960249132624,3.975086737550982e-06,0.0,0.16138989472791465,HIGH
2021-01-11,0.9999999997472744,2.5272575139729847e-10,0.0,0.1936685759769988,HIGH
2021-01-12,0.917318672733372,0.0826813286110964,0.0,0.20879748181593102,HIGH
2021-01-13,0.9999995252022228,5.173450721149713e-07,0.0,0.2582246561744543,HIGH
2021-01-14,0.9955956385334348,0.004404376587155,0.0,0.28933517429178374,HIGH
2021-01-15,0.9993968800463892,0.000605233081556,0.0,0.32260334555099407,HIGH
2021-01-18,0.9999528542227032,4.716231117210448e-05,0.0,0.35504378419426685,HIGH
2021-01-19,0.9995464464473264,0.0004535618235583,0.0,0.38717687198676853,HIGH
2021-01-20,0.3883764762054697,0.6117127180083397,0.0,0.013747278797085677,LOW
2021-01-21,0.9999490368375225,8.951538107753454e-05,0.0,0.03227659523916338,MEDIUM
2021-01-22,0.9996376521639866,0.0003623555611768,0.0,0.06453485063815932,MEDIUM
2021-01-25,0.9999999998293294,1.70670585957774e-10,0.0,0.09683428799574845,HIGH
2021-01-27,0.999999045235743,9.547642570170086e-07,0.0,0.1291122715511853,HIGH
2021-01-28,0.9999972069653932,2.793034606785662e-06,0.0,0.16139006877281958,HIGH
2021-01-29,0.9999999999291056,7.089456099129959e-11,0.0,0.1936685760091261,HIGH
2021-02-01,0.999999940248984,5.97510159082289e-08,0.0,0.22594665970846378,HIGH
2021-02-02,0.8898418517605783,0.1101581486730292,0.0,0.23206160125759334,HIGH
2021-02-03,0.9869652471027088,0.0130877066968737,0.0,0.28704478365566594,HIGH
2021-02-04,0.0221203725994213,1.0061250902297554,0.0,0.002846395827585101,LOW
2021-02-05,0.1270755076075705,1.6937552790421708,0.0,0.01182591508950843,LOW
2021-02-08,0.99978788291219,0.000542712969961,0.0,0.03227184949669636,MEDIUM
2021-02-09,0.2597179528202378,0.7435843888931302,0.0,0.00985872590540529,LOW
2021-02-10,0.6522921226663037,0.4198224215046757,0.0,0.0436253706132902,MEDIUM
2021-02-11,0.9886769187380146,0.0190309680879856,0.0,0.03194436429911582,LOW
2021-02-12,0.249535355653149,0.7952499365818603,0.0,0.009553302802065414,LOW
2021-02-15,0.9993358686652888,0.0013172339132624,0.0,0.032258537721693625,MEDIUM
2021-02-16,0.5667029632731958,0.4342721216409354,0.0,0.019194264519646058,LOW
2021-02-17,0.0423434472504423,1.0019551176979933,0.0,0.006866417230916583,LOW
2021-02-18,0.9288600047499398,0.1411381593563733,0.0,0.03017194591433734,LOW
2021-02-19,0.8121805983614093,0.2224353741436977,0.0,0.053346573139386066,MEDIUM
2021-02-22,0.999997447072651,3.0647083682465598e-06,0.0,0.09683406247567006,HIGH
2021-02-23,0.9983770970505196,0.0016229120560827,0.0,0.12892119566907143,HIGH
2021-02-24,0.9998590750598976,0.000141020305663,0.0,0.16136973006855826,HIGH
2021-02-25,0.9834291028005336,0.0166587195383441,0.0,0.1907369779760365,HIGH
2021-02-26,0.9999847449247008,1.6809345786910588e-05,0.0,0.22594352741114265,HIGH
2021-03-01,0.9999975752085544,2.4248072296760355e-06,0.0,0.2582241967884731,HIGH
2021-03-02,0.8806897337765384,0.1193107805966475,0.0,0.2586036640843013,HIGH
2021-03-03,0.7927905988995873,0.2083068291319081,0.0,0.26087267007629106,HIGH
2021-03-04,0.9999999485063436,6.77735827611877e-08,0.0,0.3550590393595105,HIGH
2021-03-05,0.8497369583219743,0.1502644560024271,0.0,0.33365841706495725,HIGH
2021-03-08,0.2891541554934904,0.7111754972488741,0.0,0.010743765751352845,LOW
2021-03-09,0.974291873165039,0.0457070263464481,0.0,0.0315195543893798,LOW
2021-03-10,0.9999444609578724,5.6421410504793285e-05,0.0,0.06455292097594048,MEDIUM
2021-03-12,0.9999997762938064,2.237181676249692e-07,0.0,0.09683426824778733,HIGH
2021-03-15,0.994946832712332,0.0050531675710015,0.0,0.12851693118334143,HIGH
2021-03-16,0.5625236984729818,0.4375556574918203,0.0,0.019066324387858175,LOW
2021-03-17,0.9998433504419264,0.0002264626699898,0.0,0.03227348294595838,MEDIUM
2021-03-18,0.9999983483582608,1.651865755383949e-06,0.0,0.06455609473241597,MEDIUM
2021-03-19,0.9864189065626552,0.0135810962962701,0.0,0.09563323018063362,HIGH
2021-03-22,0.3048827633497383,0.7002078138596931,0.0,0.011217895037337208,LOW
2021-03-23,0.0432540068761673,1.0381611312675707,0.0,0.006919353068750228,LOW
2021-03-24,0.6411819783822369,0.7060943391618972,0.0,0.06441939423920476,MEDIUM
2021-03-25,0.9968387229703022,0.0046670876624198,0.0,0.03218498029363554,MEDIUM
2021-03-26,0.9999985832000832,1.4179334067105442e-06,0.0,0.06455610856362015,MEDIUM
2021-03-30,0.8033737757101576,0.1966286986316242,0.0,0.07922179255042636,HIGH
2021-03-31,0.1451675502732158,0.8587388586634778,0.0,0.006446729757614513,LOW
2021-04-01,0.9926001846020104,0.0146161490244088,0.0,0.03206006263158121,LOW
2021-04-05,0.9849769402270886,0.0150655140486891,0.0,0.06367037461995576,MEDIUM
2021-04-06,0.997833474163606,0.002271442706898,0.0,0.0966428570335025,HIGH
2021-04-07,0.1787602692844345,0.8232369547625508,0.0,0.00744166243409416,LOW
2021-04-08,0.1971377322415803,1.2180426956459405,0.0,0.01597601922469233,LOW
2021-04-09,0.0260714595800313,1.521616518810971,0.0,0.008882669375732526,LOW
2021-04-12,0.9998709843609837,0.0003848805709844,0.0,0.032274296725031654,MEDIUM
2021-04-13,0.6671346032970108,0.3331344907055802,0.0,0.0222660627111295,LOW
2021-04-15,0.9876582996750548,0.019046477411909,0.0,0.031914313567758944,LOW
2021-04-16,0.1463974297540117,0.8612500700274286,0.0,0.006483068301368137,LOW
2021-04-19,0.9999999999956156,8.768877133529917e-12,0.0,0.0322780960034796,MEDIUM
2021-04-20,0.999999998962068,1.0379318515770543e-09,0.0,0.06455619194608757,MEDIUM
2021-04-22,0.9998661544400544,0.0001338455599456,0.0,0.09682246347322404,HIGH
2021-04-23,0.995609219537034,0.004390790925669,0.0,0.1285950116096938,HIGH
2021-04-26,0.9438003849232182,0.0562905118198769,0.0,0.15308043849345568,HIGH
2021-04-27,0.9978976306667112,0.0021541772283252,0.0,0.19329705345073442,HIGH
2021-04-28,0.8498121322341943,0.1511581379532692,0.0,0.19464989765298332,HIGH
2021-04-29,0.9997153144800396,0.0003074616667391,0.0,0.2581576994091824,HIGH
2021-04-30,0.9993835766644356,0.0006164485884661,0.0,0.29033948485284305,HIGH
2021-05-03,0.9999990312189004,9.69622685284995e-07,0.0,0.3227806747502957,HIGH
2021-05-04,0.9978946933844708,0.0021053123244043,0.0,0.35437697955235536,HIGH
2021-05-05,0.9999703725703218,2.9708863341648017e-05,0.0,0.38732668242934415,HIGH
2021-05-06,0.0491039826031279,0.9511041168266772,0.0,0.003629816849389823,LOW
2021-05-07,0.9993675356002262,0.0012625500071985,0.0,0.03225947034007459,MEDIUM
2021-05-10,0.999998997044746,1.003921187572636e-06,0.0,0.06455613293734411,MEDIUM
2021-05-11,0.999999995766278,4.2337219823157255e-09,0.0,0.09683428763680334,HIGH
2021-05-12,0.0453030221546087,0.954697015181157,0.0,0.0035192513226823432,LOW
2021-05-14,0.9840289807045142,0.0235232572454322,0.0,0.031807205541206966,LOW
2021-05-17,0.8151365417830571,0.1858924280730904,0.0,0.05352503966646263,MEDIUM
2021-05-18,0.99999970389295,3.903515587075739e-07,0.0,0.09683426185162573,HIGH
2021-05-19,0.1740989567790146,0.8259531265210532,0.0,0.007303313132965521,LOW
2021-05-20,0.0870778953230918,0.9359301394509546,0.0,0.009476410615203008,LOW
2021-05-21,0.9074803820154822,0.1750646318859837,0.0,0.02953476835349801,LOW
2021-05-24,0.0020843075996343,2.0172314392988007,0.0,0.0022669543413743123,LOW
2021-05-25,0.9989857893032966,0.002062774759194,0.0,0.03224822728054677,MEDIUM
2021-05-26,0.00267103561299,1.011077439135062,0.0,0.002283894875948738,LOW
2021-05-27,0.0023396619396992,2.1102530529052594,0.0,0.004548653909624734,LOW
2021-05-28,0.9394492163112724,0.199015521673155,0.0,0.030486835130332225,LOW
2021-05-31,0.0081664309461941,2.614576877672124,0.0,0.002442643723348707,LOW
2021-06-01,0.00541826004068,4.932264888551273,0.0,0.004726474720053488,LOW
2021-06-02,0.0021478749263912,5.540023322338563,0.0,0.006806368900279161,LOW
2021-06-03,0.012068335479593,6.276916982417416,0.0,0.010221796483407831,LOW
2021-06-04,0.0020011462660591,6.981346603324528,0.0,0.0113227668401825,LOW
2021-06-07,0.0020392572689548,7.872857803390792,0.0,0.013593922061668803,LOW
2021-06-08,0.0020502246620233,8.78337793904548,0.0,0.01586179223734849,LOW
2021-06-09,0.0024801738220652,9.71769265568722,0.0,0.01822707168926822,LOW
2021-06-10,0.0020078220352625,10.449257120815137,0.0,0.020382714942635553,LOW
2021-06-11,0.0021269293892417,10.806073828733208,0.0,0.022681848995606574,LOW
2021-06-14,0.052068529388207,10.185947710696876,0.0,0.04087710019921769,MEDIUM
2021-06-15,0.002639562892556,9.597891742305688,0.0,0.02739583350221813,LOW
2021-06-16,0.0020009881708385,10.457384103850732,0.0,0.029439134447561115,LOW
2021-06-17,0.9858773806935182,0.1537362231124633,0.0,0.031861762685646826,LOW
2021-06-18,0.9991904646270684,0.0008279364084205,0.0,0.06450851077916096,MEDIUM
2021-06-21,0.9999999994077784,5.922215547408901e-10,0.0,0.09683428795850706,HIGH
2021-06-22,0.9969718601761406,0.0030281398535917,0.0,0.12875561111158107,HIGH
2021-06-23,0.9999999997630036,2.6826556312273256e-10,0.0,0.16139047998314832,HIGH
2021-06-24,0.006394008957172,0.9936061131922028,0.0,0.002391426718417505,LOW
2021-06-25,0.7635049167410407,0.3189559406155222,0.0,0.05040013574009309,MEDIUM
2021-06-28,0.999913867129031,9.053844817608907e-05,0.0,0.03227555955384281,MEDIUM
2021-06-29,0.0037780370454131,1.0004635416987346,0.0,0.002315861747517919,LOW
2021-06-30,0.0561239791957645,1.8232589051472643,0.0,0.007668403766327625,LOW
2021-07-01,0.9995857603231147,0.0012481897702762,0.0,0.03226589712124181,MEDIUM
2021-07-02,0.2821017095880297,0.7187630032666933,0.0,0.010531446006413354,LOW
2021-07-05,0.9737501904670486,0.0432594066025514,0.0,0.03150353975936985,LOW
2021-07-06,0.888853326955552,0.1126579230772654,0.0,0.05795625043851722,MEDIUM
2021-07-07,0.0059217919560619,1.0512225879692234,0.0,0.0023777838073917273,LOW
2021-07-08,0.3092369260257733,1.3922862812160015,0.0,0.022698585568007818,LOW
2021-07-09,0.0320849405814847,2.3483552066285207,0.0,0.009405875415654906,LOW
2021-07-12,0.9995743483745176,0.0016133967981395,0.0,0.032265561041423994,MEDIUM
2021-07-13,0.9999997092346824,2.90903189742083e-07,0.0,0.0645561748823562,MEDIUM
2021-07-14,0.0085471816970557,0.9914610888873924,0.0,0.0024536481162062223,LOW
2021-07-15,0.0045559843228389,1.0375021471403685,0.0,0.004676660148309301,LOW
2021-07-16,0.7548446344894588,0.4899483205400528,0.0,0.07481177139466028,HIGH
2021-07-19,0.9999999701046988,4.1035700973730866e-08,0.0,0.032278095123254615,MEDIUM
2021-07-20,0.0023946850757639,0.9976176743124712,0.0,0.002275915629082287,LOW
2021-07-22,0.9225836807631658,0.154588393931699,0.0,0.02998508706237865,LOW
2021-07-23,0.0021396693395197,1.003505462690958,0.0,0.002268552723695453,LOW
2021-07-26,0.0020036363725009,2.0848842085402173,0.0,0.004529250520172514,LOW
2021-07-27,0.010335084807577,3.1747391161968253,0.0,0.00751599348517913,LOW
2021-07-28,0.9741618892807306,0.1045613898498882,0.0,0.0315157115869091,LOW
2021-07-29,0.0024411692157814,2.416363608006977,0.0,0.0022772577696981576,LOW
2021-07-30,0.0025540010607946,6.381025783444257,0.0,0.004561031233770633,LOW
2021-08-02,0.9999999707377584,1.9956308822822453e-07,0.0,0.032278095141896904,MEDIUM
2021-08-03,0.2405822775165755,0.7594704947007714,0.0,0.009285080853066997,LOW
2021-08-04,0.002123335872748,1.0010162779093967,0.0,0.004536162297481825,LOW
2021-08-05,0.0069104544587005,1.9850564081092408,0.0,0.007219046036293243,LOW
2021-08-06,0.0020415350430943,2.902059315050882,0.0,0.009062877756607579,LOW
2021-08-09,0.0265409784897506,3.805048911736929,0.0,0.014872502186066644,LOW
2021-08-10,0.0108311209730028,4.657866500214524,0.0,0.015118037127777512,LOW
2021-08-11,0.7843607413826759,1.262028847192316,0.0,0.025832138282530198,LOW
2021-08-12,0.0020277953274786,3.6028956203527738,0.0,0.0022653227566452215,LOW
2021-08-13,0.6138942949514343,1.7536893819054349,0.0,0.04127721829892551,MEDIUM
2021-08-16,0.0020812689492912,3.692777881073038,0.0,0.006800599833268709,LOW
2021-08-17,0.0022312591871441,6.810278422820608,0.0,0.00908478840896136,LOW
2021-08-18,0.9955117528572832,0.0288682563020864,0.0,0.0321458807478216,MEDIUM
2021-08-20,0.999999999763024,2.3697606558987567e-10,0.0,0.06455619199326053,MEDIUM
2021-08-23,0.9999998844406586,1.15559341488963e-07,0.0,0.09683427780188335,HIGH
2021-08-24,0.4037111399208525,0.5962888619083333,0.0,0.01421380092754043,LOW
2021-08-25,0.0149934726883843,0.9878303213950498,0.0,0.005280128219169295,LOW
2021-08-26,0.008230950619331,1.8811292920741445,0.0,0.007333525231564648,LOW
2021-08-27,0.1350338166972617,2.550931806526396,0.0,0.024590285439981794,LOW
2021-08-30,0.8316150727404613,0.5901725768393346,0.0,0.027259446505990565,LOW
2021-08-31,0.9214591308597636,0.1324509235055626,0.0,0.05990317943767538,MEDIUM
2021-09-01,0.8822988116115882,0.1273386172198222,0.0,0.08634578988481893,HIGH
2021-09-02,0.2016763678495155,0.8916089876434873,0.0,0.008123157180405701,LOW
2021-09-03,0.0040965407381357,1.6093235330053912,0.0,0.004650120550178016,LOW
2021-09-06,0.996343115440669,0.0098421774651499,0.0,0.03217037801311101,MEDIUM
2021-09-07,0.0424594135432419,1.0856872653736933,0.0,0.003436579273783483,LOW
2021-09-08,0.4683048264455173,1.2043960118278736,0.0,0.03236783488781338,MEDIUM
2021-09-09,0.9632581096128408,0.0988339430530371,0.0,0.031193090301867572,LOW
2021-09-13,0.057368662368306,1.032369399872019,0.0,0.0038704649835296216,LOW
2021-09-14,0.9960286831062984,0.008218417725143,0.0,0.03216111319146926,MEDIUM
2021-09-15,0.9581655504823968,0.0421783953462379,0.0,0.062084466003319544,MEDIUM
2021-09-16,0.0023925695021528,1.0147233799286266,0.0,0.0022758545461903984,LOW
2021-09-17,0.8558205488421233,0.2833714429600071,0.0,0.027987709522842172,LOW
2021-09-20,0.9999696498947652,3.064452964026995e-05,0.0,0.06455440450879306,MEDIUM
2021-09-21,0.6552715157999861,0.344815299349566,0.0,0.021903717348834565,LOW
2021-09-22,0.0020125332887834,1.0122122097117892,0.0,0.004529764247736993,LOW
2021-09-23,0.6573629240508773,0.6871062151439687,0.0,0.06590283336714568,MEDIUM
2021-09-24,0.2030518949612376,0.9198149918749056,0.0,0.03265653296646257,MEDIUM
2021-09-27,0.9180593228633758,0.1492087779084277,0.0,0.029850286862996907,LOW
2021-09-28,0.9803923235252,0.0294161445149053,0.0,0.063399643561782,MEDIUM
2021-09-29,0.9229471053500256,0.0823261276136073,0.0,0.08998773418986328,HIGH
2021-09-30,0.0045055979289473,1.0299191623058723,0.0,0.0023368747480542926,LOW
2021-10-01,0.3148147106848808,1.3796325493094,0.0,0.02303541073048798,LOW
2021-10-04,0.0062587255455303,2.285282323287114,0.0,0.007162554328217101,LOW
2021-10-05,0.9834241259517476,0.0548000344637484,0.0,0.031789349399254256,LOW
2021-10-06,0.9964248884372352,0.0038600905053078,0.0,0.06434557479993207,MEDIUM
2021-10-07,0.9999999950006616,5.0239782627391585e-09,0.0,0.09683428756916594,HIGH
2021-10-08,0.9884205594759542,0.0115794421408696,0.0,0.12774720708273496,HIGH
2021-10-11,0.0840899137429682,0.9160581043922754,0.0,0.004650744777687041,LOW
2021-10-12,0.0028129622298379,1.4007315436762415,0.0,0.004575985916365228,LOW
2021-10-13,0.205631232918812,1.784326423439795,0.0,0.024722973064403356,LOW
2021-10-14,0.9823560237410696,0.0613894570205951,0.0,0.03175781355883372,LOW
2021-10-18,0.999999609594104,3.945374451119283e-07,0.0,0.06455616901394266,MEDIUM
2021-10-19,0.9999944085604816,5.591440893678494e-06,0.0,0.09683379404201774,HIGH
2021-10-20,0.0203634089999928,0.9796379721572592,0.0,0.002795506998959873,LOW
2021-10-21,0.9988491231926888,0.0022607301067589,0.0,0.032244202076613486,MEDIUM
2021-10-22,0.0067312006345516,0.9939673110764776,0.0,0.0024011692475035366,LOW
2021-10-25,0.9904232304288524,0.0191470215289796,0.0,0.03199587214530443,LOW
2021-10-26,0.0024547786382837,1.0101750097925224,0.0,0.002277650717717087,LOW
2021-10-27,0.002189624583219,1.8367322656926108,0.0,0.004539990049055675,LOW
2021-10-28,0.962783698609591,0.1115787750012723,0.0,0.031179041565062928,LOW
2021-10-29,0.0133132440292462,1.0682428702319875,0.0,0.0025914553424769876,LOW
2021-11-01,0.0101108446958106,1.9596938213313733,0.0,0.004997696377241668,LOW
2021-11-02,0.0021978987390648,2.5736012921784264,0.0,0.0068107017479052566,LOW
2021-11-03,0.0080929973775869,3.2178606287523155,0.0,0.009762085758474865,LOW
2021-11-04,0.9999999122044017,3.864873827016029e-07,0.0,0.032278093418211966,MEDIUM
2021-11-08,0.9930127054498146,0.006994090932591,0.0,0.06414444792834968,MEDIUM
2021-11-09,0.0021111044445239,0.9980906893210232,0.0,0.002267728007459053,LOW
2021-11-10,0.0152510571691468,1.945472152165422,0.0,0.0052950343928441865,LOW
2021-11-11,0.0035196685978761,1.9087354923959832,0.0,0.006925200939545634,LOW
2021-11-12,0.0196837311359865,2.442845593195251,0.0,0.011103299009355975,LOW
2021-11-15,0.0026285417709634,3.540880635213564,0.0,0.011413339499252185,LOW
2021-11-16,0.02357205262728,4.2751660039401935,0.0,0.017330721795123315,LOW
2021-11-17,0.0308020247017923,4.941224395716982,0.0,0.02168649195151362,LOW
2021-11-18,0.0121853865015589,5.7590559881867085,0.0,0.020470673946226425,LOW
2021-11-22,0.9988892238506808,0.0071461233869902,0.0,0.032245383163338893,MEDIUM
2021-11-23,0.999883749816938,0.0001163029934003,0.0,0.06454934529626193,MEDIUM
2021-11-24,0.3275296697739259,0.6726227592330493,0.0,0.011901978515330576,LOW
2021-11-25,0.0067683059713192,1.0313503187227775,0.0,0.004804482742191745,LOW
2021-11-26,0.9983791802229222,0.0035131632734988,0.0,0.03223036027769927,MEDIUM
2021-11-29,0.9954590636649452,0.0045569996880416,0.0,0.06428865616254784,MEDIUM
2021-11-30,0.9990312967779956,0.0009703253726341,0.0,0.0967487027570716,HIGH
2021-12-01,0.9313434028667308,0.068725118250948,0.0,0.12098334579998991,HIGH
2021-12-02,0.97091218399525,0.0296629071305272,0.0,0.15709807013705146,HIGH
2021-12-03,0.9669673514231356,0.0336467774564125,0.0,0.18781738879127438,HIGH
2021-12-06,0.99999897518049,1.083837748520292e-06,0.0,0.22594646077370736,HIGH
2021-12-07,0.2693173913543382,0.7307495167554329,0.0,0.010147006851623577,LOW
2021-12-08,0.9995034061259404,0.0009898099612847,0.0,0.03226347179177506,MEDIUM
2021-12-09,0.8860516345453947,0.1139861579332219,0.0,0.05778856577122139,MEDIUM
2021-12-10,0.0052971013046443,1.0121534732592454,0.0,0.002359737409169262,LOW
2021-12-13,0.9999997494590188,5.248004248464932e-07,0.0,0.03227808862570072,MEDIUM
2021-12-14,0.5302323271302392,0.4698007017716772,0.0,0.018077859564700666,LOW
2021-12-15,0.0026130082246137,0.9983519179864394,0.0,0.00456443876632092,LOW
2021-12-16,0.9999983354478428,3.451363155430326e-06,0.0,0.03227804698602308,MEDIUM
2021-12-17,0.999843405139916,0.0001565949469861,0.0,0.06454696911347747,MEDIUM
2021-12-20,0.9482487506263813,0.051753568229217,0.0,0.09224443234487059,HIGH
2021-12-21,0.7300964586917031,0.2723627111322821,0.0,0.024185198202123843,LOW
2021-12-22,0.0156505601747444,1.09432537111355,0.0,0.0053181545273043185,LOW
2021-12-23,0.9872666850112533,0.0253433910029555,0.0,0.03190275912878012,LOW
2021-12-24,0.8309927903513938,0.2413053173341047,0.0,0.05448139474659284,MEDIUM
2021-12-27,0.0457882600235549,1.124377622638438,0.0,0.003533362479664466,LOW
2021-12-28,0.438034391803865,1.211522283123341,0.0,0.030519537774832302,LOW
2021-12-29,0.0024030322974275,1.4918770559881624,0.0,0.006828469915105208,LOW
2021-12-30,0.0062855596599891,2.0842219433297893,0.0,0.009553173574940654,LOW
2021-12-31,0.0144923678017212,2.332349071879272,0.0,0.01312782895856871,LOW
2022-01-03,0.999880140473318,0.0004718505605826,0.0,0.032274566358572225,MEDIUM
2022-01-04,0.0952903995786966,0.9049839011512631,0.0,0.004978806857861284,LOW
2022-01-05,0.0191272545264036,1.1083115807340669,0.0,0.005519423703957265,LOW
2022-01-06,0.999336528651442,0.0018260592061788,0.0,0.03225855715889815,MEDIUM
2022-01-07,0.2489390172970933,0.7531543868565032,0.0,0.009535427876057158,LOW
2022-01-10,0.6349415292866901,0.6024609351712553,0.0,0.04256469274521726,MEDIUM
2022-01-11,0.002209463194985,1.3297367809620673,0.0,0.006811703416540009,LOW
2022-01-12,0.9998793280520412,0.0002662967163676,0.0,0.03227454243402039,MEDIUM
2022-01-13,0.8170903295443666,0.183131301889199,0.0,0.05364296968713411,MEDIUM
2022-01-14,0.1669602327249467,0.851284008176544,0.0,0.00709161464025951,LOW
2022-01-17,0.0426003419898875,1.8873499582569924,0.0,0.006881351129937873,LOW
2022-01-18,0.9928554696786006,0.0211397509682884,0.0,0.032067588661242055,MEDIUM
2022-01-19,0.2488046288371241,0.7570769061697837,0.0,0.009531399838271956,LOW
2022-01-20,0.0258517382869499,1.2747584465255997,0.0,0.0059090415354366745,LOW
2022-01-21,0.8435287919620427,0.3344264951433283,0.0,0.02761814704178056,LOW
2022-01-24,0.9990248230618533,0.0010532176114686,0.0,0.06449875383934874,MEDIUM
2022-01-25,0.9999863175103416,1.3683105453933376e-05,0.0,0.09683307924744508,HIGH
2022-01-27,0.9999979283705026,2.071637041332104e-06,0.0,0.12911213999377372,HIGH
2022-01-28,0.9994870936140556,0.0005129071359545,0.0,0.161314956924824,HIGH
2022-01-31,0.9999999501792008,4.986097366148599e-08,0.0,0.19366856721894224,HIGH
2022-02-01,0.9999999420347152,5.796528469156928e-08,0.0,0.22594666007656616,HIGH
2022-02-02,0.9999956760211306,4.323985162299242e-06,0.0,0.2582237493714627,HIGH
2022-02-03,0.9970134346861448,0.0029865743424897,0.0,0.28971114865516445,HIGH
2022-02-04,0.5856869800534404,0.4143660023660365,0.0,0.01977539344704436,LOW
2022-02-07,0.9994665980583418,0.0008862895672196,0.0,0.03226238778494304,MEDIUM
2022-02-08,0.9999967046855162,3.2982053145560043e-06,0.0,0.06455599792693037,MEDIUM
2022-02-09,0.9984517528332608,0.0015482482472497,0.0,0.09669749373637203,HIGH
2022-02-10,0.9955581341487166,0.004452424672313,0.0,0.1285889900806821,HIGH
2022-02-11,0.9951425572271771,0.004876029338511,0.0,0.1606750043808196,HIGH
2022-02-14,0.999999952394862,4.780617022270303e-08,0.0,0.19366856761042175,HIGH
2022-02-15,0.99994642747953,5.357252425428334e-05,0.0,0.22593562878885512,HIGH
2022-02-16,0.0638215964472145,0.9361804392257298,0.0,0.00405858556268434,LOW
2022-02-17,0.4908972223679379,0.8241958080164615,0.0,0.03374891452021285,MEDIUM
2022-02-18,0.8925696138247676,0.129168696018706,0.0,0.029089290304950496,LOW
2022-02-21,0.530178071839131,0.6037806258844601,0.0,0.018076199026715378,LOW
2022-02-22,1.0,0.0,0.0,0.03227809600360871,MEDIUM
2022-02-23,0.9998983111859991,0.0001016888140008,0.0,0.06455020291442332,MEDIUM
2022-02-24,0.9999999997791964,2.2080349284359038e-10,0.0,0.0968342879913195,HIGH
2022-02-25,0.9999971005412648,2.8994587352026546e-06,0.0,0.12911204248237826,HIGH
2022-02-28,0.9999997153559363,2.846440636157146e-07,0.0,0.16139043810718118,HIGH
2022-03-02,0.9999996932566548,3.067433453294143e-07,0.0,0.19366852182395153,HIGH
2022-03-03,0.99999686964778,3.1303532951138173e-06,0.0,0.22594602674882852,HIGH
2022-03-04,0.9968428340494762,0.0031571682673104,0.0,0.25748081132261474,HIGH
2022-03-07,0.9999999999957992,4.200759338431994e-12,0.0,0.29050286403136505,HIGH
2022-03-08,0.999991025122995,8.974877005016261e-06,0.0,0.32277831712070193,HIGH
2022-03-09,0.9890343569179212,0.0109656435176092,0.0,0.3515039894786926,HIGH
2022-03-10,1.0,0.0,0.0,0.3873371520433045,HIGH
2022-03-11,0.9418687654993247,0.0581312345006751,0.0,0.3972633389781019,HIGH
2022-03-14,0.9997278346854224,0.0002721792933277,0.0,0.4517811359021453,HIGH
2022-03-15,0.972081146963784,0.0279790344858236,0.0,0.4718128049532519,HIGH
2022-03-16,0.999999992147372,9.712007377332072e-09,0.0,0.5164495323578439,HIGH
2022-03-17,0.9999996877091836,3.1229081626941984e-07,0.0,0.5487274757240516,HIGH
2022-03-21,0.9995854328426984,0.0004145671805582,0.0,0.5807859745862008,HIGH
2022-03-22,0.3360261144181271,0.6640071898402021,0.0,0.012159033304456168,LOW
2022-03-23,0.9944778012489578,0.0106365667529251,0.0,0.03211540954370458,MEDIUM
2022-03-24,0.9999988185737994,1.2028808935626056e-06,0.0,0.06455612242615018,MEDIUM
2022-03-25,0.8709915044920521,0.1290118831487402,0.0,0.08532925418024857,HIGH
2022-03-28,0.8692291293213475,0.1314248229833874,0.0,0.11356091367769355,HIGH
2022-03-29,0.3600253012623109,0.7196963412271101,0.0,0.012886237075882151,LOW
2022-03-30,0.9999086763808176,0.0001597307193539,0.0,0.032275406695069744,MEDIUM
2022-03-31,0.0030567284219805,1.002607900567863,0.0,0.002295031850709676,LOW
2022-04-01,0.999542626790995,0.0009185457089078,0.0,0.032264626843427006,MEDIUM
2022-04-04,0.8893410037679599,0.1106675931679079,0.0,0.05798543226671354,MEDIUM
2022-04-05,0.6461038708117994,0.3669751732701236,0.0,0.02162357480441286,LOW
2022-04-06,0.9981316791277254,0.0025242011009543,0.0,0.03222306992507456,MEDIUM
2022-04-07,0.1490692150241735,0.865483482282317,0.0,0.006562033174388898,LOW
2022-04-08,0.1672885804762307,1.1115211289224751,0.0,0.014202693881822099,LOW
2022-04-11,0.0020041700375215,1.8593848183097923,0.0,0.006793922002718945,LOW
2022-04-12,0.003672683906681,2.885375754113417,0.0,0.009251276841348261,LOW
2022-04-13,0.1166872367918237,3.4114772371098794,0.0,0.028035701004924793,LOW
2022-04-18,0.9999999922302992,2.58981643671109e-08,0.0,0.032278095774807274,MEDIUM
2022-04-19,0.999127845838988,0.0008721544987244,0.0,0.0645048223155349,MEDIUM
2022-04-20,0.0226154619962661,0.977387436224746,0.0,0.0028607383239857044,LOW
2022-04-21,0.3144794835112721,1.2438190997928962,0.0,0.02301516180961469,LOW
2022-04-22,0.9990489457395249,0.0015549799786857,0.0,0.0322500873877402,MEDIUM
2022-04-25,0.9956510505853712,0.0043498950505159,0.0,0.06429997113867349,MEDIUM
2022-04-26,0.9997549381853068,0.000246517952433,0.0,0.09681263792741057,HIGH
2022-04-27,0.4932593841059983,0.5072294287989975,0.0,0.01694668917903366,LOW
2022-04-28,0.9567939955236257,0.0521768940776592,0.0,0.031001584022969188,LOW
2022-04-29,0.995124305089023,0.0049372166018981,0.0,0.0642689259712642,MEDIUM
2022-05-02,0.999999999896952,1.0304804698280836e-10,0.0,0.09683428800172247,HIGH
2022-05-04,0.9999732917452668,2.670825473332445e-05,0.0,0.12910923799899593,HIGH
2022-05-05,0.9999894038497404,1.0596152148986664e-05,0.0,0.1613889198444592,HIGH
2022-05-06,0.9999999999894968,1.0503316649401449e-11,0.0,0.19366857601979645,HIGH
2022-05-09,0.9999940016830026,5.998316997426935e-06,0.0,0.22594543555946467,HIGH
2022-05-10,0.9764431987373872,0.0235568017685063,0.0,0.2526651569380077,HIGH
2022-05-11,0.9830762637960376,0.0170585471812298,0.0,0.28601171360599975,HIGH
2022-05-12,0.7226397442477064,0.2810056828228236,0.0,0.023958319300944005,LOW
2022-05-13,0.9995051115316697,0.0007585702422543,0.0,0.03226352201625259,MEDIUM
2022-05-16,0.032529722346274,0.9694189150999988,0.0,0.003148198206574843,LOW
2022-05-17,0.9986471325114552,0.0026854330395498,0.0,0.032238252723649614,MEDIUM
2022-05-18,0.0043920350082772,1.0008663397698814,0.0,0.002333594719472303,LOW
2022-05-19,0.9999999817003936,3.6614973829850323e-08,0.0,0.03227809546472358,MEDIUM
2022-05-20,0.99890515805681,0.0010948426127294,0.0,0.06449170494459125,MEDIUM
2022-05-23,0.0040209217111037,0.9959893562667946,0.0,0.002322876319676642,LOW
2022-05-24,0.0020660181871511,1.6224487830708776,0.0,0.004532852599861941,LOW
2022-05-25,0.9608209606399614,0.1144881733979381,0.0,0.03112090854297054,LOW
2022-05-26,0.6511103175200735,0.3904721911549228,0.0,0.021776573445112666,LOW
2022-05-27,0.8420041486152828,0.2919715788580113,0.0,0.027572270139789593,LOW
2022-05-30,0.824508991833668,0.2207931396714345,0.0,0.054090531221520445,MEDIUM
2022-05-31,0.0526750999780803,1.1137963888220757,0.0,0.0037337594349521374,LOW
2022-06-01,0.0043358152664291,1.790319149620126,0.0,0.004663941904702598,LOW
2022-06-02,0.0454369059410337,2.359003558678332,0.0,0.010569434015783297,LOW
2022-06-03,0.9998911821242732,0.0004326500213003,0.0,0.032274891517841464,MEDIUM
2022-06-06,0.0025035447907919,1.016485396354304,0.0,0.0022790587615361623,LOW
2022-06-07,0.0025212754571092,2.3166563826597923,0.0,0.004559141417434407,LOW
2022-06-08,0.0296236454044442,3.4943405294384267,0.0,0.00919166601966116,LOW
2022-06-09,0.9999182646139864,0.000436231009125,0.0,0.03227568905225601,MEDIUM
2022-06-10,0.9998768688459446,0.0001231493139291,0.0,0.0645489400283615,MEDIUM
2022-06-13,0.9999991154263536,8.847090241575712e-07,0.0,0.09683420986428985,HIGH
2022-06-14,0.9735505677345117,0.0264495118116135,0.0,0.12599055066515316,HIGH
2022-06-15,0.0022848689815841,0.9979492332629843,0.0,0.0022727449410006833,LOW
2022-06-16,0.9999999997872562,4.2704325009282653e-10,0.0,0.032278095997343846,MEDIUM
2022-06-17,0.8292527443339573,0.1707472626667742,0.0,0.05437652702386553,MEDIUM
2022-06-20,0.8573056233843519,0.1427262335280087,0.0,0.08409696909846591,HIGH
2022-06-21,0.2908075004502938,0.858896261496829,0.0,0.010793565760615388,LOW
2022-06-22,0.0964447677419688,1.7181745299093982,0.0,0.010025303163872418,LOW
2022-06-23,0.4107169237404016,1.623916961407765,0.0,0.04328131981148343,MEDIUM
2022-06-24,0.4960926304624404,1.4422692236797472,0.0,0.06813333340025225,MEDIUM
2022-06-27,1.0,0.0,0.0,0.03227809600360871,MEDIUM
2022-06-28,0.9346764251514575,0.0653235748485423,0.0,0.06068993191806389,MEDIUM
2022-06-29,0.9999998452276784,1.556324241390722e-07,0.0,0.09683427433766253,HIGH
2022-06-30,0.3488020088014807,0.6512190609377696,0.0,0.012545957165594186,LOW
2022-07-01,0.9924710632624612,0.0086337457747168,0.0,0.03205625590825367,LOW
2022-07-04,0.6259108497571783,0.3782050889316136,0.0,0.021006187808415788,LOW
2022-07-05,0.7667497946497337,0.3215205670752203,0.0,0.05059697607056196,MEDIUM
2022-07-06,0.8551613543790377,0.2096624667815567,0.0,0.02796790394033933,LOW
2022-07-07,0.9999953591263432,4.9027691240959766e-06,0.0,0.06455591867907544,MEDIUM
2022-07-08,0.9999999677682576,3.2231742505029793e-08,0.0,0.09683428516335393,HIGH
2022-07-11,0.9989433138751016,0.0010566863503007,0.0,0.1289879050720335,HIGH
2022-07-12,0.0834243031387624,0.9165857353988104,0.0,0.004631267545392503,LOW
2022-07-13,0.999966827454704,6.626459034891045e-05,0.0,0.03227711913903247,MEDIUM
2022-07-14,0.0145343499239134,0.98563790641438,0.0,0.002626780401341579,LOW
2022-07-15,0.002998017206922,1.7026892005625829,0.0,0.004586673006914993,LOW
2022-07-18,0.0741880553466613,2.680673446742385,0.0,0.01308362909683848,LOW
2022-07-19,0.9999434407329618,0.0002167672107458,0.0,0.032276430444220426,MEDIUM
2022-07-20,0.999999999901778,9.822187193841443e-11,0.0,0.06455619200143256,MEDIUM
2022-07-21,0.0020054304932606,0.9979945726514924,0.0,0.0022646770582998204,LOW
2022-07-22,0.0020695089506449,1.0002290494193529,0.0,0.004533054166260859,LOW
2022-07-25,0.0024712538602706,1.9921446737737896,0.0,0.006834379235491451,LOW
2022-07-26,0.1719637052146292,2.470261777622968,0.0,0.02895987722430995,LOW
2022-07-27,0.0271355367132833,2.9891949739159074,0.0,0.014958686537973213,LOW
2022-07-28,0.0596928298888813,2.2872507748031747,0.0,0.023629187797096357,LOW
2022-07-29,0.9503794579820528,0.1377149699523904,0.0,0.030811367336839392,LOW
2022-08-01,0.0027639315615766,1.2421801935191903,0.0,0.0022865772034788906,LOW
2022-08-02,0.0021237873135566,3.0481899518666324,0.0,0.004536188365174404,LOW
2022-08-03,0.0028209283785782,4.436155736733246,0.0,0.006864668942632181,LOW
2022-08-04,0.8846100905366147,0.6310064520125129,0.0,0.02885113199776558,LOW
2022-08-05,0.0021016235555867,4.363737982209581,0.0,0.0022674542792308016,LOW
2022-08-08,0.0021219514891593,7.294878224574298,0.0,0.00453608235858494,LOW
2022-08-10,0.0825071726287756,8.067153392501499,0.0,0.013813301084959687,LOW
2022-08-11,0.9999999999100462,8.185173577581181e-10,0.0,0.03227809600095976,MEDIUM
2022-08-12,0.0021320110228663,0.9978809566757278,0.0,0.002268331614912776,LOW
2022-08-16,0.99836302172495,0.0032670912890481,0.0,0.03222988432406159,MEDIUM
2022-08-17,0.0020312059980482,1.0006639620311355,0.0,0.002265421226818621,LOW
2022-08-18,0.0046035047009207,2.097334077417189,0.0,0.004679405262952954,LOW
2022-08-19,0.4801160405335188,1.7789914283595516,0.0,0.04963456713152232,MEDIUM
2022-08-22,0.138540141250355,2.338820726962745,0.0,0.02500411868702812,LOW
2022-08-23,0.9999936164855944,1.3347006385066088e-05,0.0,0.032277908022369003,MEDIUM
2022-08-24,0.1384319758128753,0.861810089273663,0.0,0.006247837295525156,LOW
2022-08-25,0.8248592403361354,0.2739392652483758,0.0,0.027055826228854468,LOW
2022-08-26,0.589960623213523,0.4377668570997191,0.0,0.01990620277210223,LOW
2022-08-29,1.0,0.0,0.0,0.03227809600360871,MEDIUM
2022-08-30,0.9999993744272307,6.25572769141769e-07,0.0,0.06455615516359652,MEDIUM
2022-09-01,0.999999999998655,1.3451446831496574e-12,0.0,0.0968342880107073,HIGH
2022-09-02,0.9797576557768054,0.0202423442250915,0.0,0.12672430065145898,HIGH
2022-09-05,0.9930546511690844,0.0069454904742259,0.0,0.1603673025153523,HIGH
2022-09-06,0.9596318533587604,0.041696691387732,0.0,0.1865140859847319,HIGH
2022-09-07,0.9999999861425526,1.5210607786234762e-08,0.0,0.22594666916875106,HIGH
2022-09-08,0.9999993136703408,6.863296592036208e-07,0.0,0.258224606341078,HIGH
2022-09-09,0.9999999957033556,4.296644333772621e-09,0.0,0.29050286289373367,HIGH
2022-09-12,0.0919098657517768,0.9080901715020928,0.0,0.00487972928639686,LOW
2022-09-13,0.999999987352282,2.5292563727835056e-08,0.0,0.032278095631159874,MEDIUM
2022-09-14,1.0,0.0,0.0,0.06455619200721742,MEDIUM
2022-09-15,0.9999681007244294,3.1899275570568264e-05,0.0,0.09683146990305333,HIGH
2022-09-16,0.999988679627786,1.132037221401584e-05,0.0,0.12911105056813604,HIGH
2022-09-19,0.9965703733988898,0.0034296834159208,0.0,0.1608853697122536,HIGH
2022-09-20,0.9998515653514816,0.0001491725893848,0.0,0.19364234918137974,HIGH
2022-09-21,0.949673854425586,0.0503416035970295,0.0,0.21553302777004937,HIGH
2022-09-22,0.999853928920087,0.0001703299219165,0.0,0.2581903557383874,HIGH
2022-09-23,0.9998178197507456,0.0001821920580384,0.0,0.2904545799074344,HIGH
2022-09-26,0.9999447379228492,5.527473113999854e-05,0.0,0.32276468644079304,HIGH
2022-09-27,0.9998267224986988,0.0001732898009377,0.0,0.35500292602863603,HIGH
2022-09-28,0.9999958419722572,4.159302162464757e-06,0.0,0.3873356827001952,HIGH
2022-09-29,0.9999999094422256,9.055777444392745e-08,0.0,0.41961521337933144,HIGH
2022-09-30,0.9982019267073744,0.0017980740500036,0.0,0.45115194816737636,HIGH
2022-10-03,0.9988205128253576,0.0011837702736903,0.0,0.48365039114306113,HIGH
2022-10-04,0.9999999997239962,2.7600381055265585e-10,0.0,0.5164495359276956,HIGH
2022-10-06,0.9993416190603308,0.0006583809452751,0.0,0.5483980202936336,HIGH
2022-10-07,0.0436791663180594,0.9563222925662924,0.0,0.003472036323021585,LOW
2022-10-10,0.999999999935689,1.286220810874286e-10,0.0,0.032278096001714884,MEDIUM
2022-10-11,0.9999956931669024,4.3068330974582864e-06,0.0,0.06455593835268057,MEDIUM
2022-10-12,0.0050464968771827,0.9949535443534596,0.0,0.002352498344989726,LOW
2022-10-13,0.0100410615933515,1.627297461973115,0.0,0.004993661498301573,LOW
2022-10-14,1.0,0.0,0.0,0.03227809600360871,MEDIUM
2022-10-17,0.7946352508021868,0.2053647491978132,0.0,0.05228613418234649,MEDIUM
2022-10-18,0.999052209978064,0.000948388582248,0.0,0.09675055058049802,HIGH
2022-10-19,0.950942207806712,0.049153581424243,0.0,0.12331224889211141,HIGH
2022-10-20,0.9999996148582706,5.041055278727231e-07,0.0,0.16139042330995015,HIGH
2022-10-21,0.1218779855197034,0.8781550439119259,0.0,0.005759887681244073,LOW
2022-10-24,0.9999999997405056,5.189886842946695e-10,0.0,0.03227809599596714,MEDIUM
2022-10-25,0.9999976580240876,2.34197591236361e-06,0.0,0.06455605407460853,MEDIUM
2022-10-27,0.9999821162098572,1.788379014267068e-05,0.0,0.09683270808800541,HIGH
2022-10-28,0.0174610138292883,0.9825465338166728,0.0,0.00271147443153358,LOW
2022-10-31,0.9999682901492256,6.340512539538072e-05,0.0,0.03227716221254256,MEDIUM
2022-11-01,0.9999793109200038,2.0690417545962395e-05,0.0,0.06455497350500775,MEDIUM
2022-11-02,0.6921725901708183,0.3078333646251743,0.0,0.023030119596889356,LOW
2022-11-03,0.9999958844064892,7.918305914517972e-06,0.0,0.03227797480794977,MEDIUM
2022-11-04,0.0024786217622068,0.997608248406799,0.0,0.002278339147937378,LOW
2022-11-07,0.998689116031423,0.0026217476899433,0.0,0.03223948930476715,MEDIUM
2022-11-09,0.9999261783853894,7.419619372061769e-05,0.0,0.06455184419814276,MEDIUM
2022-11-10,0.9329109894993608,0.0670942051446135,0.0,0.09087739449874084,HIGH
2022-11-11,1.0,0.0,0.0,0.12911238401443484,HIGH
2022-11-14,0.0038162435990988,0.9961837564009012,0.0,0.002316965143773344,LOW
2022-11-15,0.0505163390759735,0.9551186922081673,0.0,0.007341836528567333,LOW
2022-11-16,0.0022195901685725,1.9794419010923552,0.0,0.006812580577586546,LOW
2022-11-17,0.0129695836478813,2.9377705232805025,0.0,0.010326059915464774,LOW
2022-11-18,0.3911753155833249,2.3039012329260427,0.0,0.06916193709772782,MEDIUM
2022-11-21,0.0027685924527892,4.3960379045648175,0.0,0.013720270713939978,LOW
2022-11-22,0.0024058094024251,5.770507897488103,0.0,0.01593365775246576,LOW
2022-11-23,0.9999993035921954,4.459564906545734e-06,0.0,0.03227807549585442,MEDIUM
2022-11-24,0.0794374635398467,0.921250378306528,0.0,0.00451464741761929,LOW
2022-11-25,0.6756375913892726,0.5517921921977581,0.0,0.04505130447162357,MEDIUM
2022-11-28,0.8899124896669929,0.1827260673216065,0.0,0.029009813374750438,LOW
2022-11-29,0.0035112716584367,1.5943685290106264,0.0,0.002308157823001607,LOW
2022-11-30,0.0064387225491579,3.1890754647809647,0.0,0.004785437206429949,LOW
2022-12-01,0.9999947480053656,2.0806987317704485e-05,0.0,0.03227794134328944,MEDIUM
2022-12-02,0.0032354954180549,1.003241881412965,0.0,0.002300194035969264,LOW
2022-12-05,0.2218670882459019,1.613015970669686,0.0,0.01745079920200712,LOW
2022-12-06,0.999984779976093,4.5520758248175725e-05,0.0,0.03227764780521299,MEDIUM
2022-12-07,0.0020297600212757,0.9980244397514564,0.0,0.0022653794797181394,LOW
2022-12-08,0.0020045031118219,1.156167843006301,0.0,0.00452930056757843,LOW
2022-12-09,0.9204732600132026,0.1611675504293881,0.0,0.029922218969341614,LOW
2022-12-12,0.7992997457463029,0.2035292756242824,0.0,0.052568241240086994,MEDIUM
2022-12-13,0.0020127258411272,1.3430632119330697,0.0,0.0022648876830711952,LOW
2022-12-14,0.6297751518227799,0.7844671120931089,0.0,0.042248735790744084,MEDIUM
2022-12-15,0.0388083083235422,2.867790658154214,0.0,0.009991463277764227,LOW
2022-12-16,0.8679705046191339,0.5211982312973894,0.0,0.028352473274527612,LOW
2022-12-19,0.0029359365942858,1.6574936487301706,0.0,0.002291543879506391,LOW
2022-12-20,0.1031432502986595,2.412710375346209,0.0,0.010418331007579953,LOW
2022-12-21,0.9667541101866426,0.113218532359368,0.0,0.031296587005666794,LOW
2022-12-22,0.9921837130895936,0.0084809044696759,0.0,0.0640955681027829,MEDIUM
2022-12-23,0.8610362135487077,0.1400262326234695,0.0,0.08443307815396571,HIGH
2022-12-26,0.3363693135460655,0.6889261491209586,0.0,0.012169421085164254,LOW
2022-12-27,0.9160236609733912,0.1530820904925829,0.0,0.029789608300993684,LOW
2022-12-28,0.1340532000878921,0.9001467188710612,0.0,0.00611864698438858,LOW
2022-12-29,0.9417446555046066,0.1170495637198565,0.0,0.030555031759364942,LOW
2022-12-30,0.9999156409354916,0.0001011506716486,0.0,0.06455122357884167,MEDIUM
2023-01-02,0.0023217888700289,0.9997879973062704,0.0,0.0022738109116641407,LOW
2023-01-03,0.2187927939320122,1.5574215900278727,0.0,0.017267188584712583,LOW
2023-01-04,0.9855228625684908,0.0361571458338632,0.0,0.03185129996003682,LOW
2023-01-05,0.9019929207623496,0.0988216398354804,0.0,0.05874185238682435,MEDIUM
2023-01-06,0.0069861640056945,1.004625308358407,0.0,0.0024085363072134693,LOW
2023-01-09,0.0040370924522722,1.9790760061181816,0.0,0.00464668669003185,LOW
2023-01-10,0.4316962882584667,1.6945664641215763,0.0,0.04519936267865476,MEDIUM
2023-01-11,0.0022339825170178,1.9738179164416143,0.0,0.009085102922948517,LOW
2023-01-12,0.0024877348236753,2.394560201130181,0.0,0.011393011365162352,LOW
2023-01-13,0.0025065321485886,3.201710141060854,0.0,0.013674870102225019,LOW
2023-01-16,0.6111188159349092,1.5675332919204694,0.0,0.14387585196198804,HIGH
2023-01-17,0.0020587530959846,3.575090543713469,0.0,0.018129732374630482,LOW
2023-01-18,0.0020065537153945,5.752186554092348,0.0,0.020382385382548524,LOW
2023-01-19,0.0020157766917685,7.063292549662688,0.0,0.022649757645839718,LOW
2023-01-20,0.0020369929768619,8.034998029074002,0.0,0.024921471344068906,LOW
2023-01-23,0.5277705669991649,4.3159753184052745,0.0,0.2160301952619366,HIGH
2023-01-24,0.0927293716908014,2.300911765654088,0.0,0.06374865491842352,MEDIUM
2023-01-25,0.0128296609486616,4.991468617627012,0.0,0.03608455036986537,MEDIUM
2023-01-27,0.1787334125136793,8.982862813852106,0.0,0.11161297574877453,HIGH
2023-01-30,0.1454158472908294,6.160844577359489,0.0,0.10326504807771142,HIGH
2023-01-31,0.981096021744551,0.1294679105890563,0.0,0.03172060529864736,LOW
2023-02-01,0.9999645931808476,4.219492336007164e-05,0.0,0.06455410668798438,MEDIUM
2023-02-02,0.9861441966102468,0.0138599260478605,0.0,0.0956089101766754,HIGH
2023-02-03,0.9909641516136464,0.0090638541402501,0.0,0.12804729578637214,HIGH
2023-02-06,0.0665300548312232,0.9505381609722228,0.0,0.0041376034379834396,LOW
2023-02-07,0.2745954993334475,1.360976794729565,0.0,0.02061131096489731,LOW
2023-02-08,0.3753814666580941,1.0033774171719014,0.0,0.040057090094546555,MEDIUM
2023-02-09,0.8220864584249755,0.3148997878625856,0.0,0.026972210791426744,LOW
2023-02-10,0.178428314318188,1.1658299198423958,0.0,0.007431806825189239,LOW
2023-02-13,0.1673852858759106,1.8793786912829509,0.0,0.014208426799365768,LOW
2023-02-14,0.331483718844994,1.6388056483414517,0.0,0.03606473725364324,MEDIUM
2023-02-15,0.9442460776921596,0.1417067238439403,0.0,0.03062932256815102,LOW
2023-02-16,0.9991900299617068,0.0009102137638437,0.0,0.0645084851759877,MEDIUM
2023-02-17,0.5395232305797892,0.4620907211869954,0.0,0.018362234613571296,LOW
2023-02-20,0.5431909600958282,0.5395730900087568,0.0,0.03694900855091656,MEDIUM
2023-02-21,0.995937133905668,0.0077340056802577,0.0,0.032158415588797465,MEDIUM
2023-02-22,0.985993668092033,0.0140821741372822,0.0,0.06373038899553729,MEDIUM
2023-02-23,0.1077011460038618,0.8976521823952298,0.0,0.0053429997211133645,LOW
2023-02-24,0.9999602041240282,7.960468343049195e-05,0.0,0.03227692409469843,MEDIUM
2023-02-27,0.3027744724766656,0.697728641324076,0.0,0.01115429424694987,LOW
2023-02-28,0.0774459904315433,1.0139784561146556,0.0,0.008912844615225925,LOW
2023-03-01,0.0105162151916287,1.9291551130159172,0.0,0.0075317039199488825,LOW
2023-03-02,0.0020080947446889,2.8943889761142305,0.0,0.009059015912635717,LOW
2023-03-03,0.0023192956529479,3.725618352005424,0.0,0.011368694629830985,LOW
2023-03-06,0.0020084475540599,3.708392675123657,0.0,0.013588584984928636,LOW
2023-03-08,0.002002071887683,2.9854157217822355,0.0,0.01585206064207002,LOW
2023-03-09,0.619249681257546,1.3119513991092824,0.0,0.16641953160108172,HIGH
2023-03-10,0.0174224452378181,1.2354304444948774,0.0,0.024393222317392764,LOW
2023-03-13,0.0411590044034636,4.6013703778887205,0.0,0.03398785474638741,MEDIUM
2023-03-14,0.0020665144695989,5.908787099872814,0.0,0.024930846911214388,LOW
2023-03-15,0.9958164036131611,0.0285201710145535,0.0,0.032154858073551076,MEDIUM
2023-03-16,0.0079268095510611,1.4228624215148633,0.0,0.0024357185864548035,LOW
2023-03-17,0.9972253636678038,0.0055779020034719,0.0,0.032196371267599076,MEDIUM
2023-03-20,0.2618630527811138,0.7411225198427982,0.0,0.009923116304584367,LOW
2023-03-21,0.006269191860923,1.190868456818209,0.0,0.004775640998164303,LOW
2023-03-22,0.2663611043911228,1.5570194061046143,0.0,0.030174572604024064,LOW
2023-03-23,0.0346125999007021,2.6371901405308105,0.0,0.01283460205044451,LOW
2023-03-24,0.0033921825958635,3.671844271895512,0.0,0.011523593790517447,LOW
2023-03-27,0.0053478879654738,4.49947571813373,0.0,0.01416722694545677,LOW
2023-03-28,0.0068486043989037,5.247634857225668,0.0,0.016831930786859142,LOW
2023-03-29,0.0022203690963867,5.644089659593412,0.0,0.01816706145466244,LOW
2023-03-31,0.5439385802666878,3.0346081935130997,0.0,0.16647650535038297,HIGH
2023-04-03,0.6611548007181235,0.6001733508423919,0.0,0.22083440308474683,HIGH
2023-04-05,0.0022419037364018,1.8352220750302888,0.0,0.024986548772791578,LOW
2023-04-06,0.0020045897130149,4.51557910066774,0.0,0.027175833408715846,LOW
2023-04-10,0.0020128299004576,7.993800717228271,0.0,0.029443578935955048,LOW
2023-04-11,0.2488806418731311,5.999572070267223,0.0,0.13347149445967177,HIGH
2023-04-12,0.0020133894441575,10.794493840521596,0.0,0.03397360263057456,MEDIUM
2023-04-13,0.0033921452631712,13.029195940073905,0.0,0.03687548288027734,MEDIUM
2023-04-17,0.3399927072582404,9.237343784857408,0.0,0.20874492367424427,HIGH
2023-04-18,0.7766766469548257,2.926358143276232,0.0,0.46078920703513687,HIGH
2023-04-19,0.0020037285171125,12.322343719394713,0.0,0.04302793048761562,MEDIUM
2023-04-20,0.0020615764083204,16.934846027152453,0.0,0.04532596119361402,MEDIUM
2023-04-21,0.0021043831968851,18.43167393577455,0.0,0.04535067908771999,MEDIUM
2023-04-24,0.4388491674512458,10.988956624023704,0.0,0.30569249831076106,HIGH
2023-04-25,0.0020111946081747,19.565666025832265,0.0,0.0452968694931777,MEDIUM
2023-04-26,0.0020639271391997,21.470685511038063,0.0,0.04532731856990361,MEDIUM
2023-04-27,0.0028224637541481,22.54204052194105,0.0,0.04576534629822363,MEDIUM
2023-04-28,0.0025857733466841,23.528263858853524,0.0,0.0456286600846826,MEDIUM
2023-05-02,0.0025281845892597,24.461624620505845,0.0,0.04559540400526386,MEDIUM
2023-05-03,0.0020515202728191,24.25997509877493,0.0,0.04532015451203531,MEDIUM
2023-05-04,0.9867367994635904,0.3498238023055776,0.0,0.03188712396386548,LOW
2023-05-05,0.999947724389688,5.287844793597773e-05,0.0,0.06455311318002324,MEDIUM
2023-05-08,0.069993917954607,0.9302588886114184,0.0,0.004238710539207308,LOW
2023-05-09,0.0048284525409929,1.079032736946007,0.0,0.004692400144980569,LOW
2023-05-10,0.9301061339169544,0.1433052900109395,0.0,0.030209026214187945,LOW
2023-05-11,0.0219940306096574,1.3878429964018075,0.0,0.0028427359515940213,LOW
2023-05-12,0.0122940747553684,2.954084487599588,0.0,0.005123955146515511,LOW
2023-05-15,0.0140199172350221,4.319869026860133,0.0,0.00783569289559698,LOW
2023-05-16,0.9980687968124068,0.0092414498243883,0.0,0.032221217629335934,MEDIUM
2023-05-17,0.0040180243725457,1.1144626843825631,0.0,0.002322792642104493,LOW
2023-05-18,0.9999963799854932,7.253866542476925e-06,0.0,0.03227798940172357,MEDIUM
2023-05-19,0.7196234775297216,0.2803878823537816,0.0,0.023866511320703193,LOW
2023-05-22,0.0031386941051952,0.9993588430048262,0.0,0.0045947974455395136,LOW
2023-05-23,0.0022227741872724,1.9709672504172573,0.0,0.006812856365833459,LOW
2023-05-24,0.0751824063864201,2.757061787839508,0.0,0.017561056529031154,LOW
2023-05-25,0.0020520702334531,3.3046434578528032,0.0,0.011330118018440083,LOW
2023-05-26,0.0022713354234439,3.78286002002498,0.0,0.013634125167373045,LOW
2023-05-29,0.999999683158196,1.5065319264034588e-06,0.0,0.03227808667328008,MEDIUM
2023-05-30,0.0020042446678994,1.0015943122767288,0.0,0.0022646428222328724,LOW
2023-05-31,0.0020471696470762,1.88307582459399,0.0,0.004531764234741355,LOW
2023-06-01,0.3461513583067587,3.591963119374965,0.0,0.03739692811296647,MEDIUM
2023-06-02,0.0306594717294402,3.2148912319607086,0.0,0.012375739384839445,LOW
2023-06-05,0.8013934428553298,0.4146653923881616,0.0,0.026347412087913236,LOW
2023-06-06,0.0020033761550059,2.44995422675919,0.0,0.002264617747326046,LOW
2023-06-07,0.0020497770737793,4.681849496611525,0.0,0.004531914794328571,LOW
2023-06-08,0.0020033957774916,8.595653208398922,0.0,0.006793854941545191,LOW
2023-06-09,0.0022810073137223,9.151347113683578,0.0,0.009090533781010891,LOW
2023-06-12,0.0020011573087655,9.236652250452469,0.0,0.011322768434256187,LOW
2023-06-13,0.0024171713846285,7.747193254847552,0.0,0.01365938926155991,LOW
2023-06-14,0.0022430483630823,8.621074291544225,0.0,0.015900762372764093,LOW
2023-06-15,0.0023691237136144,11.219222603999889,0.0,0.01820142078487173,LOW
2023-06-16,0.002002993862805,11.37492467332392,0.0,0.020381460391240076,LOW
2023-06-19,0.0150859895185839,12.054450825714827,0.0,0.026427410040374084,LOW
2023-06-20,0.0020727438815466,13.644406886065376,0.0,0.024932825281536,LOW
2023-06-21,0.0020065715091295,12.16838322307684,0.0,0.027176520008093424,LOW
2023-06-22,0.0020002434643354,12.494694769019349,0.0,0.02943885494143971,LOW
2023-06-23,0.0020002167950385,12.936485556074723,0.0,0.031703371465033506,LOW
2023-06-26,0.0020001248527401,13.838222109221412,0.0,0.033967858181170166,MEDIUM
2023-06-27,0.0020013172296786,14.750235448244464,0.0,0.036232932863024245,MEDIUM
2023-06-28,0.0020548674224295,15.54083714361506,0.0,0.03852377415795155,MEDIUM
2023-06-30,0.0038605550892998,16.204428292559914,0.0,0.041728407444088615,MEDIUM
2023-07-03,0.0020003967128988,17.274282972899666,0.0,0.04302610282510101,MEDIUM
2023-07-04,0.2998589853179876,12.69155685036439,0.0,0.22132733644290714,HIGH
2023-07-05,0.0020080149116453,18.937836074091592,0.0,0.045295033465819055,MEDIUM
2023-07-06,0.0038002775254285,19.93019221741836,0.0,0.046330080929471135,MEDIUM
2023-07-07,0.0088154047919,20.67848853274301,0.0,0.049228013501111015,MEDIUM
2023-07-10,0.0642026405538031,20.137499043745716,0.0,0.08139400446765477,HIGH
2023-07-11,0.0024637050677883,21.989830175126663,0.0,0.045558169061555805,MEDIUM
2023-07-12,0.8581296771333448,2.4483993375370035,0.0,0.028057075203759958,LOW
2023-07-13,0.6243472807622726,0.6925219868893385,0.0,0.02095836607274547,LOW
2023-07-14,0.0026162242765476,1.9680208979233784,0.0,0.004564624487140378,LOW
2023-07-17,0.0020199390222419,6.461420436539516,0.0,0.006795287807552461,LOW
2023-07-18,0.1319645311275194,4.58733743495586,0.0,0.02422821528680727,LOW
2023-07-19,0.0033875404079398,7.568438692776653,0.0,0.011522923509820619,LOW
2023-07-20,0.0024081478765633,9.366316967688372,0.0,0.013657826043743706,LOW
2023-07-21,0.9991083819535768,0.0052650253837902,0.0,0.03225183790898378,MEDIUM
2023-07-24,0.0020104400094835,1.1358598756713147,0.0,0.0022648216885527146,LOW
2023-07-25,0.4064239615516122,1.3282327496543709,0.0,0.02859277232783878,LOW
2023-07-26,0.0020011019286116,2.609228344925934,0.0,0.006793656263901003,LOW
2023-07-27,0.8898443306151648,0.3578310427758802,0.0,0.029007774315430834,LOW
2023-07-28,0.0022496929585575,2.4525204553206708,0.0,0.00227172932628699,LOW
2023-07-31,0.0021223931747973,8.803440076576376,0.0,0.004536107862975609,LOW
2023-08-01,0.0021243341276979,17.385352654217012,0.0,0.006804329910064218,LOW
2023-08-02,0.0077430109851678,22.75894885919211,0.0,0.009721627743477644,LOW
2023-08-03,0.0037139362853563,25.11024268701961,0.0,0.011570052742826045,LOW
2023-08-04,0.0029021351538962,29.82330988644888,0.0,0.013743407073433732,LOW
2023-08-07,0.0026173606837143,32.792079195227586,0.0,0.01597641539373098,LOW
2023-08-08,0.0021124732817621,34.6310052726019,0.0,0.018142140223893183,LOW
2023-08-09,0.0033898039317149,37.60449698930133,0.0,0.02074185060768783,LOW
2023-08-10,0.0020084102853522,39.30112713632754,0.0,0.02264763088166029,LOW
2023-08-11,0.0747203207180636,33.5747394943804,0.0,0.04814437807032867,MEDIUM
2023-08-14,0.0060779009874617,39.475119437847326,0.0,0.028587526363896155,LOW
2023-08-16,0.0121223854829095,40.39718887465591,0.0,0.033241159144577426,MEDIUM
2023-08-17,0.0020037202599453,44.44773054040016,0.0,0.031704787548104664,LOW
2023-08-18,0.0038437767017002,44.4534674977652,0.0,0.03476640446491232,MEDIUM
2023-08-21,0.0020037171915282,47.5077081493425,0.0,0.03623404149470331,MEDIUM
2023-08-22,0.0020002632526323,47.0229403321901,0.0,0.03849697386644677,MEDIUM
2023-08-23,0.0024645145056353,46.31927752674915,0.0,0.041002772836105955,MEDIUM
2023-08-24,0.9438562022848788,2.5087446928301445,0.0,0.030617745244471462,LOW
2023-08-25,0.0514559486790984,4.564410678544881,0.0,0.003698267408267144,LOW
2023-08-28,0.0020070498316329,30.195100120349544,0.0,0.004529447620739084,LOW
2023-08-29,0.9542894152274158,1.0561651932088354,0.0,0.030927334358927173,LOW
2023-08-30,0.9957732125255636,0.004316167587498,0.0,0.06430717072314178,MEDIUM
2023-08-31,0.0059407826690212,0.999560739106796,0.0,0.002378332450860038,LOW
2023-09-01,0.1585453145976278,1.6772351775289165,0.0,0.01368470946853731,LOW
2023-09-04,0.8467923262008771,0.4024213919428203,0.0,0.027716320257661464,LOW
2023-09-05,0.0020565497182329,1.2330328189213398,0.0,0.0022661529323550044,LOW
2023-09-06,0.0022103424799756,2.482772707990864,0.0,0.004541186384599373,LOW
2023-09-07,0.0022358859898072,4.092282563941508,0.0,0.006813992064557871,LOW
2023-09-08,0.0020162082809452,5.416252649576987,0.0,0.009059952900223482,LOW
2023-09-11,0.0020930267571435,6.257957969817464,0.0,0.011336030382334016,LOW
2023-09-12,0.9987559426638412,0.0097038958138005,0.0,0.03224145759752048,MEDIUM
2023-09-13,0.0020219760431599,1.6487335382932609,0.0,0.0022651547470175777,LOW
2023-09-14,0.0044106930563034,7.667874737316968,0.0,0.004668267228134614,LOW
2023-09-15,0.00200821170409,9.17385294896888,0.0,0.006794272064717488,LOW
2023-09-18,0.0020236504144199,9.007249899075145,0.0,0.009060812352325257,LOW
2023-09-20,0.9962828821618944,0.0434970315911261,0.0,0.03216860326029507,MEDIUM
2023-09-21,0.0020229369503293,3.202216655836498,0.0,0.002265182489533859,LOW
2023-09-22,0.002022575661096,11.167159199061189,0.0,0.004530344117379387,LOW
2023-09-25,0.0020539452350294,12.436698300049263,0.0,0.00679823321237587,LOW
2023-09-26,0.0020005393509185,12.215793962075049,0.0,0.009058143382994112,LOW
2023-09-27,0.0059753976738014,13.146685690917604,0.0,0.011896662430328593,LOW
2023-09-28,0.9999513449271156,0.0007402736375406,0.0,0.03227666320809721,MEDIUM
2023-09-29,0.0271129898505432,0.9913374687089892,0.0,0.002991083619185989,LOW
2023-10-03,0.0022377074616553,1.328097643374934,0.0,0.004542766556207115,LOW
2023-10-04,0.140743616204894,1.8171247335922696,0.0,0.01894822220540577,LOW
2023-10-05,0.7271581694891789,0.6458155496735228,0.0,0.09638324895701884,HIGH
2023-10-06,0.1087938834289219,1.102869502739538,0.0,0.026875501018528085,LOW
2023-10-09,0.9942186258202822,0.0114079038398514,0.0,0.03210777072215912,MEDIUM
2023-10-10,0.0049750596392877,1.075860967484451,0.0,0.0023504348347651613,LOW
2023-10-11,0.0143113273977524,2.337294308096541,0.0,0.005240656204325677,LOW
2023-10-12,0.0020043593867209,2.652016072456304,0.0,0.0067939384028688895,LOW
2023-10-13,0.9999979463032864,9.259195093305555e-06,0.0,0.03227803552652657,MEDIUM
2023-10-16,0.0024618899594738,0.998672280671823,0.0,0.002277856044903296,LOW
2023-10-17,0.9999999920460722,1.5907855665370985e-08,0.0,0.03227809576938217,MEDIUM
2023-10-18,0.950769077924985,0.0492309271840542,0.0,0.06164585237886913,MEDIUM
2023-10-19,0.9999922540356846,7.79273613273567e-06,0.0,0.09683360370307549,HIGH
2023-10-20,0.9998232290221022,0.000176772382823,0.0,0.12909156158788035,HIGH
2023-10-23,0.99553721044641,0.0044727801005298,0.0,0.16073315468952176,HIGH
2023-10-25,0.7165412002716905,0.2834688704908487,0.0,0.023772674025482766,LOW
2023-10-26,0.9792017705498358,0.0353304945759424,0.0,0.03166465412316716,LOW
2023-10-27,0.0117810501091728,0.9997904278399212,0.0,0.0025471410918313205,LOW
2023-10-30,0.2523614500969313,1.503558992689381,0.0,0.019276063324479738,LOW
2023-10-31,0.999999481851448,1.4184365460392086e-06,0.0,0.03227808074521704,MEDIUM
2023-11-01,0.0021885483265715,0.9982671097270028,0.0,0.0022699639508685825,LOW
2023-11-02,0.9999791477767188,4.170528186424415e-05,0.0,0.03227748194825995,MEDIUM
2023-11-03,0.9999989900259656,1.0100550639318032e-06,0.0,0.06455613252396723,MEDIUM
2023-11-06,0.9986759635079432,0.0013240470415876,0.0,0.0967173057349972,HIGH
2023-11-07,0.0121913676921679,0.9878658367345676,0.0,0.002559007221440378,LOW
2023-11-08,0.6044702355367476,0.7770841610051642,0.0,0.04070051625009208,MEDIUM
2023-11-09,0.0197253664201752,1.0751555192338522,0.0,0.00833109111321839,LOW
2023-11-10,0.5826441553324035,0.8680228223431598,0.0,0.0787290147598128,HIGH
2023-11-13,0.990831985431712,0.0221246169743174,0.0,0.0320079264790143,LOW
2023-11-15,0.999999999815226,1.8477387781550543e-10,0.0,0.064556191996335,MEDIUM
2023-11-16,0.0678497416515881,0.9321502642512004,0.0,0.004176117226087664,LOW
2023-11-17,0.997031830799734,0.0046531715884402,0.0,0.03219066960428994,MEDIUM
2023-11-20,0.002041087405337,1.027722084380146,0.0,0.0022657065152842885,LOW
2023-11-21,0.5184552764534961,0.9652829549813872,0.0,0.035434891569301755,MEDIUM
2023-11-22,0.0217077776486875,1.084779857108962,0.0,0.008503332173590955,LOW
2023-11-23,0.002355358098023,1.8982828020163824,0.0,0.009099120584018927,LOW
2023-11-24,0.0020838537938943,2.729211891615363,0.0,0.011334706196676373,LOW
2023-11-28,0.0161276453077178,3.3381406590215046,0.0,0.01603729960040473,LOW
2023-11-29,0.9314050522298944,0.2869821538907899,0.0,0.030247670425091855,LOW
2023-11-30,0.2002720657718978,1.0744481492807882,0.0,0.00808133198147625,LOW
2023-12-01,0.0025789674607794,2.37308239576517,0.0,0.004562472983760037,LOW
2023-12-04,1.0,0.0,0.0,0.03227809600360871,MEDIUM
2023-12-05,0.9999991279456384,8.720543616114185e-07,0.0,0.06455614064686017,MEDIUM
2023-12-06,0.9999998097726256,1.9022737448491234e-07,0.0,0.09683427120543103,HIGH
2023-12-07,0.1436342659591996,0.8563660266671173,0.0,0.00640143611926752,LOW
2023-12-08,0.7940862546096011,0.2290702368779222,0.0,0.026126461212996978,LOW
2023-12-11,0.1433944897549377,1.1442771188401042,0.0,0.006394354012266948,LOW
2023-12-12,0.9477736717132604,0.1056415392024754,0.0,0.03073404472228444,LOW
2023-12-13,0.9998582182525794,0.0001494472704787,0.0,0.0645478415639545,MEDIUM
2023-12-14,0.9999999990881572,9.118426954278437e-10,0.0,0.09683428793027053,HIGH
2023-12-15,0.9796224004714182,0.0203776010484886,0.0,0.12670831920669018,HIGH
2023-12-18,0.2288800119888198,0.7711993116411477,0.0,0.008934961682839146,LOW
2023-12-19,0.998652907957043,0.002588444410146,0.0,0.03223842283389558,MEDIUM
2023-12-20,0.9999999914973816,8.510753782247513e-09,0.0,0.06455619150644877,MEDIUM
2023-12-21,0.9999999821556282,1.7844371850449058e-08,0.0,0.09683428643438786,HIGH
2023-12-22,0.9812426536191552,0.0187573464892363,0.0,0.12689974299683554,HIGH
2023-12-26,0.8051772795471271,0.1948400445663951,0.0,0.1323088067615273,HIGH
2023-12-27,0.997868692371618,0.0025127682836886,0.0,0.19329193874644252,HIGH
2023-12-28,0.2163021750416875,0.7969553544482242,0.0,0.008559246576970913,LOW
2023-12-29,0.2327396656468797,1.1054326479591856,0.0,0.018100759001255486,LOW
2024-01-01,0.9566320513508716,0.0859546335395475,0.0,0.030996783920505852,LOW
2024-01-02,0.9932564827237356,0.0070127071743763,0.0,0.06415882057098762,MEDIUM
2024-01-03,0.8918823900936169,0.1091505241244063,0.0,0.08720621243159128,HIGH
2024-01-04,0.7361924820831645,0.2690975954033008,0.0,0.024370583040684735,LOW
2024-01-05,0.1326123316351534,1.0630005185653462,0.0,0.012152309661751343,LOW
2024-01-08,0.99995998364837,8.805849273912145e-05,0.0,0.032276917602111425,MEDIUM
2024-01-09,0.99995557437942,4.442610917696018e-05,0.0,0.06455357551503312,MEDIUM
2024-01-10,0.030471238722058,0.969558516604096,0.0,0.0030884743949600654,LOW
2024-01-11,0.6427446974021096,0.6869981015252729,0.0,0.043041801469098556,MEDIUM
2024-01-12,0.623273818561659,0.4718595451823711,0.0,0.0627765990055323,MEDIUM
2024-01-15,0.99999483664302,1.2340520981266373e-05,0.0,0.032277943953485065,MEDIUM
2024-01-16,0.0179793627967701,0.9826684040293096,0.0,0.0027264791208256724,LOW
2024-01-17,0.9999999999988954,2.2093065496245788e-12,0.0,0.03227809600357619,MEDIUM
2024-01-18,0.9999753371998978,2.4662800102122785e-05,0.0,0.06455473946869698,MEDIUM
2024-01-19,0.9999999861498078,1.3852936272688466e-08,0.0,0.09683428678724855,HIGH
2024-01-23,0.999999998636168,1.3638319451212563e-09,0.0,0.12911238385378684,HIGH
2024-01-24,0.9999956333050174,4.36669498261985e-06,0.0,0.161389837067659,HIGH
2024-01-25,0.9455766050314384,0.0544233990980272,0.0,0.18401296562289593,HIGH
2024-01-29,0.9999984757594748,1.8498471156064504e-06,0.0,0.2259463578253572,HIGH
2024-01-30,0.9999646728190515,3.532724332702532e-05,0.0,0.2582164455134683,HIGH
2024-01-31,0.9992536297908626,0.0007463769095268,0.0,0.2903050412553863,HIGH
2024-02-01,0.1186211143696635,0.8816559729195987,0.0,0.0056640337697879545,LOW
2024-02-02,0.998883911545141,0.0022135016099103,0.0,0.03224522670015285,MEDIUM
2024-02-05,0.8598530457597761,0.1404053232572398,0.0,0.056217664407789136,MEDIUM
2024-02-06,0.0133172823051328,1.012705784142186,0.0,0.002591572152848078,LOW
2024-02-07,0.9991264089093772,0.0017967360550259,0.0,0.0322523688374913,MEDIUM
2024-02-08,0.9999352632422146,6.474838302121546e-05,0.0,0.06455237926393204,MEDIUM
2024-02-09,0.0159994034122106,0.9841726291859836,0.0,0.0026691720642116183,LOW
2024-02-12,0.2364576871181891,1.3751411377016802,0.0,0.018323233861680232,LOW
2024-02-13,0.0510928458021153,1.2798843045309898,0.0,0.011063094302978306,LOW
2024-02-14,0.999996462067912,1.2639553503354458e-05,0.0,0.03227799181888045,MEDIUM
2024-02-15,0.3208406025929491,0.6792555867893549,0.0,0.01169975827176118,LOW
2024-02-16,0.9925346528073714,0.0123372386690556,0.0,0.032058130648867776,LOW
2024-02-19,0.002185651310859,1.0379383347208746,0.0,0.0022698803083198243,LOW
2024-02-20,0.002027247533373,2.2533231302981664,0.0,0.004530613882347752,LOW
2024-02-21,0.6263404943968353,1.3149695822435603,0.0,0.06305798430319068,MEDIUM
2024-02-22,0.0319062236028534,1.2370828851057072,0.0,0.012520424699014411,LOW
2024-02-23,0.5009503488565787,1.046700045025772,0.0,0.08590952739652472,HIGH
2024-02-26,0.0020060452644569,3.184064730660657,0.0,0.013588168844490467,LOW
2024-02-27,0.1901453340365835,3.0596706435737007,0.0,0.054459746029700364,MEDIUM
2024-02-28,0.9469348428228668,0.2518014062588715,0.0,0.03070914759595136,LOW
2024-02-29,0.0035512451697625,1.5037276042210208,0.0,0.002309312197127043,LOW
2024-03-01,0.9999259699155788,0.0001693935689247,0.0,0.032275915960001386,MEDIUM
2024-03-04,0.0232284541303533,0.978261528732077,0.0,0.002878498042531431,LOW
2024-03-05,0.0030650382072848,1.1633035991362153,0.0,0.00459054361146101,LOW
2024-03-06,0.0141540659706444,2.032623911764896,0.0,0.007847335475951418,LOW
2024-03-07,0.0034860818258524,2.921694812875667,0.0,0.009229721531900197,LOW
2024-03-11,0.8571127402710156,0.5697126380172999,0.0,0.028026529031563788,LOW
2024-03-12,0.0078136286397203,1.6239002452503557,0.0,0.002432447717586151,LOW
2024-03-13,0.999997222339632,5.838385088637088e-06,0.0,0.032278014207303286,MEDIUM
2024-03-14,0.2099416136777482,0.7900668462765903,0.0,0.008369490299746443,LOW
2024-03-15,0.0122320623445109,1.0321375806185893,0.0,0.0051203682597333045,LOW
2024-03-18,0.0118210469626777,1.9471876996163944,0.0,0.0076448932205652725,LOW
2024-03-19,0.0400069534739776,2.686155688696403,0.0,0.013461240739609907,LOW
2024-03-20,0.0619312745591863,3.1216863343335404,0.0,0.02001728516756028,LOW
2024-03-21,0.9973331876343268,0.0087740649405228,0.0,0.032199547791001606,MEDIUM
2024-03-22,0.839604752709177,0.1686283265878236,0.0,0.05500011067565306,MEDIUM
2024-03-26,0.999999717086892,5.089909979616221e-07,0.0,0.09683426301722776,HIGH
2024-03-27,0.003336257436086,0.9967044981384596,0.0,0.0023031037698889156,LOW
2024-03-28,0.7499505395492863,0.491159290195963,0.0,0.049577304158499556,MEDIUM
2024-04-01,0.9954543786967442,0.0109284869576041,0.0,0.032144190022116756,MEDIUM
2024-04-02,0.0026053579459973,1.0070605133885648,0.0,0.0022819984889167547,LOW
2024-04-03,0.4390546212418408,1.1500808280514498,0.0,0.030581785577419,LOW
2024-04-04,0.9999957460467384,7.11937982619466e-06,0.0,0.032277970733541876,MEDIUM
2024-04-05,0.0076493474455914,0.9925501411357748,0.0,0.002427700187649596,LOW
2024-04-08,0.0059618452874326,1.1681542302852543,0.0,0.004757881907822583,LOW
2024-04-09,0.9999993387320066,1.8893204733981583e-06,0.0,0.03227807653064847,MEDIUM
2024-04-10,0.7717303613595552,0.2282705025344283,0.0,0.02544949777077693,LOW
2024-04-12,0.25690677647786,0.7503148688624157,0.0,0.019548734490914495,LOW
2024-04-15,0.9999993147632912,1.4756195075759284e-06,0.0,0.03227807582481986,MEDIUM
2024-04-16,0.999977288267054,2.271174348360612e-05,0.0,0.06455485437881103,MEDIUM
2024-04-18,0.8343575652597379,0.1656482371801142,0.0,0.08202618337688797,HIGH
2024-04-19,0.9999836214023204,1.678433249320039e-05,0.0,0.12911045475022187,HIGH
2024-04-22,0.9999999797384336,2.0261566309435337e-08,0.0,0.1613904770347398,HIGH
2024-04-23,0.999999999305805,6.94195034601454e-10,0.0,0.1936685758989967,HIGH
2024-04-24,0.1875650033946717,0.8124349979582972,0.0,0.007703242496608923,LOW
2024-04-25,0.9999990284042254,1.486418974504926e-06,0.0,0.03227806739214326,MEDIUM
2024-04-26,0.9999955413711464,4.458628853704697e-06,0.0,0.0645559294125395,MEDIUM
2024-04-29,0.9216821582036204,0.0783180481396932,0.0,0.08987470056963572,HIGH
2024-04-30,0.597547117882701,0.4041841935718528,0.0,0.020138394632871745,LOW
2024-05-02,0.7620513347318889,0.3592018281118024,0.0,0.05031194050242761,MEDIUM
2024-05-03,0.9999971631393236,4.0856126038260015e-06,0.0,0.032278012463977275,MEDIUM
2024-05-06,0.9995553683312915,0.0004446408206466,0.0,0.0645300041625584,MEDIUM
2024-05-07,0.9929044773971548,0.0070973908925866,0.0,0.09620710025520272,HIGH
2024-05-08,0.7085943308286857,0.2921997452890395,0.0,0.02353064717430145,LOW
2024-05-09,0.6467952208407389,0.4617165544306778,0.0,0.043289408959928576,MEDIUM
2024-05-10,0.0063798017363551,1.5872823993785523,0.0,0.007173048717480579,LOW
2024-05-13,0.8783516731304564,0.2927917494033739,0.0,0.028663701383841663,LOW
2024-05-14,0.002542194482802,1.505646867701193,0.0,0.0022801747170914876,LOW
2024-05-15,0.0033343180214446,2.9235481976552906,0.0,0.004606095528775631,LOW
2024-05-16,0.9994770173247112,0.0017928258322356,0.0,0.032262694635578765,MEDIUM
2024-05-17,0.0142607493256922,1.001019160334997,0.0,0.0026188648535726243,LOW
2024-05-21,0.9775513103660796,0.0457240267355565,0.0,0.03161589085626067,LOW
2024-05-22,0.0300878201083017,0.977411330377486,0.0,0.0030773523318868884,LOW
2024-05-23,0.999121908319044,0.0017587039492708,0.0,0.0322522362865914,MEDIUM
2024-05-24,0.0151763747981983,0.9999733016743958,0.0,0.0026453562638496433,LOW
2024-05-27,0.1886313982043997,1.6340930424115083,0.0,0.015469892640301791,LOW
2024-05-28,0.0254411654882723,2.0551807684967365,0.0,0.008827860559439136,LOW
2024-05-29,0.9600808358512788,0.1429196809666825,0.0,0.031098982919112658,LOW
2024-05-30,0.0244921550263279,1.3793004152094208,0.0,0.002915115929825086,LOW
2024-05-31,0.0203540306019346,2.8508553819460745,0.0,0.005590470804556823,LOW
2024-06-03,1.0,0.0,0.0,0.03227809600360871,MEDIUM
2024-06-04,1.0,0.0,0.0,0.06455619200721742,MEDIUM
2024-06-05,0.999999999979925,2.007505273127208e-11,0.0,0.09683428800905262,HIGH
2024-06-06,0.9999999999544582,4.5541792559293446e-11,0.0,0.1291123840090704,HIGH
2024-06-07,1.0,0.0,0.0,0.16139048001804354,HIGH
2024-06-10,0.9999983833837336,1.6166162665198769e-06,0.0,0.19366829038581093,HIGH
2024-06-11,0.9999991350860998,8.64913900150221e-07,0.0,0.22594649373591233,HIGH
2024-06-12,0.99999977217458,2.2782542011197723e-07,0.0,0.2582247143570121,HIGH
2024-06-13,1.0,0.0,0.0,0.2905028640324784,HIGH
2024-06-14,0.9999999960764002,3.923599778410392e-09,0.0,0.32278095888066904,HIGH
2024-06-18,1.0,0.0,0.0,0.35505905603969584,HIGH
2024-06-19,0.9999999467909874,5.320901264038724e-08,0.0,0.3873371332405749,HIGH
2024-06-20,0.999999947340182,5.265981814246944e-08,0.0,0.4196152278875338,HIGH
2024-06-21,0.9999999987412824,1.2587174963333383e-09,0.0,0.4518933435315895,HIGH
2024-06-24,0.9999999999880852,1.1914802470759324e-11,0.0,0.4841714400488676,HIGH
2024-06-25,0.999967567474652,3.243252534815774e-05,0.0,0.5164342548989201,HIGH
2024-06-26,0.9999779718432468,2.2028164960213197e-05,0.0,0.5487166044291907,HIGH
2024-06-27,0.9999885149662402,1.1485107568571417e-05,0.0,0.5809996402755725,HIGH
2024-06-28,0.9999735570779764,2.644340319585735e-05,0.0,0.6132690289522129,HIGH
2024-07-01,0.999999993994994,6.005006098483312e-09,0.0,0.6455619165354768,HIGH
2024-07-02,0.999999998658178,1.3418218741574566e-09,0.0,0.6455619192818971,HIGH
2024-07-03,1.0,0.0,0.0,0.6455619200721742,HIGH
2024-07-04,0.9883861958607908,0.0116138041392093,0.0,0.6387157606183517,HIGH
2024-07-05,0.0382284779561149,0.9617737555577548,0.0,0.003313645298346749,LOW
2024-07-08,0.0020232836717433,1.829820807608901,0.0,0.004530384999577158,LOW
2024-07-09,0.0020012725342765,2.2032295647089644,0.0,0.006793671040604843,LOW
2024-07-10,0.288422952783603,2.132221363189645,0.0,0.042886977367159275,MEDIUM
2024-07-11,0.4604854560733972,1.7388892895468802,0.0,0.07972532263982676,HIGH
2024-07-12,0.004145178518977,2.5090532729697035,0.0,0.01395878999363529,LOW
2024-07-15,0.04461565220474,3.6966814103875296,0.0,0.024494847377756715,LOW
2024-07-16,0.0020114608704549,3.75190563022553,0.0,0.018118809295589268,LOW
2024-07-18,0.9990700024887816,0.0040302871312729,0.0,0.03225070755503495,MEDIUM
2024-07-19,0.999999971836328,2.8176011548170144e-08,0.0,0.06455619034849495,MEDIUM
2024-07-22,0.6435441305589822,0.3564567002510577,0.0,0.021545336807696026,LOW
2024-07-23,0.9999990024750792,1.065287603339161e-06,0.0,0.032278066628584026,MEDIUM
2024-07-24,0.5924903478829019,0.4075211915107923,0.0,0.01998363022901314,LOW
2024-07-25,0.9999999999312654,1.313838911838917e-10,0.0,0.03227809600158462,MEDIUM
2024-07-26,0.9999999820112876,1.798871251935665e-08,0.0,0.06455619094775751,MEDIUM
2024-07-29,0.9997526461793944,0.0002473538206054,0.0,0.09681243543536845,HIGH
2024-07-30,0.8372458933204776,0.1627546556764015,0.0,0.10971616461938537,HIGH
2024-07-31,0.0578086138054682,0.950201624003774,0.0,0.0038832844710649274,LOW
2024-08-01,0.9981535727332388,0.0036778764334535,0.0,0.03222371483083111,MEDIUM
2024-08-02,0.999999999419911,5.800889921860313e-10,0.0,0.06455619197305261,MEDIUM
2024-08-05,0.9999999870956838,1.2904316158503524e-08,0.0,0.09683428687081076,HIGH
2024-08-06,0.9999991025884798,8.974115202464327e-07,0.0,0.1291122783068588,HIGH
2024-08-07,1.0,0.0,0.0,0.16139048001804354,HIGH
2024-08-08,0.9741413859321868,0.0258586140678133,0.0,0.18909063255335032,HIGH
2024-08-09,1.0,0.0,0.0,0.22594667202526095,HIGH
2024-08-12,0.9984646629273202,0.0015353370726798,0.0,0.25786302542315126,HIGH
2024-08-13,0.9999437975681166,5.620245931018647e-05,0.0,0.290487968571248,HIGH
2024-08-14,0.9965977777567064,0.003402269396067,0.0,0.3217788136872792,HIGH
2024-08-16,0.9996454981686358,0.0003621755298563,0.0,0.3549442201832892,HIGH
2024-08-19,0.9999972937511816,2.7094791198620816e-06,0.0,0.38733619572269934,HIGH
2024-08-20,0.4049083535667002,0.5950986955284688,0.0,0.014250245243076479,LOW
2024-08-21,0.4628702434858199,0.5399130987852084,0.0,0.032035804276505354,LOW
2024-08-22,0.9999999603169608,8.35611037933309e-08,0.0,0.03227809483502621,MEDIUM
2024-08-23,0.7043943480985068,0.2956093677277849,0.0,0.023402682631059046,LOW
2024-08-26,0.3060148538166397,0.6954118485109849,0.0,0.022504105570568353,LOW
2024-08-27,0.1342934021381386,1.623977510560209,0.0,0.01837719483016129,LOW
2024-08-28,0.944806138746119,0.1485333156128594,0.0,0.030645952408496893,LOW
2024-08-29,0.8693692469635972,0.1371618724952854,0.0,0.056788862367810417,MEDIUM
2024-08-30,0.999999979767192,2.5658622518481933e-08,0.0,0.0968342862233845,HIGH
2024-09-02,0.999999967247374,3.275262605345106e-08,0.0,0.12911238015644952,HIGH
2024-09-03,0.8846257869239347,0.1153742165866834,0.0,0.14425800946682188,HIGH
2024-09-04,1.0,0.0,0.0,0.19366857602165224,HIGH
2024-09-05,0.958547417343706,0.0414525826562941,0.0,0.21737484294824286,HIGH
2024-09-06,0.5003230644744435,0.4997151026799066,0.0,0.01716271896825418,LOW
2024-09-09,0.0075226651496524,1.1283155892096317,0.0,0.0048480786200823115,LOW
2024-09-10,0.0118793002586042,1.988842059818561,0.0,0.007649947053037126,LOW
2024-09-11,0.0026746821495895,2.8903981906436456,0.0,0.009136000668871455,LOW
2024-09-12,0.8571738964031492,0.5679635025860572,0.0,0.02802836611056807,LOW
2024-09-13,0.0878059538953586,2.380189469949204,0.0,0.004759522484942467,LOW
2024-09-16,0.0023428836721642,2.1013581954404064,0.0,0.004548839949956392,LOW
2024-09-17,0.0022729424146129,2.109396744997664,0.0,0.006817201776670708,LOW
2024-09-18,0.0063195105670304,3.0412622495303103,0.0,0.00955709719839002,LOW
2024-09-19,0.1854203100706498,3.367729834072767,0.0,0.03819747739189155,MEDIUM
2024-09-20,0.4748083247791316,1.4874833631811113,0.0,0.09829581841828335,HIGH
2024-09-23,0.0131486489114135,5.073781562835007,0.0,0.018106860545629728,LOW
2024-09-24,0.0026080095620963,6.632512490611842,0.0,0.018256600413457617,LOW
2024-09-25,0.009911279655659,7.718872875439774,0.0,0.02243770917658422,LOW
2024-09-26,0.4764261566887056,4.621955447682828,0.0,0.16432078535578085,HIGH
2024-09-27,0.002179908411341,8.224910516883954,0.0,0.024966859495834094,LOW
2024-09-30,0.3490120023870354,6.065872268032448,0.0,0.15062784952945293,HIGH
2024-10-01,0.007954618319097,9.488869756984228,0.0,0.03167478931139703,LOW
2024-10-03,0.999999777265284,1.917059622113007e-06,0.0,0.032278089444537104,MEDIUM
2024-10-04,0.999918137583512,8.18624226384712e-05,0.0,0.06455137062285393,MEDIUM
2024-10-07,0.9998749464712016,0.0001250541048292,0.0,0.09682324020954051,HIGH
2024-10-08,0.8401625689905583,0.1598463160185506,0.0,0.11006738303345175,HIGH
2024-10-09,0.9951240242027684,0.0053399968442702,0.0,0.16067227353951036,HIGH
2024-10-10,0.9887846301380075,0.0112440120373162,0.0,0.19168525000714112,HIGH
2024-10-11,0.117978234676166,0.8849895134630478,0.0,0.0056451187193299465,LOW
2024-10-14,0.1665331430377757,1.274169037810695,0.0,0.014157912612967772,LOW
2024-10-15,0.9987848572578736,0.0034509887458212,0.0,0.032242309233514295,MEDIUM
2024-10-16,0.8289283669228622,0.1716681093174841,0.0,0.05435697544813306,MEDIUM
2024-10-17,0.9999999976553052,3.6885169991468044e-09,0.0,0.09683428780368705,HIGH
2024-10-18,0.9990536333204753,0.000946366890645,0.0,0.1290009017896818,HIGH
2024-10-21,0.9999863276605482,1.3672677054115658e-05,0.0,0.16138846690692338,HIGH
2024-10-22,0.9999752163365926,2.4783971928360767e-05,0.0,0.19366419705098015,HIGH
2024-10-23,0.9999977780077928,2.2221091297939357e-06,0.0,0.22594621399402262,HIGH
2024-10-24,0.2928693454284007,0.7071338579280216,0.0,0.010855683108636228,LOW
2024-10-25,0.9965561626295548,0.0064402643529703,0.0,0.03217665524315447,MEDIUM
2024-10-28,0.9991141819997336,0.0008876671260138,0.0,0.06450401746331132,MEDIUM
2024-10-29,0.9975717950835654,0.0024300221168222,0.0,0.09661973113142104,HIGH
2024-10-30,0.9985693674353848,0.001434925947778,0.0,0.12894384885072285,HIGH
2024-10-31,0.6955035110430037,0.3047321666977329,0.0,0.023131685526690732,LOW
2024-11-01,0.9907257614105378,0.0123604521401261,0.0,0.03200479396644786,LOW
2024-11-04,0.9923378349340612,0.0108922888297018,0.0,0.06410465604950445,MEDIUM
2024-11-05,0.999845180567372,0.0001557166531683,0.0,0.09682061052186443,HIGH
2024-11-06,0.6167754631151896,0.38343023778436,0.0,0.020726752763825653,LOW
2024-11-07,0.9999898286928722,1.8796762053686248e-05,0.0,0.03227779647965351,MEDIUM
2024-11-08,0.2323612255989736,0.7677022838002511,0.0,0.009039060177746609,LOW
2024-11-11,0.7783945487116809,0.3013011185298576,0.0,0.051302894505882136,MEDIUM
2024-11-12,0.9998658242033786,0.0001921372842742,0.0,0.032274144766093964,MEDIUM
2024-11-13,0.0838657619639154,0.9180205623902664,0.0,0.004644185370658363,LOW
2024-11-14,0.0051027341990925,1.198338563065927,0.0,0.004708245626624255,LOW
2024-11-18,0.4776103650161954,1.0668584461990014,0.0,0.04940481239681239,MEDIUM
2024-11-19,0.4553057521701134,1.011171766827849,0.0,0.06314756314121339,MEDIUM
2024-11-21,0.0026948369901297,2.4800441729696026,0.0,0.011422910628595488,LOW
2024-11-22,0.9981229487759272,0.0056260661879588,0.0,0.032222812760149315,MEDIUM
2024-11-25,0.99999999951678,4.832200682176047e-10,0.0,0.06455619197875778,MEDIUM
2024-11-26,0.9978452606439012,0.0021547393685044,0.0,0.09664389864234886,HIGH
2024-11-27,0.0033741536221976,0.996633662265813,0.0,0.0023041981217281097,LOW
2024-11-28,0.930863352679956,0.1380581275536581,0.0,0.03023155514076727,LOW
2024-11-29,0.0538134425624231,0.9703012448689604,0.0,0.0037669053569123756,LOW
2024-12-02,0.0297293572019717,1.8354022237700431,0.0,0.006133909629042141,LOW
2024-12-03,0.0092479664471833,2.4387685069393408,0.0,0.007421711729419954,LOW
2024-12-04,0.0028789233512682,2.9852780385809634,0.0,0.009159590384261545,LOW
2024-12-05,0.7622685650404506,1.0378008132202297,0.0,0.1258128038432562,HIGH
2024-12-06,0.0020886690215785,4.069913910124642,0.0,0.013602481572541078,LOW
2024-12-09,0.0042969370342791,5.784409213585189,0.0,0.016315936423247142,LOW
2024-12-10,0.0923562583411674,6.225194218962061,0.0,0.039142473777543985,MEDIUM
2024-12-11,0.0084282562077071,4.278243223737014,0.0,0.02205189789132167,LOW
2024-12-12,0.1085409706633148,2.5238068194462584,0.0,0.05367670095725162,MEDIUM
2024-12-13,0.9999929093096454,2.1234749675118167e-05,0.0,0.03227788719749481,MEDIUM
2024-12-16,0.5065391208330596,0.4936456501836222,0.0,0.01735286164009231,LOW
2024-12-17,0.9988096554278678,0.0014461637272501,0.0,0.03224303962338603,MEDIUM
2024-12-18,0.946986652315206,0.0530581769161874,0.0,0.061421370862585346,MEDIUM
2024-12-19,1.0,0.0,0.0,0.09683428801082612,HIGH
2024-12-20,0.9999975120336894,2.487966310638079e-06,0.0,0.1291120909527632,HIGH
2024-12-23,0.9999554480656624,4.455193433775874e-05,0.0,0.16138392018907516,HIGH
2024-12-24,0.8815463812258393,0.1184542361357833,0.0,0.17255638208134735,HIGH
2024-12-26,0.9227972896897518,0.0805493736882423,0.0,0.20994014519329696,HIGH
2024-12-27,0.9923330378779358,0.0087675343608145,0.0,0.25641749275835696,HIGH
2024-12-30,0.9778017045534104,0.0249001811809904,0.0,0.28460960636786403,HIGH
2024-12-31,0.983047487169418,0.0170582541082535,0.0,0.3177822967846004,HIGH
2025-01-01,0.929766452367058,0.0712639292951714,0.0,0.33218811077608057,HIGH
2025-01-02,0.9999992535136434,8.404846963919738e-07,0.0,0.38733688825374774,HIGH
2025-01-03,0.9999343459444224,6.565407903937192e-05,0.0,0.4195901140495041,HIGH
2025-01-06,0.9999996534910518,3.469361978914928e-07,0.0,0.4518932011950257,HIGH
2025-01-07,0.6149851618945943,0.3850161755558389,0.0,0.020671982788230063,LOW
2025-01-08,0.9998480892704964,0.0002595755773851,0.0,0.032273622497874056,MEDIUM
2025-01-09,0.9196422244315704,0.0803768492591875,0.0,0.059794915835450525,MEDIUM
2025-01-10,0.2365111414300205,0.8498140878721111,0.0,0.009163216591964151,LOW
2025-01-13,0.9999939296419889,1.54030724839223e-05,0.0,0.03227791724417867,MEDIUM
2025-01-14,0.0383339841164511,0.9618599469671472,0.0,0.0033167098390200684,LOW
2025-01-15,0.4037566322942798,0.9368029521641664,0.0,0.028430371404591395,LOW
2025-01-16,0.9999999931835551,1.7325729393057535e-08,0.0,0.032278095802878666,MEDIUM
2025-01-17,0.0699929977479171,0.9300109315914928,0.0,0.004238683671641984,LOW
2025-01-20,0.1322921676369273,0.8981103817919996,0.0,0.012133428513164868,LOW
2025-01-21,0.9999974750498112,4.958894056023663e-06,0.0,0.03227802164909252,MEDIUM
2025-01-22,0.3344520280993564,0.6656321107083685,0.0,0.012111394079747465,LOW
2025-01-23,0.0028195459282434,1.0020117172040024,0.0,0.0045763661251518595,LOW
2025-01-24,0.2339934145891647,1.5315089491258238,0.0,0.02726365115617775,LOW
2025-01-27,0.2624441457360409,1.8771459371854016,0.0,0.03976224851140797,MEDIUM
2025-01-28,0.1805613974180854,2.1035051562634184,0.0,0.03747572698969191,MEDIUM
2025-01-29,0.0026676807007102,3.2154425251937253,0.0,0.013702788031144547,LOW
2025-01-30,0.0027992370297944,4.520335359173762,0.0,0.01601317650445645,LOW
2025-01-31,0.056114943420624,5.511718277719088,0.0,0.03067150926595863,LOW
2025-02-01,0.1644282137294111,5.312583451010656,0.0,0.06314922681541414,MEDIUM
2025-02-03,0.9648728602999186,0.2314810239618919,0.0,0.031240900546852475,LOW
2025-02-04,0.016399884026984,2.162906278955387,0.0,0.00268076186820323,LOW
2025-02-05,0.9447709846124824,0.1139845994735958,0.0,0.03064490861947082,LOW
2025-02-06,0.141539875427501,1.4596099070393107,0.0,0.006339584197833487,LOW
2025-02-07,0.0029629698119381,1.9474303253730287,0.0,0.004584648963034528,LOW
2025-02-10,0.0020098996980705,2.2411148142470148,0.0,0.0067944182674831615,LOW
2025-02-11,0.0205466146049087,3.0099326091654866,0.0,0.011203250738705539,LOW
2025-02-12,0.011001711886767,3.7735769632940968,0.0,0.012623026778039446,LOW
2025-02-13,0.0027763934626185,4.693427884179541,0.0,0.01372162222970034,LOW
2025-02-14,0.0059515425597185,4.5045101380523125,0.0,0.016650503141161396,LOW
2025-02-17,0.0427094530870465,4.938608783993264,0.0,0.027550776830279757,LOW
2025-02-18,0.0020373489688949,5.805445527470444,0.0,0.02039038723744998,LOW
2025-02-19,0.0076647599860704,6.032601535107471,0.0,0.024281455860773092,LOW
2025-02-20,0.9995331145719688,0.0034380811608751,0.0,0.032264346708475694,MEDIUM
2025-02-21,0.0020022063419876,1.5591997493296104,0.0,0.0022645839735644323,LOW
2025-02-24,0.9491280868407672,0.1188855332676312,0.0,0.03077423850218493,LOW
2025-02-25,0.0021197627994349,1.290319070889178,0.0,0.0022679779882119086,LOW
2025-02-27,0.0020008547336998,7.386071491560578,0.0,0.004529089902371725,LOW
2025-02-28,0.8584408820552939,1.6591871626828318,0.0,0.02806642225148411,LOW
2025-03-03,0.005891349943986,5.812883494434798,0.0,0.0023769043384651543,LOW
2025-03-04,0.9999976517928983,7.988126173111478e-06,0.0,0.03227802685380871,MEDIUM
2025-03-05,0.2848608570809082,0.7157198545516545,0.0,0.01061449200840537,LOW
2025-03-06,0.9890322233652246,0.0112104107279277,0.0,0.031954845199855836,LOW
2025-03-07,0.0022093012896602,1.068304916258727,0.0,0.002270563130970299,LOW
2025-03-10,0.0207066269285671,2.19159356404944,0.0,0.005610893637905914,LOW
2025-03-11,0.9957843304447884,0.0136418338902971,0.0,0.032153912974156706,MEDIUM
2025-03-12,0.015582905368462,1.050129543841731,0.0,0.0026571195417794133,LOW
2025-03-13,0.9133444822441052,0.1742867345605326,0.0,0.02970972215962483,LOW
2025-03-17,0.0273063418380716,1.1083417869919732,0.0,0.002996689443276953,LOW
2025-03-18,0.03469024538273,1.842494156390044,0.0,0.006421808912137223,LOW
2025-03-19,0.0020227578650375,2.1788855389904622,0.0,0.0067955319573937065,LOW
2025-03-20,0.0065609765049908,2.97826115410107,0.0,0.009585003470996393,LOW
2025-03-21,0.0050864942582119,3.936067847279619,0.0,0.011768268528311334,LOW
2025-03-24,0.031117469889563,4.7684421874043705,0.0,0.018643329760483194,LOW
2025-03-25,0.0082670857092151,5.664142571597031,0.0,0.017118869332931403,LOW
2025-03-26,0.0507972216960835,6.374940811543751,0.0,0.029432747608435478,LOW
2025-03-27,0.0172128402990231,7.291137800783931,0.0,0.024338618924615987,LOW
2025-03-28,0.0020232124078298,8.357446575870515,0.0,0.022651904423155927,LOW
2025-04-01,0.1498440337497746,7.848269116906893,0.0,0.07243432835314575,HIGH
2025-04-02,0.0020144755603734,10.150124674795304,0.0,0.0271792583933003,LOW
2025-04-03,0.999996126700243,4.316850050963664e-05,0.0,0.03227798194299842,MEDIUM
2025-04-04,0.033505790877105,0.9753557586289888,0.0,0.0031765244922720226,LOW
2025-04-07,1.0,0.0,0.0,0.03227809600360871,MEDIUM
2025-04-08,0.9999999354203102,6.457968981798957e-08,0.0,0.06455618820374383,MEDIUM
2025-04-09,0.554628088232486,0.4453719117675139,0.0,0.01882461595484358,LOW
2025-04-11,0.9999999995129204,9.708150333392776e-10,0.0,0.03227809598926523,MEDIUM
2025-04-15,1.0,0.0,0.0,0.06455619200721742,MEDIUM
2025-04-16,0.998888263402547,0.001111736597453,0.0,0.09673606462588935,HIGH
2025-04-17,0.9999999996599586,3.400414247189793e-10,0.0,0.12911238397438082,HIGH
2025-04-21,0.9999807339961092,1.926600389064735e-05,0.0,0.16138764329623959,HIGH
2025-04-22,0.99998879354703,1.1206462073085136e-05,0.0,0.1936665959803398,HIGH
2025-04-23,1.0,0.0,0.0,0.22594667202526095,HIGH
2025-04-24,0.9998587415237138,0.0001412584762862,0.0,0.2581914895324366,HIGH
2025-04-25,0.9999999755002676,2.4501557506905297e-08,0.0,0.2905028575392855,HIGH
2025-04-28,0.9999999948327392,5.167260727841032e-09,0.0,0.3227809585144369,HIGH
2025-04-29,0.999981105577439,1.889442256099823e-05,0.0,0.3550529356173043,HIGH
2025-04-30,0.9999991683831077,8.316209063488299e-07,0.0,0.38733685817074953,HIGH
2025-05-02,0.9999999960008727,3.999127282805626e-09,0.0,0.4196152465159561,HIGH
2025-05-05,0.999957946006357,4.205399576396714e-05,0.0,0.45187600636410086,HIGH
2025-05-06,0.9999998998469916,1.0015601205704597e-07,0.0,0.4841713958146811,HIGH
2025-05-07,1.0,0.0,0.0,0.5164495360577394,HIGH
2025-05-08,0.9999996763298018,3.236701981990109e-07,0.0,0.5487274700273685,HIGH
2025-05-09,1.0,0.0,0.0,0.5810057280649568,HIGH
2025-05-12,0.999999999998206,1.793898363189328e-12,0.0,0.6132838240675617,HIGH
2025-05-13,0.999953483921442,4.6516078557878606e-05,0.0,0.6455345239493833,HIGH
2025-05-14,0.996192602690488,0.0038073980194927,0.0,0.6433188635191022,HIGH
2025-05-15,0.9999895723908244,1.1233579008835044e-05,0.0,0.6455557786416458,HIGH
2025-05-16,0.4141287133112545,0.586513762819465,0.0,0.014531022506745607,LOW
2025-05-19,0.5838596564283601,0.4202954004286265,0.0,0.039438920166505805,MEDIUM
2025-05-20,0.999999999255898,1.097552843546673e-09,0.0,0.03227809598169647,MEDIUM
2025-05-21,0.9969847801101944,0.0030152200135029,0.0,0.06437856684062769,MEDIUM
2025-05-22,0.99816630796541,0.0018337297986388,0.0,0.096672269889944,HIGH
2025-05-23,0.9870300263618846,0.0129934498956293,0.0,0.12758310509158943,HIGH
2025-05-26,0.5254416008087905,0.4801960452561286,0.0,0.017931239886978003,LOW
2025-05-27,0.9945422317260456,0.0100011764460954,0.0,0.03211730849180399,MEDIUM
2025-05-28,0.0302936063026237,1.013849737122592,0.0,0.0030833216125292348,LOW
2025-05-29,0.9972369846380232,0.0056420358981534,0.0,0.03219671362708179,MEDIUM
2025-05-30,0.2759991893618919,0.7262055536543336,0.0,0.010347864093859623,LOW
2025-06-02,0.9962319394849312,0.0072866832462523,0.0,0.03216710223902205,MEDIUM
2025-06-03,0.999932554903526,6.806844073405075e-05,0.0,0.06455221975248435,MEDIUM
2025-06-04,0.0561864650964749,0.9444292437982994,0.0,0.0038360221965428945,LOW
2025-06-05,0.999223846965032,0.0015491705476998,0.0,0.032255238549992064,MEDIUM
2025-06-06,0.9996924869178015,0.0003078588270727,0.0,0.06453808034287338,MEDIUM
2025-06-09,1.0,0.0,0.0,0.09683428801082612,HIGH
2025-06-10,0.9999054985621076,9.450143789246912e-05,0.0,0.12910125245444917,HIGH
2025-06-11,0.015302696972824,0.9846974360458814,0.0,0.0026490114086317007,LOW
2025-06-12,0.99657231594257,0.006796503560764,0.0,0.03217713117655546,MEDIUM
2025-06-13,1.0,0.0,0.0,0.06455619200721742,MEDIUM
2025-06-16,0.9932124046865376,0.0067875953134625,0.0,0.09623433278079177,HIGH
2025-06-17,0.8583324467553519,0.1416675550744728,0.0,0.11225266173754687,HIGH
2025-06-18,0.959233993952472,0.0477375014594129,0.0,0.1553694647833173,HIGH
2025-06-19,0.0416610051792873,1.0671465785815226,0.0,0.003413374165667739,LOW
2025-06-20,0.9999999278431436,1.504265708969303e-07,0.0,0.032278093878740206,MEDIUM
2025-06-23,0.9999608802501456,3.911976930821666e-05,0.0,0.06455388801063948,MEDIUM
2025-06-24,0.9999980815939092,1.9184117571555567e-06,0.0,0.09683411853166093,HIGH
2025-06-25,0.969517874041447,0.0304823104709232,0.0,0.12551347345148536,HIGH
2025-06-26,0.9999976579142582,2.414462423469191e-06,0.0,0.16139013517035009,HIGH
2025-06-27,0.0193919350973375,0.9809728842560714,0.0,0.0027673755486738952,LOW
2025-06-30,0.9321901869308296,0.1296257899142241,0.0,0.03027102560061747,LOW
2025-07-01,0.0412176844986447,1.0080475888158984,0.0,0.0034004907199525858,LOW
2025-07-02,0.9896755461896328,0.0207255125319272,0.0,0.031973820716361664,LOW
2025-07-03,0.4616960826510735,0.5482622303372262,0.0,0.015982039221049887,LOW
2025-07-04,0.7094695648810744,0.4362917031877795,0.0,0.047114618561402304,MEDIUM
2025-07-07,0.0199319473195731,1.1056998856365092,0.0,0.008349037162486823,LOW
2025-07-08,0.9981993059971032,0.0036397533855225,0.0,0.03222506195893796,MEDIUM
2025-07-09,0.484455498589439,0.5175344357002071,0.0,0.01667750628821485,LOW
2025-07-10,0.9999948109210236,1.0179331581872084e-05,0.0,0.03227794319602547,MEDIUM
2025-07-11,0.983956115213282,0.0160442230163082,0.0,0.06361010907748192,MEDIUM
2025-07-14,0.0113577037104224,0.9895191136568956,0.0,0.0025348990300237528,LOW
2025-07-15,0.0026288633712256,1.869162393330987,0.0,0.004565354371541919,LOW
2025-07-16,0.0080057398330593,2.287993730860398,0.0,0.007313999000426667,LOW
2025-07-17,0.9570416545646542,0.1287018532804889,0.0,0.031008924534964285,LOW
2025-07-18,0.0154137351470636,2.938380137074226,0.0,0.002652224372990475,LOW
2025-07-21,0.0627480988332533,4.479737728440006,0.0,0.008054552920353775,LOW
2025-07-22,0.9753127683734444,0.1216820555095201,0.0,0.03154973320877443,LOW
2025-07-23,0.0020470385492935,1.5094513212588534,0.0,0.0022658783324083823,LOW
2025-07-24,0.0257247282781082,2.0614632154821253,0.0,0.005901678512072031,LOW
2025-07-25,0.0025457949926265,2.72656533355184,0.0,0.0068408360313670195,LOW
2025-07-28,0.0021692185229642,2.556772707471523,0.0,0.00907762344856381,LOW
2025-07-29,0.9944432981498648,0.0209543369487995,0.0,0.03211439263221865,MEDIUM
2025-07-30,0.0386847631363523,1.013153513196717,0.0,0.0033268989796033915,LOW
2025-07-31,0.9999979471165272,4.120689464519203e-06,0.0,0.032278035550474815,MEDIUM
2025-08-01,0.0154770854421991,0.984536955219246,0.0,0.0026540574831316706,LOW
2025-08-04,0.0029604847817185,1.043112088685855,0.0,0.004584505448962071,LOW
2025-08-05,0.0020091524671376,1.988699956026516,0.0,0.006794353547324876,LOW
2025-08-06,0.0020059728445825,2.9509767871757067,0.0,0.009058770866296743,LOW
2025-08-07,0.2097327406480074,3.1522209599162108,0.0,0.041816308585604325,MEDIUM
2025-08-08,0.0066683383768835,4.485214567372153,0.0,0.014396117503555485,LOW
2025-08-11,0.5184353428183428,2.627521102765639,0.0,0.12401785074062538,HIGH
2025-08-12,0.0232489142567195,4.390726748259322,0.0,0.0230327267859714,LOW
2025-08-13,0.0242719473181253,3.591436827795448,0.0,0.026178610340586893,LOW
2025-08-14,0.0020056002020399,6.450160763095163,0.0,0.02264681957977276,LOW
2025-08-18,0.9999999999688928,1.734563635278175e-10,0.0,0.032278096002692665,MEDIUM
2025-08-19,0.0025800494935677,0.9974230972098024,0.0,0.002281267734353282,LOW
2025-08-20,0.0041199608620857,1.0001321829477063,0.0,0.004651473356025448,LOW
2025-08-21,0.9999824914352058,3.524708499919763e-05,0.0,0.032277580412300354,MEDIUM
2025-08-22,0.9811889244416596,0.0188112615027386,0.0,0.06344669797405955,MEDIUM
2025-08-25,0.1998591388686534,0.8008043831974337,0.0,0.00806903507370225,LOW
2025-08-26,0.7215385520824594,0.4897802497481674,0.0,0.04784960782073355,MEDIUM
2025-08-28,0.994413535136997,0.0101461691735281,0.0,0.03211351542119152,MEDIUM
2025-08-29,0.1493320717751907,0.8768918268113784,0.0,0.006569803642745628,LOW
2025-09-01,0.9999934237750372,1.3137160315689451e-05,0.0,0.032277902347440504,MEDIUM
2025-09-02,0.0062119263470466,0.9941140793399688,0.0,0.002386166007343793,LOW
2025-09-03,0.0023702841378302,1.111210206309757,0.0,0.004550422205734581,LOW
2025-09-04,1.0,0.0,0.0,0.03227809600360871,MEDIUM
2025-09-05,0.9944686516394096,0.0055313483605905,0.0,0.06423027975470151,MEDIUM
2025-09-08,0.020062913625441,0.9799372978890792,0.0,0.002786804919283448,LOW
2025-09-09,0.99903264004471,0.0019124191962838,0.0,0.032249607147999564,MEDIUM
2025-09-10,0.99951014612354,0.0004900458984793,0.0,0.06452734057145819,MEDIUM
2025-09-11,0.0092791453145275,0.991322400332076,0.0,0.0024748051728236717,LOW
2025-09-12,0.02177687817661,1.5882995223134675,0.0,0.005672891315366677,LOW
2025-09-15,0.0020347922713877,1.9504197929816944,0.0,0.006796574300749663,LOW
2025-09-16,0.9384757631363392,0.181132501375256,0.0,0.03045790746217968,LOW
2025-09-17,0.0020066692137093,2.7355318491194573,0.0,0.0022647128215127015,LOW
2025-09-18,0.9999919439387795,1.722281936439702e-05,0.0,0.03227785876930879,MEDIUM
2025-09-19,0.0027908798560284,0.99874120839027,0.0,0.0022873553308295864,LOW
2025-09-22,0.6411458568360027,0.7139568390631301,0.0,0.04294405442897213,MEDIUM
2025-09-23,0.0735905196617419,0.9516618117657142,0.0,0.013031256764268629,LOW
2025-09-24,0.0056472477079635,1.852516759227244,0.0,0.00947940957382157,LOW
2025-09-25,0.0526213848294715,2.663893820398989,0.0,0.018660977629847565,LOW
2025-09-26,0.2279611947520783,2.809928233439876,0.0,0.05344496569268022,MEDIUM
2025-09-29,0.8187120380211095,0.7263508689043373,0.0,0.026870418359694087,LOW
2025-09-30,0.5987043311162933,0.7003098070249598,0.0,0.020173809850629557,LOW
2025-10-01,0.9901812088324292,0.0165408707609146,0.0,0.031988734485353464,LOW
2025-10-03,0.9999984791113656,1.5282393020922174e-06,0.0,0.06455610243322875,MEDIUM
2025-10-06,0.006963697803457,0.9931208300693046,0.0,0.002407887143083003,LOW
2025-10-07,0.0039976917951391,1.2706698187922305,0.0,0.004644410842653946,LOW
2025-10-08,0.0033600797019564,1.990195410778289,0.0,0.0069113750985903616,LOW
2025-10-09,0.0020155734420598,2.983977464477513,0.0,0.009059879586133286,LOW
2025-10-10,0.0021240644390454,3.973755877261232,0.0,0.011340510918305216,LOW
2025-10-13,0.9874777877287008,0.0623601041977413,0.0,0.03190898771833347,LOW
2025-10-14,0.0113700554846206,2.5650446307620856,0.0,0.002535256198500254,LOW
2025-10-15,0.0020187404974462,6.641492412352439,0.0,0.004530122666106476,LOW
2025-10-16,0.0023808514366513,7.811439699545876,0.0,0.0068265486337126605,LOW
2025-10-17,0.0020018719517649,8.315245308949237,0.0,0.009058297277439257,LOW
2025-10-20,0.0020040477577523,8.72871118802361,0.0,0.011323185686117903,LOW
2025-10-21,0.0020001113910116,7.002462167359184,0.0,0.013587140940541522,LOW
2025-10-23,0.9890157880346444,0.0391424055235236,0.0,0.03195436039723409,LOW
2025-10-24,0.0020321198915738,2.149304144646611,0.0,0.0022654476120366395,LOW
2025-10-27,0.0020000666117129,4.810279680881788,0.0,0.004529044394528526,LOW
2025-10-28,0.0020073325738293,5.633916795338351,0.0,0.006794195920341786,LOW
2025-10-29,0.0020000346237753,6.930017587089186,0.0,0.009058085094953922,LOW
2025-10-30,0.002000217746953,8.24771762870025,0.0,0.01132263280349732,LOW
2025-10-31,0.0020019310356256,9.358551755087497,0.0,0.013587456151045478,LOW
2025-11-03,0.0020002209911325,10.334625829582151,0.0,0.015851686580536654,LOW
2025-11-04,0.0020027102923612,11.323340019941565,0.0,0.018116788185228893,LOW
2025-11-06,0.0020016325396567,12.242799662372349,0.0,0.020381106665480687,LOW
2025-11-07,0.002050275187147,13.338489113952216,0.0,0.022659717783475555,LOW
2025-11-10,0.0020011678149524,14.39160416071394,0.0,0.024910093891936932,LOW
2025-11-11,0.0041363494244593,15.68504872634689,0.0,0.027914520025042588,LOW
2025-11-12,0.0272831785159699,16.224790004057702,0.0,0.03894823222146258,MEDIUM
2025-11-13,0.0020267907606301,17.704639765790805,0.0,0.03171411255039025,LOW
2025-11-14,0.8218364499523118,3.012757143173032,0.0,0.02696467034113964,LOW
2025-11-17,0.0020000859276959,19.459074738920027,0.0,0.002264522754937239,LOW
2025-11-18,0.0020215766055811,21.13595355787725,0.0,0.004530286429575605,LOW
2025-11-19,0.0020077050121843,22.263103547097124,0.0,0.006794228178456529,LOW
2025-11-20,0.0020232060307044,23.31761132902013,0.0,0.009060761032801939,LOW
2025-11-21,0.0036712021947616,24.158133452861566,0.0,0.011563882098722247,LOW
2025-11-24,0.002956083391072,24.899466936159044,0.0,0.01375275378738912,LOW
2025-11-25,0.0020049945358061,25.82439686286477,0.0,0.01585265130213459,LOW
2025-11-26,0.9999999714688602,7.534125968344656e-07,0.0,0.03227809516342632,MEDIUM
2025-11-27,0.0020171289040508,1.0088726906698169,0.0,0.002265014804498212,LOW
