Date,p_change,expected_runlen,p_evt,TRS,regime
1997-12-03,1.0,0.0,0.0,0.032321461525221716,MEDIUM
1997-12-04,0.990828432385754,0.0091715676142459,0.0,0.0641041444106887,MEDIUM
1997-12-05,0.0457085997087901,0.9606893976732044,0.0,0.0036175654844222624,LOW
1997-12-08,0.0162437356815498,1.964406470544178,0.0,0.005522391140452109,LOW
1997-12-09,0.9831535377371446,0.0495337602888085,0.0,0.031826355856267405,LOW
1997-12-10,0.1501049536621858,0.8792551683826877,0.0,0.006683549672846907,LOW
1997-12-11,0.9994748501006616,0.0010606844566433,0.0,0.032306046856551175,LOW
1997-12-12,0.7003393133689383,0.2999050845999192,0.0,0.023351797048420688,LOW
1997-12-15,0.1294371763583552,0.9943475695682068,0.0,0.01214548481116564,LOW
1997-12-16,0.027758301585242,1.802007753163105,0.0,0.009286122021552998,LOW
1997-12-17,0.0419473558225967,2.7712324827066177,0.0,0.014032093009899127,LOW
1997-12-18,0.3049532751664634,2.665709041724636,0.0,0.056565811802935156,MEDIUM
1997-12-19,0.999997759216912,7.835074017460305e-06,0.0,0.0323213957543824,MEDIUM
1997-12-22,0.2253778872518995,0.77503851313595,0.0,0.008922976567226846,LOW
1997-12-23,0.0178014457480743,0.9957572896248555,0.0,0.005612734969974796,LOW
1997-12-24,0.8279178428844642,0.3428697868047961,0.0,0.027208500455702778,LOW
1997-12-26,0.0048635969521206,2.001745781522636,0.0,0.0024315294086561003,LOW
1997-12-29,0.9714566648835176,0.1009426516679493,0.0,0.03148185476884163,LOW
1997-12-30,0.9349437567203072,0.0767062979413897,0.0,0.06080531525986608,MEDIUM
1997-12-31,0.9604823374707216,0.0402015049290886,0.0,0.09347427451461529,HIGH
1998-01-01,0.0114683763120075,1.037730994013765,0.0,0.0026227862304558976,LOW
1998-01-02,0.0157662384286999,1.981210642053639,0.0,0.005494701884991357,LOW
1998-01-05,0.9185553535259006,0.2559888664188741,0.0,0.029916447693819032,LOW
1998-01-06,0.3919171228296724,0.6595979464423902,0.0,0.01394674502467787,LOW
1998-01-07,0.536114507851357,0.8845201036530436,0.0,0.03668652554311538,MEDIUM
1998-01-08,0.9984950086667348,0.0039160854181031,0.0,0.03227728237212795,LOW
1998-01-09,0.0257467261175063,1.0126895580576998,0.0,0.00303694887960181,LOW
1998-01-12,1.0,0.0,0.0,0.032321461525221716,MEDIUM
1998-01-13,0.2887810440130769,0.7112189559869231,0.0,0.010825704439815419,LOW
1998-01-14,0.661040927810493,0.3389674795626515,0.0,0.044312189107506665,MEDIUM
1998-01-15,0.8222015652817402,0.2228728295872585,0.0,0.02703672132987275,LOW
1998-01-16,0.013632182669412,1.255023033528545,0.0,0.002685488879266762,LOW
1998-01-19,0.9999455742942313,0.0001193377721581,0.0,0.032319864030740775,MEDIUM
1998-01-20,0.0647923233109444,0.937468838912081,0.0,0.00417436540593866,LOW
1998-01-21,0.0260597968179671,1.3395010602663324,0.0,0.006092081215041599,LOW
1998-01-22,0.0059870866652461,1.8632330226777127,0.0,0.007392144597619618,LOW
1998-01-23,0.003410426695459,2.5444623903186523,0.0,0.009557908028516212,LOW
1998-01-27,0.99998718599418,4.7476798287054784e-05,0.0,0.03232108541179826,MEDIUM
1998-01-28,0.8169289587277906,0.1835203198215931,0.0,0.053756356933099714,MEDIUM
1998-01-29,0.8765278446176756,0.1256036254705435,0.0,0.0859939426150464,HIGH
1998-02-02,0.9999944648355392,6.221747460605668e-06,0.0,0.1292851962343185,HIGH
1998-02-03,0.5833242449754165,0.416705055676158,0.0,0.0197852936244117,LOW
1998-02-04,0.3923193447439538,0.678899414985589,0.0,0.027917934871450292,LOW
1998-02-05,0.0045804967125267,1.8718638288680631,0.0,0.007270008495465389,LOW
1998-02-06,0.9137483207378512,0.2575190818766019,0.0,0.029773624237538095,LOW
1998-02-09,0.0050942628176106,1.6345383352603469,0.0,0.0024382054204777296,LOW
1998-02-10,0.2423677371092129,2.3509083919191904,0.0,0.018862925785146385,LOW
1998-02-11,0.9882585030436222,0.0435382429548377,0.0,0.031976520436422254,LOW
1998-02-12,0.8306489801944472,0.1754697489656825,0.0,0.05458106926257192,MEDIUM
1998-02-13,0.9999483380666454,6.834134321817041e-05,0.0,0.09695983545858033,HIGH
1998-02-16,0.9999999972568956,2.7431044336040303e-09,0.0,0.1292858457788276,HIGH
1998-02-17,0.9990473878889488,0.0009526124613184,0.0,0.16146749345812955,HIGH
1998-02-18,0.414552098433171,0.5854509358792144,0.0,0.014635047728935867,LOW
1998-02-19,0.0037723219187405,1.060588608945209,0.0,0.004799897482490569,LOW
1998-02-20,0.1104130508330236,1.7848549470856097,0.0,0.01653643204186397,LOW
1998-02-23,0.9999144102821372,0.0002549801791641,0.0,0.03231894930373735,MEDIUM
1998-02-24,0.2006369046351199,0.800406663363809,0.0,0.00818443811665826,LOW
1998-02-26,0.9987923226867824,0.0020319763145412,0.0,0.032286010855667034,LOW
1998-02-27,0.0719155945034637,0.9284606992674008,0.0,0.004382627476508764,LOW
1998-03-02,0.9999953039513813,9.382459654836287e-06,0.0,0.032321323688088474,MEDIUM
1998-03-04,1.0,0.0,0.0,0.06464292305044343,MEDIUM
1998-03-05,0.9999999991517078,8.482923252728368e-10,0.0,0.09696438450096866,HIGH
1998-03-06,0.9972123354806752,0.0027876645193246,0.0,0.12895848552732353,HIGH
1998-03-09,0.9999999999863652,1.8230945135941108e-11,0.0,0.16160730762410758,HIGH
1998-03-10,0.9819701114802012,0.0180298888186658,0.0,0.19074917071824976,HIGH
1998-03-11,0.9999974285962064,2.577259577014915e-06,0.0,0.2262497023506572,HIGH
1998-03-12,0.9999994407315214,5.592684786736405e-07,0.0,0.2585715608778532,HIGH
1998-03-16,0.9999999774568176,2.2543182352159252e-08,0.0,0.2908931477718657,HIGH
1998-03-17,0.9997431827573036,0.0002568172733479,0.0,0.3231392335069201,HIGH
1998-03-18,0.9133505480719736,0.0866497915151346,0.0,0.32737981844890585,HIGH
1998-03-19,0.9999866648911724,1.836795097675338e-05,0.0,0.3878528413980048,HIGH
1998-03-20,0.999810371631768,0.0001896312993864,0.0,0.4201066418466929,HIGH
1998-03-23,0.9999999999953116,4.688379114704734e-12,0.0,0.45250046135117744,HIGH
1998-03-24,0.9999648687413002,3.513125869977582e-05,0.0,0.48480645539607947,HIGH
1998-03-25,0.9869182451924544,0.013081755804514,0.0,0.5109937182570002,HIGH
1998-03-26,0.9999807727390252,1.9683059748596025e-05,0.0,0.5494552519120288,HIGH
1998-03-27,0.7635969394891922,0.2364360457855211,0.0,0.45485366482987566,HIGH
1998-03-30,0.99995734008784,7.990400834876803e-05,0.0,0.6140839782110706,HIGH
1998-03-31,0.4326748181224474,0.5674732162726669,0.0,0.015186793395318577,LOW
1998-04-01,0.9999989947284084,1.695517286804318e-06,0.0,0.03232143201877353,MEDIUM
1998-04-02,0.9975791120452822,0.0024209254857173,0.0,0.06450078236219903,MEDIUM
1998-04-03,0.999990253553571,1.172889844857963e-05,0.0,0.09696352635025329,HIGH
1998-04-06,0.9481915522293676,0.0518206658271375,0.0,0.12317949745885373,HIGH
1998-04-07,0.02294026978387,0.9773384296337936,0.0,0.0029554684647566196,LOW
1998-04-10,0.007819328759767,1.8749344364277944,0.0,0.005034188349969125,LOW
1998-04-13,0.9999994308287476,1.7032825697859145e-06,0.0,0.03232144481906823,MEDIUM
1998-04-15,0.1259489438954333,0.8742381406270179,0.0,0.0059698337431239815,LOW
1998-04-16,0.4635995824477696,0.5811392478261398,0.0,0.032258825319123156,LOW
1998-04-17,0.0145233089637795,1.6261169969338176,0.0,0.008133954817860129,LOW
1998-04-20,0.8813039606812252,0.3009865860016301,0.0,0.028807251976652456,LOW
1998-04-21,0.7036296876867852,0.3842722606168165,0.0,0.023451779817897336,LOW
1998-04-22,0.9999994751000144,8.712454454114024e-07,0.0,0.03232144611850597,MEDIUM
1998-04-23,0.6435296303437394,0.3564720376218274,0.0,0.021622486585160458,LOW
1998-04-24,0.9998349750122468,0.0001870569500445,0.0,0.0323166176976562,MEDIUM
1998-04-27,0.9983921417799068,0.001607976078294,0.0,0.06454852467031962,MEDIUM
1998-04-28,0.8595576409498574,0.1405107616933552,0.0,0.08447178569884202,HIGH
1998-04-29,0.9999838244135856,2.304663962403057e-05,0.0,0.12928394697368803,HIGH
1998-04-30,0.8972164234401843,0.1028048962290131,0.0,0.14640865226572797,HIGH
1998-05-04,0.9999958121239132,6.978972394959271e-06,0.0,0.19392803162300556,HIGH
1998-05-05,0.0447952932658659,0.955257226879492,0.0,0.003590960376646274,LOW
1998-05-06,0.9096286345141972,0.142741306504895,0.0,0.029651148399061418,LOW
1998-05-08,0.0127625318135645,1.2637389197345166,0.0,0.002660285547550956,LOW
1998-05-12,0.5404695344916579,0.9666932510325232,0.0,0.036952592275364786,MEDIUM
1998-05-13,0.9999882896606984,2.830640127329685e-05,0.0,0.03232111780636478,MEDIUM
1998-05-14,0.9994425876263954,0.0005574808688811,0.0,0.0646101996386043,MEDIUM
1998-05-15,0.9858180132085728,0.0141835527601127,0.0,0.09571424055405646,HIGH
1998-05-18,0.915163830554112,0.0850516286586365,0.0,0.11926276275961244,HIGH
1998-05-19,0.0070481606670901,1.0689248889985328,0.0,0.002494765853957178,LOW
1998-05-20,0.2850647455563817,1.4069571962921354,0.0,0.02142760898793203,LOW
1998-05-21,0.9997004958524626,0.0008553522823532,0.0,0.03231267036356851,MEDIUM
1998-05-22,0.8549986327493739,0.1450876996923878,0.0,0.056041546207475014,MEDIUM
1998-05-25,0.9961396809687048,0.0047727511587587,0.0,0.0966243635055955,HIGH
1998-05-26,0.3962214863642044,0.6089136726580157,0.0,0.014077559652339078,LOW
1998-05-27,0.9999897164905328,1.865269400192132e-05,0.0,0.032321159686338724,MEDIUM
1998-05-28,0.9875666949082436,0.012443418445063,0.0,0.06391235477294611,MEDIUM
1998-05-29,0.9999950950674265,4.905374514315874e-06,0.0,0.09696395267094458,HIGH
1998-06-01,0.9999999595004936,4.049950631272388e-08,0.0,0.12928584134596685,HIGH
1998-06-02,0.9999289626539412,7.10373489258423e-05,0.0,0.16159688222963117,HIGH
1998-06-03,0.9999999864734432,1.352819102472596e-08,0.0,0.19392876676916443,HIGH
1998-06-04,0.999874431549398,0.0001255684633217,0.0,0.22622443088292385,HIGH
1998-06-05,0.9999999999222932,7.770674249640895e-11,0.0,0.2585716921835271,HIGH
1998-06-08,0.9999999999979928,2.0072832272688948e-12,0.0,0.29089315372646524,HIGH
1998-06-09,0.9999998978418104,1.0215818968536922e-07,0.0,0.3232145852670356,HIGH
1998-06-10,1.0,0.0,0.0,0.3555360767774389,HIGH
1998-06-11,0.999999999108636,8.913638716023797e-10,0.0,0.38785753798870387,HIGH
1998-06-12,0.9999999342137532,6.578624689438776e-08,0.0,0.4201789747256725,HIGH
1998-06-15,1.0,0.0,0.0,0.452500461353104,HIGH
1998-06-16,1.0,0.0,0.0,0.48482192287832576,HIGH
1998-06-17,1.0,0.0,0.0,0.5171433844035475,HIGH
1998-06-18,0.999999999993262,6.737943536450076e-12,0.0,0.549464845925407,HIGH
1998-06-19,0.9999999876265864,1.2373413515994216e-08,0.0,0.5817863009167344,HIGH
1998-06-22,0.9999999992768104,7.231897252623016e-10,0.0,0.6141077685759024,HIGH
1998-06-23,0.9999999551686666,4.4831333477775574e-08,0.0,0.6464292041869033,HIGH
1998-06-24,0.9999999209700976,7.902990252776683e-08,0.0,0.6464291841111696,HIGH
1998-06-25,0.9992466451626192,0.0007533548855115,0.0,0.6459869599243998,HIGH
1998-06-26,0.9837625199494804,0.0162385357847431,0.0,0.6368855073098943,HIGH
1998-06-29,1.0,0.0,0.0,0.6464292305044343,HIGH
1998-06-30,0.997707788524786,0.0022922114752141,0.0,0.6450833882943907,HIGH
1998-07-01,0.998207817234387,0.0017921834688933,0.0,0.6453770137918986,HIGH
1998-07-02,0.7691526366476166,0.231705031060577,0.0,0.5087520562291237,HIGH
1998-07-03,0.99999864974482,1.668534440758529e-06,0.0,0.6464284378582302,HIGH
1998-07-06,0.9999999999925114,7.488564765702504e-12,0.0,0.6464292305000383,HIGH
1998-07-07,0.9979410717132208,0.0020589282896683,0.0,0.6452203789982763,HIGH
1998-07-08,0.9395340068386554,0.0604661122488923,0.0,0.6107728205605164,HIGH
1998-07-09,0.998101306767128,0.0019702117945815,0.0,0.6453144708813081,HIGH
1998-07-10,0.9999965024591316,3.5006374535912004e-06,0.0,0.646427177327384,HIGH
1998-07-13,0.9999997395082144,2.604917856881404e-07,0.0,0.6464290775868149,HIGH
1998-07-14,0.9757230298350864,0.0242769874282452,0.0,0.6321515807757134,HIGH
1998-07-15,0.9999614493559053,4.215725056028722e-05,0.0,0.6464065998869195,HIGH
1998-07-16,0.99877006843293,0.0012299367156291,0.0,0.6457071506717976,HIGH
1998-07-17,0.3653470453525882,0.6349130734967504,0.0,0.013140120502692238,LOW
1998-07-20,0.999985618973178,2.62089054191406e-05,0.0,0.03232103941694783,MEDIUM
1998-07-21,0.1099006032823174,0.8904182114335629,0.0,0.0054970653007738925,LOW
1998-07-22,0.0027088030459868,1.1826408943333662,0.0,0.004738353419621314,LOW
1998-07-23,0.9996016623740372,0.0008961353367333,0.0,0.0323097692768208,MEDIUM
1998-07-24,0.5987690040260735,0.401965172352247,0.0,0.02025688618790388,LOW
1998-07-27,0.9927227145590464,0.0088019374672283,0.0,0.03210774223829357,LOW
1998-07-28,0.9973059406986102,0.0029060418762977,0.0,0.06448474000902636,MEDIUM
1998-07-29,0.2982411392360318,0.7065165121098884,0.0,0.011110749601967193,LOW
1998-07-30,0.9375102968310196,0.0887600585521634,0.0,0.030478700709171976,LOW
1998-07-31,0.9500356954715068,0.0577758345635885,0.0,0.06169882721988432,MEDIUM
1998-08-03,0.9999976860323222,2.3693440104761347e-06,0.0,0.09696418081886511,HIGH
1998-08-04,0.3088504000848521,0.691245073555312,0.0,0.011430747301936987,LOW
1998-08-05,0.9999999975095152,4.9774935596204876e-09,0.0,0.03232146145212172,MEDIUM
1998-08-06,0.368991876086289,0.6310081371771832,0.0,0.013250678422792117,LOW
1998-08-07,0.0683681989532896,0.9327822054291344,0.0,0.008557767581091086,LOW
1998-08-10,0.998320962636195,0.0023977300302496,0.0,0.032272172581061874,LOW
1998-08-11,0.4077269098118892,0.603948753803841,0.0,0.01442740053207094,LOW
1998-08-12,0.9999954320784362,6.421370623228054e-06,0.0,0.032321327448840025,MEDIUM
1998-08-13,0.968497199945638,0.0315028861404397,0.0,0.06278919296449716,MEDIUM
1998-08-14,0.1142525136046718,0.8868966867488565,0.0,0.005625156640834884,LOW
1998-08-17,0.9999522321972604,9.490809565928206e-05,0.0,0.03232005945314266,MEDIUM
1998-08-18,0.9725563281939756,0.0274469222842614,0.0,0.06302853607792817,MEDIUM
1998-08-19,0.9986638770941492,0.0013750855608136,0.0,0.09684672007523945,HIGH
1998-08-20,0.9955180493225384,0.0044842681344482,0.0,0.12875945443455264,HIGH
1998-08-21,0.9986267888996696,0.0013785253241747,0.0,0.1614057559890483,HIGH
1998-08-24,0.7201085154006786,0.2802589702163256,0.0,0.023952169112600213,LOW
1998-08-25,0.993028110125164,0.0081210114321427,0.0,0.03211671584749073,LOW
1998-08-27,0.9715054016665085,0.0471920874085518,0.0,0.06296658285612824,MEDIUM
1998-08-28,0.998492597415614,0.0015453654508573,0.0,0.09683163474449338,HIGH
1998-08-31,0.9713944559536002,0.0286600281030644,0.0,0.1259200838545149,HIGH
1998-09-01,1.0,0.0,0.0,0.1616073076261086,HIGH
1998-09-02,0.9999999989142944,1.0857057475277543e-09,0.0,0.19392876896012637,HIGH
1998-09-03,0.9816759939638198,0.0183240060361802,0.0,0.2224801027582272,HIGH
1998-09-04,0.898328528864431,0.1016772354051884,0.0,0.23451883484044928,HIGH
1998-09-07,0.9983358634150694,0.0018583483350991,0.0,0.2904534905047393,HIGH
1998-09-08,0.6039023163541869,0.3980398977248867,0.0,0.020413592676804315,LOW
1998-09-09,0.994257891655945,0.0094611576507785,0.0,0.03215284700009058,LOW
1998-09-10,0.066097629743167,0.9425618204184988,0.0,0.0042125111039234405,LOW
1998-09-11,0.9999992839362422,1.4273937177486431e-06,0.0,0.03232144050752075,MEDIUM
1998-09-14,0.9999999887232336,1.1276766571285936e-08,0.0,0.06464292238845856,MEDIUM
1998-09-15,0.4337676689548646,0.5662323682363765,0.0,0.01522008199529868,LOW
1998-09-16,0.0091635063585137,0.9972555416672482,0.0,0.0051120400769614745,LOW
1998-09-17,0.0167943300977391,1.9227272045164503,0.0,0.00833148274657244,LOW
1998-09-18,0.0026444815479853,2.770337951849194,0.0,0.00946926316680168,LOW
1998-09-21,0.9508752565350682,0.172375056002953,0.0,0.030874238247279695,LOW
1998-09-22,0.1069090039268763,1.0206142642072835,0.0,0.0054090609929446035,LOW
1998-09-23,0.7042536598206719,0.5820803102539164,0.0,0.04694147522431322,MEDIUM
1998-09-24,0.9994798071462488,0.0008513781185178,0.0,0.032306192365957546,LOW
1998-09-25,0.7774739585869044,0.2229723507755972,0.0,0.051378006144758515,MEDIUM
1998-09-28,0.999999972898008,4.9872733406415054e-08,0.0,0.09696438218919526,HIGH
1998-09-29,0.9999984459569884,1.554043011758567e-06,0.0,0.1292856636455508,HIGH
1998-09-30,0.0819678482089079,0.9180322919160386,0.0,0.00467691707173317,LOW
1998-10-05,1.0,0.0,0.0,0.032321461525221716,MEDIUM
1998-10-06,0.9999140545081092,8.594549189089307e-05,0.0,0.06463787772204486,MEDIUM
1998-10-07,0.9999999979592502,2.040749768609842e-09,0.0,0.09696438439596662,HIGH
1998-10-08,0.9999999999776782,2.2321810810759844e-11,0.0,0.12928584609826616,HIGH
1998-10-09,0.9999511604407398,4.883955926015965e-05,0.0,0.1616001399750895,HIGH
1998-10-12,0.999226499205441,0.0007735008924664,0.0,0.19379253965327548,HIGH
1998-10-13,0.9999878891246048,1.212793483419782e-05,0.0,0.22624774234945294,HIGH
1998-10-14,0.99998852212174,1.1478073891635592e-05,0.0,0.258568997036058,HIGH
1998-10-15,0.9979699137206391,0.0020301378511869,0.0,0.29035679198820147,HIGH
1998-10-16,0.9999999987487932,1.2574814974416095e-09,0.0,0.3232146148849665,HIGH
1998-10-19,0.998383100741591,0.0016168993490187,0.0,0.35501396589845996,HIGH
1998-10-20,0.999999993373089,7.0432012292932e-09,0.0,0.3878575359685261,HIGH
1998-10-23,0.9825411128081856,0.0174588874924099,0.0,0.4135083341025374,HIGH
1998-10-26,1.0,0.0,0.0,0.452500461353104,HIGH
1998-10-27,0.9999895282111222,1.0471788877808308e-05,0.0,0.48481731240009357,HIGH
1998-10-28,1.0,0.0,0.0,0.5171433844035475,HIGH
1998-10-29,0.99966848544059,0.0003315145594099,0.0,0.549299422882353,HIGH
1998-10-30,0.8417319968151097,0.1582680033589148,0.0,0.49721703629396125,HIGH
1998-11-02,0.999903174606106,0.0001470803017815,0.0,0.6140537707427202,HIGH
1998-11-03,0.9440574900059496,0.0559514734384285,0.0,0.6134511988470561,HIGH
1998-11-05,0.9936256929478008,0.0063881855803848,0.0,0.6426854751254206,HIGH
1998-11-06,0.9999999990480584,9.565675242715467e-10,0.0,0.646429229945612,HIGH
1998-11-09,0.99999999999208,7.919997989991398e-12,0.0,0.6464292304997851,HIGH
1998-11-10,0.999990116194184,9.883805815887113e-06,0.0,0.6464234283668944,HIGH
1998-11-11,0.9999975282853396,2.4717164762411927e-06,0.0,0.646427779522842,HIGH
1998-11-12,0.9996444387565272,0.0003555625677255,0.0,0.6462204981863922,HIGH
1998-11-13,0.999999999491998,5.101091725416371e-10,0.0,0.6464292302062198,HIGH
1998-11-16,0.999992738729975,7.261270025091368e-06,0.0,0.6464249678874074,HIGH
1998-11-17,0.9838910305450682,0.0161089710090363,0.0,0.6369611324850891,HIGH
1998-11-18,0.9991257564616856,0.0008763031111029,0.0,0.6459159852902531,HIGH
1998-11-19,0.9999999970563608,2.94475907694633e-09,0.0,0.6464292287764171,HIGH
1998-11-20,0.9903414953175004,0.0096585057321993,0.0,0.6407551859197281,HIGH
1998-11-23,0.980424363565863,0.0195769807508222,0.0,0.6349205775262784,HIGH
1998-11-24,0.9965212195973696,0.0035596857511249,0.0,0.644386524985607,HIGH
1998-11-25,0.0396541834302482,0.9673718329301856,0.0,0.0034412692467243877,LOW
1998-11-26,0.9984521121689268,0.0030741610771113,0.0,0.0322760229929367,LOW
1998-11-27,0.9956290993786232,0.0043741470894826,0.0,0.06438625063605401,MEDIUM
1998-11-30,0.9982516029239556,0.0017679560974659,0.0,0.09681040866592602,HIGH
1998-12-01,0.7310977822655642,0.270730131694979,0.0,0.024285527872823988,LOW
1998-12-02,0.9437688477910116,0.0591517342200396,0.0,0.030664017189696125,LOW
1998-12-03,0.0541301547885358,1.035435697559197,0.0,0.003863071717222432,LOW
1998-12-04,0.9972180783150708,0.0057032341899096,0.0,0.03223979001549106,LOW
1998-12-07,1.0,0.0,0.0,0.06464292305044343,MEDIUM
1998-12-08,0.9407182218384932,0.0592817781615067,0.0,0.09172112504881498,HIGH
1998-12-09,0.5190423706362735,0.4809582399601614,0.0,0.017821796168442258,LOW
1998-12-10,0.9967922915552572,0.0043840967079565,0.0,0.03222728673373775,LOW
1998-12-11,0.9223414480630906,0.0783386597253983,0.0,0.060057742902036054,MEDIUM
1998-12-14,0.0558776458093598,0.953302931229104,0.0,0.003914055808815915,LOW
1998-12-15,0.92897965167718,0.141798049796819,0.0,0.030225843352994386,LOW
1998-12-16,0.8520739175292241,0.1730200671813007,0.0,0.05586634522976193,MEDIUM
1998-12-17,0.9999957616512354,4.684396247819876e-06,0.0,0.09696401136712085,HIGH
1998-12-18,0.3542797403399244,0.6457870051061518,0.0,0.012804611759271564,LOW
1998-12-21,0.9999999223526356,1.485197925317047e-07,0.0,0.03232145924613834,MEDIUM
1998-12-22,0.910459390209665,0.0895407465790015,0.0,0.05935170355540022,MEDIUM
1998-12-23,0.6136484656983875,0.3865855155325959,0.0,0.020711059227110862,LOW
1998-12-24,0.0036912851201736,1.3009154178313305,0.0,0.0047952076433272015,LOW
1998-12-28,0.6903654645721102,0.7283717909410666,0.0,0.06914578688595752,MEDIUM
1998-12-29,0.0483741422271443,1.5710709643730676,0.0,0.014780945021082287,LOW
1998-12-30,0.0280499910563576,2.2600434581757405,0.0,0.015519237700122375,LOW
1998-12-31,0.4956600556587766,1.548353700830805,0.0,0.10264667273424945,HIGH
1999-01-04,0.9999968128830315,6.945286586405939e-06,0.0,0.0323213679778479,MEDIUM
1999-01-05,0.0029044609808268,0.9982101351726064,0.0,0.002374837509211119,LOW
1999-01-06,0.0023037237470587,1.439413944085996,0.0,0.004714914957432205,LOW
1999-01-07,0.004585556669244,2.022727421931928,0.0,0.007270447808272059,LOW
1999-01-08,0.9970107667317438,0.0094371791513225,0.0,0.032233702386047634,LOW
1999-01-11,0.999999999995745,4.255091811679433e-12,0.0,0.06464292305019366,MEDIUM
1999-01-12,0.9999255399516104,7.446004838970213e-05,0.0,0.0969578279478728,HIGH
1999-01-13,0.9999931586787,6.841325501764271e-06,0.0,0.1292850428823969,HIGH
1999-01-14,0.9999999979025112,2.0974889041050087e-09,0.0,0.1616073073182841,HIGH
1999-01-15,0.9999999999842218,1.5778156556165446e-11,0.0,0.1939287691485516,HIGH
1999-01-18,0.9966356873487262,0.0033643126512737,0.0,0.225558814793223,HIGH
1999-01-19,0.999999999986962,1.9489558645222196e-11,0.0,0.25857169219871223,HIGH
1999-01-21,0.9999982465735182,1.7534264817376453e-06,0.0,0.2908926905322536,HIGH
1999-01-22,0.9992850920705716,0.0007149079359571,0.0,0.3230047660543819,HIGH
1999-01-25,0.999840313864055,0.0001597781324458,0.0,0.355484518466027,HIGH
1999-01-27,0.995258981340986,0.0047416531665003,0.0,0.3861870500769915,HIGH
1999-01-28,0.9990920916811216,0.0009133191927322,0.0,0.41983254314301216,HIGH
1999-01-29,0.996289206186602,0.0037126716149448,0.0,0.4509751753351183,HIGH
1999-02-01,0.9839576516787713,0.0161409102182004,0.0,0.4777502525488292,HIGH
1999-02-02,0.1863989633779711,0.8236109968904703,0.0,0.0077605001797967955,LOW
1999-02-03,0.9961411444993866,0.0071423202977367,0.0,0.03220816415095218,LOW
1999-02-04,0.9349722060380022,0.0656437240534216,0.0,0.060807001390423165,MEDIUM
1999-02-05,0.0116006449522485,1.0088030742045688,0.0,0.0026266184721449692,LOW
1999-02-08,0.999912156538898,0.0001774723586969,0.0,0.032318883151630395,MEDIUM
1999-02-09,0.1450081991639802,0.8565429735987378,0.0,0.006532752872769393,LOW
1999-02-10,0.99997518512303,4.918720313667868e-05,0.0,0.032320733164628204,MEDIUM
1999-02-11,0.1215989637211634,0.8785128749785183,0.0,0.005841576199544435,LOW
1999-02-12,0.0113655749641663,1.3211970757700178,0.0,0.005239615612733606,LOW
1999-02-15,0.9999998463210834,4.5881676481038484e-07,0.0,0.0323214570144818,MEDIUM
1999-02-16,0.9993502377259328,0.0006497631658084,0.0,0.06460477788286062,MEDIUM
1999-02-17,0.9634200484331854,0.0366664776209291,0.0,0.09373443193158427,HIGH
1999-02-18,0.9026508618555762,0.0974204632937609,0.0,0.11777419223068797,HIGH
1999-02-19,0.7893243058353928,0.2236214703739445,0.0,0.1302333698087559,HIGH
1999-02-22,0.966307839227726,0.0531620612604326,0.0,0.18798011878718598,HIGH
1999-02-23,0.3299548913745113,0.8042830366307797,0.0,0.012068283582032213,LOW
1999-02-24,0.9822945128233702,0.0336368277559745,0.0,0.031801075971453686,LOW
1999-02-25,0.4331763674244646,0.5854039277648126,0.0,0.015202070528569978,LOW
1999-02-26,0.9894118804357658,0.0173210289511401,0.0,0.03201043149635316,LOW
1999-03-01,1.0,0.0,0.0,0.06464292305044343,MEDIUM
1999-03-03,1.0,0.0,0.0,0.09696438457566516,HIGH
1999-03-04,0.9999991352981212,8.647018788776606e-07,0.0,0.12928574457894546,HIGH
1999-03-05,0.999993340372996,6.659627004036987e-06,0.0,0.1616063302682202,HIGH
1999-03-08,0.9999923456357208,7.654406308130825e-06,0.0,0.19392742113819872,HIGH
1999-03-09,0.9937287812983956,0.0062712644403215,0.0,0.22496111743457348,HIGH
1999-03-10,0.9999924001350208,7.923437968099853e-06,0.0,0.2585699076481302,HIGH
1999-03-11,0.9999999999782604,2.1739692450368802e-11,0.0,0.29089315372125263,HIGH
1999-03-12,0.9999966551925304,3.344807469679671e-06,0.0,0.32321363349358834,HIGH
1999-03-15,0.9999999998541892,1.4581069777616016e-10,0.0,0.35553607673036114,HIGH
1999-03-16,0.9982088200177746,0.0017911799974218,0.0,0.38722656157268437,HIGH
1999-03-17,0.9996025495772488,0.0003975017894424,0.0,0.4200273391514156,HIGH
1999-03-19,0.9999999856680922,1.4334954331021441e-08,0.0,0.4525004554637789,HIGH
1999-03-22,0.995986228366663,0.0040137735280082,0.0,0.48305421550850786,HIGH
1999-03-23,0.9740586347799076,0.0259426070764581,0.0,0.5049366549577716,HIGH
1999-03-24,0.999992674838766,8.726445031290693e-06,0.0,0.5494611908238786,HIGH
1999-03-26,0.999576156087801,0.0004238505398996,0.0,0.5815623703780155,HIGH
1999-03-30,0.9999999988736564,1.126343512473965e-09,0.0,0.6141077683510704,HIGH
1999-03-31,0.9989275623403374,0.0010724377428934,0.0,0.6457996212492143,HIGH
1999-04-01,0.999999931384834,6.957586742912037e-08,0.0,0.6464291902249774,HIGH
1999-04-05,0.9999886374854938,1.1362519349962718e-05,0.0,0.6464225603127453,HIGH
1999-04-06,0.9999996333582158,3.666464779451257e-07,0.0,0.6464290152731204,HIGH
1999-04-07,0.2033455158449666,0.7966567005735935,0.0,0.00826517784908748,LOW
1999-04-08,0.0916437453866241,0.9333634268759918,0.0,0.009921240897859616,LOW
1999-04-09,0.9998671379218476,0.0002779862151801,0.0,0.032317561755710426,MEDIUM
1999-04-12,0.9489276166776882,0.0510866941171444,0.0,0.06163328937831353,MEDIUM
1999-04-13,0.3170485492464502,0.6902535426335343,0.0,0.011678250032500467,LOW
1999-04-15,0.9999999999833477,3.3936394333164014e-11,0.0,0.03232146152473294,MEDIUM
1999-04-16,0.9999999689622832,3.1037716728599945e-08,0.0,0.06464292122842295,MEDIUM
1999-04-19,1.0,0.0,0.0,0.09696438457566516,HIGH
1999-04-20,0.9999773771505092,2.2622849490838703e-05,0.0,0.12928319001851446,HIGH
1999-04-21,0.999381278023368,0.000618721976632,0.0,0.16151650057829006,HIGH
1999-04-22,0.9999998296662154,1.707562190991965e-07,0.0,0.19392873915379705,HIGH
1999-04-23,0.9999970612289506,2.9387710493962577e-06,0.0,0.22624962687061076,HIGH
1999-04-26,1.0,0.0,0.0,0.25857169220177373,HIGH
1999-04-27,0.9999999987218484,1.2781516955939762e-09,0.0,0.290893153389352,HIGH
1999-04-28,0.9999980951437798,1.9048562202768336e-06,0.0,0.3232140561441542,HIGH
1999-04-29,0.9997693368472412,0.0002306631903751,0.0,0.3554616015135,HIGH
1999-05-03,0.9999999137904008,8.62879144318304e-08,0.0,0.38785750793786467,HIGH
1999-05-04,0.999999999777106,2.2289403569994928e-10,0.0,0.4201789997428321,HIGH
1999-05-05,0.9999931997364624,6.800263537535593e-06,0.0,0.45249766696002736,HIGH
1999-05-06,0.9999999832287252,1.6771274784091616e-08,0.0,0.4848219154943404,HIGH
1999-05-07,0.9999999384254892,6.157451067472035e-08,0.0,0.5171433554864668,HIGH
1999-05-10,0.9999991955986964,8.044013034725575e-07,0.0,0.5494644445492527,HIGH
1999-05-11,0.9973363126834734,0.0026636884879572,0.0,0.5803787130975184,HIGH
1999-05-12,0.9999999598770912,4.016754295124274e-08,0.0,0.6141077466033645,HIGH
1999-05-13,1.0,0.0,0.0,0.6464292305044343,HIGH
1999-05-14,0.9999449371494744,5.506285052570004e-05,0.0,0.6463969065858531,HIGH
1999-05-17,0.9999999983853082,1.6146918378102727e-09,0.0,0.6464292295565548,HIGH
1999-05-18,0.9998521075230508,0.0001478924838171,0.0,0.6463424115651863,HIGH
1999-05-19,0.9008286418160713,0.0991718060121411,0.0,0.5877860410893755,HIGH
1999-05-20,0.9932577136930792,0.0067827238816984,0.0,0.6424692428839623,HIGH
1999-05-21,0.9999999126101806,8.763347665286342e-08,0.0,0.6464291792036114,HIGH
1999-05-24,0.4903025789723993,0.5097033997244728,0.0,0.016944226792519824,LOW
1999-05-25,0.0363902980882247,0.9641601219754008,0.0,0.006692600047326629,LOW
1999-05-26,0.9972930150697,0.0053808563345451,0.0,0.032241990458807594,LOW
1999-05-27,0.987924366872264,0.0120817370378545,0.0,0.06393339043766595,MEDIUM
1999-05-28,0.9999063882598692,9.506858263676992e-05,0.0,0.09695614152119444,HIGH
1999-05-31,1.0,0.0,0.0,0.12928584610088686,HIGH
1999-06-01,0.9662619846453786,0.0337380153546214,0.0,0.1566433353161049,HIGH
1999-06-02,0.9871948379169532,0.0128052274164012,0.0,0.19167145093548432,HIGH
1999-06-03,0.2672997677224234,0.7403653690236274,0.0,0.010179509640860335,LOW
1999-06-04,0.9999999879886816,2.3670850966346828e-08,0.0,0.032321461172668924,MEDIUM
1999-06-07,0.999992462816156,7.537183844084568e-06,0.0,0.06464248059163451,MEDIUM
1999-06-08,0.9853279091020544,0.0146720980009369,0.0,0.09567098986117997,HIGH
1999-06-09,0.9998882153574966,0.0001149354262316,0.0,0.12927272170467038,HIGH
1999-06-10,0.9999983677152622,1.632319662933416e-06,0.0,0.16160706807429118,HIGH
1999-06-11,1.0,0.0,0.0,0.1939287691513303,HIGH
1999-06-14,0.9999849324041968,1.5067595803164302e-05,0.0,0.2262471348544749,HIGH
1999-06-15,0.7896563670758486,0.2103436335377985,0.0,0.20845352261590452,HIGH
1999-06-16,0.9655453379854176,0.0367109242024886,0.0,0.281767719773679,HIGH
1999-06-17,0.924880912884921,0.0815737185177047,0.0,0.30104245069700486,HIGH
1999-06-18,0.2702063670846184,0.7402815677709954,0.0,0.010266856448075068,LOW
1999-06-21,0.9999832393158083,2.99664640906181e-05,0.0,0.03232096956975521,MEDIUM
1999-06-22,0.759871406528067,0.2407136842789661,0.0,0.05031394720211151,MEDIUM
1999-06-23,0.9999543606915238,4.7491295076914505e-05,0.0,0.09696036578564028,HIGH
1999-06-24,0.5336163709984226,0.4665794758474333,0.0,0.01826695315797144,LOW
1999-06-25,0.9497636268207432,0.0653695221690736,0.0,0.030841368279573816,LOW
1999-06-28,0.0164574458235432,1.089080413369038,0.0,0.0027673922608689827,LOW
1999-06-29,0.0104427367669416,2.1325053740926605,0.0,0.005186145983465993,LOW
1999-06-30,0.011746285567526,3.131545127602334,0.0,0.007892514712139623,LOW
1999-07-01,0.1231312730925816,3.727312381118307,0.0,0.023546985456255477,LOW
1999-07-02,0.0266549194195041,4.405476639759224,0.0,0.015316622624380431,LOW
1999-07-05,0.9999997179645488,1.6555047832689325e-06,0.0,0.032321453246997166,MEDIUM
1999-07-06,0.0256397764306793,0.975405493917868,0.0,0.0030338431127890624,LOW
1999-07-07,0.1758034723617001,0.9264694605301907,0.0,0.0148910847616932,LOW
1999-07-08,0.0291167520597176,1.8366332231991136,0.0,0.009404520482070656,LOW
1999-07-09,0.1010776664244953,2.566136724097225,0.0,0.020950535142253486,LOW
1999-07-12,1.0,0.0,0.0,0.032321461525221716,MEDIUM
1999-07-13,0.9999962775829766,3.7224170233995935e-06,0.0,0.0646427045317292,MEDIUM
1999-07-14,0.996815361529462,0.0031846384974986,0.0,0.09668389262161411,HIGH
1999-07-15,0.9999993561798456,6.581894737375083e-07,0.0,0.12928577051197873,HIGH
1999-07-16,0.989688704910557,0.010311307888087,0.0,0.16009284840200358,HIGH
1999-07-19,0.7728037149991558,0.2272475392127799,0.0,0.15328759137938777,HIGH
1999-07-20,0.9763487627476756,0.0288481657470285,0.0,0.22138208316457042,HIGH
1999-07-21,0.9999991014009696,9.12457499996744e-07,0.0,0.2585714811983734,HIGH
1999-07-22,0.9999914402200856,8.559784439616873e-06,0.0,0.29089089252748135,HIGH
1999-07-23,0.9999224771211334,7.752950022385272e-05,0.0,0.3231918608225148,HIGH
1999-07-26,0.9970566755552582,0.0029433299295373,0.0,0.3545855554842339,HIGH
1999-07-27,0.4283496272568457,0.5720506469355121,0.0,0.015055064691709252,LOW
1999-07-28,0.894580388725859,0.1626965892156286,0.0,0.029203197121163052,LOW
1999-07-29,0.8984690348830194,0.110511334669351,0.0,0.05863807792047903,MEDIUM
1999-07-30,0.227690005260497,0.8607235668121914,0.0,0.008992113298598756,LOW
1999-08-02,1.0,0.0,0.0,0.032321461525221716,MEDIUM
1999-08-03,0.0633287444354409,0.9366712555645592,0.0,0.004131603705782081,LOW
1999-08-04,1.0,0.0,0.0,0.032321461525221716,MEDIUM
1999-08-05,0.998048113253614,0.001951886746386,0.0,0.06452832352877705,MEDIUM
1999-08-06,0.9999701161294852,2.9884713804950474e-05,0.0,0.09696175314104823,HIGH
1999-08-09,0.0082887441805468,0.9920448413064608,0.0,0.002530686949599431,LOW
1999-08-10,0.0175341346788654,1.2691264067927088,0.0,0.0055972298864299455,LOW
1999-08-11,0.9999999071669504,2.5340142237930215e-07,0.0,0.03232145880041242,MEDIUM
1999-08-12,0.9999968678887544,3.1321256931984327e-06,0.0,0.06464273918472202,MEDIUM
1999-08-13,0.9999910689555022,8.931054853280538e-06,0.0,0.09696359815069262,HIGH
1999-08-16,0.9999999993019218,6.980781159744245e-10,0.0,0.1292858460189277,HIGH
1999-08-17,0.7915561364603892,0.2084438713506245,0.0,0.130569944849124,HIGH
1999-08-18,0.2431462803517255,0.7570375470894297,0.0,0.009454788869002948,LOW
1999-08-19,0.9977369896190262,0.0040277845701592,0.0,0.03225502681483804,LOW
1999-08-20,0.029240402799057,1.0149864742285837,0.0,0.003138432930692744,LOW
1999-08-23,0.9997798655458444,0.0004422615682869,0.0,0.032315000092688576,MEDIUM
1999-08-24,0.8066898966607984,0.1933926015236776,0.0,0.05314007860582785,MEDIUM
1999-08-25,0.999992921025387,8.436826076590359e-06,0.0,0.09696376123517798,HIGH
1999-08-26,0.9994320902081324,0.0005679178630632,0.0,0.1292191667023626,HIGH
1999-08-27,0.986395591334042,0.0136045658843816,0.0,0.15960867759446956,HIGH
1999-08-30,1.0,0.0,0.0,0.1939287691513303,HIGH
1999-08-31,0.9054998812627312,0.0945001187372688,0.0,0.20669834223119557,HIGH
1999-09-01,0.9999987491877094,1.2844325535961843e-06,0.0,0.258571398493852,HIGH
1999-09-02,0.9999928484429454,7.1515570545219744e-06,0.0,0.29089126453174047,HIGH
1999-09-03,0.9135320151252416,0.0864683114712152,0.0,0.2976719530256092,HIGH
1999-09-06,0.9999999733702404,4.92407993115147e-08,0.0,0.35553606817951844,HIGH
1999-09-07,0.9995996371233116,0.0004003630345762,0.0,0.3877165179433412,HIGH
1999-09-08,0.7559237759595894,0.2440779211783873,0.0,0.32548803494781015,HIGH
1999-09-09,0.0350638282578807,0.9962053165380576,0.0,0.003307717910831569,LOW
1999-09-10,0.0997157129455076,1.7617448501537007,0.0,0.010395234884397402,LOW
1999-09-14,0.9999912981419448,2.588754578343273e-05,0.0,0.03232120611058857,MEDIUM
1999-09-15,1.0,0.0,0.0,0.06464292305044343,MEDIUM
1999-09-16,0.9999999997138744,2.861254566610682e-10,0.0,0.09696438455047032,HIGH
1999-09-17,0.997568284553166,0.002431715446834,0.0,0.12900029303186436,HIGH
1999-09-20,0.9997626747053796,0.0002373323167617,0.0,0.16157247747199763,HIGH
1999-09-21,0.9999767050313666,2.329618375334917e-05,0.0,0.19392466666025673,HIGH
1999-09-22,0.9949159598033386,0.0050844158839782,0.0,0.22520524854214904,HIGH
1999-09-23,0.9161859052739428,0.0839526132142357,0.0,0.23876847918760366,HIGH
1999-09-24,0.9867308243838446,0.0157999300197188,0.0,0.2873843573503259,HIGH
1999-09-27,0.9999976261178478,2.384438735349599e-06,0.0,0.3232139184769513,HIGH
1999-09-28,0.9126148074747382,0.0873870615811743,0.0,0.3271392562035672,HIGH
1999-09-29,0.7660753156808939,0.2350233534084324,0.0,0.30413499146174056,HIGH
1999-09-30,0.999999998487856,1.7924168525264231e-09,0.0,0.4201789992508901,HIGH
1999-10-01,0.9999995451271289,4.548728712172303e-07,0.0,0.452500274434909,HIGH
1999-10-04,1.0,0.0,0.0,0.48482192287832576,HIGH
1999-10-05,0.9296865039423192,0.0703134960576808,0.0,0.4839489071192773,HIGH
1999-10-06,0.9999920783261156,7.928084630064549e-06,0.0,0.549460893176147,HIGH
1999-10-07,0.9999998535934148,1.4640658532998246e-07,0.0,0.5817862301028698,HIGH
1999-10-08,0.9997509875275056,0.0002490126081338,0.0,0.6139688964158035,HIGH
1999-10-11,1.0,0.0,0.0,0.6464292305044343,HIGH
1999-10-12,0.0995710836915523,0.9004289163084477,0.0,0.005193368492146907,LOW
1999-10-13,0.9999999962152945,6.126754607346772e-09,0.0,0.03232146141413412,MEDIUM
1999-10-14,0.9836077372518892,0.0163922651597375,0.0,0.06367944197421539,MEDIUM
1999-10-15,0.999999999915746,1.6003825060949318e-10,0.0,0.09696438456824615,HIGH
1999-10-18,0.9999884906363452,1.1509363654700272e-05,0.0,0.1292844948214211,HIGH
1999-10-20,0.9999396904588196,6.030956228101246e-05,0.0,0.1615984566428171,HIGH
1999-10-21,1.0,0.0,0.0,0.1939287691513303,HIGH
1999-10-22,0.9938882879857176,0.0061117120142825,0.0,0.22499392091145373,HIGH
1999-10-25,0.9999986264546832,1.3739603753656294e-06,0.0,0.25857136967444716,HIGH
1999-10-26,0.9874899118974751,0.0125108337848703,0.0,0.2875852746293416,HIGH
1999-10-27,0.9998533101582844,0.0001519546126086,0.0,0.3231715587846089,HIGH
1999-10-28,0.999999994888092,5.1119079469829614e-09,0.0,0.355536075126963,HIGH
1999-10-29,0.9999997751294036,2.2487059638890458e-07,0.0,0.38785745909860553,HIGH
1999-11-01,1.0,0.0,0.0,0.4201789998278823,HIGH
1999-11-02,0.9999999999911882,8.81195116875233e-12,0.0,0.452500461349483,HIGH
1999-11-03,0.9999999805524163,1.9447583543551292e-08,0.0,0.48482191431602656,HIGH
1999-11-04,0.9999532901460568,4.670985394307232e-05,0.0,0.5171214480956637,HIGH
1999-11-05,0.9999999976108476,2.389152334028836e-09,0.0,0.5494648447366319,HIGH
1999-11-09,0.9999999998902032,1.0979683827278163e-10,0.0,0.5817863073959819,HIGH
1999-11-11,0.9999997192086142,2.807913858799401e-07,0.0,0.6141076123867398,HIGH
1999-11-12,0.999946930418186,5.306958181411798e-05,0.0,0.6463980767126459,HIGH
1999-11-15,0.9999999999977373,2.2628157082888576e-12,0.0,0.6464292305031061,HIGH
1999-11-16,0.9928027016817692,0.0071972983971982,0.0,0.6422018516989569,HIGH
1999-11-17,0.9999785007023602,2.150315763109771e-05,0.0,0.6464166096582842,HIGH
1999-11-18,0.999980918916007,1.90811013879343e-05,0.0,0.6464180292370715,HIGH
1999-11-19,0.999946440918192,5.3560160654184064e-05,0.0,0.6463977893570129,HIGH
1999-11-22,0.9999913547508285,8.645517569099591e-06,0.0,0.6464241554431726,HIGH
1999-11-24,0.988108846677561,0.0118913801822977,0.0,0.6394423975507488,HIGH
1999-11-25,0.9976496353535198,0.0023563723288732,0.0,0.6450492382947965,HIGH
1999-11-26,0.9999999637030192,3.6348292875417845e-08,0.0,0.6464292091968611,HIGH
1999-11-29,0.9996446268659456,0.0003553732119142,0.0,0.6462206086190704,HIGH
1999-11-30,0.9980544393350193,0.0019455780036752,0.0,0.6452869500191417,HIGH
1999-12-01,0.999990241996038,9.784283047386288e-06,0.0,0.6464235022170102,HIGH
1999-12-02,0.9996601468102148,0.0003398536625088,0.0,0.6462297198425897,HIGH
1999-12-03,0.9999994448292816,5.554236253875968e-07,0.0,0.6464289046001591,HIGH
1999-12-06,0.999999949717682,5.028231809472936e-08,0.0,0.6464292009869883,HIGH
1999-12-07,0.9999999647765884,3.5223411848887327e-08,0.0,0.646429209827083,HIGH
1999-12-08,0.9998722194722072,0.0001277805334558,0.0,0.6463542182180138,HIGH
1999-12-09,0.4096187669655511,0.5903817308235965,0.0,0.014484949321661028,LOW
1999-12-10,0.99999995721194,5.3201397365682624e-08,0.0,0.032321460269318744,MEDIUM
1999-12-13,0.9999999992590284,7.409716173133186e-10,0.0,0.06464292300694587,MEDIUM
1999-12-14,0.9906832360030774,0.0093167640079148,0.0,0.09614341334587366,HIGH
1999-12-15,0.9997623841025336,0.0002376607483701,0.0,0.12925794785759218,HIGH
1999-12-16,0.7944989117130606,0.2058491621118744,0.0,0.13101361954606888,HIGH
1999-12-17,1.0,0.0,0.0,0.1939287691513303,HIGH
1999-12-20,0.999999998748734,1.2512659797181414e-09,0.0,0.22625023041946438,HIGH
1999-12-21,0.9999774525034084,2.254749659160136e-05,0.0,0.25856639773098494,HIGH
1999-12-22,0.9999999998007782,1.9922176398519718e-10,0.0,0.29089315367436797,HIGH
1999-12-23,1.0,0.0,0.0,0.3232146152522172,HIGH
1999-12-24,0.9999685215509037,3.14784490963449e-05,0.0,0.3555259133416423,HIGH
1999-12-27,0.9999988460479424,1.153952057685321e-06,0.0,0.3878571318569526,HIGH
1999-12-28,0.9999999999770196,2.2980390141993498e-11,0.0,0.4201789998191136,HIGH
1999-12-29,0.0368623677404427,0.9631376333352722,0.0,0.0033600327632569028,LOW
1999-12-30,0.9999999663958016,6.71748390474383e-08,0.0,0.03232146053888084,MEDIUM
2000-01-03,1.0,0.0,0.0,0.06464292305044343,MEDIUM
2000-01-04,0.999999999997437,2.5630608746496364e-12,0.0,0.09696438457543946,HIGH
2000-01-05,0.9999999999987392,1.2606582444618552e-12,0.0,0.12928584610073887,HIGH
2000-01-06,0.9999871645647804,1.2835435219680251e-05,0.0,0.16160542391403693,HIGH
2000-01-07,0.999999482182674,5.178173259823161e-07,0.0,0.1939286779583652,HIGH
2000-01-10,1.0,0.0,0.0,0.226250230676552,HIGH
2000-01-11,0.9999998325000748,1.674999251521925e-07,0.0,0.25857165287049183,HIGH
2000-01-12,1.0,0.0,0.0,0.2908931537269955,HIGH
2000-01-13,0.9999998521714146,1.478285853728778e-07,0.0,0.32321457186199065,HIGH
2000-01-14,0.9999998376762614,1.6232373854561936e-07,0.0,0.3555360243681559,HIGH
2000-01-17,1.0,0.0,0.0,0.3878575383026606,HIGH
2000-01-18,0.9999124060694448,8.759393055512989e-05,0.0,0.42014557618641646,HIGH
2000-01-19,0.999724148513228,0.0002758514948565,0.0,0.45238710496343815,HIGH
2000-01-20,0.9999999999878384,1.2161716449668703e-11,0.0,0.4848219228729713,HIGH
2000-01-21,0.9994014583191552,0.0005985416828329,0.0,0.5168622799522529,HIGH
2000-01-24,0.9999999995177764,4.899834858729822e-10,0.0,0.5494648456881497,HIGH
2000-01-25,0.99957353111674,0.0004264689191365,0.0,0.5815609834346895,HIGH
2000-01-26,0.9999999578776212,4.214949781293816e-08,0.0,0.6141077454882949,HIGH
2000-01-27,0.9999999785579888,2.144201109347627e-08,0.0,0.6464292179172381,HIGH
2000-01-28,1.0,0.0,0.0,0.6464292305044343,HIGH
2000-01-31,0.9999999542318097,4.5768190348738365e-08,0.0,0.6464292036369361,HIGH
2000-02-01,0.9999982496915178,1.750308482152979e-06,0.0,0.6464282030131591,HIGH
2000-02-02,0.99775420525947,0.0022457955759792,0.0,0.6451106459452736,HIGH
2000-02-03,0.9999999943918476,5.7555704314563295e-09,0.0,0.6464292272122565,HIGH
2000-02-04,0.9999999999831196,1.6880608022436298e-11,0.0,0.6464292304945249,HIGH
2000-02-07,0.9999999893820188,1.0617981270972892e-08,0.0,0.6464292242713151,HIGH
2000-02-08,0.9999999975016676,2.4983325712335323e-09,0.0,0.6464292290378275,HIGH
2000-02-09,0.9999947578767404,5.242123259504477e-06,0.0,0.6464261531969743,HIGH
2000-02-10,0.999999999843474,1.565260933165319e-10,0.0,0.6464292304125482,HIGH
2000-02-11,1.0,0.0,0.0,0.6464292305044343,HIGH
2000-02-14,1.0,0.0,0.0,0.6464292305044343,HIGH
2000-02-15,0.999999998745442,1.2545581240530623e-09,0.0,0.6464292297679658,HIGH
2000-02-16,0.9982417177327828,0.0017582822672173,0.0,0.6453969199400824,HIGH
2000-02-17,0.9999129158999752,8.715478451691797e-05,0.0,0.6463781088095718,HIGH
2000-02-18,0.9999999383930844,6.160836182323437e-08,0.0,0.6464291943390608,HIGH
2000-02-21,0.99999999959375,4.0625003021730505e-10,0.0,0.6464292302659517,HIGH
2000-02-22,0.9999999999967952,3.204769782788389e-12,0.0,0.6464292305025531,HIGH
2000-02-23,0.9999999999949084,5.091482790892121e-12,0.0,0.6464292305014454,HIGH
2000-02-24,0.999999997302267,2.6977330369593662e-09,0.0,0.6464292289207725,HIGH
2000-02-25,0.999999999572915,4.270851442504439e-10,0.0,0.6464292302537208,HIGH
2000-02-28,0.9999999999315002,6.849987241640847e-11,0.0,0.6464292304642226,HIGH
2000-02-29,0.999999999844318,1.556821338497426e-10,0.0,0.6464292304130437,HIGH
2000-03-01,0.999999015145382,9.848546179597736e-07,0.0,0.6464286523609365,HIGH
2000-03-02,1.0,0.0,0.0,0.6464292305044343,HIGH
2000-03-03,0.9999999999988162,1.1838308111578046e-12,0.0,0.6464292305037393,HIGH
2000-03-06,1.0,0.0,0.0,0.6464292305044343,HIGH
2000-03-07,0.9999999999948952,5.10480546722647e-12,0.0,0.6464292305014376,HIGH
2000-03-08,0.9999997573252832,2.426747166547164e-07,0.0,0.646429088046046,HIGH
2000-03-09,0.9999998088253044,1.9117469576880765e-07,0.0,0.6464291182783266,HIGH
2000-03-10,0.999776499826023,0.0002235002377615,0.0,0.6462980259938083,HIGH
2000-03-13,0.9999993347107864,6.657046380418563e-07,0.0,0.6464288399568179,HIGH
2000-03-14,0.9999988161487482,1.1838512518427087e-06,0.0,0.6464285355430648,HIGH
2000-03-15,0.9999998667421572,1.332578427805215e-07,0.0,0.6464291522775074,HIGH
2000-03-16,0.9798842965831316,0.0201157096398697,0.0,0.6346025870688429,HIGH
2000-03-21,0.9655858517308084,0.0345282510632069,0.0,0.6261743944558247,HIGH
2000-03-22,0.9977424801804946,0.0022774655426555,0.0,0.6451037605564891,HIGH
2000-03-23,0.9999999995806288,4.193711684118708e-10,0.0,0.646429230258249,HIGH
2000-03-24,0.9331719337730088,0.0668280722667645,0.0,0.6070028978179648,HIGH
2000-03-27,0.9907643121441484,0.0092365450653759,0.0,0.6410037506177643,HIGH
2000-03-28,0.9980019728311272,0.0020133979478216,0.0,0.6452561411121844,HIGH
2000-03-29,0.9999999986651534,1.3369693077203072e-09,0.0,0.6464292297208336,HIGH
2000-03-30,0.9999961069547346,3.893045265330615e-06,0.0,0.6464269451526008,HIGH
2000-03-31,0.9999999999275389,7.24611194735594e-11,0.0,0.6464292304618972,HIGH
2000-04-03,0.9999943437137718,5.65628622812659e-06,0.0,0.646425910068898,HIGH
2000-04-04,0.9999990250903348,9.7490966506868e-07,0.0,0.6464286581989659,HIGH
2000-04-05,0.9999952575132895,4.742490671406446e-06,0.0,0.6464264465009966,HIGH
2000-04-06,0.9999999992351232,7.648768811745312e-10,0.0,0.6464292300554254,HIGH
2000-04-07,1.0,0.0,0.0,0.6464292305044343,HIGH
2000-04-10,1.0,0.0,0.0,0.6464292305044343,HIGH
2000-04-11,0.9464861215013104,0.0535138784986896,0.0,0.6148884918063993,HIGH
2000-04-12,0.7441208462120343,0.2558791998844438,0.0,0.49360416543504354,HIGH
2000-04-13,1.0,0.0,0.0,0.6464292305044343,HIGH
2000-04-17,1.0,0.0,0.0,0.6464292305044343,HIGH
2000-04-18,1.0,0.0,0.0,0.6464292305044343,HIGH
2000-04-19,0.9999999999960636,3.936295733808493e-12,0.0,0.6464292305021235,HIGH
2000-04-20,0.9999999865486286,1.3451371350111354e-08,0.0,0.6464292226080178,HIGH
2000-04-24,1.0,0.0,0.0,0.6464292305044343,HIGH
2000-04-25,1.0,0.0,0.0,0.6464292305044343,HIGH
2000-04-26,0.9999999999024184,9.758160945949612e-11,0.0,0.6464292304471506,HIGH
2000-04-27,0.9999999999810906,1.890942957652071e-11,0.0,0.6464292304933339,HIGH
2000-04-28,0.99999999988644,1.1356005025143175e-10,0.0,0.6464292304377708,HIGH
2000-05-02,1.0,0.0,0.0,0.6464292305044343,HIGH
2000-05-03,0.999999999822168,1.7783197137077875e-10,0.0,0.6464292304000409,HIGH
2000-05-04,0.999994448027724,5.551972275901325e-06,0.0,0.6464259713048197,HIGH
2000-05-05,0.9997204192540968,0.0002795807681769,0.0,0.6462651035089804,HIGH
2000-05-08,1.0,0.0,0.0,0.6464292305044343,HIGH
2000-05-09,1.0,0.0,0.0,0.6464292305044343,HIGH
2000-05-10,0.9999999999890464,1.095368240555672e-11,0.0,0.6464292304980043,HIGH
2000-05-11,0.9999999352823028,6.471769709007475e-08,0.0,0.6464291925129252,HIGH
2000-05-12,0.9999998479338306,1.520661694510925e-07,0.0,0.646429141236374,HIGH
2000-05-15,0.999999984631768,1.5368232146441703e-08,0.0,0.6464292214827548,HIGH
2000-05-16,0.9999946203119628,5.3796933439811365e-06,0.0,0.6464260724416641,HIGH
2000-05-17,0.9999982918437836,1.7081627706023148e-06,0.0,0.646428227757992,HIGH
2000-05-18,0.9976265956271356,0.0023734140770849,0.0,0.645035708310151,HIGH
2000-05-19,0.999628100719151,0.0003720089075145,0.0,0.646210906665046,HIGH
2000-05-22,0.9999999945853076,5.416670112397171e-09,0.0,0.6464292273258241,HIGH
2000-05-23,0.999985734765635,1.4265234365020244e-05,0.0,0.6464208563132509,HIGH
2000-05-24,0.9999999429847816,5.7015218598648716e-08,0.0,0.6464291970345446,HIGH
2000-05-25,0.9998552386098756,0.0001447614248815,0.0,0.6463442496616713,HIGH
2000-05-26,0.999478463363937,0.0005215888796287,0.0,0.6461230584100753,HIGH
2000-05-29,0.99990116501541,9.885347191355296e-05,0.0,0.6463712105391726,HIGH
2000-05-30,0.9999582254068,4.1776583341561424e-05,0.0,0.6464047073065599,HIGH
2000-05-31,0.9999999397603954,6.024149010425048e-08,0.0,0.6464291951417193,HIGH
2000-06-01,0.9998259101105612,0.0001740898990731,0.0,0.646327032406973,HIGH
2000-06-02,0.9307536151609216,0.0692492509076227,0.0,0.6055690085946226,HIGH
2000-06-05,0.9999999990128642,1.1271010407898674e-09,0.0,0.6464292299249518,HIGH
2000-06-06,0.999156470717894,0.0008435293032052,0.0,0.6459340179771935,HIGH
2000-06-07,0.9626105545817828,0.0373896275459367,0.0,0.62441837361938,HIGH
2000-06-08,0.9947723230348812,0.0053363642102304,0.0,0.6433591812911136,HIGH
2000-06-09,0.9999226875809306,7.763766520832805e-05,0.0,0.6463838451936131,HIGH
2000-06-12,1.0,0.0,0.0,0.6464292305044343,HIGH
2000-06-13,0.9998793648960052,0.0001206351039949,0.0,0.6463584129065457,HIGH
2000-06-14,0.917533319646427,0.0824666816741957,0.0,0.5977217907860676,HIGH
2000-06-15,0.7547088443267791,0.248641309784924,0.0,0.5000155195748411,HIGH
2000-06-16,0.9991109392059676,0.0012468538969966,0.0,0.6459072858817365,HIGH
2000-06-19,0.8075713656710378,0.1935393431114932,0.0,0.5319315983165979,HIGH
2000-06-20,0.9996165630868744,0.0005597487526248,0.0,0.6462041332883403,HIGH
2000-06-21,0.9999999998959213,1.0407877740787989e-10,0.0,0.6464292304433366,HIGH
2000-06-22,0.8755588491522184,0.1244411561546076,0.0,0.5727140976882837,HIGH
2000-06-23,0.8936112826113373,0.1064039275432705,0.0,0.583486369019838,HIGH
2000-06-26,0.846281060715018,0.1736376922578011,0.0,0.5551915140513358,HIGH
2000-06-27,0.703078100802069,0.3195931674722673,0.0,0.02343502059691728,LOW
2000-06-28,0.9999999988857402,1.1248745112093146e-09,0.0,0.03232146149251628,MEDIUM
2000-06-29,1.0,0.0,0.0,0.06464292305044343,MEDIUM
2000-06-30,0.9997413849634058,0.0002586150365941,0.0,0.09694161174083887,HIGH
2000-07-03,1.0,0.0,0.0,0.12928584610088686,HIGH
2000-07-04,0.9523639734699147,0.0476360265300852,0.0,0.1545912506107608,HIGH
2000-07-05,0.9998320026912478,0.0001690553707667,0.0,0.19389918271629922,HIGH
2000-07-06,0.9999999999980816,1.9183004758670334e-12,0.0,0.22625023067615788,HIGH
2000-07-07,0.999999999986616,1.3383960606458294e-11,0.0,0.258571692198631,HIGH
2000-07-10,0.9963606276697804,0.0036393723302196,0.0,0.289931490377891,HIGH
2000-07-11,0.9948640633091754,0.0051359650044805,0.0,0.32170653925642134,HIGH
2000-07-12,0.9999977360687824,2.2730267738035223e-06,0.0,0.3555353458243933,HIGH
2000-07-13,0.9999997274699268,2.725300733381221e-07,0.0,0.387857442311956,HIGH
2000-07-14,0.9999937522731136,6.247731891238475e-06,0.0,0.4201766158672042,HIGH
2000-07-17,1.0,0.0,0.0,0.452500461353104,HIGH
2000-07-18,0.9999238516335888,7.614836641112177e-05,0.0,0.4847883964053561,HIGH
2000-07-19,0.9999999110381916,8.89618082507325e-08,0.0,0.51714334262464,HIGH
2000-07-20,0.9999826567576046,1.734324433306777e-05,0.0,0.5494561920006745,HIGH
2000-07-21,1.0,0.0,0.0,0.581786307453991,HIGH
2000-07-24,1.0,0.0,0.0,0.6141077689792126,HIGH
2000-07-25,1.0,0.0,0.0,0.6464292305044343,HIGH
2000-07-26,1.0,0.0,0.0,0.6464292305044343,HIGH
2000-07-27,0.9999999999883996,1.1600387317400872e-11,0.0,0.6464292304976245,HIGH
2000-07-28,0.9999998393049836,1.6069501651559917e-07,0.0,0.6464291361709447,HIGH
2000-07-31,0.9999999998936596,1.0634047721144059e-10,0.0,0.646429230442009,HIGH
2000-08-01,0.9999974376938638,2.5623061361990598e-06,0.0,0.6464277263425169,HIGH
2000-08-02,0.9999981663963315,1.833603668301304e-06,0.0,0.6464281541160133,HIGH
2000-08-03,0.9999719193754718,2.808065507345504e-05,0.0,0.646412746178944,HIGH
2000-08-04,0.9999841455940496,1.5854522404066648e-05,0.0,0.6464199234128545,HIGH
2000-08-07,0.9962544763761684,0.0037456257059732,0.0,0.6442298512964676,HIGH
2000-08-08,0.9998884872501024,0.00011202455618,0.0,0.646363768136363,HIGH
2000-08-09,0.9827744089458296,0.0172271001593167,0.0,0.6363039807039108,HIGH
2000-08-10,0.9689398675659768,0.0313286047089719,0.0,0.628153014657613,HIGH
2000-08-11,0.5360588875233152,0.4872583331039233,0.0,0.018341563748302103,LOW
2000-08-14,0.9993392476599248,0.0011471011471404,0.0,0.03230206633185955,LOW
2000-08-16,0.9946553716910076,0.005347703742593,0.0,0.06432904715287217,MEDIUM
2000-08-17,0.9890481337509192,0.0114398825625537,0.0,0.09599921227469525,HIGH
2000-08-18,0.7399524319327883,0.2618070799581741,0.0,0.09821569876630266,HIGH
2000-08-21,0.9438892309341071,0.0604195070758201,0.0,0.1533379006635284,HIGH
2000-08-22,1.0,0.0,0.0,0.1939287691513303,HIGH
2000-08-23,0.9963556291262374,0.0036443708737625,0.0,0.2255012427126756,HIGH
2000-08-24,0.0333158924988904,0.9666845493741384,0.0,0.0032568894183669437,LOW
2000-08-25,0.9999982158525488,3.460874192304216e-06,0.0,0.032321409157425894,MEDIUM
2000-08-28,0.975237817958629,0.0247621833905308,0.0,0.06318656896937956,MEDIUM
2000-08-29,0.0022826244916838,0.9992713752129512,0.0,0.002356847083482357,LOW
2000-08-30,0.0027028867714211,1.845092444840592,0.0,0.004738011084471981,LOW
2000-08-31,0.7023519282888572,0.8759414821939204,0.0,0.0702388676309034,MEDIUM
2000-09-04,0.999999829944601,5.26473610849195e-07,0.0,0.03232145653380394,MEDIUM
2000-09-05,0.764255913420228,0.2357481569159728,0.0,0.05057914801126583,MEDIUM
2000-09-06,0.2092906126211149,0.7927365331759457,0.0,0.00844249221026649,LOW
2000-09-07,0.8730318659459624,0.212512969763206,0.0,0.02856021047099308,LOW
2000-09-08,0.0022222162829002,1.4730374494791862,0.0,0.0023550995034160413,LOW
2000-09-11,0.9902162888190426,0.0262793369589203,0.0,0.03203407883634312,LOW
2000-09-12,0.0106081996921581,1.056142136919215,0.0,0.0025978661927450186,LOW
2000-09-13,0.7697107923577647,0.4876781476879063,0.0,0.02545447171447896,LOW
2000-09-14,0.1536270272199288,0.9444257028608104,0.0,0.006787820781004418,LOW
2000-09-15,0.8663779964423122,0.2442173804124274,0.0,0.028361309628008254,LOW
2000-09-18,0.9999999723230872,3.850675309387541e-08,0.0,0.06464292142571369,MEDIUM
2000-09-19,0.999976294602511,2.370577730460987e-05,0.0,0.09696229718962543,HIGH
2000-09-20,0.9999999648660558,3.5133944163114085e-08,0.0,0.12928584197592072,HIGH
2000-09-21,0.7834601465277191,0.2165398992966553,0.0,0.1293486593132016,HIGH
2000-09-22,0.9999998987454498,1.983975676990821e-07,0.0,0.19392875131936158,HIGH
2000-09-25,0.999999999497161,5.028390504530759e-10,0.0,0.22625023057323768,HIGH
2000-09-26,0.9948036008896652,0.0051963991305343,0.0,0.25735102282025163,HIGH
2000-09-27,0.9999999999858614,2.4877308358927952e-11,0.0,0.2908931537232606,HIGH
2000-09-28,0.9998281416977356,0.0001718583022642,0.0,0.3231641712299141,HIGH
2000-09-29,0.9999999975665812,2.44306825585108e-09,0.0,0.35553607599176373,HIGH
2000-10-03,0.9999999999956566,4.343414516888609e-12,0.0,0.38785753830113073,HIGH
2000-10-04,0.9838248468286724,0.0161751531713275,0.0,0.4139994204157998,HIGH
2000-10-05,0.9996111660814196,0.0003888527406492,0.0,0.4523406754118768,HIGH
2000-10-06,0.9976969325238956,0.0023038052644798,0.0,0.4838077599111692,HIGH
2000-10-09,0.984180483599048,0.0158409816045044,0.0,0.5097051702442877,HIGH
2000-10-10,0.9999999795813822,2.1292050579893e-08,0.0,0.5494648357403042,HIGH
2000-10-11,0.3414760178155929,0.6585267105064017,0.0,0.012416842363920787,LOW
2000-10-12,0.9995973765990844,0.0006570513919112,0.0,0.03230964347427894,MEDIUM
2000-10-13,0.9999999910738776,9.026253014555858e-09,0.0,0.06464292252644942,MEDIUM
2000-10-16,1.0,0.0,0.0,0.09696438457566516,HIGH
2000-10-17,0.9995697413766949,0.0004302586233052,0.0,0.12923532912600014,HIGH
2000-10-18,0.9992507111460708,0.0007492888586313,0.0,0.16149733676751138,HIGH
2000-10-19,0.9999969815831732,3.020504247032977e-06,0.0,0.193928237576933,HIGH
2000-10-20,1.0,0.0,0.0,0.226250230676552,HIGH
2000-10-23,0.9999995714546808,4.285453192309774e-07,0.0,0.2585715915734476,HIGH
2000-10-24,0.998785332067943,0.001214667932057,0.0,0.29057225067962034,HIGH
2000-10-25,0.9999997274329104,2.740963516798139e-07,0.0,0.3232145352490984,HIGH
2000-10-27,0.9999911036213108,8.89638646341797e-06,0.0,0.3555332044117321,HIGH
2000-10-30,0.9999489611060732,5.103899799038294e-05,0.0,0.3878395612833562,HIGH
2000-10-31,0.9933660994059376,0.0066341924538513,0.0,0.41764640699008576,HIGH
2000-11-01,0.9850295119692104,0.0149853675260358,0.0,0.44634172500401553,HIGH
2000-11-02,0.9999949142686858,5.213244985372876e-06,0.0,0.4848196837533637,HIGH
2000-11-03,0.9643579071602112,0.0356447371266699,0.0,0.5003598034053658,HIGH
2000-11-06,0.999937383003168,6.391039770797542e-05,0.0,0.5494336012024713,HIGH
2000-11-07,0.9999622433114148,3.776003357581596e-05,0.0,0.5817663593718869,HIGH
2000-11-08,0.9999415578852124,5.844458381710144e-05,0.0,0.6140751766833519,HIGH
2000-11-09,0.999999998518167,1.4818329628528324e-09,0.0,0.6464292296345475,HIGH
2000-11-10,0.9992925118219306,0.0007074882158577,0.0,0.6460138882304458,HIGH
2000-11-13,0.9999999999938038,7.314568162433146e-12,0.0,0.646429230500797,HIGH
2000-11-14,0.9999999999465436,5.3456461479546846e-11,0.0,0.6464292304730537,HIGH
2000-11-15,0.9999717268791538,2.8273120846185948e-05,0.0,0.6464126331765138,HIGH
2000-11-16,0.2868125327891618,0.7131876234142277,0.0,0.010766425925835736,LOW
2000-11-17,0.9935230679923014,0.0115192653220246,0.0,0.032131258589365344,LOW
2000-11-20,0.3903007440079561,0.6114421149813125,0.0,0.013897631072531794,LOW
2000-11-21,0.9999049089468182,0.0001548157506942,0.0,0.03231867041939634,MEDIUM
2000-11-22,0.9863745806313338,0.0136256509228553,0.0,0.06384223508762818,MEDIUM
2000-11-23,0.091279354579328,0.9101777940305256,0.0,0.004949928641543909,LOW
2000-11-24,0.0035470971195991,1.2805624118175922,0.0,0.004786863210237011,LOW
2000-11-27,0.9999383079488936,0.0001588332163575,0.0,0.03231965074914707,MEDIUM
2000-11-28,0.9622144158349576,0.0377885551099732,0.0,0.06241845147060929,MEDIUM
2000-11-29,0.7147829477753609,0.28769143520708,0.0,0.023790519486442674,LOW
2000-11-30,0.0361860302039707,1.2147235739795996,0.0,0.006680716182550052,LOW
2000-12-01,0.9998766561255,0.0003000322732511,0.0,0.03231784113678416,MEDIUM
2000-12-04,0.9999999602307398,3.9769260263644385e-08,0.0,0.0646429207158514,MEDIUM
2000-12-05,0.7592587182677378,0.2407415652665576,0.0,0.07541531983488066,HIGH
2000-12-06,1.0,0.0,0.0,0.12928584610088686,HIGH
2000-12-07,0.6659132445390814,0.3340867554609186,0.0,0.022304484530863825,LOW
2000-12-08,0.1433761927507172,0.8566246750330234,0.0,0.012968980555626675,LOW
2000-12-11,0.9999946976698886,1.0490689597560524e-05,0.0,0.032321305892672895,MEDIUM
2000-12-12,0.9999997148131928,2.851868073331643e-07,0.0,0.06464290630899892,MEDIUM
2000-12-13,0.9365154678774068,0.0634846493610611,0.0,0.0913476856625159,HIGH
2000-12-14,0.9637261444150528,0.036382269948546,0.0,0.12501537693865125,HIGH
2000-12-15,0.9999375822277652,6.303772752458593e-05,0.0,0.16159814723892474,HIGH
2000-12-18,0.9954538854409152,0.0045465615528886,0.0,0.19312787395525455,HIGH
2000-12-19,0.9949069537918992,0.0051050678328212,0.0,0.22520339671379924,HIGH
2000-12-20,0.9973426289717529,0.0026721372703189,0.0,0.25794757846325705,HIGH
2000-12-21,0.999999906695462,9.346239540781617e-08,0.0,0.2908931290791609,HIGH
2000-12-22,0.999999999349633,6.503669810155143e-10,0.0,0.3232146150613233,HIGH
2000-12-26,0.9999999368243624,6.317563777273913e-08,0.0,0.35553605637999197,HIGH
2000-12-27,0.9994259709426658,0.0005740290643631,0.0,0.38765534458787304,HIGH
2000-12-28,0.9999993540385947,6.471756456711928e-07,0.0,0.42017875334688876,HIGH
2000-12-29,0.990426670459174,0.0095734434739604,0.0,0.44856368185149315,HIGH
2001-01-02,0.9998917676314056,0.0001084302682443,0.0,0.4847742703987998,HIGH
2001-01-03,0.9999999999983156,1.684400413573684e-12,0.0,0.5171433844027565,HIGH
2001-01-04,1.0,0.0,0.0,0.5494648459287692,HIGH
2001-01-05,0.999995504948602,4.495051398101247e-06,0.0,0.581783932578706,HIGH
2001-01-08,0.9996836719483412,0.0003163280516588,0.0,0.6139313540680105,HIGH
2001-01-09,0.996429544427912,0.0035711872998916,0.0,0.6443326795848255,HIGH
2001-01-10,0.9999996251224544,3.7628083556315133e-07,0.0,0.6464290104384456,HIGH
2001-01-11,0.904864836026475,0.0951356192063775,0.0,0.590188770354835,HIGH
2001-01-12,0.9787938743222796,0.0213284755429801,0.0,0.6339604701875534,HIGH
2001-01-15,0.999520118314545,0.0004842060740011,0.0,0.6461475131652528,HIGH
2001-01-16,0.187270505382406,0.8153842467998944,0.0,0.007786427430056558,LOW
2001-01-17,0.7960511082969259,0.3188468433117437,0.0,0.026249517382671568,LOW
2001-01-18,0.6806320038215259,0.3547710881859133,0.0,0.022752520065212247,LOW
2001-01-19,0.6418383896989691,0.5018315948317225,0.0,0.04314185703033506,MEDIUM
2001-01-22,0.9999396259975232,0.0001037706629358,0.0,0.03231968943649634,MEDIUM
2001-01-23,0.1556171037517714,0.8466480762802803,0.0,0.0068467601290296935,LOW
2001-01-24,0.6333249503923734,0.5318841583579417,0.0,0.0426226781404497,MEDIUM
2001-01-25,0.8387375293300969,0.192654226377089,0.0,0.027533337781653816,LOW
2001-01-29,1.0,0.0,0.0,0.06464292305044343,MEDIUM
2001-01-30,0.9999989926496704,1.0073503295959796e-06,0.0,0.09696429587327698,HIGH
2001-01-31,0.996596881923152,0.0034031180768479,0.0,0.12888619293568665,HIGH
2001-02-01,0.9999432070950056,5.684880692402832e-05,0.0,0.16159897274395998,HIGH
2001-02-02,0.9997725573704208,0.0002274544021852,0.0,0.19388871346721698,HIGH
2001-02-05,0.961639184976041,0.0383642056718276,0.0,0.21834571687430107,HIGH
2001-02-06,0.9794351573289382,0.02087102435981,0.0,0.2537352460550322,HIGH
2001-02-07,0.999177888753286,0.0008362795944116,0.0,0.2906759667140122,HIGH
2001-02-08,0.9999999531242966,4.688418129135032e-08,0.0,0.3232146014933939,HIGH
2001-02-09,0.8296158027414057,0.1703847754692767,0.0,0.2998545487620775,HIGH
2001-02-12,0.9992250926672368,0.0008050256048732,0.0,0.3875845838362693,HIGH
2001-02-13,0.9999999321062404,6.794763770765042e-08,0.0,0.42017897392150394,HIGH
2001-02-14,0.6430701109685418,0.3569314017738176,0.0,0.021608478339619888,LOW
2001-02-15,0.9474949044549488,0.0529098605161198,0.0,0.03077426773428596,LOW
2001-02-16,0.9999999929504132,7.620637807510887e-09,0.0,0.06464292263660851,MEDIUM
2001-02-19,0.9999498719555228,5.012804447720006e-05,0.0,0.09695997052644094,HIGH
2001-02-20,0.6233847846950428,0.376615674079316,0.0,0.021008139860639014,LOW
2001-02-21,0.9802484797096138,0.0258389544927303,0.0,0.03174085101257803,LOW
2001-02-22,0.9999060896912842,9.70573301812768e-05,0.0,0.06463741015354486,MEDIUM
2001-02-23,0.9999999852122392,1.4787760888534132e-08,0.0,0.0969643832735267,HIGH
2001-02-26,0.9999999368336074,6.316639253393119e-08,0.0,0.12928583868471885,HIGH
2001-02-27,0.99929152956438,0.0007084704552192,0.0,0.16150332788730495,HIGH
2001-02-28,0.9999999547828312,4.536553081022769e-08,0.0,0.19392876118812138,HIGH
2001-03-01,0.9999918367651816,8.163234818296285e-06,0.0,0.22624855344087522,HIGH
2001-03-02,1.0,0.0,0.0,0.25857169220177373,HIGH
2001-03-05,0.9999997603670232,2.396329767950789e-07,0.0,0.29089309042424333,HIGH
2001-03-07,0.999999999817484,1.8251610396798848e-10,0.0,0.3232146151986456,HIGH
2001-03-08,0.9999999508217888,4.917821136745507e-08,0.0,0.35553606089932527,HIGH
2001-03-09,0.9999991553104224,8.446895776324648e-07,0.0,0.38785724078558176,HIGH
2001-03-12,0.9999997418447272,2.581552727372554e-07,0.0,0.42017890132297825,HIGH
2001-03-13,0.999999999998533,1.4670485387270621e-12,0.0,0.45250046135250116,HIGH
2001-03-14,1.0,0.0,0.0,0.48482192287832576,HIGH
2001-03-15,1.0,0.0,0.0,0.5171433844035475,HIGH
2001-03-16,0.999999999680462,3.1953795165406973e-10,0.0,0.5494648457693264,HIGH
2001-03-19,0.9999968172478446,3.182752155383415e-06,0.0,0.5817846259073288,HIGH
2001-03-20,0.9999990048795628,9.951204372320188e-07,0.0,0.6141072140178201,HIGH
2001-03-21,0.99999999999884,1.1600713092265978e-12,0.0,0.6464292305037534,HIGH
2001-03-22,0.9941884847111594,0.005811515290222,0.0,0.6430161598794161,HIGH
2001-03-23,0.9998677400198068,0.000132269331667,0.0,0.6463515885735271,HIGH
2001-03-26,0.9610860946463426,0.0390138705944249,0.0,0.6235183405699681,HIGH
2001-03-27,0.9992324816999838,0.0007686316781827,0.0,0.6459786445203659,HIGH
2001-03-28,0.9999999810015509,1.9012313495156008e-08,0.0,0.6464292193516927,HIGH
2001-03-29,0.999999982430304,1.7569696108636406e-08,0.0,0.6464292201904199,HIGH
2001-03-30,0.9999997652435328,2.3475646721334133e-07,0.0,0.6464290926943304,HIGH
2001-04-02,0.9999999999976972,2.3028230562683818e-12,0.0,0.6464292305030825,HIGH
2001-04-03,0.9999999915590196,8.44098047004586e-09,0.0,0.6464292255492893,HIGH
2001-04-04,0.9999993663528848,6.336471151266277e-07,0.0,0.6464288585318172,HIGH
2001-04-06,1.0,0.0,0.0,0.6464292305044343,HIGH
2001-04-09,0.999988929472193,1.1070527807133246e-05,0.0,0.6464227317192504,HIGH
2001-04-10,0.99999999946176,5.382399686732868e-10,0.0,0.646429230188469,HIGH
2001-04-11,0.999999999979062,2.0937918065482555e-11,0.0,0.6464292304921431,HIGH
2001-04-12,0.9999990564508696,9.435491303185122e-07,0.0,0.6464286766086786,HIGH
2001-04-16,0.9999991782148115,8.217851884316135e-07,0.0,0.6464287480883003,HIGH
2001-04-17,0.9999988118569776,1.1881443797917931e-06,0.0,0.6464285330236478,HIGH
2001-04-18,1.0,0.0,0.0,0.6464292305044343,HIGH
2001-04-19,0.9999999995506136,4.4938652798975904e-10,0.0,0.6464292302406291,HIGH
2001-04-20,0.999999988186668,1.1813331868237386e-08,0.0,0.6464292235696031,HIGH
2001-04-23,0.9996610465297336,0.0003389534702663,0.0,0.646230248036198,HIGH
2001-04-24,0.9999996635621818,3.3668154722139855e-07,0.0,0.6464290330038858,HIGH
2001-04-25,0.9990319089423148,0.0009680935780624,0.0,0.6458608858272876,HIGH
2001-04-26,0.999999999986693,1.3307011837041309e-11,0.0,0.6464292304966227,HIGH
2001-04-27,1.0,0.0,0.0,0.6464292305044343,HIGH
2001-04-30,0.9990101936756092,0.0009898063243908,0.0,0.6458481363151833,HIGH
2001-05-02,0.9999997688426052,2.3115939747992362e-07,0.0,0.6464290948071094,HIGH
2001-05-03,0.992350610205428,0.0076494352979774,0.0,0.6419361585163521,HIGH
2001-05-04,0.9999984597995536,1.6691107763436133e-06,0.0,0.6464283263538166,HIGH
2001-05-07,0.9999999999775694,2.2430607509265992e-11,0.0,0.6464292304912668,HIGH
2001-05-08,0.999875771247958,0.0001242287520421,0.0,0.6463563032723814,HIGH
2001-05-09,0.9999424839170296,5.751610984524448e-05,0.0,0.6463954664418471,HIGH
2001-05-10,0.9971898717971288,0.0028102646593785,0.0,0.6447792350524185,HIGH
2001-05-11,0.9996264974722476,0.0003735956641201,0.0,0.6462099654505289,HIGH
2001-05-14,0.9998443159878178,0.0001557591322295,0.0,0.6463378375606086,HIGH
2001-05-15,1.0,0.0,0.0,0.6464292305044343,HIGH
2001-05-16,0.999999927429758,7.257024214890606e-08,0.0,0.6464291879032119,HIGH
2001-05-17,0.9999999997738652,2.2613488843204936e-10,0.0,0.6464292303716854,HIGH
2001-05-18,0.999997393625802,2.6063741978627044e-06,0.0,0.6464277004730422,HIGH
2001-05-21,0.9999665329743248,3.346702907785927e-05,0.0,0.6464095841617818,HIGH
2001-05-22,0.9996530846764524,0.0003469224057428,0.0,0.6462255739103256,HIGH
2001-05-23,0.9999900021224252,1.0000966283900526e-05,0.0,0.646423361402756,HIGH
2001-05-24,0.999996876831262,3.1231856824747077e-06,0.0,0.6464273970967815,HIGH
2001-05-25,0.9999423795153932,5.7620648704794106e-05,0.0,0.6463954051539653,HIGH
2001-05-28,0.9999999697675236,3.0242431317164634e-08,0.0,0.6464292127569333,HIGH
2001-05-29,0.0517683389539039,0.948231963953392,0.0,0.0037941867080302748,LOW
2001-05-30,0.9999972914236392,5.391301588196512e-06,0.0,0.03232138202384207,MEDIUM
2001-05-31,0.9999844038582312,1.5596159602977655e-05,0.0,0.06464200750231551,MEDIUM
2001-06-01,0.9999992803249746,7.196878510084486e-07,0.0,0.09696432120457153,HIGH
2001-06-04,0.9999659064481746,3.409356497639735e-05,0.0,0.12928184327350717,HIGH
2001-06-05,0.9986138339114164,0.001386176899861,0.0,0.16140385433293752,HIGH
2001-06-06,0.998735697345608,0.0012651171315945,0.0,0.19370609094675087,HIGH
2001-06-07,0.9999982996616784,1.7017962906133953e-06,0.0,0.22624988132157797,HIGH
2001-06-08,0.8813035585850131,0.1186990153628667,0.0,0.23045791979671482,HIGH
2001-06-11,0.9440042697664544,0.0568197954914803,0.0,0.27603886360137364,HIGH
2001-06-12,0.7354929031293564,0.2747074315455671,0.0,0.024418773965093052,LOW
2001-06-13,0.0104768164724782,1.1167713333055085,0.0,0.00518812043349382,LOW
2001-06-14,0.1832242654301452,1.8912707855911,0.0,0.022998248238435114,LOW
2001-06-15,0.9780003231312576,0.0498440546366006,0.0,0.03167465530088306,LOW
2001-06-18,0.9997596139023874,0.0002417805666678,0.0,0.06462881130260577,MEDIUM
2001-06-19,0.9618638945286566,0.0381452830343913,0.0,0.0935966361842067,HIGH
2001-06-20,0.8779528118885933,0.1259729173657006,0.0,0.1148288121269693,HIGH
2001-06-21,0.2110196808215701,0.8150006192008508,0.0,0.00849408776476073,LOW
2001-06-22,0.1767194936750571,1.4487816798078288,0.0,0.01494550753792911,LOW
2001-06-25,0.9962184783190834,0.0103998460328298,0.0,0.03221043535364002,LOW
2001-06-26,0.999965966369698,3.427529695812094e-05,0.0,0.06464092515437092,MEDIUM
2001-06-27,0.6647504783851859,0.3353764305582579,0.0,0.022269075006698016,LOW
2001-06-28,0.0448357798795487,0.9653720284288844,0.0,0.007184279383234062,LOW
2001-06-29,0.7700865600480808,0.4585766446838292,0.0,0.025465827889205178,LOW
2001-07-02,0.4852239305383111,0.6538882160229491,0.0,0.0167892071404714,LOW
2001-07-03,0.99999999998486,2.442700067994772e-11,0.0,0.032321461524777335,MEDIUM
2001-07-04,0.996479467125714,0.0035205329119256,0.0,0.06443620017691062,MEDIUM
2001-07-05,0.9972729970168288,0.0027270127580614,0.0,0.09672420795312195,HIGH
2001-07-06,0.6921148849908398,0.3085443415547092,0.0,0.023101791360268274,LOW
2001-07-09,0.960286369114826,0.0493428635994222,0.0,0.031152305333451192,LOW
2001-07-10,0.5159096857582164,0.5046931449899581,0.0,0.017726118649831688,LOW
2001-07-11,0.969534249437498,0.0451491822537457,0.0,0.03142517768960761,LOW
2001-07-12,0.9946839510387988,0.0055361175318111,0.0,0.06433072622154606,MEDIUM
2001-07-13,0.9660042808171748,0.0342890694078907,0.0,0.09396319347933656,HIGH
2001-07-16,0.3082198328113367,0.7076525680590563,0.0,0.011411718612300156,LOW
2001-07-17,0.8638707890193619,0.2250634074090398,0.0,0.02828632024201673,LOW
2001-07-18,0.9472349225999828,0.0634726022296102,0.0,0.061533154043869824,MEDIUM
2001-07-19,0.0609571831448691,1.0414495824843113,0.0,0.0040623341415349954,LOW
2001-07-20,0.4045400653634671,1.2485149374731506,0.0,0.02866094840398661,LOW
2001-07-23,0.3958058126868039,1.4439983449591929,0.0,0.04219477567994167,MEDIUM
2001-07-24,0.387898301354704,1.0061738562210745,0.0,0.0552985694685905,MEDIUM
2001-07-25,0.9998338886599546,0.0005369598809686,0.0,0.03231658581054624,MEDIUM
2001-07-26,0.2442951905931769,0.7590658895377801,0.0,0.009489215389961163,LOW
2001-07-27,0.0540645820233414,1.3037622578387489,0.0,0.0077223177333930505,LOW
2001-07-30,0.0789339601141863,1.6524012713333975,0.0,0.013764146035680583,LOW
2001-07-31,0.8997702776031581,0.2952163179720452,0.0,0.029357789379633348,LOW
2001-08-01,0.2233421237025558,0.963670416486609,0.0,0.008862119820754598,LOW
2001-08-02,0.0022617713690641,1.6366594221766362,0.0,0.004712487621713019,LOW
2001-08-03,0.0020788653886452,2.612567704597724,0.0,0.0070528575018678225,LOW
2001-08-06,0.0229485509110355,3.101104701683475,0.0,0.011822835352844903,LOW
2001-08-07,0.0233303853083592,3.656735587992684,0.0,0.014833962817547484,LOW
2001-08-08,0.0020242470248672,4.517293954484088,0.0,0.01409623481771412,LOW
2001-08-09,0.0649081332268791,5.051205683208227,0.0,0.029244246278143093,LOW
2001-08-10,0.0147554436074389,5.681847602002224,0.0,0.021744378660271867,LOW
2001-08-13,0.009261230368212,6.272308283574265,0.0,0.02302965311855502,LOW
2001-08-14,0.8418147304534707,1.0192551671834278,0.0,0.02762565016121867,LOW
2001-08-16,0.0033148423236831,5.466809101553279,0.0,0.0023867112981258067,LOW
2001-08-17,0.0359736852460811,7.618550481673857,0.0,0.006668362822675869,LOW
2001-08-20,0.0020047836017926,10.12783982947804,0.0,0.007046428272219399,LOW
2001-08-21,0.0030039664095168,11.507594645844582,0.0,0.009510865926559095,LOW
2001-08-23,0.0145133941645155,12.44982230100742,0.0,0.013555154352876296,LOW
2001-08-24,0.0071605682277822,12.432598410148548,0.0,0.014988121900201616,LOW
2001-08-27,0.0130486553384426,12.469512248912068,0.0,0.01868004106522044,LOW
2001-08-28,0.0032314896656057,11.120429578297642,0.0,0.019074396365558275,LOW
2001-08-29,0.9999987970969276,1.38454076851512e-05,0.0,0.03232142621794953,MEDIUM
2001-08-30,0.007194896736484,0.9983965237911986,0.0,0.002499014219453699,LOW
2001-08-31,0.994724662335942,0.010567915650778,0.0,0.03216655902161751,LOW
2001-09-03,0.0584943610704782,0.9444128216338552,0.0,0.003990426328799392,LOW
2001-09-04,0.027421292351586,1.6021859825883829,0.0,0.006171168874297092,LOW
2001-09-05,0.0047765458527688,2.075515438836001,0.0,0.007287030031486972,LOW
2001-09-06,0.0662714560457436,2.699971424176359,0.0,0.016870366061757937,LOW
2001-09-07,0.3758734761356099,2.26062477283202,0.0,0.06729749864897788,MEDIUM
2001-09-10,0.9999999999654964,9.357698923044668e-11,0.0,0.03232146152420898,MEDIUM
2001-09-11,0.8860027154727582,0.1139972953005521,0.0,0.05789492314517713,MEDIUM
2001-09-12,1.0,0.0,0.0,0.09696438457566516,HIGH
2001-09-13,0.9999976783094616,2.321690538265031e-06,0.0,0.12928557351843636,HIGH
2001-09-14,1.0,0.0,0.0,0.1616073076261086,HIGH
2001-09-17,0.9999999999841636,1.5836443267858158e-11,0.0,0.19392876914854132,HIGH
2001-09-18,1.0,0.0,0.0,0.226250230676552,HIGH
2001-09-19,0.9999997741673716,2.2583262848652197e-07,0.0,0.25857163917317205,HIGH
2001-09-20,1.0,0.0,0.0,0.2908931537269955,HIGH
2001-09-21,1.0,0.0,0.0,0.3232146152522172,HIGH
2001-09-24,0.9999999999705234,2.947664334840283e-11,0.0,0.35553607676792187,HIGH
2001-09-25,1.0,0.0,0.0,0.3878575383026606,HIGH
2001-09-26,0.9999999966747728,3.325227204697966e-09,0.0,0.42017899855906776,HIGH
2001-09-27,0.9999999920468076,7.953192324805648e-09,0.0,0.45250045808494616,HIGH
2001-09-28,0.9999999999242428,7.575728844413354e-11,0.0,0.4848219228449718,HIGH
2001-10-01,0.9999993804491468,6.195508532665235e-07,0.0,0.517143093445446,HIGH
2001-10-03,0.9999999770922416,2.2907758501325792e-08,0.0,0.549464834498275,HIGH
2001-10-04,0.9998957936596956,0.0001042063469434,0.0,0.5817312515881475,HIGH
2001-10-05,0.9999903183145716,9.685769966332362e-06,0.0,0.6141023696677408,HIGH
2001-10-08,0.999999888218742,1.117812580429265e-07,0.0,0.6464291648849998,HIGH
2001-10-09,0.9944355102998588,0.0055644942831102,0.0,0.6431612980627597,HIGH
2001-10-10,0.9999999975172316,2.7132626489705843e-09,0.0,0.6464292290469641,HIGH
2001-10-11,0.9999933926913976,6.607308602353348e-06,0.0,0.6464253517856088,HIGH
2001-10-12,0.9999275797020032,7.242034156930713e-05,0.0,0.6463867170693887,HIGH
2001-10-15,0.999625609015598,0.000374415717679,0.0,0.6462094438662028,HIGH
2001-10-16,0.95090544952997,0.0491113149781224,0.0,0.6175026191130844,HIGH
2001-10-17,0.9999971602699682,3.029307965465619e-06,0.0,0.6464275634851036,HIGH
2001-10-18,0.9982157225825457,0.0017842918570328,0.0,0.6453816557691914,HIGH
2001-10-19,0.9915652744510292,0.0084821096303766,0.0,0.6414745751162766,HIGH
2001-10-22,0.9994353350665895,0.0006212361730072,0.0,0.6460977385198001,HIGH
2001-10-23,0.9999909004551488,9.108735769418062e-06,0.0,0.6464238887556588,HIGH
2001-10-24,0.8757964765810307,0.1242390612619247,0.0,0.5728560567967464,HIGH
2001-10-25,0.0269944923708743,0.973886784572088,0.0,0.0030731873532428853,LOW
2001-10-29,0.5441729291133957,0.8956957201228207,0.0,0.03717885078367414,MEDIUM
2001-10-30,0.9205952962758206,0.1425987122811644,0.0,0.029977028744010505,LOW
2001-10-31,0.0106819988853442,2.131747607664824,0.0,0.00260000408091741,LOW
2001-11-01,0.054387117263772,2.983197223769129,0.0,0.00774113573594442,LOW
2001-11-02,0.2541493335521898,2.880802268713035,0.0,0.029354045668694723,LOW
2001-11-05,0.0021626912804393,3.6351156545083767,0.0,0.009413509963553767,LOW
2001-11-06,0.0024164844864761,4.417198378252457,0.0,0.011803598245917486,LOW
2001-11-07,0.2000939229724717,4.50726486600257,0.0,0.04900953642434951,MEDIUM
2001-11-08,0.0059743103057438,5.735888348222488,0.0,0.017245748527965534,LOW
2001-11-09,0.0020505222752706,6.463588780747814,0.0,0.018801060585686268,LOW
2001-11-12,0.0025451974901871,7.218329968139302,0.0,0.021279990529434002,LOW
2001-11-13,0.021044961281136,8.19881114343887,0.0,0.029004624329667654,LOW
2001-11-14,0.0313018084352619,8.753238595751032,0.0,0.03518173130141416,MEDIUM
2001-11-15,0.9251576126792734,0.7887870521198388,0.0,0.030112456169682958,LOW
2001-11-19,0.9748048238390912,0.038366105934172,0.0,0.0631610548354663,MEDIUM
2001-11-20,0.996041568732804,0.0041664167249677,0.0,0.09661571906780644,HIGH
2001-11-21,0.5735454039733455,0.4349597755271238,0.0,0.019486640599474248,LOW
2001-11-22,0.9949864856641382,0.0061892651624657,0.0,0.03217425001116541,LOW
2001-11-23,0.904177554584342,0.0963239009701418,0.0,0.05897797261168375,MEDIUM
2001-11-26,0.971310107691584,0.0313347794862519,0.0,0.09443260351357426,HIGH
2001-11-27,0.999999743122963,2.636843870028593e-07,0.0,0.12928581594175928,HIGH
2001-11-28,0.8781031600785849,0.1218976607095489,0.0,0.14355846304882547,HIGH
2001-11-29,0.1301567146685231,0.8701988525079972,0.0,0.0060939765432862355,LOW
2001-12-03,0.9864663381857628,0.0264328865893822,0.0,0.03192381633884013,LOW
2001-12-04,0.9711440235438228,0.0293773543306368,0.0,0.06294527700898747,MEDIUM
2001-12-05,0.9999994511195534,5.779220827646851e-07,0.0,0.09696433624391472,HIGH
2001-12-06,0.9998910362768764,0.000108964448632,0.0,0.1292730529055482,HIGH
2001-12-07,0.97991843237189,0.0200820500141803,0.0,0.1586556717298639,HIGH
2001-12-10,0.5758361312088296,0.4247923564342716,0.0,0.01955660469260452,LOW
2001-12-11,0.9247248719460214,0.1144593380993505,0.0,0.030099614397013898,LOW
2001-12-12,0.8031921227486287,0.203646380751022,0.0,0.052929397375505095,MEDIUM
2001-12-13,0.9998591523047812,0.0001503809709662,0.0,0.09695198207774784,HIGH
2001-12-14,0.1252807628018844,0.8770039094453171,0.0,0.005950127317379782,LOW
2001-12-18,0.9566629959785864,0.0816409005053048,0.0,0.031045291659417287,LOW
2001-12-19,0.999947954697654,5.720607146517179e-05,0.0,0.06463986780046671,MEDIUM
2001-12-20,0.5142726913939168,0.4858570642525917,0.0,0.017676123681893807,LOW
2001-12-21,0.0233702728617826,0.9994384622055812,0.0,0.005935900883335181,LOW
2001-12-24,0.9509831009903966,0.0982156174479948,0.0,0.030877426838209866,LOW
2001-12-26,0.8927376430448951,0.1147274353959749,0.0,0.058296562939785794,MEDIUM
2001-12-27,0.2871180966597451,0.7583008894603019,0.0,0.010775626677745209,LOW
2001-12-28,0.8871341915967328,0.2021459668509564,0.0,0.028981211838420003,LOW
2001-12-31,0.9999645140050772,4.447675708569826e-05,0.0,0.06464083989513146,MEDIUM
2002-01-02,0.9969134733585266,0.003086530020957,0.0,0.09669253600549998,HIGH
2002-01-03,0.0027746822711173,0.9976868415156857,0.0,0.0023710827155145183,LOW
2002-01-04,0.0518532499679876,1.8821339655784408,0.0,0.0075933255739829,LOW
2002-01-07,0.2516227763710712,1.8071672652287416,0.0,0.029126679190815477,LOW
2002-01-08,0.0089207382691098,1.742833587989218,0.0,0.010195956482395588,LOW
2002-01-09,0.0220614878731718,2.544546197484261,0.0,0.01464981092814444,LOW
2002-01-10,0.0036709655068302,3.674776953903762,0.0,0.014382095090735736,LOW
2002-01-11,0.9101515309019568,0.4094000123104481,0.0,0.02966669758677494,LOW
2002-01-14,0.1330065066351087,1.4449168224317883,0.0,0.006178098112268975,LOW
2002-01-15,0.0883155217719643,2.422633672003333,0.0,0.009725974469233832,LOW
2002-01-16,0.0089352951930083,3.343172854367004,0.0,0.007648232107604321,LOW
2002-01-17,0.1409381522397368,3.333530996429249,0.0,0.02564964932505688,LOW
2002-01-18,0.0096128886613386,4.022488508542383,0.0,0.012845177681229137,LOW
2002-01-21,0.0028320915899891,5.559285538564384,0.0,0.014236462128610372,LOW
2002-01-22,0.0029275477935321,6.969702426594414,0.0,0.01662853830120709,LOW
2002-01-23,0.0165979371875265,8.294666469192709,0.0,0.022171728265328997,LOW
2002-01-24,0.0057226062720863,10.20116497280459,0.0,0.022107531829563036,LOW
2002-01-25,0.0028239482785664,11.69072052523331,0.0,0.0237250808399543,LOW
2002-01-28,0.0252127277380226,13.240440545365605,0.0,0.03323586595656791,MEDIUM
2002-01-29,0.0032883295251816,12.713898699191647,0.0,0.028631329977582488,LOW
2002-01-30,0.0219810011612203,11.209972275952143,0.0,0.038059141548668476,MEDIUM
2002-01-31,0.1968949404160317,8.115349252260483,0.0,0.11302119910767369,HIGH
2002-02-01,0.445165079007111,3.6674727503308686,0.0,0.2335103313377146,HIGH
2002-02-04,0.0061998431010742,5.439870540876077,0.0,0.03952331177247667,MEDIUM
2002-02-05,0.0202361752149651,5.290196554624175,0.0,0.04890891154924005,MEDIUM
2002-02-06,0.9999999205644202,3.4676096858348265e-07,0.0,0.032321459193651154,MEDIUM
2002-02-07,0.9874584643819012,0.0125415979591344,0.0,0.06390598921659392,MEDIUM
2002-02-08,0.2909969352455321,0.7090544383162876,0.0,0.010892447069936514,LOW
2002-02-11,0.4155770024443896,1.0413876642938815,0.0,0.029332472437165483,LOW
2002-02-12,0.3051814808137653,1.4667567368294807,0.0,0.03396013974340919,MEDIUM
2002-02-13,0.0034596963413598,2.261090225879071,0.0,0.00956361051341057,LOW
2002-02-14,0.5946673853672099,1.2749494897901348,0.0,0.10065830564796444,HIGH
2002-02-15,0.0109648080980082,2.6113320119999592,0.0,0.015649182092350934,LOW
2002-02-18,0.0079871595530871,4.447773082637404,0.0,0.01765367730637415,LOW
2002-02-19,0.0299484534017143,5.494387695980895,0.0,0.025272058198810222,LOW
2002-02-20,0.0026028260434985,6.107686136590165,0.0,0.021294995808766138,LOW
2002-02-21,0.0021307103439556,6.551206390553539,0.0,0.023524523138902666,LOW
2002-02-22,0.0798689379003825,6.987080669038981,0.0,0.050769746742835443,MEDIUM
2002-02-25,0.0108841090316677,7.364591017292376,0.0,0.031270309667327294,LOW
2002-02-26,0.8999639549181638,0.8713823033632527,0.0,0.029363556430860683,LOW
2002-02-27,0.0856982769136043,1.6090207150703806,0.0,0.004786245566069752,LOW
2002-02-28,0.9999950176255256,1.2036498576324082e-05,0.0,0.032321315283927156,MEDIUM
2002-03-01,0.9999999970688512,2.931148673884859e-09,0.0,0.06464292287837495,MEDIUM
2002-03-04,0.9999999993083816,6.916185398981583e-10,0.0,0.09696438451476458,HIGH
2002-03-05,0.9990529163165308,0.0009470836834691,0.0,0.129174643935978,HIGH
2002-03-06,0.9918189512488852,0.008181130164263,0.0,0.160405920101195,HIGH
2002-03-07,0.9999999999908276,9.17238078492698e-12,0.0,0.19392876914971494,HIGH
2002-03-08,0.8722889799110661,0.1277110228381419,0.0,0.19976608365321008,HIGH
2002-03-11,0.999999992200378,9.8959892384837e-09,0.0,0.25857169037031547,HIGH
2002-03-12,0.99998396631999,1.603368001001113e-05,0.0,0.29088891817765816,HIGH
2002-03-13,0.997607518841232,0.0023924831976949,0.0,0.32251225275503426,HIGH
2002-03-14,0.2498686501306336,0.7510049595044918,0.0,0.009656287902924115,LOW
2002-03-15,0.5095318875907753,0.5763604798607342,0.0,0.03506268620697719,MEDIUM
2002-03-18,0.997789032722704,0.004288522670796,0.0,0.03225655489069168,LOW
2002-03-19,0.9999694377891544,3.0629124135965065e-05,0.0,0.06464112893960997,MEDIUM
2002-03-20,0.9990110035454574,0.0009890220878731,0.0,0.0968772917712592,HIGH
2002-03-21,0.99990464209963,9.540089620025702e-05,0.0,0.12927465034743849,HIGH
2002-03-22,0.999999621295,3.787179497686391e-07,0.0,0.16160725204789958,HIGH
2002-03-26,0.999918021869532,8.197817775818197e-05,0.0,0.1939143318682817,HIGH
2002-03-27,0.9946011845437992,0.0053990336142395,0.0,0.2251405225205588,HIGH
2002-03-28,0.9973485614993406,0.0026520115865264,0.0,0.257948972066348,HIGH
2002-04-01,0.9700566545364796,0.0299883292558073,0.0,0.2829652285180512,HIGH
2002-04-02,0.9667864843191708,0.0349045592461346,0.0,0.3134413953870801,HIGH
2002-04-03,0.9978793751113796,0.002157728666906,0.0,0.3548512821836966,HIGH
2002-04-04,0.3998594192115405,0.6143011716827658,0.0,0.014188149355640342,LOW
2002-04-05,0.0235241688223609,1.086291357256493,0.0,0.005944835778473049,LOW
2002-04-08,0.0076724482986463,1.9462411290504715,0.0,0.007538523593208688,LOW
2002-04-09,0.0069317227075838,2.8593550815269304,0.0,0.009965579057473615,LOW
2002-04-10,0.0047219748241208,3.5553998067723667,0.0,0.012137153278793146,LOW
2002-04-11,0.0026489733819789,4.069362596601469,0.0,0.014204674479666732,LOW
2002-04-12,0.0023503965676649,4.753208230232328,0.0,0.016511654019669583,LOW
2002-04-15,0.4499341186554111,3.2888769843369507,0.0,0.1257017555158941,HIGH
2002-04-16,0.999975502375635,0.0001481137223056,0.0,0.03232074247657154,MEDIUM
2002-04-17,0.9899199677714956,0.0100959187781267,0.0,0.06405073633390639,MEDIUM
2002-04-18,0.0027556562227518,0.9984306378405076,0.0,0.002370532255260977,LOW
2002-04-19,0.73842870752986,0.5230724783080625,0.0,0.02450775211662782,LOW
2002-04-22,0.2137610637182604,0.9079923588941234,0.0,0.008575914331603,LOW
2002-04-23,0.0021142007014589,1.5471077368681214,0.0,0.00470394941615268,LOW
2002-04-24,0.0023204197139164,2.370672110544753,0.0,0.007073821468793471,LOW
2002-04-25,0.999821880193088,0.0006621079182816,0.0,0.032316233332175176,MEDIUM
2002-04-26,0.0036827722232862,0.999675765988282,0.0,0.0023973574901999194,LOW
2002-04-29,0.999999985975056,2.8049887724209762e-08,0.0,0.03232146111356555,MEDIUM
2002-04-30,0.9999786401468128,2.1359853187252896e-05,0.0,0.06464166915172306,MEDIUM
2002-05-02,0.7658587521484741,0.2341418120550335,0.0,0.0760141062694917,HIGH
2002-05-03,0.0057337709194127,0.9983261028986998,0.0,0.0024567155959801072,LOW
2002-05-06,0.0174715844203533,1.9147277967309868,0.0,0.005593601824438608,LOW
2002-05-07,0.9999877414469086,3.673459827435064e-05,0.0,0.03232110171532004,MEDIUM
2002-05-08,0.8677288246999622,0.1322925339908836,0.0,0.0568034052311345,MEDIUM
2002-05-09,0.9979948274474736,0.0022988729040776,0.0,0.0967877917868115,HIGH
2002-05-10,0.7980997908013547,0.2020653527637922,0.0,0.10524506746626466,HIGH
2002-05-13,0.0207004771436663,1.0341027108349108,0.0,0.002890466549586432,LOW
2002-05-14,0.9978467517997512,0.004397956939738,0.0,0.03225824960879947,LOW
2002-05-15,0.9661405296186436,0.0339753265679876,0.0,0.06265016806210753,MEDIUM
2002-05-16,0.9993485001264054,0.0006761720345622,0.0,0.09690701380450703,HIGH
2002-05-17,0.9978925433931958,0.0021086114597351,0.0,0.12903837643043867,HIGH
2002-05-20,0.999995761107266,4.250426659042348e-06,0.0,0.16160668553203586,HIGH
2002-05-21,0.9999999764081414,2.3591858620499063e-08,0.0,0.19392876499656114,HIGH
2002-05-22,0.9999932201467698,6.779853230185862e-06,0.0,0.2262488376735608,HIGH
2002-05-23,1.0,0.0,0.0,0.25857169220177373,HIGH
2002-05-24,1.0,0.0,0.0,0.2908931537269955,HIGH
2002-05-27,0.999999978333451,2.1666548999377252e-08,0.0,0.3232146088927133,HIGH
2002-05-28,0.9999999999817696,1.8230409900555182e-11,0.0,0.3555360767715529,HIGH
2002-05-29,0.9999997148909172,2.851090828411287e-07,0.0,0.38785743788136967,HIGH
2002-05-30,0.9999928984060454,7.101593954577034e-06,0.0,0.42017629005484775,HIGH
2002-05-31,0.9999824389276764,1.7561151121765733e-05,0.0,0.45249324507700256,HIGH
2002-06-03,0.9999999133072508,8.669274910709389e-08,0.0,0.48482188470961163,HIGH
2002-06-04,0.9998119141083772,0.0001880858952735,0.0,0.5170550528369521,HIGH
2002-06-05,0.9996782711417436,0.000321933883148,0.0,0.5493043059869371,HIGH
2002-06-06,0.9999357683009948,6.423299994900052e-05,0.0,0.5817523716973287,HIGH
2002-06-07,0.4202321399083944,0.5799201065831536,0.0,0.01480791789865389,LOW
2002-06-10,0.9999880561723894,2.008864551347235e-05,0.0,0.032321110953069936,MEDIUM
2002-06-11,0.999999855248604,1.447513959983124e-07,0.0,0.06464291455303971,MEDIUM
2002-06-12,0.0146490218062519,0.9853528951497402,0.0,0.0027149623730843802,LOW
2002-06-13,0.9904811766498064,0.0186235017327372,0.0,0.03204186516281841,LOW
2002-06-14,0.0248611831304069,0.9825757695539036,0.0,0.0030112347539400035,LOW
2002-06-17,0.9999999999940168,1.1966328516012096e-11,0.0,0.03232146152504611,MEDIUM
2002-06-18,0.9937248289694688,0.0062751710544526,0.0,0.06427437274431025,MEDIUM
2002-06-19,0.8317632853779039,0.1682371090024712,0.0,0.08197199198027276,HIGH
2002-06-20,0.99990305783804,0.0001180177136474,0.0,0.12927446434152384,HIGH
2002-06-21,0.1020027241283916,0.8983003387055012,0.0,0.005264818154279549,LOW
2002-06-24,0.2166950471057056,1.056090657986381,0.0,0.0173270429389124,LOW
2002-06-25,0.5079425641135358,0.9400897359801268,0.0,0.05244842654470433,MEDIUM
2002-06-26,0.9974011046311247,0.0056379361219074,0.0,0.03224516435709653,LOW
2002-06-27,0.1044764591415066,1.0118602057919586,0.0,0.005337531700439528,LOW
2002-06-28,0.0102780673259986,1.7994457752055537,0.0,0.005176605808849005,LOW
2002-07-01,0.9995615755476578,0.0013080350987391,0.0,0.032308592584509,LOW
2002-07-02,0.95260151077554,0.047442155567456,0.0,0.06185054342422866,MEDIUM
2002-07-03,0.5190924233091401,0.4859154972969168,0.0,0.01782332489344815,LOW
2002-07-04,0.106584455519307,1.1470753945786436,0.0,0.010799032176457314,LOW
2002-07-05,0.0092285112603657,1.8137554203990325,0.0,0.007673708166750254,LOW
2002-07-08,0.0173414093797799,2.5062316070491533,0.0,0.011172102967545972,LOW
2002-07-09,0.0581019272114161,3.0827435481082706,0.0,0.01989485442862572,LOW
2002-07-10,0.1241333485622456,3.642401597906005,0.0,0.03549774942505623,MEDIUM
2002-07-11,0.999995133162979,2.524103802086949e-05,0.0,0.03232131867515219,MEDIUM
2002-07-12,0.0083887636465825,0.9972940743721316,0.0,0.0025335833284756775,LOW
2002-07-15,0.1566533433051399,1.7678670278314468,0.0,0.0137549132408414,LOW
2002-07-16,0.9772956082062292,0.0534410816674234,0.0,0.031653900791408,LOW
2002-07-17,0.0289919354305769,1.0047830416979726,0.0,0.0031312135872090547,LOW
2002-07-18,0.0020428588226481,1.7954370125948862,0.0,0.004699821761365361,LOW
2002-07-19,0.0020006100402631,2.1739847880907,0.0,0.0070460660696357105,LOW
2002-07-22,0.8442299699113285,0.4936330583714425,0.0,0.02769808126093322,LOW
2002-07-23,0.3141312768278568,0.7823809912368292,0.0,0.011590154873272297,LOW
2002-07-24,0.9295747839273816,0.1245583284587479,0.0,0.030243493516665235,LOW
2002-07-25,0.9999975721195312,2.607944035051917e-06,0.0,0.06464278052550264,MEDIUM
2002-07-26,0.9752471459587744,0.0247528697359693,0.0,0.09478067790413451,HIGH
2002-07-29,0.9999999685074332,3.700780474849968e-08,0.0,0.1292858424034434,HIGH
2002-07-30,0.999988715373278,1.1284626722040491e-05,0.0,0.16160565150890654,HIGH
2002-07-31,0.9999981384007168,1.8616104897624168e-06,0.0,0.19392844130448664,HIGH
2002-08-01,0.9995425719385445,0.0004574286494417,0.0,0.22615624330474293,HIGH
2002-08-02,0.999924114671792,7.590913646594504e-05,0.0,0.2585538731818875,HIGH
2002-08-05,0.984432575772769,0.0155692840490305,0.0,0.2867759108397521,HIGH
2002-08-06,0.9980907780500808,0.0019367381577626,0.0,0.322654144183517,HIGH
2002-08-07,0.9996989200374048,0.000301242358154,0.0,0.35543886519428813,HIGH
2002-08-08,0.9999991759465434,8.240740813900697e-07,0.0,0.3878572480540493,HIGH
2002-08-09,0.9999973290189582,2.6709825255486524e-06,0.0,0.42017798065528533,HIGH
2002-08-12,0.99164082629947,0.0083592013246914,0.0,0.44906328832728487,HIGH
2002-08-13,0.7630930602630619,0.2378962269766057,0.0,0.3788161652153478,HIGH
2002-08-14,0.0109050279734236,1.1249726869080887,0.0,0.002606465164099124,LOW
2002-08-16,0.9948278252689128,0.0139065830957823,0.0,0.032169589441439196,LOW
2002-08-19,0.3338547198142069,0.6670364026306438,0.0,0.012186228563998728,LOW
2002-08-20,0.167245394222963,0.9642341555531972,0.0,0.01438296241917291,LOW
2002-08-21,0.9996270341255808,0.0008734002826334,0.0,0.03231051402512038,MEDIUM
2002-08-22,0.9494279423558666,0.0506121273242082,0.0,0.061662882669325625,MEDIUM
2002-08-23,0.9999999965553702,4.2520277560542775e-09,0.0,0.09696438427234776,HIGH
2002-08-26,0.409722990873511,0.5902775135073106,0.0,0.014488119919871556,LOW
2002-08-27,0.9954092965473748,0.0046848702027304,0.0,0.032186669320510265,LOW
2002-08-28,0.7061213497154329,0.2991163093113042,0.0,0.023527477767776358,LOW
2002-08-29,0.0144601039234731,1.067077494672638,0.0,0.005418972289618126,LOW
2002-08-30,0.99999999823101,3.824794495989254e-09,0.0,0.03232146147329883,MEDIUM
2002-09-02,0.9997378932701492,0.000262106733318,0.0,0.06462753617803293,MEDIUM
2002-09-03,0.9020119257766296,0.0979882122679096,0.0,0.08827358685279764,HIGH
2002-09-04,0.9880803974682644,0.0130524112997342,0.0,0.12788513333501136,HIGH
2002-09-05,0.7885920035340241,0.2176776036797159,0.0,0.13012291733968484,HIGH
2002-09-06,0.7918795810686359,0.2331737285983926,0.0,0.1567424594555947,HIGH
2002-09-09,0.3497562068922099,0.7640277625070078,0.0,0.012667565899240714,LOW
2002-09-11,0.1688102754856399,1.3416150018955215,0.0,0.01447582987265967,LOW
2002-09-12,0.0021653916671621,2.2875610682385714,0.0,0.007060366831912677,LOW
2002-09-13,0.0288472059021332,3.2830819580109942,0.0,0.012508034125123217,LOW
2002-09-16,0.9992069041615872,0.0032776854346588,0.0,0.03229818139193027,LOW
2002-09-17,0.545182308301737,0.4559936569035563,0.0,0.018620259466387425,LOW
2002-09-18,0.1694408327349751,1.0823798027966771,0.0,0.014513255818462687,LOW
2002-09-19,0.0738422051836403,1.18261563163719,0.0,0.013316985932308276,LOW
2002-09-20,0.9997894489639728,0.0005380619876893,0.0,0.03231528139170442,MEDIUM
2002-09-23,0.0272248348812511,0.9824709252077048,0.0,0.003079877911939678,LOW
2002-09-24,0.7521768150088255,0.4876241708544577,0.0,0.02492414144827263,LOW
2002-09-25,1.0,0.0,0.0,0.06464292305044343,MEDIUM
2002-09-26,0.9991842384601984,0.0008157615398016,0.0,0.09689254809896469,HIGH
2002-09-27,0.0076399443348649,0.9923600822884248,0.0,0.0025119000473351333,LOW
2002-09-30,0.9998695189001602,0.0002609410886231,0.0,0.032317631642914395,MEDIUM
2002-10-01,0.0625215389003139,0.9392465557749856,0.0,0.004108023608725826,LOW
2002-10-03,0.1339134133616216,0.9177314696598036,0.0,0.012409751967254645,LOW
2002-10-04,0.0263699915875499,1.9089644694431955,0.0,0.009165147806115164,LOW
2002-10-07,0.0086853770847767,2.920279432284806,0.0,0.010168691927901322,LOW
2002-10-08,0.0113005589541776,3.770831669711141,0.0,0.013089620740141385,LOW
2002-10-09,0.553244862664721,2.193475596706476,0.0,0.11319930310926832,HIGH
2002-10-10,0.292219689644258,2.1992532048603297,0.0,0.0765049812816608,HIGH
2002-10-11,0.9969240209032256,0.0081776075013479,0.0,0.032231155069220654,LOW
2002-10-14,0.0022210036005048,1.0650048652966473,0.0,0.0023550644212807724,LOW
2002-10-16,0.9999798705760392,4.032674373877936e-05,0.0,0.03232087069118477,MEDIUM
2002-10-17,0.0226533115567502,0.9776507363755929,0.0,0.0029471392243370677,LOW
2002-10-18,0.995851251411421,0.0082728987103805,0.0,0.0321996500964726,LOW
2002-10-21,0.0028379253906161,0.9990031672330122,0.0,0.002372912473117425,LOW
2002-10-22,0.9936747718321844,0.0126581160685184,0.0,0.032135715699157366,LOW
2002-10-23,0.0038694315101502,1.008382445089026,0.0,0.002402758791570072,LOW
2002-10-24,0.3597539711745596,1.347181412441921,0.0,0.025941055595412946,LOW
2002-10-25,0.2697123130735322,0.8230868154832147,0.0,0.030756022602829947,LOW
2002-10-28,0.90881571696099,0.226534471871032,0.0,0.0296269727723293,LOW
2002-10-29,0.1312992178980899,0.8972560644664914,0.0,0.006127697306516147,LOW
2002-10-30,0.0043662302944169,1.6518279164798215,0.0,0.004834270603304724,LOW
2002-10-31,0.0218203568177115,2.509418143641948,0.0,0.008768892266991976,LOW
2002-11-01,0.0134049452562553,3.169625746658677,0.0,0.010715611897251915,LOW
2002-11-04,0.9999999251299244,3.538450057447486e-07,0.0,0.03232145932765653,MEDIUM
2002-11-05,0.0077373269197964,0.9924210044839112,0.0,0.002514719769333344,LOW
2002-11-07,0.0028811948378865,1.045949494108504,0.0,0.0047483287217268315,LOW
2002-11-08,0.002001435102691,1.9915107683625275,0.0,0.007046137672668163,LOW
2002-11-11,0.002050971363113,2.912120445453864,0.0,0.00940058225870749,LOW
2002-11-12,0.1968280959371147,3.1972933218881603,0.0,0.040354757994489426,MEDIUM
2002-11-13,0.6671276883718429,1.0657212872559998,0.0,0.13404879295793834,HIGH
2002-11-14,0.019054390642972,1.6139417661909377,0.0,0.01989896854056807,LOW
2002-11-15,0.9228583145266934,0.1703474638148065,0.0,0.030044214661553676,LOW
2002-11-18,0.0036672954051628,1.6658775984343368,0.0,0.002396909649720657,LOW
2002-11-20,0.0020610987691207,3.6556251420974064,0.0,0.004700877072470265,LOW
2002-11-21,0.0020431825540327,4.527980362195538,0.0,0.007049760737264283,LOW
2002-11-22,0.8455526265457505,0.9521388818422578,0.0,0.02773773797498551,LOW
2002-11-25,0.0110352407209445,2.299036050060164,0.0,0.0026102374948606226,LOW
2002-11-26,0.0195569260011922,3.7345651671368314,0.0,0.005714576306024203,LOW
2002-11-27,0.0210993914999923,4.394081006213436,0.0,0.008706125650288438,LOW
2002-11-28,0.0032178496539621,6.092445019277001,0.0,0.009535619537422737,LOW
2002-11-29,0.1079230780693972,5.801236930216634,0.0,0.02719443860214061,LOW
2002-12-02,0.0038676545309227,6.430706186231799,0.0,0.01441624422543003,LOW
2002-12-03,0.619480078249064,2.1164897193225145,0.0,0.14622305685640302,HIGH
2002-12-04,0.99181081988052,0.0156519722970765,0.0,0.03208094505327568,LOW
2002-12-05,0.9999283521511332,7.185134948329217e-05,0.0,0.06463871705285226,MEDIUM
2002-12-06,0.9999999925926552,7.407344763088954e-09,0.0,0.0969643839234103,HIGH
2002-12-09,0.9994742671417308,0.0005257332793888,0.0,0.1292241189773334,HIGH
2002-12-10,0.9829756163422128,0.0170244553485265,0.0,0.1591056007470948,HIGH
2002-12-11,0.1083535937919052,0.8930426025440973,0.0,0.005451551756268182,LOW
2002-12-12,0.0066699088091818,1.5466653320826131,0.0,0.00496763002244716,LOW
2002-12-13,0.0041666510951528,2.1245924194856314,0.0,0.007234079040539759,LOW
2002-12-16,0.996614318577161,0.0110340652052422,0.0,0.03222206029461325,LOW
2002-12-17,0.7769886620747234,0.22596870732178,0.0,0.05134869387029922,MEDIUM
2002-12-18,0.049888316556096,1.0590865908093268,0.0,0.003739372150664857,LOW
2002-12-19,0.071959892333083,1.7885391334316476,0.0,0.008767846661577395,LOW
2002-12-20,0.0118732706653008,2.2538642533709083,0.0,0.007903552686814771,LOW
2002-12-23,0.2657058969605382,2.286385530591208,0.0,0.04052649586256882,MEDIUM
2002-12-24,0.0151771635090906,3.2715718366409163,0.0,0.013651363442502909,LOW
2002-12-26,0.0363925551051995,3.868177840509099,0.0,0.020078194073619535,LOW
2002-12-27,0.1052291166673412,4.349533592775946,0.0,0.037517626209389074,MEDIUM
2002-12-30,0.1016196252365983,5.041682611423141,0.0,0.04202847751973696,MEDIUM
2002-12-31,0.7236630680922429,1.5986684426006414,0.0,0.21654024102760555,HIGH
2003-01-02,0.999999158057615,1.3381734909965816e-06,0.0,0.032321436812766634,MEDIUM
2003-01-03,0.9985060485141,0.0014939533137662,0.0,0.0645552129695223,MEDIUM
2003-01-06,0.9994985591259972,0.0005020420968012,0.0,0.09692022843501794,HIGH
2003-01-07,0.9863405898179106,0.013667636779066,0.0,0.1276804711538206,HIGH
2003-01-08,0.0028653171867003,1.004189431037359,0.0,0.002373704981728417,LOW
2003-01-09,0.0021007899336788,1.87183383164472,0.0,0.004703173500494505,LOW
2003-01-10,0.9999999046479712,2.8622759401401024e-07,0.0,0.032321458726476064,MEDIUM
2003-01-13,0.8748061683551162,0.1251948436676407,0.0,0.05722644165178784,MEDIUM
2003-01-14,0.1001832682869348,0.9001097482064682,0.0,0.0052113540241837345,LOW
2003-01-15,0.999362010878748,0.0012638969148977,0.0,0.03230273453764189,LOW
2003-01-16,0.0026566639111946,1.0146484968209302,0.0,0.002367668244377003,LOW
2003-01-17,0.0024845296636256,1.969195393025326,0.0,0.004725376452999333,LOW
2003-01-20,0.0458264422267681,2.7448320223688696,0.0,0.010862995745284711,LOW
2003-01-21,0.0227698744007667,3.53376540371418,0.0,0.011802090109175177,LOW
2003-01-22,0.7918386998745691,1.0673617443042147,0.0,0.02612251038653145,LOW
2003-01-23,0.0384402848266558,2.398140637116157,0.0,0.0034059426732009693,LOW
2003-01-24,0.9969379536033934,0.0084274598988239,0.0,0.032231564209336726,LOW
2003-01-27,0.9891263814307264,0.0108797061824455,0.0,0.06400407587769334,MEDIUM
2003-01-28,0.9998466095211564,0.0001553461120284,0.0,0.09695087759627359,HIGH
2003-01-29,0.9992363554968948,0.0007637213575429,0.0,0.1291961837675848,HIGH
2003-01-30,0.9947111981547976,0.0052911744221535,0.0,0.1608308175333056,HIGH
2003-01-31,0.9804249850221902,0.0197157579795079,0.0,0.1904762830271519,HIGH
2003-02-03,0.9531132794398152,0.0492359204225576,0.0,0.21658279123215207,HIGH
2003-02-04,0.2961791102152368,0.7104447371035733,0.0,0.011048594221101944,LOW
2003-02-05,0.9391637225964256,0.1109238057404336,0.0,0.0305276748535746,LOW
2003-02-06,0.9999948409217,5.722696816372707e-06,0.0,0.06464262019472539,MEDIUM
2003-02-07,0.9999788027921286,2.1197214148459213e-05,0.0,0.09696251804938832,HIGH
2003-02-10,0.4453329032227636,0.5546744787465981,0.0,0.015572470315383164,LOW
2003-02-11,0.1339024648872619,0.9029471479284872,0.0,0.012409105382564392,LOW
2003-02-12,0.002843517170517,1.6104526161999118,0.0,0.007119222768233472,LOW
2003-02-14,0.1175504191603337,2.1438310304701247,0.0,0.022889122376381434,LOW
2003-02-17,0.8571933416013477,0.4905735029146619,0.0,0.028086488300815157,LOW
2003-02-18,0.0021688748385022,2.2076054987040346,0.0,0.002353556375689423,LOW
2003-02-19,0.0145512520607433,3.607768168599275,0.0,0.0054242565332195646,LOW
2003-02-20,0.0024593223167661,5.306991036330972,0.0,0.007085876892517946,LOW
2003-02-21,0.0020776522894792,6.433961056435303,0.0,0.009403669628997536,LOW
2003-02-24,0.050503717765783,7.385280367621042,0.0,0.01878656597657334,LOW
2003-02-25,0.984242645175964,0.1444050041900238,0.0,0.03185840205890519,LOW
2003-02-26,0.9996708715105834,0.0003335097786119,0.0,0.06462360159313349,MEDIUM
2003-02-27,0.0040461302196843,0.9969131501314036,0.0,0.0024078720179457726,LOW
2003-02-28,0.0102357352893717,1.6996675704466946,0.0,0.00517415333048369,LOW
2003-03-03,0.5884491658847414,0.9233568415945946,0.0,0.05982538295465664,MEDIUM
2003-03-04,0.0022448960247431,2.37942524317756,0.0,0.009423022461158458,LOW
2003-03-05,0.0941685892451002,2.896560480414831,0.0,0.025173598829785284,LOW
2003-03-06,0.9999999547628916,1.3612614258092526e-07,0.0,0.032321460197434974,MEDIUM
2003-03-07,0.0041121418768799,0.99599555300456,0.0,0.0024097822707737702,LOW
2003-03-10,0.0045838531475116,1.1246454665314545,0.0,0.004846866603997009,LOW
2003-03-11,0.3336052826372214,1.326627325632204,0.0,0.03653605032069934,MEDIUM
2003-03-12,0.7446483106165174,0.5887622066727063,0.0,0.024696184876665694,LOW
2003-03-13,0.1114637295028581,1.381639795205607,0.0,0.005543063744751178,LOW
2003-03-17,0.9954318402461244,0.0096121763244072,0.0,0.03218733147870463,LOW
2003-03-19,0.0334307903450991,1.0029621874817425,0.0,0.0032602301135322663,LOW
2003-03-20,0.9999999965692504,6.895276707499995e-09,0.0,0.032321461424523336,MEDIUM
2003-03-21,0.0929789669453922,0.9070217597714528,0.0,0.0049998030735548165,LOW
2003-03-24,1.0,0.0,0.0,0.032321461525221716,MEDIUM
2003-03-25,0.9634144497124152,0.0365855502875849,0.0,0.06248929081812726,MEDIUM
2003-03-26,0.0273470497318384,0.972655789206284,0.0,0.0030834278811099516,LOW
2003-03-27,0.0048596980504769,1.8607664715127752,0.0,0.0048628331348771845,LOW
2003-03-28,0.0246841851615433,2.4869644907469666,0.0,0.00901828674236079,LOW
2003-03-31,0.9980246784553048,0.0075118458519187,0.0,0.03226347370670821,LOW
2003-04-01,0.999845821240362,0.0001542940942247,0.0,0.06463387212164129,MEDIUM
2003-04-02,0.6581711274521013,0.3419538504329756,0.0,0.022068675626014986,LOW
2003-04-03,0.0139595943229258,1.010580903220073,0.0,0.0053899570176851805,LOW
2003-04-04,0.0575660575837863,1.867373917237084,0.0,0.011889988762339604,LOW
2003-04-07,0.1509987758009643,2.4775139568747133,0.0,0.026840025433764837,LOW
2003-04-08,0.2686193026706459,2.5405398183719985,0.0,0.0510957987106541,MEDIUM
2003-04-09,0.0086005672411446,3.650573220761227,0.0,0.01523830154615213,LOW
2003-04-10,0.9999996242627346,1.970188267341065e-06,0.0,0.03232145049668802,MEDIUM
2003-04-11,0.998793019745568,0.0012069813360424,0.0,0.06457206263861918,MEDIUM
2003-04-15,0.9999817658717374,1.823991867035968e-05,0.0,0.09696277896458459,HIGH
2003-04-16,0.7933697019708916,0.2066351097229459,0.0,0.10467470967424429,HIGH
2003-04-17,0.9958742034444836,0.0049474997837614,0.0,0.16100162101508428,HIGH
2003-04-21,0.0950184336531979,0.9289820803279248,0.0,0.005059667496596887,LOW
2003-04-22,0.4198117244872555,1.020508355943421,0.0,0.02959024160878946,LOW
2003-04-23,0.9999864861735202,3.876379104197101e-05,0.0,0.032321064870819934,MEDIUM
2003-04-24,0.9837992432045172,0.0162025999433267,0.0,0.06369071181484573,MEDIUM
2003-04-25,0.4709584912526926,0.5301531178963317,0.0,0.016353892796743954,LOW
2003-04-28,0.9999999808805352,3.5937387963630103e-08,0.0,0.03232146096403262,MEDIUM
2003-04-29,0.4825518295518796,0.5174507306433622,0.0,0.016707653014743522,LOW
2003-04-30,0.9999803301622756,3.598866453757034e-05,0.0,0.032320884180870306,MEDIUM
2003-05-02,0.9280336856199328,0.0719733588609954,0.0,0.06039557060576774,MEDIUM
2003-05-05,0.3458760912410848,0.6556699944773825,0.0,0.012550054314314246,LOW
2003-05-06,0.2250040740462782,1.1878344219945751,0.0,0.017823601411048884,LOW
2003-05-07,0.6117598316815751,0.8070261096793518,0.0,0.06196026517330464,MEDIUM
2003-05-08,0.4347008027662478,0.9951838293478272,0.0,0.0609940279686825,MEDIUM
2003-05-09,0.4781874187998617,1.17459465543737,0.0,0.08287231045442672,HIGH
2003-05-12,0.5750072364096728,1.0951439338251556,0.0,0.1171877313873459,HIGH
2003-05-13,0.1230930413964352,1.9443172462776093,0.0,0.04119933458810183,MEDIUM
2003-05-14,0.9999868406578288,4.707908826307049e-05,0.0,0.032321075275563764,MEDIUM
2003-05-15,0.0095845988016011,0.9942020113338006,0.0,0.002568216146644074,LOW
2003-05-16,0.9984229822624976,0.0031539385277046,0.0,0.032275167776278646,LOW
2003-05-19,0.0750701155947062,0.9269796578041808,0.0,0.00447492973294749,LOW
2003-05-20,0.9316868037705132,0.1142761060042543,0.0,0.03030611899962976,LOW
2003-05-21,0.1565346736963725,0.8673441554879131,0.0,0.006873941046392912,LOW
2003-05-22,0.0052004980043645,1.6502962522426363,0.0,0.004882560400933159,LOW
2003-05-23,0.0020435320658462,2.284110439513903,0.0,0.007049791069851685,LOW
2003-05-26,0.9392302588609108,0.2083699654431934,0.0,0.030529645404594543,LOW
2003-05-27,0.0031697525827024,2.04150985969058,0.0,0.0023825132463056536,LOW
2003-05-28,0.0065736476702973,3.510670696758594,0.0,0.004962056487572343,LOW
2003-05-29,0.999617629635937,0.0012060100597939,0.0,0.03231023797129254,MEDIUM
2003-05-30,0.0091272767305497,1.0024061471668693,0.0,0.0025549707580375365,LOW
2003-06-02,0.0092933007637375,1.809071346861444,0.0,0.00511955837474434,LOW
2003-06-03,0.7686367444495984,0.6652326083578485,0.0,0.025422010444242183,LOW
2003-06-04,0.1333858579818428,0.9769013632289124,0.0,0.00618929863620194,LOW
2003-06-05,0.0028078430055568,2.1876477236881597,0.0,0.0047440842471124685,LOW
2003-06-06,0.0048916861859272,3.9147041788875687,0.0,0.007297027090967497,LOW
2003-06-09,0.0045684296588571,5.723494460723543,0.0,0.009691947757015882,LOW
2003-06-10,0.0390813306204307,6.582182783802367,0.0,0.017122986871801107,LOW
2003-06-11,0.0020085899679982,7.590027606104475,0.0,0.0140935172159348,LOW
2003-06-12,0.0020690320485056,8.820018207223045,0.0,0.016454676246016257,LOW
2003-06-13,0.0020225726535348,9.708109113432212,0.0,0.018794592261419694,LOW
2003-06-16,0.0025027333367193,10.67862579176468,0.0,0.021268933835183274,LOW
2003-06-17,0.9998069108519948,0.0022912641733772,0.0,0.03231579394387584,MEDIUM
2003-06-18,0.0029359121227714,1.3776354960202508,0.0,0.0023757474743286286,LOW
2003-06-19,0.002651972862439,11.096282489264215,0.0,0.0047350650514853205,LOW
2003-06-20,0.175630920009742,10.95835666467116,0.0,0.022321250735055018,LOW
2003-06-23,0.035444889953937,13.245977209780824,0.0,0.013275203004655048,LOW
2003-06-24,0.9855776363184556,0.2192203229117776,0.0,0.03189767605992936,LOW
2003-06-25,0.9410133967938016,0.0622423207017365,0.0,0.061164896477893166,MEDIUM
2003-06-26,0.0031290609804555,1.060543212963067,0.0,0.002381335886199329,LOW
2003-06-27,0.9974565474150162,0.005153596927308,0.0,0.03224679233636266,LOW
2003-06-30,0.0431701771676045,0.9684968923955248,0.0,0.0035436294292545017,LOW
2003-07-01,0.0614789511407618,1.6356410349202757,0.0,0.008155143894203807,LOW
2003-07-02,0.0529689766569339,1.934221650965768,0.0,0.011487604314375822,LOW
2003-07-03,0.1873811706109756,2.280123158310049,0.0,0.031158879180398363,LOW
2003-07-04,0.0116792682717253,3.2808893815730547,0.0,0.013144482389098237,LOW
2003-07-07,0.0031063445215337,4.452981469167436,0.0,0.014284071705290424,LOW
2003-07-08,0.0053059542767163,5.578376117253046,0.0,0.01711032742125065,LOW
2003-07-09,0.003993418939616,6.612308026331557,0.0,0.019250773341352154,LOW
2003-07-10,0.7170405132612613,2.143551666691956,0.0,0.21473146974396498,HIGH
2003-07-11,0.008917513921746,7.258573322362931,0.0,0.02548895740661522,LOW
2003-07-14,0.3871648279528271,1.862970795987684,0.0,0.15182597178156998,HIGH
2003-07-15,0.0049413981302513,8.088002329851236,0.0,0.029205373553624396,LOW
2003-07-16,0.0325949395665399,8.10912635987715,0.0,0.04206707521803752,MEDIUM
2003-07-17,0.0802452069944671,6.037970755012941,0.0,0.06477033490835633,MEDIUM
2003-07-18,0.0130063135061854,5.590911254128367,0.0,0.040010253316748644,MEDIUM
2003-07-21,0.9989835483210652,0.0051325349855138,0.0,0.0322916246091015,LOW
2003-07-22,0.0075399653686146,1.1454273860244517,0.0,0.0025090051932626194,LOW
2003-07-23,0.0052501484560661,4.397042415681811,0.0,0.004885434517401611,LOW
2003-07-24,0.5758999288914178,2.4459168550094708,0.0,0.05867565957614136,MEDIUM
2003-07-25,0.026297596458852,2.533012553179377,0.0,0.012211786930922744,LOW
2003-07-28,0.0123102124728952,5.451733313807996,0.0,0.013235891473315647,LOW
2003-07-29,0.1044076254242545,5.031994842201658,0.0,0.03201304810902573,LOW
2003-07-30,0.0028992572851073,7.3675240267988995,0.0,0.01662280867039966,LOW
2003-07-31,0.0896682471048418,8.338244951048388,0.0,0.03922130664699179,MEDIUM
2003-08-01,0.0070186226963849,9.293182654253616,0.0,0.02244519603205706,LOW
2003-08-04,0.1416805601057448,8.77529925593594,0.0,0.06434358106415515,MEDIUM
2003-08-05,0.9613487836493604,0.3199679949787699,0.0,0.031183672253432628,LOW
2003-08-06,0.2246421090861961,1.1144171657254605,0.0,0.008900979565571392,LOW
2003-08-07,0.0406677448595795,1.9172060796849733,0.0,0.006941541803781693,LOW
2003-08-08,0.3148467972049718,2.446105622205044,0.0,0.03483527915654463,MEDIUM
2003-08-11,0.9999403623102776,0.0001290171113126,0.0,0.032319711048737036,MEDIUM
2003-08-12,0.0048370904976887,1.003287090224532,0.0,0.0024307622656590047,LOW
2003-08-13,0.0300402248835383,1.9913126517164663,0.0,0.0063233482343086015,LOW
2003-08-14,0.0030876896373874,2.6163201393457194,0.0,0.007140416599929906,LOW
2003-08-18,0.0072582451124537,3.520166418646999,0.0,0.01000339336019246,LOW
2003-08-19,0.0025569545196358,4.622521549101796,0.0,0.011823917669157743,LOW
2003-08-20,0.0022697687557348,5.861326331935008,0.0,0.0141388510311696,LOW
2003-08-21,0.0020693836272576,6.605352074018924,0.0,0.01645474744090757,LOW
2003-08-22,0.9999998204245656,1.6667184614341472e-06,0.0,0.032321456254374555,MEDIUM
2003-08-25,0.9999997200630838,2.799369162458416e-07,0.0,0.06464290661718555,MEDIUM
2003-08-26,0.9999999999421296,5.787041410301604e-11,0.0,0.09696438457056936,HIGH
2003-08-27,0.8504167375732459,0.1495832625611709,0.0,0.11153409380706941,HIGH
2003-08-28,0.9999999997298868,5.360034600630943e-10,0.0,0.16160730758646716,HIGH
2003-08-29,0.9985981812534772,0.0014018187465228,0.0,0.1936818680187093,HIGH
2003-09-01,0.9999999992094036,8.010792091757102e-10,0.0,0.2262502305141145,HIGH
2003-09-02,0.9999310645603726,6.893544184284927e-05,0.0,0.25855550512916553,HIGH
2003-09-03,0.9999999998061228,1.9387717658318408e-10,0.0,0.2908931536757798,HIGH
2003-09-04,0.9964775585612944,0.0035224415545826,0.0,0.32218044038726834,HIGH
2003-09-05,0.9999999953550736,4.7440470083241884e-09,0.0,0.3555360752777368,HIGH
2003-09-08,0.9963817177825094,0.0036182830766441,0.0,0.38658275298698463,HIGH
2003-09-09,0.9999853834911558,1.461699155043565e-05,0.0,0.4201734225667052,HIGH
2003-09-10,0.9983844872042418,0.0016155314816206,0.0,0.4518365264694018,HIGH
2003-09-11,0.9996781888024184,0.00032235574622,0.0,0.4846802337346855,HIGH
2003-09-12,0.9999997812986288,2.1873111341697414e-07,0.0,0.5171432816953784,HIGH
2003-09-15,0.9999999999822096,1.7790324015977718e-11,0.0,0.5494648459198922,HIGH
2003-09-16,0.999999527678554,4.7232144592034157e-07,0.0,0.5817860579119758,HIGH
2003-09-17,0.9999974115131788,2.5884868210990277e-06,0.0,0.6141063254248728,HIGH
2003-09-18,0.9999999961832848,3.816715272231846e-09,0.0,0.6464292282638916,HIGH
2003-09-19,0.9999576114964666,4.23885047626035e-05,0.0,0.6464043469178123,HIGH
2003-09-22,0.9999988033060744,1.196953391759528e-06,0.0,0.6464285280039732,HIGH
2003-09-23,0.999752902663307,0.0002470983868616,0.0,0.6462841731517648,HIGH
2003-09-24,0.9996292217472084,0.0003707987763685,0.0,0.6462115647843039,HIGH
2003-09-25,0.2183105870744922,0.7819073013836919,0.0,0.008711774537092551,LOW
2003-09-26,0.9999950181632136,9.11485929720522e-06,0.0,0.03232131529970923,MEDIUM
2003-09-29,0.0656883031838409,0.9344563968245512,0.0,0.004200548285983682,LOW
2003-09-30,0.7797584509357056,0.2548087495582914,0.0,0.02575798643914235,LOW
2003-10-01,0.7459585866666514,0.2868242749387969,0.0,0.04947173871524621,MEDIUM
2003-10-03,0.999999984356037,2.114091998248484e-08,0.0,0.09696438319813369,HIGH
2003-10-06,0.944630890885417,0.0553692981233762,0.0,0.12275811785854812,HIGH
2003-10-07,0.9359622600455776,0.0640508746332186,0.0,0.15216418893992809,HIGH
2003-10-08,0.7500528911494271,0.2612800316774025,0.0,0.14915907422409502,HIGH
2003-10-09,0.7196710934674175,0.3650119772092693,0.0,0.023938894210035342,LOW
2003-10-10,0.4131835748766876,0.7075558182527069,0.0,0.029186811106918717,LOW
2003-10-13,0.9507365693304032,0.0814658509470943,0.0,0.030870137669115727,LOW
2003-10-14,0.9922468855062124,0.0091015702333621,0.0,0.06418751971671285,MEDIUM
2003-10-15,0.9745715757559218,0.0254419678177415,0.0,0.09472096505355689,HIGH
2003-10-16,0.4523235176000547,0.5578108152027501,0.0,0.015785561404512028,LOW
2003-10-17,0.0118952587776163,1.128454547572345,0.0,0.005270309327377116,LOW
2003-10-20,0.9999983799441632,3.5239025255930857e-06,0.0,0.03232141397379756,MEDIUM
2003-10-21,0.9994728790374454,0.0005271270981214,0.0,0.06461197799563106,MEDIUM
2003-10-22,0.7354035694022802,0.2646042595201388,0.0,0.02441606611482547,LOW
2003-10-23,0.9958185910460416,0.0057476594558659,0.0,0.032198690849895115,LOW
2003-10-24,0.9780043597101148,0.022396420660891,0.0,0.06334954835119874,MEDIUM
2003-10-27,0.9999999285112222,8.066443279593336e-08,0.0,0.09696437828071028,HIGH
2003-10-28,0.9164284040557042,0.0835716787052932,0.0,0.11941305885741244,HIGH
2003-10-29,0.9938931065614232,0.0062065813077716,0.0,0.16071065133370094,HIGH
2003-10-30,0.0837489675515671,0.9315344959342808,0.0,0.004729108882139285,LOW
2003-10-31,0.9999676466136216,6.46285363695457e-05,0.0,0.032320511895477404,MEDIUM
2003-11-03,0.9999991563314586,8.436792237607063e-07,0.0,0.06464287352420196,MEDIUM
2003-11-04,0.4119630896797919,0.5880411848316357,0.0,0.01455627076991801,LOW
2003-11-05,0.7615080478472116,0.2398022005537678,0.0,0.025206476581943846,LOW
2003-11-06,0.1830106564580563,1.0589812501535256,0.0,0.007659731339728185,LOW
2003-11-07,0.9985262262319112,0.0031262318767299,0.0,0.0322781988695529,LOW
2003-11-10,0.2977121759041325,0.7087007189394476,0.0,0.011094803903354544,LOW
2003-11-11,0.0023871676684577,1.208300937738436,0.0,0.004719743014573008,LOW
2003-11-12,0.007659806296227,2.0595192094293497,0.0,0.0075374254460796025,LOW
2003-11-13,0.999999998804264,3.879470323114721e-09,0.0,0.03232146149012482,MEDIUM
2003-11-14,0.9370716461363656,0.0629284156085413,0.0,0.06093141207945807,MEDIUM
2003-11-17,0.0488051786809876,0.9512439061432324,0.0,0.003707799237819154,LOW
2003-11-18,0.1773894554740228,1.573525888222946,0.0,0.014985315713776693,LOW
2003-11-19,0.0041568453684096,2.43674155408644,0.0,0.007233227751400633,LOW
2003-11-20,0.2940783525147577,2.1591643891284544,0.0,0.04394113988858611,MEDIUM
2003-11-21,0.0774905957960868,2.31859153976744,0.0,0.0227289221227955,LOW
2003-11-24,0.0100302451472564,3.841441556095796,0.0,0.015486745905495081,LOW
2003-11-25,0.0994098752903004,4.912574585244983,0.0,0.03632042810357541,MEDIUM
2003-11-27,0.9133523429749631,0.4677703981147711,0.0,0.029761855026541186,LOW
2003-11-28,0.143806230170428,1.0075808875928611,0.0,0.006497206482315854,LOW
2003-12-01,0.9753221674009924,0.0484839606269194,0.0,0.03159576953022649,LOW
2003-12-02,0.8753723346491022,0.1362451621434518,0.0,0.05726026705583934,MEDIUM
2003-12-03,0.0101541352049493,1.0567426200622876,0.0,0.0025847129657123598,LOW
2003-12-04,0.1411956384397769,1.7227488846217014,0.0,0.012840046851392357,LOW
2003-12-05,0.9997928911168136,0.0006104095022213,0.0,0.032315382428018444,MEDIUM
2003-12-08,0.165772097022552,0.8381632124305174,0.0,0.007147774225543139,LOW
2003-12-09,0.9999986185902512,2.609127435666868e-06,0.0,0.03232142097847128,MEDIUM
2003-12-10,0.0060841553614488,0.9940687870782052,0.0,0.002466858077839248,LOW
2003-12-11,0.1959014659379783,1.3315763251315451,0.0,0.016086701045354073,LOW
2003-12-12,0.0063697854600172,1.667764599953656,0.0,0.007425379682653655,LOW
2003-12-15,0.892897637675496,0.2291100752842115,0.0,0.02915304999464797,LOW
2003-12-16,0.0087085934727332,1.995807429187044,0.0,0.0025428453247598377,LOW
2003-12-17,0.0020620063915184,3.902867999446589,0.0,0.004700929584986662,LOW
2003-12-18,0.0020531714341179,5.094131921719676,0.0,0.00705062762875196,LOW
2003-12-19,0.0024780032184908,5.974279575903961,0.0,0.009449997650345834,LOW
2003-12-22,0.0020044986608459,6.490004333169999,0.0,0.011744005906013913,LOW
2003-12-23,0.0020996027737923,7.107661088761228,0.0,0.01410931444284497,LOW
2003-12-24,0.4005172133294347,4.943676412823367,0.0,0.0994570389930301,HIGH
2003-12-26,0.0177564453311424,2.926016312477627,0.0,0.0224404988942525,LOW
2003-12-29,0.0077131113685805,5.042419379330059,0.0,0.022626167414235003,LOW
2003-12-30,0.9455031286513698,0.5524693525081933,0.0,0.030715340254725457,LOW
2003-12-31,0.0196836934137136,4.608956974915502,0.0,0.0028609658147690565,LOW
2004-01-02,0.999999990111448,5.6616567454691946e-08,0.0,0.03232146123497575,MEDIUM
2004-01-05,0.890158253508738,0.1098427827287462,0.0,0.058142781714887674,MEDIUM
2004-01-06,0.9989211724209748,0.0010790489626788,0.0,0.09686938042968748,HIGH
2004-01-07,0.9991805431363462,0.000821350230796,0.0,0.12918963022140714,HIGH
2004-01-08,0.9999704775241656,2.952366032195478e-05,0.0,0.1616029749397572,HIGH
2004-01-09,1.0,0.0,0.0,0.1939287691513303,HIGH
2004-01-12,0.9999986800579244,1.3199420756393463e-06,0.0,0.22624995947857318,HIGH
2004-01-13,0.9999160902858034,8.390971419661675e-05,0.0,0.2585519889229249,HIGH
2004-01-14,0.5054172149058827,0.494589366098328,0.0,0.01740569331338985,LOW
2004-01-15,0.999999986878058,2.6087873711882853e-08,0.0,0.03232146114007021,MEDIUM
2004-01-16,0.999999732568436,2.674315640162609e-07,0.0,0.06464290735129266,MEDIUM
2004-01-19,0.999999801532916,1.98467083844207e-07,0.0,0.09696436709961664,HIGH
2004-01-20,0.9999999996438568,3.5614337432702484e-10,0.0,0.1292858460590732,HIGH
2004-01-21,0.9999999883504098,1.1649590175554786e-08,0.0,0.1616073059164313,HIGH
2004-01-22,0.9999999974543224,2.545677758583067e-09,0.0,0.1939287687030103,HIGH
2004-01-23,0.9999998449265076,1.5507349228571754e-07,0.0,0.22625019881484024,HIGH
2004-01-27,0.9999969394854328,3.060514567378917e-06,0.0,0.2585709735507788,HIGH
2004-01-28,0.9999548178109918,4.518230702503619e-05,0.0,0.29088121811292433,HIGH
2004-01-29,0.9963430266305152,0.0036570077589254,0.0,0.32214093133842947,HIGH
2004-01-30,0.9999999865191224,1.3544918800936604e-08,0.0,0.35553607242488316,HIGH
2004-02-03,0.9982715246848312,0.0017284757385377,0.0,0.38724865337996744,HIGH
2004-02-04,0.9851282704804784,0.0148720320769514,0.0,0.4144979420570176,HIGH
2004-02-05,0.9964836484566596,0.003598112648147,0.0,0.45105512036975076,HIGH
2004-02-06,0.8386099866554315,0.1617921309834138,0.0,0.41294266411261044,HIGH
2004-02-09,0.9999745353151056,2.9514412069002813e-05,0.0,0.5171314254652405,HIGH
2004-02-10,0.9362061135503283,0.0638136831907759,0.0,0.5174810706661351,HIGH
2004-02-11,0.3960169850671591,0.6072342828381777,0.0,0.014071343780612009,LOW
2004-02-12,0.9979554961618664,0.0038442808327717,0.0,0.032261442464802066,LOW
2004-02-13,0.9986868083237084,0.0013161970131661,0.0,0.06456582646424812,MEDIUM
2004-02-16,0.5260596502336019,0.4742678267112731,0.0,0.018036128694860265,LOW
2004-02-17,0.7969645177361164,0.2654176599590883,0.0,0.02627705012202405,LOW
2004-02-18,0.996403089216268,0.0044269108338791,0.0,0.06443171409794611,MEDIUM
2004-02-19,1.0,0.0,0.0,0.09696438457566516,HIGH
2004-02-20,0.9998457683412952,0.0001542316587046,0.0,0.12926773803242284,HIGH
2004-02-23,0.9999999980387182,1.96234546831603e-09,0.0,0.16160730733827366,HIGH
2004-02-24,0.9995870571381952,0.0004129428740326,0.0,0.1938560433692,HIGH
2004-02-25,0.9999999780901958,2.2036085013117937e-08,0.0,0.2262502261749196,HIGH
2004-02-26,0.9992370251154404,0.0007629762724768,0.0,0.25839252478912206,HIGH
2004-02-27,0.9014631181048176,0.0985375382603227,0.0,0.26467372250263677,HIGH
2004-03-01,0.9999999999854048,1.8575092366750635e-11,0.0,0.32321461524793327,HIGH
2004-03-03,0.7368671399203198,0.2631328644968415,0.0,0.2690646954898871,HIGH
2004-03-04,0.9132113499189288,0.0868050841687856,0.0,0.3570919715064223,HIGH
2004-03-05,0.0650479732746331,1.0644795475558866,0.0,0.004181835793046657,LOW
2004-03-08,0.0346584523237738,2.016854211872404,0.0,0.006591857309151599,LOW
2004-03-09,0.991824221395314,0.0252916336392859,0.0,0.0320813389006421,LOW
2004-03-10,0.9953960249234338,0.0049593412780546,0.0,0.06437255900511699,MEDIUM
2004-03-11,0.9946202330930776,0.0055713467411735,0.0,0.09649047406637737,HIGH
2004-03-12,0.9992271794344946,0.0007733350382377,0.0,0.12919510630850492,HIGH
2004-03-15,0.9999999999725124,2.7487711783406325e-11,0.0,0.16160730762207456,HIGH
2004-03-16,0.9999957060983096,4.293901690272605e-06,0.0,0.1939280129507932,HIGH
2004-03-17,0.9996132759398686,0.0003867240772174,0.0,0.22617077122736867,HIGH
2004-03-18,0.9999995091951192,4.910308738792338e-07,0.0,0.258571576954047,HIGH
2004-03-19,0.9887359235531022,0.0112641196462728,0.0,0.28791502241518396,HIGH
2004-03-22,0.9986340876556116,0.0013736225888453,0.0,0.3228136547361024,HIGH
2004-03-23,0.9882553422632264,0.01179133592453,0.0,0.3517407024618308,HIGH
2004-03-24,0.9072553076167796,0.0935747194049104,0.0,0.3549667177479294,HIGH
2004-03-25,0.603458315481289,0.4114141748978118,0.0,0.02040003928173426,LOW
2004-03-26,0.9165467055238924,0.1174213371449525,0.0,0.029856779450710153,LOW
2004-03-29,0.7068877627096002,0.3259510826416108,0.0,0.023550759184200822,LOW
2004-03-30,0.9996075185577646,0.0005504802333705,0.0,0.032309941176240656,MEDIUM
2004-03-31,0.8989868817514503,0.101109369498194,0.0,0.05866892201213164,MEDIUM
2004-04-01,0.9999997962035916,2.824884316886845e-07,0.0,0.09696436663034218,HIGH
2004-04-02,0.9252363109336962,0.0747649444660858,0.0,0.12045916596957605,HIGH
2004-04-05,0.7717628196150714,0.2284724503448512,0.0,0.12758240864275558,HIGH
2004-04-06,0.9571614794547848,0.0509036029603153,0.0,0.18636010410983245,HIGH
2004-04-07,0.0102204786276316,1.1388872584368066,0.0,0.0025866347250345745,LOW
2004-04-08,0.0055319116753341,2.2510968977173325,0.0,0.004901745388641324,LOW
2004-04-12,0.144366652697499,2.75437333042036,0.0,0.01954133806485025,LOW
2004-04-13,0.5664584018863388,1.4912444901444262,0.0,0.07708070334113071,HIGH
2004-04-15,0.0543635272493468,3.627013855531636,0.0,0.01934939841789774,LOW
2004-04-16,0.0020293398820542,3.6914529794310313,0.0,0.014097118788516928,LOW
2004-04-19,0.0033106425510211,4.139008086287824,0.0,0.016706128458457932,LOW
2004-04-20,0.0027758262200286,4.717127948342402,0.0,0.018968926497727225,LOW
2004-04-21,0.0023781585120892,5.70605996323305,0.0,0.02123649784128459,LOW
2004-04-22,0.0020735825015706,6.945179803311856,0.0,0.02350799673655456,LOW
2004-04-23,0.0021121185890902,8.025926363045144,0.0,0.02587105922439314,LOW
2004-04-27,0.999722796450893,0.0023680319736573,0.0,0.03231332495322026,MEDIUM
2004-04-28,0.0035739950112335,1.140975268703594,0.0,0.0023942099136971284,LOW
2004-04-29,0.0022303136335764,5.966133549445037,0.0,0.004710667509661986,LOW
2004-04-30,0.0021872791192304,6.84471528378593,0.0,0.0070622663883783115,LOW
2004-05-03,0.1306305614848213,6.727504039699231,0.0,0.024431845424651696,LOW
2004-05-04,0.0021296632826998,8.36136224693908,0.0,0.01176211011760348,LOW
2004-05-05,0.0020292216144411,11.746502870039183,0.0,0.014097098260715852,LOW
2004-05-06,0.999999327314598,9.40469307705556e-06,0.0,0.03232144178075005,MEDIUM
2004-05-07,0.0296382895804208,0.9751156564265856,0.0,0.0031499943299431303,LOW
2004-05-10,0.0412575801944279,1.1358733720879135,0.0,0.006975882779368059,LOW
2004-05-11,0.9986410641619574,0.002851773273753,0.0,0.032281570288631704,LOW
2004-05-12,0.9488531015293016,0.051223223800543,0.0,0.061628881770069116,MEDIUM
2004-05-13,0.9999999864402124,1.3752929416297005e-08,0.0,0.09696438338165606,HIGH
2004-05-14,1.0,0.0,0.0,0.12928584610088686,HIGH
2004-05-17,1.0,0.0,0.0,0.1616073076261086,HIGH
2004-05-18,1.0,0.0,0.0,0.1939287691513303,HIGH
2004-05-19,0.9999999999944776,5.522471369090454e-12,0.0,0.22625023067541736,HIGH
2004-05-20,1.0,0.0,0.0,0.25857169220177373,HIGH
2004-05-21,1.0,0.0,0.0,0.2908931537269955,HIGH
2004-05-24,1.0,0.0,0.0,0.3232146152522172,HIGH
2004-05-25,1.0,0.0,0.0,0.3555360767774389,HIGH
2004-05-26,0.9999999993841932,6.158067389350207e-10,0.0,0.3878575380857608,HIGH
2004-05-27,0.9999999984313994,1.5686005825570335e-09,0.0,0.4201789992293478,HIGH
2004-05-28,1.0,0.0,0.0,0.452500461353104,HIGH
2004-05-31,0.9999999999772669,2.2733148696829627e-11,0.0,0.48482192286831693,HIGH
2004-06-01,0.9999999993055418,6.944581576451797e-10,0.0,0.5171433840774109,HIGH
2004-06-02,0.9999999511014692,4.8898530886216283e-08,0.0,0.549464821529421,HIGH
2004-06-03,0.9999999999203778,7.962219393856277e-11,0.0,0.581786307411924,HIGH
2004-06-04,0.9999990757808546,9.242191453934952e-07,0.0,0.6141072535582425,HIGH
2004-06-07,0.9999947973183042,5.202681695820765e-06,0.0,0.6464261763505441,HIGH
2004-06-08,0.999999965092394,3.490760616734983e-08,0.0,0.6464292100124718,HIGH
2004-06-09,0.9999602606571374,3.973935082204126e-05,0.0,0.6464059020757822,HIGH
2004-06-10,0.9999970545906453,2.945411726675521e-06,0.0,0.6464275014476875,HIGH
2004-06-11,0.9999999952504344,4.749565729937151e-09,0.0,0.6464292277162764,HIGH
2004-06-14,0.9999967222685344,3.2777314655478847e-06,0.0,0.6464273063631125,HIGH
2004-06-15,1.0,0.0,0.0,0.6464292305044343,HIGH
2004-06-16,0.9587629006414272,0.0412370993585726,0.0,0.6221463537253252,HIGH
2004-06-17,0.9657079056201074,0.0342924006660356,0.0,0.6262464143079909,HIGH
2004-06-18,0.4033981091104113,0.6223025082294315,0.0,0.014295746783082767,LOW
2004-06-21,0.0607247887767892,1.2020159946511304,0.0,0.008111095314661072,LOW
2004-06-22,0.6769612912817862,0.6431767863570895,0.0,0.06792245660547151,MEDIUM
2004-06-23,0.999992038204682,1.5105712303249695e-05,0.0,0.03232122783272725,MEDIUM
2004-06-24,0.9763821206109772,0.0236192983464481,0.0,0.06325398897696374,MEDIUM
2004-06-25,0.9701604515693184,0.029928614378667,0.0,0.09433092386613467,HIGH
2004-06-28,0.798567293745869,0.204652700076648,0.0,0.10530142434614363,HIGH
2004-06-29,0.6463927621191093,0.3921501040953501,0.0,0.0217097616601047,LOW
2004-06-30,0.9930038172577376,0.009398593543944,0.0,0.03211600205175707,LOW
2004-07-01,0.4133637630646919,0.5935828733146997,0.0,0.014598888228013255,LOW
2004-07-02,0.2983583343546236,1.1465629509087,0.0,0.022228565174255324,LOW
2004-07-05,0.0058356346240027,1.5643736917545812,0.0,0.007378992471023232,LOW
2004-07-06,0.7547255278292972,0.5639994720426205,0.0,0.02500128086642457,LOW
2004-07-07,0.0064463743418983,1.8953492438721569,0.0,0.0024773437379681804,LOW
2004-07-08,0.9888153362627534,0.0398477975198118,0.0,0.03199289292230775,LOW
2004-07-09,0.999999978044648,2.2036115028525853e-08,0.0,0.06464292176158894,MEDIUM
2004-07-12,0.3360086165479172,0.6639914326284707,0.0,0.012251387887823666,LOW
2004-07-13,0.992869789904232,0.00815972563425,0.0,0.032112063887523024,LOW
2004-07-14,0.9054680891895552,0.0946085999687717,0.0,0.05905477730751444,MEDIUM
2004-07-15,0.113231972873613,0.955232816698579,0.0,0.005595111206960025,LOW
2004-07-16,0.6099521774326351,0.7736728843373406,0.0,0.041196505254583876,MEDIUM
2004-07-19,0.6786287088422243,0.4891281735770638,0.0,0.06807468585411355,MEDIUM
2004-07-20,0.1091269517264737,1.0813860116183425,0.0,0.021897211546239678,LOW
2004-07-21,0.97473898604844,0.0539995318273859,0.0,0.03157858760330574,LOW
2004-07-22,0.9949550323886228,0.0051978674425845,0.0,0.06434665219172911,MEDIUM
2004-07-23,0.9419458732319852,0.0583530621800986,0.0,0.09183016708725196,HIGH
2004-07-26,0.9999475132530676,5.92155662233572e-05,0.0,0.12927968377189575,HIGH
2004-07-27,0.8323119181025056,0.1677216968744396,0.0,0.13670235632697544,HIGH
2004-07-28,0.309597285954178,0.700851030537596,0.0,0.011453287674430258,LOW
2004-07-29,0.6276170662915602,0.639826208498539,0.0,0.042274495988543055,MEDIUM
2004-07-30,0.4734055345924601,0.8099571763646277,0.0,0.04928565393774439,MEDIUM
2004-08-02,0.9349940920858492,0.0970137526401704,0.0,0.030404149262668524,LOW
2004-08-03,0.4871471105887374,0.5823669278261586,0.0,0.016847907461336187,LOW
2004-08-04,0.4616158110527686,0.8042405980120678,0.0,0.03213781764583209,LOW
2004-08-05,0.9999994580030812,1.1915332943486752e-06,0.0,0.03232144561668161,MEDIUM
2004-08-06,0.4067648678411018,0.5933220382577384,0.0,0.014398138502883531,LOW
2004-08-09,0.0076937692348169,0.995843848465246,0.0,0.005026917093828958,LOW
2004-08-10,0.0020567281216722,1.828806491028395,0.0,0.0070509362985466135,LOW
2004-08-11,0.2443108529257371,1.5529017100133404,0.0,0.037958738945932026,MEDIUM
2004-08-12,0.0020518617875256,2.8310429427560857,0.0,0.011750856616893445,LOW
2004-08-13,0.0020056492426456,3.92163767369896,0.0,0.01409300679380251,LOW
2004-08-16,0.0022593551181094,4.900857542477687,0.0,0.01649321736860174,LOW
2004-08-17,0.0020606377189299,5.881712664154725,0.0,0.018803401589548116,LOW
2004-08-18,0.0037958666381664,6.832484059726358,0.0,0.021605670434781118,LOW
2004-08-19,0.0034337697227996,7.404556876016455,0.0,0.02390152438104898,LOW
2004-08-20,0.002454619631485,8.167524870583645,0.0,0.025980052045721434,LOW
2004-08-23,0.0020003602554222,8.762773479705945,0.0,0.0281841775682533,LOW
2004-08-24,0.0020001996116966,8.9505440146959,0.0,0.030532798619272303,LOW
2004-08-25,0.0020003253477763,9.741792702467864,0.0,0.03288152635881889,MEDIUM
2004-08-26,0.0020013608488483,10.87728434926361,0.0,0.03523065614274481,MEDIUM
2004-08-27,0.0031395005091482,12.222481577969932,0.0,0.03810620704048953,MEDIUM
2004-08-30,0.0492720312340931,12.76523323778714,0.0,0.06326392044524347,MEDIUM
2004-08-31,0.0023384433357873,14.362753632631016,0.0,0.04245231439330208,MEDIUM
2004-09-01,0.0020113875580041,15.35704465649408,0.0,0.04463100884852389,MEDIUM
2004-09-02,0.0026815135382571,16.241655518470807,0.0,0.047367743614908045,MEDIUM
2004-09-03,0.0048239099646684,16.135862672284215,0.0,0.048607615985761035,MEDIUM
2004-09-06,0.0027170897689113,9.032822320477486,0.0,0.047388329172810516,MEDIUM
2004-09-07,0.0020324060686034,3.3104814324152767,0.0,0.0469921699634187,MEDIUM
2004-09-08,0.0022789738342899,3.914946395546395,0.0,0.04713482942507273,MEDIUM
2004-09-09,0.008819801062483,4.846818532714954,0.0,0.050921318268839166,MEDIUM
2004-09-10,0.0845833931895601,5.29250163963734,0.0,0.09507129670948633,HIGH
2004-09-13,0.0039060589144365,6.67609676712591,0.0,0.04807637373109598,MEDIUM
2004-09-14,0.0376602125642921,7.285845254653203,0.0,0.06766489639902165,MEDIUM
2004-09-15,0.0059506932007619,8.056666900878266,0.0,0.049259894347226864,MEDIUM
2004-09-16,0.2647642473853128,5.519063939660426,0.0,0.20206674840956132,HIGH
2004-09-17,0.7738403706221,0.9093132525835336,0.0,0.02557925090315515,LOW
2004-09-20,0.0021984513969482,4.015262373979419,0.0,0.002354412001547108,LOW
2004-09-21,0.0412728246499766,4.649128460529001,0.0,0.00697677037409426,LOW
2004-09-22,0.0111829724500687,5.9393736250781135,0.0,0.007843552368122559,LOW
2004-09-23,0.0132342479519672,6.9499507053702985,0.0,0.010695823606607369,LOW
2004-09-24,0.0578731354158664,7.130440086293966,0.0,0.0198614630295752,LOW
2004-09-27,0.0028491131618275,8.547186140655594,0.0,0.014239416966187867,LOW
2004-09-28,0.002659379146144,10.002569249513066,0.0,0.01657422759991621,LOW
2004-09-29,0.3779340419018809,6.795310473569918,0.0,0.10817638426217153,HIGH
2004-09-30,0.0020134129613673,11.648030263159246,0.0,0.021141531516199182,LOW
2004-10-01,0.3778577909077129,7.17083849470378,0.0,0.1351973327291515,HIGH
2004-10-04,0.0035139201002541,10.568475192230023,0.0,0.02631718771494325,LOW
2004-10-05,0.0020484592022255,13.7271006824515,0.0,0.02820087469780504,LOW
2004-10-06,0.0031150245308269,13.818370670893062,0.0,0.030952086893904815,LOW
2004-10-07,0.0020472120873212,14.688694855509889,0.0,0.03290051539961711,MEDIUM
2004-10-08,0.0020077989408447,15.51810169558588,0.0,0.035233449793028275,MEDIUM
2004-10-11,0.0020378307263595,15.336373722856514,0.0,0.03759624680523355,MEDIUM
2004-10-12,0.8278475265785068,2.27786418277694,0.0,0.027206388056798966,LOW
2004-10-14,0.0031189204176645,5.96509067128769,0.0,0.0023810424830387434,LOW
2004-10-15,0.0075573969809531,8.401499875418594,0.0,0.005019019831563685,LOW
2004-10-18,0.002268527738268,11.502737320661348,0.0,0.007069317809198387,LOW
2004-10-19,0.0020534316483612,12.57832471764821,0.0,0.009400866948845335,LOW
2004-10-20,0.0053107591263307,12.417921062218602,0.0,0.012222357799147602,LOW
2004-10-21,0.0020864376883477,11.628256896190468,0.0,0.014107029345071147,LOW
2004-10-25,0.0021504686941395,11.753609251572843,0.0,0.016471167320543156,LOW
2004-10-26,0.0022682483602682,11.494822417612031,0.0,0.018851449499538302,LOW
2004-10-27,0.0032468534169735,12.263109161443596,0.0,0.02146269674632514,LOW
2004-10-28,0.0191005565310329,13.519013305303126,0.0,0.028440489971852567,LOW
2004-10-29,0.0134710131354082,14.307442667796971,0.0,0.029488995367136568,LOW
2004-11-01,0.0020444097589758,15.058122079914812,0.0,0.028199468963886025,LOW
2004-11-02,0.0020151833585093,16.034653728589607,0.0,0.030538433537266246,LOW
2004-11-03,0.9523652878683138,0.7691803442566324,0.0,0.03091828897636083,LOW
2004-11-04,0.0327052003813115,10.780044588818328,0.0,0.0032391343631908605,LOW
2004-11-05,0.0021274909145965,16.89768668375671,0.0,0.004704718358472389,LOW
2004-11-08,0.0020041334144987,18.571111024469086,0.0,0.007046371845691693,LOW
2004-11-09,0.0020076007686082,19.88558899131954,0.0,0.009395563680282536,LOW
2004-11-10,0.782112994137758,4.287906678148282,0.0,0.02582906917558747,LOW
2004-11-11,0.0020013251161431,21.069659888485997,0.0,0.0023487093758288095,LOW
2004-11-12,0.0035700157873926,22.456012591323624,0.0,0.004788189543930574,LOW
2004-11-16,0.002000255526275,24.247088895635155,0.0,0.007046035303146659,LOW
2004-11-17,0.0020002440583412,25.1068807062889,0.0,0.009394712410536389,LOW
2004-11-18,0.0020132079000155,25.998896662198565,0.0,0.011745265626306584,LOW
2004-11-19,0.0052436451546677,27.23948714744091,0.0,0.014655174178116704,LOW
2004-11-22,0.0560437951598663,26.57803643151546,0.0,0.0274323283325164,LOW
2004-11-23,0.0020127811425499,29.06252878885321,0.0,0.018792326238854587,LOW
2004-11-24,0.0022060318089261,30.115268545055883,0.0,0.021191681676449716,LOW
2004-11-25,0.0023352396782673,31.073039146053656,0.0,0.023583692292132346,LOW
2004-11-29,0.9996905894165848,0.0096391039913899,0.0,0.03231237957915849,MEDIUM
2004-11-30,0.0021694454029972,2.542003168700281,0.0,0.002353572881618729,LOW
2004-12-01,0.3952672465576128,4.565526838132209,0.0,0.02809711197719523,LOW
2004-12-02,0.9428502230741876,0.1967105835636446,0.0,0.030636826920847834,LOW
2004-12-03,0.0060702501535849,1.4395792731748374,0.0,0.0024664555566142913,LOW
2004-12-06,0.0142416322619931,6.214184997573824,0.0,0.005406306879424949,LOW
2004-12-07,0.0031559239081489,11.617757512832055,0.0,0.0071463393906071385,LOW
2004-12-08,0.1294603039006198,8.321520143584909,0.0,0.024293699530287528,LOW
2004-12-09,0.0022360642418761,10.445177083145404,0.0,0.011777500583041124,LOW
2004-12-10,0.9957875430317576,0.0331508531583702,0.0,0.03219777895422594,LOW
2004-12-13,0.0022825753068989,1.915165389936602,0.0,0.0023568456605834887,LOW
2004-12-14,0.0460525474928738,3.202445019967735,0.0,0.007255171739577557,LOW
2004-12-15,0.0427493863654046,7.816303474317821,0.0,0.010594128112860958,LOW
2004-12-16,0.0047240914341334,9.782901702587813,0.0,0.00970996765149565,LOW
2004-12-17,0.0383679581680112,10.41925236032108,0.0,0.01701919028516057,LOW
2004-12-20,0.0021411660596387,11.756629939661016,0.0,0.014116528721510471,LOW
2004-12-21,0.0044367264416162,12.903843828923916,0.0,0.016934228038823926,LOW
2004-12-22,0.0049750507580512,14.121821597091468,0.0,0.01947804089812018,LOW
2004-12-23,0.0020235200219677,15.490971285452764,0.0,0.021144162947054203,LOW
2004-12-24,0.8802235428829227,1.9825428230757756,0.0,0.028775000646064905,LOW
2004-12-27,0.0425849137026344,10.332564218761856,0.0,0.0035265868311902347,LOW
2004-12-28,0.0430543651797474,4.649283326447107,0.0,0.007080513824634743,LOW
2004-12-29,0.0226530578077022,11.33987900920235,0.0,0.008841395577587188,LOW
2004-12-30,0.0057569504207328,18.476937982955167,0.0,0.009829546195095922,LOW
2004-12-31,0.0624611903354618,15.97139570436418,0.0,0.02053130412921665,LOW
2005-01-03,0.16856821677531,5.407053210259438,0.0,0.043384390937796294,MEDIUM
2005-01-04,0.0020263848103609,17.89836323771962,0.0,0.016446040186982133,LOW
2005-01-05,0.999963677810438,0.0008567371860921,0.0,0.03232039540368383,MEDIUM
2005-01-06,0.9964786461227242,0.0035215275701804,0.0,0.06443615195533595,MEDIUM
2005-01-07,0.7670115311287906,0.233045542167477,0.0,0.0761186550218418,HIGH
2005-01-10,0.9999922651692168,1.2925380562889294e-05,0.0,0.12928493797813492,HIGH
2005-01-11,0.9999571978628295,4.2802516289084463e-05,0.0,0.1616010260247736,HIGH
2005-01-12,0.999999883872351,1.1614047287119058e-07,0.0,0.1939287487000557,HIGH
2005-01-13,0.998864764965772,0.0011352360258572,0.0,0.2260169627879525,HIGH
2005-01-14,0.9942844238094972,0.0057164658290525,0.0,0.2572290115530363,HIGH
2005-01-17,0.9999991533320814,8.508060216126238e-07,0.0,0.2908929300665769,HIGH
2005-01-18,0.9989913732816598,0.0010086296839306,0.0,0.32291854320627844,HIGH
2005-01-19,0.992335699353231,0.0076652429204754,0.0,0.3530600673218335,HIGH
2005-01-20,0.9999713978867728,2.896172272322915e-05,0.0,0.387847464027515,HIGH
2005-01-24,0.9999870103291836,1.2989751246719588e-05,0.0,0.42017404332434793,HIGH
2005-01-25,0.9976663641247038,0.0023336778781806,0.0,0.4515413435170157,HIGH
2005-01-27,0.9570843918726998,0.0429671793179711,0.0,0.46586610267537343,HIGH
2005-01-28,0.9999999998144882,2.3783484518679875e-10,0.0,0.517143384316426,HIGH
2005-01-31,0.9998625407350504,0.0001374592649496,0.0,0.5493962558992849,HIGH
2005-02-01,0.9766295192777268,0.0233704908812534,0.0,0.5694170732871919,HIGH
2005-02-02,0.9200200197676224,0.0805337500850283,0.0,0.5692389784009427,HIGH
2005-02-03,0.9668662898265374,0.0362294254212556,0.0,0.6269298731241648,HIGH
2005-02-04,0.81365761497356,0.215148229777765,0.0,0.5355953198162074,HIGH
2005-02-07,0.999873736216035,0.0001346513504303,0.0,0.64635510861596,HIGH
2005-02-08,0.011061498336446,0.9943651136408014,0.0,0.0026109982012365667,LOW
2005-02-09,0.0055647772146963,1.2797945616077466,0.0,0.004903647976534678,LOW
2005-02-10,0.2088786574000555,1.7102657513252597,0.0,0.025290603364113838,LOW
2005-02-11,0.2621033145242903,2.021946124029713,0.0,0.040093683935562854,MEDIUM
2005-02-14,0.4709095564808867,1.8837993666321449,0.0,0.0817619993722513,HIGH
2005-02-15,0.7238443652372638,0.6278900923691585,0.0,0.14439316321840454,HIGH
2005-02-16,0.7992289578229712,0.3639205357883629,0.0,0.026345295615951267,LOW
2005-02-17,0.7163523251432417,0.6135519405685995,0.0,0.023838162121575614,LOW
2005-02-18,0.1536319152121809,1.4309784162079175,0.0,0.013575931052923602,LOW
2005-02-21,0.0161753872523464,2.4552238677518936,0.0,0.008277641399794273,LOW
2005-02-22,0.0360945814743357,3.23363274406066,0.0,0.013350792037189987,LOW
2005-02-23,0.0023429737871364,4.390175056214703,0.0,0.011792964881870949,LOW
2005-02-24,0.9998030285301766,0.0010227813122119,0.0,0.03231567998767522,MEDIUM
2005-02-25,0.0291931093090896,1.0053724231484282,0.0,0.0031370587725197915,LOW
2005-02-28,0.8951083510543202,0.1977142800165655,0.0,0.029218928474826183,LOW
2005-03-01,0.7548583734967061,0.2805767337680996,0.0,0.05001060221505125,MEDIUM
2005-03-02,0.0034537530481129,1.294619403869164,0.0,0.0023907306580715545,LOW
2005-03-03,0.7142140735411107,0.6208865274070634,0.0,0.04754649691471126,MEDIUM
2005-03-04,0.0058937293048712,1.517496067748135,0.0,0.007384037386855382,LOW
2005-03-07,0.0035326905537527,2.5306972743154383,0.0,0.00957205897140189,LOW
2005-03-08,0.0021199616071176,3.726834572854656,0.0,0.011760706823001042,LOW
2005-03-09,0.3409510904808945,3.572893714386684,0.0,0.0744057215321824,HIGH
2005-03-10,0.0098545040399575,5.29899545234745,0.0,0.018032236986964132,LOW
2005-03-11,0.0917071216206471,5.329225589381061,0.0,0.039699840556704634,MEDIUM
2005-03-14,0.0026523375946963,6.800666119771083,0.0,0.02130788770160242,LOW
2005-03-15,0.0091331908535097,7.703373702063732,0.0,0.025551420421120283,LOW
2005-03-16,0.0104866571226155,9.588900442671711,0.0,0.028537798111905002,LOW
2005-03-17,0.0029820212621365,10.82702903838832,0.0,0.028524978512210062,LOW
2005-03-18,0.204480279462166,8.290186490823217,0.0,0.10788715561241019,HIGH
2005-03-21,0.0235669063211556,8.158715085730169,0.0,0.04163121950713178,MEDIUM
2005-03-22,0.998856445071724,0.0079702970226352,0.0,0.03228789329549016,LOW
2005-03-23,0.1373559946176456,0.965133495190495,0.0,0.006306555913338888,LOW
2005-03-24,0.0756072032117697,2.003159134578922,0.0,0.00898129918808471,LOW
2005-03-28,0.0130922599993914,3.403652028340836,0.0,0.008009522924238163,LOW
2005-03-29,0.995663282084857,0.0203661106454941,0.0,0.03219412930511693,LOW
2005-03-30,0.0404140732251459,1.0718933716892671,0.0,0.003463386853391797,LOW
2005-03-31,0.3882030175256966,1.320012668374868,0.0,0.027667798597595484,LOW
2005-04-01,0.1631412757650988,2.576064814982342,0.0,0.021209251001911265,LOW
2005-04-04,0.0043934162448402,3.5755648433240474,0.0,0.009671688200987424,LOW
2005-04-05,0.0144335844685986,4.69943486900891,0.0,0.013543587147827964,LOW
2005-04-06,0.00224979920359,5.320523183770073,0.0,0.014135384770494495,LOW
2005-04-07,0.1285291536546921,5.769169144584218,0.0,0.04232164401672716,MEDIUM
2005-04-08,0.0021935042557473,7.004864756101279,0.0,0.018834151075807864,LOW
2005-04-11,0.0245324494015112,6.356747372410614,0.0,0.02701521015996189,LOW
2005-04-12,0.0035466783302207,6.926062499938045,0.0,0.023934194871932057,LOW
2005-04-13,0.0024575962713797,8.5587171816646,0.0,0.025980999317298782,LOW
2005-04-15,0.999997312410326,1.9842805457997135e-05,0.0,0.03232138263983759,MEDIUM
2005-04-18,0.0059268383200661,1.0003350573588805,0.0,0.0024623041933606485,LOW
2005-04-19,0.7984394280626725,0.4076040434571589,0.0,0.026321502642874885,LOW
2005-04-20,0.0172856287925325,1.1229475743317432,0.0,0.002791408088823427,LOW
2005-04-21,0.6534474504749629,0.711410783958101,0.0,0.04384951586588654,MEDIUM
2005-04-22,0.0060551512606811,1.6010982758491583,0.0,0.007398055446608512,LOW
2005-04-25,0.003732569373573,2.733896943512533,0.0,0.00959519375485126,LOW
2005-04-26,0.0020835531358694,4.172847893983424,0.0,0.0117554405554378,LOW
2005-04-27,0.0429056149515305,5.012854334442514,0.0,0.021215551827841118,LOW
2005-04-28,0.0053328759263923,5.997639191483492,0.0,0.01711578195352165,LOW
2005-04-29,0.99862321165652,0.0102398881811079,0.0,0.0322810461775457,LOW
2005-05-02,0.0580711681216565,1.0330204203866833,0.0,0.003978073034415035,LOW
2005-05-03,0.0042008206197359,2.1794713513255357,0.0,0.004824696997167162,LOW
2005-05-04,0.9983713552657852,0.0050344399118651,0.0,0.032273652064596106,LOW
2005-05-05,0.0050933984500601,1.0800943442446502,0.0,0.0024381804031836526,LOW
2005-05-06,0.0053794667448848,3.575720677060299,0.0,0.004892920476097187,LOW
2005-05-09,0.999966168476738,0.0001024453806061,0.0,0.03232046850940458,MEDIUM
2005-05-10,0.0020860013984083,0.9993027087198676,0.0,0.002351158936197832,LOW
2005-05-11,0.1185023350078779,1.8120848524462176,0.0,0.011500647150464314,LOW
2005-05-12,0.0025740606193396,2.219925128746616,0.0,0.007095835290561105,LOW
2005-05-13,0.004283627008541,3.2961379433181204,0.0,0.009658979291304975,LOW
2005-05-16,0.9993579631873672,0.0028978777370883,0.0,0.03230261571934369,LOW
2005-05-17,0.5104353311253547,0.7142912105412778,0.0,0.01755893275129242,LOW
2005-05-18,0.290380021574354,1.2204659592528802,0.0,0.021747728158087204,LOW
2005-05-19,0.0531463427371623,1.8432559224642548,0.0,0.011503123823111253,LOW
2005-05-20,0.0020897989838249,3.181677236432509,0.0,0.009405075182210084,LOW
2005-05-23,0.0020053602360057,4.874988045202841,0.0,0.01174413052574223,LOW
2005-05-24,0.0088513751539595,5.151260554410385,0.0,0.015281881887123382,LOW
2005-05-25,0.0020941834924361,6.565715102783967,0.0,0.016459769437574285,LOW
2005-05-26,0.0040336173783466,7.292696519334294,0.0,0.01926007937788365,LOW
2005-05-27,0.0233343069968556,6.980699165754695,0.0,0.02670215763727422,LOW
2005-05-30,0.0020146203329581,7.428883268659471,0.0,0.02349093984672137,LOW
2005-05-31,0.0020014802861413,7.539652664176648,0.0,0.02583585251101657,LOW
2005-06-01,0.002001797814433,7.465226377935709,0.0,0.028184676602420744,LOW
2005-06-02,0.0026269460355942,7.977302285738361,0.0,0.030768510060792786,LOW
2005-06-03,0.0031377993651356,8.674358165578216,0.0,0.03334224207529262,MEDIUM
2005-06-06,0.0030989663337234,9.233677511224483,0.0,0.03570697710943253,MEDIUM
2005-06-07,0.0020019570887518,10.16707244811435,0.0,0.03757964252387663,MEDIUM
2005-06-08,0.9999296771983855,0.0007643790008112,0.0,0.032319397419258024,MEDIUM
2005-06-09,0.0020005345853013,2.193051139922309,0.0,0.0023486865070927593,LOW
2005-06-10,0.0031773314761651,13.262578647975886,0.0,0.004765465065749951,LOW
2005-06-13,0.0020202033040068,14.63191059612703,0.0,0.007047766473381585,LOW
2005-06-14,0.0020197659155605,15.245637240071368,0.0,0.009396971352684781,LOW
2005-06-15,0.0020002853391079,16.087432408790942,0.0,0.01174339648408778,LOW
2005-06-16,0.0020109801723688,16.324645617026263,0.0,0.014093932084239234,LOW
2005-06-17,0.0026636732508844,16.712898080887054,0.0,0.01657509724233861,LOW
2005-06-20,0.0020010369786261,17.210511462963527,0.0,0.018789608323933296,LOW
2005-06-21,0.0056315461909484,17.839854848416813,0.0,0.022083809704052763,LOW
2005-06-22,0.0020393484146416,18.51057126823975,0.0,0.023498093297817824,LOW
2005-06-23,0.0020052155194577,19.04750629194116,0.0,0.02583704110611365,LOW
2005-06-24,0.0028683119182378,20.389527474793653,0.0,0.02848549951821221,LOW
2005-06-27,0.1485910964766892,18.17155155146129,0.0,0.08630372345368328,HIGH
2005-06-28,0.4997909129861223,5.199579327527514,0.0,0.24127457961549184,HIGH
2005-06-29,0.002168436057123,15.486415057488156,0.0,0.03530315523196291,MEDIUM
2005-06-30,0.00200646272817,25.02355316124281,0.0,0.037581727974880706,MEDIUM
2005-07-01,0.0531355336065473,23.43224575072803,0.0,0.06517900874114961,MEDIUM
2005-07-04,0.9999441423181092,0.000801445516527,0.0,0.03231982199943079,MEDIUM
2005-07-05,0.002161323182907,1.3655074436451118,0.0,0.002353337913075495,LOW
2005-07-06,0.013435690442744,4.138634415394612,0.0,0.00535958806409069,LOW
2005-07-07,0.7171858606874131,4.787359085473134,0.0,0.07159039231936415,MEDIUM
2005-07-08,0.002239064320577,16.61661113067285,0.0,0.009422347628857457,LOW
2005-07-11,0.0300421651991143,20.13137420576941,0.0,0.01580865251183842,LOW
2005-07-12,0.1530019363596774,18.174632908113445,0.0,0.04061586679686775,MEDIUM
2005-07-13,0.0023107598403,25.496853537529915,0.0,0.016503627218988414,LOW
2005-07-14,0.0719691017482757,23.92800205579193,0.0,0.03507354189589227,MEDIUM
2005-07-15,0.0042204765599984,27.77637339272844,0.0,0.021716255849230422,LOW
2005-07-18,0.5377584145343371,10.888086880182522,0.0,0.1839347906155186,HIGH
2005-07-19,0.0020398047062936,23.50057816922289,0.0,0.02584804782581703,LOW
2005-07-20,0.0029928764754652,26.798454773026855,0.0,0.028528747395494356,LOW
2005-07-21,0.0022829817866964,34.20685702050381,0.0,0.030639146458754866,LOW
2005-07-22,0.0288738870946853,35.84637203241073,0.0,0.04378897228751636,MEDIUM
2005-07-25,0.002870543622906,38.22225452857228,0.0,0.03560784292696644,MEDIUM
2005-07-26,0.002333706916314,40.64274961334305,0.0,0.037733198185023825,MEDIUM
2005-07-27,0.0023000399255322,42.36220216737698,0.0,0.040074965413815056,MEDIUM
2005-07-29,0.8587966413104944,6.037168925758186,0.0,0.02813448414498377,LOW
2005-08-01,0.0020506117793601,33.92389684257334,0.0,0.002350135162435429,LOW
2005-08-02,0.2817440757102982,31.47374989317016,0.0,0.021227709081887876,LOW
2005-08-03,0.0120822073292229,45.17970950882185,0.0,0.00792171466354138,LOW
2005-08-04,0.9274165867231272,3.199282550282781,0.0,0.03017947970173647,LOW
2005-08-05,0.0020994002267941,28.60021291787814,0.0,0.002351546547700658,LOW
2005-08-08,0.92285659303831,1.322640286560887,0.0,0.030044163560890475,LOW
2005-08-09,0.0100708327553846,5.646276772904256,0.0,0.002582299986256563,LOW
2005-08-10,0.7099549444809136,1.3386127458448072,0.0,0.04728783788414447,MEDIUM
2005-08-11,0.0021148965047398,13.538870904583948,0.0,0.007055984510624052,LOW
2005-08-12,0.0027775932830985,40.63403235448278,0.0,0.009484667747410804,LOW
2005-08-16,0.0023235450692319,49.75138444581439,0.0,0.011790154528145611,LOW
2005-08-17,0.0025199109559472,51.731897960507126,0.0,0.01418227099007354,LOW
2005-08-18,0.759338018298788,12.193865873795918,0.0,0.02514083880677223,LOW
2005-08-19,0.0023091191259801,36.38088706374615,0.0,0.0023576135657732565,LOW
2005-08-22,0.0067794260527457,42.56722713150881,0.0,0.0049739711938420715,LOW
2005-08-23,0.9938285781584388,0.088679513906043,0.0,0.03214023447594361,LOW
2005-08-24,0.0053535672583026,2.399145270730359,0.0,0.002445710598850564,LOW
2005-08-25,0.0602279050951884,4.585744787201293,0.0,0.008082076540147535,LOW
2005-08-26,0.0054609987554011,16.17661563933133,0.0,0.007346460405609758,LOW
2005-08-29,0.0115291600972209,25.986484683777427,0.0,0.010498189276572605,LOW
2005-08-30,0.0021642183021205,30.123743199774506,0.0,0.011767108331211883,LOW
2005-08-31,0.0020171022173783,39.55839646094549,0.0,0.01409499468969,LOW
2005-09-01,0.0020022639011988,46.5067969409454,0.0,0.016441155733207206,LOW
2005-09-02,0.0021189672276797,48.53136301993595,0.0,0.01881690078647892,LOW
2005-09-05,0.0027937994037855,47.3913301084735,0.0,0.02134472231456317,LOW
2005-09-06,0.0020195410667618,50.22605257507688,0.0,0.02349236333651408,LOW
2005-09-08,0.7551750593984222,10.986824518761658,0.0,0.025014884623924018,LOW
2005-09-09,0.0020574298261206,39.25743681841249,0.0,0.002350332398838036,LOW
2005-09-12,0.7019717249967691,1.243572332155833,0.0,0.046802805973852585,MEDIUM
2005-09-13,0.0022852197204693,20.280068201924674,0.0,0.007070766487717377,LOW
2005-09-14,0.0145306442042496,52.32158821190037,0.0,0.010846123603333702,LOW
2005-09-15,0.0173887391701472,48.55085113489312,0.0,0.013971991654251162,LOW
2005-09-16,0.0048958538278401,58.67236857536184,0.0,0.014594777899977037,LOW
2005-09-19,0.0020172124011134,58.89430979044397,0.0,0.016444182783383093,LOW
2005-09-20,0.1088981309482624,59.06997175051849,0.0,0.043740568139060014,MEDIUM
2005-09-21,0.9999765530215295,0.0008349354201387,0.0,0.03232077331494402,MEDIUM
2005-09-22,0.9999952688402528,4.731161067008795e-06,0.0,0.06464264531503175,MEDIUM
2005-09-23,0.9998162967627372,0.0001837034701707,0.0,0.09694820833315984,HIGH
2005-09-26,0.9999999996909422,3.090577883195831e-10,0.0,0.12928584606460136,HIGH
2005-09-27,0.9962706393614584,0.0037293607642411,0.0,0.1610598362329023,HIGH
2005-09-28,0.9717781970517914,0.0282220204490648,0.0,0.18894799607118568,HIGH
2005-09-29,0.9986694853342728,0.0013754189053525,0.0,0.2259768326903923,HIGH
2005-09-30,0.9999441972250735,5.583745797540506e-05,0.0,0.2585585888884651,HIGH
2005-10-03,0.2231159577039647,0.7769882981195061,0.0,0.008855359809787109,LOW
2005-10-04,0.9999931673036024,1.1580398041532624e-05,0.0,0.03232126097375517,MEDIUM
2005-10-05,0.9994848380354528,0.000515242622795,0.0,0.06461268008572234,MEDIUM
2005-10-06,0.9999974406727872,2.560574889590505e-06,0.0,0.09696415921368717,HIGH
2005-10-07,0.999572866002343,0.0004271390232164,0.0,0.12923569600251297,HIGH
2005-10-10,0.8762262101818236,0.1237807947173783,0.0,0.14327819242188883,HIGH
2005-10-11,0.9999996787532892,5.057978858487013e-07,0.0,0.19392871257647623,HIGH
2005-10-13,0.9970936332930096,0.0029063743473348,0.0,0.225652950289343,HIGH
2005-10-14,0.9999996740802128,3.333529075653792e-07,0.0,0.25857161567133247,HIGH
2005-10-17,0.9823185956089612,0.017681478635987,0.0,0.28621606264239485,HIGH
2005-10-18,0.9989569896500928,0.0010463460804273,0.0,0.3229084494398016,HIGH
2005-10-19,0.6893312162236731,0.3117239592866478,0.0,0.023017143853452854,LOW
2005-10-20,0.9999987861102416,2.2108442364402577e-06,0.0,0.03232142589547138,MEDIUM
2005-10-21,0.998610919213521,0.001389088484667,0.0,0.06456137059416155,MEDIUM
2005-10-24,0.9999236773362704,7.637354546615875e-05,0.0,0.09695766393311651,HIGH
2005-10-25,0.9514257278649928,0.048583570206732,0.0,0.1235620531145416,HIGH
2005-10-26,0.4618788533616728,0.5418338137214448,0.0,0.01607693119728745,LOW
2005-10-27,0.9999957585350848,8.081422873855146e-06,0.0,0.03232133703090919,MEDIUM
2005-10-28,0.9864971769587229,0.0135033500017035,0.0,0.06384944673559156,MEDIUM
2005-10-31,0.999999576702236,4.415329354871654e-07,0.0,0.09696434730211712,HIGH
2005-11-02,0.9732919838192138,0.026708479125314,0.0,0.12614379601705186,HIGH
2005-11-07,0.4036866135373976,0.5970399523246881,0.0,0.014304520103885493,LOW
2005-11-08,0.0087106265869305,1.0910773480112217,0.0,0.005085808407067877,LOW
2005-11-09,0.0422137367731811,1.9095239062837,0.0,0.010547337468483844,LOW
2005-11-10,0.5007518791316153,1.4501055317247171,0.0,0.06905295812511845,MEDIUM
2005-11-11,0.9936913214158972,0.0122701150372218,0.0,0.03213620192528013,LOW
2005-11-14,0.0388125753268967,1.22772865324861,0.0,0.003416776250234329,LOW
2005-11-16,0.0205813361897671,2.305220935291981,0.0,0.005774019140569564,LOW
2005-11-17,0.0277856868667931,3.900745217444816,0.0,0.009288508585102797,LOW
2005-11-18,0.0239630329811729,4.270750002147793,0.0,0.011940633160891525,LOW
2005-11-21,0.3238494145930772,3.986638594894175,0.0,0.059418579251841866,MEDIUM
2005-11-22,0.0751267939047201,4.654931681531046,0.0,0.026859531431878744,LOW
2005-11-23,0.8075233333804726,0.8624974804842394,0.0,0.026595133750190604,LOW
2005-11-24,0.0050207954060779,2.001205147594366,0.0,0.0024360790738901443,LOW
2005-11-25,0.3774023471250053,1.403584322139622,0.0,0.027011815165240635,LOW
2005-11-28,0.1631658134722806,1.4754936565652688,0.0,0.021211433794384896,LOW
2005-11-29,0.0036583443798872,3.2503475745812667,0.0,0.009586602565906842,LOW
2005-11-30,0.8547589349535816,0.9163779872022904,0.0,0.028013594882878513,LOW
2005-12-01,0.0279909960509811,1.559292372982855,0.0,0.0031021337124310737,LOW
2005-12-02,0.4368203638936919,2.2265444219298285,0.0,0.03062615523446688,LOW
2005-12-05,0.1489059907305322,2.894646025372296,0.0,0.01994419881205871,LOW
2005-12-06,0.0163613883837692,4.367183889747828,0.0,0.011058427898823105,LOW
2005-12-07,0.0022655977698603,7.57905130648072,0.0,0.01178177253485689,LOW
2005-12-08,0.1181510004158914,7.632926879704055,0.0,0.03443983779286143,MEDIUM
2005-12-09,0.999622733184541,0.002353651425712,0.0,0.03231038777788957,MEDIUM
2005-12-12,0.0024038444642119,1.1078464292962074,0.0,0.002360353970104509,LOW
2005-12-13,0.0088516874086261,6.321307220997735,0.0,0.005093978715182611,LOW
2005-12-14,0.0056261171782969,13.824391237655613,0.0,0.007360798466418575,LOW
2005-12-15,0.0351047143659881,17.3692512290286,0.0,0.013235628058123245,LOW
2005-12-16,0.0054869232145012,18.56753248739737,0.0,0.012247852551581864,LOW
2005-12-19,0.999985980940934,0.0002867085163696,0.0,0.032321050041345535,MEDIUM
2005-12-20,0.0024918596336606,1.123233131378058,0.0,0.002362900287102055,LOW
2005-12-21,0.0405492302951811,11.817178331190636,0.0,0.006934642122411671,LOW
2005-12-22,0.9336481331475366,1.120301581374485,0.0,0.03036425962576732,LOW
2005-12-23,0.9941102668105026,0.0091861414612772,0.0,0.06429702023556548,MEDIUM
2005-12-26,0.7648484308160695,0.2362750106832807,0.0,0.07592246832737237,HIGH
2005-12-27,0.971919510443133,0.0337372120336794,0.0,0.1259819923088392,HIGH
2005-12-28,0.0236822640593362,1.0418230735048786,0.0,0.0029770073530054255,LOW
2005-12-29,0.0021467873708905,1.847687442381024,0.0,0.004705834811690075,LOW
2005-12-30,0.0101710138103868,2.1788284251020618,0.0,0.007755605650851311,LOW
2006-01-02,0.0084966510819869,2.921928415474408,0.0,0.010146830407718561,LOW
2006-01-03,0.9930151317900904,0.0277236397579151,0.0,0.032116334506247866,LOW
2006-01-04,0.9989926056950356,0.0010087398504452,0.0,0.06458378099928448,MEDIUM
2006-01-05,0.0134775904732457,0.988887118031683,0.0,0.0026810083868784953,LOW
2006-01-06,0.3132033802009715,1.325938958104843,0.0,0.023124279267947464,LOW
2006-01-09,0.0365120127229433,1.1836102116370089,0.0,0.010049521990138038,LOW
2006-01-10,0.4139998010605665,1.1838345427262449,0.0,0.058472966911683244,MEDIUM
2006-01-12,0.9999779306434085,4.263326717774813e-05,0.0,0.03232081375065027,MEDIUM
2006-01-13,0.0651451574612479,0.9369235258762896,0.0,0.004184675705710834,LOW
2006-01-16,0.0052446962331262,1.080573917517856,0.0,0.004885118903353714,LOW
2006-01-17,0.3138261203413006,1.3912126245333325,0.0,0.034742823752906896,MEDIUM
2006-01-18,0.1197843782745441,2.1293883660340254,0.0,0.023152392891319137,LOW
2006-01-19,0.9889588360132284,0.0312474206394799,0.0,0.03199711200149044,LOW
2006-01-20,0.0036558353568565,1.42978202673886,0.0,0.0023965780400681115,LOW
2006-01-23,0.5007178317725357,1.2181029571624382,0.0,0.034524399920188666,MEDIUM
2006-01-24,0.0020553706553985,1.988214624735047,0.0,0.007050818489797725,LOW
2006-01-25,0.0481121395393516,3.0415357865726285,0.0,0.014750401393675582,LOW
2006-01-27,0.7538402686337387,0.8050754793484175,0.0,0.02497448952465027,LOW
2006-01-30,0.0056077372362213,3.4924039748558533,0.0,0.0024530674749430183,LOW
2006-01-31,0.0020227242465435,5.40752140761712,0.0,0.004698656836050707,LOW
2006-02-01,0.0255720252967811,8.95526322591987,0.0,0.00909562704156014,LOW
2006-02-02,0.0030984069913143,10.234157062969174,0.0,0.009521795827585609,LOW
2006-02-03,0.0022758566113389,10.963953776203144,0.0,0.01178325645572288,LOW
2006-02-06,0.999579449163302,0.0051758267184757,0.0,0.032309117240204605,LOW
2006-02-07,0.0026533475427903,1.4785518773450623,0.0,0.0023675722971667713,LOW
2006-02-08,0.0492176543205404,6.200104828929221,0.0,0.007439644103033157,LOW
2006-02-10,0.0020306551750084,14.060260101564852,0.0,0.007048673542479438,LOW
2006-02-13,0.0025643932267125,14.983389181081316,0.0,0.009459994971212629,LOW
2006-02-14,0.0393222878685887,15.723781043707431,0.0,0.01715804912509724,LOW
2006-02-15,0.4369211473562584,10.412291730892392,0.0,0.09189688839263052,HIGH
2006-02-16,0.0073369596914955,15.373083638693275,0.0,0.017521891683923877,LOW
2006-02-17,0.9999952383599632,6.49059733286155e-05,0.0,0.03232132176286643,MEDIUM
2006-02-20,0.9258752624942748,0.0741836285119863,0.0,0.06026750209301525,MEDIUM
2006-02-21,0.0038609538558819,0.9973124436900328,0.0,0.002402513472786173,LOW
2006-02-22,0.0034548243507482,1.8816275290605864,0.0,0.0047815233127953514,LOW
2006-02-23,0.5906974320976288,1.098896659874284,0.0,0.06003133640361928,MEDIUM
2006-02-24,0.0118890642195837,1.6744436242599792,0.0,0.010539900709221697,LOW
2006-02-27,0.9705833207988775,0.0951009932085298,0.0,0.03145610864131133,LOW
2006-02-28,0.9884416794918514,0.0121458945024348,0.0,0.06396381299735827,MEDIUM
2006-03-01,0.9999833154071835,1.688269283272748e-05,0.0,0.09696291540951997,HIGH
2006-03-02,0.8344148387863519,0.1655890779102174,0.0,0.10961442668445337,HIGH
2006-03-03,0.2094841164682514,0.8054982450088339,0.0,0.008448265812812397,LOW
2006-03-06,0.9999883864128362,2.294952274039417e-05,0.0,0.03232112064621107,MEDIUM
2006-03-07,0.6612006092599066,0.3394270942022596,0.0,0.022160958351815925,LOW
2006-03-08,0.9999964178359224,4.823083971390817e-06,0.0,0.03232135638253148,MEDIUM
2006-03-09,0.9997669693847088,0.0002330310115196,0.0,0.06462924311026803,MEDIUM
2006-03-10,0.9999984300788004,1.574780332564936e-06,0.0,0.09696424633600656,HIGH
2006-03-13,0.3348538830495059,0.6651524441795126,0.0,0.012216453530632897,LOW
2006-03-14,0.3882221769405775,0.6351303711824147,0.0,0.027668962693093165,LOW
2006-03-16,0.9889267212668202,0.0189647390192357,0.0,0.03199616779414431,LOW
2006-03-17,0.0151050332300012,1.2404502336402257,0.0,0.00272818162454975,LOW
2006-03-20,0.1001469530969005,2.044848801054369,0.0,0.010420574128097354,LOW
2006-03-21,0.1890528557775412,3.315104148753008,0.0,0.02351837850233717,LOW
2006-03-22,0.0372975539702655,3.9984762068578497,0.0,0.013490773856446151,LOW
2006-03-23,0.0109350045631336,4.566784896317139,0.0,0.013036667971883856,LOW
2006-03-24,0.044004316028815,5.571544345690265,0.0,0.021407531444880255,LOW
2006-03-27,0.0025763327150757,6.411987850240257,0.0,0.016557409149847137,LOW
2006-03-28,0.0041456000395132,7.086108810718674,0.0,0.019286003957712024,LOW
2006-03-29,0.0071872496167421,7.439611764921889,0.0,0.022489135328413633,LOW
2006-03-30,0.0020562159727546,7.801514136716943,0.0,0.02350297283769333,LOW
2006-03-31,0.0022253489375999,7.4398934347416255,0.0,0.02590709142085551,LOW
2006-04-03,0.9994191676086012,0.0045270363904791,0.0,0.03230441234185347,LOW
2006-04-04,0.0041758337538713,1.233631809774404,0.0,0.002411625412981155,LOW
2006-04-05,0.0021176776888422,6.941256813792265,0.0,0.004704150586787106,LOW
2006-04-07,0.9999600245832674,0.0003884567297023,0.0,0.032320288174573816,MEDIUM
2006-04-10,0.2602053553967458,0.7440902097393741,0.0,0.009966433875662296,LOW
2006-04-12,0.9999994100846044,1.1757250674524782e-06,0.0,0.03232144421019198,MEDIUM
2006-04-13,0.9999986803440702,1.3196586514673594e-06,0.0,0.06464284558210437,MEDIUM
2006-04-17,0.9999992299029954,7.701009328002335e-07,0.0,0.09696431676465622,HIGH
2006-04-18,0.9999998939839236,1.0601607628392205e-07,0.0,0.12928583365387186,HIGH
2006-04-19,0.9968685277202818,0.003131473758828,0.0,0.16114762738947883,HIGH
2006-04-20,0.976555732713308,0.0234447551152548,0.0,0.18979265054767935,HIGH
2006-04-21,0.99984355727358,0.0001626569398063,0.0,0.22621808725554501,HIGH
2006-04-24,0.9999594156596844,4.058637548635217e-05,0.0,0.25856216241209584,HIGH
2006-04-25,0.9999999984015672,1.5984328987177616e-09,0.0,0.29089315330474474,HIGH
2006-04-26,0.9999970448968348,2.9551031651458483e-06,0.0,0.32321374787854273,HIGH
2006-04-27,0.9997406621250142,0.0002593379023214,0.0,0.35545234299182826,HIGH
2006-04-28,0.9999999962604492,3.741742323227847e-09,0.0,0.3878575369855138,HIGH
2006-05-02,0.999999999869864,1.3013623484529655e-10,0.0,0.42017899977822604,HIGH
2006-05-03,0.992853072730692,0.007146927272991,0.0,0.44956201746953806,HIGH
2006-05-04,0.9927105261385724,0.0072897231997149,0.0,0.4816107613571349,HIGH
2006-05-05,0.746375111426696,0.2555431818123535,0.0,0.39597574040137024,HIGH
2006-05-08,0.5581500088326077,0.468170572196407,0.0,0.019016388258772894,LOW
2006-05-09,0.9990601233730388,0.0017053621035764,0.0,0.032293872553942234,LOW
2006-05-10,0.156818147906909,0.8522036628638059,0.0,0.0068823390362693256,LOW
2006-05-11,0.999686591888933,0.0006257416768604,0.0,0.032312262239282866,MEDIUM
2006-05-12,0.9461256948028476,0.0539285420241337,0.0,0.06146752185566673,MEDIUM
2006-05-15,0.9999999988085188,1.6900819873195895e-09,0.0,0.0969643844707491,HIGH
2006-05-16,0.9999999992267296,7.732703365102838e-10,0.0,0.12928584601009963,HIGH
2006-05-17,0.9999999845089418,1.549105817900584e-08,0.0,0.1616073053526629,HIGH
2006-05-18,1.0,0.0,0.0,0.1939287691513303,HIGH
2006-05-19,1.0,0.0,0.0,0.226250230676552,HIGH
2006-05-22,1.0,0.0,0.0,0.25857169220177373,HIGH
2006-05-23,1.0,0.0,0.0,0.2908931537269955,HIGH
2006-05-24,1.0,0.0,0.0,0.3232146152522172,HIGH
2006-05-25,1.0,0.0,0.0,0.3555360767774389,HIGH
2006-05-26,1.0,0.0,0.0,0.3878575383026606,HIGH
2006-05-29,0.9999999999921352,7.864819906444609e-12,0.0,0.4201789998248814,HIGH
2006-05-30,0.9999999999854514,1.454869558153806e-11,0.0,0.4525004613471257,HIGH
2006-05-31,1.0,0.0,0.0,0.48482192287832576,HIGH
2006-06-01,1.0,0.0,0.0,0.5171433844035475,HIGH
2006-06-02,1.0,0.0,0.0,0.5494648459287692,HIGH
2006-06-05,1.0,0.0,0.0,0.581786307453991,HIGH
2006-06-06,0.9999999994171376,5.828625360138061e-10,0.0,0.6141077686541604,HIGH
2006-06-07,0.9999999999592242,4.077582715897103e-11,0.0,0.6464292304804975,HIGH
2006-06-08,0.9999999840272176,1.5972782540871472e-08,0.0,0.646429221127863,HIGH
2006-06-09,1.0,0.0,0.0,0.6464292305044343,HIGH
2006-06-12,0.999999999730958,2.690421219142536e-10,0.0,0.6464292303464975,HIGH
2006-06-13,0.9999964226862232,3.5773137768141618e-06,0.0,0.6464271304979241,HIGH
2006-06-14,0.9999998388390012,1.6116099875440406e-07,0.0,0.6464291358973969,HIGH
2006-06-15,0.9999997801192534,2.198807466298144e-07,0.0,0.646429101426889,HIGH
2006-06-16,0.9999820506166106,1.794938338938544e-05,0.0,0.6464186935860371,HIGH
2006-06-19,0.9982729918344756,0.0017270158628339,0.0,0.6454152837942635,HIGH
2006-06-20,0.1664834669025124,0.8337785059786287,0.0,0.007168876677924979,LOW
2006-06-21,0.9979803765714998,0.0037928737959192,0.0,0.032262172973994974,LOW
2006-06-22,0.3693240012014486,0.6362408604229868,0.0,0.013260754239621145,LOW
2006-06-23,0.9885972095501334,0.0166837220498399,0.0,0.03198647953835687,LOW
2006-06-26,0.9999883431275658,1.2148993212161964e-05,0.0,0.06464223875142373,MEDIUM
2006-06-27,0.8253524627897584,0.1746549730955938,0.0,0.08139426631597303,HIGH
2006-06-28,0.6450089895504727,0.3614698650640191,0.0,0.021667582327071378,LOW
2006-06-29,0.3160289224944833,0.932933459975477,0.0,0.023294913529244718,LOW
2006-06-30,0.9999932310228222,1.2411316757461778e-05,0.0,0.03232126284402553,MEDIUM
2006-07-03,0.0430845313789052,0.9582403089872784,0.0,0.0035411353647614506,LOW
2006-07-04,0.9733369295971412,0.0323076912735668,0.0,0.03153727355261809,LOW
2006-07-05,0.9999888588120868,1.117751349274504e-05,0.0,0.0646422690239273,MEDIUM
2006-07-06,0.5471330813185142,0.4530271456911036,0.0,0.018679850882132892,LOW
2006-07-07,0.9999853064364356,2.557163170207857e-05,0.0,0.03232103024343787,MEDIUM
2006-07-10,0.9999418956098298,5.811909808858784e-05,0.0,0.06463951210822845,MEDIUM
2006-07-11,0.6753945436336509,0.3246148769802088,0.0,0.02259313500603288,LOW
2006-07-12,0.9999984964984396,2.89976769200864e-06,0.0,0.032321417394866346,MEDIUM
2006-07-13,0.2445474681066706,0.7554685783365817,0.0,0.009496775390364438,LOW
2006-07-14,0.974320447303947,0.0390661366864794,0.0,0.03156625552620381,LOW
2006-07-17,0.999999924752653,9.922395873383337e-08,0.0,0.06464291863316594,MEDIUM
2006-07-18,0.9545822303139884,0.0454178897710991,0.0,0.09295143686253521,HIGH
2006-07-19,0.9999982766453068,1.7593190348770135e-06,0.0,0.12928564376719245,HIGH
2006-07-20,0.9999999936997122,6.300287806912229e-09,0.0,0.16160730670148732,HIGH
2006-07-21,0.999938353226341,6.164677509123456e-05,0.0,0.19391791246878207,HIGH
2006-07-24,1.0,0.0,0.0,0.226250230676552,HIGH
2006-07-25,0.9999988369413576,1.1630586425059877e-06,0.0,0.2585714190996169,HIGH
2006-07-26,0.9899838978837135,0.0100161022514791,0.0,0.28824522743674114,HIGH
2006-07-27,0.9505045100818438,0.0495239055885928,0.0,0.3086327616732456,HIGH
2006-07-28,0.9990641025893672,0.0009661073428275,0.0,0.3552338830424394,HIGH
2006-07-31,0.9897699826377364,0.0102407118965154,0.0,0.38425150856622775,HIGH
2006-08-01,0.9398117217291624,0.0604324619277236,0.0,0.39710924931145736,HIGH
2006-08-02,0.9978455183174132,0.0022746285385472,0.0,0.4516149874890632,HIGH
2006-08-03,0.9982217438771894,0.0017826775193388,0.0,0.4840388935775917,HIGH
2006-08-04,0.9770820433470508,0.0229266379384689,0.0,0.5063617708369308,HIGH
2006-08-07,0.0374112779831215,0.9821938640228132,0.0,0.003376002136995137,LOW
2006-08-08,0.9999997432464444,5.220493556667758e-07,0.0,0.03232145398906421,MEDIUM
2006-08-09,0.9981714533783358,0.001828708356998,0.0,0.06453556610620285,MEDIUM
2006-08-10,0.9904057733369322,0.0095947554366366,0.0,0.09611894618640482,HIGH
2006-08-11,0.9838109332831712,0.0162735297294423,0.0,0.1273827994962047,HIGH
2006-08-14,0.9638478602970484,0.0370004361748865,0.0,0.15628718117705578,HIGH
2006-08-16,0.9285189693495478,0.0734383789336391,0.0,0.1812730778281702,HIGH
2006-08-17,0.999354855086206,0.0006569190610293,0.0,0.22611767137593228,HIGH
2006-08-18,0.989343768811439,0.010665218501178,0.0,0.25606743259595216,HIGH
2006-08-21,0.9879602040167068,0.012129500708491,0.0,0.287709741249424,HIGH
2006-08-22,0.6674817345429855,0.334522996074319,0.0,0.022352246088975496,LOW
2006-08-23,0.999952133963712,7.699388738512465e-05,0.0,0.03232005656979842,MEDIUM
2006-08-24,0.3003202991463031,0.699854842724016,0.0,0.01117343458291413,LOW
2006-08-25,0.0160791337229446,1.2816962918806392,0.0,0.005512845910619678,LOW
2006-08-28,0.0020765442441818,1.8327539751756816,0.0,0.007052656058859952,LOW
2006-08-29,0.0025549223489208,2.1836775391468213,0.0,0.009458898964870835,LOW
2006-08-30,0.4651724627423958,1.6228835634793612,0.0,0.08088693857134525,HIGH
2006-08-31,0.0283603395163859,1.7147745623799704,0.0,0.01867718129839683,LOW
2006-09-01,0.0094470881713068,2.2325382644148792,0.0,0.017949633324664673,LOW
2006-09-04,0.0188649847092031,3.013134935134645,0.0,0.02269772402960662,LOW
2006-09-05,0.0191018216766332,3.826689269827879,0.0,0.025596771276337256,LOW
2006-09-06,0.0108514759788806,4.556742897247516,0.0,0.02604913758186146,LOW
2006-09-07,0.0103394792977906,5.149180865402796,0.0,0.02849090035271829,LOW
2006-09-08,0.003752357218149,5.742761894676426,0.0,0.028792452362945507,LOW
2006-09-11,0.9999999984496404,1.1735054129141314e-08,0.0,0.032321461479716006,MEDIUM
2006-09-12,0.99928185274131,0.0007181473038204,0.0,0.06460076303032682,MEDIUM
2006-09-13,0.994888420642836,0.0051116220131968,0.0,0.09651410824047822,HIGH
2006-09-14,0.4655450963859532,0.5354894702188974,0.0,0.01618875396490101,LOW
2006-09-15,0.9985719861472988,0.0025993465644792,0.0,0.03227954229906701,LOW
2006-09-18,0.1975510650418412,0.8072201794050127,0.0,0.008092488671601623,LOW
2006-09-19,0.9967464998833888,0.006323457247941,0.0,0.03222594200725243,LOW
2006-09-20,0.99971533381247,0.0002851087779762,0.0,0.0646262118051611,MEDIUM
2006-09-21,0.9995747924742266,0.0004255623042939,0.0,0.09692694164869058,HIGH
2006-09-22,0.8135450692314627,0.1865153465923127,0.0,0.10710551853906641,HIGH
2006-09-25,0.8413537687566228,0.1600376753614259,0.0,0.13805911981652189,HIGH
2006-09-26,0.5180913358760855,0.5472768791024801,0.0,0.017792749538206504,LOW
2006-09-27,0.3048083812254821,1.2348595345999998,0.0,0.022617582927776988,LOW
2006-09-28,0.0463619358555019,1.969272767572972,0.0,0.01090979966399957,LOW
2006-09-29,0.0468120337663221,2.779404377579397,0.0,0.014598857059509251,LOW
2006-10-03,0.9689903226543702,0.1268855776640497,0.0,0.03140913859731894,LOW
2006-10-04,0.999989379828328,1.0994326951042097e-05,0.0,0.06464229960941928,MEDIUM
2006-10-05,0.9759449641386536,0.0240564951702219,0.0,0.09484235092966035,HIGH
2006-10-06,0.0389658513134241,0.9618058923778688,0.0,0.0034212367371245153,LOW
2006-10-09,0.9216297189265852,0.1558430348148836,0.0,0.030007741939464174,LOW
2006-10-10,0.8241690895630408,0.1866085557351091,0.0,0.054191719016391006,MEDIUM
2006-10-11,0.9490407427978428,0.0603262948520581,0.0,0.09245997113188731,HIGH
2006-10-12,0.1456996717268388,0.872783485137049,0.0,0.00655320489629325,LOW
2006-10-13,0.7989389913981751,0.3936784240232928,0.0,0.02633655752135789,LOW
2006-10-16,0.3790005228074826,0.6524497029301373,0.0,0.01355442465109724,LOW
2006-10-17,0.8727263771834077,0.2062818638771638,0.0,0.028551082271048103,LOW
2006-10-18,0.0029433683669546,1.3802185221712509,0.0,0.002375963203970697,LOW
2006-10-19,0.7351964107975251,0.5468701295563934,0.0,0.048819573453290944,MEDIUM
2006-10-20,0.0842477344087421,1.7785436949500355,0.0,0.014231180176951094,LOW
2006-10-23,0.9998003142812184,0.0007202836776113,0.0,0.032315600317398226,MEDIUM
2006-10-26,0.0022651432954072,1.021634507464544,0.0,0.0023563413592190257,LOW
2006-10-27,0.9987356375985524,0.0025317286307446,0.0,0.032284346737108054,LOW
2006-10-30,0.1817103729462355,0.8196714909634017,0.0,0.007621072932971357,LOW
2006-10-31,0.0716341556864983,0.9779665487771244,0.0,0.008748789386142623,LOW
2006-11-01,0.0074658530088033,1.893454717487265,0.0,0.007520577982711246,LOW
2006-11-02,0.0083228828685177,2.808613262919501,0.0,0.010126702150478355,LOW
2006-11-03,0.5170525287475987,1.824257939766846,0.0,0.08880511279282989,HIGH
2006-11-06,0.002325203146737,2.705666122513297,0.0,0.014148473241394973,LOW
2006-11-07,0.0966906507898785,3.282375545645558,0.0,0.03576136165539186,MEDIUM
2006-11-08,0.4849685673378575,2.528385636049078,0.0,0.13425130432121232,HIGH
2006-11-09,0.0054464431569807,4.296105517221137,0.0,0.02203558946536029,LOW
2006-11-10,0.059945600166362,5.295395265655737,0.0,0.040327952533353355,MEDIUM
2006-11-13,0.0623386591457604,5.457743286198258,0.0,0.045129499123993694,MEDIUM
2006-11-14,0.0030607106947108,6.356546915620902,0.0,0.028552299294860327,LOW
2006-11-15,0.1096574828474708,6.463748981884244,0.0,0.07136885488614386,MEDIUM
2006-11-16,0.0059952943455416,7.211384084292354,0.0,0.03450000102977053,MEDIUM
2006-11-17,0.9999999996919776,2.7203990464105063e-09,0.0,0.03232146151618073,MEDIUM
2006-11-20,0.9977103903915469,0.0022896098973342,0.0,0.06450849162134285,MEDIUM
2006-11-21,0.9999835961943226,1.6550493368168526e-05,0.0,0.09696294013433528,HIGH
2006-11-22,0.0045178297958039,0.9956982153805036,0.0,0.0024215225641699843,LOW
2006-11-23,0.9200482867338816,0.1588717887091252,0.0,0.029960785634873567,LOW
2006-11-24,0.0168863627643791,0.9897668257758204,0.0,0.0027798296851408427,LOW
2006-11-27,0.0021613050229116,1.9374766968856283,0.0,0.004706674775446924,LOW
2006-11-28,0.2689641567124972,2.1046906979025217,0.0,0.03068856920012194,LOW
2006-11-29,0.1427974411804124,2.572530601067688,0.0,0.025869511358771094,LOW
2006-11-30,0.0096388502517484,2.823602888725849,0.0,0.012848937464955999,LOW
2006-12-01,0.8727645019289602,0.4362035572843577,0.0,0.028552221482008318,LOW
2006-12-04,0.0097735892037426,1.7603587855838194,0.0,0.0025736901500746714,LOW
2006-12-05,0.9999999999977748,4.450548129623655e-12,0.0,0.03232146152515641,MEDIUM
2006-12-06,0.9822443457710456,0.0177556542457305,0.0,0.0635991990512362,MEDIUM
2006-12-07,0.0621984426097824,0.937803242093722,0.0,0.004098586153828124,LOW
2006-12-08,0.9999970613150329,5.868285733654362e-06,0.0,0.03232137526975677,MEDIUM
2006-12-11,0.9999998392149004,1.6078509972448028e-07,0.0,0.06464291361180628,MEDIUM
2006-12-12,0.9999999993928804,6.071195766981295e-10,0.0,0.09696438452220514,HIGH
2006-12-13,0.9999999992511664,7.488335504806977e-10,0.0,0.12928584601296866,HIGH
2006-12-14,0.9999999932538928,6.746107339168319e-09,0.0,0.1616073066360595,HIGH
2006-12-15,0.9999515204382728,4.847956172722927e-05,0.0,0.19392023136985,HIGH
2006-12-18,0.9999999999927964,7.203659090712979e-12,0.0,0.22625023067507194,HIGH
2006-12-19,0.999999999903108,9.689193891657459e-11,0.0,0.25857169217902215,HIGH
2006-12-20,0.9999999992469056,7.530944756550468e-10,0.0,0.29089315352805395,HIGH
2006-12-21,0.9999999943220728,5.6779273491904926e-09,0.0,0.3232146135856481,HIGH
2006-12-22,0.9999872739324216,1.2726067578303748e-05,0.0,0.3555319679223572,HIGH
2006-12-26,0.9999999998888942,1.1110576768328992e-10,0.0,0.3878575382635268,HIGH
2006-12-27,0.9999819784074804,1.802159251971771e-05,0.0,0.4201721232778442,HIGH
2006-12-28,0.9999735169007976,2.648311845582701e-05,0.0,0.4524895787895242,HIGH
2006-12-29,0.999951032313568,4.896911197155463e-05,0.0,0.4848003635135623,HIGH
2007-01-02,0.999936430273444,6.357291964036066e-05,0.0,0.5171135301699826,HIGH
2007-01-03,0.9998584461469384,0.0001415601467884,0.0,0.5493942127415867,HIGH
2007-01-04,0.9999828118695128,1.7190043959952896e-05,0.0,0.5817772264219299,HIGH
2007-01-05,0.9999999921203622,7.879637786240549e-09,0.0,0.6141077645848757,HIGH
2007-01-08,0.9999962399112045,3.760088795591011e-06,0.0,0.6464270232026563,HIGH
2007-01-09,0.9995119682705972,0.0004880320287359,0.0,0.6461427284561904,HIGH
2007-01-10,0.999999672291688,3.27958700525591e-07,0.0,0.6464290381284057,HIGH
2007-01-11,0.9999997217651178,2.782348822730647e-07,0.0,0.6464290671710079,HIGH
2007-01-12,0.9999999933794266,6.620573416372397e-09,0.0,0.6464292266179306,HIGH
2007-01-15,0.2516199365703705,0.7483801255995418,0.0,0.009708807891012118,LOW
2007-01-16,0.3823116545515186,0.6192713917173633,0.0,0.027309922015848743,LOW
2007-01-17,0.1174213706756723,1.4937461616906276,0.0,0.017155437581410866,LOW
2007-01-18,0.8676759013251858,0.3304286941227518,0.0,0.028400120207876717,LOW
2007-01-19,0.8773313703487594,0.1311453552660828,0.0,0.05737729025884131,MEDIUM
2007-01-22,0.0387636810643073,1.0905670313550553,0.0,0.003415353400499435,LOW
2007-01-23,0.9981314242817196,0.0037958334790268,0.0,0.032266607798937495,LOW
2007-01-24,0.0025326411532093,1.042458797498189,0.0,0.002364080126504142,LOW
2007-01-25,0.0137606822362846,2.619565060829955,0.0,0.005378426446677345,LOW
2007-01-29,0.088064924563713,3.5713452011535787,0.0,0.01456691400082643,LOW
2007-01-31,0.0216526530015885,4.710951085147527,0.0,0.011672388621849276,LOW
2007-02-01,0.4126040609724408,3.30128046740294,0.0,0.07287886394893638,HIGH
2007-02-02,0.0047949995958768,5.8546700007633135,0.0,0.014577264530291923,LOW
2007-02-05,0.0035277699031494,7.468394822245757,0.0,0.01675010652853467,LOW
2007-02-06,0.0046620321089061,8.479688971180032,0.0,0.01940556683004862,LOW
2007-02-07,0.1274314155892741,8.382215789509742,0.0,0.05412206408193441,MEDIUM
2007-02-08,0.8417036637921497,1.4368199575230411,0.0,0.0276223188686223,LOW
2007-02-09,0.0727850316719553,2.730897410828868,0.0,0.004408062950694613,LOW
2007-02-12,0.9999430846449276,0.0001254036350426,0.0,0.032319790954640916,MEDIUM
2007-02-13,0.9863413291752922,0.0136609729414097,0.0,0.06384027906974149,MEDIUM
2007-02-14,0.957754759765223,0.0425454244650165,0.0,0.0932326261350256,HIGH
2007-02-15,0.999807108639026,0.0001944506660086,0.0,0.12926319899774266,HIGH
2007-02-19,0.0047423182826093,0.9978393627797132,0.0,0.0024280194195938493,LOW
2007-02-20,0.99319733393664,0.0136271274994119,0.0,0.03212168806669679,LOW
2007-02-21,0.200370588186761,0.8014026669716139,0.0,0.008176501157764424,LOW
2007-02-22,0.070263835627813,1.387907221508904,0.0,0.00866862918872848,LOW
2007-02-23,0.9999998483726364,4.403366237489932e-07,0.0,0.032321457074698405,MEDIUM
2007-02-26,0.9999847545073558,1.5245492644180786e-05,0.0,0.06464202808667081,MEDIUM
2007-02-27,0.9998858984706775,0.0001141019471821,0.0,0.09695433726117385,HIGH
2007-02-28,0.999999999985988,1.401189487126252e-11,0.0,0.12928584609924176,HIGH
2007-03-01,0.9999672742919512,3.272570804874342e-05,0.0,0.16160250483571642,HIGH
2007-03-02,0.9999779429180388,2.205708819170297e-05,0.0,0.19392488466559762,HIGH
2007-03-05,0.9999941849204332,5.815316223270297e-06,0.0,0.22624903589808723,HIGH
2007-03-06,0.9999939376263494,6.06241177957439e-06,0.0,0.25857026867257343,HIGH
2007-03-07,0.999998676152098,1.3238498665617164e-06,0.0,0.2908928040120953,HIGH
2007-03-08,0.999996798151626,3.201857667427108e-06,0.0,0.3232136754545566,HIGH
2007-03-09,0.9994841840872994,0.0005158166128341,0.0,0.3553695293153482,HIGH
2007-03-12,0.9816189940797696,0.018386694822562,0.0,0.3813743295140152,HIGH
2007-03-13,0.9463882811242744,0.0538511545589118,0.0,0.39963988893562236,HIGH
2007-03-14,0.999999999994488,5.5120314043245094e-12,0.0,0.452500461350839,HIGH
2007-03-15,0.9997632940923648,0.0002367059076351,0.0,0.48471770512692497,HIGH
2007-03-16,0.994047315985362,0.0059526854847049,0.0,0.5143465717776643,HIGH
2007-03-19,0.8530436342302,0.1475083532867984,0.0,0.4753577534099689,HIGH
2007-03-20,0.995627397959096,0.0045762534932664,0.0,0.579475356212844,HIGH
2007-03-21,0.4907103135553639,0.5214062085877557,0.0,0.01695667328450104,LOW
2007-03-22,0.9997672051624552,0.0004607362214032,0.0,0.03231462847586158,MEDIUM
2007-03-23,0.1154349965260384,0.887492091851695,0.0,0.005659975496230903,LOW
2007-03-26,0.9999608786566322,7.819469104337698e-05,0.0,0.03232031324324382,MEDIUM
2007-03-28,0.8775958695429472,0.1224210255538171,0.0,0.05739308791997855,MEDIUM
2007-03-29,0.5529008048503281,0.4490034977708601,0.0,0.018856040469769828,LOW
2007-03-30,0.0062822835933133,1.2309282397610954,0.0,0.004945186993569176,LOW
2007-04-02,0.9999998540256936,3.735555662078355e-07,0.0,0.03232145724062534,MEDIUM
2007-04-03,0.1164172077688996,0.8837203660612473,0.0,0.005688901914433044,LOW
2007-04-04,0.0587438389716878,0.9448091581637822,0.0,0.007995418293726702,LOW
2007-04-05,0.6641896050221217,0.6588968865095833,0.0,0.06675598218432627,MEDIUM
2007-04-09,0.999997809613145,3.3888155707955283e-06,0.0,0.0323213972335988,MEDIUM
2007-04-10,0.9724471307787548,0.0275529871903654,0.0,0.06302209922471701,MEDIUM
2007-04-11,0.0046548451160173,0.9959338443802828,0.0,0.002425487856144374,LOW
2007-04-12,0.0120202610437829,1.937893546872592,0.0,0.0052775532479503355,LOW
2007-04-13,0.6311886076757551,1.0919512381330114,0.0,0.0637385541238826,MEDIUM
2007-04-16,0.9995840486346792,0.001457812434593,0.0,0.032309252251204214,LOW
2007-04-17,0.0693940614116718,0.9550425723904888,0.0,0.004308879263372092,LOW
2007-04-18,0.0028950465491377,1.182319303496767,0.0,0.0047491302511786775,LOW
2007-04-19,0.6261891897678602,0.7723354420989047,0.0,0.06328107585531097,MEDIUM
2007-04-20,0.9471982115836054,0.1334297156011037,0.0,0.0307654910235558,LOW
2007-04-23,0.0063251527588065,2.255176834954184,0.0,0.002473834498312996,LOW
2007-04-24,0.5591735346033146,1.808894640573853,0.0,0.03809530707288716,MEDIUM
2007-04-25,0.0040076524646818,3.752659066263488,0.0,0.007220275661300322,LOW
2007-04-26,0.0239827053221295,4.308367064457995,0.0,0.011942917628781599,LOW
2007-04-27,0.999908485773455,0.0005270175164125,0.0,0.03231877540689097,MEDIUM
2007-04-30,0.0579327435843318,0.9614818164662668,0.0,0.003974032505373733,LOW
2007-05-03,0.0678279861132039,1.833599084449873,0.0,0.008526180585117544,LOW
2007-05-04,0.0600075225097655,2.378501348079675,0.0,0.012103809874268692,LOW
2007-05-07,0.9991854492810484,0.003167498502184,0.0,0.032297551577081265,LOW
2007-05-08,0.0020255402224022,1.02852128857695,0.0,0.0023494098798083523,LOW
2007-05-09,0.0022818108852068,2.812155419856968,0.0,0.00471364709225794,LOW
2007-05-10,0.0063868760657623,4.865804797118543,0.0,0.0074268639470258975,LOW
2007-05-11,0.0118772443434836,5.681868699232088,0.0,0.010538530794724561,LOW
2007-05-14,0.9982122431420862,0.0115103556062947,0.0,0.03226898063307166,LOW
2007-05-15,0.002013529010575,1.7211062179205407,0.0,0.002349062414471946,LOW
2007-05-16,0.0035976560826872,7.076863586805364,0.0,0.004789789131046881,LOW
2007-05-17,0.0020029250702939,8.177386849731473,0.0,0.007046266979512247,LOW
2007-05-18,0.0020528260099496,8.101726876591549,0.0,0.009400796867821585,LOW
2007-05-21,0.999780360130802,0.0021658800481109,0.0,0.032315014610093167,MEDIUM
2007-05-22,0.0056379426851004,1.1321495261015464,0.0,0.002453941783084236,LOW
2007-05-23,0.0137370286088463,5.533116422444873,0.0,0.005377055313728717,LOW
2007-05-24,0.002142507845371,8.990260643278145,0.0,0.007058380810282631,LOW
2007-05-25,0.9999915070166094,0.000104310434974,0.0,0.03232121224142639,MEDIUM
2007-05-28,0.9829322104330966,0.017069149768233,0.0,0.06363968563823799,MEDIUM
2007-05-29,0.0020724906137051,0.9984684520945382,0.0,0.0023507680867935732,LOW
2007-05-30,0.0027768132038999,1.9409563860992296,0.0,0.0047422887352272305,LOW
2007-05-31,0.0021729582530157,2.121136262710891,0.0,0.007061023515947082,LOW
2007-06-01,0.0198175193348808,2.9236673753249365,0.0,0.01145939333314449,LOW
2007-06-04,0.0290597333640513,3.750459466268152,0.0,0.015665917307210748,LOW
2007-06-05,0.0031641725514526,4.791130850056533,0.0,0.01429411076813602,LOW
2007-06-06,0.9978545034716936,0.0106086007356861,0.0,0.03225847720830266,LOW
2007-06-07,0.8574271881956836,0.142968318492047,0.0,0.05618697847299621,MEDIUM
2007-06-08,0.9991980173511538,0.0009948761079391,0.0,0.09689376155109247,HIGH
2007-06-11,0.8866258614485948,0.1135555470977218,0.0,0.11586419883995028,HIGH
2007-06-12,0.9686770061329958,0.0342774973738618,0.0,0.15699949531207358,HIGH
2007-06-13,0.082613421535099,0.950194497279497,0.0,0.004695832529510529,LOW
2007-06-14,0.7409024314561864,0.4896557218925361,0.0,0.02458270908595926,LOW
2007-06-15,0.7841209076156251,0.597480263950274,0.0,0.05177934887287729,MEDIUM
2007-06-18,0.9917486535334088,0.015169882489899,0.0,0.09623735424384307,HIGH
2007-06-19,0.8749330452778927,0.1271698787980093,0.0,0.11446804415735079,HIGH
2007-06-20,0.002492806790855,1.0370624399785413,0.0,0.0023629276889685752,LOW
2007-06-21,0.0072860190021899,1.9285666558696288,0.0,0.005003304962530102,LOW
2007-06-22,0.0301079781322355,2.145703068937431,0.0,0.009490929073464148,LOW
2007-06-25,0.0095830101240706,2.6849346353538506,0.0,0.010272680528725793,LOW
2007-06-26,0.2083094269239577,2.7044758672907308,0.0,0.04206609322258185,MEDIUM
2007-06-27,0.8966844328066966,0.2517748921154393,0.0,0.029265883467128974,LOW
2007-06-28,0.9822117278373048,0.0187729244686592,0.0,0.06359727910940138,MEDIUM
2007-06-29,0.987988695323646,0.0122465448191005,0.0,0.09590576047368093,HIGH
2007-07-02,0.0630093437326894,0.9645198419196284,0.0,0.004122273011648299,LOW
2007-07-03,0.0963168294935898,1.575595845280216,0.0,0.010195577977826806,LOW
2007-07-04,0.9866820344691865,0.0362440531383531,0.0,0.03193016030237535,LOW
2007-07-05,0.9942516926843924,0.0057947058821335,0.0,0.06430532978071264,MEDIUM
2007-07-06,0.4712361230653245,0.5313195345584664,0.0,0.016362362949624547,LOW
2007-07-09,0.0036108772022478,1.1523515331448797,0.0,0.004790554260456022,LOW
2007-07-10,0.8290354765572104,0.3594126813579071,0.0,0.02724207346849532,LOW
2007-07-11,0.0338988128660284,1.309643051166047,0.0,0.0032738386678797904,LOW
2007-07-12,0.0752093425961272,1.9035862351480175,0.0,0.008958009203096888,LOW
2007-07-13,0.706498662465059,0.8479326991199696,0.0,0.07061681878344059,MEDIUM
2007-07-16,0.0021118393330906,1.795766507011895,0.0,0.00940762558555773,LOW
2007-07-17,0.0027362369915733,2.90670335812898,0.0,0.011849852106142223,LOW
2007-07-18,0.0077165009692312,3.7450600383326327,0.0,0.01508470048924593,LOW
2007-07-19,0.0073294464145973,4.488664167547331,0.0,0.01752036893830481,LOW
2007-07-20,0.0086786449545808,4.904573461432072,0.0,0.02033582416851005,LOW
2007-07-23,0.0077043325706987,4.965405081326223,0.0,0.022623879688432404,LOW
2007-07-24,0.0026508333562768,4.956358162563147,0.0,0.023674995582433144,LOW
2007-07-25,0.0038726657036354,5.442869560927377,0.0,0.026431376178463785,LOW
2007-07-26,0.0274566372546392,5.891496793092314,0.0,0.03703933349028488,MEDIUM
2007-07-27,0.995239956540174,0.0312835718443506,0.0,0.03218169535815233,LOW
2007-07-30,0.7710076463808149,0.2315331333300756,0.0,0.0509873252042786,MEDIUM
2007-07-31,0.6542883976378319,0.3735463856958447,0.0,0.021950381696173776,LOW
2007-08-01,0.9999990759697156,1.6653177561061438e-06,0.0,0.03232143440334563,MEDIUM
2007-08-02,0.435064011940571,0.5650294719121165,0.0,0.015259571375140597,LOW
2007-08-03,0.0355238852157752,0.9729650024849402,0.0,0.006642196685277296,LOW
2007-08-06,0.9999912071423724,1.7875821794099067e-05,0.0,0.03232120343959143,MEDIUM
2007-08-07,0.9859119494818092,0.014088483583731,0.0,0.06381501991686728,MEDIUM
2007-08-08,0.9872875584026612,0.0128594607027151,0.0,0.0958439058071138,HIGH
2007-08-09,0.9999970583205454,3.146833106233025e-06,0.0,0.12928550072745357,HIGH
2007-08-10,1.0,0.0,0.0,0.1616073076261086,HIGH
2007-08-13,0.9989073631672032,0.0010926368327969,0.0,0.19373632850448835,HIGH
2007-08-14,0.9892079753259202,0.0107920329142806,0.0,0.2240310576276186,HIGH
2007-08-16,1.0,0.0,0.0,0.25857169220177373,HIGH
2007-08-17,0.999999456817085,5.431829149804557e-07,0.0,0.2908930102368353,HIGH
2007-08-20,0.9999999999963808,3.6192156401839033e-12,0.0,0.3232146152511549,HIGH
2007-08-21,0.9999999999660332,3.396671832687737e-11,0.0,0.3555360767664721,HIGH
2007-08-22,0.9999780304403798,2.1969559620228303e-05,0.0,0.3878498001584693,HIGH
2007-08-23,0.9999999966994462,3.3005537922460533e-09,0.0,0.4201789985684824,HIGH
2007-08-24,0.9886491196442392,0.0113508819243187,0.0,0.4478320815277582,HIGH
2007-08-27,0.9999999615172512,3.9278913870303006e-08,0.0,0.4848219059353053,HIGH
2007-08-28,0.965938573943182,0.0340615634523567,0.0,0.5011060162547164,HIGH
2007-08-29,0.9999999999972282,5.543618744720222e-12,0.0,0.5494648459273861,HIGH
2007-08-30,0.9999999998758092,1.2419065775639895e-10,0.0,0.5817863073883771,HIGH
2007-08-31,0.9999793181839206,2.0681816079341203e-05,0.0,0.6140962350720787,HIGH
2007-09-03,0.9999997125237172,2.874762827587722e-07,0.0,0.6464290617459884,HIGH
2007-09-04,0.9994067832266218,0.0005932175384248,0.0,0.6460809761281654,HIGH
2007-09-05,0.9999439284546336,5.607659686601485e-05,0.0,0.646396314442344,HIGH
2007-09-06,0.9999999591011762,4.089988165186962e-08,0.0,0.6464292064954213,HIGH
2007-09-07,0.995140065678676,0.0048599389237836,0.0,0.6435752248042895,HIGH
2007-09-10,0.9999999999314878,1.1162958641994971e-10,0.0,0.6464292304642154,HIGH
2007-09-11,0.9999868217677914,1.3178232208635856e-05,0.0,0.6464214944221528,HIGH
2007-09-12,0.9997888937660364,0.0002111062756814,0.0,0.646305301903354,HIGH
2007-09-13,0.8419013635740323,0.1581069389578013,0.0,0.5525649714637666,HIGH
2007-09-14,0.9999940294851702,1.077761512051638e-05,0.0,0.6464257256057628,HIGH
2007-09-17,0.999968465227683,3.153496425642309e-05,0.0,0.6464107184664364,HIGH
2007-09-18,0.9729685750042496,0.0270319499614254,0.0,0.6305283582577126,HIGH
2007-09-19,1.0,0.0,0.0,0.6464292305044343,HIGH
2007-09-20,0.7752509700804887,0.2247490299195112,0.0,0.5124372484083326,HIGH
2007-09-21,0.9342074064759088,0.0658409961792901,0.0,0.6076167099757653,HIGH
2007-09-24,0.9804795162396414,0.0196461062366443,0.0,0.6349530498749235,HIGH
2007-09-25,0.9993437444996144,0.0006659480983578,0.0,0.6460439667018456,HIGH
2007-09-26,0.6934111802472668,0.3069741529284999,0.0,0.023141204848699356,LOW
2007-09-27,0.6289028571829988,0.5047146350388869,0.0,0.0423529358883375,MEDIUM
2007-09-28,0.0030604815293989,1.311056908316447,0.0,0.007138054932176148,LOW
2007-10-01,0.5557556610417611,0.9456919473830212,0.0,0.07577299345206931,HIGH
2007-10-03,0.9932221757915818,0.008106921242544,0.0,0.03212241797183945,LOW
2007-10-04,0.9924365410920936,0.0077016736513888,0.0,0.06419866613140952,MEDIUM
2007-10-05,0.5548695329146198,0.4458569299647457,0.0,0.018916179711655358,LOW
2007-10-08,0.999986620602998,2.364387216828733e-05,0.0,0.032321068816563846,MEDIUM
2007-10-09,0.9999999999182788,8.172113876943453e-11,0.0,0.06464292304564612,MEDIUM
2007-10-10,0.9998817869545032,0.0001182130454968,0.0,0.09695397521458933,HIGH
2007-10-11,0.998541361762231,0.0014586391597272,0.0,0.12911457289108144,HIGH
2007-10-12,0.9999720285339174,2.8002929748694165e-05,0.0,0.16160320256474286,HIGH
2007-10-15,0.999999943794104,5.6205895953153626e-08,0.0,0.1939287592528934,HIGH
2007-10-16,0.9982463330361177,0.0017536684151226,0.0,0.22588987050268872,HIGH
2007-10-17,1.0,0.0,0.0,0.25857169220177373,HIGH
2007-10-18,0.9999999999783784,2.162181544917985e-11,0.0,0.29089315372128377,HIGH
2007-10-19,0.999999999827616,1.723838849442776e-10,0.0,0.32321461520161954,HIGH
2007-10-22,1.0,0.0,0.0,0.3555360767774389,HIGH
2007-10-23,0.9999999999987874,1.212585587495596e-12,0.0,0.3878575383022335,HIGH
2007-10-24,0.9999999999008652,9.913481147041948e-11,0.0,0.42017899979005524,HIGH
2007-10-25,0.9999982518665502,1.7481334497575614e-06,0.0,0.4524997430029846,HIGH
2007-10-26,0.9999996225415998,3.774584002334684e-07,0.0,0.48482175669254635,HIGH
2007-10-29,0.999999999982929,1.7071006576529266e-11,0.0,0.5171433843955305,HIGH
2007-10-30,0.9999959710873854,4.028912614618344e-06,0.0,0.549462835584693,HIGH
2007-10-31,0.9995536272107756,0.0004463728914129,0.0,0.5815504668856014,HIGH
2007-11-01,0.9999999999849236,1.5076340855600236e-11,0.0,0.6141077689708048,HIGH
2007-11-02,1.0,0.0,0.0,0.6464292305044343,HIGH
2007-11-05,0.9999999456987372,5.430126304162287e-08,0.0,0.6464291986277297,HIGH
2007-11-06,0.9999940495693213,5.950430678891493e-06,0.0,0.6464257373958594,HIGH
2007-11-07,0.9999986732254186,1.326786596390676e-06,0.0,0.6464284516421501,HIGH
2007-11-08,0.9999018160044276,9.818405017312737e-05,0.0,0.6463715926978135,HIGH
2007-11-12,0.999999994879428,5.123332726753141e-09,0.0,0.6464292274984829,HIGH
2007-11-13,0.99996543007424,3.456992575986714e-05,0.0,0.6464089367182236,HIGH
2007-11-14,0.9999999907691096,9.23400312346238e-09,0.0,0.646429225085585,HIGH
2007-11-15,0.9948527422013976,0.0051472585380714,0.0,0.6434064274260356,HIGH
2007-11-16,0.999718288621239,0.000285177662414,0.0,0.6462638527007717,HIGH
2007-11-19,0.99997656904329,2.3431082421157715e-05,0.0,0.6464154757042372,HIGH
2007-11-20,0.8227925270961876,0.1772198228912971,0.0,0.5410897063245961,HIGH
2007-11-21,0.9995984452300238,0.0005850584659353,0.0,0.6461934968471317,HIGH
2007-11-22,0.9994673720058306,0.0005327417327351,0.0,0.6461165468781868,HIGH
2007-11-23,0.9920506180521368,0.0079552105211197,0.0,0.6417598437280756,HIGH
2007-11-26,0.9999956245788634,4.386677966654063e-06,0.0,0.6464266619812337,HIGH
2007-11-27,0.3993816906661904,0.600677479195609,0.0,0.014173625385884384,LOW
2007-11-28,0.9999999864287196,2.7122112445186937e-08,0.0,0.032321461126881355,MEDIUM
2007-11-29,0.9999999999798554,2.0144552652684224e-11,0.0,0.06464292304926088,MEDIUM
2007-11-30,0.1143929328168414,0.8856070673670527,0.0,0.005629291039490643,LOW
2007-12-03,0.9998849407155508,0.0002213362946204,0.0,0.03231808430814313,MEDIUM
2007-12-04,0.9971269131251922,0.0028730893075983,0.0,0.06447422601287647,MEDIUM
2007-12-05,0.0048276482369116,0.9971732977537168,0.0,0.0024304889909711443,LOW
2007-12-06,0.9999997849970388,4.309105421470798e-07,0.0,0.032321455214515835,MEDIUM
2007-12-07,0.9999985218219318,1.478178068204243e-06,0.0,0.06464283627630893,MEDIUM
2007-12-10,0.9832420032050316,0.0167580048273732,0.0,0.0954868772535178,HIGH
2007-12-11,0.3225302437972009,0.6776632534168732,0.0,0.011843851173656909,LOW
2007-12-12,0.4706824218224607,0.8629021185865653,0.0,0.032690940776846165,MEDIUM
2007-12-13,0.9999999194276108,2.1130907011734526e-07,0.0,0.032321459160283846,MEDIUM
2007-12-14,0.032268150998325,0.9677981246937172,0.0,0.003226428804829455,LOW
2007-12-17,0.9999999699769584,6.004187048895965e-08,0.0,0.03232146064399394,MEDIUM
2007-12-18,0.9967373869215584,0.0032626131605234,0.0,0.06445134878651022,MEDIUM
2007-12-19,0.9993112282537864,0.0006890199895293,0.0,0.09690373148842416,HIGH
2007-12-20,0.9744590276523905,0.0256599209909979,0.0,0.1262813553031416,HIGH
2007-12-24,0.9999999861300344,1.4062966719677081e-08,0.0,0.16160730559057215,HIGH
2007-12-26,0.8782161511227821,0.1217844190403756,0.0,0.1722903996117951,HIGH
2007-12-27,0.9994301179857378,0.0005776259529591,0.0,0.22613313647715325,HIGH
2007-12-28,0.4846755785808346,0.5174208119202036,0.0,0.016772470614127063,LOW
2007-12-31,0.8221935542509523,0.2061846223280606,0.0,0.02703648051471563,LOW
2008-01-02,0.9966758374805146,0.0036179113251699,0.0,0.06444773380800856,MEDIUM
2008-01-03,0.3989765782871846,0.6122928539730311,0.0,0.01416130945051413,LOW
2008-01-04,0.961934295545852,0.0580285296192048,0.0,0.031200956932003962,LOW
2008-01-07,0.8444627798334485,0.1642735026628441,0.0,0.055410123920658964,MEDIUM
2008-01-08,0.9831727105862856,0.0193306759375857,0.0,0.0954807601465833,HIGH
2008-01-09,0.6518902103141844,0.3542974761303666,0.0,0.021877305971561452,LOW
2008-01-10,0.8925288393630927,0.1590355617286973,0.0,0.029142058076286222,LOW
2008-01-11,0.5005129537100326,0.6427812451250231,0.0,0.017255944414523296,LOW
2008-01-14,0.6630818355368644,0.5054728352837663,0.0,0.0444365127809948,MEDIUM
2008-01-15,0.9999993168045456,1.0078752236927964e-06,0.0,0.03232144147226195,MEDIUM
2008-01-16,0.99617847142647,0.0038215480871598,0.0,0.06441852080385227,MEDIUM
2008-01-17,0.9789649457762454,0.0210450450654536,0.0,0.09510918239103876,HIGH
2008-01-18,0.9726094011340652,0.0284783385160715,0.0,0.126063329055183,HIGH
2008-01-21,0.9999999917832372,8.240855121517551e-09,0.0,0.16160730642022816,HIGH
2008-01-22,1.0,0.0,0.0,0.1939287691513303,HIGH
2008-01-23,1.0,0.0,0.0,0.226250230676552,HIGH
2008-01-24,1.0,0.0,0.0,0.25857169220177373,HIGH
2008-01-25,1.0,0.0,0.0,0.2908931537269955,HIGH
2008-01-28,1.0,0.0,0.0,0.3232146152522172,HIGH
2008-01-29,0.9999999996827604,3.1723956794849073e-10,0.0,0.35553607667501214,HIGH
2008-01-30,0.999999998192529,1.8074710615246342e-09,0.0,0.3878575376660321,HIGH
2008-01-31,0.9999999893894076,1.0610592467304934e-08,0.0,0.42017899577917417,HIGH
2008-02-01,0.9999999361117166,6.388828349015453e-08,0.0,0.4525004350998737,HIGH
2008-02-04,0.9999982138690802,1.7861309198147696e-06,0.0,0.484821136488115,HIGH
2008-02-05,0.9998883295289251,0.0001116704957107,0.0,0.5170909404376335,HIGH
2008-02-06,0.9999999999633836,3.6616304859809835e-11,0.0,0.5494648459104984,HIGH
2008-02-07,1.0,0.0,0.0,0.581786307453991,HIGH
2008-02-08,0.999999827421696,1.7257830386974154e-07,0.0,0.6141076727352944,HIGH
2008-02-11,0.9999999997267512,2.732487556629944e-10,0.0,0.646429230344028,HIGH
2008-02-12,0.9999996709361142,3.290638858166046e-07,0.0,0.6464290373326372,HIGH
2008-02-13,0.9999892956581,1.0704341900075516e-05,0.0,0.6464229466833004,HIGH
2008-02-14,0.9999999944194714,5.580528645999914e-09,0.0,0.6464292272284726,HIGH
2008-02-15,0.9999999999700702,2.992983638016605e-11,0.0,0.6464292304868645,HIGH
2008-02-18,0.999998772960421,1.2270395790714654e-06,0.0,0.6464285101900302,HIGH
2008-02-19,0.9999971698714548,2.8301285453462496e-06,0.0,0.6464275691215081,HIGH
2008-02-20,0.9970150259466432,0.0029849799770084,0.0,0.6446765491656415,HIGH
2008-02-21,0.9999194909453444,8.062841934440706e-05,0.0,0.6463819686362184,HIGH
2008-02-22,0.99999928777602,7.122330530546289e-07,0.0,0.6464288124044966,HIGH
2008-02-25,0.9995653085596032,0.0004349061039652,0.0,0.6461740432423899,HIGH
2008-02-26,0.991899189654058,0.0081042079419534,0.0,0.6416708414700081,HIGH
2008-02-27,0.9092841158186068,0.0931888418028348,0.0,0.5928180593273299,HIGH
2008-02-28,0.1203599524449315,0.934721092951456,0.0,0.005805059515015112,LOW
2008-02-29,0.99767328215706,0.0046274530618449,0.0,0.03225315623668046,LOW
2008-03-03,0.9999995015557976,5.002998466816424e-07,0.0,0.06464289379005732,MEDIUM
2008-03-04,0.9980378344656196,0.0019622143124197,0.0,0.09679157992263432,HIGH
2008-03-05,0.0582141691089827,0.9418323937125188,0.0,0.003982247239836084,LOW
2008-03-07,0.9768040079877554,0.0459441120512038,0.0,0.031639421417167565,LOW
2008-03-10,0.9997479974291604,0.0002672802742044,0.0,0.06462812935012524,MEDIUM
2008-03-11,0.9999934263581952,6.575908424735519e-06,0.0,0.09696380573237912,HIGH
2008-03-12,0.9999999919761472,8.023852840105571e-09,0.0,0.12928584515883149,HIGH
2008-03-13,0.9985807994419884,0.0014192006298351,0.0,0.16139900520302916,HIGH
2008-03-14,0.7928305129556869,0.207171157091423,0.0,0.15691451463768716,HIGH
2008-03-17,0.9999991076791732,1.5170585218340975e-06,0.0,0.2262500473385092,HIGH
2008-03-18,0.9995621957102102,0.0004378070977596,0.0,0.25846888630849485,HIGH
2008-03-19,0.999999999972311,2.7688994851790032e-11,0.0,0.290893153719681,HIGH
2008-03-24,0.8069000077271934,0.1930999938761786,0.0,0.2657636587191867,HIGH
2008-03-25,0.9999999934008236,1.2945970036897428e-08,0.0,0.3555360746467703,HIGH
2008-03-26,0.978328818035428,0.0216711830079212,0.0,0.3802119484284431,HIGH
2008-03-27,0.9993432519689528,0.0006575006407702,0.0,0.4199283904012993,HIGH
2008-03-28,0.9983760748659136,0.0016263563081661,0.0,0.4518330687828453,HIGH
2008-03-31,0.9999955452802431,4.473883071169945e-06,0.0,0.4848199615726434,HIGH
2008-04-01,0.9999735263507288,2.647383345299849e-05,0.0,0.5171309516259929,HIGH
2008-04-02,0.999999691233153,3.0878499159492205e-07,0.0,0.5494646918605416,HIGH
2008-04-03,0.837068778848441,0.1629319199507965,0.0,0.4946987424633298,HIGH
2008-04-04,0.9999999983587708,3.177458478601749e-09,0.0,0.6141077680639278,HIGH
2008-04-07,0.9878550170801276,0.012144983216237,0.0,0.6392931187573001,HIGH
2008-04-08,0.4007339999853735,0.5992754824182953,0.0,0.014214739627281082,LOW
2008-04-09,0.9995686492848912,0.0007681683796846,0.0,0.03230880022462292,LOW
2008-04-10,0.9655524140753124,0.0344712419429019,0.0,0.06261546638062553,MEDIUM
2008-04-11,0.9938846025948624,0.006282164847963,0.0,0.09642564128501914,HIGH
2008-04-15,0.9997759298251132,0.0002250169637209,0.0,0.12925953827445572,HIGH
2008-04-16,0.9593229014369316,0.0407924288246776,0.0,0.15561927766329406,HIGH
2008-04-17,0.9999952787782428,4.7363258545971e-06,0.0,0.19392793769527883,HIGH
2008-04-21,0.9132919733692436,0.0867154036651331,0.0,0.20832042470087606,HIGH
2008-04-22,0.8915737920508516,0.10870292428538,0.0,0.23290872580041314,HIGH
2008-04-23,0.4960639839336543,0.5136442741158933,0.0,0.01712011066821276,LOW
2008-04-24,0.9876059432692696,0.0182581164065727,0.0,0.0319573315658183,LOW
2008-04-25,0.999996803016354,3.2014429538849388e-06,0.0,0.06464273537648768,MEDIUM
2008-04-28,0.9999978419409554,2.158060381486985e-06,0.0,0.09696419454742744,HIGH
2008-04-29,0.9951279905131944,0.0048720132141099,0.0,0.1287136262020002,HIGH
2008-04-30,0.9999807506221816,1.9875937433554907e-05,0.0,0.161604482610633,HIGH
2008-05-02,0.9999999990329532,9.670466541315954e-10,0.0,0.1939287689810234,HIGH
2008-05-05,0.978308779201372,0.0216912217785727,0.0,0.22178617252727306,HIGH
2008-05-06,0.0217794146957093,0.9782369210718828,0.0,0.00292177589526322,LOW
2008-05-07,0.0287494778233342,1.87685341508242,0.0,0.006248338276235502,LOW
2008-05-08,0.0062951713848481,2.495977588215915,0.0,0.007418899737475646,LOW
2008-05-09,0.1347293885349406,2.9770490444002906,0.0,0.02491588793191147,LOW
2008-05-12,0.6359544718979723,1.2994497501062394,0.0,0.1069576355882763,HIGH
2008-05-13,0.9959666340338698,0.0075401999031213,0.0,0.03220303888708076,LOW
2008-05-14,0.9420575895111134,0.0583172574250993,0.0,0.061226725978613165,MEDIUM
2008-05-15,0.9995285941485604,0.0004972395854419,0.0,0.09692287336981249,HIGH
2008-05-16,0.9166700750681976,0.0833869065777024,0.0,0.11944177879620027,HIGH
2008-05-20,0.0024343294892631,1.0156444034171366,0.0,0.002361235910961963,LOW
2008-05-21,0.9998593975642952,0.0002820059853276,0.0,0.03231733455819154,MEDIUM
2008-05-22,0.0111786638770791,0.9916457727846754,0.0,0.002614392630184789,LOW
2008-05-23,0.5849978478988078,0.8192520749302559,0.0,0.03967280456461991,MEDIUM
2008-05-26,0.5412943475149933,0.7158735043915311,0.0,0.055504475974202425,MEDIUM
2008-05-27,0.8546985099244016,0.1997629039172202,0.0,0.028011785304058602,LOW
2008-05-28,0.0212222957025974,1.2595814149905469,0.0,0.002905608355891926,LOW
2008-05-29,0.9998286068122622,0.000380547450994,0.0,0.03231643077525862,MEDIUM
2008-05-30,0.8823601594421099,0.1177996685136178,0.0,0.05767755208151592,MEDIUM
2008-06-02,0.999999919809776,1.3504608206395658e-07,0.0,0.09696437751450314,HIGH
2008-06-03,0.9999137693485168,8.623067164144071e-05,0.0,0.1292757219639564,HIGH
2008-06-04,0.9999989918642662,1.0082211521965491e-06,0.0,0.16160715967353015,HIGH
2008-06-05,0.9772827402944744,0.0227172993727667,0.0,0.18992113079505546,HIGH
2008-06-06,0.999997655027022,3.177595450979297e-06,0.0,0.22624974887360505,HIGH
2008-06-09,0.9999999821106216,1.7889378386139325e-08,0.0,0.25857168800110214,HIGH
2008-06-10,0.9968757808876318,0.0031242196598364,0.0,0.29006764625144005,HIGH
2008-06-11,0.7885700037881508,0.2114368176300593,0.0,0.2602391980279054,HIGH
2008-06-12,0.999995889880988,7.320921664650335e-06,0.0,0.35553474974753185,HIGH
2008-06-13,0.9997710684755468,0.0002289377968348,0.0,0.3877769024967287,HIGH
2008-06-16,0.9999727948515168,2.7205856115134803e-05,0.0,0.4201686190751354,HIGH
2008-06-17,0.999751101572594,0.0002489038407088,0.0,0.4523981810667665,HIGH
2008-06-18,0.9993062980419056,0.0006938376558177,0.0,0.48451648656033575,HIGH
2008-06-19,0.9850744790256504,0.0149407367540034,0.0,0.5101259942424136,HIGH
2008-06-20,0.9999999994111644,6.43779603871331e-10,0.0,0.5494648456349525,HIGH
2008-06-23,0.8144427382324502,0.1855572786394603,0.0,0.48246098742756005,HIGH
2008-06-24,0.9234957552463218,0.0765406333945358,0.0,0.5711995767218415,HIGH
2008-06-25,0.9999999999977696,2.2305128334618512e-12,0.0,0.646429230503125,HIGH
2008-06-26,0.6009911546975197,0.3990088518758473,0.0,0.020324724978163677,LOW
2008-06-27,0.9999989456366408,1.617742963334851e-06,0.0,0.0323214305778457,MEDIUM
2008-06-30,0.995576111476602,0.0044239053547437,0.0,0.06438313797892231,MEDIUM
2008-07-01,0.999973275322641,2.672938154193041e-05,0.0,0.09696203132546867,HIGH
2008-07-02,0.9999999472209145,5.2779085613721265e-08,0.0,0.12928583990426,HIGH
2008-07-03,0.9994464868391628,0.0005535132640964,0.0,0.16152607138797498,HIGH
2008-07-04,0.9999110872822844,8.892267691887775e-05,0.0,0.1939131106001438,HIGH
2008-07-07,0.9994866992556756,0.0005133369829243,0.0,0.226144762740107,HIGH
2008-07-08,0.9999999017333878,9.837579230468093e-08,0.0,0.2585716691274243,HIGH
2008-07-09,0.9999998849196988,1.1508030123447857e-07,0.0,0.2908931233267567,HIGH
2008-07-10,0.9907559708124104,0.0092440315105394,0.0,0.32049942354316147,HIGH
2008-07-11,0.9999999882244875,1.2058183180667853e-08,0.0,0.35553607297549256,HIGH
2008-07-14,0.999935454214279,6.454578774732752e-05,0.0,0.38783480383599006,HIGH
2008-07-15,0.9999041194517024,9.588141693915583e-05,0.0,0.4201424141982886,HIGH
2008-07-16,0.984921649835658,0.015079877503141,0.0,0.4462973008120895,HIGH
2008-07-17,0.9999999102894928,1.0245912761738237e-07,0.0,0.48482188338096605,HIGH
2008-07-18,0.963806804951576,0.0361933366659856,0.0,0.500099594298418,HIGH
2008-07-21,0.9961687749673322,0.0038885612923055,0.0,0.5475525856783443,HIGH
2008-07-22,0.3352170206297583,0.6707144683957479,0.0,0.012227439210121475,LOW
2008-07-23,0.999999998460942,2.997385051821008e-09,0.0,0.032321461480047727,MEDIUM
2008-07-24,0.9825916757407008,0.0174083306107984,0.0,0.06361964284614521,MEDIUM
2008-07-25,0.999230798314118,0.0007790687593189,0.0,0.09689664842987317,HIGH
2008-07-28,0.0053401273403969,1.0082975274328834,0.0,0.002445321592797032,LOW
2008-07-29,0.9690924604822092,0.068451598914523,0.0,0.03141215049434784,LOW
2008-07-30,0.9986460115176664,0.0015098381612651,0.0,0.06456343106416157,MEDIUM
2008-07-31,0.9800248781377732,0.0199808063393496,0.0,0.09520280455573857,HIGH
2008-08-01,0.9999999999858636,1.4136466841075264e-11,0.0,0.1292858460992272,HIGH
2008-08-04,0.4196701296873382,0.580329885628672,0.0,0.014790810844154293,LOW
2008-08-05,0.999985950595963,1.7088751456539728e-05,0.0,0.032321049150666664,MEDIUM
2008-08-06,0.9999986957011128,1.3042988871222764e-06,0.0,0.06464284648361565,MEDIUM
2008-08-07,0.8604890162865935,0.1395115316846115,0.0,0.08455540906055217,HIGH
2008-08-08,0.8334561336749022,0.1671351229931092,0.0,0.10949930245351405,HIGH
2008-08-11,0.9999999959025124,4.960902677199369e-09,0.0,0.16160730702476714,HIGH
2008-08-12,0.999695280744584,0.0003047192774594,0.0,0.19387510370485103,HIGH
2008-08-13,0.9999886142063328,1.1386077380899246e-05,0.0,0.2262478913264693,HIGH
2008-08-14,0.9828538339799204,0.0171465669451134,0.0,0.25454029095777536,HIGH
2008-08-18,0.548140271320036,0.4521494355850259,0.0,0.018710618110908607,LOW
2008-08-19,0.8652557135601381,0.1789261872591705,0.0,0.02832774555039403,LOW
2008-08-20,0.1073083353839826,1.0704861040599751,0.0,0.0054208058928195664,LOW
2008-08-21,0.9999995941177082,8.793789549734697e-07,0.0,0.03232144961187973,MEDIUM
2008-08-22,0.9999994396624788,5.603375212061208e-07,0.0,0.06464289015670684,MEDIUM
2008-08-25,0.9999999998303092,1.6969097918998929e-10,0.0,0.096964384560723,HIGH
2008-08-26,0.9998732561858882,0.0001267438141118,0.0,0.1292709653632695,HIGH
2008-08-27,0.9999987445266736,1.255587079439015e-06,0.0,0.16160712337461042,HIGH
2008-08-28,0.8213520130888852,0.1786495165819977,0.0,0.16206709334163763,HIGH
2008-08-29,0.9999995191919742,9.419927570383232e-07,0.0,0.22625013188876514,HIGH
2008-09-01,0.9897992056711918,0.0102008320381897,0.0,0.2561745450069098,HIGH
2008-09-02,0.9473071085714106,0.0526989023333348,0.0,0.2769184119277318,HIGH
2008-09-04,0.3545795640434336,0.6687653494455519,0.0,0.012813697079248308,LOW
2008-09-05,0.9999999976313412,4.253651948756707e-09,0.0,0.032321461455697524,MEDIUM
2008-09-08,1.0,0.0,0.0,0.06464292305044343,MEDIUM
2008-09-09,0.9094955515000416,0.0905044484999585,0.0,0.08894157234137402,HIGH
2008-09-10,0.9987599612706214,0.0012400484255457,0.0,0.12914024326040402,HIGH
2008-09-11,0.4323846820277263,0.5696273593660864,0.0,0.01517795605893777,LOW
2008-09-12,0.9999997546946616,4.851081798344801e-07,0.0,0.03232145432508904,MEDIUM
2008-09-15,0.999999133348,8.666520000731268e-07,0.0,0.0646428721749939,MEDIUM
2008-09-16,1.0,0.0,0.0,0.09696438457566516,HIGH
2008-09-17,0.999999636618521,3.6338147901826556e-07,0.0,0.1292858034374063,HIGH
2008-09-18,1.0,0.0,0.0,0.1616073076261086,HIGH
2008-09-19,0.9999999999358904,6.410971753467719e-11,0.0,0.19392876914003992,HIGH
2008-09-22,0.9999999990151792,9.848207804781127e-10,0.0,0.22625023047420875,HIGH
2008-09-23,0.999999987941896,1.2058104047809165e-08,0.0,0.25857168937036545,HIGH
2008-09-24,0.9996930532041683,0.0003069467970302,0.0,0.2908120670905942,HIGH
2008-09-25,0.9996152741904768,0.0003847329193075,0.0,0.3231016883087727,HIGH
2008-09-26,0.9999999526505742,4.7376559697360356e-08,0.0,0.3555360614897832,HIGH
2008-09-29,0.9999998467495425,1.532504576535504e-07,0.0,0.3878574843246937,HIGH
2008-09-30,1.0,0.0,0.0,0.4201789998278823,HIGH
2008-10-01,0.9999999385975664,6.140243369312516e-08,0.0,0.4525004361213691,HIGH
2008-10-03,0.9999987424254724,1.2575745277767998e-06,0.0,0.4848213691987232,HIGH
2008-10-06,0.9999999915344754,8.465524650308912e-09,0.0,0.5171433804279048,HIGH
2008-10-07,0.9999999998899288,1.100711736331238e-10,0.0,0.549464845873846,HIGH
2008-10-08,0.9999999999255658,7.443423655118703e-11,0.0,0.581786307414665,HIGH
2008-10-10,1.0,0.0,0.0,0.6141077689792126,HIGH
2008-10-13,0.9999999999815298,1.8470225349176417e-11,0.0,0.6464292304935917,HIGH
2008-10-14,1.0,0.0,0.0,0.6464292305044343,HIGH
2008-10-15,0.999999995132369,4.867631075988754e-09,0.0,0.646429227646968,HIGH
2008-10-16,1.0,0.0,0.0,0.6464292305044343,HIGH
2008-10-17,1.0,0.0,0.0,0.6464292305044343,HIGH
2008-10-20,0.9999999940082408,5.9917593109304335e-09,0.0,0.6464292269870662,HIGH
2008-10-21,0.9999998607445044,1.3925549557702376e-07,0.0,0.6464291487566792,HIGH
2008-10-22,0.9999999820795586,1.7920441344820667e-08,0.0,0.6464292199845204,HIGH
2008-10-23,1.0,0.0,0.0,0.6464292305044343,HIGH
2008-10-24,0.9999999999970812,2.918665309437074e-12,0.0,0.6464292305027209,HIGH
2008-10-27,1.0,0.0,0.0,0.6464292305044343,HIGH
2008-10-29,1.0,0.0,0.0,0.6464292305044343,HIGH
2008-10-31,0.9999999967469312,3.2530689253462693e-09,0.0,0.6464292285947714,HIGH
2008-11-03,1.0,0.0,0.0,0.6464292305044343,HIGH
2008-11-04,0.9999961844980976,3.81550190231561e-06,0.0,0.6464269906732424,HIGH
2008-11-05,1.0,0.0,0.0,0.6464292305044343,HIGH
2008-11-06,0.9999999999935356,6.464273560879975e-12,0.0,0.6464292305006396,HIGH
2008-11-07,0.9999999856237908,1.4376209334086008e-08,0.0,0.6464292220651062,HIGH
2008-11-10,0.9999996713635876,3.2863641253046817e-07,0.0,0.6464290375835788,HIGH
2008-11-11,0.9999999998878916,1.1210846453355311e-10,0.0,0.6464292304386229,HIGH
2008-11-12,0.9999995794910624,4.205089376126722e-07,0.0,0.646428983651251,HIGH
2008-11-14,0.9999999999591416,4.0858375335752896e-11,0.0,0.6464292304804491,HIGH
2008-11-17,0.9999999303310796,6.966892029002367e-08,0.0,0.6464291896063873,HIGH
2008-11-18,0.9999969590093258,3.040990674187704e-06,0.0,0.6464274453381476,HIGH
2008-11-19,0.9999971255459162,2.874465566283033e-06,0.0,0.6464275431008847,HIGH
2008-11-20,1.0,0.0,0.0,0.6464292305044343,HIGH
2008-11-21,0.999999592565283,4.0743471696469413e-07,0.0,0.6464289913262676,HIGH
2008-11-24,0.9999355282808372,6.447171916282093e-05,0.0,0.6463913832066897,HIGH
2008-11-25,1.0,0.0,0.0,0.6464292305044343,HIGH
2008-11-26,0.9989143315599188,0.0010856684400811,0.0,0.6457918530475095,HIGH
2008-11-28,0.999999989353533,1.0690716452784728e-08,0.0,0.6464292242545929,HIGH
2008-12-01,0.9995088221265438,0.000491178142969,0.0,0.6461408814235804,HIGH
2008-12-02,0.9999999927239728,7.354923953750089e-09,0.0,0.6464292262331567,HIGH
2008-12-03,0.9992853712172036,0.0007146287887366,0.0,0.6460096959953012,HIGH
2008-12-04,0.9999396289007694,6.0375868616686286e-05,0.0,0.6463937904342476,HIGH
2008-12-05,0.7897484236585284,0.2102774207116498,0.0,0.5211893416464437,HIGH
2008-12-08,0.9999924697729206,1.443396363497704e-05,0.0,0.6464248100002093,HIGH
2008-12-10,0.7507511865192056,0.2492604439506667,0.0,0.49761971807905986,HIGH
2008-12-11,0.4720421760365653,0.5325944271293737,0.0,0.01638695492856305,LOW
2008-12-12,0.9999985564426936,2.812467071150124e-06,0.0,0.032321419154333446,MEDIUM
2008-12-15,0.7860732604837016,0.2139468466854996,0.0,0.05189718253056502,MEDIUM
2008-12-16,0.9994339156908558,0.0005727224549984,0.0,0.09691453578384,HIGH
2008-12-17,0.9999999906930024,9.306997736265528e-09,0.0,0.1292858450081815,HIGH
2008-12-18,0.9988952305305064,0.0011047695151998,0.0,0.1614451595532042,HIGH
2008-12-19,0.9937378933304508,0.0062622655612107,0.0,0.19282542119853413,HIGH
2008-12-22,0.753360754026278,0.2472353374965234,0.0,0.1747198369592236,HIGH
2008-12-23,0.8007936205992804,0.2173292906273103,0.0,0.21113953580582356,HIGH
2008-12-24,0.9389976451796518,0.0639399269093832,0.0,0.2747048057213126,HIGH
2008-12-26,0.9999999819117094,1.954633483476783e-08,0.0,0.32321460994299356,HIGH
2008-12-29,0.9994603522805632,0.0005396477256593,0.0,0.35536183414665173,HIGH
2008-12-30,0.9987598519433444,0.0012402157032223,0.0,0.3874206912666038,HIGH
2008-12-31,0.999994538941148,5.464090596494059e-06,0.0,0.42017691603820667,HIGH
2009-01-02,1.0,0.0,0.0,0.452500461353104,HIGH
2009-01-05,0.9995967134799684,0.0004032865200315,0.0,0.4846443601409606,HIGH
2009-01-06,0.9356545406575132,0.0643454698637196,0.0,0.4867795191012716,HIGH
2009-01-07,0.9999999999960044,5.798730673700383e-12,0.0,0.5494648459267755,HIGH
2009-01-09,0.9999956156799584,4.384320041613017e-06,0.0,0.5817839910815409,HIGH
2009-01-12,0.998443558846791,0.0015564411736244,0.0,0.6132396656966851,HIGH
2009-01-13,0.9999840423432562,1.598926994086713e-05,0.0,0.6464198628009487,HIGH
2009-01-14,0.9999858317999472,1.4168323064817882e-05,0.0,0.6464209132758454,HIGH
2009-01-15,1.0,0.0,0.0,0.6464292305044343,HIGH
2009-01-16,0.9999979290002712,2.0709997287093884e-06,0.0,0.6464280147563384,HIGH
2009-01-19,0.9915590633135988,0.0084409366879775,0.0,0.6414709242831227,HIGH
2009-01-20,0.999999938713248,7.215724951074924e-08,0.0,0.6464291945270078,HIGH
2009-01-21,0.999999951883742,4.8116257966036164e-08,0.0,0.6464292022585398,HIGH
2009-01-22,0.999999987237612,1.2762387999071993e-08,0.0,0.6464292230124746,HIGH
2009-01-23,0.99851438072739,0.0014856193091417,0.0,0.6455570221027189,HIGH
2009-01-27,0.9999994913006056,5.129322544613656e-07,0.0,0.646428931880423,HIGH
2009-01-28,0.9998534835318243,0.0001465164935483,0.0,0.6463432193477138,HIGH
2009-01-29,0.99996626510356,3.373718418133614e-05,0.0,0.6464094269116443,HIGH
2009-01-30,0.9999999999918644,8.135710934124864e-12,0.0,0.6464292304996585,HIGH
2009-02-02,0.9999999984469802,1.5530198238513632e-09,0.0,0.6464292295927584,HIGH
2009-02-03,0.9998748432907504,0.0001251567092494,0.0,0.6463557585192841,HIGH
2009-02-04,0.9983422000754996,0.0016578023828344,0.0,0.6454559219018579,HIGH
2009-02-05,0.999831556899988,0.0001688447865834,0.0,0.6463303473528407,HIGH
2009-02-06,0.9998587586775542,0.0001413151044171,0.0,0.6463463161073186,HIGH
2009-02-09,0.9994656028105066,0.0005347203894827,0.0,0.6461155082152054,HIGH
2009-02-10,0.9435523550777994,0.0564503295820762,0.0,0.6131521913440681,HIGH
2009-02-11,1.0,0.0,0.0,0.6464292305044343,HIGH
2009-02-12,0.6516555669571281,0.3483444330428719,0.0,0.021870155661094865,LOW
2009-02-13,0.7862137320424469,0.2137884950214237,0.0,0.025952829887344445,LOW
2009-02-16,0.999999984562942,1.8841885538131457e-08,0.0,0.06464292214423516,MEDIUM
2009-02-17,0.9745226061221296,0.0254774050819196,0.0,0.09471663645256524,HIGH
2009-02-18,0.9999802996439594,2.0229869874282657e-05,0.0,0.12928353314041072,HIGH
2009-02-19,0.6377552777549014,0.3623946173535176,0.0,0.02144643845549951,LOW
2009-02-20,0.5498539671998652,0.4747642036463854,0.0,0.03752593468872315,MEDIUM
2009-02-24,0.9999517776101312,8.436727902869769e-05,0.0,0.032320046110132686,MEDIUM
2009-02-25,0.9895863716999842,0.0104151673834315,0.0,0.06403112258411965,MEDIUM
2009-02-26,0.9545440875405394,0.0456878000677413,0.0,0.09294805538522007,HIGH
2009-02-27,0.9987196142883132,0.0013278608745464,0.0,0.1291355053364129,HIGH
2009-03-02,0.9455476510036316,0.0545566711767001,0.0,0.15358328824924078,HIGH
2009-03-03,0.3664436172424731,0.6544736680460699,0.0,0.013173379340810108,LOW
2009-03-04,0.4967331373166389,0.8732941694435861,0.0,0.03428108016802563,MEDIUM
2009-03-05,0.9999999997920922,4.708502084488174e-10,0.0,0.032321461519119264,MEDIUM
2009-03-06,0.9999987160299804,1.283970019740916e-06,0.0,0.06464284767699018,MEDIUM
2009-03-09,0.5368625392246559,0.4631374658040597,0.0,0.01836611278240959,LOW
2009-03-12,0.9757611981870624,0.0272594285905984,0.0,0.03160870345135921,LOW
2009-03-13,0.9999906814666348,9.498280473105737e-06,0.0,0.0646423760201706,MEDIUM
2009-03-16,0.9453910107133232,0.0546133899105314,0.0,0.09213606810409881,HIGH
2009-03-17,0.889871427139838,0.1112639944466757,0.0,0.11625135629956077,HIGH
2009-03-18,0.9768733019148274,0.0236681713034981,0.0,0.15820731216946687,HIGH
2009-03-19,0.3476922069004611,0.674794372037417,0.0,0.012605051667232515,LOW
2009-03-20,0.0628469686031556,1.4523915853721134,0.0,0.008235059410608411,LOW
2009-03-23,0.9999992601235752,2.089291440938528e-06,0.0,0.032321439808578045,MEDIUM
2009-03-24,0.9892593280843146,0.0107408507228455,0.0,0.06401189312553131,MEDIUM
2009-03-25,0.9977371307067696,0.0022840364251929,0.0,0.09676509287230636,HIGH
2009-03-26,0.885119923827412,0.115029926660581,0.0,0.11568450308716532,HIGH
2009-03-27,0.102336941186215,0.9292785276334606,0.0,0.005274640618674307,LOW
2009-03-30,0.9959068638802364,0.0083086912367916,0.0,0.03220128344354665,LOW
2009-03-31,0.3284584908201132,0.6879227589272401,0.0,0.012023038038642637,LOW
2009-04-01,0.9591077700154388,0.057522050000259,0.0,0.031117502468454617,LOW
2009-04-02,0.6660915287095718,0.3487176107310389,0.0,0.022309913599599277,LOW
2009-04-06,0.9918794369161448,0.0106756283601185,0.0,0.032082961580972236,LOW
2009-04-08,0.9999999893970316,1.0638296192182845e-08,0.0,0.06464292242801281,MEDIUM
2009-04-09,0.999685058011736,0.0003149420154797,0.0,0.09693665164558551,HIGH
2009-04-13,0.7468820155690962,0.2531191513909139,0.0,0.09905533890675451,HIGH
2009-04-15,0.9999996031918408,7.238158143288457e-07,0.0,0.16160724939110552,HIGH
2009-04-16,0.9999999107182572,8.928174276130287e-08,0.0,0.1939287534278962,HIGH
2009-04-17,0.9985271268259778,0.001472873533298,0.0,0.22594757716635414,HIGH
2009-04-20,0.9705582998103603,0.0294425877886571,0.0,0.25164296780135864,HIGH
2009-04-21,0.9999999670172792,3.634786805395627e-08,0.0,0.29089314501410046,HIGH
2009-04-22,0.9470838418107896,0.052916317508535,0.0,0.30762107659504984,HIGH
2009-04-23,0.9564755617105472,0.0435596115400874,0.0,0.3414372982998564,HIGH
2009-04-24,0.0372088347587502,1.0097172440768778,0.0,0.0033701123197022996,LOW
2009-04-27,0.8357942799740448,0.3310389442625627,0.0,0.02744501300066783,LOW
2009-04-28,0.999967058683672,3.794974183989166e-05,0.0,0.06464098927727728,MEDIUM
2009-04-29,0.99978107866342,0.0002189216176838,0.0,0.09694510710289386,HIGH
2009-05-04,0.999999889922638,1.101132940194993e-07,0.0,0.12928583317704906,HIGH
2009-05-05,0.2383557354695248,0.76164634037674,0.0,0.009311293609854644,LOW
2009-05-06,0.6685851932614695,0.3407003217105054,0.0,0.04477168953619009,MEDIUM
2009-05-07,0.9446352174682172,0.091517364296882,0.0,0.030689657502484702,LOW
2009-05-08,0.77036438044541,0.3004089510610075,0.0,0.050948447435231484,MEDIUM
2009-05-11,0.9999814241822796,2.5535506301600507e-05,0.0,0.09696274887698458,HIGH
2009-05-12,0.9999999966814418,3.3185582168389422e-09,0.0,0.12928584571126536,HIGH
2009-05-13,0.102597068778456,0.8974030489470873,0.0,0.005282285976440998,LOW
2009-05-14,0.9999981178976122,3.7617565739925617e-06,0.0,0.032321406282279634,MEDIUM
2009-05-15,0.5996531727213432,0.4003471169996761,0.0,0.020283878903390798,LOW
2009-05-18,1.0,0.0,0.0,0.032321461525221716,MEDIUM
2009-05-19,0.9999999999764676,2.3532398252257277e-11,0.0,0.06464292304906201,MEDIUM
2009-05-20,0.999964461843448,3.553815655188415e-05,0.0,0.09696125524957233,HIGH
2009-05-21,0.9999968774068986,3.1225958927398777e-06,0.0,0.12928547948694002,HIGH
2009-05-22,0.9999938665309368,6.133482079939648e-06,0.0,0.161606407486487,HIGH
2009-05-25,0.999999256400604,7.436056462703417e-07,0.0,0.19392863819581463,HIGH
2009-05-26,0.999999997212396,2.787604090777322e-09,0.0,0.22625023010380527,HIGH
2009-05-27,0.999999999998484,1.5160095367256429e-12,0.0,0.2585716922014178,HIGH
2009-05-28,0.9992977752649408,0.0007022247350591,0.0,0.29070764027310275,HIGH
2009-05-29,0.9998633778588776,0.0001366222178019,0.0,0.3231745138913986,HIGH
2009-06-01,0.9999996914498664,3.085785150475437e-07,0.0,0.3555359771562029,HIGH
2009-06-02,0.99999988156224,1.1843775999738381e-07,0.0,0.3878574965864428,HIGH
2009-06-03,0.9999615569619976,3.844304527418699e-05,0.0,0.4201643309862437,HIGH
2009-06-04,0.9999983759480155,1.6241826196397036e-06,0.0,0.4524997939910522,HIGH
2009-06-05,0.9999411736634488,5.882683506484892e-05,0.0,0.4847960229534013,HIGH
2009-06-08,0.9999999995203156,4.796843058974198e-10,0.0,0.5171433841782745,HIGH
2009-06-09,0.9999999978871574,2.1128425675106963e-09,0.0,0.5494648448745048,HIGH
2009-06-10,0.99997201988796,2.7980112039964257e-05,0.0,0.5817715246651285,HIGH
2009-06-11,0.9999858088612996,1.41911857605379e-05,0.0,0.6140998548195409,HIGH
2009-06-12,0.9999688383256198,3.116219259195858e-05,0.0,0.6464109374887763,HIGH
2009-06-15,0.9999869173617404,1.308308382052614e-05,0.0,0.6464215505391936,HIGH
2009-06-16,0.95053210876287,0.0494683822296918,0.0,0.6172818442808503,HIGH
2009-06-17,0.9551242985605768,0.0449925163974272,0.0,0.6199966060306209,HIGH
2009-06-18,0.0074436386178141,1.0198368820166464,0.0,0.0025062161322014966,LOW
2009-06-19,0.0037772273256192,1.9235171157891144,0.0,0.004800181374876758,LOW
2009-06-22,0.0657336546981879,2.616999697594518,0.0,0.012605621021476075,LOW
2009-06-23,0.6119931275916262,1.4180829239739805,0.0,0.08264216656721113,HIGH
2009-06-24,0.0104480774471191,1.8664223937819369,0.0,0.01296613850419469,LOW
2009-06-25,0.0030176935328211,2.8254203943094627,0.0,0.014268681897930915,LOW
2009-06-26,0.9999708001083628,0.0001100114622526,0.0,0.03232060445639354,MEDIUM
2009-06-29,0.0033256048689046,1.0068224195294893,0.0,0.0023870227074311223,LOW
2009-06-30,0.0086596059331056,3.647985854803496,0.0,0.005082853313240729,LOW
2009-07-01,0.0045579182866079,5.679392316447057,0.0,0.007268048208070907,LOW
2009-07-02,0.0056494625528102,6.324585460808239,0.0,0.00981710092457032,LOW
2009-07-03,0.9733785917505156,0.2129950334091087,0.0,0.031538501324942,LOW
2009-07-06,0.999990881783069,1.0451030509596396e-05,0.0,0.0646423877794492,MEDIUM
2009-07-07,0.0204434482858924,0.9796126574493862,0.0,0.0028830087147620914,LOW
2009-07-08,0.1694491112255473,1.1574860107614948,0.0,0.014513747199774527,LOW
2009-07-09,0.0377573120323439,1.726426650334314,0.0,0.01015820994089922,LOW
2009-07-10,0.8306888202504259,0.4636789559961335,0.0,0.0272917311050627,LOW
2009-07-13,0.4563693032327606,1.2640888138676816,0.0,0.015908915576952943,LOW
2009-07-14,0.9734690938604504,0.0479993392022465,0.0,0.03154116837134883,LOW
2009-07-15,0.9783532129495854,0.0222353153184859,0.0,0.06337009482865766,MEDIUM
2009-07-16,0.3753311631138193,0.6322178955419973,0.0,0.013443039430335575,LOW
2009-07-17,0.9803303703820752,0.0313611589989708,0.0,0.03174326181782679,LOW
2009-07-20,0.9999881984436408,1.3702946337367802e-05,0.0,0.06464223025796566,MEDIUM
2009-07-21,0.0792530440249453,0.921570300240668,0.0,0.0045973932943417645,LOW
2009-07-22,0.969864615745996,0.03235125788754,0.0,0.031434918768493435,LOW
2009-07-23,0.9078038832824324,0.093741038607412,0.0,0.05919375561899476,MEDIUM
2009-07-24,0.0752566326672628,0.9697862000652252,0.0,0.004480388698145714,LOW
2009-07-27,0.3867037497686579,0.9989556209439532,0.0,0.027576710227510817,LOW
2009-07-28,0.4792767841180437,0.8309491091995751,0.0,0.04982311555406506,MEDIUM
2009-07-29,0.9983421905809582,0.0032713242849724,0.0,0.03227279581634129,LOW
2009-07-30,0.5094684952083633,0.4930708228751787,0.0,0.01752940722209746,LOW
2009-07-31,0.6962328176436948,0.4043788634388855,0.0,0.04645396933288244,MEDIUM
2009-08-03,0.6238141083122579,0.5703113562226237,0.0,0.06306371244394349,MEDIUM
2009-08-04,0.0067684431121765,1.4678041992087878,0.0,0.009946670528317254,LOW
2009-08-05,0.0229697675769212,2.280337760713938,0.0,0.0147816234430082,LOW
2009-08-06,0.3145965278572596,1.9700229575746249,0.0,0.06962521661302719,MEDIUM
2009-08-07,0.0295524801286968,2.0823260336202147,0.0,0.02203250631095812,LOW
2009-08-10,0.6977891046848284,0.6907813803386803,0.0,0.18619432187256124,HIGH
2009-08-11,0.0636907356342729,1.992581250946157,0.0,0.037279612503372826,MEDIUM
2009-08-12,0.59420921716312,1.258283890861294,0.0,0.20117672262669123,HIGH
2009-08-13,0.9964317346654104,0.0050879535049603,0.0,0.0322166983014671,LOW
2009-08-14,0.0033328124999341,1.057136676627305,0.0,0.002387231257231108,LOW
2009-08-17,0.9939205478166644,0.0190424756485785,0.0,0.03214293646236228,LOW
2009-08-18,0.956002691799949,0.0445687053061907,0.0,0.06205156796583486,MEDIUM
2009-08-19,0.8569369175461429,0.1483435104522891,0.0,0.08423643362808862,HIGH
2009-08-20,0.0680196027180484,1.122663529179697,0.0,0.0042686921845728155,LOW
2009-08-21,0.792787857651379,0.4459363515846613,0.0,0.02615113287152762,LOW
2009-08-24,0.620651518886643,0.6132423957201623,0.0,0.02092475012989957,LOW
2009-08-25,0.0791884425455181,1.759354570422479,0.0,0.009191002706889639,LOW
2009-08-26,0.0185858378051536,2.154310346625814,0.0,0.008487354948067202,LOW
2009-08-27,0.1179903101506023,2.688360835161461,0.0,0.022940956306636746,LOW
2009-08-28,0.0460532892799399,3.299640097121828,0.0,0.018138037405983805,LOW
2009-08-31,0.0096986614418068,3.6076525780217272,0.0,0.015429119330572163,LOW
2009-09-01,0.9717496319073108,0.1268319590626163,0.0,0.031490490672614016,LOW
2009-09-02,0.4398976189825629,0.6617569831176796,0.0,0.015406835322275464,LOW
2009-09-03,0.680727865320292,0.4631591506132648,0.0,0.04551087369977344,MEDIUM
2009-09-04,0.5859159071107659,0.6000810221838561,0.0,0.05959331236379068,MEDIUM
2009-09-07,0.9980750397794156,0.0036880018849898,0.0,0.03226495233794139,LOW
2009-09-08,0.0291581703642145,1.0249144273940756,0.0,0.003136043594329086,LOW
2009-09-09,0.0063817573742383,1.8015206846230147,0.0,0.004950946269752309,LOW
2009-09-10,0.6952982147011549,0.9797527193488692,0.0,0.0695957213466524,MEDIUM
2009-09-11,0.1157574058672276,1.9383824616455596,0.0,0.02267788032670741,LOW
2009-09-14,0.1631137746122545,2.589969059811989,0.0,0.03534467433352152,MEDIUM
2009-09-15,0.7995641742978445,0.6051441826555888,0.0,0.02635539698815741,LOW
2009-09-16,0.2744050541753968,0.8000487438638084,0.0,0.010393081802062413,LOW
2009-09-17,0.0036354323464672,1.8525504905621435,0.0,0.0047919753141448,LOW
2009-09-18,0.0206346941237364,2.906645028555605,0.0,0.008665673367998046,LOW
2009-09-22,0.002023405291379,4.515831695827762,0.0,0.009397392478340878,LOW
2009-09-23,0.1327133819405871,3.8983333011754686,0.0,0.030847219475188644,LOW
2009-09-24,0.0208739425973303,4.829421288823587,0.0,0.01737299952444894,LOW
2009-09-25,0.0473807119581151,4.498917368071918,0.0,0.02566399516122723,LOW
2009-09-29,0.9094611879302236,0.3455824506376811,0.0,0.029646168866115142,LOW
2009-09-30,0.9982631983709276,0.001787902735657,0.0,0.06454095331753089,MEDIUM
2009-10-01,0.0148252643533354,0.9964450450174516,0.0,0.0027200713279909397,LOW
2009-10-05,0.0029682463194393,1.771210577998748,0.0,0.004753365986842843,LOW
2009-10-06,0.2222153838788628,1.7203364137703374,0.0,0.026485331749929113,LOW
2009-10-07,0.9719458560389276,0.0532698770404243,0.0,0.03149627463876938,LOW
2009-10-08,0.0107863111659873,1.0958466629062584,0.0,0.0026030259460931033,LOW
2009-10-09,0.9230997098017916,0.1566799857860067,0.0,0.03005138011883285,LOW
2009-10-12,0.983871983679024,0.0185633906106686,0.0,0.06369499239871722,MEDIUM
2009-10-14,0.0020494064547707,1.0274278921180018,0.0,0.0023501002941309014,LOW
2009-10-15,0.0085690008726614,2.0382337911662174,0.0,0.005077605568317157,LOW
2009-10-16,0.0021946860017791,2.400427647631003,0.0,0.0070629092144660404,LOW
2009-10-20,0.9002651848172561,0.3877688546365908,0.0,0.02937252573735702,LOW
2009-10-21,0.9204714588644938,0.1297312805734809,0.0,0.05994670315185285,MEDIUM
2009-10-22,0.297753371087719,0.9633036183985796,0.0,0.011096045708970015,LOW
2009-10-23,0.070669503043387,1.627414200878187,0.0,0.0086923579033523,LOW
2009-10-26,0.0043422072227454,2.1732175034799366,0.0,0.007249320264520666,LOW
2009-10-27,0.945465573081442,0.1845197055118654,0.0,0.030714228996839166,LOW
2009-10-28,0.0058664300868612,1.6387408670483978,0.0,0.002460555576389264,LOW
2009-10-29,0.002175473833702,3.762195465366868,0.0,0.004707494557827225,LOW
2009-10-30,0.7728719198590425,1.2730472333634142,0.0,0.02554999256724413,LOW
2009-11-03,0.9873397582288462,0.0146739626121785,0.0,0.06389900741895417,MEDIUM
2009-11-04,0.9999999642426184,3.63247082696893e-08,0.0,0.09696438142704365,HIGH
2009-11-05,0.9997553293319484,0.0002446744816065,0.0,0.1292571195486046,HIGH
2009-11-06,0.0871425474894977,0.9128622427368008,0.0,0.004828589995341506,LOW
2009-11-09,0.986677612095149,0.0251497177498694,0.0,0.031930030235538864,LOW
2009-11-10,0.1688920195430465,0.8411042123979748,0.0,0.007240340752814704,LOW
2009-11-11,0.9995709864507334,0.0008480411214589,0.0,0.03230886882895711,LOW
2009-11-12,0.1167336186608821,0.8861427446567851,0.0,0.005698221212997863,LOW
2009-11-13,0.0172295105944672,1.1546914429885735,0.0,0.005579561319338366,LOW
2009-11-16,0.0033060144861603,1.9729947686803115,0.0,0.007159367607320105,LOW
2009-11-17,0.2348136253314621,2.27737600242201,0.0,0.036820988358475984,MEDIUM
2009-11-18,0.0076221872162859,2.893019616243756,0.0,0.012556929465433905,LOW
2009-11-19,0.8100956984306467,0.7973883208984979,0.0,0.0266725726384135,LOW
2009-11-20,0.7354206255878398,0.4267432274065513,0.0,0.02441658311699245,LOW
2009-11-23,0.0264315104656343,1.8710435255007944,0.0,0.006113671900699239,LOW
2009-11-24,0.9792716403411956,0.0641790650412841,0.0,0.03171209125527685,LOW
2009-11-25,0.4301140332554057,0.5842087891285115,0.0,0.015108798207326569,LOW
2009-11-26,0.9999968021285838,6.190992575803012e-06,0.0,0.03232136766218625,MEDIUM
2009-11-27,0.9999996088390508,3.911609493469847e-07,0.0,0.06464290008795283,MEDIUM
2009-11-30,0.9977466527159352,0.0022533478718163,0.0,0.09676593162315458,HIGH
2009-12-01,0.9999975987533052,2.407534839096186e-06,0.0,0.12928556417799425,HIGH
2009-12-02,0.3501243305026597,0.6498923465527284,0.0,0.012678716725700104,LOW
2009-12-03,0.8729207183784865,0.1356060653250009,0.0,0.028556889351025905,LOW
2009-12-04,0.1619250724364152,0.9190974859837918,0.0,0.007033690336343871,LOW
2009-12-07,0.0125437098136766,1.7420096831217968,0.0,0.005307888862484767,LOW
2009-12-08,0.9980280149896804,0.0053381978499372,0.0,0.03226357166921633,LOW
2009-12-09,0.006242852107659,1.0828718524668863,0.0,0.0024714520188440087,LOW
2009-12-10,0.0048099696509532,2.6917380312729406,0.0,0.004859954688999824,LOW
2009-12-11,0.2590131128947093,3.422615838661785,0.0,0.029791927656871595,LOW
2009-12-14,0.1480911010819328,3.787320619608357,0.0,0.026495812066024665,LOW
2009-12-15,0.9784816723411236,0.0886116540501636,0.0,0.03168883022856445,LOW
2009-12-16,0.0362303511117093,1.3275755202499575,0.0,0.003341647322176191,LOW
2009-12-17,0.0040505832918732,2.979294214141002,0.0,0.004816001761618058,LOW
2009-12-18,0.0046297398971465,4.353011744510665,0.0,0.007274283875784224,LOW
2009-12-21,0.0043709880470785,4.748444715762869,0.0,0.009669091954085161,LOW
2009-12-22,0.0021477708727966,5.121592494863856,0.0,0.01176472928794662,LOW
2009-12-23,0.999999999852815,1.0372537706847392e-09,0.0,0.03232146152090159,MEDIUM
2009-12-24,0.0977064385929635,0.9022979405982452,0.0,0.0051385968987435904,LOW
2009-12-29,0.0491971084183076,0.9529983198064867,0.0,0.007438446324502676,LOW
2009-12-30,0.0021192161455283,1.9290086835853824,0.0,0.00705635939767719,LOW
2009-12-31,0.0030997244098811,2.958924750224328,0.0,0.00952194829770449,LOW
2010-01-04,0.0229411373203645,3.895637705641031,0.0,0.014777468232137976,LOW
2010-01-05,0.0191354398418889,4.78711244804649,0.0,0.017070365509374956,LOW
2010-01-06,0.0069700681042484,5.678954870040283,0.0,0.01744753448154456,LOW
2010-01-07,0.0028318233333902,6.60080946189077,0.0,0.018981887414694996,LOW
2010-01-08,0.0031844602453121,7.412452195571229,0.0,0.021446449162753692,LOW
2010-01-11,0.999999849274555,1.3079249320275203e-06,0.0,0.03232145710117126,MEDIUM
2010-01-12,0.098291682037265,0.902359215627895,0.0,0.0051557860137496836,LOW
2010-01-13,0.7147063334989849,0.3053890302251934,0.0,0.04757638703456486,MEDIUM
2010-01-14,0.0034974966693236,1.479103667647412,0.0,0.007175989175020008,LOW
2010-01-15,0.0069363935726435,2.657835932406229,0.0,0.009966119972539232,LOW
2010-01-18,0.0689147478541399,3.5247568648410352,0.0,0.02147431942434936,LOW
2010-01-19,0.9617220042826314,0.1749066112835854,0.0,0.03119469013169889,LOW
2010-01-20,0.1665086764648148,0.9575598868141784,0.0,0.007169624546049811,LOW
2010-01-21,0.9999999994041416,1.187036699963252e-09,0.0,0.032321461507732255,MEDIUM
2010-01-22,0.999983012888248,1.6987111751961795e-05,0.0,0.06464192584740142,MEDIUM
2010-01-25,0.5875615308690945,0.4124385117290099,0.0,0.019914689451521903,LOW
2010-01-27,0.9999979569701624,3.990440304450201e-06,0.0,0.03232140155878147,MEDIUM
2010-01-28,0.9996629833146404,0.0003370210552132,0.0,0.06462313850540857,MEDIUM
2010-01-29,0.9999937224053088,6.278547753067421e-06,0.0,0.09696383180087681,HIGH
2010-02-01,0.9983700637072502,0.0016299626893497,0.0,0.129094456582836,HIGH
2010-02-02,0.99917127986665,0.0008312055503945,0.0,0.16148567814139775,HIGH
2010-02-03,0.9999483850063572,5.181366922956926e-05,0.0,0.19391967918379233,HIGH
2010-02-04,0.9999976636711404,2.336338122351972e-06,0.0,0.22624975064964362,HIGH
2010-02-05,0.999999972307452,2.769254809202112e-08,0.0,0.2585716856991834,HIGH
2010-02-08,0.9999992011680536,7.988319462300743e-07,0.0,0.2908929427031892,HIGH
2010-02-09,0.9718684312417774,0.0281315734488196,0.0,0.3149399246040806,HIGH
2010-02-10,0.9601410188020848,0.0399464961884267,0.0,0.34262814966591876,HIGH
2010-02-11,0.9996263927961888,0.0003896226272288,0.0,0.38772594239915087,HIGH
2010-02-15,0.9917220737337192,0.0082812216216207,0.0,0.4170183801831936,HIGH
2010-02-16,0.3343863232613495,0.6682855064298299,0.0,0.012202309381409988,LOW
2010-02-17,0.2440803464222123,1.1074327349004651,0.0,0.018965554667055774,LOW
2010-02-18,0.0024402689907466,1.769046522190414,0.0,0.007084223229056648,LOW
2010-02-19,0.0634704803239605,2.229766981349725,0.0,0.016542977618020642,LOW
2010-02-22,0.5537651144853394,1.3105639793699932,0.0,0.0944122140187383,HIGH
2010-02-23,0.0021612304580183,3.0501680538004323,0.0,0.014120011383776481,LOW
2010-02-24,0.1460657630834853,3.601994117039756,0.0,0.04594823647494671,MEDIUM
2010-02-25,0.0046106543979988,4.529712387592545,0.0,0.01939367155987766,LOW
2010-02-26,0.9450379206117868,0.3334447339072997,0.0,0.03070157446949101,LOW
2010-03-02,0.9998382004894184,0.0002537710444275,0.0,0.06463342474661608,MEDIUM
2010-03-03,0.9999043038032716,9.569745682763784e-05,0.0,0.09695595797140863,HIGH
2010-03-04,0.0066040514424719,0.9935747075799354,0.0,0.002481908430639799,LOW
2010-03-05,0.0109890747133866,1.3601738766251783,0.0,0.005217800065176724,LOW
2010-03-08,0.0146165659700738,1.9540122958236483,0.0,0.008142064657727177,LOW
2010-03-09,0.003107032060285,2.911238359175204,0.0,0.00952279404190136,LOW
2010-03-10,0.0421769594564744,3.72568287167733,0.0,0.017573541671514432,LOW
2010-03-11,0.0021714642539051,4.825060452195888,0.0,0.014121787711279227,LOW
2010-03-12,0.0028655681920574,5.7886407042208665,0.0,0.016615985707410196,LOW
2010-03-15,0.0180385574402712,6.660128224605999,0.0,0.022505955730423893,LOW
2010-03-16,0.7692558439877445,1.7806969592536572,0.0,0.025440722068914203,LOW
2010-03-17,0.0069487765376796,4.291324837805986,0.0,0.0024918884996179697,LOW
2010-03-18,0.0031398451747964,8.228732610613514,0.0,0.004763295824959848,LOW
2010-03-19,0.0020456347653789,10.387917935262104,0.0,0.0070499735538983544,LOW
2010-03-22,0.1448603789644005,9.740414255751054,0.0,0.026113523942754874,LOW
2010-03-23,0.0403547954822704,11.087522201235464,0.0,0.017308306995654187,LOW
2010-03-25,0.0052966515375504,11.81559221664579,0.0,0.014664379389125421,LOW
2010-03-26,0.0022176930428463,13.38189944095755,0.0,0.01648478054282697,LOW
2010-03-29,0.0114602465854874,14.393479834703475,0.0,0.020980405513557558,LOW
2010-03-30,0.0188108595195123,14.48031376616189,0.0,0.02552080923846305,LOW
2010-03-31,0.0028247359061285,16.182614153707622,0.0,0.023725308717984703,LOW
2010-04-01,0.0057307446100181,18.422193074797665,0.0,0.027022907964274163,LOW
2010-04-05,0.9985260914205488,0.0229332867795738,0.0,0.03227819491171786,LOW
2010-04-06,0.0020010072486107,8.20081859739439,0.0,0.002348700180451991,LOW
2010-04-07,0.0020765842317462,21.46578976288454,0.0,0.004701773019481937,LOW
2010-04-08,0.295277820118928,15.893669481565116,0.0,0.03306429274818342,MEDIUM
2010-04-09,0.3178273437619961,4.062466656556864,0.0,0.046807088230241364,MEDIUM
2010-04-12,0.0106213017283395,4.417098677488171,0.0,0.012991228718233685,LOW
2010-04-13,0.0022099894592638,10.493204611839197,0.0,0.014128474736716974,LOW
2010-04-15,0.2273709537753294,7.9341884108881375,0.0,0.06287800310705549,MEDIUM
2010-04-16,0.0020981889182762,21.423443634987485,0.0,0.01881209204809116,LOW
2010-04-19,0.053172985472854,15.998967671014658,0.0,0.03451636528978872,MEDIUM
2010-04-20,0.0184221838893267,23.862207744023912,0.0,0.028243713922465632,LOW
2010-04-21,0.0064310550293923,29.073588468291774,0.0,0.027245902814617556,LOW
2010-04-22,0.7047419493942291,8.337046118297437,0.0,0.2818268697483645,HIGH
2010-04-23,0.9514649512296496,0.638087061865768,0.0,0.030891672892798618,LOW
2010-04-26,0.0039514389145925,7.086997173532877,0.0,0.0024051318660259172,LOW
2010-04-27,0.0020078219139914,31.346869750512308,0.0,0.004697794634888071,LOW
2010-04-28,0.9940775985754464,0.142042431504639,0.0,0.032147550386176976,LOW
2010-04-29,0.0595045639973761,1.5227263999520488,0.0,0.0040199181787485645,LOW
2010-04-30,0.0352601748720331,4.3015091043849685,0.0,0.006626856785937961,LOW
2010-05-03,0.0626261573880597,6.699179804970381,0.0,0.01233323866978791,LOW
2010-05-04,0.7488119574502132,2.2721219547994767,0.0,0.024822274546608007,LOW
2010-05-05,0.997470472379788,0.005558112655229,0.0,0.06449440243231622,MEDIUM
2010-05-06,0.8056568563023414,0.1949060518115692,0.0,0.07961679540808546,HIGH
2010-05-07,0.0416480995992645,1.0222644976734945,0.0,0.0034993105505101117,LOW
2010-05-10,0.9999999997899772,4.68814810648787e-10,0.0,0.03232146151905719,MEDIUM
2010-05-11,0.8806303283831727,0.1193697163820262,0.0,0.057574288078841074,MEDIUM
2010-05-12,0.6991092978357707,0.3009071194015001,0.0,0.023314415621158813,LOW
2010-05-13,0.999773760274874,0.0002922911076324,0.0,0.03231482088640227,MEDIUM
2010-05-14,0.9841271478056546,0.0159254114389366,0.0,0.06371000776064491,MEDIUM
2010-05-17,0.9999123057709484,8.790508983473952e-05,0.0,0.09695666259571747,HIGH
2010-05-18,0.9332626479926726,0.0667471732035574,0.0,0.12141133507396243,HIGH
2010-05-19,0.9999995516362968,5.29723062107202e-07,0.0,0.16160724182488667,HIGH
2010-05-20,0.3162706991632755,0.6837572557954561,0.0,0.011654758276548507,LOW
2010-05-21,0.999993157229776,1.3315998210014308e-05,0.0,0.03232126067807078,MEDIUM
2010-05-24,0.9997259112144312,0.0002740894142138,0.0,0.06462683276144592,MEDIUM
2010-05-25,0.999998752653915,1.248170460345652e-06,0.0,0.09696427474041182,HIGH
2010-05-26,0.9999762878899268,2.371211898911196e-05,0.0,0.12928306213139426,HIGH
2010-05-27,0.4986982518712673,0.5013327799763262,0.0,0.01720053725978737,LOW
2010-05-28,0.1559910346900443,1.241404427746009,0.0,0.013715673109403121,LOW
2010-05-31,0.0023174375745966,1.627907679053131,0.0,0.00707356265047604,LOW
2010-06-01,0.9715854491807924,0.0850990165785196,0.0,0.03148565104017699,LOW
2010-06-02,0.4410673262532305,1.2269905605739908,0.0,0.01544247750600026,LOW
2010-06-03,0.7090123403869616,0.4779073069955799,0.0,0.04723058254437789,MEDIUM
2010-06-04,0.0146788973755146,1.3643623989310232,0.0,0.008147485205764837,LOW
2010-06-07,0.8328182589408398,0.4110780106607415,0.0,0.027355674381345563,LOW
2010-06-08,0.4018694736887802,0.727732745417366,0.0,0.014249264142038932,LOW
2010-06-09,0.4548176716252369,0.9789957717219386,0.0,0.031723209249301956,LOW
2010-06-10,0.9998600566524894,0.0002354387911477,0.0,0.0323173539039753,MEDIUM
2010-06-11,0.0066848365460486,1.0046013837124197,0.0,0.0024842471742673616,LOW
2010-06-14,0.9999667838424192,6.643858780447351e-05,0.0,0.03232048657153557,MEDIUM
2010-06-15,0.1332234021382448,0.8668433187747815,0.0,0.0061845019763547065,LOW
2010-06-16,0.9905275933701848,0.0175478729827446,0.0,0.0320432295412024,LOW
2010-06-17,0.0970980186956319,0.9181750344910908,0.0,0.005120728693422051,LOW
2010-06-18,0.0825538666128695,1.6212214058368375,0.0,0.009388174953277095,LOW
2010-06-21,0.5337109132898374,1.281776497367259,0.0,0.05480952325597533,MEDIUM
2010-06-22,0.0501848868961715,1.7943896172433935,0.0,0.014992071877438718,LOW
2010-06-23,0.006549450952589,2.45594789472413,0.0,0.012401638768933075,LOW
2010-06-24,0.0303303175332999,3.274161087338641,0.0,0.019020626106768558,LOW
2010-06-25,0.00431516703069,4.1318669010935,0.0,0.016909602949859014,LOW
2010-06-28,0.9389094826027228,0.3051896870064642,0.0,0.03052014506107577,LOW
2010-06-29,0.5952763535152621,0.8161679560121236,0.0,0.02015025403359158,LOW
2010-06-30,0.0123585321224885,1.0770641250210138,0.0,0.0052971568991054575,LOW
2010-07-01,0.0021621937364585,2.040578172893571,0.0,0.0070600892921824955,LOW
2010-07-02,0.0020247093446722,2.992277398898791,0.0,0.009397543375238328,LOW
2010-07-05,0.0020011396232008,4.020741646793623,0.0,0.01174352004913868,LOW
2010-07-06,0.9824456912843982,0.0901542158132681,0.0,0.03180552517526949,LOW
2010-07-07,0.1443338387847857,0.8699354170058871,0.0,0.006512808941722598,LOW
2010-07-08,0.002118058241741,1.579526472039335,0.0,0.004704172604724961,LOW
2010-07-09,0.0330976629740562,2.1514981971908056,0.0,0.009751633463285312,LOW
2010-07-12,0.0020362862245615,2.908257846182892,0.0,0.009398882980834362,LOW
2010-07-13,0.0020152406798815,3.80891790665833,0.0,0.011745559651563783,LOW
2010-07-14,0.0187793918163293,4.875289201653609,0.0,0.017008396079937448,LOW
2010-07-15,0.0689369434528259,5.472456894249195,0.0,0.03006859010808572,LOW
2010-07-16,0.0020015702176125,6.142140717990878,0.0,0.018789731729642257,LOW
2010-07-19,0.0039362203308459,7.341124754780212,0.0,0.021642223307534042,LOW
2010-07-20,0.0333954011393092,8.880292193520628,0.0,0.03259201153411131,MEDIUM
2010-07-21,0.0028494368460036,9.946732603205014,0.0,0.026105700785633037,LOW
2010-07-22,0.0123353801729213,11.766370871228643,0.0,0.031774890910384525,LOW
2010-07-23,0.0071223463706708,13.315776964586744,0.0,0.032459878068131984,MEDIUM
2010-07-26,0.7128826358305304,4.757994338050588,0.0,0.3322595252549453,HIGH
2010-07-27,0.0107453746855557,8.803882073503798,0.0,0.03902760051499498,MEDIUM
2010-07-28,0.0027891880923475,13.656101051532648,0.0,0.03794403836846504,MEDIUM
2010-07-29,0.0020134116414905,17.556329929575227,0.0,0.03993400332595048,MEDIUM
2010-07-30,0.0020598663262455,18.42216095816799,0.0,0.04230725190078351,MEDIUM
2010-08-02,0.0521921953565422,18.83404502747442,0.0,0.0723243941523499,HIGH
2010-08-03,0.0430946115225824,12.335611572910006,0.0,0.07082857807476016,MEDIUM
2010-08-04,0.0020009744044332,18.053077627812595,0.0,0.04697398460649638,MEDIUM
2010-08-05,0.0020008146814337,19.772908885914177,0.0,0.046973892196108244,MEDIUM
2010-08-06,0.0020045200977496,20.69460349417292,0.0,0.04697603602673881,MEDIUM
2010-08-09,0.0072692026066034,21.38643974313657,0.0,0.05002331186874339,MEDIUM
2010-08-10,0.0020007056538315,22.45407222364645,0.0,0.04697382911638368,MEDIUM
2010-08-11,0.0020575225001789,23.672182934997963,0.0,0.04700670159536676,MEDIUM
2010-08-12,0.0424383086064864,23.768340869407837,0.0,0.07044636016546918,MEDIUM
2010-08-13,0.0021039127283456,25.38541750218394,0.0,0.04703354177938921,MEDIUM
2010-08-16,0.0020013359048856,26.455691718929604,0.0,0.04697419375858238,MEDIUM
2010-08-17,0.002003292413922,27.546468679785303,0.0,0.04697532572956821,MEDIUM
2010-08-18,0.0053284963908164,28.237026223305296,0.0,0.04889969892705436,MEDIUM
2010-08-19,0.0112794465178614,25.67842747205928,0.0,0.05234624956172759,MEDIUM
2010-08-20,0.0020000707553305,28.19580347589989,0.0,0.04697346178536534,MEDIUM
2010-08-23,0.0020004579419934,27.96653163695022,0.0,0.046973685798602234,MEDIUM
2010-08-24,0.0020110930905982,31.111238377138967,0.0,0.04697983894495144,MEDIUM
2010-08-25,0.0023027239535214,31.124578911977263,0.0,0.0471485710987338,MEDIUM
2010-08-26,0.0020005515038597,30.09781679321757,0.0,0.04697373993036695,MEDIUM
2010-08-27,0.0072928782980155,34.75371166431147,0.0,0.05003702159902124,MEDIUM
2010-08-30,0.041412810278417,34.68957960621247,0.0,0.06984921012386294,MEDIUM
2010-08-31,0.1608033482338754,28.93683654857264,0.0,0.1400087411770508,HIGH
2010-09-01,0.3033075959908672,16.01237890737266,0.0,0.22527044450031988,HIGH
2010-09-02,0.0260580832811775,12.29215554679153,0.0,0.06091981688637338,MEDIUM
2010-09-03,0.0023186211711635,18.25561044245081,0.0,0.04715776916126811,MEDIUM
2010-09-06,0.9999999988387066,4.799763591026438e-09,0.0,0.03232146149113576,MEDIUM
2010-09-07,0.0157576844853344,0.9842447706364844,0.0,0.002747102937915331,LOW
2010-09-08,0.1436367891558086,0.8729881336224934,0.0,0.012984392036632226,LOW
2010-09-09,0.6844604487427205,0.5714271613976702,0.0,0.0686069869117573,MEDIUM
2010-09-13,0.999996843642261,3.384177731665121e-06,0.0,0.032321368880684494,MEDIUM
2010-09-14,0.9020232411288616,0.0979777574012834,0.0,0.05884973157455489,MEDIUM
2010-09-15,0.5926337857819454,0.4083733242293877,0.0,0.020069569908607,LOW
2010-09-16,0.957508384033347,0.0624869322988632,0.0,0.03107026462457052,LOW
2010-09-17,0.4205150029151272,0.6231163328645326,0.0,0.014816528179945866,LOW
2010-09-20,1.0,0.0,0.0,0.032321461525221716,MEDIUM
2010-09-21,0.9230916452156954,0.0769083547843046,0.0,0.06010228147505945,MEDIUM
2010-09-22,0.935150699967143,0.064849998283328,0.0,0.0912263702877667,HIGH
2010-09-23,0.4328738808096116,0.6126316780445559,0.0,0.015192856775683071,LOW
2010-09-24,0.99985454382284,0.000224783138694,0.0,0.032317192089440054,MEDIUM
2010-09-27,0.5967991939233165,0.4032725729119238,0.0,0.02019674804210081,LOW
2010-09-28,0.0690783827372453,0.9766731606525964,0.0,0.008599297072510698,LOW
2010-09-29,0.5167755404885296,0.9244913836420224,0.0,0.05325768878394159,MEDIUM
2010-09-30,0.032199739903908,1.2673911603605057,0.0,0.012897760365992168,LOW
2010-10-01,0.9999892611146992,2.7801736136764725e-05,0.0,0.03232114632025528,MEDIUM
2010-10-04,0.8473148291323094,0.1527302234572905,0.0,0.05558112763991775,MEDIUM
2010-10-05,0.008355208822769,0.9944630329215364,0.0,0.0025326116375529134,LOW
2010-10-06,0.0047387161320594,1.973200433410245,0.0,0.004855830337878959,LOW
2010-10-07,0.012429145016611,2.9223295244735144,0.0,0.0079518738415416,LOW
2010-10-08,0.0035789943432375,3.6390451058312143,0.0,0.009577418292420807,LOW
2010-10-11,0.0022223051373437,3.484598762576033,0.0,0.011775510369596037,LOW
2010-10-12,0.0020526397610842,3.3968423857259085,0.0,0.014101162974249334,LOW
2010-10-13,0.9999817867268928,7.51648753801653e-05,0.0,0.0323209269336645,MEDIUM
2010-10-14,0.0100858513692506,1.0003622495597553,0.0,0.002582735020354471,LOW
2010-10-15,0.966724589942344,0.0672478423057626,0.0,0.031342313747986114,LOW
2010-10-18,0.744938203558086,0.2562101617965772,0.0,0.04940993054644874,MEDIUM
2010-10-19,0.994894184015416,0.00712187804882,0.0,0.09651461613025956,HIGH
2010-10-20,0.0026235359929846,1.038705976810748,0.0,0.0023667098093558005,LOW
2010-10-21,0.050515465395983,2.042975530315871,0.0,0.007515311391660742,LOW
2010-10-22,0.0625054425274874,2.789833678713951,0.0,0.01232266029508267,LOW
2010-10-25,0.004428500050407,2.9104831118611845,0.0,0.009675749456754701,LOW
2010-10-26,0.0020776272207487,3.3549965875151333,0.0,0.01175458341021925,LOW
2010-10-27,0.0033087124185187,4.219918040306398,0.0,0.014319203594265773,LOW
2010-10-28,0.1821840274029799,4.137373799651984,0.0,0.05344607973276666,MEDIUM
2010-10-29,0.0711429013785547,4.641633446745671,0.0,0.03488020121282031,MEDIUM
2010-11-01,0.516442263931663,2.616282733686395,0.0,0.1596814579024435,HIGH
2010-11-02,0.0068324144093871,4.212667036638445,0.0,0.024885196598507315,LOW
2010-11-03,0.7999883221508156,1.0478918440125136,0.0,0.026368177706298047,LOW
2010-11-04,0.9438190172116712,0.0587752806465208,0.0,0.061331004092218214,MEDIUM
2010-11-08,0.9983639959082388,0.0017012073682336,0.0,0.09682030800301072,HIGH
2010-11-09,0.0022844276264649,1.0037118083218908,0.0,0.0023568992475577273,LOW
2010-11-10,0.0020730097288161,1.429279228269934,0.0,0.004701566208203459,LOW
2010-11-11,0.999941106178267,0.0001761467478791,0.0,0.03231973288273641,MEDIUM
2010-11-12,0.9683983773911424,0.0316024844088095,0.0,0.06278336418527701,MEDIUM
2010-11-15,0.0531895096924772,0.9486087597900572,0.0,0.0038356336639684854,LOW
2010-11-16,0.999999977048513,4.6640346726252644e-08,0.0,0.0323214608515562,MEDIUM
2010-11-18,0.9999172557062094,8.274435537535626e-05,0.0,0.06463806564577876,MEDIUM
2010-11-19,0.9999723104392984,2.7689807698062328e-05,0.0,0.096961946362171,HIGH
2010-11-22,0.778309656800778,0.2217000686620694,0.0,0.10285695950875283,HIGH
2010-11-23,0.9998652424719644,0.0001983415347695,0.0,0.16158753059933656,HIGH
2010-11-24,0.9850748107886844,0.0149273626602033,0.0,0.1912973064001233,HIGH
2010-11-25,0.999394853081038,0.0006211860905561,0.0,0.22612589022888102,HIGH
2010-11-26,0.9970680778372364,0.002934488189617,0.0,0.2578830826007605,HIGH
2010-11-29,0.2351871900088328,0.7671686791559496,0.0,0.009216429016180699,LOW
2010-11-30,0.9505292253142446,0.0890730361779193,0.0,0.030864006955453657,LOW
2010-12-01,0.9999361234642918,6.669582635122053e-05,0.0,0.06463917326032252,MEDIUM
2010-12-02,0.9999997161677724,2.838322276017019e-07,0.0,0.09696435958277609,HIGH
2010-12-03,0.0828378124380117,0.9171654449764448,0.0,0.004702407679929729,LOW
2010-12-06,0.8432789796437287,0.1978782390777188,0.0,0.027669564269426752,LOW
2010-12-07,0.1824187275975575,1.0102501081284514,0.0,0.007642132005033941,LOW
2010-12-08,0.2405140606063824,1.5389948266578677,0.0,0.01875186707642204,LOW
2010-12-09,0.99999830118094,4.789236845459001e-06,0.0,0.03232141166196123,MEDIUM
2010-12-10,0.5778381573284558,0.4221689185267824,0.0,0.019617749495000066,LOW
2010-12-13,0.9892759274617122,0.0130574343886733,0.0,0.03200643457798814,LOW
2010-12-14,0.056473996998515,0.95425093075236,0.0,0.0039314579295097905,LOW
2010-12-15,0.0068954634271512,1.4787772270234016,0.0,0.0049806900112387845,LOW
2010-12-16,0.1228073447798603,2.034326744455121,0.0,0.017631589779733215,LOW
2010-12-20,0.388651068104978,1.8003276328183484,0.0,0.05539004367131515,MEDIUM
2010-12-21,0.0124234890540644,3.4889951952890623,0.0,0.013252303594997893,LOW
2010-12-22,0.3313061270821091,3.168262946623803,0.0,0.07265487099629517,HIGH
2010-12-23,0.004047477889813,3.907934300096433,0.0,0.016855377117402707,LOW
2010-12-24,0.9983874893446196,0.0072749957142704,0.0,0.03227412574463791,LOW
2010-12-27,0.338257620609431,0.6739319112612898,0.0,0.012319437645613968,LOW
2010-12-28,0.0035682199180895,1.0870184751814922,0.0,0.004788085614414245,LOW
2010-12-29,0.99420163115526,0.0126239070759889,0.0,0.0321511942059639,LOW
2010-12-30,0.3392296503639743,0.6662744418903453,0.0,0.012348853222539048,LOW
2010-12-31,0.0215454250339029,1.0825130631928297,0.0,0.005829970721825076,LOW
2011-01-03,0.9999702367779356,7.60520549542644e-05,0.0,0.032320587921604554,MEDIUM
2011-01-04,0.9609950898969248,0.0390080192939801,0.0,0.0623464605504523,MEDIUM
2011-01-05,0.9939765218100272,0.0060646805644473,0.0,0.09643374272948883,HIGH
2011-01-06,0.9999415030896952,5.8699890052158096e-05,0.0,0.12927897813148898,HIGH
2011-01-07,0.9999995079871028,4.920183418359823e-07,0.0,0.16160723541899258,HIGH
2011-01-10,0.9999999845782362,1.542176373831537e-08,0.0,0.19392876643539894,HIGH
2011-01-11,0.9998574424608,0.0001425575507213,0.0,0.2262209401991607,HIGH
2011-01-12,0.9999992183020228,7.817326410134948e-07,0.0,0.25857150864834866,HIGH
2011-01-13,0.999979088978416,2.091105964062432e-05,0.0,0.29088762974893495,HIGH
2011-01-14,0.9999987903647636,1.2098521535939097e-06,0.0,0.3232142602034892,HIGH
2011-01-17,0.999550635925606,0.0004493678067634,0.0,0.35539098612671627,HIGH
2011-01-18,0.99662739519594,0.0033726525821582,0.0,0.38666933176368107,HIGH
2011-01-19,0.9999640037108916,3.620655607554088e-05,0.0,0.42016526460316345,HIGH
2011-01-20,0.9998706990896384,0.0001293030421604,0.0,0.4524473279786272,HIGH
2011-01-21,0.8727900155576024,0.1272307927112899,0.0,0.4282947578300603,HIGH
2011-01-24,0.9989537183589928,0.0012479769354482,0.0,0.5166519825705452,HIGH
2011-01-25,0.9999886925891568,1.132288558284084e-05,0.0,0.5494592037614608,HIGH
2011-01-27,1.0,0.0,0.0,0.581786307453991,HIGH
2011-01-28,0.999966826071656,3.317392834412125e-05,0.0,0.6140892684098057,HIGH
2011-01-31,0.999879104564951,0.0001208954550698,0.0,0.6463582600804652,HIGH
2011-02-01,0.9999996720648504,3.279392731586024e-07,0.0,0.6464290379952442,HIGH
2011-02-02,0.9999838546403048,1.614535969531942e-05,0.0,0.6464197526126053,HIGH
2011-02-03,0.9978344661869212,0.0021655446628136,0.0,0.6451577777229858,HIGH
2011-02-04,0.9979110986412588,0.0020913998937601,0.0,0.6452027782074397,HIGH
2011-02-07,0.9988520330490346,0.0011815757200881,0.0,0.6457552754480207,HIGH
2011-02-08,0.9999999834014028,1.660189778206626e-08,0.0,0.6464292207604883,HIGH
2011-02-09,0.732791034608371,0.2672091907406934,0.0,0.024336867400855777,LOW
2011-02-10,0.0991400183707573,0.9012245897091796,0.0,0.010361410227673333,LOW
2011-02-11,0.9674722696670944,0.0635815722925912,0.0,0.03136436805845762,LOW
2011-02-14,0.9853766941318698,0.0155730805887391,0.0,0.06378353012265713,MEDIUM
2011-02-15,0.6693289021119376,0.3341563960174996,0.0,0.022408488484419713,LOW
2011-02-16,0.0134941543200145,1.2046898508854886,0.0,0.005362976891559752,LOW
2011-02-17,0.148313931208868,1.8130552693996,0.0,0.01989163939180565,LOW
2011-02-18,0.9954405464065638,0.0136171265180182,0.0,0.03218758719724687,LOW
2011-02-21,0.7779262593913632,0.2247556977715893,0.0,0.051405324228309984,MEDIUM
2011-02-22,0.0318208829545244,1.0597391119373964,0.0,0.00321342709931236,LOW
2011-02-23,0.0746834588638414,1.7532131427197473,0.0,0.008927227204015842,LOW
2011-02-24,0.9996608200745172,0.0009225298563317,0.0,0.03231150575461657,MEDIUM
2011-02-25,0.9976459373103534,0.0023542951647433,0.0,0.06450470666373433,MEDIUM
2011-02-28,0.9989770198007532,0.0010244053771614,0.0,0.09687429886798432,HIGH
2011-03-01,0.999859329671178,0.0001410525552096,0.0,0.12926933026147702,HIGH
2011-03-03,0.9445849808223818,0.0554503102407519,0.0,0.1534408541482698,HIGH
2011-03-04,0.732924805494544,0.2692717738051903,0.0,0.024340923050749273,LOW
2011-03-07,0.2227426188879143,0.9094785472806296,0.0,0.017688402561335238,LOW
2011-03-08,0.0594570061476894,1.4875616310141386,0.0,0.01205558901100926,LOW
2011-03-09,0.8582515791288442,0.3633755210240054,0.0,0.02811816839498727,LOW
2011-03-10,0.0106116802691278,1.2368047201433143,0.0,0.0025979670209734223,LOW
2011-03-11,0.8371428976374716,0.3481841157081736,0.0,0.02748548776265556,LOW
2011-03-14,0.999910366794768,0.0001239799477575,0.0,0.06463766123771508,MEDIUM
2011-03-15,0.9999994586042344,5.41425267212632e-07,0.0,0.09696433690297947,HIGH
2011-03-16,0.2417455716847685,0.7582565618203876,0.0,0.009412823721445453,LOW
2011-03-17,0.9977958005255512,0.0034644936640809,0.0,0.03225675360423937,LOW
2011-03-18,0.9999999895754847,1.0716220746948588e-08,0.0,0.06464292243848863,MEDIUM
2011-03-21,0.9998451386378416,0.000154861366061,0.0,0.09695074807437805,HIGH
2011-03-22,0.0987795440698547,0.9012222018631904,0.0,0.005170116120027504,LOW
2011-03-23,0.9997984075466028,0.0004021420798962,0.0,0.032315544349750855,MEDIUM
2011-03-24,0.4114721073053743,0.5886765015630628,0.0,0.014541332769283474,LOW
2011-03-25,0.9999669832038592,6.461612452328318e-05,0.0,0.032320492423165474,MEDIUM
2011-03-28,0.5919837911040998,0.4080323077533406,0.0,0.02004972328804333,LOW
2011-03-29,0.2860084059312326,0.7334572133398649,0.0,0.021484428997135235,LOW
2011-03-30,0.0168765422568969,1.7944537033572872,0.0,0.008338634722483682,LOW
2011-03-31,0.660055858806248,0.9648936269925454,0.0,0.0885043564125274,HIGH
2011-04-01,0.0505132721370589,1.6506870735248276,0.0,0.0187879587581237,LOW
2011-04-04,0.7780854039166439,0.4980773051791378,0.0,0.02570746798234856,LOW
2011-04-05,0.6775627453701795,0.4968056007517334,0.0,0.022659122960017125,LOW
2011-04-06,0.1134428019124004,1.2727316097005097,0.0,0.01120263557155245,LOW
2011-04-07,0.0044613430984461,2.300370799937382,0.0,0.007259663509755532,LOW
2011-04-08,0.2035054463259371,2.557145024506084,0.0,0.03307978413994356,MEDIUM
2011-04-11,0.0093521020488456,3.4719814058652343,0.0,0.01280741117940804,LOW
2011-04-13,0.9999993142032522,3.4010281226434523e-06,0.0,0.03232144139590952,MEDIUM
2011-04-15,0.946742946277226,0.0532592925339895,0.0,0.06150404545597491,MEDIUM
2011-04-18,0.998562890896066,0.0015584001097234,0.0,0.09683782583836988,HIGH
2011-04-19,0.5843674780866598,0.4215461706846406,0.0,0.01981715215172256,LOW
2011-04-20,0.9184009410388552,0.1160268823416072,0.0,0.029911861349397797,LOW
2011-04-21,0.3189127436019919,0.776874274678174,0.0,0.01173455742593107,LOW
2011-04-25,0.9444000887272116,0.0866408384025999,0.0,0.030682699153237614,LOW
2011-04-26,0.98935491113556,0.0118391287891915,0.0,0.06401751330086902,MEDIUM
2011-04-27,0.9470251654990384,0.0541197960309594,0.0,0.09228111550678506,HIGH
2011-04-28,0.9999879242836942,1.2365355436670828e-05,0.0,0.12928442832761342,HIGH
2011-04-29,0.3168719486448025,0.6832584220503671,0.0,0.01167291638602666,LOW
2011-05-02,0.9990052464051444,0.0017666435450267,0.0,0.03229226158288258,LOW
2011-05-03,0.9999058171801046,9.421347558285218e-05,0.0,0.06463739415597373,MEDIUM
2011-05-04,0.2787378833414378,0.7214415255645614,0.0,0.010523400879900823,LOW
2011-05-05,0.7652982822625007,0.3232075339896908,0.0,0.02532109056606227,LOW
2011-05-06,0.2937266647277166,0.9654538296379156,0.0,0.010974687712772472,LOW
2011-05-09,0.9975351525824192,0.0048763369605824,0.0,0.03224910041447454,LOW
2011-05-10,0.1959143965227069,0.8155951084435129,0.0,0.00804373565645673,LOW
2011-05-11,0.0155732086868727,1.478713503937106,0.0,0.005483509024882063,LOW
2011-05-12,0.0043075541012921,2.1161199647561006,0.0,0.007246311756388009,LOW
2011-05-13,0.1168208185500862,2.74940645208384,0.0,0.02280315840779484,LOW
2011-05-16,0.0035069339737324,3.7661206959649536,0.0,0.011961347319149267,LOW
2011-05-17,0.0511144568035465,4.262506085938898,0.0,0.02265072030868918,LOW
2011-05-18,0.0020835481611175,4.961425826976035,0.0,0.016457615770220566,LOW
2011-05-19,0.0198537661673026,5.8077908900844735,0.0,0.02292719944186743,LOW
2011-05-20,0.0024407872681435,6.734851613144061,0.0,0.02125280463291648,LOW
2011-05-23,0.8743253082188298,0.9259306304958534,0.0,0.028598855467809103,LOW
2011-05-24,0.0021154043254046,7.086448968083875,0.0,0.002352009527550969,LOW
2011-05-25,0.0020328374996347,9.748357345190804,0.0,0.0046992419576280375,LOW
2011-05-26,0.0020833927189914,10.774187669215888,0.0,0.0070532504112990665,LOW
2011-05-27,0.002959085077112,11.800275596032982,0.0,0.00950567172983811,LOW
2011-05-30,0.0027205522278963,12.762569444999054,0.0,0.011847583167487534,LOW
2011-05-31,0.8692898873166583,1.8183019074713125,0.0,0.02844837366662817,LOW
2011-06-01,0.0020037611260589,11.807630020851436,0.0,0.0023487798455429114,LOW
2011-06-02,0.999998016459545,7.75258698505206e-06,0.0,0.03232140330489745,MEDIUM
2011-06-03,0.0354664981998082,0.9648355188544716,0.0,0.003319429228016456,LOW
2011-06-06,0.0030856562636121,1.0822523452202215,0.0,0.0047601600682848156,LOW
2011-06-07,0.4397380555685614,1.18832728057638,0.0,0.04620592023755428,MEDIUM
2011-06-08,0.0020286502676511,2.715717203054591,0.0,0.00939799939441147,LOW
2011-06-09,0.0021866449790898,4.738348305049304,0.0,0.011770352254780455,LOW
2011-06-10,0.0035098987104872,5.68357136649243,0.0,0.014354131498521303,LOW
2011-06-13,0.0039075140401408,7.83619505992088,0.0,0.016827025557769593,LOW
2011-06-14,0.0020613087537264,9.054702677560869,0.0,0.018803556886387497,LOW
2011-06-15,0.0183900173794618,14.343473639396692,0.0,0.02541094550538024,LOW
2011-06-16,0.0030203325962238,15.481945937633022,0.0,0.023781900060006626,LOW
2011-06-17,0.9983247141221092,0.0363637174844596,0.0,0.032272282721799175,LOW
2011-06-20,0.9997493275156136,0.0003558750853965,0.0,0.06462820743376137,MEDIUM
2011-06-21,0.5805934963167287,0.4197483202434691,0.0,0.019701898781620167,LOW
2011-06-22,0.9995761916625434,0.0004484563785295,0.0,0.03230902162080373,LOW
2011-06-23,0.9471171529598424,0.0529372798722291,0.0,0.06152618619638908,MEDIUM
2011-06-24,0.9999999599312964,5.411636970339824e-08,0.0,0.09696438104740956,HIGH
2011-06-27,0.999999050807089,9.49192911065634e-07,0.0,0.12928573465911705,HIGH
2011-06-28,0.9997439160872836,0.0002560839416204,0.0,0.1615697243801408,HIGH
2011-06-29,0.9621723964813184,0.0378291733672275,0.0,0.18724791238640567,HIGH
2011-06-30,0.0522001413447745,0.9527055742609378,0.0,0.0038067787867065274,LOW
2011-07-01,0.9999938549192317,1.2914983673048076e-05,0.0,0.03232128115647361,MEDIUM
2011-07-04,0.9999973807745997,2.6192406492541847e-06,0.0,0.06464276929289425,MEDIUM
2011-07-05,0.6197645373478786,0.380237120548123,0.0,0.020897687423037117,LOW
2011-07-06,0.5521710426238924,0.4508347582827942,0.0,0.03766749629755104,MEDIUM
2011-07-07,0.9999984002142042,2.922589069163596e-06,0.0,0.03232141456875818,MEDIUM
2011-07-08,0.975716219539656,0.0242840968804889,0.0,0.06321475682328417,MEDIUM
2011-07-11,0.0591184988963628,0.9417184709940668,0.0,0.004008646845810849,LOW
2011-07-12,0.996743213439758,0.0064947491148875,0.0,0.03222584549659615,LOW
2011-07-13,0.2149438446623249,0.7923701604507847,0.0,0.008611227589163396,LOW
2011-07-14,0.9968123992630926,0.0063585434164572,0.0,0.03222787721734606,LOW
2011-07-15,0.9997845306433032,0.0002166213732429,0.0,0.0646302740517157,MEDIUM
2011-07-18,0.4165120297365733,0.5837802472253463,0.0,0.014694691299450514,LOW
2011-07-19,0.0602008397789294,1.0490078871294473,0.0,0.008080495949008107,LOW
2011-07-20,0.9999999183256668,2.1804041531585243e-07,0.0,0.0323214591279399,MEDIUM
2011-07-21,0.0153824207498746,0.9847271679757652,0.0,0.0027362232498387997,LOW
2011-07-22,0.9630499424534474,0.0667669606478901,0.0,0.031233887430812797,LOW
2011-07-25,0.5305943990332882,0.4717255785449947,0.0,0.018174643685218657,LOW
2011-07-26,0.9999711352244002,4.800454378376114e-05,0.0,0.032320614292667804,MEDIUM
2011-07-27,0.9599249345624412,0.0400821428710545,0.0,0.062283266329644926,MEDIUM
2011-07-28,0.9903326959981908,0.009848669799058,0.0,0.09611250192373336,HIGH
2011-07-29,0.113838992473676,0.9083663209010472,0.0,0.005612981736696631,LOW
2011-08-01,0.994367179103394,0.0109476587767457,0.0,0.03215605755418281,LOW
2011-08-02,0.0126762163299199,1.0008779504128902,0.0,0.0026577842341693036,LOW
2011-08-03,0.8133194088453216,0.3747706272570023,0.0,0.02676958968125693,LOW
2011-08-04,0.9880740777701448,0.0208262361033654,0.0,0.06394219500740131,MEDIUM
2011-08-05,0.9999881543934072,1.2002987976484348e-05,0.0,0.09696334150809167,HIGH
2011-08-08,0.999999999827598,1.7240200262914789e-10,0.0,0.12928584608064572,HIGH
2011-08-09,1.0,0.0,0.0,0.1616073076261086,HIGH
2011-08-10,1.0,0.0,0.0,0.1939287691513303,HIGH
2011-08-11,0.999998220430343,1.7795696569677943e-06,0.0,0.22624986504254427,HIGH
2011-08-12,1.0,0.0,0.0,0.25857169220177373,HIGH
2011-08-16,1.0,0.0,0.0,0.2908931537269955,HIGH
2011-08-17,0.9999967127080948,3.2872919051296634e-06,0.0,0.3232136503754018,HIGH
2011-08-18,0.9999999999989904,1.0095388268170796e-12,0.0,0.35553607677711296,HIGH
2011-08-19,0.9999997749165948,2.250834052403968e-07,0.0,0.38785745902364993,HIGH
2011-08-22,0.9994645865447536,0.0005354134552462,0.0,0.41997469252934183,HIGH
2011-08-23,0.9999987862453322,1.2154003637363228e-06,0.0,0.4524999625921112,HIGH
2011-08-24,0.9995150076329206,0.0004849931341473,0.0,0.4846083845990485,HIGH
2011-08-25,0.999973455354536,2.655460498835351e-05,0.0,0.5171309182840967,HIGH
2011-08-26,0.999961205335294,3.879564448714996e-05,0.0,0.5494454881419611,HIGH
2011-08-29,0.99999868075985,1.3195359121465245e-06,0.0,0.5817856104586088,HIGH
2011-08-30,0.99996182889305,3.81711161291736e-05,0.0,0.6140864815550745,HIGH
2011-09-02,0.9999999998735228,1.2647719929571457e-10,0.0,0.646429230430188,HIGH
2011-09-05,0.9986149128026072,0.0013850872165683,0.0,0.6456160508118719,HIGH
2011-09-06,0.9625647295880956,0.0374359673397556,0.0,0.6243913217124866,HIGH
2011-09-07,0.517813878139584,0.5236271508432255,0.0,0.017784275453438747,LOW
2011-09-08,0.9646040918746548,0.0427648324420902,0.0,0.03127975221813096,LOW
2011-09-09,0.999978250951314,2.28116579212738e-05,0.0,0.0646416463045366,MEDIUM
2011-09-12,0.0507769780101903,0.9493333369194366,0.0,0.0037652802245800397,LOW
2011-09-13,0.3263288213227663,0.9463239195849854,0.0,0.023917310968814096,LOW
2011-09-14,0.0199172052762,1.454137879438664,0.0,0.008603221341602286,LOW
2011-09-15,0.9577199943260096,0.0882170826714016,0.0,0.03107651516292675,LOW
2011-09-16,0.9661338428833984,0.0343008368362132,0.0,0.06264977352902219,MEDIUM
2011-09-19,0.0025011468954244,1.064635475350755,0.0,0.002363168973737634,LOW
2011-09-20,0.996647389198224,0.0067738559805553,0.0,0.03222303147291287,LOW
2011-09-21,0.0066510196573398,0.99455454927154,0.0,0.002483268165375367,LOW
2011-09-22,0.9999622647931172,7.54842551538625e-05,0.0,0.032320353928966615,MEDIUM
2011-09-23,0.7762822992196982,0.2237426747762045,0.0,0.05130602659504882,MEDIUM
2011-09-26,0.9968818169279052,0.0033063744328799,0.0,0.09668974717462674,HIGH
2011-09-27,0.9999813389113812,1.889101636330368e-05,0.0,0.12928365515789567,HIGH
2011-09-28,0.9999722798730026,2.7720359156530023e-05,0.0,0.16160323945106658,HIGH
2011-09-29,0.990251084140196,0.009748960495323,0.0,0.1922106099351828,HIGH
2011-09-30,0.5231034418975566,0.4771994760206875,0.0,0.017945833665570038,LOW
2011-10-03,0.6857235217504555,0.4671661167576608,0.0,0.04581483440725087,MEDIUM
2011-10-04,0.7169376940469855,0.5331335920048604,0.0,0.0715677934948371,MEDIUM
2011-10-05,0.902140298421145,0.1499873685332718,0.0,0.0294283503286732,LOW
2011-10-07,0.9999999999973098,2.6901864696122648e-12,0.0,0.06464292305028552,MEDIUM
2011-10-10,0.808407146253327,0.1915928571261424,0.0,0.07986522774756687,HIGH
2011-10-11,0.6554037890491812,0.3446057779180833,0.0,0.021984366237079486,LOW
2011-10-12,0.7811421767854245,0.2966332533427785,0.0,0.025799762545578166,LOW
2011-10-13,0.9751453087404318,0.0316234496790276,0.0,0.06318111801117503,MEDIUM
2011-10-14,0.9991218282667376,0.0008847739002626,0.0,0.09688705184947612,HIGH
2011-10-17,0.919550762367385,0.0806562376624069,0.0,0.11978404358493373,HIGH
2011-10-18,0.9981645823704204,0.0023972460976294,0.0,0.1613379066041916,HIGH
2011-10-19,0.1290236216909429,0.872158353550067,0.0,0.006060539098406639,LOW
2011-10-20,0.3049601556410379,1.2174245656616316,0.0,0.022626739839581266,LOW
2011-10-21,0.0027600229818926,1.219679971153944,0.0,0.007111975781608536,LOW
2011-10-24,0.9967701766440544,0.0071744030665421,0.0,0.032226637304441995,LOW
2011-10-25,0.0029893507501387,1.0623586377286922,0.0,0.002377293606510501,LOW
2011-10-28,0.9999981880435118,3.626167394773501e-06,0.0,0.03232140834118272,MEDIUM
2011-10-31,0.0020561128920034,0.9980055703815064,0.0,0.002350294301788664,LOW
2011-11-01,0.8750773884585149,0.2474448316586155,0.0,0.028621322951120538,LOW
2011-11-02,0.9929247631139646,0.0070999969771197,0.0,0.06422735838164188,MEDIUM
2011-11-03,0.0419033249746905,0.9812004223702032,0.0,0.003506741289300794,LOW
2011-11-04,0.9999760513402748,4.808518898309972e-05,0.0,0.03232075858968517,MEDIUM
2011-11-08,0.0158623813343197,0.98465415363968,0.0,0.0027501384384929725,LOW
2011-11-09,0.99981198649898,0.0003760165818356,0.0,0.032315942927158926,MEDIUM
2011-11-11,0.9699215854336476,0.0300858767791121,0.0,0.06287319702209251,MEDIUM
2011-11-14,0.9997389878557018,0.0002695379119029,0.0,0.09694140065479157,HIGH
2011-11-15,0.0060299127842705,0.9949777004521416,0.0,0.0024652878951236298,LOW
2011-11-16,0.0121002538056669,1.7849053035789348,0.0,0.005282188930627013,LOW
2011-11-17,0.2364397824737028,1.668756188868292,0.0,0.027761779870976368,LOW
2011-11-18,0.4342386473993866,1.277154174204005,0.0,0.06093771485385884,MEDIUM
2011-11-21,0.9778610005771206,0.0348911662906852,0.0,0.031670552295154024,LOW
2011-11-22,0.0398608502687024,1.0385088021009727,0.0,0.0034472842953692075,LOW
2011-11-23,0.6900658555405752,0.656372210043241,0.0,0.046078969288033574,MEDIUM
2011-11-24,0.839339535741787,0.1849544678688954,0.0,0.027551399856428106,LOW
2011-11-25,0.0217797032634708,1.1565052400398894,0.0,0.00292178426984825,LOW
2011-11-28,0.999862277741579,0.0003154849538275,0.0,0.032317419098133175,MEDIUM
2011-11-29,0.767046172972345,0.2332578663442886,0.0,0.05074786441089838,MEDIUM
2011-11-30,0.999809735965364,0.0002375634334144,0.0,0.09694763060468348,HIGH
2011-12-01,0.99999998166129,1.833870995822836e-08,0.0,0.12928584394779646,HIGH
2011-12-02,0.6975028143167513,0.3024974812594589,0.0,0.02326558838911333,LOW
2011-12-05,0.0068831373678322,0.993488376403184,0.0,0.004979976299472232,LOW
2011-12-07,0.0420252222418438,1.8682102240635672,0.0,0.010530871092601968,LOW
2011-12-08,0.8371092072117078,0.4813496295192297,0.0,0.027484476720966607,LOW
2011-12-09,0.9997657710909396,0.0003652927208879,0.0,0.06462917276380191,MEDIUM
2011-12-12,0.9999999993117918,6.882081550935078e-10,0.0,0.0969643845150649,HIGH
2011-12-13,0.9986506153928064,0.0013493846632108,0.0,0.12912740276639864,HIGH
2011-12-14,0.6311721686271808,0.3688287481398025,0.0,0.021245683328146185,LOW
2011-12-15,0.9238548544746256,0.0946254576234166,0.0,0.030073793913699368,LOW
2011-12-16,0.9837746583216982,0.0167088844397066,0.0,0.0636892650491683,MEDIUM
2011-12-19,0.9523702309879346,0.0608405684393492,0.0,0.09275530529141147,HIGH
2011-12-20,0.999791741083742,0.0002113406183336,0.0,0.12926139468601586,HIGH
2011-12-21,0.9999958596625824,4.140505004044525e-06,0.0,0.16160669999588323,HIGH
2011-12-22,0.9999082575941548,9.1742702685643e-05,0.0,0.19391261225605974,HIGH
2011-12-23,0.2189266854129552,0.781095543860719,0.0,0.008730178804545135,LOW
2011-12-26,0.6531517846019638,0.4558528780102579,0.0,0.04383149743401169,MEDIUM
2011-12-27,0.2287356394050758,1.1150948106745942,0.0,0.02707015876546434,LOW
2011-12-28,0.1373288923299842,1.6884944505966453,0.0,0.025223020890186756,LOW
2011-12-29,0.1304666876666761,1.980532186590243,0.0,0.03051562389464749,LOW
2011-12-30,0.8415493305083905,0.4654861210250207,0.0,0.027617689781162216,LOW
2012-01-03,0.9999284699951896,0.0001166088094656,0.0,0.06463872397077838,MEDIUM
2012-01-04,0.0323356896393602,0.9738946148908822,0.0,0.0032283921773033457,LOW
2012-01-05,0.069098499440482,1.3951988286438306,0.0,0.008600473506186559,LOW
2012-01-06,0.8700513361618534,0.294690522089198,0.0,0.028471135390095426,LOW
2012-01-09,0.5672212092476705,0.6727338813880893,0.0,0.01929347568711361,LOW
2012-01-10,0.999990035874945,1.3229070378774645e-05,0.0,0.032321169060833675,MEDIUM
2012-01-11,0.3181075463374931,0.682067920044698,0.0,0.011710235476399843,LOW
2012-01-12,0.0534915009776067,0.9832030618890298,0.0,0.007688884247806261,LOW
2012-01-13,0.4755511849983495,0.983539206018286,0.0,0.049482057995666524,MEDIUM
2012-01-16,0.4202559193618896,1.0657286986541163,0.0,0.059234566937050696,MEDIUM
2012-01-17,0.0442364264096231,2.10070788737816,0.0,0.017873410953132877,LOW
2012-01-18,0.0045332985809454,3.0515431949731315,0.0,0.014531821404799328,LOW
2012-01-19,0.9969290542869608,0.0134437918317896,0.0,0.03223130287693748,LOW
2012-01-20,0.0998513841476962,0.9933502143026006,0.0,0.005201603305443243,LOW
2012-01-23,0.0122654875342811,1.6020452901113604,0.0,0.005291764626432991,LOW
2012-01-24,0.0020046096204326,2.0143764897328897,0.0,0.007046413173240223,LOW
2012-01-25,0.0020048000069143,2.9971482454851657,0.0,0.009395239594584735,LOW
2012-01-27,0.0465921363922935,3.795823469851897,0.0,0.01821653529727876,LOW
2012-01-30,0.0127115460286618,4.56749313597945,0.0,0.01595284823915152,LOW
2012-01-31,0.0021950566479358,5.574560854606353,0.0,0.016480196558007483,LOW
2012-02-01,0.0020088505077794,6.643926080300656,0.0,0.018791416583833,LOW
2012-02-02,0.0202121497954239,7.370051171105742,0.0,0.02588667952748011,LOW
2012-02-03,0.0020012253390566,8.223065535261794,0.0,0.023487064894442904,LOW
2012-02-06,0.0056002875960202,9.121118860874097,0.0,0.026981370272449286,LOW
2012-02-07,0.2452484789183291,7.069586742546481,0.0,0.11421340526918417,HIGH
2012-02-08,0.0020032765665588,9.183307957200128,0.0,0.030533955764526537,LOW
2012-02-09,0.0023905044305907,9.940400222376706,0.0,0.033039552564673676,MEDIUM
2012-02-10,0.0020125428190818,9.679014115461223,0.0,0.035235508283160445,MEDIUM
2012-02-13,0.0020019114560998,9.364320791630478,0.0,0.037579621402651454,MEDIUM
2012-02-14,0.0020000577794003,9.57456690029633,0.0,0.03992743613623788,MEDIUM
2012-02-15,0.0169109499869715,10.742161023355006,0.0,0.05004976812912139,MEDIUM
2012-02-16,0.0020273489899637,11.725740850165176,0.0,0.044639781888317395,MEDIUM
2012-02-17,0.8293688919099249,2.201583551428684,0.0,0.02725208823664631,LOW
2012-02-21,0.0020043384887618,10.928042022729874,0.0,0.0023487965476894513,LOW
2012-02-22,0.9770413156298884,0.1482782548834123,0.0,0.03164641110335692,LOW
2012-02-23,0.0043485697767819,1.3466829059298324,0.0,0.0024166242164579722,LOW
2012-02-24,0.0142226006486034,2.154545759941428,0.0,0.0054052035850459396,LOW
2012-02-27,0.9999980238277394,5.945724644215554e-06,0.0,0.032321403521166664,MEDIUM
2012-02-28,0.0283524067562901,0.9717201993086944,0.0,0.0031126330875611524,LOW
2012-02-29,0.9999019118585338,0.0001959434986016,0.0,0.032318582448415324,MEDIUM
2012-03-01,0.1369333341345673,0.8630811271781372,0.0,0.006294069490004415,LOW
2012-03-02,0.5329321027988054,0.6557028540851407,0.0,0.036492102543286775,MEDIUM
2012-03-05,0.7234459321238069,0.3804967587383975,0.0,0.07216031680733008,HIGH
2012-03-06,0.9999165194783008,0.0001307761922667,0.0,0.03231901121306281,MEDIUM
2012-03-07,0.6520651222239325,0.3483663003016947,0.0,0.02188263602921056,LOW
2012-03-09,0.999875932523858,0.0001306032610658,0.0,0.0323178198974332,MEDIUM
2012-03-12,0.9999999999632108,3.678925648172443e-11,0.0,0.06464292304828378,MEDIUM
2012-03-13,0.86364620500584,0.1363537960853745,0.0,0.08483880572517878,HIGH
2012-03-14,0.99999999229994,1.4769797044617824e-08,0.0,0.129285845196847,HIGH
2012-03-15,0.9994242108789688,0.0005757891226591,0.0,0.16152280191782295,HIGH
2012-03-16,0.9990173014319724,0.0009827412090941,0.0,0.19375569283211605,HIGH
2012-03-19,0.9999557296123752,4.435776789121882e-05,0.0,0.2262411347629879,HIGH
2012-03-20,0.4524317337101612,0.5475926490830492,0.0,0.015788860597479238,LOW
2012-03-21,0.999977215041931,4.423243385778936e-05,0.0,0.03232079274644722,MEDIUM
2012-03-22,0.9978522419775548,0.0021481159623163,0.0,0.06451682161564808,MEDIUM
2012-03-23,0.5939374796027805,0.4063939627288241,0.0,0.02010937546282074,LOW
2012-03-26,0.9999973880827628,3.632197007527086e-06,0.0,0.03232138486095434,MEDIUM
2012-03-27,0.9876378378760784,0.0123629471055347,0.0,0.0639165389755184,MEDIUM
2012-03-28,0.0209654562641797,0.9793292304243316,0.0,0.0028981553895330407,LOW
2012-03-29,0.1924000960940017,1.566511751964822,0.0,0.01587817498715363,LOW
2012-03-30,0.987031925457406,0.0329436413893753,0.0,0.03194045070272479,LOW
2012-04-02,0.0136809773199471,1.0561302454858197,0.0,0.002686903101112251,LOW
2012-04-03,0.8412310943774289,0.3346065532921263,0.0,0.02760814431269827,LOW
2012-04-04,0.0487773084907716,1.029902031349043,0.0,0.0037069869076592162,LOW
2012-04-09,0.2420833160710747,1.55140457013726,0.0,0.01884588375955026,LOW
2012-04-10,0.7515920289464081,0.7217808732265435,0.0,0.024906439890117482,LOW
2012-04-11,0.9985533166526596,0.0030657617183488,0.0,0.06455798839425861,MEDIUM
2012-04-12,0.0226869291495734,0.9903504278972682,0.0,0.0029481149875981586,LOW
2012-04-13,0.4974329365947649,0.9954858396706898,0.0,0.03432381090596279,MEDIUM
2012-04-16,0.0251535275176422,1.8354506527635108,0.0,0.009059170065834458,LOW
2012-04-17,0.0106437895348169,2.245743596813969,0.0,0.010395588765546701,LOW
2012-04-18,0.044973344338232,3.1251853210919025,0.0,0.01798073398442086,LOW
2012-04-19,0.0022357405333959,4.17664348106397,0.0,0.01413294451142816,LOW
2012-04-20,0.0602553353111827,4.666001119491709,0.0,0.028292874567943094,LOW
2012-04-23,0.0746481059467713,5.1654130502757445,0.0,0.03570063180788141,MEDIUM
2012-04-24,0.0027971496918218,5.482105778273716,0.0,0.02134559469148352,LOW
2012-04-25,0.0052198774810945,5.3160959117343065,0.0,0.02441841109121524,LOW
2012-04-26,0.003123365660211,5.898551525854235,0.0,0.026192882099172046,LOW
2012-04-27,0.0023531894511472,6.432209719160314,0.0,0.028306662181942378,LOW
2012-04-30,0.0020120384073595,7.47645706340002,0.0,0.030537250818476122,LOW
2012-05-02,0.002084216022326,8.117001346569964,0.0,0.0329155020256139,MEDIUM
2012-05-03,0.0020203358018627,8.682989647836552,0.0,0.03523888986121189,MEDIUM
2012-05-04,0.0074049666778541,8.480001927997815,0.0,0.04008154288921458,MEDIUM
2012-05-07,0.999975563911657,0.0002517900618778,0.0,0.0323207442827661,MEDIUM
2012-05-08,0.9999394050680904,6.059626545520203e-05,0.0,0.06463936590355707,MEDIUM
2012-05-09,0.9992647660578068,0.0007352478878752,0.0,0.09689963980810286,HIGH
2012-05-10,0.5082472286848163,0.4918876310551147,0.0,0.01749211249600362,LOW
2012-05-11,0.0300990308954431,1.0361160014715125,0.0,0.006326766033666673,LOW
2012-05-14,0.0731367981511569,1.8289576123293825,0.0,0.013255064682393215,LOW
2012-05-15,0.9687012609048508,0.0910754344672002,0.0,0.0314006143377814,LOW
2012-05-16,0.999342228904728,0.0007093297432134,0.0,0.06460430769063767,MEDIUM
2012-05-17,0.427142937181897,0.5737360803251628,0.0,0.015018318781616325,LOW
2012-05-18,0.9999999036258516,1.9016422111389355e-07,0.0,0.0323214586964751,MEDIUM
2012-05-21,0.3335017967640087,0.6664992124863888,0.0,0.01217555318751528,LOW
2012-05-22,0.9999999995864026,8.271946486687223e-10,0.0,0.03232146151308193,MEDIUM
2012-05-23,0.8484895560942103,0.1515104444887233,0.0,0.05565154537885404,MEDIUM
2012-05-24,0.931166640008616,0.0689549681533076,0.0,0.09087209055993974,HIGH
2012-05-25,0.7834661655621746,0.3340687601882821,0.0,0.10347965412098165,HIGH
2012-05-28,0.4754178764175559,0.7977708777756868,0.0,0.016489951693654966,LOW
2012-05-29,0.9979016657344064,0.0045777940224553,0.0,0.03225986194990671,LOW
2012-05-30,0.0183809594181576,1.013333204188538,0.0,0.0028231756604934983,LOW
2012-05-31,0.9301822971275878,0.1421396311566229,0.0,0.030261509356002383,LOW
2012-06-01,0.999757822435462,0.0003284255499227,0.0,0.06462870613347454,MEDIUM
2012-06-04,0.9999984884190622,1.5116335930698483e-06,0.0,0.0969642514731681,HIGH
2012-06-05,0.4183639185719754,0.5816432802822101,0.0,0.014751053093139838,LOW
2012-06-06,0.9999094645510264,0.0001750219544798,0.0,0.03231880413609138,MEDIUM
2012-06-07,0.950723786991367,0.0492794556619304,0.0,0.06173951945664206,MEDIUM
2012-06-08,0.5196056088503745,0.4854567391776807,0.0,0.01783899882751205,LOW
2012-06-11,0.812052491453696,0.2303124672819671,0.0,0.026731466012356816,LOW
2012-06-12,0.9999988421235988,1.4941740771637405e-06,0.0,0.06464285507911963,MEDIUM
2012-06-13,0.1124054498337829,0.8876731948610355,0.0,0.005570781151169936,LOW
2012-06-14,0.2687288700276818,0.8747380682204327,0.0,0.020444904688683603,LOW
2012-06-15,0.9999864339322132,3.70088641083802e-05,0.0,0.03232106333744477,MEDIUM
2012-06-18,0.9993437595546758,0.0006568426023776,0.0,0.06460439755405689,MEDIUM
2012-06-19,0.9851820968221686,0.0149049596261203,0.0,0.09565812160787578,HIGH
2012-06-20,0.0026438864477218,1.000715250829174,0.0,0.0023672985746417095,LOW
2012-06-21,0.2541471094714732,1.4917372190399358,0.0,0.019569230328582873,LOW
2012-06-22,0.9965347977127036,0.0093905376784766,0.0,0.0322197250013142,LOW
2012-06-25,0.0691660573076713,0.937037225791532,0.0,0.004302212173552274,LOW
2012-06-26,0.0029035211293251,1.7363367737825612,0.0,0.004749620633762398,LOW
2012-06-27,0.124590055994859,2.5002235692642216,0.0,0.01778927576946118,LOW
2012-06-28,0.0067615765286487,1.5522983935294865,0.0,0.009945875357309973,LOW
2012-06-29,0.9999969926770832,8.543635297026507e-06,0.0,0.03232137325511427,MEDIUM
2012-07-02,0.0134388809886023,0.988006710450128,0.0,0.0026798865007760728,LOW
2012-07-03,0.2309782619241065,1.26766798421855,0.0,0.018180944993504915,LOW
2012-07-04,0.2032334916071998,1.1688658109368664,0.0,0.024785514013962364,LOW
2012-07-05,0.0104428962924065,2.257473067756704,0.0,0.010372310451492645,LOW
2012-07-06,0.4577701924871811,1.734774425759514,0.0,0.0797581637632167,HIGH
2012-07-09,0.0213694430588529,3.008688115936756,0.0,0.01745927050056074,LOW
2012-07-10,0.997664069610211,0.0068979889760718,0.0,0.032252885736426144,LOW
2012-07-11,0.0031328340774141,1.1269433611820627,0.0,0.0023814450556654504,LOW
2012-07-12,0.999987645350406,2.476713779177763e-05,0.0,0.03232109889471751,MEDIUM
2012-07-13,0.0177256641081758,0.9824558548191858,0.0,0.0028041696357776346,LOW
2012-07-16,0.2362672657343486,1.2088966989839802,0.0,0.01849752364783012,LOW
2012-07-17,0.0150273402001341,1.465346707850941,0.0,0.00817778796962089,LOW
2012-07-18,0.0021461598021109,2.469679977834521,0.0,0.009411597003595739,LOW
2012-07-19,0.9982025327363532,0.0056232986815064,0.0,0.03226869553801874,LOW
2012-07-20,0.0022746913799799,1.0854160112175375,0.0,0.002356617581443326,LOW
2012-07-23,0.0046548787315753,2.2925674215995406,0.0,0.004850977658012592,LOW
2012-07-24,0.0020004476861227,3.708091466490208,0.0,0.0070460519797348065,LOW
2012-07-25,0.0020240378532462,4.33766017088555,0.0,0.009397465674442974,LOW
2012-07-26,0.6088411748238214,2.1908681297884782,0.0,0.10282171874150343,HIGH
2012-07-27,0.9994538088938606,0.0006544376249573,0.0,0.032305429210509155,LOW
2012-07-30,0.8198622637416944,0.1802377428520895,0.0,0.05393278365684018,MEDIUM
2012-07-31,0.2470505928562471,1.0098739724915298,0.0,0.009571798802357576,LOW
2012-08-01,0.0020307013204892,1.46343935864607,0.0,0.004699118364822496,LOW
2012-08-02,0.00295835130632,2.2975854895729837,0.0,0.0071291901071622145,LOW
2012-08-03,0.219225174542594,2.4232618855836074,0.0,0.03495638349077867,MEDIUM
2012-08-06,0.0212637251787654,2.103633113373906,0.0,0.014534052926412007,LOW
2012-08-07,0.0057189451678372,2.4252363792480125,0.0,0.014737718710637643,LOW
2012-08-08,0.0049689998500929,3.0790725680684568,0.0,0.017042059894831346,LOW
2012-08-09,0.0056428214922882,3.967681044829456,0.0,0.019632664019248666,LOW
2012-08-10,0.002273196590864,4.841647449032293,0.0,0.021209169039934764,LOW
2012-08-13,0.002040615965687,5.538476289044253,0.0,0.023498459981482103,LOW
2012-08-14,0.0022475578434868,6.007215580691044,0.0,0.025914158823653638,LOW
2012-08-16,0.0213877626069947,6.873192793405204,0.0,0.03492492045353052,MEDIUM
2012-08-17,0.0064032901679851,7.689863119812669,0.0,0.03218925434016221,LOW
2012-08-21,0.9942153512515374,0.0513049108666937,0.0,0.032151597269703354,LOW
2012-08-22,0.0327485603506894,1.555027011049781,0.0,0.003240394938898783,LOW
2012-08-23,0.0079233208830199,6.701038759216036,0.0,0.005040210732251228,LOW
2012-08-24,0.0023491095181387,8.81411739513845,0.0,0.007076311448368856,LOW
2012-08-27,0.0020764755561451,10.59865927482027,0.0,0.009403533463595057,LOW
2012-08-28,0.0020612591996803,11.681309839113288,0.0,0.011752215886343087,LOW
2012-08-29,0.0456686449936693,10.748408055734966,0.0,0.02169840900761145,LOW
2012-08-30,0.0022191009545707,12.306717930183186,0.0,0.016485065652652446,LOW
2012-08-31,0.0029491877525206,11.748394707690544,0.0,0.01900905259979986,LOW
2012-09-03,0.003048046388092,8.502815673278596,0.0,0.02141092669071922,LOW
2012-09-04,0.0020000633378132,7.723117445456735,0.0,0.023486728746919185,LOW
2012-09-05,0.0020002151786297,4.700267284567216,0.0,0.025835449939116455,LOW
2012-09-06,0.0020000817899424,4.144405475402754,0.0,0.028184080901773233,LOW
2012-09-07,0.999999674726326,1.681572391191863e-06,0.0,0.03232145197788109,MEDIUM
2012-09-10,0.4991379410813707,0.5008724025227469,0.0,0.01721396182005014,LOW
2012-09-11,0.0065934715768933,1.0054202729877977,0.0,0.004963204287712133,LOW
2012-09-12,0.0020009157639112,1.8995846559196463,0.0,0.007046092601857552,LOW
2012-09-13,0.002000177021889,2.0837797015963417,0.0,0.0093947046535272,LOW
2012-09-14,0.9999824898135058,6.752831152653342e-05,0.0,0.032320947570519155,MEDIUM
2012-09-17,0.962263291061481,0.0377378957514798,0.0,0.06242133687323253,MEDIUM
2012-09-18,0.0021692527496848,0.998327318241374,0.0,0.0023535673083275744,LOW
2012-09-20,0.9999999978865408,4.2631151691429795e-09,0.0,0.03232146146318807,MEDIUM
2012-09-21,0.9892031119374456,0.0107968903982833,0.0,0.0640085876417599,MEDIUM
2012-09-24,0.0083885990458533,0.9916196935001256,0.0,0.0025335785619041455,LOW
2012-09-25,0.0407219891970533,1.8305160029339504,0.0,0.006944699844342807,LOW
2012-09-26,0.0085913768936377,1.847554348856591,0.0,0.0076183523333025645,LOW
2012-09-27,0.0683563444643377,2.5179550302529554,0.0,0.01711414880802092,LOW
2012-09-28,0.6839302832098432,1.046098312210246,0.0,0.11426433800965277,HIGH
2012-10-01,0.0031307065259618,3.1407528410832994,0.0,0.01428830098697113,LOW
2012-10-03,0.0140305860414342,4.524275103829324,0.0,0.018879253288366506,LOW
2012-10-04,0.2729029976851309,4.202785562528324,0.0,0.08278334941442547,HIGH
2012-10-05,0.9999810422208104,6.984427880579375e-05,0.0,0.03232090508107162,MEDIUM
2012-10-08,0.9999999962052885,3.794711493575781e-09,0.0,0.06464292282768085,MEDIUM
2012-10-09,0.9965667686569656,0.0034332314794935,0.0,0.09666199169120888,HIGH
2012-10-10,0.9977763744596554,0.0022239048507608,0.0,0.12902473289293395,HIGH
2012-10-11,0.9936084900125924,0.0064394836174485,0.0,0.16066884164823866,HIGH
2012-10-12,0.9987195892469964,0.0012841335770037,0.0,0.19370325359372362,HIGH
2012-10-15,0.9727422004981648,0.0272798226635149,0.0,0.2206382235450476,HIGH
2012-10-16,0.9999992314248256,8.261771590718221e-07,0.0,0.2585715117297633,HIGH
2012-10-17,0.9995579841483756,0.000442016134985,0.0,0.2907763844732218,HIGH
2012-10-18,0.3076902163474901,0.6923385804584687,0.0,0.011395737238014961,LOW
2012-10-19,0.0969798180920584,1.2781931082098537,0.0,0.010234515089673366,LOW
2012-10-22,0.1975611054828234,1.6372845216153855,0.0,0.024278363365002498,LOW
2012-10-23,0.0132130855012779,1.8926337804918647,0.0,0.010693370362135962,LOW
2012-10-25,0.0020759465156457,2.803760913882627,0.0,0.011754340307268652,LOW
2012-10-29,0.9405473033722476,0.2145322704398932,0.0,0.030568647425883246,LOW
2012-10-30,0.8361646184766984,0.1938682514135257,0.0,0.05491225647799347,MEDIUM
2012-10-31,0.0034625845810438,1.3812756675301086,0.0,0.0023909862001581243,LOW
2012-11-01,0.010604825489746,2.975872546150254,0.0,0.005195536892233987,LOW
2012-11-02,0.9974407973065472,0.0114151147073028,0.0,0.032246329863689104,LOW
2012-11-05,0.003030194686082,1.0475338509773602,0.0,0.0023784753473478407,LOW
2012-11-06,0.0530107022197288,1.9227555239215968,0.0,0.007660836837653106,LOW
2012-11-07,0.0027729495452021,2.9854583404803043,0.0,0.0071130977530298066,LOW
2012-11-08,0.9982951559620096,0.0068109599201068,0.0,0.03227141491527482,LOW
2012-11-09,0.003738173350245,1.0028600003226904,0.0,0.002398960598157576,LOW
2012-11-12,0.0025633384279591,1.9251003307460692,0.0,0.004729936452883673,LOW
2012-11-15,0.0022936009907149,2.127113412521328,0.0,0.007071493890298951,LOW
2012-11-16,0.0354510612450416,2.9155123954163726,0.0,0.013275920972942334,LOW
2012-11-19,0.0048913534761336,3.954965105455147,0.0,0.012161663671949792,LOW
2012-11-20,0.3339954551079141,3.2911230680286083,0.0,0.0731429140973851,HIGH
2012-11-21,0.0022922648315874,5.37152299717293,0.0,0.01649988182788242,LOW
2012-11-22,0.0021401106328116,6.64161050021239,0.0,0.018821794035918438,LOW
2012-11-23,0.014439304639151,7.418174946579167,0.0,0.024379949150688612,LOW
2012-11-26,0.7024799929863823,2.160589373943129,0.0,0.23416847195504992,HIGH
2012-11-27,0.8884717695751433,0.119314878714413,0.0,0.02902110344144201,LOW
2012-11-29,0.9345322381664868,0.0688550964365208,0.0,0.06078092467494616,MEDIUM
2012-11-30,0.0020111502181818,1.0899532034693626,0.0,0.0023489935998558305,LOW
2012-12-03,0.0020101063998523,2.056122527619634,0.0,0.004697926807776802,LOW
2012-12-04,0.0020064796896835,2.4632226871736576,0.0,0.0070465754672961725,LOW
2012-12-05,0.0020036850036216,2.913735767349352,0.0,0.009395110573788085,LOW
2012-12-06,0.9941524765102138,0.0272602962441175,0.0,0.032149750152713576,LOW
2012-12-07,0.0022947831688785,1.5816057068784015,0.0,0.00235719883017085,LOW
2012-12-10,0.0020113585971654,5.951081641693905,0.0,0.0046979992558433955,LOW
2012-12-11,0.1963860513128195,5.599304414321498,0.0,0.024173352629204288,LOW
2012-12-12,0.0030464463931454,7.76982436353869,0.0,0.009515782245845594,LOW
2012-12-13,0.7806204794450098,2.1589316732374755,0.0,0.025784012623154724,LOW
2012-12-14,0.0021371940061859,8.137968780447473,0.0,0.0023526398794643188,LOW
2012-12-17,0.0020690814250154,12.672904686706987,0.0,0.004701338927081856,LOW
2012-12-18,0.0952441321217206,12.790421736681305,0.0,0.015198880693088538,LOW
2012-12-19,0.0020325739348237,15.495039401661447,0.0,0.009398453417140346,LOW
2012-12-20,0.1564901335187861,14.453389275054985,0.0,0.03436310781887199,MEDIUM
2012-12-21,0.1212918911777043,15.085048985573046,0.0,0.03499515238548424,MEDIUM
2012-12-24,0.0025633659247665,18.119391252606658,0.0,0.01655478315365943,LOW
2012-12-26,0.0036498772105025,21.430979951348437,0.0,0.01917124507606698,LOW
2012-12-27,0.9772180436820742,0.4741068364831323,0.0,0.03165161631087778,LOW
2012-12-28,0.0021369059075294,6.578438006575563,0.0,0.0023526315450669946,LOW
2012-12-31,0.004472661210368,17.50625558744885,0.0,0.004840430764109523,LOW
2013-01-02,1.0,0.0,0.0,0.032321461525221716,MEDIUM
2013-01-03,0.964793645031254,0.0352063549687459,0.0,0.06257069088124653,MEDIUM
2013-01-04,0.4930362511320403,0.5069639860599735,0.0,0.01702767717387665,LOW
2013-01-07,0.3260105068418173,0.8512851950757054,0.0,0.023898067048418885,LOW
2013-01-08,0.0020651776924116,1.5740539636122677,0.0,0.007051669601591685,LOW
2013-01-09,0.0037883694811843,2.135728747313726,0.0,0.009601652419433419,LOW
2013-01-10,0.0227663579443021,2.9498900734911024,0.0,0.014752102296057454,LOW
2013-01-11,0.999983831987197,6.356852379040441e-05,0.0,0.03232098696572105,MEDIUM
2013-01-14,0.6854029816303963,0.3147397328243043,0.0,0.022897666932650787,LOW
2013-01-15,0.9282586986255208,0.0761166451892717,0.0,0.030204459689759235,LOW
2013-01-16,0.0222302846234683,1.0987956663521783,0.0,0.002934861160634174,LOW
2013-01-17,0.0050529654814518,2.048091159285855,0.0,0.0048740203203794215,LOW
2013-01-18,0.0043483720503746,2.858131882140164,0.0,0.00724985548313429,LOW
2013-01-21,0.8863240004748292,0.4738835348348215,0.0,0.028957045532855632,LOW
2013-01-22,0.0021243665768335,2.5266008283394368,0.0,0.002352268795527141,LOW
2013-01-23,0.0021145843989357,4.613586437811626,0.0,0.00470397161601621,LOW
2013-01-24,0.0020711277131408,5.783533492049421,0.0,0.007052185979709299,LOW
2013-01-25,0.0038719444688296,6.690768054205486,0.0,0.00961132603755142,LOW
2013-01-28,0.0020083635451827,7.202946155174193,0.0,0.011744564929737251,LOW
2013-01-29,0.0043369337863,8.233637899749443,0.0,0.014497724870441353,LOW
2013-01-30,0.0020054564324322,8.339839099587143,0.0,0.016441802215666247,LOW
2013-01-31,0.0020005204573918,7.976914665060878,0.0,0.018789488787167814,LOW
2013-02-01,0.0020201906510234,8.514439627815232,0.0,0.021143296125867465,LOW
2013-02-04,0.0259298442284861,8.92621682067577,0.0,0.03042266664471993,LOW
2013-02-05,0.1341087670445594,6.608162064203252,0.0,0.06831709035080845,MEDIUM
2013-02-06,0.0283910116883921,3.5489821135958595,0.0,0.037365055667872654,MEDIUM
2013-02-07,0.002195800055593,4.605511407499507,0.0,0.03060635890290017,LOW
2013-02-08,0.0020679694659945,5.735331073347993,0.0,0.03290892214499221,MEDIUM
2013-02-11,0.0020002320876108,7.520707088933265,0.0,0.03523016634511369,MEDIUM
2013-02-12,0.0020000445889406,9.095912812116543,0.0,0.037578757317095146,MEDIUM
2013-02-13,0.0020024471204756,8.277039122058785,0.0,0.03992861117024818,MEDIUM
2013-02-14,0.0020018361828675,6.176361540669593,0.0,0.04227703488245833,MEDIUM
2013-02-15,0.0020001650116655,5.062162961602117,0.0,0.04462484050297682,MEDIUM
2013-02-18,0.0020000460285759,5.352358813139587,0.0,0.04697344747929367,MEDIUM
2013-02-19,0.0020037502079556,6.262496054981922,0.0,0.046975590594005696,MEDIUM
2013-02-20,0.0566485202146543,7.260977931066696,0.0,0.07873102000450234,HIGH
2013-02-21,0.0037514700212767,8.717988448550466,0.0,0.04798690715616451,MEDIUM
2013-02-22,0.0020005921130302,9.92809593012134,0.0,0.04697376342547424,MEDIUM
2013-02-25,0.0021027528641347,11.347676803325491,0.0,0.04703287070953884,MEDIUM
2013-02-26,0.2072505870353573,10.188554769992262,0.0,0.16763264863958954,HIGH
2013-02-27,0.0021437508907358,13.254064796583757,0.0,0.04705659126969822,MEDIUM
2013-02-28,0.9998597519158864,0.0016692593581961,0.0,0.03231734495924177,MEDIUM
2013-03-01,0.0039460297821483,1.0518639932655292,0.0,0.002404975339257515,LOW
2013-03-04,0.0315361484057153,2.4743358703460903,0.0,0.006410301182978257,LOW
2013-03-05,0.8039470821496988,0.6318665286600811,0.0,0.02648743867615131,LOW
2013-03-06,0.9970298134125412,0.0030288326816324,0.0,0.06446852338587737,MEDIUM
2013-03-07,0.5390961652046241,0.4640999294808965,0.0,0.018434343478190594,LOW
2013-03-08,0.7653329630630012,0.4046874202375541,0.0,0.025322139106480814,LOW
2013-03-11,0.0030487866968272,1.165946289733042,0.0,0.0023790132740703933,LOW
2013-03-12,0.0059220485551094,2.444911958434659,0.0,0.004924331090011784,LOW
2013-03-13,0.0301805420101807,3.0807334031801497,0.0,0.009497255256933767,LOW
2013-03-14,0.9118328847059544,0.4279041470644579,0.0,0.029716687964450723,LOW
2013-03-15,0.2005628522933818,0.9962817835678396,0.0,0.008182231126442919,LOW
2013-03-18,0.9999903276931776,2.7782085912679686e-05,0.0,0.03232117762621232,MEDIUM
2013-03-19,0.9989274539349756,0.0010733449897026,0.0,0.06457995576011266,MEDIUM
2013-03-20,0.1841278278536804,0.816011141071072,0.0,0.007692951119882641,LOW
2013-03-21,0.7487656326739883,0.4593006783755228,0.0,0.02482087191636838,LOW
2013-03-22,0.0603698786928972,1.198813322455417,0.0,0.004045183893057777,LOW
2013-03-25,0.9999869724335344,3.452094816726924e-05,0.0,0.03232107914341455,MEDIUM
2013-03-26,0.0119312336530027,0.9897194737988436,0.0,0.00263619703383015,LOW
2013-03-28,0.6154579199669892,0.7478257007818364,0.0,0.041532554572717144,MEDIUM
2013-04-01,0.0467679017757341,1.138447297572789,0.0,0.010945285085846976,LOW
2013-04-02,0.0412772644206868,2.0645806787922574,0.0,0.013954057752320193,LOW
2013-04-03,0.079796406969492,2.718997651479685,0.0,0.02306653577660514,LOW
2013-04-04,0.2189876969400861,2.3878637363998183,0.0,0.05239200861838788,MEDIUM
2013-04-05,0.0023561105432463,3.2732988387869955,0.0,0.016512811156381608,LOW
2013-04-08,0.0025120464845437,5.458999336838415,0.0,0.018907874452718534,LOW
2013-04-09,0.988309633506531,0.0779954794178374,0.0,0.031978023875335854,LOW
2013-04-10,0.9992666174057536,0.0007417809740716,0.0,0.06459986856473213,MEDIUM
2013-04-11,0.9999992799345214,7.202849642257853e-07,0.0,0.09696432117019012,HIGH
2013-04-12,0.999999999904217,9.578304492595291e-11,0.0,0.1292858460896413,HIGH
2013-04-15,0.7787461854466246,0.221253815054027,0.0,0.12863710784315333,HIGH
2013-04-16,0.9999937516313078,7.415139957947904e-06,0.0,0.1939276687487578,HIGH
2013-04-17,0.289074094418623,0.7110266174418907,0.0,0.010834530226761646,LOW
2013-04-18,0.999996988605413,6.0049333317180914e-06,0.0,0.032321373135603716,MEDIUM
2013-04-22,0.9957796013175854,0.0042204198921906,0.0,0.06439509140285397,MEDIUM
2013-04-23,0.9859044202432696,0.0141070727288592,0.0,0.09572186546879419,HIGH
2013-04-25,0.997095791676539,0.002959993214434,0.0,0.12894479654384045,HIGH
2013-04-26,0.0064145165195462,1.0001296039018914,0.0,0.002476421480211967,LOW
2013-04-29,0.0132722512574177,1.682288606140942,0.0,0.005350114569115441,LOW
2013-04-30,0.9934371541761016,0.0180023449236995,0.0,0.03212873436706751,LOW
2013-05-02,0.9999613772565036,3.8981020207080345e-05,0.0,0.06464065575618473,MEDIUM
2013-05-03,0.1907048718378584,0.8094862887652556,0.0,0.007888624905134423,LOW
2013-05-06,0.2797242448225831,0.8033632212703055,0.0,0.021106152772214743,LOW
2013-05-07,0.998626193643676,0.0023832612728683,0.0,0.032281133722361466,LOW
2013-05-08,0.8782455502390738,0.1226066075324085,0.0,0.05743188894470087,MEDIUM
2013-05-09,0.0657868894235175,0.9517965455925912,0.0,0.004203429458753757,LOW
2013-05-10,0.989655149431044,0.0210466288691096,0.0,0.03201758322265004,LOW
2013-05-13,0.99998179832345,1.8235975049139262e-05,0.0,0.06464185454808859,MEDIUM
2013-05-14,0.1634723838797981,0.8367613834237312,0.0,0.007079568635090273,LOW
2013-05-15,0.9999992347579172,1.5284209996825e-06,0.0,0.032321439064052375,MEDIUM
2013-05-16,0.1716281247520583,0.8283789481123544,0.0,0.007321552570696839,LOW
2013-05-17,0.0211002431610229,0.9927622515728396,0.0,0.005804133193902833,LOW
2013-05-20,0.1106842464054568,1.7652760763520996,0.0,0.016560373149995315,LOW
2013-05-21,0.0037259741574292,2.684925120383768,0.0,0.009594430385844337,LOW
2013-05-22,0.0025199553249017,3.458025410560046,0.0,0.011818565576535333,LOW
2013-05-23,0.2877880000183628,2.825396015633303,0.0,0.06477479398451073,MEDIUM
2013-05-24,0.3230666481051274,2.053187060602305,0.0,0.08302042315078445,HIGH
2013-05-27,0.3656538017464822,1.546131714101176,0.0,0.10519539270196693,HIGH
2013-05-28,0.003798916412201,2.9026601566411974,0.0,0.021606464690743434,LOW
2013-05-29,0.0043633722572341,4.680318244011349,0.0,0.02417052591605148,LOW
2013-05-30,0.8974262208357887,0.6182171667194041,0.0,0.02928797961130702,LOW
2013-05-31,0.9997335192893396,0.0002713347425702,0.0,0.06462727939998601,MEDIUM
2013-06-03,0.9908318154912245,0.0091705102354348,0.0,0.09615651493149818,HIGH
2013-06-04,0.002909546817804,0.9984127674588882,0.0,0.0023749846556747473,LOW
2013-06-05,0.0020550188459958,1.8698553430055969,0.0,0.004700525305169241,LOW
2013-06-06,0.0029349220817715,2.2439629109658807,0.0,0.007127156489221443,LOW
2013-06-07,0.0100997962063125,3.025702451144201,0.0,0.010332555808120106,LOW
2013-06-10,0.0193273012283462,3.894962892380393,0.0,0.014253133390154708,LOW
2013-06-11,0.0044669740786316,4.841423611302086,0.0,0.014520304780400263,LOW
2013-06-12,0.00200704614833,5.923542261350312,0.0,0.016442124130713505,LOW
2013-06-13,0.003627156403578,6.897432066265699,0.0,0.019165985474755343,LOW
2013-06-14,0.0042125001629484,7.8155356307366946,0.0,0.021714178405871285,LOW
2013-06-17,0.0040574117463229,8.71358719207123,0.0,0.02408198482590906,LOW
2013-06-18,0.0020009257239136,9.861602310285155,0.0,0.025835676042866153,LOW
2013-06-19,0.0020707803922974,10.874072906919205,0.0,0.028208623348524402,LOW
2013-06-20,0.8900843255042326,1.2845901854377988,0.0,0.029069186710531505,LOW
2013-06-21,0.0020140007997791,11.176575972516993,0.0,0.0023490760625736445,LOW
2013-06-24,0.0020191506894069,13.776631369134105,0.0,0.004698450081306212,LOW
2013-06-25,0.0034197195075308,14.762765755160853,0.0,0.007169237683589984,LOW
2013-06-26,0.0020185657208837,15.76356024148427,0.0,0.00939683247376795,LOW
2013-06-27,0.0026609323734314,16.711853434786114,0.0,0.011838958685396996,LOW
2013-06-28,0.6940840871953317,5.353508013231783,0.0,0.13896997868511943,HIGH
2013-07-01,0.7851324031261214,0.2634296391331923,0.0,0.0259202000992128,LOW
2013-07-02,0.0020009713476604,3.0261416582631444,0.0,0.0023486991418974895,LOW
2013-07-03,0.0023057276391083,7.722021427852015,0.0,0.004715030901661923,LOW
2013-07-04,0.002008969760211,18.14067158703001,0.0,0.007046791568271445,LOW
2013-07-05,0.8158177805524532,1.91024625240632,0.0,0.026844754594362363,LOW
2013-07-08,0.0021251063155255,10.873586086293184,0.0,0.002352290195362501,LOW
2013-07-09,0.0020011308407976,21.057513286169108,0.0,0.004697407511534962,LOW
2013-07-10,0.0066710765912752,22.949442048027475,0.0,0.0074515464566200455,LOW
2013-07-11,0.0066079566261807,23.277391124780184,0.0,0.009928085942885318,LOW
2013-07-12,0.9990996940631772,0.0205109675813808,0.0,0.032295034184762345,LOW
2013-07-15,0.0020389544678334,4.202154081657627,0.0,0.002349797933488107,LOW
2013-07-16,0.9990091994702928,0.0021208202378179,0.0,0.032292377629714965,LOW
2013-07-17,0.0915351074558406,0.910025418686864,0.0,0.004957432776391935,LOW
2013-07-18,0.0020958929777615,1.141910945772317,0.0,0.004702890174500514,LOW
2013-07-19,0.0343339345823968,1.9537990189165764,0.0,0.00985947447092722,LOW
2013-07-22,0.0048477186387633,2.9502670969904528,0.0,0.009724279448766027,LOW
2013-07-23,0.0021843381423576,3.891252309236537,0.0,0.01177001858009876,LOW
2013-07-24,0.0042557445581896,4.895511706618122,0.0,0.014483627593834897,LOW
2013-07-25,0.0906397736911111,5.386933158276906,0.0,0.03451814632595367,MEDIUM
2013-07-26,0.9173276559740712,0.5536629663263988,0.0,0.029879980060205837,LOW
2013-07-29,0.0021081213949561,2.8882727983691936,0.0,0.002351798840743513,LOW
2013-07-30,0.0307060152797244,5.340811215447967,0.0,0.006362045788802934,LOW
2013-07-31,0.0534449930681688,7.164030451094927,0.0,0.011529256671502303,LOW
2013-08-01,0.4462630899119326,4.055694061224563,0.0,0.06240328377183873,MEDIUM
2013-08-02,0.8461815385633727,0.4867057682628218,0.0,0.027756592238754964,LOW
2013-08-05,0.0131461460881907,2.326392911752878,0.0,0.0026714026264945626,LOW
2013-08-06,0.9973547215999776,0.0071530685633584,0.0,0.03224380239087798,LOW
2013-08-07,0.016139408897243,1.0144938029047177,0.0,0.0027581706123315976,LOW
2013-08-08,0.002863091246072,1.886302612479276,0.0,0.0047472811598747305,LOW
2013-08-12,0.0576175978668665,2.4739792891276084,0.0,0.011894501760257482,LOW
2013-08-13,0.9997878287731666,0.0008466863291923,0.0,0.03231523383478934,MEDIUM
2013-08-14,0.0083313180527723,1.001543608578651,0.0,0.0025319198045032037,LOW
2013-08-16,0.9999999763566716,4.730539800274925e-08,0.0,0.03232146083124947,MEDIUM
2013-08-19,0.8597082783891993,0.1402917458950934,0.0,0.05632354086521838,MEDIUM
2013-08-20,0.99433286049348,0.0056858863545236,0.0,0.09646514813057794,HIGH
2013-08-21,0.9999999999975164,2.4834120233301903e-12,0.0,0.1292858461005953,HIGH
2013-08-22,0.9999944818553524,5.518144647501452e-06,0.0,0.1616064977907038,HIGH
2013-08-23,0.99704741992367,0.0029525801208072,0.0,0.19340867224632322,HIGH
2013-08-26,0.9365492418196883,0.0634705659525973,0.0,0.2131516043083279,HIGH
2013-08-27,0.9999999043742556,1.1050495700945097e-07,0.0,0.2585716697475363,HIGH
2013-08-28,0.9999986434798398,1.3565201602091982e-06,0.0,0.29089279538121204,HIGH
2013-08-29,0.9995884224752852,0.0004115797396608,0.0,0.3230938063904259,HIGH
2013-08-30,0.980536779522723,0.019469542983284,0.0,0.34924272053422634,HIGH
2013-09-02,0.7574138294988635,0.2474280953448454,0.0,0.3009915174139138,HIGH
2013-09-03,0.9999999999967286,5.133298298473007e-12,0.0,0.4201789998266341,HIGH
2013-09-04,0.9976914784436608,0.0023085215648641,0.0,0.4515516672492442,HIGH
2013-09-05,0.9999863597346474,1.3646224117751116e-05,0.0,0.4848159173942159,HIGH
2013-09-06,0.9601672220790254,0.0398370830623311,0.0,0.4983805969799658,HIGH
2013-09-10,0.9999999998719892,1.7610718400366126e-10,0.0,0.5494648458648944,HIGH
2013-09-11,0.9554390055074554,0.0445609957428871,0.0,0.5581643265866802,HIGH
2013-09-12,0.983061064950555,0.0169411476195456,0.0,0.6046490587255203,HIGH
2013-09-13,0.7362876245866399,0.2741328909964868,0.0,0.48885724814640014,HIGH
2013-09-16,0.9999894470775594,1.84433348033676e-05,0.0,0.646423035571863,HIGH
2013-09-17,0.1158728813918242,0.8847750847793736,0.0,0.005672870814547757,LOW
2013-09-18,0.6330632970780864,0.3879735841249636,0.0,0.04260671885737643,MEDIUM
2013-09-19,0.9999996989702788,6.015793039170366e-07,0.0,0.032321452689482735,MEDIUM
2013-09-20,0.98725756208373,0.0127424708319092,0.0,0.06389417291351883,MEDIUM
2013-09-23,0.9740987792099716,0.0259320959731143,0.0,0.09467917156113179,HIGH
2013-09-24,0.9198153178283718,0.0807682766943994,0.0,0.1198154695864808,HIGH
2013-09-25,0.9115435608636744,0.0942320528959117,0.0,0.14854043267933043,HIGH
2013-09-26,0.1666278430020527,0.9306477995462374,0.0,0.007173159781954184,LOW
2013-09-27,0.9862438969938544,0.0287166273790002,0.0,0.031917273781194876,LOW
2013-09-30,0.8666661875939556,0.1367054875064229,0.0,0.056739855597793355,MEDIUM
2013-10-01,0.9872490204755971,0.014953220987821,0.0,0.09584050578140939,HIGH
2013-10-03,0.999841509830749,0.0001609270132792,0.0,0.12926723804211915,HIGH
2013-10-04,0.0206390906261966,0.9807494920418864,0.0,0.0028886853576260488,LOW
2013-10-07,0.5466948064316063,0.850243888771997,0.0,0.03733292527578779,MEDIUM
2013-10-08,0.99995019103471,0.000122570473818,0.0,0.032319999541073376,MEDIUM
2013-10-09,0.9203616236936436,0.0796521892539443,0.0,0.05994018026229708,MEDIUM
2013-10-10,0.0053068724133067,0.9979775270580112,0.0,0.0024443590631939563,LOW
2013-10-11,0.9999999939154536,1.2914756244466915e-08,0.0,0.032321461346629846,MEDIUM
2013-10-14,0.0037733591479875,0.9962290970713776,0.0,0.0023999787552074887,LOW
2013-10-15,0.998847249960281,0.002291282585048,0.0,0.032287623355882554,LOW
2013-10-17,0.099315782098859,0.9007003106542785,0.0,0.005185868413510729,LOW
2013-10-18,0.999024828673714,0.0019271593221322,0.0,0.03229283644250245,LOW
2013-10-21,0.033423949787383,0.9710238702619908,0.0,0.0032600312201963677,LOW
2013-10-22,0.0048688491376593,1.3019287622043736,0.0,0.004863362832907287,LOW
2013-10-23,0.4114605931851064,1.249975970061426,0.0,0.04362294738179679,MEDIUM
2013-10-24,0.8939615443425604,0.1699215467230715,0.0,0.02918475642433553,LOW
2013-10-25,0.0051318660241199,1.860312094753084,0.0,0.002439293769313469,LOW
2013-10-28,0.0051229056369298,4.035393613551319,0.0,0.004878068856813424,LOW
2013-10-29,0.9232562580255284,0.3210380868256202,0.0,0.03005602689066112,LOW
2013-10-30,0.0027994197452835,2.3828187881577345,0.0,0.002371798420874501,LOW
2013-10-31,0.9294463995266043,0.3640163388297394,0.0,0.030239686074095818,LOW
2013-11-01,0.1060371354307583,1.1322063445283197,0.0,0.005383420569873355,LOW
2013-11-05,0.3560270449885326,1.2528144194932855,0.0,0.025715124136782994,LOW
2013-11-06,0.128262662971931,1.5869121003157067,0.0,0.018114259241658874,LOW
2013-11-07,0.999110799335342,0.0026099274289289,0.0,0.03229536018808662,LOW
2013-11-08,0.1269931828093235,0.8822468528030509,0.0,0.006000634992526893,LOW
2013-11-11,0.0281958244006338,1.4361360227864248,0.0,0.006216168248987154,LOW
2013-11-12,0.8307691995546652,0.4337096153871329,0.0,0.027294145034260222,LOW
2013-11-13,0.0279585814715175,1.178423133325703,0.0,0.0031011920633498627,LOW
2013-11-14,0.4232933752211889,1.161300511623938,0.0,0.029802216527304956,LOW
2013-11-18,0.9995148196274872,0.0005723708001793,0.0,0.03230722012124573,LOW
2013-11-19,0.0020627791964818,1.0411303942705106,0.0,0.0023504871486730392,LOW
2013-11-20,0.0674232087782613,2.7449560573911187,0.0,0.00850251444008609,LOW
2013-11-21,0.999111683000783,0.0034160655661273,0.0,0.032295386128703245,LOW
2013-11-22,0.2578279105325759,0.7564311435168731,0.0,0.00989506742181829,LOW
2013-11-25,0.9979655701541592,0.0040418650010433,0.0,0.032261738245795736,LOW
2013-11-26,0.0897257254658962,0.9147767376588364,0.0,0.004904349381725673,LOW
2013-11-27,0.0020934197723482,1.2448050006592943,0.0,0.0047027470809188005,LOW
2013-11-28,0.0273313130042669,1.9665597019051169,0.0,0.009248912319574414,LOW
2013-11-29,0.4697626715009286,1.5832709033364123,0.0,0.06526964376107527,MEDIUM
2013-12-02,0.0022403067083648,3.2096557954846774,0.0,0.011778114244068084,LOW
2013-12-03,0.0020157922261603,4.71190012600644,0.0,0.014094767313976199,LOW
2013-12-04,0.0020283218679414,5.695997816423549,0.0,0.01644643243953848,LOW
2013-12-05,0.99994490398458,0.0003736183409024,0.0,0.03231984435583792,MEDIUM
2013-12-06,0.0020900901666854,1.084696215473651,0.0,0.0023512772191080934,LOW
2013-12-09,1.0,0.0,0.0,0.032321461525221716,MEDIUM
2013-12-10,0.0748491350843661,0.925150864915634,0.0,0.004468462299712021,LOW
2013-12-11,0.2914953697442453,0.7085345989630909,0.0,0.021814924088311805,LOW
2013-12-12,0.9440367738526017,0.0924852323842686,0.0,0.030671946831790628,LOW
2013-12-13,0.8853641047673804,0.1196518564364704,0.0,0.05785682115489317,MEDIUM
2013-12-16,0.016902300372586,1.0908702825639391,0.0,0.002780291849037377,LOW
2013-12-17,0.9932493557713896,0.0144720218498388,0.0,0.032123216572781554,LOW
2013-12-18,0.99998475625848,1.5289007778947946e-05,0.0,0.06464202818946806,MEDIUM
2013-12-19,0.9999694056780684,3.05945759969211e-05,0.0,0.09696169058185532,HIGH
2013-12-20,0.9986716313822566,0.0013283888382706,0.0,0.12912987069212273,HIGH
2013-12-23,0.719037981612736,0.2810573906436432,0.0,0.02391967973839528,LOW
2013-12-24,0.3944830335714017,0.6420917686803463,0.0,0.028049443135781178,LOW
2013-12-26,0.2026754721379947,1.2601121445067656,0.0,0.024735606506781353,LOW
2013-12-27,0.0618074489092111,1.7381366373817595,0.0,0.01634866438223875,LOW
2013-12-30,0.9985416407086272,0.0045264778746761,0.0,0.03227865141214862,LOW
2013-12-31,0.3844413088226053,0.6262794677082341,0.0,0.013719636483977374,LOW
2014-01-01,0.9998386903957645,0.0002507200679698,0.0,0.032316726753254636,MEDIUM
2014-01-02,0.999983000992802,1.7264314535912872e-05,0.0,0.06464192514909611,MEDIUM
2014-01-03,0.9966296189687164,0.0033705876597585,0.0,0.09666752885625834,HIGH
2014-01-06,0.9999609232977574,3.9092211544881165e-05,0.0,0.12928125821418102,HIGH
2014-01-07,0.9993417820622112,0.0006582351191099,0.0,0.16151070364203235,HIGH
2014-01-08,0.9966952792409268,0.0033168779663591,0.0,0.19334662704918196,HIGH
2014-01-09,0.022982802830225,0.9797889503325266,0.0,0.002956703060398561,LOW
2014-01-10,0.9936401928183608,0.0124906234846627,0.0,0.03213469976514084,LOW
2014-01-13,0.9996708319590826,0.00034445917717,0.0,0.06462359927120796,MEDIUM
2014-01-14,0.0069271343821711,0.9942606816934614,0.0,0.002491261925352325,LOW
2014-01-15,0.9998425080048235,0.0003149666045683,0.0,0.03231683880935842,MEDIUM
2014-01-16,0.9954425960132862,0.0045823246269467,0.0,0.06437529479705657,MEDIUM
2014-01-17,0.1364032401247265,0.8637129038657455,0.0,0.0062784103016033715,LOW
2014-01-20,0.0049921913268933,1.3460902483994397,0.0,0.004870502401914157,LOW
2014-01-21,0.0021604574201144,2.060189023764646,0.0,0.007059938602057921,LOW
2014-01-22,0.0089355187030118,2.9709146360760426,0.0,0.010197668702393158,LOW
2014-01-23,0.0023975326554252,3.922398037135076,0.0,0.01180085684071308,LOW
2014-01-24,0.0159221087077153,4.808423322901041,0.0,0.016511220908573467,LOW
2014-01-27,0.9999974150601976,1.4620176294256527e-05,0.0,0.03232138565278865,MEDIUM
2014-01-28,0.0218632351606236,0.97999820284689,0.0,0.0029242084827965187,LOW
2014-01-29,0.7906153830357696,0.3713044956473174,0.0,0.0260856164191568,LOW
2014-01-30,0.4714059259661581,0.5443686610869833,0.0,0.016367543434212765,LOW
2014-01-31,0.0020595416705381,1.424877910962416,0.0,0.004700786983079951,LOW
2014-02-03,0.7365286648517918,0.6356229431797897,0.0,0.024450168165265296,LOW
2014-02-04,0.9616418989952172,0.0967950464738555,0.0,0.06238465077463641,MEDIUM
2014-02-05,0.0447987126483222,1.1485858727700753,0.0,0.003591059977888908,LOW
2014-02-06,0.190525570786032,1.7471610258278918,0.0,0.01576657645621495,LOW
2014-02-07,0.99761762673691,0.0073301641532514,0.0,0.03225152206766876,LOW
2014-02-10,0.3790746415068263,0.6221821181067793,0.0,0.013556674866469982,LOW
2014-02-11,0.0102771271615889,1.1096892133791074,0.0,0.005176551340866861,LOW
2014-02-12,0.014169852878167,1.9650527786273375,0.0,0.008103218589842871,LOW
2014-02-13,0.9694465212878112,0.092248428578076,0.0,0.031422590884635,LOW
2014-02-14,0.00887518072966,1.0111760861089172,0.0,0.002547669738694438,LOW
2014-02-17,0.0241986033052523,1.951067012249796,0.0,0.005983994723796089,LOW
2014-02-18,0.0070040598718489,2.608176893770373,0.0,0.0074804671459358435,LOW
2014-02-19,0.0020019558149984,2.574918998870191,0.0,0.009394910483578904,LOW
2014-02-20,0.0328143482631353,3.158187734860364,0.0,0.016211537820453197,LOW
2014-02-21,0.002582495707273,3.883463293356326,0.0,0.014193134796703448,LOW
2014-02-24,0.0028369579709014,4.9874698159608215,0.0,0.016610191384297566,LOW
2014-02-25,0.1300608798224077,5.236184699463816,0.0,0.04872918602231147,MEDIUM
2014-02-26,0.0126678219662004,5.004193284484023,0.0,0.023917868802073014,LOW
2014-02-28,0.0526372845697007,4.054555355020933,0.0,0.03819527489585507,MEDIUM
2014-03-03,0.0056444243857657,4.381340763798229,0.0,0.026995423388127986,LOW
2014-03-04,0.9999590107179078,0.0002035421783626,0.0,0.03232025841570204,MEDIUM
2014-03-05,0.140142025384669,0.8660716174803815,0.0,0.006388881224195746,LOW
2014-03-06,0.5983883456386044,0.779610900587561,0.0,0.04049052985583073,MEDIUM
2014-03-07,0.9998117750266756,0.0004656201264532,0.0,0.03231593671990563,MEDIUM
2014-03-10,0.9679344956065388,0.0320688560336397,0.0,0.06275600224664311,MEDIUM
2014-03-11,0.0064120423937836,0.9967922448864704,0.0,0.002476349856505721,LOW
2014-03-12,0.0091751421570052,1.9478397000756216,0.0,0.0051127140702595456,LOW
2014-03-13,0.9993045913243692,0.0020843548877629,0.0,0.03230104900362132,LOW
2014-03-14,0.9912541024184902,0.0087655849214328,0.0,0.06412916676512923,MEDIUM
2014-03-18,0.4093446229051272,0.5925549222825734,0.0,0.01447660967238737,LOW
2014-03-19,0.0043483947742985,1.1997687359565783,0.0,0.004833238303988768,LOW
2014-03-20,0.0025151598248714,2.0024077172718093,0.0,0.007090723133516277,LOW
2014-03-21,0.6218295328689897,1.1336998808927297,0.0,0.08384276526148313,HIGH
2014-03-24,0.9791340170021492,0.0279168876240919,0.0,0.03170803906045773,LOW
2014-03-25,0.9860048056676788,0.0141364277938398,0.0,0.06382048251335457,MEDIUM
2014-03-26,0.0181964142834838,0.9885584580037298,0.0,0.0028178229550139943,LOW
2014-03-27,0.0021737365783724,1.7501709166663306,0.0,0.004707394043198905,LOW
2014-03-28,0.0021984335075324,2.123366814368699,0.0,0.0070632344520587,LOW
2014-03-31,0.0175908528538928,2.958011110919195,0.0,0.01120103941116831,LOW
2014-04-01,0.0119588806282008,3.88263746989149,0.0,0.013184990538138038,LOW
2014-04-02,0.0960275760669272,4.43571318913772,0.0,0.03053577434136723,LOW
2014-04-03,0.0035432140723783,5.683832670141414,0.0,0.016753234727724827,LOW
2014-04-04,0.0420846752210281,6.216294988948935,0.0,0.02809617104196549,LOW
2014-04-07,0.0025578566180153,7.595115449587788,0.0,0.021283286691546086,LOW
2014-04-09,0.0725619081394999,7.633191561639239,0.0,0.04401535120096804,MEDIUM
2014-04-10,0.0020013355863525,9.336995824568335,0.0,0.025835806465859375,LOW
2014-04-11,0.0020126686422573,10.519918538429568,0.0,0.028188450304861556,LOW
2014-04-15,0.0363708047352872,10.87318211173574,0.0,0.04349452867079851,MEDIUM
2014-04-16,0.0022443534374404,11.068782766294074,0.0,0.03298035885932286,MEDIUM
2014-04-17,0.1023436629676248,10.418251989494186,0.0,0.07912257260116413,HIGH
2014-04-21,0.0020007749333989,12.644944201294674,0.0,0.03757909535937953,MEDIUM
2014-04-22,0.0020012975845106,13.888975408250351,0.0,0.03992804584953897,MEDIUM
2014-04-23,0.0020003223821713,12.691572913096858,0.0,0.04227624663140451,MEDIUM
2014-04-25,0.0051888518693186,15.452544026060202,0.0,0.04637791932077496,MEDIUM
2014-04-28,0.0022193859262591,16.92874999109931,0.0,0.04710035245996028,MEDIUM
2014-04-29,0.0254748690491164,18.765120811508368,0.0,0.060581087750325474,MEDIUM
2014-04-30,0.1316489096372217,17.09613115578588,0.0,0.12276039036815248,HIGH
2014-05-02,0.0058563312440852,19.18015127636245,0.0,0.04920526500463732,MEDIUM
2014-05-05,0.0090990130322654,20.90482165078724,0.0,0.05108304381369347,MEDIUM
2014-05-06,0.0022286039016086,22.630671391264915,0.0,0.04710568586605079,MEDIUM
2014-05-07,0.0026643763602556,22.782842954046146,0.0,0.04735782753188705,MEDIUM
2014-05-08,0.0025365125611438,22.571075023025905,0.0,0.0472838425918912,MEDIUM
2014-05-09,0.9999926353196906,0.0001778013540274,0.0,0.03232124535909772,MEDIUM
2014-05-12,0.9999999352415128,6.475848722193847e-08,0.0,0.06464291924889802,MEDIUM
2014-05-13,0.9784087175060788,0.021591287009362,0.0,0.09506004568913293,HIGH
2014-05-14,0.0694317077560071,0.9306258640632276,0.0,0.004309980106565419,LOW
2014-05-15,0.0690880978032109,1.6878917619974994,0.0,0.008599865213390697,LOW
2014-05-16,0.9999999999807648,5.770596172177995e-11,0.0,0.03232146152465713,MEDIUM
2014-05-19,0.9999999968484442,3.151555794088615e-09,0.0,0.0646429228654363,MEDIUM
2014-05-20,0.9999999999081114,9.188860783183431e-11,0.0,0.09696438456757389,HIGH
2014-05-21,0.9999731723972562,2.682760274373689e-05,0.0,0.12928269634976228,HIGH
2014-05-22,0.9999647552153408,3.524481630997309e-05,0.0,0.1616021351376952,HIGH
2014-05-23,0.9995580286616236,0.0004419889240395,0.0,0.1938509308219182,HIGH
2014-05-26,0.9999997883873138,2.1164167896323298e-07,0.0,0.22625018719818352,HIGH
2014-05-27,0.9992047046293544,0.0007952965630303,0.0,0.2583849345924493,HIGH
2014-05-28,0.8880075862996459,0.1119973607107114,0.0,0.2610653448173201,HIGH
2014-05-29,0.9999994057089254,6.555555566760895e-07,0.0,0.3232144408175828,HIGH
2014-05-30,0.9968711688560142,0.0031288476337814,0.0,0.35452563340454923,HIGH
2014-06-02,0.9999440598421812,5.596042818945311e-05,0.0,0.3878378349432015,HIGH
2014-06-03,0.986583499752678,0.0134182007156425,0.0,0.4150544094906943,HIGH
2014-06-04,0.9986565840846908,0.0013492308795741,0.0,0.4519483628653936,HIGH
2014-06-05,0.9995612227058378,0.0004445983816118,0.0,0.4846287334095375,HIGH
2014-06-06,0.999864262421923,0.0001357663420323,0.0,0.5170796376499666,HIGH
2014-06-09,0.99987424180835,0.0001257602643597,0.0,0.5494020946084536,HIGH
2014-06-10,0.9999973657019784,2.635662552082312e-06,0.0,0.5817849156727137,HIGH
2014-06-11,0.9930409122757656,0.0069590914708862,0.0,0.6102247482125304,HIGH
2014-06-12,0.9999965074387722,3.655489976466556e-06,0.0,0.6464271802506054,HIGH
2014-06-13,0.9999999818762167,1.8123783110318485e-08,0.0,0.6464292198651517,HIGH
2014-06-16,0.0141967738038152,0.9858034459104624,0.0,0.0027018531826015543,LOW
2014-06-17,0.596646350791554,0.6395139351406576,0.0,0.04038416328383498,MEDIUM
2014-06-18,0.5018076608085456,0.5146498814823094,0.0,0.051886428509780945,MEDIUM
2014-06-19,0.1059024612167995,1.348400084996074,0.0,0.021517841166551945,LOW
2014-06-20,0.0049012064457801,2.3353011473187406,0.0,0.012163089493185572,LOW
2014-06-23,0.0876576257322002,3.075855493503453,0.0,0.029062162798235727,LOW
2014-06-24,0.0160347775823457,3.869476733911708,0.0,0.0192859581308359,LOW
2014-06-25,0.0209373858323135,3.9987962873866207,0.0,0.023178726884109588,LOW
2014-06-26,0.0020687965818624,4.681874875855325,0.0,0.021155951010720004,LOW
2014-06-27,0.002125513970572,5.331008901504065,0.0,0.023523019883804782,LOW
2014-06-30,0.0072407182696125,5.699102010315173,0.0,0.02750374973328689,LOW
2014-07-01,0.0020289633020275,8.700903921982572,0.0,0.02819410685046364,LOW
2014-07-02,0.9571965872782976,0.4300543561886705,0.0,0.031061054431070052,LOW
2014-07-03,0.0247706912333899,3.6675003839207294,0.0,0.0030086072844291442,LOW
2014-07-04,0.432555426315941,6.102988021825823,0.0,0.03036631358268871,LOW
2014-07-07,0.0074332950159716,10.612773357227958,0.0,0.00751774993318733,LOW
2014-07-08,0.9999995382122472,3.025662907487253e-06,0.0,0.03232144797095842,MEDIUM
2014-07-09,0.2583948586832465,0.7416770714698993,0.0,0.0099120843797647,LOW
2014-07-10,0.9999641228684858,6.920508479830495e-05,0.0,0.032320408466973136,MEDIUM
2014-07-11,0.9999999251538833,7.486178415263008e-08,0.0,0.06464291865671955,MEDIUM
2014-07-14,0.9971416348824306,0.0028583653317504,0.0,0.09671263591257702,HIGH
2014-07-15,0.395194497478843,0.6048348305249127,0.0,0.014046344889414676,LOW
2014-07-16,0.8149636450739758,0.2522204570660589,0.0,0.02681905973753917,LOW
2014-07-17,0.0190166825389171,1.358240437832664,0.0,0.002841615941330703,LOW
2014-07-18,0.8831073620646295,0.279191852397399,0.0,0.028861075007234595,LOW
2014-07-21,0.9994750828323442,0.0006263901636302,0.0,0.06461210737634614,MEDIUM
2014-07-22,0.9993582364076748,0.000641835071762,0.0,0.09690787121884371,HIGH
2014-07-23,0.9983016124629182,0.0017009794998023,0.0,0.129086417895504,HIGH
2014-07-24,0.5879195459038122,0.4122765144761159,0.0,0.019925621869409157,LOW
2014-07-25,0.8236500446349132,0.2118840889958467,0.0,0.027080259750211746,LOW
2014-07-28,0.978625351657276,0.0244573370168525,0.0,0.06338612229270228,MEDIUM
2014-07-30,0.9390014914100128,0.0624205773596659,0.0,0.09156861031546239,HIGH
2014-07-31,0.8886270566778179,0.1167735634868959,0.0,0.11610293695255025,HIGH
2014-08-01,0.7258812387569002,0.3222921377248915,0.0,0.024127319244157154,LOW
2014-08-04,0.9608641632076936,0.060645657963008,0.0,0.03116936483506884,LOW
2014-08-05,0.9968304416258555,0.003290705945426,0.0,0.06445681409684867,MEDIUM
2014-08-06,0.497102556065816,0.5084301324221223,0.0,0.0171518186594773,LOW
2014-08-07,0.0054747945354586,1.1324772428437244,0.0,0.004898438898433893,LOW
2014-08-08,0.2635577971333915,1.4916534099170138,0.0,0.030201302479101917,LOW
2014-08-11,0.9080668075307232,0.1610954941047368,0.0,0.02960469835835837,LOW
2014-08-12,0.003919745496089,1.259613136494454,0.0,0.0024042147396985698,LOW
2014-08-13,0.0020006418715541,2.6163975858924924,0.0,0.0046973792214091495,LOW
2014-08-14,0.002018651829661,3.770895488667123,0.0,0.007047631828296515,LOW
2014-08-18,0.0046585002669734,4.601100034405289,0.0,0.00970237455701284,LOW
2014-08-19,0.0020591165495543,4.704111572302064,0.0,0.011751905966917454,LOW
2014-08-20,0.0133677884587431,5.011502895092171,0.0,0.016066956606226878,LOW
2014-08-21,0.0020008628704351,5.927259403033555,0.0,0.016440872026828653,LOW
2014-08-22,0.0020004288710133,6.685196931284121,0.0,0.018789467591642475,LOW
2014-08-25,0.0020404640052904,7.61119408594,0.0,0.02114857441943603,LOW
2014-08-26,0.0037812479578113,8.713299111870027,0.0,0.02400207031273247,LOW
2014-08-27,0.049689295963305,9.0678368536756,0.0,0.04106927435521884,MEDIUM
2014-08-28,0.0020034696639832,9.35367816311903,0.0,0.028185256968341902,LOW
2014-09-01,0.0020290620766921,9.77842397308456,0.0,0.03054365290085634,LOW
2014-09-02,0.0020040126434562,10.874917630119304,0.0,0.03288301970134104,MEDIUM
2014-09-03,0.0023009895976862,11.890620111272373,0.0,0.035360675706946426,MEDIUM
2014-09-04,0.0020838811507981,12.91219693240119,0.0,0.037617561602226075,MEDIUM
2014-09-05,0.0020031436089183,13.982281746156971,0.0,0.03992895369054468,MEDIUM
2014-09-08,0.0020080874017302,14.910555664344116,0.0,0.04228028995624913,MEDIUM
2014-09-09,0.0020002471669289,15.997916503943586,0.0,0.04462488565864634,MEDIUM
2014-09-10,0.0020013014766989,16.982258473797646,0.0,0.04697417383958308,MEDIUM
2014-09-11,0.0056900020866101,17.504654089642635,0.0,0.04910897344448497,MEDIUM
2014-09-12,0.0020005023655845,18.5337093930081,0.0,0.04697371150060526,MEDIUM
2014-09-15,0.0020374370425488,19.36186102017952,0.0,0.046995080732887204,MEDIUM
2014-09-16,0.9944851110591492,0.110851204520184,0.0,0.03215952199954138,LOW
2014-09-17,0.1511941292739778,0.8823258455832087,0.0,0.006715789171716043,LOW
2014-09-18,0.9998830756381456,0.0002176104681286,0.0,0.03231802956395156,MEDIUM
2014-09-19,0.0028143005718561,0.9973251937211176,0.0,0.0023722289547924973,LOW
2014-09-22,0.2042380724068932,1.5794436467235404,0.0,0.01658357980655222,LOW
2014-09-23,0.9999990105430698,2.947721628655076e-06,0.0,0.03232143248296104,MEDIUM
2014-09-24,0.7527531956075637,0.2472489932725511,0.0,0.049883175391149184,MEDIUM
2014-09-25,0.9987999356428348,0.0012254339406457,0.0,0.09685870305017646,HIGH
2014-09-26,0.9940678001442512,0.0059347649444494,0.0,0.12858905010271462,HIGH
2014-09-29,0.7478585198704651,0.2544872463140754,0.0,0.12396702535277568,HIGH
2014-09-30,0.8544887188793138,0.1681653405848696,0.0,0.16803301490105835,HIGH
2014-10-01,0.9908846334450028,0.0123967654150736,0.0,0.22437606868385832,HIGH
2014-10-07,0.0753253363249777,1.4479528423991097,0.0,0.004482399550606342,LOW
2014-10-08,0.0140400183353635,2.8395795532128494,0.0,0.005394619156495517,LOW
2014-10-09,0.5831715206390907,1.7765217968507705,0.0,0.05934188892803802,MEDIUM
2014-10-10,0.8085200460860279,0.4093538528576302,0.0,0.026625141462406344,LOW
2014-10-13,0.2398200624481583,1.4389749879947638,0.0,0.009355147075031192,LOW
2014-10-14,0.9988426911788266,0.0026590274244983,0.0,0.0322874895242291,LOW
2014-10-16,0.7982291471148912,0.2023272904085487,0.0,0.05263033073752137,MEDIUM
2014-10-17,0.0864583112296267,0.9578410382520748,0.0,0.004808527765874041,LOW
2014-10-20,0.9999999990748528,2.0796354157808473e-09,0.0,0.03232146149806706,MEDIUM
2014-10-21,0.6464871550925314,0.3535129693204804,0.0,0.02171263879769328,LOW
2014-10-22,0.9999999239712006,1.5131216096295284e-07,0.0,0.03232145929364601,MEDIUM
2014-10-27,0.9997462409067044,0.0002537591168011,0.0,0.06462802623224723,MEDIUM
2014-10-28,0.0020103766582179,0.9980299347720863,0.0,0.002348971222023091,LOW
2014-10-29,0.5995507292506083,0.7996398011916117,0.0,0.040561502886837346,MEDIUM
2014-10-30,0.4167630492202036,0.6080556343838849,0.0,0.04410699201371894,MEDIUM
2014-10-31,0.9999166326907032,0.0001561546180126,0.0,0.0323190145360834,MEDIUM
2014-11-03,0.0531927122011854,0.9500421239786268,0.0,0.0038357270723037937,LOW
2014-11-05,0.0022766648244666,1.1309675184638082,0.0,0.00471334934489513,LOW
2014-11-07,0.0153667916357374,1.9962759791136184,0.0,0.008207310429442631,LOW
2014-11-10,0.0166081664401515,2.9175125524658685,0.0,0.011087050601430655,LOW
2014-11-11,0.0045012083103815,3.8382166931005592,0.0,0.012105207680341524,LOW
2014-11-12,0.014275588402221,4.741674666611737,0.0,0.016224826145901924,LOW
2014-11-13,0.0222572236622822,5.489770716815888,0.0,0.020549501158261617,LOW
2014-11-14,0.0023149512597355,5.758983678523837,0.0,0.01886225830560273,LOW
2014-11-17,0.0113450334748238,5.662461525410114,0.0,0.023572914044504983,LOW
2014-11-18,0.0038016218876474,6.313835960024699,0.0,0.024007965867756147,LOW
2014-11-19,0.0283823476842768,6.449767324802524,0.0,0.034248532246776646,MEDIUM
2014-11-20,0.3541929856189466,5.258354999119882,0.0,0.15362379529504894,HIGH
2014-11-21,0.0103697436371317,6.917005536980596,0.0,0.03368246097215232,MEDIUM
2014-11-24,0.0020005101048768,9.516082826700472,0.0,0.032881601184810545,MEDIUM
2014-11-25,0.0027879544279839,10.266791947115994,0.0,0.035572000584076405,MEDIUM
2014-11-26,0.0020316194966492,11.503868717329649,0.0,0.03759337190149991,MEDIUM
2014-11-27,0.0020048165342229,12.542691027474548,0.0,0.03992977640481634,MEDIUM
2014-11-28,0.0020162044380378,12.520590907402058,0.0,0.0422845165852676,MEDIUM
2014-12-01,0.0021725377734646,11.912499629134746,0.0,0.04471958448289088,MEDIUM
2014-12-02,0.002000595558241,8.608402362393479,0.0,0.046973765418757946,MEDIUM
2014-12-03,0.0020001797982705,5.385251441668316,0.0,0.04697352487395732,MEDIUM
2014-12-04,0.0171935465110116,6.159802406485782,0.0,0.055774754162158664,MEDIUM
2014-12-05,0.00202789154498,6.757827108815091,0.0,0.04698955799852678,MEDIUM
2014-12-08,0.0189572351739753,7.349345267786031,0.0,0.05679782968842279,MEDIUM
2014-12-09,0.8034874635263319,1.318923559900604,0.0,0.026473594804994,LOW
2014-12-10,0.1447618258707617,1.1331272223503983,0.0,0.006525466259753832,LOW
2014-12-11,0.0020632043868882,3.617432596720639,0.0,0.004700998897690315,LOW
2014-12-12,0.0032442891573089,6.4043749435350215,0.0,0.007154009664450039,LOW
2014-12-15,0.9999167552907549,0.0003405929827162,0.0,0.032319018134651045,MEDIUM
2014-12-16,0.9036933807631504,0.096439695686465,0.0,0.05894915413660362,MEDIUM
2014-12-17,0.1333540873258524,0.8731987660970736,0.0,0.006188360569093577,LOW
2014-12-18,0.999999743234636,5.354118548456268e-07,0.0,0.032321453988717615,MEDIUM
2014-12-19,0.0810780249895657,0.9189709441956818,0.0,0.004650848123722807,LOW
2014-12-22,0.0278604006493221,1.0046172806499902,0.0,0.0061966798471940745,LOW
2014-12-23,0.0086250583809689,1.865567690223608,0.0,0.007621278522171292,LOW
2014-12-24,0.6324859738005169,1.053937406567452,0.0,0.0851430100736848,HIGH
2014-12-30,0.9999999983969086,1.979285087390126e-09,0.0,0.03232146147816824,MEDIUM
2014-12-31,0.1156399643550016,0.8843608087082678,0.0,0.005666011510913505,LOW
2015-01-02,0.9759190001672676,0.0267307645945132,0.0,0.03161335211798285,LOW
2015-01-05,0.0214298377887898,0.9997810171234904,0.0,0.002911631037375833,LOW
2015-01-06,0.9999870867682208,2.5837635685976592e-05,0.0,0.032321082499340396,MEDIUM
2015-01-07,0.0021682316287284,0.9987048753770592,0.0,0.002353537768197895,LOW
2015-01-08,0.9986274345197756,0.0027454348719379,0.0,0.03228117015183914,LOW
2015-01-09,0.274589634065391,0.7268467978145629,0.0,0.010398632177499987,LOW
2015-01-12,0.0065166095103101,1.0947809267028106,0.0,0.004958754010389775,LOW
2015-01-13,0.0020807967750911,1.9745246379805323,0.0,0.007053025119366787,LOW
2015-01-14,0.0023119984580944,2.890307318493744,0.0,0.009430787456950595,LOW
2015-01-15,0.9992631464205836,0.002937145604014,0.0,0.032299832391559806,LOW
2015-01-16,0.0022190375702794,1.064336270678669,0.0,0.00235500754528362,LOW
2015-01-19,0.1329828482983206,1.843045879704672,0.0,0.012354799218972472,LOW
2015-01-20,0.997981523759153,0.0055210843251526,0.0,0.03226220665629669,LOW
2015-01-21,0.0022431100063089,1.0156650067955226,0.0,0.002355703946716752,LOW
2015-01-22,0.0025074017153839,1.7922043929489408,0.0,0.004726699860103454,LOW
2015-01-23,0.1072108697219255,2.3571408798478863,0.0,0.016253817676288876,LOW
2015-01-27,0.8630028559589562,0.3185123908910868,0.0,0.02826035537196809,LOW
2015-01-28,0.3827466301642446,0.6999731747720177,0.0,0.013668169994628637,LOW
2015-01-29,0.0471823285666938,1.5303397873806628,0.0,0.0073210082878820875,LOW
2015-01-30,0.9999922077250408,2.145220788466329e-05,0.0,0.032321232808446614,MEDIUM
2015-02-02,0.2648739361867817,0.735599578193412,0.0,0.010106632246753412,LOW
2015-02-03,0.9430281585622085,0.0782606896435672,0.0,0.030642093891250582,LOW
2015-02-04,0.9999653021380132,3.6484788291252815e-05,0.0,0.06464088616148714,MEDIUM
2015-02-05,0.985334299313972,0.0146707045109296,0.0,0.09567155380493335,HIGH
2015-02-06,0.0670030524571444,0.9342903650601818,0.0,0.00423897535786153,LOW
2015-02-09,0.9764016994980134,0.0450271340739314,0.0,0.03162757121282706,LOW
2015-02-10,0.9910513756240992,0.0177258924136944,0.0,0.06411724998515454,MEDIUM
2015-02-11,0.0082734678514185,1.0236500808009563,0.0,0.002530244579482533,LOW
2015-02-12,0.9913699310998882,0.0174965534439888,0.0,0.032067987647982084,LOW
2015-02-13,0.1723693977582601,0.8317660611063811,0.0,0.007343559980183687,LOW
2015-02-16,0.0623656502102631,1.426435382410328,0.0,0.008206940261769463,LOW
2015-02-18,0.0062151146442805,2.0281820130364414,0.0,0.007411947205134298,LOW
2015-02-19,0.9946860764462652,0.0184522856111216,0.0,0.032165425545661305,LOW
2015-02-20,0.062368031718284,0.9875658854285416,0.0,0.004103539693425018,LOW
2015-02-23,0.9804307439029176,0.0391133767752372,0.0,0.03174621670518142,LOW
2015-02-24,0.004033304462609,1.0227802027528814,0.0,0.002407500867111601,LOW
2015-02-25,0.0189993913905497,1.970497149354256,0.0,0.005682228711475609,LOW
2015-02-26,0.8299418656799684,0.5082825924905431,0.0,0.027269297719126367,LOW
2015-02-27,0.5866528258996276,0.5196115834366651,0.0,0.019886940739236626,LOW
2015-03-02,0.9999990429628572,1.687655533440136e-06,0.0,0.032321433434537576,MEDIUM
2015-03-03,0.0027629796355801,0.9975893085230366,0.0,0.0023707441355088287,LOW
2015-03-04,0.9999998383270932,3.233481411763073e-07,0.0,0.032321456779844465,MEDIUM
2015-03-05,0.8740490671536966,0.1259509718957162,0.0,0.05718120513307341,MEDIUM
2015-03-09,0.9996376121946914,0.0003850396875158,0.0,0.09693247358109662,HIGH
2015-03-10,0.6618933276280973,0.339350350654373,0.0,0.022182057672333014,LOW
2015-03-11,0.0159861041262838,1.0296881940576872,0.0,0.0055074512580495115,LOW
2015-03-12,0.0770399159432391,1.781472024863972,0.0,0.013597768982725245,LOW
2015-03-13,0.9999999880275882,3.7173046582841134e-08,0.0,0.03232146117381089,MEDIUM
2015-03-16,0.0270915440328679,0.972924021957847,0.0,0.0030760062983040517,LOW
2015-03-17,0.892394970120235,0.1551304679728106,0.0,0.029138068014121433,LOW
2015-03-18,0.0262384545312138,1.1071107593859368,0.0,0.0030512291211048604,LOW
2015-03-19,0.9993043238752122,0.0013972979319758,0.0,0.03230104115269592,LOW
2015-03-20,0.3222251489123104,0.6837496132460378,0.0,0.011834632058736801,LOW
2015-03-23,0.1136645796041453,0.976640490450608,0.0,0.011215693784612867,LOW
2015-03-24,0.9640763069639222,0.0705859677349402,0.0,0.031264177833299295,LOW
2015-03-25,0.1637661846368532,0.9574477540822736,0.0,0.007088281047082203,LOW
2015-03-26,0.9976780259815216,0.0046276710980152,0.0,0.03225329552545475,LOW
2015-03-27,0.9999726559743094,2.7381966690465616e-05,0.0,0.06464131785895672,MEDIUM
2015-03-30,0.9954321926977948,0.0045680393862394,0.0,0.09656202549291047,HIGH
2015-03-31,0.7619076885574749,0.2383264264844986,0.0,0.10087425314046848,HIGH
2015-04-01,0.9342297306415008,0.0797440277520623,0.0,0.15190748560272935,HIGH
2015-04-06,0.165535928085857,0.9050189645970524,0.0,0.00714076884749027,LOW
2015-04-07,0.5802513302972052,0.8142565066046725,0.0,0.03938289812447537,MEDIUM
2015-04-08,0.0021481672144043,2.0592319188302834,0.0,0.0070588719700922726,LOW
2015-04-09,0.9991277078096884,0.0025237918760487,0.0,0.032295856547561674,LOW
2015-04-10,0.0451349417931317,0.9621049690989948,0.0,0.003600854069568499,LOW
2015-04-13,0.0489453146712641,1.6389083801367577,0.0,0.007423767649044912,LOW
2015-04-15,0.9563376638140876,0.1292114712230601,0.0,0.03103568045219281,LOW
2015-04-16,0.4594186041690756,0.5712662870669101,0.0,0.016001900620841416,LOW
2015-04-17,0.2421184122989045,1.2464782909473089,0.0,0.018847986634556516,LOW
2015-04-20,0.9999958629607092,1.0773848425439907e-05,0.0,0.032321340095982386,MEDIUM
2015-04-21,0.0491030696409543,0.951547156148516,0.0,0.003716482065661958,LOW
2015-04-22,0.9879792113317094,0.0233252289704368,0.0,0.031968307944859824,LOW
2015-04-23,0.3663689834434726,0.6347843501800751,0.0,0.013171115621142454,LOW
2015-04-24,0.9809360577020064,0.0340473965975399,0.0,0.031761091920197805,LOW
2015-04-27,0.999999804890056,1.9825115269223883e-07,0.0,0.06464291159682006,MEDIUM
2015-04-28,0.0856744479889682,0.9143500484701316,0.0,0.00478554700704225,LOW
2015-04-29,0.0040339018640767,1.0049159668003482,0.0,0.004815036309310078,LOW
2015-04-30,0.0198439010958455,1.9582319432675792,0.0,0.008596841169372933,LOW
2015-05-04,0.216065064514973,2.3224293371648903,0.0,0.034578831117698904,MEDIUM
2015-05-05,0.0264580187520032,3.212567458262422,0.0,0.01528802915582658,LOW
2015-05-06,0.9999999684382914,1.232781217965328e-07,0.0,0.03232146059883142,MEDIUM
2015-05-07,0.679100535534963,0.3209094865077026,0.0,0.02270591976647543,LOW
2015-05-08,0.3497516856042835,0.6507977789555172,0.0,0.025334857894214996,LOW
2015-05-11,0.2184305526918886,1.1866927557422295,0.0,0.026146074217139874,LOW
2015-05-12,0.9999998929561528,2.449234397041562e-07,0.0,0.03232145838330113,MEDIUM
2015-05-13,0.5211690579239402,0.4788369170952703,0.0,0.01788675095900534,LOW
2015-05-14,0.3144456679372549,0.6979063644691742,0.0,0.02319929520213622,LOW
2015-05-15,0.0022455863570557,1.574704042064024,0.0,0.007067326758731832,LOW
2015-05-18,0.0449803438114087,2.249464854393281,0.0,0.014385402745525128,LOW
2015-05-19,0.0465211631988743,2.738395257643993,0.0,0.018206195716723866,LOW
2015-05-20,0.0020437349826265,2.367804967635065,0.0,0.014099617360208162,LOW
2015-05-21,0.020486567308214,2.965421026443913,0.0,0.020189818708552222,LOW
2015-05-22,0.0107811691672314,3.918574744470684,0.0,0.0208230158738205,LOW
2015-05-25,0.6967210986521442,1.4462430982170087,0.0,0.20917644462242238,HIGH
2015-05-26,0.0031401747441206,3.2514806953176816,0.0,0.023816574481374017,LOW
2015-05-27,0.0715697833801718,4.733441524695647,0.0,0.048097628636215695,MEDIUM
2015-05-28,0.1862637654311794,5.012222963280446,0.0,0.09307774185025312,HIGH
2015-05-29,0.1298980216090738,4.3920716116326055,0.0,0.07912244666368928,HIGH
2015-06-01,0.0476641984939464,5.300818642367722,0.0,0.05144364565556934,MEDIUM
2015-06-02,0.9999999971970788,1.5036429679737995e-08,0.0,0.03232146144295117,MEDIUM
2015-06-03,0.997784883391294,0.0022151170664003,0.0,0.06451286611912853,MEDIUM
2015-06-04,0.9991331758781472,0.000866917262968,0.0,0.09688805119818786,HIGH
2015-06-05,0.627337309494252,0.3728559144863674,0.0,0.02112871444797065,LOW
2015-06-08,0.9982611465056612,0.0025028471480567,0.0,0.03227041641702415,LOW
2015-06-09,0.0233765106914584,0.9848362732968748,0.0,0.0029681315175410974,LOW
2015-06-10,0.815733773428408,0.371250199708668,0.0,0.026842227523596152,LOW
2015-06-11,0.9999999931633315,1.6242270954466478e-08,0.0,0.06464292264910754,MEDIUM
2015-06-12,0.0133003062310951,0.9867050820967888,0.0,0.0026758703568254636,LOW
2015-06-15,0.9523830099540842,0.0815671985010376,0.0,0.03091881284847807,LOW
2015-06-16,0.922577141095556,0.0776610241139279,0.0,0.060071736296000156,MEDIUM
2015-06-17,0.5531774553315945,0.4734273839783453,0.0,0.01886449140479199,LOW
2015-06-18,0.0386419172994868,1.237289689192821,0.0,0.006823620113505742,LOW
2015-06-19,0.010321781474335,2.004492050433206,0.0,0.007768707564915169,LOW
2015-06-22,0.8916459063021486,0.3274330396240448,0.0,0.02911574037790242,LOW
2015-06-23,0.0381571194662512,1.3888420089669526,0.0,0.00339770305075224,LOW
2015-06-24,0.0491490359361141,2.6833624098059143,0.0,0.007435643825341826,LOW
2015-06-25,0.9342118467131204,0.2381938236306567,0.0,0.030380967094355907,LOW
2015-06-26,0.080581571772693,1.303532306529041,0.0,0.004636305205310831,LOW
2015-06-29,0.9999983665718598,3.5413629264889825e-06,0.0,0.032321413581297406,MEDIUM
2015-06-30,0.0803790115688205,0.9197403307100922,0.0,0.00463037180173656,LOW
2015-07-01,0.0386680227617368,1.0226680709272074,0.0,0.006825139447602821,LOW
2015-07-02,0.964107924483594,0.0705265194917263,0.0,0.0312651108674386,LOW
2015-07-03,0.0030340793907818,1.3842231290006508,0.0,0.0023785877442260082,LOW
2015-07-06,0.9999990948594352,1.819498850893184e-06,0.0,0.032321434957791384,MEDIUM
2015-07-07,0.0939298309408594,0.9061609307969154,0.0,0.005027711444303709,LOW
2015-07-08,0.960924409809196,0.0675479328168775,0.0,0.031171143546776234,LOW
2015-07-09,0.0176967269916583,1.034857563183978,0.0,0.0028033303971367416,LOW
2015-07-10,0.9593126776496578,0.0814644263172915,0.0,0.031123553617640538,LOW
2015-07-13,0.0035400995724386,1.087966034341334,0.0,0.0023932291269450684,LOW
2015-07-14,0.0020507162748968,2.1734950970902034,0.0,0.004700276370682279,LOW
2015-07-15,0.0031866012226976,3.301023445069998,0.0,0.007149002228104971,LOW
2015-07-16,0.0048676162199004,4.440483989888796,0.0,0.009726582934242778,LOW
2015-07-17,0.0023527954667147,4.552657522262001,0.0,0.011794385585987369,LOW
2015-07-20,0.4519857654417594,3.42840001940388,0.0,0.09465158654456932,HIGH
2015-07-21,0.0212904735128338,4.427306885060158,0.0,0.020353107539354327,LOW
2015-07-22,0.7177911328417593,1.2269022290168932,0.0,0.19105468949319648,HIGH
2015-07-23,0.015851779470853,3.092438920115104,0.0,0.024748479484299823,LOW
2015-07-24,0.985983574879464,0.0562023751196847,0.0,0.03190961677160462,LOW
2015-07-27,0.9999999627085984,3.754529692154912e-08,0.0,0.0646429208613102,MEDIUM
2015-07-28,0.0305052659743127,0.9694998603140058,0.0,0.003175188627966713,LOW
2015-07-29,0.0031066613165934,1.0139705325166972,0.0,0.0047613755670985304,LOW
2015-07-30,0.0086511477661018,1.9796186810514464,0.0,0.007623545133439969,LOW
2015-07-31,0.2808047196796349,2.143725927585193,0.0,0.042342348006597585,MEDIUM
2015-08-03,0.0021089498691692,3.5631400312998105,0.0,0.01175911403768862,LOW
2015-08-04,0.0146294001580498,4.828866249249944,0.0,0.016286361514560466,LOW
2015-08-05,0.0020347998013729,5.880486569690507,0.0,0.01644774421659375,LOW
2015-08-06,0.0027847824047107,6.892573308925076,0.0,0.018970999460326626,LOW
2015-08-07,0.0020913193044219,7.758266358243397,0.0,0.021161814988754177,LOW
2015-08-10,0.0330186894658815,8.603313208724444,0.0,0.03248248421283351,MEDIUM
2015-08-11,0.999728474840287,0.0026523124663935,0.0,0.032313491630675435,MEDIUM
2015-08-12,0.9997261358156412,0.0002738921973159,0.0,0.06462684594685934,MEDIUM
2015-08-13,0.060405511571416,0.9399520770732528,0.0,0.004046224386122267,LOW
2015-08-14,0.9408628928950316,0.116298896776205,0.0,0.03057799198722504,LOW
2015-08-17,0.0051794319646606,1.0264822511691172,0.0,0.0024406704788878623,LOW
2015-08-18,0.0028558991513551,2.073399880387575,0.0,0.004746864991159068,LOW
2015-08-19,0.0033714581800228,3.2108125314941853,0.0,0.007165048374149348,LOW
2015-08-20,0.9630301919671798,0.1494952222822007,0.0,0.03123330450337651,LOW
2015-08-21,0.0628089871078541,1.168798619664526,0.0,0.004116420206363661,LOW
2015-08-24,0.9999998410681368,3.654896214300558e-07,0.0,0.0323214568602988,MEDIUM
2015-08-25,0.9999997537791092,2.462208908378288e-07,0.0,0.064642908596432,MEDIUM
2015-08-26,0.9993247841817092,0.0006752158287593,0.0,0.09690492528196479,HIGH
2015-08-27,0.9999999998985868,1.0141332468892408e-10,0.0,0.12928584608898028,HIGH
2015-08-28,0.999999978510541,2.148945898937527e-08,0.0,0.16160730447234614,HIGH
2015-08-31,0.9993238063242844,0.0006761936757156,0.0,0.19380967833540144,HIGH
2015-09-01,0.9995278714420418,0.0004721826004862,0.0,0.22615322269679708,HIGH
2015-09-02,0.9999999968058156,3.194184271618715e-09,0.0,0.2585716914517354,HIGH
2015-09-03,0.7326050683690501,0.2673950638159035,0.0,0.02433122922706141,LOW
2015-09-04,0.99999893247057,2.0635444473111514e-06,0.0,0.032321430191398874,MEDIUM
2015-09-07,0.9991322799898938,0.0008677202079896,0.0,0.06459198153344607,MEDIUM
2015-09-08,0.7100730283081688,0.2899542012344192,0.0,0.02364750511268811,LOW
2015-09-09,0.999999956062367,7.916421797788359e-08,0.0,0.032321460235576804,MEDIUM
2015-09-10,0.9474819907093066,0.0525183178142861,0.0,0.061547771460302485,MEDIUM
2015-09-11,0.9934576307443972,0.0065649702583873,0.0,0.09638800796807384,HIGH
2015-09-14,0.1980417325311605,0.8137242700155525,0.0,0.008107106705105166,LOW
2015-09-15,0.8220247277436908,0.3356697197166188,0.0,0.027031405464972943,LOW
2015-09-16,0.9755076831461834,0.0280130534171079,0.0,0.06320246991692961,MEDIUM
2015-09-18,0.5584122779998099,0.4612892203094614,0.0,0.01902439971771648,LOW
2015-09-21,0.0597058592469064,1.1321426232238831,0.0,0.008051590699764202,LOW
2015-09-22,0.9998821922137918,0.0002492754493715,0.0,0.032318003633466263,MEDIUM
2015-09-23,0.571831582208868,0.4282532452544136,0.0,0.019434295271676772,LOW
2015-09-24,0.0040675211504668,1.069201306950592,0.0,0.004816982057764359,LOW
2015-09-28,0.9987143034304902,0.0028539734540629,0.0,0.0322837204207803,LOW
2015-09-29,0.8439576124676572,0.244901764062086,0.0,0.05537982900958463,MEDIUM
2015-09-30,0.6201936942600175,0.6678647778250874,0.0,0.020910781533488215,LOW
2015-10-01,0.9586955989614954,0.054875539361603,0.0,0.031105330053900832,LOW
2015-10-05,0.9758303160483912,0.0253533937986385,0.0,0.0632214791965456,MEDIUM
2015-10-06,0.9930921996689736,0.0071289181491992,0.0,0.09635579692122127,HIGH
2015-10-07,0.0022369924441743,1.0230222502051458,0.0,0.0023555269689792893,LOW
2015-10-08,0.8541478098818617,0.2952573772494364,0.0,0.027995292604839628,LOW
2015-10-09,0.0040506581899409,1.025543397075874,0.0,0.002408003048207759,LOW
2015-10-12,0.9983746964584764,0.0032984541331317,0.0,0.032273750158689586,LOW
2015-10-13,0.0052676208301133,1.0155817624965715,0.0,0.0024432229732539723,LOW
2015-10-14,0.1285606951152718,1.7264343685078507,0.0,0.012093759574775773,LOW
2015-10-15,0.0778463647835319,1.3527719887067724,0.0,0.013668603270320037,LOW
2015-10-16,0.2417658194920811,1.7809943312716427,0.0,0.03765372117778708,MEDIUM
2015-10-19,0.2698180892202997,2.234442594143955,0.0,0.05127593296765042,MEDIUM
2015-10-20,0.1390104731760526,2.1593632309869446,0.0,0.038132643715702685,MEDIUM
2015-10-21,0.5925397120701821,0.9760010451786164,0.0,0.1404668826677643,HIGH
2015-10-23,0.9999944554659742,9.964454052910337e-06,0.0,0.03232129878356658,MEDIUM
2015-10-26,0.9948958912134592,0.0051042185033807,0.0,0.06434317771653446,MEDIUM
2015-10-27,0.0033452856046707,0.9976061482386956,0.0,0.0023875921618962187,LOW
2015-10-28,0.2933721026769579,1.410696826047022,0.0,0.021928008469352285,LOW
2015-10-29,0.9982287961399516,0.0049900013647371,0.0,0.03226946662392343,LOW
2015-10-30,0.1298205965259609,0.8789970583663761,0.0,0.006084057155457076,LOW
2015-11-02,0.8007995204227881,0.3243443998612752,0.0,0.0263926197345339,LOW
2015-11-03,0.1772332573187167,0.982842789083768,0.0,0.007488017157951561,LOW
2015-11-04,0.4722689466625443,1.0080305393032956,0.0,0.03278774724617591,MEDIUM
2015-11-05,0.2793661547655592,1.274566146451904,0.0,0.03162690774735595,LOW
2015-11-06,0.0092355063011309,2.0086337793039424,0.0,0.010232421260297267,LOW
2015-11-09,0.9999999985643342,4.692555898590231e-09,0.0,0.032321461483082466,MEDIUM
2015-11-10,0.9999862430780894,1.375692191058691e-05,0.0,0.06464211547107422,MEDIUM
2015-11-13,0.0039450064153188,0.9960552160011968,0.0,0.002404945725595701,LOW
2015-11-16,0.815437227837668,0.3653280224241222,0.0,0.026833306766124762,LOW
2015-11-17,0.9989914310827142,0.0019569810809623,0.0,0.06458371203489846,MEDIUM
2015-11-18,0.9929805009447578,0.0070230026236197,0.0,0.09634595084275623,HIGH
2015-11-19,0.4232837809179844,0.5790885465587426,0.0,0.014900816168836454,LOW
2015-11-20,0.3395893609551799,0.9150572920345916,0.0,0.02471947884578812,LOW
2015-11-23,0.7741693449741934,0.4120533847962448,0.0,0.025589189098846665,LOW
2015-11-24,0.0149159709390895,1.4327139089639094,0.0,0.0027227008058082827,LOW
2015-11-26,0.1459194836510852,2.130563825995663,0.0,0.013119413613671353,LOW
2015-11-27,0.0115156791789393,3.046445970353605,0.0,0.007872470204948502,LOW
2015-11-30,0.0022199024292754,3.5536475427548577,0.0,0.009420130260396231,LOW
2015-12-01,0.0046274140853101,4.089342985377146,0.0,0.012123469906532862,LOW
2015-12-02,0.4919417420837202,2.624915649634396,0.0,0.10196558757637703,HIGH
2015-12-03,0.9922477109634288,0.0245136128863962,0.0,0.03209378411553836,LOW
2015-12-04,0.938455769844939,0.0616628991530516,0.0,0.06101341367230324,MEDIUM
2015-12-07,0.9984107157548104,0.0023815300929569,0.0,0.09682442293866877,HIGH
2015-12-08,0.047679115434684,0.9530059452291664,0.0,0.0036749808238636995,LOW
2015-12-09,0.9935317497012248,0.0128905277086866,0.0,0.03213151366365883,LOW
2015-12-10,0.1195839273738076,0.8957611511632644,0.0,0.005782191580974425,LOW
2015-12-11,0.0061785053876548,1.342046894326966,0.0,0.004939178601485559,LOW
2015-12-14,0.4426451193549151,1.332539571234582,0.0,0.04647167266802205,MEDIUM
2015-12-15,0.0021370572944153,1.920838890613264,0.0,0.009410543698134365,LOW
2015-12-16,0.0020111895057776,2.9563317936495155,0.0,0.011744973681911052,LOW
2015-12-17,0.0039865652090368,3.690030498681688,0.0,0.014436890019069039,LOW
2015-12-18,0.0048479024822166,4.310335317721282,0.0,0.017017526280575294,LOW
2015-12-21,0.999892467831271,0.0005447115810594,0.0,0.03231830524565934,MEDIUM
2015-12-22,0.0024713400711913,1.0500174402008318,0.0,0.0023623066440057903,LOW
2015-12-23,0.0035664413705036,2.775250218985711,0.0,0.004787982687360304,LOW
2015-12-24,0.0021488489256206,4.139747751448616,0.0,0.007058931133812127,LOW
2015-12-28,0.0034838737985833,4.141776368780845,0.0,0.00956640883691908,LOW
2015-12-29,0.0020597087621803,4.032534333690119,0.0,0.011751991626340575,LOW
2015-12-30,0.5944023605315686,1.7666037782840864,0.0,0.1207414161858699,HIGH
2015-12-31,0.0020110090400353,4.88818654623167,0.0,0.016442926610608772,LOW
2016-01-04,0.9999989945977068,3.11524046675982e-06,0.0,0.032321432014937215,MEDIUM
2016-01-05,0.9741477633123276,0.0258525420383325,0.0,0.0631223344757476,MEDIUM
2016-01-06,0.4491637414156675,0.5511100701864703,0.0,0.015689235700454406,LOW
2016-01-07,0.9914158987360924,0.0136438538285858,0.0,0.03206933864426186,LOW
2016-01-08,0.007988883762571,1.0589156811037836,0.0,0.0025220038279872396,LOW
2016-01-11,0.1018512683636013,2.0334313292331068,0.0,0.010520734224649518,LOW
2016-01-12,0.0085145113402302,2.1716340394288425,0.0,0.007611674448018487,LOW
2016-01-13,0.9984486455362388,0.0037157560881132,0.0,0.03227592121725035,LOW
2016-01-14,0.9999703673739888,2.963784833581783e-05,0.0,0.06464118350968033,MEDIUM
2016-01-15,0.9999999224138112,7.75861887380043e-08,0.0,0.09696437774380184,HIGH
2016-01-18,0.7040065282896214,0.2959936822148839,0.0,0.023463229249873763,LOW
2016-01-19,0.4368920077042161,0.5646102629578363,0.0,0.03063052060253198,LOW
2016-01-20,0.994067187698115,0.009997374625262,0.0,0.03214724453308517,LOW
2016-01-21,0.998678819402138,0.0013281511527795,0.0,0.0645653573928332,MEDIUM
2016-01-22,0.9998148537025188,0.0001862528631645,0.0,0.0969480812607008,HIGH
2016-01-25,0.7200896904407156,0.2799491554963439,0.0,0.02395159782065107,LOW
2016-01-27,0.999999961715108,6.966760490733414e-08,0.0,0.03232146040149445,MEDIUM
2016-01-28,0.033579343428376,0.9664316827086584,0.0,0.0032645494376762536,LOW
2016-01-29,0.9999999890378838,2.1924232426067892e-08,0.0,0.0323214612034648,MEDIUM
2016-02-01,0.9989427415086504,0.0010572585299428,0.0,0.06458085333905889,MEDIUM
2016-02-02,0.5787545834798606,0.4212960397388533,0.0,0.01964573793006296,LOW
2016-02-03,0.0456450256732549,1.3038879857729289,0.0,0.007231426826931932,LOW
2016-02-04,0.7643140845440387,0.4830955860304715,0.0,0.025291332918444428,LOW
2016-02-05,0.1706261946034179,1.0450348161689234,0.0,0.007291810175011693,LOW
2016-02-08,0.7291437219619062,0.6082576944054972,0.0,0.04845254429586679,MEDIUM
2016-02-09,0.9694671479015378,0.0681984730271817,0.0,0.03142319909638322,LOW
2016-02-10,0.0172454156537338,1.1945508349371972,0.0,0.002790241905288386,LOW
2016-02-11,0.9999999997275734,5.632837943982234e-10,0.0,0.03232146151722553,MEDIUM
2016-02-12,0.999543264950798,0.000456735049202,0.0,0.06461611020067795,MEDIUM
2016-02-15,0.9146450636382644,0.0853551083468036,0.0,0.08940082438459247,HIGH
2016-02-16,0.9999999994198217,6.755643026967682e-10,0.0,0.12928584603276996,HIGH
2016-02-17,0.9949232268694465,0.0050767739488493,0.0,0.16086195914595824,HIGH
2016-02-18,0.2086690618110805,0.7913353513897113,0.0,0.008423947881397253,LOW
2016-02-19,0.1472456464961128,1.1763525657553924,0.0,0.013197876583401486,LOW
2016-02-22,0.1095156816136052,1.51468904554928,0.0,0.016457219357346127,LOW
2016-02-23,0.9999993487735352,1.923429382916761e-06,0.0,0.03232144241060674,MEDIUM
2016-02-24,0.9519888513879528,0.0480114425064549,0.0,0.061814322086201946,MEDIUM
2016-02-25,0.0633371203544505,0.9369488718620276,0.0,0.004131848398884026,LOW
2016-02-26,0.9987754185461803,0.0024441209278379,0.0,0.03228551459801595,LOW
2016-02-29,0.999993119775502,6.88525226279849e-06,0.0,0.06464251915744483,MEDIUM
2016-03-01,0.9999998310070491,1.690042698394116e-07,0.0,0.09696436969496583,HIGH
2016-03-02,0.9999993526024796,6.473975202450631e-07,0.0,0.12928577009197137,HIGH
2016-03-03,0.9815401492892624,0.0184598567630944,0.0,0.1588943671888297,HIGH
2016-03-04,0.9989419557627772,0.0010618149272656,0.0,0.193742421616894,HIGH
2016-03-08,0.8655428138439347,0.1346120833855336,0.0,0.19835432604938524,HIGH
2016-03-09,0.999945004787051,7.232000429581407e-05,0.0,0.25855877851670606,HIGH
2016-03-10,0.9148463811229632,0.0851647009720487,0.0,0.26825631623134105,HIGH
2016-03-11,0.4881598690995133,0.517723898906792,0.0,0.016878820624894767,LOW
2016-03-14,0.3797934179433854,0.7926064789095741,0.0,0.027156994534515484,LOW
2016-03-15,0.999289447387806,0.0011097190948079,0.0,0.032300604455384616,LOW
2016-03-16,0.6524589329461967,0.3495845474337146,0.0,0.021894636390969623,LOW
2016-03-17,0.9924108171748272,0.0087724555501749,0.0,0.03209857715364927,LOW
2016-03-18,0.0345362829398685,0.9870781408510028,0.0,0.003292375840430949,LOW
2016-03-21,0.4953260047327302,0.9826294375436015,0.0,0.03419516068456885,MEDIUM
2016-03-22,0.7565462566627486,0.4497577702474308,0.0,0.025056376582624107,LOW
2016-03-23,0.0588875120165741,1.263485014968912,0.0,0.0040019034143238515,LOW
2016-03-28,0.9998905793808196,0.0002540753215598,0.0,0.03231824981548023,MEDIUM
2016-03-29,0.0187176720452533,0.9883079517548078,0.0,0.0028329423737771826,LOW
2016-03-30,0.99281531459158,0.014355408570452,0.0,0.03211046320088265,LOW
2016-03-31,0.0235233575558007,0.9847149556773704,0.0,0.0029723943386799688,LOW
2016-04-01,0.0022817182670408,1.795083562809351,0.0,0.004713641733435452,LOW
2016-04-04,0.0020228763965985,2.193249047877193,0.0,0.007047998458463489,LOW
2016-04-05,0.9945127063857028,0.0208852966952804,0.0,0.03216033264873118,LOW
2016-04-06,0.0220986607003553,0.996677649742897,0.0,0.002931041038262831,LOW
2016-04-07,0.9906457026364952,0.0186913139760037,0.0,0.032046701215274344,LOW
2016-04-08,0.0020142330482401,1.010287204763224,0.0,0.0023490827811478913,LOW
2016-04-11,0.8304507915448991,0.3405499318611634,0.0,0.027284582563330537,LOW
2016-04-12,0.002189711429893,1.0131261725743346,0.0,0.0023541591609570127,LOW
2016-04-13,0.9505584733604052,0.1001331877108298,0.0,0.030864871767951243,LOW
2016-04-18,0.999983869008413,1.6329440553337408e-05,0.0,0.06464197610471986,MEDIUM
2016-04-20,0.9942137327271648,0.0057865076979567,0.0,0.09645464916407169,HIGH
2016-04-21,0.7706107581859314,0.2295445099246039,0.0,0.10192667662519861,HIGH
2016-04-22,0.0023539955688708,1.0518726535983929,0.0,0.0023589118361391614,LOW
2016-04-25,0.8046707853940418,0.3949328322748251,0.0,0.026509235515518433,LOW
2016-04-26,0.9998447404588476,0.0002215119464192,0.0,0.06463380867455853,MEDIUM
2016-04-27,0.026242502141867,0.9763784396654188,0.0,0.0030513466720975286,LOW
2016-04-28,0.999996549522376,6.90138234840099e-06,0.0,0.0323213602477569,MEDIUM
2016-04-29,0.6149159455110683,0.3850954425210044,0.0,0.020749738484138587,LOW
2016-05-02,0.0159007944477169,0.9895258416585038,0.0,0.005502504343787719,LOW
2016-05-03,0.957659965799114,0.0845269512393235,0.0,0.031074742061679296,LOW
2016-05-04,0.0095440233949676,1.3187380425931408,0.0,0.0025670409241141876,LOW
2016-05-05,0.5267472332933961,1.522441557816642,0.0,0.036114261480707836,MEDIUM
2016-05-06,0.8160705441089646,0.3145217960783601,0.0,0.026852357993638,LOW
2016-05-09,0.999941996813827,7.105770591378029e-05,0.0,0.06463951804930304,MEDIUM
2016-05-10,0.0240653543728017,0.979181924653362,0.0,0.002988128850389408,LOW
2016-05-11,0.9999467127948928,0.0001065592457983,0.0,0.03231989744796338,MEDIUM
2016-05-12,0.0108244990091893,0.9892677457724488,0.0,0.002604132238144164,LOW
2016-05-13,0.1025235783783966,1.7159587133133198,0.0,0.010560252008710441,LOW
2016-05-16,0.2249201327743449,1.462662268035975,0.0,0.026727873575847817,LOW
2016-05-17,0.0927079642253488,1.7332160062138644,0.0,0.019967398961154292,LOW
2016-05-18,0.0846352098098852,2.3653116484287278,0.0,0.023775418091961605,LOW
2016-05-19,0.9882597395884872,0.0351967440957523,0.0,0.03197655679589489,LOW
2016-05-20,0.0030698066269121,1.5098928437633885,0.0,0.002379621450275588,LOW
2016-05-23,0.985131087064758,0.0306055694253695,0.0,0.0318845399394495,LOW
2016-05-24,0.0021919739677673,1.0850661931603642,0.0,0.002354224614419941,LOW
2016-05-25,0.9999975851990368,5.017220117334996e-06,0.0,0.03232139064665739,MEDIUM
2016-05-26,0.4195586201815063,0.5806876611439218,0.0,0.01478741666473158,LOW
2016-05-27,0.1053251407177972,1.0041535779204156,0.0,0.010724968619300468,LOW
2016-05-30,0.0020923070182181,1.814108489694712,0.0,0.007054024049581106,LOW
2016-05-31,0.317363656742458,2.0211221580405963,0.0,0.04675106820861013,MEDIUM
2016-06-01,0.0031616934580143,2.6941438350364053,0.0,0.011911400325472997,LOW
2016-06-02,0.0020292038522535,3.543054416333251,0.0,0.01409709517771925,LOW
2016-06-03,0.0021349796921734,4.322126419398977,0.0,0.016468030751558674,LOW
2016-06-06,0.0075447055999047,4.869028591895972,0.0,0.020073139550790948,LOW
2016-06-07,0.0020286596818738,5.240088566580257,0.0,0.021145501088476428,LOW
2016-06-08,0.0108010490628107,5.752574413801285,0.0,0.026034528983830626,LOW
2016-06-09,0.0020583258980802,6.145506893515526,0.0,0.02585394153036815,LOW
2016-06-10,0.0081506732044992,7.151077535480649,0.0,0.030320264959182608,LOW
2016-06-13,0.0023846200202433,7.652716206622181,0.0,0.030677371445016827,LOW
2016-06-14,0.0183156327200502,8.202005424381838,0.0,0.03949793190872034,MEDIUM
2016-06-15,0.0020866813175965,8.2618525656885,0.0,0.03526767908095651,MEDIUM
2016-06-16,0.0045029295956007,7.781235702936174,0.0,0.0387374616038685,MEDIUM
2016-06-17,0.0067441632981701,7.43831097911354,0.0,0.04226140014169449,MEDIUM
2016-06-20,0.9980538946432184,0.0140990381781067,0.0,0.03226433150857018,LOW
2016-06-21,0.0020227063001055,2.001007460156273,0.0,0.0023493278988630543,LOW
2016-06-22,0.0021137160267411,8.333757733816888,0.0,0.00470392137397758,LOW
2016-06-23,0.0029836872306622,9.171873150460527,0.0,0.007131389232217442,LOW
2016-06-24,0.9999998042990524,1.607336907769103e-06,0.0,0.03232145578106307,MEDIUM
2016-06-27,0.0069897494626341,0.993337277799732,0.0,0.0024930747359392805,LOW
2016-06-28,0.0021189928577452,1.022805219934408,0.0,0.004704226679518148,LOW
2016-06-29,0.0025465126916113,1.9933595647434237,0.0,0.0070934443263404815,LOW
2016-06-30,0.8989989648160576,0.3028705393130543,0.0,0.029334820840310544,LOW
2016-07-01,0.0042704416376487,2.069983299970793,0.0,0.002414363250784938,LOW
2016-07-04,0.9998513932562024,0.0003114102266972,0.0,0.032317099612827145,MEDIUM
2016-07-05,0.921909415534318,0.0781892378190571,0.0,0.06003209140140501,MEDIUM
2016-07-07,0.0026847730853779,1.0022004698239118,0.0,0.002368481484467716,LOW
2016-07-08,0.9734780061372078,0.0530582236425349,0.0,0.03154143100920799,LOW
2016-07-11,0.9999931261123944,7.790259307636732e-06,0.0,0.06464251952944255,MEDIUM
2016-07-12,0.1334711698206599,0.8665952294565255,0.0,0.006191817593121245,LOW
2016-07-13,0.998089436415572,0.0035557114732755,0.0,0.03226537502759797,LOW
2016-07-14,0.0271893029890087,0.9732097275965942,0.0,0.003078845831782106,LOW
2016-07-15,0.2856876841596375,1.2885645026121824,0.0,0.021465116946951576,LOW
2016-07-18,0.7509739265222343,0.351633219418774,0.0,0.02488772886988308,LOW
2016-07-19,0.5771062501165989,0.5873816526355564,0.0,0.019595396170135906,LOW
2016-07-20,0.1135554691163791,1.0297596781588183,0.0,0.011209269333226848,LOW
2016-07-21,0.9999847383643246,3.475128120487504e-05,0.0,0.03232101356950864,MEDIUM
2016-07-22,0.0052391300118614,1.0000049367113049,0.0,0.0024423983452739493,LOW
2016-07-25,0.9999988609122828,2.2782580719238227e-06,0.0,0.032321428091040015,MEDIUM
2016-07-26,0.0020384223542873,0.9979688539120942,0.0,0.002349782540237909,LOW
2016-07-27,0.0039284985395361,1.463235567016917,0.0,0.004808936059752973,LOW
2016-07-28,0.0020023789806919,1.9938271889290935,0.0,0.007046219587120421,LOW
2016-07-29,0.8830494656499044,0.3503474153499447,0.0,0.028859347265570063,LOW
2016-08-01,0.0198211610724698,3.7576045266875626,0.0,0.0028649539874852897,LOW
2016-08-02,0.0020665871608233,4.95117876686186,0.0,0.00470119461572114,LOW
2016-08-03,0.6019396305833313,2.321907097916529,0.0,0.0610610381044712,MEDIUM
2016-08-04,0.9998451066271145,0.0001611470258112,0.0,0.032316915085200695,MEDIUM
2016-08-05,0.0403925681516351,0.9614110312582246,0.0,0.003462760882652659,LOW
2016-08-08,0.2788468199329006,1.3170588773383671,0.0,0.021053356344532082,LOW
2016-08-09,0.7355259573357106,0.7094786854871097,0.0,0.02441977588682112,LOW
2016-08-10,0.9893014761420188,0.0265407797551657,0.0,0.06401437139367022,MEDIUM
2016-08-11,0.0020745578094411,1.088287155507793,0.0,0.00235082788801808,LOW
2016-08-12,0.0027442612377564,2.628695625907906,0.0,0.004740405154392749,LOW
2016-08-16,0.0027720021951154,4.0717505517562325,0.0,0.00711301552693971,LOW
2016-08-17,0.0020773641567367,4.221157333562593,0.0,0.009403636287787126,LOW
2016-08-18,0.0020712031916904,4.605749874647832,0.0,0.011753654216981801,LOW
2016-08-19,0.0020660994264915,5.089074925982942,0.0,0.014103499190227443,LOW
2016-08-22,0.0020474052722415,5.970537394030053,0.0,0.01645029681972206,LOW
2016-08-23,0.0039686642492778,6.951558294246484,0.0,0.01924504260048466,LOW
2016-08-24,0.0033165473149705,7.916070188974783,0.0,0.021480845681066934,LOW
2016-08-25,0.1144838343768627,7.868343683662902,0.0,0.05631967523541034,MEDIUM
2016-08-26,0.002143075716801,9.501128397283647,0.0,0.025880910345161632,LOW
2016-08-29,0.0022306412248339,10.688369740787008,0.0,0.028264118782232527,LOW
2016-08-30,0.0071770179425505,11.35869054918656,0.0,0.03248045553402855,MEDIUM
2016-08-31,0.0020102816860444,12.813205938076582,0.0,0.03288555864485686,MEDIUM
2016-09-01,0.0020534331634995,13.85339388477902,0.0,0.0352532517156319,MEDIUM
2016-09-02,0.0021207305151312,14.840321486857071,0.0,0.03763461773210243,MEDIUM
2016-09-06,0.5532517729114067,7.089519903120748,0.0,0.32073494733107616,HIGH
2016-09-07,0.0029062813059474,10.698594996599375,0.0,0.042748023166692656,MEDIUM
2016-09-08,0.0020038007616024,17.676453691420278,0.0,0.04462683885053602,MEDIUM
2016-09-09,0.0595886397484493,15.803789994675991,0.0,0.08044745792966576,HIGH
2016-09-12,0.9455619480620688,0.2174321362655453,0.0,0.030717080691194023,LOW
2016-09-14,0.0020017944135627,7.609617376933232,0.0,0.0023487229518202204,LOW
2016-09-15,0.0020025438959661,20.794143802248325,0.0,0.004697489266195851,LOW
2016-09-16,0.0031431551219766,22.29456766835576,0.0,0.007145231044490981,LOW
2016-09-19,0.0020062115484939,23.483429732874335,0.0,0.009395402928861646,LOW
2016-09-20,0.0170616014020605,23.83679665202467,0.0,0.01392455688523309,LOW
2016-09-21,0.0020715389769743,25.239187498981742,0.0,0.01410444334328895,LOW
2016-09-22,0.9999299241578552,0.0016680984638373,0.0,0.032319404668019885,MEDIUM
2016-09-23,0.0031916930056124,1.3922547264065912,0.0,0.0023831480679606604,LOW
2016-09-26,0.997441733419994,0.0051322016807724,0.0,0.03224635735095231,LOW
2016-09-27,0.0060176359543501,0.9966599551963676,0.0,0.002464932514480801,LOW
2016-09-28,0.0020677980577834,1.6982583734905743,0.0,0.004701264674927499,LOW
2016-09-29,0.9999925431359686,1.7107515761208885e-05,0.0,0.03232124265334426,MEDIUM
2016-09-30,0.0241346211910691,0.9762306108447912,0.0,0.0029901398091107586,LOW
2016-10-03,0.1429877745686725,1.343731163073551,0.0,0.01294601086161899,LOW
2016-10-04,0.997407063367308,0.0054721533503779,0.0,0.03224533932550261,LOW
2016-10-05,0.8655133551190731,0.134919573358286,0.0,0.05667090248032889,MEDIUM
2016-10-06,0.6032007392434563,0.4048784594257794,0.0,0.020392176541794066,LOW
2016-10-07,0.0035083236471234,1.2591111988769226,0.0,0.004784619349235091,LOW
2016-10-10,0.0219669383774946,2.196370938421158,0.0,0.008781654423620267,LOW
2016-10-13,0.9824589752989972,0.0572577537236964,0.0,0.03180591612090685,LOW
2016-10-14,0.0556549019602169,1.061584309162563,0.0,0.003907556341921689,LOW
2016-10-17,0.9943008608744828,0.0118255276535407,0.0,0.03215410931976548,LOW
2016-10-18,0.999958924467261,4.114489481694959e-05,0.0,0.06464051176816342,MEDIUM
2016-10-19,0.0146580044145828,0.9861556103198716,0.0,0.002715222759242228,LOW
2016-10-20,0.0020262174265612,1.1136739812615508,0.0,0.004698858940544881,LOW
2016-10-21,0.0058007172580281,1.9882483959659007,0.0,0.007375960285661662,LOW
2016-10-24,0.0021847652029465,2.9773198242360066,0.0,0.009416064282152605,LOW
2016-10-25,0.0021148504177881,3.9568034963854606,0.0,0.011759967518157324,LOW
2016-10-26,0.0026747989942201,4.934624838330778,0.0,0.014209157512767684,LOW
2016-10-27,0.0050258359274634,5.897248374864394,0.0,0.017053574716279992,LOW
2016-10-28,0.1079689570531323,6.194350496383873,0.0,0.04352189804799729,MEDIUM
2016-11-01,0.0020152444506393,7.564925611519885,0.0,0.02114200835455259,LOW
2016-11-02,0.3998730059177731,5.075830194074253,0.0,0.1418856242705036,HIGH
2016-11-03,0.0020004266612278,9.319875266132495,0.0,0.02583551723532905,LOW
2016-11-04,0.0020271241115728,10.584286506762298,0.0,0.028193468391172927,LOW
2016-11-07,0.9999360011156124,0.0007213284581048,0.0,0.03231958303898254,MEDIUM
2016-11-08,0.0025909088413134,1.1834300258005488,0.0,0.002365765867232056,LOW
2016-11-09,1.0,0.0,0.0,0.032321461525221716,MEDIUM
2016-11-10,0.9999999999953316,4.668487818548783e-12,0.0,0.06464292305016939,MEDIUM
2016-11-11,0.9999999999807664,1.923361470090696e-11,0.0,0.09696438457397154,HIGH
2016-11-15,0.9999999999936564,6.3434812957653336e-12,0.0,0.1292858461001421,HIGH
2016-11-16,0.9999999996418084,3.581916985228006e-10,0.0,0.16160730757354091,HIGH
2016-11-17,0.999996491168992,3.5088310079309173e-06,0.0,0.1939281512099043,HIGH
2016-11-18,0.9999176064073294,8.239360079885299e-05,0.0,0.22623330181689133,HIGH
2016-11-21,1.0,0.0,0.0,0.25857169220177373,HIGH
2016-11-22,0.9999999784983488,2.1501651348287965e-08,0.0,0.2908931480470023,HIGH
2016-11-23,0.9999999982197983,1.7802015278775814e-09,0.0,0.3232146147296975,HIGH
2016-11-24,0.999983830108182,1.616989181812584e-05,0.0,0.35553085601625456,HIGH
2016-11-25,0.9999991826400164,8.173774059620092e-07,0.0,0.38785725041162866,HIGH
2016-11-28,0.9997442216435958,0.0002557791741178,0.0,0.4200813999847495,HIGH
2016-11-29,0.999977617447688,2.238456782520977e-05,0.0,0.4524912638090225,HIGH
2016-11-30,0.9999256488405398,7.435299052347864e-05,0.0,0.4847891876810623,HIGH
2016-12-01,0.9999999997189564,2.8104362966276935e-10,0.0,0.5171433842715617,HIGH
2016-12-02,0.9996657962172496,0.0003342037938902,0.0,0.5492980809477157,HIGH
2016-12-05,0.9990724545057874,0.0009275477245695,0.0,0.5812962218180246,HIGH
2016-12-06,0.9960746933887212,0.0039312036867634,0.0,0.6119180382446172,HIGH
2016-12-07,0.9999777438948464,2.294753451896174e-05,0.0,0.6464161653848203,HIGH
2016-12-08,0.9999995806077524,4.193991668796423e-07,0.0,0.6464289843067864,HIGH
2016-12-09,0.9945713366935532,0.0054286633402517,0.0,0.6432410996047104,HIGH
2016-12-12,0.0120774505235603,0.9882132200739028,0.0,0.002640433722596051,LOW
2016-12-13,0.0050555762765474,1.4737038108084644,0.0,0.004874171447312731,LOW
2016-12-14,0.0020056142169241,1.9928893703376995,0.0,0.007046500357192173,LOW
2016-12-15,0.0461897395734493,2.826133047900052,0.0,0.014526331604644836,LOW
2016-12-16,0.0020039201753271,3.927026568404385,0.0,0.01174392223287302,LOW
2016-12-19,0.0055453346293787,4.952922698239333,0.0,0.014707567328898689,LOW
2016-12-20,0.0020172014580208,5.942095643701983,0.0,0.016444180567419562,LOW
2016-12-21,0.0045673842996222,6.937765866811527,0.0,0.019383653488999564,LOW
2016-12-22,0.0028508837827717,7.888998868828226,0.0,0.02135958650293931,LOW
2016-12-23,0.0020407733578788,8.776455630181273,0.0,0.02349850551270747,LOW
2016-12-26,0.0020025974331207,9.382610260263212,0.0,0.0258362080002262,LOW
2016-12-27,0.890545571636116,0.9916280405788386,0.0,0.02908293831379284,LOW
2016-12-28,0.0023396569170794,4.866143709061649,0.0,0.0023584970195499604,LOW
2016-12-29,0.9999436127791316,0.0001196778800531,0.0,0.03231980645642004,MEDIUM
2016-12-30,0.0021576147622169,1.0017920325646186,0.0,0.0023532306318939343,LOW
2017-01-02,0.2121936747480844,1.594531170051876,0.0,0.017058252758736715,LOW
2017-01-03,0.002849330519451,1.4930305630959717,0.0,0.007119727349077074,LOW
2017-01-04,0.002003679378488,3.3808011630534303,0.0,0.009395109922884937,LOW
2017-01-05,0.0021455281329815,4.958110156405155,0.0,0.011764404886678136,LOW
2017-01-06,0.0049887217487173,5.522245037521587,0.0,0.01461090469817292,LOW
2017-01-09,0.9997108102926636,0.0022494408477543,0.0,0.03231297312369485,MEDIUM
2017-01-10,0.0058074866973081,1.029900453337771,0.0,0.002458849378307104,LOW
2017-01-11,0.0059148572243681,3.1240843491865053,0.0,0.004923914758432247,LOW
2017-01-12,0.0020297100250502,2.4763000247453606,0.0,0.007048591517262783,LOW
2017-01-13,0.9831231356008072,0.1102571598419237,0.0,0.031825461220116834,LOW
2017-01-16,0.005147794660928,1.2518294951260749,0.0,0.002439754793528563,LOW
2017-01-17,0.0161806362678574,2.120785363477273,0.0,0.005518731989884789,LOW
2017-01-18,0.2197468555150869,2.440478743152924,0.0,0.026264044148276666,LOW
2017-01-19,0.0023667557133807,2.41697496330961,0.0,0.009437123949574869,LOW
2017-01-20,0.3931949323611222,1.7314325943362805,0.0,0.06992787627642984,MEDIUM
2017-01-23,0.2348342218765498,1.7934392567272666,0.0,0.05523518156153358,MEDIUM
2017-01-24,0.6062370398764939,1.0427542212895715,0.0,0.1433940128770731,HIGH
2017-01-25,0.6453276551050231,0.6915712415342772,0.0,0.17341836741052427,HIGH
2017-01-27,0.010654675729184,1.9426704905156589,0.0,0.023392912982994698,LOW
2017-01-30,0.0020300040576862,3.207559657856611,0.0,0.023495390116670647,LOW
2017-01-31,0.7412465693166878,0.9488833957156598,0.0,0.024593135694385322,LOW
2017-02-01,0.9976864046500205,0.0049893805742091,0.0,0.0645070830814675,MEDIUM
2017-02-02,0.0075247236626133,1.0455217846944518,0.0,0.002508563879419129,LOW
2017-02-03,0.0505132359348655,2.264699721875904,0.0,0.007515181392308484,LOW
2017-02-06,0.0020246407735883,2.8383192958206536,0.0,0.007048151580465175,LOW
2017-02-07,0.0030874543188582,3.2901835760724025,0.0,0.009520528232269763,LOW
2017-02-08,0.1553434424826288,3.593828751013177,0.0,0.03419327110431354,MEDIUM
2017-02-09,0.0599949945835812,3.787335851266143,0.0,0.024205424961859887,LOW
2017-02-10,0.0022390258612264,5.493721869988823,0.0,0.0164891005622455,LOW
2017-02-13,0.8612627008924596,0.7222364278027703,0.0,0.028208288984099078,LOW
2017-02-14,0.0021004488518964,3.538207391155757,0.0,0.0023515768831611993,LOW
2017-02-15,0.0022006494966394,5.972534763113044,0.0,0.004708951181907202,LOW
2017-02-16,0.0020177766119094,8.842762308078907,0.0,0.00704755587232234,LOW
2017-02-17,0.9999999994482708,3.721440033947747e-09,0.0,0.03232146150902752,MEDIUM
2017-02-20,0.0042804523212865,0.9957555729230616,0.0,0.0024146529503342017,LOW
2017-02-21,0.0079008203741703,1.0197856247651882,0.0,0.005038907676229491,LOW
2017-02-22,0.0032411951381232,1.9964414727715296,0.0,0.007153741095761584,LOW
2017-02-23,0.0176705201926607,2.943160722795678,0.0,0.01121028138786224,LOW
2017-02-27,0.0020828704490005,3.94717406392627,0.0,0.011755341809164313,LOW
2017-02-28,0.0020625393296134,4.918058381267262,0.0,0.014102881257934139,LOW
2017-03-01,0.0027183087880326,5.899184786076941,0.0,0.016586162088586955,LOW
2017-03-02,0.9999251149241354,0.0005178679256034,0.0,0.032319263507196376,MEDIUM
2017-03-03,0.0040931858821211,1.008375861958449,0.0,0.002409233717946721,LOW
2017-03-06,0.5071550336045502,0.9807925041140167,0.0,0.034917519969359906,MEDIUM
2017-03-07,0.0496923440634063,1.06551386375781,0.0,0.011200977753988582,LOW
2017-03-08,0.0050501679918485,2.017843583728275,0.0,0.009747716773259975,LOW
2017-03-09,0.0035748573496956,3.0662378287073486,0.0,0.011971174330483255,LOW
2017-03-10,0.0346511910815987,4.166960154134963,0.0,0.019774304928454,LOW
2017-03-14,1.0,0.0,0.0,0.032321461525221716,MEDIUM
2017-03-15,0.0067765876482807,0.9932234123517192,0.0,0.002486903422805836,LOW
2017-03-16,0.030271398130569,0.9699874611646436,0.0,0.006336784185520698,LOW
2017-03-17,0.9999931299794038,1.3298277901414765e-05,0.0,0.032321259878224755,MEDIUM
2017-03-20,0.1043687249437042,0.8962640748260072,0.0,0.005334364369748779,LOW
2017-03-21,0.4661254837773512,0.65001249383079,0.0,0.03241291504773876,MEDIUM
2017-03-22,0.5931160505952425,0.5878562484878314,0.0,0.060252884932080086,MEDIUM
2017-03-23,0.0027224699791211,1.5948904013808327,0.0,0.009478288469371342,LOW
2017-03-24,0.0296453600448858,2.4123772524770013,0.0,0.015750998915818652,LOW
2017-03-27,0.0068809508799161,3.4935323871760064,0.0,0.014939549088388248,LOW
2017-03-28,0.0024121477936202,4.2755222514682165,0.0,0.016524159312251697,LOW
2017-03-29,0.0020749405835891,5.257828305514182,0.0,0.018806711689340238,LOW
2017-03-30,0.0037000709448378,6.189896692345997,0.0,0.021580722458966146,LOW
2017-03-31,0.0091463675094956,6.927506594994186,0.0,0.025555236633324624,LOW
2017-04-03,0.2014166145691938,6.069450518230069,0.0,0.09028444917675116,HIGH
2017-04-05,0.9926434237939028,0.0296732900582758,0.0,0.032105412325321596,LOW
2017-04-06,0.0313032881131668,1.0901735904729106,0.0,0.003198382217092103,LOW
2017-04-07,0.0071832783121476,2.8823330443445805,0.0,0.00499735566833423,LOW
2017-04-10,0.2382351657858531,3.595740995654994,0.0,0.027923049451532494,LOW
2017-04-11,0.0147485600229071,4.440880480541061,0.0,0.010871391157205867,LOW
2017-04-12,0.90923324469401,0.35192705687242,0.0,0.029639390100440366,LOW
2017-04-13,0.0029056322487865,2.3703136320947937,0.0,0.0023748713970223293,LOW
2017-04-17,0.0020003293473251,7.90311258326682,0.0,0.004697361139803201,LOW
2017-04-18,0.1246495416639311,5.53767951293316,0.0,0.017794538165684066,LOW
2017-04-19,0.0028402461415961,9.31701959852418,0.0,0.009491918470897759,LOW
2017-04-20,0.0020003345151394,12.747300582760383,0.0,0.011743403596989084,LOW
2017-04-21,0.9998183280443614,0.0024875183469008,0.0,0.03231612906765093,MEDIUM
2017-04-24,0.891285536037225,0.1094087045028435,0.0,0.058209995805603834,MEDIUM
2017-04-25,0.9911382300797515,0.0091829711355922,0.0,0.09618353332292708,HIGH
2017-04-26,0.0038175383439361,1.0193864239573796,0.0,0.0024012571587986543,LOW
2017-04-27,0.0028667671708532,1.9068977178432065,0.0,0.004747493866507244,LOW
2017-04-28,0.0338650511772676,2.5678010646463534,0.0,0.00981857086486678,LOW
2017-05-02,0.5101995787218911,1.7103110739359937,0.0,0.07020693291787407,MEDIUM
2017-05-03,0.0117133284426159,2.1533895224568984,0.0,0.013149416673971941,LOW
2017-05-04,0.971571370955688,0.1127775080094676,0.0,0.03148523604929839,LOW
2017-05-05,0.5493551718132729,0.5254582191917864,0.0,0.018747730370035444,LOW
2017-05-08,0.0021144137434509,1.3001252838694537,0.0,0.004703961742277735,LOW
2017-05-09,0.0022673126001816,2.2924234362130127,0.0,0.007069212348872796,LOW
2017-05-10,0.9393603319468892,0.2082445146293036,0.0,0.030533497620870927,LOW
2017-05-11,0.0027550990408491,1.5827745833949085,0.0,0.0023705161349402057,LOW
2017-05-12,0.0030779883178699,4.215766616391056,0.0,0.004759716348518059,LOW
2017-05-15,0.1234896436321523,3.125314754674718,0.0,0.01769193619014302,LOW
2017-05-16,0.0335964577002293,4.221840350810199,0.0,0.01306018823294948,LOW
2017-05-17,0.0022023755693487,7.0674281272959245,0.0,0.011772627624914093,LOW
2017-05-18,0.997526830219295,0.0162264804691362,0.0,0.03224885604680827,LOW
2017-05-19,0.086395745136052,0.9711815580879783,0.0,0.004806693394743867,LOW
2017-05-22,0.930832203628767,0.1387167686219711,0.0,0.030280780677399234,LOW
2017-05-23,0.0020116689797469,1.0413701552958674,0.0,0.0023490086067865135,LOW
2017-05-24,0.0022269941750442,1.99427998197528,0.0,0.004710475449766959,LOW
2017-05-25,0.1574353633696691,2.532469534647855,0.0,0.02070187605530491,LOW
2017-05-26,0.0055899412214599,2.7567682794160397,0.0,0.00981020945830028,LOW
2017-05-29,0.0040964010522474,2.7366632259973547,0.0,0.012046633795708507,LOW
2017-05-30,0.0020052510406272,3.725733316953859,0.0,0.01409293767783835,LOW
2017-05-31,0.0025441081364333,4.488851423109551,0.0,0.01655088313330588,LOW
2017-06-01,0.0020125290534647,5.575162164929542,0.0,0.018792267898615846,LOW
2017-06-02,0.0020038244452556,4.470152896367322,0.0,0.021139035095360713,LOW
2017-06-05,0.0020419422838771,4.182112693051222,0.0,0.02349884366568827,LOW
2017-06-06,0.9999816384597064,0.0001175395532855,0.0,0.03232092258175605,MEDIUM
2017-06-07,0.0020741241689055,1.092281866401549,0.0,0.0023508153433722005,LOW
2017-06-08,0.0025059210178161,6.522400648910307,0.0,0.0047266141848386215,LOW
2017-06-09,0.0023037429046575,7.808413305806148,0.0,0.007072374098822211,LOW
2017-06-12,0.0020208649673798,7.962433016982972,0.0,0.009397098528015348,LOW
2017-06-13,0.0067700727618247,9.03226049365018,0.0,0.012433574058467529,LOW
2017-06-14,0.0022386361017669,9.613050848280691,0.0,0.014133447114480363,LOW
2017-06-15,0.2803064803054555,9.23526406713424,0.0,0.0739941643739391,HIGH
2017-06-16,0.1807349086609498,5.337927202023419,0.0,0.060736608969226974,MEDIUM
2017-06-19,0.0020082366522827,11.361788225008825,0.0,0.021140183836291702,LOW
2017-06-20,0.3878864808115424,4.7139211434061306,0.0,0.1382428327634939,HIGH
2017-06-21,0.0020033996899254,12.67469145408998,0.0,0.025836463287746324,LOW
2017-06-22,0.0026324059593937,14.88796253157996,0.0,0.02840359714621675,LOW
2017-06-23,0.262614037176891,9.90453520029017,0.0,0.13050385102890066,HIGH
2017-06-27,0.0064848901064487,13.537975179480394,0.0,0.03469842241670468,MEDIUM
2017-06-28,0.0024278117543982,16.6765885114968,0.0,0.03541571025873928,MEDIUM
2017-06-29,0.0028199293656977,17.62597053234435,0.0,0.037958268928401095,MEDIUM
2017-06-30,0.0022248085613177,16.78884405121599,0.0,0.040037966439064085,MEDIUM
2017-07-03,0.9973914098787184,0.0392133912905155,0.0,0.03224487968643041,LOW
2017-07-04,0.51758371917285,0.4910136461158016,0.0,0.01777724598581135,LOW
2017-07-05,0.0035227767547639,1.1059710569482244,0.0,0.004785455763885598,LOW
2017-07-06,0.0020049384603544,2.2805088860924974,0.0,0.0070464417116261405,LOW
2017-07-07,0.0020017194951232,7.844564540260172,0.0,0.009394883138218737,LOW
2017-07-10,0.0022523101258676,15.34164145224302,0.0,0.011779850507459066,LOW
2017-07-11,0.0020343807431434,20.021928499768475,0.0,0.014097993735042207,LOW
2017-07-12,0.00202300046336,21.14773861701229,0.0,0.016445354859813237,LOW
2017-07-13,0.0020025843429697,18.89828501753798,0.0,0.01878996642529962,LOW
2017-07-14,0.0050604064075157,22.69246217526357,0.0,0.02193502968707646,LOW
2017-07-17,0.0020021332790533,24.555953752407124,0.0,0.023487327546341717,LOW
2017-07-18,0.9999899103091198,0.0003200222832488,0.0,0.03232116537525564,MEDIUM
2017-07-19,0.9981197196576044,0.0018803285483256,0.0,0.06453252829970231,MEDIUM
2017-07-20,0.8217566642469547,0.178284421937288,0.0,0.08107004124943466,HIGH
2017-07-21,0.9991556065835804,0.0011111476899319,0.0,0.1291867021270655,HIGH
2017-07-24,0.0082363649353605,0.9979073366460804,0.0,0.0025291701622330736,LOW
2017-07-25,0.9961575626776142,0.0077123610746435,0.0,0.03220864633563519,LOW
2017-07-26,0.0021869360248793,1.0022330149315035,0.0,0.002354078870679112,LOW
2017-07-27,0.6930561610048735,0.6192516604141607,0.0,0.0462608218228906,MEDIUM
2017-07-28,0.7581603083780581,0.3113655197224072,0.0,0.025105210807500906,LOW
2017-07-31,0.0201081829445074,1.1778084726970848,0.0,0.002873281269943533,LOW
2017-08-01,0.0085823442684295,2.0317075506381737,0.0,0.005078378398200483,LOW
2017-08-02,0.0630562882105844,2.8540902692400687,0.0,0.01237093313232564,LOW
2017-08-03,0.9623976072322246,0.148017917023533,0.0,0.031214633134732064,LOW
2017-08-04,0.0031236506220515,1.604689274198288,0.0,0.002381179344900855,LOW
2017-08-07,0.0069497534667879,2.678210568772139,0.0,0.0049838335665924605,LOW
2017-08-08,0.937260896543632,0.2656751607319889,0.0,0.030471312527651284,LOW
2017-08-09,0.0023232090844243,1.5998150713097878,0.0,0.0023580211856399666,LOW
2017-08-10,0.0047231433160769,2.974583356531919,0.0,0.004854928946500102,LOW
2017-08-11,0.0034714177133339,4.6994767734529415,0.0,0.00717372536666923,LOW
2017-08-14,0.0021359784148269,6.339133952185744,0.0,0.0094104188546452,LOW
2017-08-16,0.0025334150791711,6.9832635011899775,0.0,0.011820512584140241,LOW
2017-08-17,0.4194434607527826,4.473702844104135,0.0,0.08870346845590864,HIGH
2017-08-18,0.0021199485337742,5.811434230577702,0.0,0.016464986904820338,LOW
2017-08-21,0.8410114662677929,0.3778542562171513,0.0,0.027601556377737715,LOW
2017-08-22,0.0065345451531184,1.3113812183805436,0.0,0.002479896235329395,LOW
2017-08-23,0.0020224183822079,2.2986820331509032,0.0,0.004698639139700276,LOW
2017-08-24,0.478658684384986,1.9574779964583289,0.0,0.04976652931904495,MEDIUM
2017-08-28,0.919347879548202,0.1233432771845129,0.0,0.02993998569406725,LOW
2017-08-29,0.0454974505504474,1.436711785457056,0.0,0.0036114142525122423,LOW
2017-08-30,0.0020004670443958,2.761482071148424,0.0,0.004697369106494761,LOW
2017-08-31,0.0020068419141103,3.514303736215064,0.0,0.007046606902967363,LOW
2017-09-01,0.0020003301267326,2.7475886750633958,0.0,0.00939472236979422,LOW
2017-09-04,0.0022051600982353,3.802792374941347,0.0,0.011773030397048441,LOW
2017-09-05,0.002000871143242,4.1071554941350605,0.0,0.014092177458906837,LOW
2017-09-06,0.0020015723982825,4.989671218529266,0.0,0.016441015705018987,LOW
2017-09-07,0.0020295071093737,5.967633242621974,0.0,0.01879619708572371,LOW
2017-09-08,0.0020007127715287,6.916279486161275,0.0,0.021138224955500353,LOW
2017-09-11,0.0020014417311506,7.809637096766805,0.0,0.023487127493063285,LOW
2017-09-12,0.0085248531894034,8.749826518390723,0.0,0.02791276736204782,LOW
2017-09-13,0.0021766597013108,9.632553868366683,0.0,0.028245379020716544,LOW
2017-09-14,0.0262834397654593,10.122818684090651,0.0,0.039682962666588294,MEDIUM
2017-09-15,0.0020049222074719,11.63530228482021,0.0,0.032883388071888835,MEDIUM
2017-09-18,0.0020010616693482,12.762484076873626,0.0,0.03523052632129501,MEDIUM
2017-09-19,0.3874789046161563,8.910203112741133,0.0,0.2209904301818078,HIGH
2017-09-20,0.0020125519911983,14.040312337256314,0.0,0.03993358056493505,MEDIUM
2017-09-21,0.0020491833684203,17.725237728954774,0.0,0.042301689130166624,MEDIUM
2017-09-22,0.8504476233141177,1.7704416760921826,0.0,0.02788444887943092,LOW
2017-09-25,0.2119178582453228,4.26953813250429,0.0,0.00852089398223539,LOW
2017-09-26,0.0216751712963549,10.333374528891357,0.0,0.005837501302778678,LOW
2017-09-27,0.999999995297466,1.4928369791802443e-08,0.0,0.03232146138719428,MEDIUM
2017-09-28,0.0947724472422081,0.9052285745636768,0.0,0.005052446074145785,LOW
2017-09-29,0.2853950251588645,0.7183279799064617,0.0,0.02144749525150437,LOW
2017-10-03,0.999999964731365,6.958332347804103e-08,0.0,0.032321460490026765,MEDIUM
2017-10-04,0.0435010679785613,0.9565430536573126,0.0,0.003553265517668422,LOW
2017-10-05,0.0948181203325262,0.9379118878868952,0.0,0.010107573756908558,LOW
2017-10-06,0.1186110710982427,1.5320239267809193,0.0,0.017260581421839657,LOW
2017-10-09,0.0040405486892084,2.5131418255335003,0.0,0.009630841999695357,LOW
2017-10-10,0.0042315962948084,3.0200636069061,0.0,0.012066195542089174,LOW
2017-10-11,0.2143902455284084,3.6156376920457736,0.0,0.05156819160483292,MEDIUM
2017-10-12,0.7962084882458603,0.8994099874348992,0.0,0.026254261441999945,LOW
2017-10-13,0.0243661721295595,2.578784044184122,0.0,0.0029968623737092106,LOW
2017-10-16,0.0138996592325542,4.523614492599464,0.0,0.0053864826506751454,LOW
2017-10-17,0.0039313420247464,5.829972172134951,0.0,0.007213650938931132,LOW
2017-10-18,0.647701101005426,2.4686499212549986,0.0,0.08699855725349867,HIGH
2017-10-19,0.998941241665596,0.0024034875061665,0.0,0.03229038263945113,LOW
2017-10-23,0.2511229733172731,0.7565315783051372,0.0,0.009693903178711659,LOW
2017-10-24,0.9655667726341198,0.0630694863717447,0.0,0.03130815682062576,LOW
2017-10-25,0.9999999989579804,1.2765612838377292e-09,0.0,0.06464292298927331,MEDIUM
2017-10-26,0.8262301804591481,0.1737698535225709,0.0,0.08147338842418833,HIGH
2017-10-27,0.3666252786172329,0.633551668947641,0.0,0.013178889371009845,LOW
2017-10-30,0.0195312897869021,1.1967038063871211,0.0,0.005713088854904518,LOW
2017-10-31,0.0020869713204136,2.0193313136005573,0.0,0.007053560984433707,LOW
2017-11-01,0.2940656246765248,2.116177933968637,0.0,0.04393960577144182,MEDIUM
2017-11-02,0.002047148659623,3.323435564122801,0.0,0.011750174896936232,LOW
2017-11-03,0.405007102800465,2.438674561189908,0.0,0.08606806640725234,HIGH
2017-11-06,0.0561463180851401,3.1346971644930184,0.0,0.027453270111971656,LOW
2017-11-07,0.9990343523890244,0.0034828558429585,0.0,0.03229311602130535,LOW
2017-11-08,0.281977192692414,0.7226505559463537,0.0,0.010620870047808501,LOW
2017-11-09,0.984387853810217,0.029290373926453,0.0,0.03186267432247583,LOW
2017-11-10,0.0509848753509575,0.9674777417222576,0.0,0.003771341799070991,LOW
2017-11-13,0.9999899133808662,2.0310051732120947e-05,0.0,0.0323211654654168,MEDIUM
2017-11-14,0.0891693307141653,0.9111419223963054,0.0,0.0048880289102540475,LOW
2017-11-15,0.0275433360271844,1.0390608574650673,0.0,0.006178259092278752,LOW
2017-11-16,0.262549102860481,1.464041225844993,0.0,0.030110423315245046,LOW
2017-11-17,0.9999938391934778,1.4179787202079956e-05,0.0,0.03232128069489532,MEDIUM
2017-11-20,0.0043748632555905,0.9992127243984636,0.0,0.0024173851351037175,LOW
2017-11-21,0.2643652694201215,1.438148747520494,0.0,0.020182706571906864,LOW
2017-11-22,0.1330294913895988,1.7529559788306002,0.0,0.018536330190357348,LOW
2017-11-23,0.0033859660742973,2.83946283679182,0.0,0.009555076965221898,LOW
2017-11-24,0.0060551276506598,3.5577738180239526,0.0,0.012330088993769112,LOW
2017-11-27,0.0035924743358467,4.757193045674098,0.0,0.014368467764116391,LOW
2017-11-28,0.0021098653565303,5.91867400722666,0.0,0.016462945040673166,LOW
2017-11-29,0.0020938467486854,6.904948960205292,0.0,0.018811087138861184,LOW
2017-11-30,0.9539411891389462,0.3837800408184774,0.0,0.030964868019099753,LOW
2017-12-01,0.999598425478768,0.0004057438730516,0.0,0.06461934852517558,MEDIUM
2017-12-04,0.9741506646372924,0.0258711663780261,0.0,0.09468375818726323,HIGH
2017-12-05,0.0059547671053451,0.997250114360719,0.0,0.002463112644393204,LOW
2017-12-06,0.0870801860842667,1.8207953737661653,0.0,0.009653522866049044,LOW
2017-12-07,0.8871803715976186,0.3292817498470106,0.0,0.028982589214876498,LOW
2017-12-08,0.0138058652921168,1.2627100153836994,0.0,0.002690522796723001,LOW
2017-12-11,0.0020899564890132,2.153828696938921,0.0,0.004702546703960723,LOW
2017-12-12,0.0022281486630805,3.0501950350976914,0.0,0.007065813370575393,LOW
2017-12-13,0.0187728371550637,3.967550936108312,0.0,0.01133817019198711,LOW
2017-12-14,0.2305456360793765,3.626499017001891,0.0,0.04538764701017112,MEDIUM
2017-12-15,0.9154185733360216,0.4859521903336602,0.0,0.029823260333916503,LOW
2017-12-18,0.9999996392319096,5.785902291027293e-07,0.0,0.06464290187211803,MEDIUM
2017-12-19,0.8315932410651984,0.1684082858763233,0.0,0.08195667345877256,HIGH
2017-12-20,0.9992658443353842,0.0007348383803648,0.0,0.12919964635552758,HIGH
2017-12-21,0.0572359687126296,0.9505919759224346,0.0,0.003953695404322047,LOW
2017-12-22,0.932017704500177,0.1341242258351032,0.0,0.030315929170223577,LOW
2017-12-26,0.0213737205346115,1.0254691041744248,0.0,0.002910002546105068,LOW
2017-12-27,0.8889412390046386,0.2310104951636544,0.0,0.029035103143235208,LOW
2017-12-28,0.1523347434457627,0.9001659059440331,0.0,0.006749556608284246,LOW
2017-12-29,0.2453298689734631,1.5559023678625443,0.0,0.019040446079735037,LOW
2018-01-01,0.773537358331269,0.6276933105817135,0.0,0.02557009673885523,LOW
2018-01-02,0.791913820054491,0.3214040000350976,0.0,0.052249551570760604,MEDIUM
2018-01-03,0.947915437800992,0.0631239279028878,0.0,0.09236012168970846,HIGH
2018-01-04,0.807120511324579,0.2007072122699367,0.0,0.10633202086016919,HIGH
2018-01-05,0.0053372367671082,1.127141951907095,0.0,0.002445237927924763,LOW
2018-01-08,0.0210879264949658,1.962510351762702,0.0,0.005803418383891952,LOW
2018-01-09,0.5279969752416253,1.3574442675751384,0.0,0.05428591233573294,MEDIUM
2018-01-10,0.9881152519625646,0.0320536593865774,0.0,0.03197230822327366,LOW
2018-01-11,0.0221655361886386,1.0307175438005969,0.0,0.002932981956062555,LOW
2018-01-12,0.9976087598487176,0.0048134546264613,0.0,0.03225126171449721,LOW
2018-01-15,0.2348584578630692,0.7706465849500068,0.0,0.009206589036745755,LOW
2018-01-16,0.0117400972289718,1.2254579862365054,0.0,0.0052613178710695365,LOW
2018-01-17,0.0560775507769948,2.3477651914538917,0.0,0.011759667156233935,LOW
2018-01-18,0.9989443741691522,0.0028678612242077,0.0,0.032290474598646,LOW
2018-01-19,0.0027579391067267,1.0112767918304624,0.0,0.002370598303404836,LOW
2018-01-22,0.0023121942520625,1.8466243737386856,0.0,0.0047154050570336675,LOW
2018-01-23,0.1785149708846699,2.469022569936256,0.0,0.02257830065898766,LOW
2018-01-24,0.0022329779515167,2.524048898357459,0.0,0.009421643327964184,LOW
2018-01-25,0.1137055362091809,4.020469930292739,0.0,0.02804526336570793,LOW
2018-01-29,0.0067686394718934,4.7898114219255294,0.0,0.014920039901063395,LOW
2018-01-30,0.0187762032434854,6.005041258747547,0.0,0.019842481320044972,LOW
2018-01-31,0.0022548150667812,6.703371884450574,0.0,0.018848340545809753,LOW
2018-02-01,0.9905082225565952,0.0671521930232822,0.0,0.03204266015445845,LOW
2018-02-02,0.9999445611864444,5.6011577288096845e-05,0.0,0.06463966858807914,MEDIUM
2018-02-05,0.9999985518367324,1.4481682224311297e-06,0.0,0.09696425705742164,HIGH
2018-02-06,1.0,0.0,0.0,0.12928584610088686,HIGH
2018-02-07,0.9999999999971936,2.8065327839499336e-12,0.0,0.16160730762569672,HIGH
2018-02-08,0.9999896694025138,1.033059748622919e-05,0.0,0.1939269498253344,HIGH
2018-02-09,1.0,0.0,0.0,0.226250230676552,HIGH
2018-02-12,0.9999952071617966,4.792838203426798e-06,0.0,0.25857056677716833,HIGH
2018-02-14,0.999999019394376,9.806056239632547e-07,0.0,0.29089289468485896,HIGH
2018-02-15,0.9998267271452588,0.0001732731249577,0.0,0.32316375602354963,HIGH
2018-02-16,0.9999961042451864,3.8976799794254455e-06,0.0,0.35553481895910116,HIGH
2018-02-19,0.999652228841736,0.0003477716705063,0.0,0.3877350428875971,HIGH
2018-02-20,0.9999978271408996,2.1778868275295376e-06,0.0,0.4201781707248923,HIGH
2018-02-21,0.9943591624366273,0.0056408431568854,0.0,0.4501815086880397,HIGH
2018-02-22,0.9450802664579327,0.0549361055283734,0.0,0.46054241319575007,HIGH
2018-02-23,0.9999998799514052,1.3848826303562246e-07,0.0,0.5171433280254315,HIGH
2018-02-26,0.99729507959505,0.0027049242736531,0.0,0.5481148683801776,HIGH
2018-02-27,0.9999947986867426,5.211099505332403e-06,0.0,0.5817835594384785,HIGH
2018-02-28,0.9999993906070812,6.093929187723859e-07,0.0,0.6141074291313708,HIGH
2018-03-01,0.9784521765468742,0.0215478641394947,0.0,0.6337592331226056,HIGH
2018-03-05,0.9961276325609466,0.0038842622735908,0.0,0.6441553463716294,HIGH
2018-03-06,0.9999999999978888,2.1112849052421e-12,0.0,0.646429230503195,HIGH
2018-03-07,0.997741983347654,0.0022580166630355,0.0,0.6451034687980743,HIGH
2018-03-08,0.9999936240629188,6.376253314208212e-06,0.0,0.6464254876087655,HIGH
2018-03-09,0.981595225745091,0.0184049001012873,0.0,0.6356098908136338,HIGH
2018-03-12,0.9986236925359177,0.0013766357995834,0.0,0.6456212059029437,HIGH
2018-03-13,0.4347562146126745,0.5686778771251274,0.0,0.015250194981601004,LOW
2018-03-14,0.0552495323811169,1.0301103903608624,0.0,0.007791457211022407,LOW
2018-03-15,0.0033133306721309,1.8952165010321456,0.0,0.00716000267767728,LOW
2018-03-16,0.9999001879285536,0.0002997100538612,0.0,0.032318531847347946,MEDIUM
2018-03-19,0.9993907089303544,0.0006093282761963,0.0,0.06460715390982784,MEDIUM
2018-03-20,0.0076276469679038,0.9926079921218528,0.0,0.002511543979077685,LOW
2018-03-21,0.1265160897073507,1.729827532002307,0.0,0.011973123787809625,LOW
2018-03-22,0.0441188543100014,1.8322089201687943,0.0,0.010713773512249026,LOW
2018-03-23,0.9999988914421,4.329841574383534e-06,0.0,0.03232142898714268,MEDIUM
2018-03-26,0.9999157426790766,8.425776791227925e-05,0.0,0.06463797682476152,MEDIUM
2018-03-27,0.0124747349140032,0.9875434770105322,0.0,0.0026519456940785873,LOW
2018-03-28,0.0020364462740054,1.1445647945573785,0.0,0.004699450750396451,LOW
2018-04-02,0.0244569791923974,1.9510862993426852,0.0,0.008998496467521053,LOW
2018-04-03,0.1462023939278893,2.502211160415029,0.0,0.026272301729060345,LOW
2018-04-04,0.9958721225707632,0.0138628895277598,0.0,0.03220026308736918,LOW
2018-04-05,0.9948761459694964,0.0051437328143575,0.0,0.06434201769948404,MEDIUM
2018-04-06,0.0020995149612966,1.0022170799977732,0.0,0.002351549866831299,LOW
2018-04-09,0.002185893389671,1.9554699045164092,0.0,0.004708097416148611,LOW
2018-04-10,0.0045624932687491,2.591479299547044,0.0,0.007268445413204917,LOW
2018-04-11,0.7980029992525589,0.7979799659583589,0.0,0.026308349757677586,LOW
2018-04-12,0.0025321247823415,1.7322389818549913,0.0,0.0023640651874656015,LOW
2018-04-13,0.0031005607245673,3.937588831004655,0.0,0.004761022543882186,LOW
2018-04-16,0.9999998728243424,4.480476209599621e-07,0.0,0.032321457792397944,MEDIUM
2018-04-17,0.2791700620427412,0.7208650352560337,0.0,0.010536402945936184,LOW
2018-04-18,0.0258791930707677,0.9803392186047092,0.0,0.006081591459025404,LOW
2018-04-19,0.0024856204185896,1.9811980098571969,0.0,0.0070881593481140846,LOW
2018-04-20,0.0063763605485512,2.959104844335557,0.0,0.00990126761006226,LOW
2018-04-23,0.7850832913604797,0.8552148941462399,0.0,0.02591871803793694,LOW
2018-04-24,0.013449247444112,2.2295713135822908,0.0,0.002680186942793861,LOW
2018-04-25,0.0072782952232975,4.0132421043779125,0.0,0.005002857706554747,LOW
2018-04-26,0.00290255693477,6.008422335455995,0.0,0.007124347260744691,LOW
2018-04-27,0.003170606292304,7.029991692145495,0.0,0.009530151789591998,LOW
2018-04-30,0.0020369424077687,7.524336162947456,0.0,0.011748698638011904,LOW
2018-05-02,0.9972634674945532,0.026705454032833,0.0,0.03224112282663159,LOW
2018-05-03,0.5905879836439093,0.4318732784078463,0.0,0.02000710351136459,LOW
2018-05-04,0.0099913114451088,1.1659398667830947,0.0,0.005159993127100103,LOW
2018-05-07,0.0029106608293508,2.049373256131398,0.0,0.007125050660809145,LOW
2018-05-08,0.7843359221401509,0.6541542579945426,0.0,0.025896163558103563,LOW
2018-05-09,0.002114057745685,2.228630595212268,0.0,0.0023519705725285095,LOW
2018-05-10,0.0027567365284513,3.6565853980817375,0.0,0.004741127021083205,LOW
2018-05-11,0.0028955424295075,4.890921988930015,0.0,0.007123738418004342,LOW
2018-05-14,0.0020409007544176,5.743907208386246,0.0,0.009399416946654568,LOW
2018-05-15,0.9922950006322446,0.0566496441336262,0.0,0.032095173781647085,LOW
2018-05-16,0.0024139797534271,1.3095488195556817,0.0,0.002360647186555595,LOW
2018-05-17,0.9409348815685412,0.1276885418007579,0.0,0.030580123503034875,LOW
2018-05-18,0.4977803599200239,0.5252782871828777,0.0,0.017172512656450718,LOW
2018-05-21,0.0029690316853241,1.5824966409381205,0.0,0.004753411432645477,LOW
2018-05-22,0.0020094429880252,2.2603266432225757,0.0,0.00704683263739608,LOW
2018-05-23,0.1274758546556448,2.791008892260685,0.0,0.02405949462452911,LOW
2018-05-24,0.0021135947216205,3.382808387676523,0.0,0.011759785888849936,LOW
2018-05-25,0.002014777378496,3.864146388766706,0.0,0.014094591166483582,LOW
2018-05-28,0.0020331080999285,4.548463580630806,0.0,0.016447401648083722,LOW
2018-05-29,0.0726448565751074,4.495389130122145,0.0,0.03523169504657242,MEDIUM
2018-05-30,0.0020051803698894,5.32682160850657,0.0,0.021139388117267687,LOW
2018-05-31,0.0020635343154533,6.569465834899715,0.0,0.023505089932241586,LOW
2018-06-01,0.0020017125004492,7.0190729916245065,0.0,0.025835926404314726,LOW
2018-06-04,0.9999975728974444,2.024991742983199e-05,0.0,0.032321390285584416,MEDIUM
2018-06-05,0.0020589805086129,1.055213128128501,0.0,0.002350377257909184,LOW
2018-06-06,0.0024020859882425,7.600451279880784,0.0,0.004720606194008587,LOW
2018-06-07,0.0024707207519136,8.919334448866215,0.0,0.007086866180289236,LOW
2018-06-08,0.0021256883293629,9.33779910003955,0.0,0.009409228129565073,LOW
2018-06-11,0.0066257324568184,10.569492133630412,0.0,0.012412680484923005,LOW
2018-06-12,0.0020040725266097,10.952849037991845,0.0,0.014092733123068722,LOW
2018-06-13,0.4461767046374622,7.062919049088982,0.0,0.10918731604354107,HIGH
2018-06-14,0.0020016710638189,13.396640178676291,0.0,0.018789755068142552,LOW
2018-06-15,0.0027486652458544,15.140731572432896,0.0,0.021332969939266613,LOW
2018-06-18,0.0035688394067511,15.86703640509987,0.0,0.023940607325513265,LOW
2018-06-19,0.0081258778720648,14.02775856094454,0.0,0.02778567817267026,LOW
2018-06-20,0.0026645452313995,6.947758859415736,0.0,0.028414755147383754,LOW
2018-06-21,0.0164342058767211,4.935886333126637,0.0,0.03596733907364663,MEDIUM
2018-06-22,0.0020269857684422,9.64659578658346,0.0,0.032892323760965646,MEDIUM
2018-06-25,0.5210226486265987,3.249447866916941,0.0,0.2682341875524549,HIGH
2018-06-26,0.0132803476648612,4.701385912741462,0.0,0.04280467086974198,MEDIUM
2018-06-27,0.0076632423405026,7.017203923510709,0.0,0.042713768867140976,MEDIUM
2018-06-28,0.0020271510408301,10.628030105605712,0.0,0.04229021660915054,MEDIUM
2018-06-29,0.0025821041132289,11.003971570983303,0.0,0.04494471160079429,MEDIUM
2018-07-02,0.0770001351560019,10.798014944793492,0.0,0.0906285004921838,HIGH
2018-07-03,0.0020012175512181,12.904188143835787,0.0,0.046974125283102554,MEDIUM
2018-07-04,0.002002854619801,14.133191995376706,0.0,0.04697507243643499,MEDIUM
2018-07-05,0.0020004327999371,15.64849211462157,0.0,0.046973671252249986,MEDIUM
2018-07-06,0.0020015669179888,16.65717492889806,0.0,0.04697432741505347,MEDIUM
2018-07-09,0.0021196872446962,16.177173280299225,0.0,0.04704266855200545,MEDIUM
2018-07-10,0.0020002393544155,16.502786822847355,0.0,0.04697355933114807,MEDIUM
2018-07-11,0.0020000845682211,15.248399404225644,0.0,0.046973469777041026,MEDIUM
2018-07-12,0.0020008423387948,13.29530320660316,0.0,0.04697390819773265,MEDIUM
2018-07-13,0.002000447635444,11.2309189127494,0.0,0.046973679835577715,MEDIUM
2018-07-16,0.9985076613776936,0.0221181832658525,0.0,0.032277653835865255,LOW
2018-07-17,0.0020006055110571,7.796908043811512,0.0,0.002348688558856218,LOW
2018-07-18,0.9944274580245202,0.0174863677588928,0.0,0.032157828354484795,LOW
2018-07-19,0.0862730269152803,0.9216013588386436,0.0,0.004803095478682087,LOW
2018-07-20,0.0020002503284187,2.058314868325628,0.0,0.00469735656803388,LOW
2018-07-23,0.0023797353178151,4.598494781349042,0.0,0.007078969465245709,LOW
2018-07-24,0.0280452130186152,4.673316851807213,0.0,0.01241483494234328,LOW
2018-07-25,0.0105271046946542,4.666741654307149,0.0,0.01297758490994844,LOW
2018-07-26,0.0020003800913394,12.234844665156022,0.0,0.014092092227045935,LOW
2018-07-27,0.985650996365876,0.1019440389251309,0.0,0.031899834004945817,LOW
2018-07-30,0.3089389253747154,0.7956344265829723,0.0,0.011433418832628904,LOW
2018-07-31,0.0022462220110212,1.5683537470036166,0.0,0.004711587950768299,LOW
2018-08-01,0.0020007680273556,4.154205202375104,0.0,0.007046079780542806,LOW
2018-08-02,0.4903868592255171,1.9725304880091996,0.0,0.06778719807283888,MEDIUM
2018-08-03,0.0034555938271772,3.0944292687815684,0.0,0.011953919606669543,LOW
2018-08-06,0.0113210916143279,4.036315814447684,0.0,0.01571111413614818,LOW
2018-08-07,0.278972833531473,3.8601195843865135,0.0,0.0737132848511856,HIGH
2018-08-08,0.002002835318733,5.843842445216214,0.0,0.018790024507791492,LOW
2018-08-09,0.0020382636912576,8.63018014240566,0.0,0.021148001553183075,LOW
2018-08-10,0.0020708759943552,14.25755914500766,0.0,0.023507213780162583,LOW
2018-08-13,0.0051818324624918,19.75661082947841,0.0,0.026848139529317225,LOW
2018-08-14,0.0020006819350291,31.533272017090574,0.0,0.02818428923608678,LOW
2018-08-16,0.0020007478623484,28.08114925892836,0.0,0.03053300479893294,LOW
2018-08-17,0.3416847390975575,24.2118887347378,0.0,0.1739242434933274,HIGH
2018-08-20,0.0020002074419375,38.6255251249508,0.0,0.03523015565074284,MEDIUM
2018-08-21,0.0020017386603243,41.673683467184766,0.0,0.03757954142355188,MEDIUM
2018-08-23,0.0020592337085593,45.25260382896585,0.0,0.03995653790470724,MEDIUM
2018-08-24,0.0020000408675889,43.835745401498464,0.0,0.042276100043987574,MEDIUM
2018-08-27,0.0020620911688585,46.918090595045705,0.0,0.044658877654705394,MEDIUM
2018-08-28,0.0020003067504812,46.65244926648565,0.0,0.04697359832425476,MEDIUM
2018-08-29,0.0332842938377693,48.01399467114942,0.0,0.06511941373996699,MEDIUM
2018-08-30,0.0020007029213853,49.36295696338755,0.0,0.0469738275354817,MEDIUM
2018-08-31,0.0020000451422104,46.050915980854136,0.0,0.04697344696647229,MEDIUM
2018-09-03,0.9999993521884908,3.378192576479084e-05,0.0,0.032321442510841555,MEDIUM
2018-09-04,0.7141036766111857,0.2861772158477523,0.0,0.023769896723192192,LOW
2018-09-05,0.0162174964130168,0.9851350014712842,0.0,0.005520869514260479,LOW
2018-09-06,0.0829423988375702,1.7992392189614494,0.0,0.014116417112634325,LOW
2018-09-07,0.0442488964669267,2.520285417774965,0.0,0.014300181567134078,LOW
2018-09-10,0.9628108869283076,0.143290536167912,0.0,0.03122683169251808,LOW
2018-09-11,0.9999567993132122,4.738756665603325e-05,0.0,0.06464038701352569,MEDIUM
2018-09-12,0.0383499961546626,0.961844353898565,0.0,0.003403315388463961,LOW
2018-09-14,0.5188476146548577,0.9107457543767336,0.0,0.03563169575401499,MEDIUM
2018-09-17,0.9920007312755262,0.015242542271514,0.0,0.03208652614645657,LOW
2018-09-18,0.2461499236546107,0.7907610006639776,0.0,0.009544801468409742,LOW
2018-09-19,0.5713795946185147,0.5093252620868759,0.0,0.038840980053503026,MEDIUM
2018-09-21,0.9999975009743188,3.2851478106278654e-06,0.0,0.032321388174516484,MEDIUM
2018-09-24,0.9999967046760035,3.295341858596589e-06,0.0,0.0646427296035688,MEDIUM
2018-09-25,0.9780506199905752,0.0219494470135654,0.0,0.09502840952022547,HIGH
2018-09-26,0.999999455987426,7.342412645921365e-07,0.0,0.12928578223007467,HIGH
2018-09-27,0.9999647622861366,3.5237736960156306e-05,0.0,0.16160213617540073,HIGH
2018-09-28,0.8748876381350197,0.1251142770551498,0.0,0.17169392755131968,HIGH
2018-10-01,0.8428836651492586,0.158777470290815,0.0,0.19360396429490026,HIGH
2018-10-03,0.9999945526395968,6.38239075823575e-06,0.0,0.2585704130862521,HIGH
2018-10-04,0.6334925761399858,0.366524389369119,0.0,0.021316451110953608,LOW
2018-10-05,0.855428874354025,0.1468924549035644,0.0,0.028033657012079972,LOW
2018-10-08,0.4879921986362357,0.5877790241389965,0.0,0.016873702640714684,LOW
2018-10-09,0.9727842357482512,0.0446207427120229,0.0,0.031520985097332394,LOW
2018-10-10,0.0036721386288004,1.1849130875239546,0.0,0.0023970497941419233,LOW
2018-10-11,0.999998973235727,2.1087674417932053e-06,0.0,0.03232143138792636,MEDIUM
2018-10-12,0.4208168322491068,0.5792381228503103,0.0,0.01482571593997695,LOW
2018-10-15,0.9938938873846304,0.0082951478084569,0.0,0.03214215320656272,LOW
2018-10-16,0.0024432671216352,1.0419502761580597,0.0,0.002361494480158974,LOW
2018-10-17,0.9999999763839608,4.735984029734552e-08,0.0,0.032321460832050446,MEDIUM
2018-10-19,0.0073335367542704,0.9926731323480642,0.0,0.002503028277633441,LOW
2018-10-22,0.9999999333089292,1.3338214175606445e-07,0.0,0.032321459567724364,MEDIUM
2018-10-23,0.2116854549426685,0.7883146020877273,0.0,0.008513957580675307,LOW
2018-10-24,0.9994822802117262,0.0010016056195641,0.0,0.03230626496042517,LOW
2018-10-25,0.329040186624742,0.6711813511010626,0.0,0.012040625606765571,LOW
2018-10-26,0.9993571910501464,0.0010989465615811,0.0,0.03230259305356814,LOW
2018-10-29,0.2497164422854179,0.7551191704751806,0.0,0.009651723793767681,LOW
2018-10-30,0.0051232861538378,1.1675342798163908,0.0,0.0048780908834354965,LOW
2018-10-31,0.8886363943052512,0.2229047538167268,0.0,0.029026012691346928,LOW
2018-11-01,0.9986998463595804,0.001635412724972,0.0,0.06456659199437276,MEDIUM
2018-11-02,0.1425459874662852,0.8685196070675978,0.0,0.006459943339367605,LOW
2018-11-05,0.7326998851741605,0.5085678422857168,0.0,0.048668207836978755,MEDIUM
2018-11-06,0.0915873707850646,0.978165609422069,0.0,0.014876898867660308,LOW
2018-11-07,1.0,0.0,0.0,0.032321461525221716,MEDIUM
2018-11-09,0.0411960273679237,0.9588039726320764,0.0,0.0034861494716480566,LOW
2018-11-12,0.9999656337849742,5.261536378928957e-05,0.0,0.03232045281520221,MEDIUM
2018-11-13,0.0389636436986062,0.961192660711973,0.0,0.0034211724925161586,LOW
2018-11-14,0.9962712115986068,0.0074426276064947,0.0,0.032211984052274725,LOW
2018-11-15,0.0123048187736128,0.9900095300709792,0.0,0.002647022002520712,LOW
2018-11-16,0.0438507808786009,1.6725072444430311,0.0,0.00712690057655542,LOW
2018-11-19,0.3708833676575964,1.7125911634933308,0.0,0.03992419432206589,MEDIUM
2018-11-20,0.0420331819549307,1.925123828604475,0.0,0.01404208846397522,LOW
2018-11-21,0.0592553573368934,2.29989369954757,0.0,0.020063212035703326,LOW
2018-11-22,0.2625862542383099,2.1998242792591065,0.0,0.06022754063134586,MEDIUM
2018-11-26,0.0101127179953031,2.5828223313747936,0.0,0.018084592753538152,LOW
2018-11-27,0.0021784498827194,3.5527116228196167,0.0,0.018830666988040326,LOW
2018-11-28,0.0021134314147712,4.750258563909009,0.0,0.021167572081402644,LOW
2018-11-29,0.4585781990145894,3.0851042142375578,0.0,0.1597627228890834,HIGH
2018-11-30,0.0290839287638294,4.2343496651130605,0.0,0.03447275112445864,MEDIUM
2018-12-03,0.6441237594344331,1.2727693458743785,0.0,0.2596871752960394,HIGH
2018-12-04,0.0020638930994465,3.145225516976436,0.0,0.03055675184056998,LOW
2018-12-05,0.0020060671087611,5.276159422205553,0.0,0.03288385175336517,MEDIUM
2018-12-06,0.0582959089280891,5.039882534700124,0.0,0.059769499067618324,MEDIUM
2018-12-07,0.0024792979098623,6.369620082179875,0.0,0.037800589900107505,MEDIUM
2018-12-10,0.9999932136177933,4.28021557394628e-05,0.0,0.03232126233315754,MEDIUM
2018-12-11,0.999995706902024,4.293507844599262e-06,0.0,0.06464267103077857,MEDIUM
2018-12-12,0.6977533493762389,0.3022467510440556,0.0,0.023273203454208875,LOW
2018-12-13,0.9994510602943404,0.0007557744219703,0.0,0.03230534852765129,LOW
2018-12-14,0.0039813002367259,0.998868762105531,0.0,0.0024059959805045965,LOW
2018-12-17,0.1231539142412241,1.705779860871974,0.0,0.011774827735366608,LOW
2018-12-18,0.0386336613599457,1.862486265536328,0.0,0.010234709430519769,LOW
2018-12-19,0.0035342720533199,2.668589847501288,0.0,0.009572242017608933,LOW
2018-12-20,0.8511679328000094,0.5269212564402838,0.0,0.02790603050299282,LOW
2018-12-21,0.999999467727868,5.614948741460006e-07,0.0,0.06464289180424161,MEDIUM
2018-12-24,0.99991397181104,8.602821911773131e-05,0.0,0.09695680930106906,HIGH
2018-12-26,0.9995817473994646,0.0004182636290766,0.0,0.12923673880679917,HIGH
2018-12-27,0.9999999999956464,4.35373393709446e-12,0.0,0.16160730762546965,HIGH
2018-12-28,0.0845816666910268,0.9154183373173692,0.0,0.004753514230752393,LOW
2018-12-31,0.99997033713217,5.313672171791148e-05,0.0,0.03232059086718688,MEDIUM
2019-01-02,0.9991079912238108,0.0008920169566955,0.0,0.06459055550797353,MEDIUM
2019-01-03,0.9997086051599632,0.0002914799941334,0.0,0.09693872518919142,HIGH
2019-01-04,0.8896430421894843,0.1103979471654288,0.0,0.11622411802377824,HIGH
2019-01-07,0.9999980449433328,2.878490512048423e-06,0.0,0.1616070207047287,HIGH
2019-01-08,0.9556292663129264,0.0443720724832799,0.0,0.18608850522414033,HIGH
2019-01-09,0.9999476535033164,5.496368339806829e-05,0.0,0.22623947541714617,HIGH
2019-01-10,0.7600756264923233,0.2399994401200457,0.0,0.20130520780052527,HIGH
2019-01-11,0.5815646527831727,0.605793894523143,0.0,0.01973155751742252,LOW
2019-01-14,0.8985926557286652,0.1184826142010745,0.0,0.02932272062024704,LOW
2019-01-15,0.997426542940413,0.0030677954235345,0.0,0.06449182261950723,MEDIUM
2019-01-16,0.0026899505173002,1.012517274900128,0.0,0.002368631275656315,LOW
2019-01-17,0.3979169057435894,1.2817747968384512,0.0,0.02825819112430605,LOW
2019-01-18,0.0306873398073397,1.3159711371059857,0.0,0.009541440394527765,LOW
2019-01-21,0.0075841827829239,2.067415406939056,0.0,0.010041141945516637,LOW
2019-01-22,0.1328343373760603,2.674282816767644,0.0,0.0308650746998071,LOW
2019-01-23,0.737337149309794,0.941445863307819,0.0,0.024474671713140234,LOW
2019-01-24,0.0027667955765457,2.8520495703067024,0.0,0.002370854538031455,LOW
2019-01-25,0.0150996239197325,3.422782078691597,0.0,0.005456049618183991,LOW
2019-01-28,0.7630570888917765,0.8128170166147785,0.0,0.025253323233200044,LOW
2019-01-29,0.0084880863965854,1.7535554276947036,0.0,0.002536459578284693,LOW
2019-01-30,0.9950291600358642,0.012028523448113,0.0,0.03217550353030639,LOW
2019-01-31,0.1982258171517211,0.8260729581027949,0.0,0.008112591223156634,LOW
2019-02-01,0.0226805392017982,1.4218750888423644,0.0,0.005895859033112764,LOW
2019-02-04,0.0037864704323771,2.062230787951337,0.0,0.007201074457728403,LOW
2019-02-05,0.0020300764717134,2.9259256679553443,0.0,0.0093981644259751,LOW
2019-02-06,0.0042118134671782,3.880525096035078,0.0,0.012063333087155832,LOW
2019-02-07,0.0021378251820811,4.461914085638233,0.0,0.014115948832404445,LOW
2019-02-08,0.0041022474048902,5.266498126190681,0.0,0.016866471594794992,LOW
2019-02-11,0.0022136573626534,5.557172806950702,0.0,0.018838815195285512,LOW
2019-02-12,0.0022272292191562,6.117749746082906,0.0,0.021197200721104613,LOW
2019-02-14,0.0020132648459458,6.591826294363839,0.0,0.023490547726152076,LOW
2019-02-15,0.0940021964655539,7.289502144527685,0.0,0.05532819135206875,MEDIUM
2019-02-18,0.0071605806040533,8.553521990910813,0.0,0.02997624810030769,LOW
2019-02-19,0.0038385356503929,9.609123777976045,0.0,0.031224241833434092,LOW
2019-02-20,0.0051406439048396,10.741694281411334,0.0,0.03415366959610535,MEDIUM
2019-02-21,0.0020297816947121,11.855316988829442,0.0,0.035242988685712885,MEDIUM
2019-02-22,0.0020051066720466,12.77104477357532,0.0,0.03758110031938797,MEDIUM
2019-02-25,0.0026775932554384,13.72194020546901,0.0,0.04026065393678225,MEDIUM
2019-02-26,0.3095255506500322,10.274723742104932,0.0,0.20612020847423812,HIGH
2019-02-27,0.489100363861907,2.738375081370927,0.0,0.3212430464804768,HIGH
2019-02-28,0.3864875620252024,3.495065317112209,0.0,0.27563576465693224,HIGH
2019-03-01,0.0217745498835491,2.6519192960004894,0.0,0.058432694251925606,MEDIUM
2019-03-05,0.0239383054602573,5.519063421626927,0.0,0.059688808330266414,MEDIUM
2019-03-06,0.0023126477464754,7.109459950233735,0.0,0.04715431296035044,MEDIUM
2019-03-07,0.0073644574086542,7.695148800847018,0.0,0.050078470774670904,MEDIUM
2019-03-08,0.0020977772023744,7.219273590041372,0.0,0.04702999191140535,MEDIUM
2019-03-11,0.0469153936191359,6.301094845275976,0.0,0.07305451928775476,HIGH
2019-03-12,0.0347020522204443,6.467235823382434,0.0,0.06594393204484689,MEDIUM
2019-03-13,0.0024087247501338,6.969243111621946,0.0,0.04720990315872091,MEDIUM
2019-03-14,0.0036349868658476,6.977929019104661,0.0,0.04791949533269165,MEDIUM
2019-03-15,0.0516855277790115,7.432063252119256,0.0,0.07583543788527725,HIGH
2019-03-18,0.0393413751815516,7.608197353335498,0.0,0.06864330648938909,MEDIUM
2019-03-19,0.0030368241261692,8.267958401723686,0.0,0.047573343164089316,MEDIUM
2019-03-20,0.0021093113786242,9.267669653503916,0.0,0.04703666531172573,MEDIUM
2019-03-22,0.0120242270454304,10.021692805135856,0.0,0.05277783081393148,MEDIUM
2019-03-25,0.0024734295165846,11.322350307524983,0.0,0.04724734185615917,MEDIUM
2019-03-26,0.0117833791259341,12.07527752941077,0.0,0.05263825990897793,MEDIUM
2019-03-27,0.0187148820804337,12.158834945073478,0.0,0.05665722891305175,MEDIUM
2019-03-28,0.0035985971813437,13.515919653686948,0.0,0.04789843594024574,MEDIUM
2019-04-01,0.5260683039761259,6.977104858705861,0.0,0.3607278604069463,HIGH
2019-04-02,0.0020135849990532,14.250028924478242,0.0,0.04698128068256755,MEDIUM
2019-04-03,0.0034560165250459,19.89600790763397,0.0,0.04781592304345006,MEDIUM
2019-04-04,0.0022986044611906,27.85201501065144,0.0,0.04714618758186999,MEDIUM
2019-04-05,0.0021145808155718,32.20452610915291,0.0,0.04703971408690914,MEDIUM
2019-04-08,0.0074245926573808,35.31977280085371,0.0,0.05011329354806558,MEDIUM
2019-04-09,0.002002721437686,37.77273222802575,0.0,0.04697499538169165,MEDIUM
2019-04-10,0.002011478704145,37.70444562755146,0.0,0.04698006204843634,MEDIUM
2019-04-11,0.0020025266194771,33.90887162221826,0.0,0.04697488266635683,MEDIUM
2019-04-12,0.0020020478198399,28.4135518241994,0.0,0.046974605648829756,MEDIUM
2019-04-15,0.0020002867648886,24.0704074961576,0.0,0.04697358676126011,MEDIUM
2019-04-16,0.0020122594851929,22.654790513127544,0.0,0.04698051378305698,MEDIUM
2019-04-18,0.1801220405192369,25.60884569762924,0.0,0.15147719734603005,HIGH
2019-04-22,0.9848564867855054,0.1996952604558451,0.0,0.031876461596615724,LOW
2019-04-23,0.0633280489131332,1.346996988362456,0.0,0.004131583386890555,LOW
2019-04-24,0.0030457564577507,6.374081926796687,0.0,0.004757851198775809,LOW
2019-04-25,0.0039123242705152,21.595667266803133,0.0,0.007211999967384461,LOW
2019-04-26,0.0020184540964329,38.78228030877208,0.0,0.009396819557295762,LOW
2019-04-30,0.0046852607062452,40.58325088277837,0.0,0.012131840552694907,LOW
2019-05-02,0.0020384210349807,44.72350791595884,0.0,0.014098695012434046,LOW
2019-05-03,0.0020434049024939,45.61392673700272,0.0,0.016449486745779483,LOW
2019-05-06,0.0301271472356543,38.92500711423896,0.0,0.025313600655467967,LOW
2019-05-07,0.9999986664997031,3.5472587802261334e-05,0.0,0.03232142238469618,MEDIUM
2019-05-08,0.9730928621526396,0.0269084014231546,0.0,0.06306016159801542,MEDIUM
2019-05-09,0.0026489720242946,0.9977907477127672,0.0,0.002367445707331441,LOW
2019-05-10,0.0027173467176967,1.9065471296684644,0.0,0.0047388477852123275,LOW
2019-05-13,0.0505140992605025,2.3679865639995668,0.0,0.011272847598926154,LOW
2019-05-14,0.2012230374136575,2.133659965601141,0.0,0.03280762980998994,MEDIUM
2019-05-15,0.999992441378012,3.194608852956876e-05,0.0,0.032321239666570224,MEDIUM
2019-05-16,0.0130076384859317,0.9876429808633964,0.0,0.0026673886191403797,LOW
2019-05-17,0.113044861224429,1.4184478565803986,0.0,0.011179206012779257,LOW
2019-05-20,0.999996730391437,9.763064568655552e-06,0.0,0.03232136555657688,MEDIUM
2019-05-21,0.5855501615417494,0.4144542550240139,0.0,0.019853268576705635,LOW
2019-05-22,0.0055416814245734,0.9993270618853136,0.0,0.004902310958904048,LOW
2019-05-23,0.9999950229627336,9.966080384477924e-06,0.0,0.03232131544058349,MEDIUM
2019-05-24,0.98749250325896,0.0125077152295338,0.0,0.06390799121740914,MEDIUM
2019-05-27,0.7090673330919006,0.2910673931520163,0.0,0.023616961498232482,LOW
2019-05-28,0.9323997632230482,0.073347380461855,0.0,0.03032725544910287,LOW
2019-05-29,0.0536039856576391,1.0348553590544225,0.0,0.0038477231764172896,LOW
2019-05-30,0.2245547092845969,1.572810484695578,0.0,0.01779673354794279,LOW
2019-05-31,0.9986868999729874,0.0037010840242854,0.0,0.032282915922726925,LOW
2019-06-03,0.9048224702062332,0.0960836242254988,0.0,0.05901635568898313,MEDIUM
2019-06-04,0.0117451109912512,1.0092830370145351,0.0,0.002630804205017711,LOW
2019-06-06,0.9999971872179902,5.653411654385761e-06,0.0,0.0323213789652262,MEDIUM
2019-06-07,0.859666544737837,0.1403551911728019,0.0,0.056321042730688,MEDIUM
2019-06-10,0.4331238378184695,0.5685094361247531,0.0,0.015200470464940444,LOW
2019-06-11,0.0756634718589561,1.3607150715630836,0.0,0.008984593161224911,LOW
2019-06-12,0.0767117157420732,2.05397668322111,0.0,0.013568944114680365,LOW
2019-06-13,0.5444368549069095,1.3794736447507114,0.0,0.07438995071462821,HIGH
2019-06-14,0.9897563926803356,0.0264703424295304,0.0,0.032020559537653884,LOW
2019-06-17,0.9999948825233737,5.145711132009399e-06,0.0,0.06464262263688829,MEDIUM
2019-06-18,0.3413774298798148,0.6587152030541268,0.0,0.012413858197601928,LOW
2019-06-19,0.682727381368633,0.3891155189190795,0.0,0.045632545062415764,MEDIUM
2019-06-20,0.9975490693387268,0.00278063168631,0.0,0.03224950904835029,LOW
2019-06-21,0.96539000640905,0.03466808967548,0.0,0.0626058830088027,MEDIUM
2019-06-24,0.0020374619827981,1.0067317835412464,0.0,0.0023497547581283794,LOW
2019-06-25,0.0022004923809627,1.9915570355400989,0.0,0.00470894209142388,LOW
2019-06-26,0.0020647917337191,2.7496805294674918,0.0,0.0070516361058226154,LOW
2019-06-27,0.0021017878662574,3.112606162193638,0.0,0.00940646247696233,LOW
2019-06-28,0.0028969473895791,3.9879467375663697,0.0,0.011873100608691366,LOW
2019-07-01,0.0020019613299575,4.974977396076537,0.0,0.01409236668259981,LOW
2019-07-02,0.3994737716552646,3.5816443924367447,0.0,0.09923497367322258,HIGH
2019-07-03,0.0027561576929111,5.92405672430962,0.0,0.018964374109899533,LOW
2019-07-04,0.0020478777429422,7.887142870885864,0.0,0.021150504636382027,LOW
2019-07-05,0.942272010554736,0.4608589052710697,0.0,0.030619710648598378,LOW
2019-07-08,0.9994453933704518,0.0005604398319801,0.0,0.06461036435939325,MEDIUM
2019-07-09,0.2812352739388628,0.7198185841647615,0.0,0.010598543086456375,LOW
2019-07-10,0.007854634206533,1.0665771004981195,0.0,0.005036232944354169,LOW
2019-07-11,0.4952597838986855,1.0154593408963066,0.0,0.051286675964610125,MEDIUM
2019-07-12,0.1621829693357766,1.7840025616341473,0.0,0.02816534549984788,LOW
2019-07-15,0.9999843860781602,4.166954339369083e-05,0.0,0.03232100322928093,MEDIUM
2019-07-16,0.0025206222520351,1.0036893570707195,0.0,0.0023637324100255707,LOW
2019-07-17,0.0023951548031322,1.811304426855476,0.0,0.004720205152843974,LOW
2019-07-18,0.9650271808031228,0.1222749016446524,0.0,0.03129223626213209,LOW
2019-07-19,0.9999999887643848,2.4819826904421243e-08,0.0,0.06464292239087427,MEDIUM
2019-07-22,0.1168522208720416,0.8831480762359926,0.0,0.005701714535340591,LOW
2019-07-23,0.2591760569638412,0.7489656464549393,0.0,0.019871067745800892,LOW
2019-07-24,0.0668587339502586,1.5916577528360574,0.0,0.012704270628590593,LOW
2019-07-25,0.3185088447226409,1.7043342574854614,0.0,0.04688942777352887,MEDIUM
2019-07-26,0.0198460917222721,2.427663206369477,0.0,0.014328386389532788,LOW
2019-07-29,0.9995442578263604,0.0014505192368234,0.0,0.032308084244970746,LOW
2019-07-30,0.3989113708806447,0.6034447791067249,0.0,0.014159327091673264,LOW
2019-07-31,0.7764490667653521,0.3219483807801463,0.0,0.025658050156269315,LOW
2019-08-01,0.9519285718745272,0.0587452128513327,0.0,0.061810758098215526,MEDIUM
2019-08-02,0.8622697353170234,0.1425858497009472,0.0,0.08471526407422379,HIGH
2019-08-05,0.4192735859207815,0.660313105650653,0.0,0.01477874075194709,LOW
2019-08-06,0.9536406432513268,0.08800690447485,0.0,0.0309559855788017,LOW
2019-08-07,0.2081049857106744,0.8908573231708574,0.0,0.00840711963000315,LOW
2019-08-08,0.6564522341036132,0.661187438377029,0.0,0.04403261871873514,MEDIUM
2019-08-09,0.0840343843089433,1.351151890354309,0.0,0.014212421189964207,LOW
2019-08-13,0.9999999933682164,1.7632341338557085e-08,0.0,0.03232146133056749,MEDIUM
2019-08-14,0.9836180226641223,0.016382000045901,0.0,0.06368004726366987,MEDIUM
2019-08-16,0.962943514903796,0.0370608547021031,0.0,0.09369223873724705,HIGH
2019-08-19,0.0103211806978449,1.012170737663306,0.0,0.0025895517853297212,LOW
2019-08-20,0.0020610382267169,1.8900491421468064,0.0,0.004700873569654854,LOW
2019-08-21,0.0020689540371505,2.341204805040072,0.0,0.0070519973351461495,LOW
2019-08-22,0.9967038135445496,0.0117204987576837,0.0,0.03222468846409317,LOW
2019-08-23,0.0594499054584918,0.9796889801646764,0.0,0.004018322358098095,LOW
2019-08-26,0.999999991507065,1.7053479036060685e-08,0.0,0.0323214612759395,MEDIUM
2019-08-27,0.9675843314752062,0.0324156754273795,0.0,0.06273534667324991,MEDIUM
2019-08-28,0.0286557106129555,0.971425625828438,0.0,0.003121444865997344,LOW
2019-08-29,0.0590127474371075,1.850820353692901,0.0,0.008011119014060713,LOW
2019-08-30,0.9861030396353916,0.0403628780160533,0.0,0.03191313069696824,LOW
2019-09-03,0.9949262824340348,0.0052851554089037,0.0,0.06434496316926518,MEDIUM
2019-09-04,0.0451423100218337,0.9622010534770492,0.0,0.0036010687061650663,LOW
2019-09-05,0.1799700872157073,1.48476108574158,0.0,0.01513868720109134,LOW
2019-09-06,0.0439186049989471,1.655485488666829,0.0,0.010696276834940231,LOW
2019-09-09,0.3091330759022309,1.7390203841604732,0.0,0.045757112081530195,MEDIUM
2019-09-11,0.1569229972443057,2.443216980171882,0.0,0.034427226538165524,MEDIUM
2019-09-12,0.4466661453660192,2.0661880105091304,0.0,0.09367863481868922,HIGH
2019-09-13,0.5328909195684074,1.1174560895557968,0.0,0.12771355294353334,HIGH
2019-09-16,0.580008534356949,0.9924887580600664,0.0,0.1574722725100308,HIGH
2019-09-17,0.9999999313850636,1.1129943540785554e-07,0.0,0.032321459511255604,MEDIUM
2019-09-18,0.896893775583595,0.1031071079839337,0.0,0.05854423904364812,MEDIUM
2019-09-19,0.9999341998280896,7.132922368758683e-05,0.0,0.09695859050273764,HIGH
2019-09-20,0.9999999996018548,3.9814503235246744e-10,0.0,0.12928584605414192,HIGH
2019-09-23,0.9999999999560432,4.3956949188680646e-11,0.0,0.16160730761965755,HIGH
2019-09-24,0.9993472628575396,0.0006527371424602,0.0,0.19381380969153142,HIGH
2019-09-25,0.9999995465859826,4.535202514352927e-07,0.0,0.22625013751719356,HIGH
2019-09-26,0.9020976569577848,0.0979026229512563,0.0,0.23541664792960298,HIGH
2019-09-27,0.1952872943218242,0.806119963589852,0.0,0.008025058354682502,LOW
2019-09-30,0.998781186343779,0.0023702336719929,0.0,0.03228568392434771,LOW
2019-10-01,0.9999895498997872,1.0458585020044122e-05,0.0,0.06464230959321357,MEDIUM
2019-10-03,0.9943202526717516,0.0056805314988946,0.0,0.09646403698721069,HIGH
2019-10-04,1.0,0.0,0.0,0.12928584610088686,HIGH
2019-10-07,0.9999996087210976,3.912789025006802e-07,0.0,0.16160725020257144,HIGH
2019-10-09,0.9999198967132026,8.010328679747733e-05,0.0,0.1939146620516389,HIGH
2019-10-10,0.9528780783782892,0.0471237346032473,0.0,0.2165341271238741,HIGH
2019-10-11,0.9998823915526172,0.0001382882165151,0.0,0.2585440758760639,HIGH
2019-10-14,0.9946879414248442,0.0053124735668759,0.0,0.28948932297275837,HIGH
2019-10-15,0.8893496517346889,0.1108820737757793,0.0,0.29047281423611837,HIGH
2019-10-16,0.9998773891752852,0.0001493261476285,0.0,0.35549648918802906,HIGH
2019-10-17,0.9952325051764666,0.0047697072372671,0.0,0.3861777178682249,HIGH
2019-10-18,0.7256786304481484,0.274569137067687,0.0,0.02412117320429669,LOW
2019-10-22,0.9219707088374182,0.0985843427526931,0.0,0.030017865361621383,LOW
2019-10-23,0.9314883709958012,0.0780611909159578,0.0,0.060600471741940935,MEDIUM
2019-10-24,0.810275220152636,0.2118794275740947,0.0,0.08003392859058335,HIGH
2019-10-25,0.9376505600858857,0.0625492219911002,0.0,0.12193142289528516,HIGH
2019-10-29,0.3464638044324122,0.678586466066083,0.0,0.012567851083093693,LOW
2019-10-30,0.6569055880449124,0.539854313045382,0.0,0.04406024251718766,MEDIUM
2019-10-31,0.0079943484461529,1.4097261948394542,0.0,0.0075664861986141415,LOW
2019-11-01,0.0023095073327574,2.3438997352111506,0.0,0.009430499186041228,LOW
2019-11-04,0.0035452804666807,3.1411944687018223,0.0,0.011966895195838562,LOW
2019-11-05,0.1295643012100351,3.761777981701,0.0,0.03645896277791257,MEDIUM
2019-11-06,0.0114535182446889,4.573807836826401,0.0,0.018356490252042498,LOW
2019-11-07,0.0122817916241286,5.251697236145256,0.0,0.021170838007717647,LOW
2019-11-08,0.0020068944318423,5.505394746823884,0.0,0.02113983438216724,LOW
2019-11-11,0.0020015096552105,5.965113953989079,0.0,0.023487147142360356,LOW
2019-11-13,0.002000481959271,6.350100328481176,0.0,0.025835534831807366,LOW
2019-11-14,0.0020009968207291,5.848138528348608,0.0,0.028184398545489608,LOW
2019-11-15,0.0020269408432059,5.56526117530764,0.0,0.030542855168726173,LOW
2019-11-18,0.0020007444259785,5.230654819206381,0.0,0.03288169608405584,MEDIUM
2019-11-19,0.0034439090875193,6.024438510896508,0.0,0.03585668732445861,MEDIUM
2019-11-20,0.7583024069019514,1.7290020290037225,0.0,0.025109509760087797,LOW
2019-11-21,0.0047641977888739,3.024678371855094,0.0,0.00242865264064873,LOW
2019-11-22,0.0053523487837508,7.278394799817486,0.0,0.004891350662382248,LOW
2019-11-25,0.0048791485013111,9.90001265569933,0.0,0.0072959384974140866,LOW
2019-11-26,0.002087083500048,10.916047429441056,0.0,0.009404760960104248,LOW
2019-11-27,0.0020372899063302,11.640411451918103,0.0,0.011748748901071082,LOW
2019-11-28,0.0111053171757407,12.57117076083295,0.0,0.015673606074186653,LOW
2019-11-29,0.0020009594522407,12.930294778552256,0.0,0.01644089158448013,LOW
2019-12-02,0.9376414479186944,0.9044975699521954,0.0,0.030482585796838775,LOW
2019-12-03,0.0020002512343766,10.991635077743013,0.0,0.002348678310224785,LOW
2019-12-04,0.0020005113090352,13.783090610088532,0.0,0.004697371667498656,LOW
2019-12-05,0.004854090820718,15.470443135688456,0.0,0.007293762852786101,LOW
2019-12-06,0.6084974535704337,6.632940246281935,0.0,0.08221541132211223,HIGH
2019-12-09,0.0020009790511277,16.14464460281185,0.0,0.011743496823729627,LOW
2019-12-10,0.941277714036858,1.027430401309348,0.0,0.03059027414553002,LOW
2019-12-11,0.0020002546012359,13.827502549838298,0.0,0.0023486784076223867,LOW
2019-12-12,0.0020014654181429,18.457638802897492,0.0,0.004697426869062974,LOW
2019-12-13,0.0020060097529704,18.76020177120356,0.0,0.007046534683809751,LOW
2019-12-16,0.9489244280480904,1.0455851915507877,0.0,0.030816550385123473,LOW
2019-12-17,0.0020042808685384,16.723172898884567,0.0,0.002348794880831771,LOW
2019-12-18,0.0020000862813501,20.450580124697908,0.0,0.004697347076820006,LOW
2019-12-19,0.0020006209227766,18.69702958670249,0.0,0.007046067014074445,LOW
2019-12-20,0.0020019893297412,16.066689337273957,0.0,0.009394914361681548,LOW
2019-12-23,0.0038401600316684,18.778108419379667,0.0,0.012009558805571252,LOW
2019-12-24,0.0035494900865756,20.03159181069089,0.0,0.014361005082532801,LOW
2019-12-26,0.9979365552720972,0.0508147798358483,0.0,0.03226088634291676,LOW
2019-12-27,0.0022390401270378,2.8849121230747072,0.0,0.002355586207308578,LOW
2019-12-30,0.0051920409347318,16.067658028309413,0.0,0.004882070848724438,LOW
2019-12-31,0.1195114126200977,18.84234726619027,0.0,0.017340164544748377,LOW
2020-01-02,0.0032604236927452,19.03310155747653,0.0,0.009540546913483411,LOW
2020-01-03,0.0020005697687503,16.690406595672137,0.0,0.011743437624455375,LOW
2020-01-06,0.9944627223498796,0.1068554890580324,0.0,0.03215886429911904,LOW
2020-01-07,0.6180714804979227,0.4171707789773507,0.0,0.02084602839221522,LOW
2020-01-08,0.9970625905157696,0.0053526301849482,0.0,0.03223522419068595,LOW
2020-01-09,0.9999636229623834,3.658701444927146e-05,0.0,0.06464078758758078,MEDIUM
2020-01-10,0.0022806433549005,0.9978712042345264,0.0,0.0023567897698873142,LOW
2020-01-13,0.3944112242859199,1.2098647627206938,0.0,0.02804507828969189,LOW
2020-01-14,0.002016794022265,1.083340896271352,0.0,0.007047470598066612,LOW
2020-01-15,0.0139249399761887,2.195709466216898,0.0,0.010775896283340594,LOW
2020-01-16,0.0020779144767253,3.674045364381016,0.0,0.011754624959915598,LOW
2020-01-17,0.0020895249683022,4.730987500041714,0.0,0.014107565211761404,LOW
2020-01-20,1.0,0.0,0.0,0.032321461525221716,MEDIUM
2020-01-21,0.0039408590272452,0.9960591409727548,0.0,0.002404825710667888,LOW
2020-01-22,0.9991862365836608,0.0015784552449808,0.0,0.03229757468863657,LOW
2020-01-23,0.0070770438849623,0.9942374525184132,0.0,0.0024956020852409163,LOW
2020-01-24,0.0552671644982988,1.8151574264234804,0.0,0.007792486107424154,LOW
2020-01-27,0.9931461362483524,0.0203326723509109,0.0,0.032120183763914976,LOW
2020-01-28,0.999297076769453,0.0008290192512072,0.0,0.06460165682998618,MEDIUM
2020-01-29,0.1245189399860697,0.8765427746436151,0.0,0.005927661518851016,LOW
2020-01-30,0.9999997891188844,4.2141856818092594e-07,0.0,0.03232145533549907,MEDIUM
2020-01-31,0.9999999977661382,2.2338617335394633e-09,0.0,0.0646429229193081,MEDIUM
2020-02-03,1.0,0.0,0.0,0.09696438457566516,HIGH
2020-02-04,0.999999921585454,7.841454596757559e-08,0.0,0.129285836894481,HIGH
2020-02-05,0.9993944550972972,0.0006055449027028,0.0,0.16151843460770193,HIGH
2020-02-06,0.949622511771781,0.0503796262748765,0.0,0.18502317149084216,HIGH
2020-02-07,0.9999919291083516,8.472013446511485e-06,0.0,0.226248572413912,HIGH
2020-02-10,0.9955695302632158,0.0044306126218961,0.0,0.257531005513376,HIGH
2020-02-11,0.999826910915396,0.0001753034310365,0.0,0.2908474289681981,HIGH
2020-02-12,0.8288446010248522,0.1712183773097467,0.0,0.27236339986984553,HIGH
2020-02-13,0.9999938081859128,1.027325306702532e-05,0.0,0.3555340776324616,HIGH
2020-02-14,0.9860657753711914,0.0139343551637854,0.0,0.38294441539324175,HIGH
2020-02-17,0.95394186955592,0.0462973098510906,0.0,0.4025435456633147,HIGH
2020-02-18,0.9639484147518536,0.0365347628801189,0.0,0.43764565159546626,HIGH
2020-02-19,0.8275604213948174,0.1750169554579211,0.0,0.40796644271082144,HIGH
2020-02-20,0.0035927898622225,1.1804056986605338,0.0,0.0023947537573682123,LOW
2020-02-24,0.999992654371848,1.5624103177542192e-05,0.0,0.03232124591831186,MEDIUM
2020-02-25,0.9939037762281502,0.0060964731359251,0.0,0.06428488746176621,MEDIUM
2020-02-26,0.128536737060962,0.871943945921352,0.0,0.006046172895983139,LOW
2020-02-27,0.9805650352164764,0.0349272548346608,0.0,0.03175017002609922,LOW
2020-02-28,0.9999999200931788,8.41168433972892e-08,0.0,0.06464291835963883,MEDIUM
2020-03-02,0.9999999997036944,2.963056354113203e-10,0.0,0.09696438454957391,HIGH
2020-03-03,0.9999983643913268,1.6356086732054858e-06,0.0,0.12928565406918002,HIGH
2020-03-04,0.9999845214386996,1.5478566555491415e-05,0.0,0.16160503601177212,HIGH
2020-03-05,0.9956568009577328,0.0043432772634998,0.0,0.1931636336822344,HIGH
2020-03-06,0.9999999998387952,1.6902825214553096e-10,0.0,0.22625023064343056,HIGH
2020-03-09,0.9999999839085087,1.6091491138680098e-08,0.0,0.2585716884232707,HIGH
2020-03-11,0.9999969466094656,3.053390534304855e-06,0.0,0.2908923471265503,HIGH
2020-03-12,1.0,0.0,0.0,0.3232146152522172,HIGH
2020-03-13,1.0,0.0,0.0,0.3555360767774389,HIGH
2020-03-16,1.0,0.0,0.0,0.3878575383026606,HIGH
2020-03-17,1.0,0.0,0.0,0.4201789998278823,HIGH
2020-03-18,1.0,0.0,0.0,0.452500461353104,HIGH
2020-03-19,1.0,0.0,0.0,0.48482192287832576,HIGH
2020-03-20,1.0,0.0,0.0,0.5171433844035475,HIGH
2020-03-23,1.0,0.0,0.0,0.5494648459287692,HIGH
2020-03-24,1.0,0.0,0.0,0.581786307453991,HIGH
2020-03-25,1.0,0.0,0.0,0.6141077689792126,HIGH
2020-03-26,1.0,0.0,0.0,0.6464292305044343,HIGH
2020-03-27,1.0,0.0,0.0,0.6464292305044343,HIGH
2020-03-30,0.9999999998093844,1.9061585643243006e-10,0.0,0.6464292303925364,HIGH
2020-03-31,1.0,0.0,0.0,0.6464292305044343,HIGH
2020-04-01,1.0,0.0,0.0,0.6464292305044343,HIGH
2020-04-03,1.0,0.0,0.0,0.6464292305044343,HIGH
2020-04-07,1.0,0.0,0.0,0.6464292305044343,HIGH
2020-04-08,0.9999999990593452,9.406547762935702e-10,0.0,0.6464292299522377,HIGH
2020-04-09,0.9999999726569077,2.7343092339186226e-08,0.0,0.6464292144531009,HIGH
2020-04-13,0.9999296806507432,7.031934925679395e-05,0.0,0.6463879504118346,HIGH
2020-04-15,0.999999994885495,5.125620016904287e-09,0.0,0.6464292275020445,HIGH
2020-04-16,0.9999996678348654,3.321651345935543e-07,0.0,0.6464290355120976,HIGH
2020-04-17,1.0,0.0,0.0,0.6464292305044343,HIGH
2020-04-20,0.999999999444268,5.557320159610413e-10,0.0,0.6464292301782006,HIGH
2020-04-21,0.9999999994915086,5.084913600992441e-10,0.0,0.6464292302059325,HIGH
2020-04-22,0.996009696656016,0.0039903033453935,0.0,0.6440860724433113,HIGH
2020-04-23,0.999768770910346,0.0002312408575463,0.0,0.6462934886975409,HIGH
2020-04-24,0.99999997663421,2.336710464135632e-08,0.0,0.6464292167879139,HIGH
2020-04-27,0.9998428024298276,0.0001571975863444,0.0,0.6463369490289024,HIGH
2020-04-28,0.999999611156872,3.892615814369996e-07,0.0,0.646429002240169,HIGH
2020-04-29,0.9677564208016222,0.0322436903633625,0.0,0.6274549805663607,HIGH
2020-04-30,0.9999999335306476,1.1076853473127137e-07,0.0,0.6464291914846435,HIGH
2020-05-04,0.999999999638012,3.6198798752511055e-10,0.0,0.646429230291935,HIGH
2020-05-05,0.999999999606662,3.933380287871702e-10,0.0,0.6464292302735315,HIGH
2020-05-06,0.9936084167995858,0.0063915832028455,0.0,0.6426753235725622,HIGH
2020-05-07,0.6285518747170199,0.3714506670134281,0.0,0.021165762251228373,LOW
2020-05-08,1.0,0.0,0.0,0.032321461525221716,MEDIUM
2020-05-11,0.9999960552706948,3.944729305316308e-06,0.0,0.06464269148122778,MEDIUM
2020-05-12,0.9958030599931376,0.0041969400081305,0.0,0.09659470408698383,HIGH
2020-05-13,1.0,0.0,0.0,0.12928584610088686,HIGH
2020-05-14,0.9999998452390554,1.5476094461508438e-07,0.0,0.16160728491361212,HIGH
2020-05-15,0.999973974665712,2.6025334288154804e-05,0.0,0.19392418581294735,HIGH
2020-05-18,1.0,0.0,0.0,0.226250230676552,HIGH
2020-05-19,0.9999884937350628,1.150626493728879e-05,0.0,0.25856899037046494,HIGH
2020-05-20,0.9999998083377544,1.9166224571978128e-07,0.0,0.2908931030964531,HIGH
2020-05-21,0.9472680889111962,0.0527319717548545,0.0,0.3076755815466658,HIGH
2020-05-22,0.9969241678898204,0.0030807341569703,0.0,0.3545427532410918,HIGH
2020-05-26,0.9977736248885816,0.0022285335128037,0.0,0.38707322989442305,HIGH
2020-05-27,0.999926408415501,7.3708301180496e-05,0.0,0.4201509191596299,HIGH
2020-05-28,0.9605416160640212,0.0394666088682751,0.0,0.4362377842894086,HIGH
2020-05-29,0.9976747364908573,0.00238866710247,0.0,0.483797984085363,HIGH
2020-06-01,0.9976264774734026,0.0023777699422735,0.0,0.5160285111397874,HIGH
2020-06-02,0.9396132040730112,0.0605681742943118,0.0,0.5191967692009078,HIGH
2020-06-03,0.9999593897241812,4.405284026175877e-05,0.0,0.5817648517246033,HIGH
2020-06-04,0.9940416238948164,0.0059587261240947,0.0,0.6107833767257383,HIGH
2020-06-05,0.9976340035252438,0.00237350473086,0.0,0.6450400585730562,HIGH
2020-06-08,0.9999999985481268,1.454880137987063e-09,0.0,0.646429229652135,HIGH
2020-06-09,0.9935759850905016,0.006424015091723,0.0,0.6426562664629133,HIGH
2020-06-10,0.3144429323272742,0.6855772536594429,0.0,0.011599565000797216,LOW
2020-06-11,0.9999997698335588,4.1062260593067145e-07,0.0,0.03232145476944166,MEDIUM
2020-06-12,1.0,0.0,0.0,0.06464292305044343,MEDIUM
2020-06-15,0.983398435670106,0.016601564329894,0.0,0.09550068677503522,HIGH
2020-06-16,0.9999999979036956,2.111527127537116e-09,0.0,0.12928584585476635,HIGH
2020-06-17,0.9998223708488008,0.0001776291551486,0.0,0.16158123867076707,HIGH
2020-06-18,0.999999999590693,4.093070225398547e-10,0.0,0.19392876907924714,HIGH
2020-06-19,0.9712332702759878,0.0287667326625368,0.0,0.22032688598753425,HIGH
2020-06-22,0.9635672134487296,0.0364369622792224,0.0,0.24999323095857295,HIGH
2020-06-23,0.9397925021842364,0.0655086847651234,0.0,0.2749166655361578,HIGH
2020-06-24,0.9999999994825696,5.603241245365361e-10,0.0,0.32321461510034244,HIGH
2020-06-25,0.9999998675530438,1.324469561775086e-07,0.0,0.35553603401443906,HIGH
2020-06-26,0.9999986235765022,1.376423497822466e-06,0.0,0.38785705349791594,HIGH
2020-06-29,0.9978810236746904,0.0021189774696226,0.0,0.41937032637578975,HIGH
2020-06-30,0.999979740711226,2.0304970098797832e-05,0.0,0.4524921363118511,HIGH
2020-07-01,0.9915679282812891,0.0084326388687375,0.0,0.4811071012539623,HIGH
2020-07-02,0.9441095851100222,0.0559309371690378,0.0,0.4907856276670581,HIGH
2020-07-03,0.9999788243319544,2.260209099981409e-05,0.0,0.549454279694493,HIGH
2020-07-06,0.9990417182446713,0.0009583744675013,0.0,0.5812799805641101,HIGH
2020-07-07,0.9999979404646576,2.0629214986094106e-06,0.0,0.6141066204120122,HIGH
2020-07-08,0.9995130772912224,0.0004869249780947,0.0,0.6461433795378192,HIGH
2020-07-09,0.9628500388625164,0.0371546779965508,0.0,0.624559745622813,HIGH
2020-07-10,0.9994425206287676,0.0005786338464369,0.0,0.6461019570527884,HIGH
2020-07-13,0.99912856810786,0.0008716419669879,0.0,0.645917636043013,HIGH
2020-07-14,0.6938264196096279,0.3062466981196045,0.0,0.023153829397865068,LOW
2020-07-15,0.8922574838383768,0.1401292912529066,0.0,0.029133970070956194,LOW
2020-07-16,0.9996971249011394,0.0003583794579687,0.0,0.0646251428316245,MEDIUM
2020-07-17,0.0415149172568065,0.9594906062828972,0.0,0.003495433143878045,LOW
2020-07-20,0.9999970324933348,5.9293144707729314e-06,0.0,0.03232137442379011,MEDIUM
2020-07-21,0.99999501622912,4.983770879880008e-06,0.0,0.06464263048588045,MEDIUM
2020-07-22,0.9770370446776356,0.0229632387390605,0.0,0.09493885592528695,HIGH
2020-07-23,0.0034345994938184,0.997021791973054,0.0,0.002390176447593595,LOW
2020-07-24,0.0032996066073426,1.9690181751876403,0.0,0.004772540921200076,LOW
2020-07-27,0.0679354213181012,2.766174909865153,0.0,0.01279869338762816,LOW
2020-07-28,0.0036943855145399,3.0631589760434563,0.0,0.009590774142359482,LOW
2020-07-29,0.0035982396069251,3.3395573781416727,0.0,0.01197455725146163,LOW
2020-07-30,0.4371055900160978,2.318577633376196,0.0,0.09193060377734764,HIGH
2020-07-31,0.0027797549645821,3.3074232288416234,0.0,0.016598606350216146,LOW
2020-08-03,0.999894942322214,0.0004509090520532,0.0,0.03231837787739314,MEDIUM
2020-08-04,0.0076472197891125,1.0684951999995624,0.0,0.0025121107072627077,LOW
2020-08-05,0.0027803885083371,3.790115161062586,0.0,0.004742495616577608,LOW
2020-08-06,0.0035293090339709,4.583077053473722,0.0,0.007178750690317344,LOW
2020-08-07,0.0020021946205191,5.09329424429732,0.0,0.00939493811656246,LOW
2020-08-10,0.0020530242406083,6.156875077032214,0.0,0.011751024757427965,LOW
2020-08-11,0.0024494597530938,7.711136866542089,0.0,0.014170041813765138,LOW
2020-08-12,0.0025332946132488,9.15627392657034,0.0,0.016548693221537424,LOW
2020-08-13,0.0023345083184962,10.014649218708724,0.0,0.01886678456837751,LOW
2020-08-14,0.3697032475741107,8.80588410199828,0.0,0.11945033913778873,HIGH
2020-08-17,0.7957525415584192,2.5077415329484216,0.0,0.026240517180940278,LOW
2020-08-18,0.4552874661344732,0.8655586565602672,0.0,0.015875928862524286,LOW
2020-08-19,0.8877452852877105,0.149958078610225,0.0,0.028999437807507952,LOW
2020-08-20,0.9989222907820527,0.0011288684827135,0.0,0.06457965261556604,MEDIUM
2020-08-21,0.9944592816388454,0.0055437925569891,0.0,0.09647628966930867,HIGH
2020-08-24,0.00203224776292,1.000281292220957,0.0,0.0023496039186286805,LOW
2020-08-25,0.042026423294202,1.900688725466508,0.0,0.007020650667074916,LOW
2020-08-26,0.002229225098641,1.6646223376496032,0.0,0.0070659067924843545,LOW
2020-08-27,0.9955442214483144,0.0147489671277305,0.0,0.03219063232881976,LOW
2020-08-28,0.0020088140460477,1.2197458078167271,0.0,0.0023489260182008084,LOW
2020-08-31,0.9999999739698038,5.8901049653540796e-08,0.0,0.0323214607611908,MEDIUM
2020-09-01,0.9753662684807438,0.0246337338643377,0.0,0.06319413758728827,MEDIUM
2020-09-02,0.0574187376336115,0.942635286789457,0.0,0.003959029752006741,LOW
2020-09-03,0.1015695026191422,1.644996016258032,0.0,0.01050417348166233,LOW
2020-09-04,0.99999999999815,5.549948517140729e-12,0.0,0.03232146152516742,MEDIUM
2020-09-07,0.9340415333186316,0.0659584679900998,0.0,0.06075183889506153,MEDIUM
2020-09-08,0.9481851030102724,0.0518153925129457,0.0,0.09238405082463703,HIGH
2020-09-09,0.999999999842407,1.6438711840288219e-10,0.0,0.12928584608238436,HIGH
2020-09-10,0.998633630501116,0.0013663695238897,0.0,0.16140676026271492,HIGH
2020-09-11,0.2334750405732344,0.7665267367427849,0.0,0.009165183357839802,LOW
2020-09-14,0.9995221631531754,0.0009495740813413,0.0,0.03230743568217401,LOW
2020-09-15,0.7072662724249006,0.2931859393735637,0.0,0.02356225676383385,LOW
2020-09-16,0.2383981201318675,0.7846783889465443,0.0,0.018625125662230443,LOW
2020-09-17,0.9270512913401564,0.1321632168776301,0.0,0.030168642850744637,LOW
2020-09-18,0.9999975983332232,2.5995091625466177e-06,0.0,0.06464278206433687,MEDIUM
2020-09-21,0.999992290352544,7.709650170341912e-06,0.0,0.09696370570112538,HIGH
2020-09-22,0.9999942837821651,5.716263404365871e-06,0.0,0.1292851749773916,HIGH
2020-09-23,0.9999999979883356,2.0116643867350536e-09,0.0,0.16160730733087958,HIGH
2020-09-24,0.9999999642506894,3.5749310655368235e-08,0.0,0.19392876285550867,HIGH
2020-09-25,0.9999987182714004,1.2817285994497728e-06,0.0,0.2262499673299923,HIGH
2020-09-28,0.9999982449053848,1.7550971603826897e-06,0.0,0.2585712800814136,HIGH
2020-09-29,0.999380702574684,0.000619297614495,0.0,0.290729549012897,HIGH
2020-09-30,0.7588239406215221,0.2412078488388809,0.0,0.251252874233336,HIGH
2020-10-01,0.9999972862855512,4.348576478054302e-06,0.0,0.35553520060333343,HIGH
2020-10-05,0.9006536963465349,0.099362426935993,0.0,0.3526091205422943,HIGH
2020-10-06,0.9971899842540451,0.002866306994057,0.0,0.41910654571291356,HIGH
2020-10-07,0.0426914740563837,0.9734755712395028,0.0,0.0035296897004985055,LOW
2020-10-08,0.9703466363835672,0.0592340722025864,0.0,0.03144913062719078,LOW
2020-10-09,0.017218926130195,1.0102781430370122,0.0,0.0027894737115942304,LOW
2020-10-12,0.572887503660256,0.8541808422724729,0.0,0.0389330928923997,MEDIUM
2020-10-13,0.0044033289997004,1.651975292803317,0.0,0.007254626764700339,LOW
2020-10-14,0.2880728347534941,1.7107842297395832,0.0,0.04321750581383125,MEDIUM
2020-10-15,0.9999999999971966,1.0849281808945167e-11,0.0,0.032321461525139435,MEDIUM
2020-10-16,0.5183458187339856,0.481654233246545,0.0,0.017800521953233627,LOW
2020-10-19,0.9983131125791708,0.0017077928969315,0.0,0.032271942109229367,LOW
2020-10-20,0.0203578304261799,1.0099626587913202,0.0,0.002880524533778302,LOW
2020-10-21,0.9879370742279056,0.026384293710575,0.0,0.031967068885535375,LOW
2020-10-22,0.0551909800646977,1.0019971436716373,0.0,0.003894020248407068,LOW
2020-10-23,0.3327730768072801,1.3790536702076932,0.0,0.02430702320581812,LOW
2020-10-26,0.0737856572517088,2.73033514375262,0.0,0.013312021854470706,LOW
2020-10-27,0.003919021087291,3.1687426904014164,0.0,0.00961677510887716,LOW
2020-10-28,0.9993568952610018,0.0030061032517941,0.0,0.03230258437079683,LOW
2020-10-29,0.9999939992426166,6.002231161871704e-06,0.0,0.064642570785233,MEDIUM
2020-10-30,0.5718201546188647,0.4281938792025893,0.0,0.01943394623489575,LOW
2020-11-02,0.9969274113303568,0.0037412885439355,0.0,0.03223125463074474,LOW
2020-11-03,0.009400766194764,1.0059947187528369,0.0,0.0025628916969788577,LOW
2020-11-04,0.8184597021062311,0.3670853549537372,0.0,0.02692421608867711,LOW
2020-11-05,0.999999854989404,2.355795309520215e-07,0.0,0.06464291453782378,MEDIUM
2020-11-06,0.424476519728059,0.5755375238709828,0.0,0.014937129794307067,LOW
2020-11-09,0.9997059791798152,0.0005290285161001,0.0,0.0323128313159287,MEDIUM
2020-11-10,0.9842876432177136,0.0157293866352903,0.0,0.0637194519623096,MEDIUM
2020-11-11,0.7236042697963938,0.276465123851299,0.0,0.024058242867532272,LOW
2020-11-12,0.9357250790310768,0.0824484778378211,0.0,0.03042581005799296,LOW
2020-11-13,0.0025327196720674,1.080090784249749,0.0,0.0023640823981201015,LOW
2020-11-17,0.999999987616426,2.531526119379901e-08,0.0,0.03232146116174257,MEDIUM
2020-11-18,0.0028613359153471,0.9971782529502882,0.0,0.0023735897940338653,LOW
2020-11-19,0.1575516867886444,1.3564266741956008,0.0,0.013808143715723304,LOW
2020-11-20,0.0084848611286314,1.659982624697765,0.0,0.007609098534737846,LOW
2020-11-23,0.848980673204698,0.3385379441246943,0.0,0.027840490976765088,LOW
2020-11-24,0.0070283993631524,1.282428944158165,0.0,0.0024941937239631347,LOW
2020-11-25,0.9999566351156776,8.78325076915882e-05,0.0,0.03232018868725162,MEDIUM
2020-11-26,0.0796205628197049,0.9217608599128904,0.0,0.00460815693484606,LOW
2020-11-27,0.0022625589131035,1.0544116741441611,0.0,0.004712533188316482,LOW
2020-12-01,0.1792051245370982,1.64682875843589,0.0,0.022639827744336174,LOW
2020-12-02,0.5430783321337704,1.0993825825416124,0.0,0.07422395265641757,HIGH
2020-12-03,0.9949222112670992,0.0064211076602997,0.0,0.0321723619964514,LOW
2020-12-04,0.0270954454464416,0.986432204088208,0.0,0.003076119618978576,LOW
2020-12-07,0.0028747899789349,1.6170297085211076,0.0,0.004747958105091111,LOW
2020-12-08,0.0042031082587318,2.2515168988080614,0.0,0.0072372440995892,LOW
2020-12-09,0.0683907032225383,2.929906415199857,0.0,0.01711816698977275,LOW
2020-12-10,0.0121361562156196,3.625026768019504,0.0,0.013210673851649613,LOW
2020-12-11,0.0529357079884258,3.857845588549192,0.0,0.022969386717478554,LOW
2020-12-14,0.3192765186875974,3.0556079269230576,0.0,0.08221882408370372,HIGH
2020-12-15,0.2028837203344497,2.602042071095079,0.0,0.06601128305613278,MEDIUM
2020-12-16,0.9930947662271996,0.0255535566041273,0.0,0.03211867438586615,LOW
2020-12-17,0.0020194723602182,1.5287674338523851,0.0,0.0023492343460799186,LOW
2020-12-18,0.2924330954194882,1.9934916760702348,0.0,0.02187142491168098,LOW
2020-12-21,0.9990760280030054,0.0037123872389804,0.0,0.03229433944854656,LOW
2020-12-22,0.9107585019291352,0.0893268831294634,0.0,0.05936949098823002,MEDIUM
2020-12-23,0.0422984223466288,0.9631092794472594,0.0,0.0035182449162770007,LOW
2020-12-24,0.7288297019219155,0.525026135341598,0.0,0.04843349766697421,MEDIUM
2020-12-28,0.0084448238512367,1.0720545872399705,0.0,0.007605620246873252,LOW
2020-12-29,0.0053269812894786,2.01214015747585,0.0,0.009779764373100956,LOW
2020-12-30,0.9991438841976124,0.0025742654254744,0.0,0.03229633141495553,LOW
2020-12-31,0.0196121172046688,0.9881601183404822,0.0,0.002858889301141705,LOW
2021-01-01,0.0158026312835259,1.177532814707962,0.0,0.0054968121695976235,LOW
2021-01-04,0.9999965121346908,1.0107018448185757e-05,0.0,0.03232135915036361,MEDIUM
2021-01-05,0.9988176980021756,0.0011823058917155,0.0,0.06457351160118943,MEDIUM
2021-01-06,0.999966927501929,3.311228862966942e-05,0.0,0.09696147236463001,HIGH
2021-01-07,0.99999999985598,1.440199982002574e-10,0.0,0.12928584608397795,HIGH
2021-01-08,0.9998860824901544,0.0001139175098456,0.0,0.16159058910886354,HIGH
2021-01-11,0.999999999971049,2.8950924919119012e-11,0.0,0.19392876914623175,HIGH
2021-01-12,0.7883519537494909,0.2116480496561834,0.0,0.18212139274322095,HIGH
2021-01-13,0.9999985809861612,1.5469375461393176e-06,0.0,0.25857135899781186,HIGH
2021-01-14,0.989401420770412,0.0105986898233021,0.0,0.28809111593456094,HIGH
2021-01-15,0.9999761740216656,2.4563182677737658e-05,0.0,0.3232076219060761,HIGH
2021-01-18,0.9990355078808966,0.0009645092851238,0.0,0.3552246493616907,HIGH
2021-01-19,0.9991170025341825,0.0008835445890044,0.0,0.387546507447002,HIGH
2021-01-20,0.1139012527311869,0.886818497283438,0.0,0.005614814757337534,LOW
2021-01-21,0.9999592980239084,8.011968738912892e-05,0.0,0.03232026684867869,MEDIUM
2021-01-22,0.9999140706618478,8.593057038792312e-05,0.0,0.0646378786703372,MEDIUM
2021-01-25,0.999999999994154,5.846035212431598e-12,0.0,0.09696438457515037,HIGH
2021-01-27,0.999999479401296,5.205987038896801e-07,0.0,0.1292857849790239,HIGH
2021-01-28,0.999998920448316,1.079551683883004e-06,0.0,0.16160714919262514,HIGH
2021-01-29,1.0,0.0,0.0,0.1939287691513303,HIGH
2021-02-01,0.9999999959704552,4.029544808936691e-09,0.0,0.22625022984863363,HIGH
2021-02-02,0.2719613486736055,0.7280386513880045,0.0,0.010319609430961649,LOW
2021-02-03,0.9995405981440896,0.0007088656162208,0.0,0.03230797681951084,LOW
2021-02-04,0.1143782347732296,0.8876000895846151,0.0,0.005628858277181768,LOW
2021-02-05,0.999997539510745,4.876201843147647e-06,0.0,0.032321389305627134,MEDIUM
2021-02-08,0.9709567964517332,0.0290433310176154,0.0,0.06293423817330537,MEDIUM
2021-02-09,0.4432249689348258,0.5573286530769138,0.0,0.015508228175269671,LOW
2021-02-10,0.8233163363099091,0.2348326493766362,0.0,0.027070229759354414,LOW
2021-02-11,0.9992700039114896,0.0012390550611793,0.0,0.06460006738645122,MEDIUM
2021-02-12,0.2247085921405474,0.7872918290980425,0.0,0.008902967076166507,LOW
2021-02-15,0.9907457976862996,0.0181482356020245,0.0,0.032049643335435356,LOW
2021-02-16,0.978075627205008,0.0221705440594626,0.0,0.0633537458936985,MEDIUM
2021-02-17,0.0476483361914512,0.963771464286842,0.0,0.003674083864289086,LOW
2021-02-18,0.9999757660659364,4.870315993773974e-05,0.0,0.03232075021636309,MEDIUM
2021-02-19,0.7313362265244084,0.2687778663443418,0.0,0.024292757933498426,LOW
2021-02-22,0.9999951792345444,8.744372292855703e-06,0.0,0.032321320027432675,MEDIUM
2021-02-23,0.916107258308952,0.0838949845698288,0.0,0.05968744637683572,MEDIUM
2021-02-24,0.9998972352980966,0.0001311072349215,0.0,0.09695533554371248,HIGH
2021-02-25,0.9999932339185474,6.766707110959923e-06,0.0,0.12928505171608048,HIGH
2021-02-26,0.999792983550914,0.0002070801571044,0.0,0.1615769257060184,HIGH
2021-03-01,0.9999959999723655,4.0046129817601775e-06,0.0,0.1939280647050724,HIGH
2021-03-02,0.9891974367710716,0.0108025753583912,0.0,0.22402888880052851,HIGH
2021-03-03,0.2080859508095902,0.7926838834272124,0.0,0.008406551777455485,LOW
2021-03-04,0.9996918202323416,0.0006099487765774,0.0,0.032312415707416435,MEDIUM
2021-03-05,0.1224171763862533,0.8799282214726292,0.0,0.005865694597862784,LOW
2021-03-08,0.025926769442403,1.1491152742173163,0.0,0.006084354741608214,LOW
2021-03-09,0.014876727806027,1.9440956207786424,0.0,0.008164689565642367,LOW
2021-03-10,0.9996724819754704,0.0009910501133378,0.0,0.03231184806884453,MEDIUM
2021-03-12,0.9967916790051562,0.0032636195011352,0.0,0.06445453749108603,MEDIUM
2021-03-15,0.4235438381117938,0.5765906488962796,0.0,0.014908733562166999,LOW
2021-03-16,0.0057880057412205,1.1455095119775347,0.0,0.004916570957268801,LOW
2021-03-17,0.0349823894250622,1.9674568989786496,0.0,0.009916048267549188,LOW
2021-03-18,0.9912166835700712,0.0270651608562151,0.0,0.0320634836103171,LOW
2021-03-19,0.7007960651666607,0.3022270773346268,0.0,0.023365677425794894,LOW
2021-03-22,0.0299946928384364,1.2566568614457485,0.0,0.0063207019386985796,LOW
2021-03-23,0.0023167767654287,1.9028262795702704,0.0,0.00707350529920974,LOW
2021-03-24,0.0345758493498916,2.1150303303326865,0.0,0.01317410586251783,LOW
2021-03-25,0.1147376222393057,2.773244669998936,0.0,0.028197200928780655,LOW
2021-03-26,0.990841953429072,0.0351046631728938,0.0,0.03205246962454674,LOW
2021-03-30,0.2256620386401011,0.8414351574173207,0.0,0.008931472164953571,LOW
2021-03-31,0.2323679466025621,1.257620808415582,0.0,0.018264106149184715,LOW
2021-04-01,0.7471424176853851,0.6010365927625406,0.0,0.02477172042017504,LOW
2021-04-05,0.3832299478106108,0.7373816187722881,0.0,0.013682847469011243,LOW
2021-04-06,0.4014234376963037,1.198828524878213,0.0,0.028471403901788536,LOW
2021-04-07,0.0073578318701308,1.732994555226178,0.0,0.007511195117519047,LOW
2021-04-08,0.009295949079747,2.353623776042128,0.0,0.010239423558435094,LOW
2021-04-09,0.0030833615161833,2.978983036208869,0.0,0.011900068196128082,LOW
2021-04-12,0.9947539134555248,0.0214494515223834,0.0,0.03216741828053716,LOW
2021-04-13,0.0660875800029481,0.9725608693410142,0.0,0.0042122173849629034,LOW
2021-04-15,0.3612098050694159,1.2612502484455623,0.0,0.02602932855376552,LOW
2021-04-16,0.0038574741770276,1.6615044198962765,0.0,0.007207238343140184,LOW
2021-04-19,0.9999992348442308,2.71970914737933e-06,0.0,0.03232143906658583,MEDIUM
2021-04-20,0.9999998454843064,1.5451569357879217e-07,0.0,0.06464291397984193,MEDIUM
2021-04-22,0.8755033412227644,0.1244966764057231,0.0,0.08590214047861307,HIGH
2021-04-23,0.3041968810017389,0.6972505793849159,0.0,0.011290345533805013,LOW
2021-04-26,0.0254899051963492,1.3795931565042523,0.0,0.006058982030178852,LOW
2021-04-27,0.7358216414843533,0.5403146733320323,0.0,0.02442873839107078,LOW
2021-04-28,0.9931860206715972,0.0073580418049016,0.0,0.06424271131725977,MEDIUM
2021-04-29,0.9337519767865116,0.068751041310383,0.0,0.09110201239868597,HIGH
2021-04-30,0.3569246383836733,0.645626585053695,0.0,0.012884765652670308,LOW
2021-05-03,0.9888703419020822,0.0197621967212297,0.0,0.031994510170404646,LOW
2021-05-04,0.9477091154127308,0.0532393893433693,0.0,0.06156120849788787,MEDIUM
2021-05-05,0.9654260085573988,0.0355068806461044,0.0,0.09391201117168306,HIGH
2021-05-06,0.1514052280283131,0.8678821239544005,0.0,0.006722038254427343,LOW
2021-05-10,0.9999999998117692,3.6922045518431694e-10,0.0,0.03232146151969682,MEDIUM
2021-05-11,0.9999975826661558,2.41733384423615e-06,0.0,0.0646427811446259,MEDIUM
2021-05-12,0.0471893013070354,0.9528108241463306,0.0,0.0036607073260518028,LOW
2021-05-14,0.6271672720531218,0.6246518626977468,0.0,0.04224705535698592,MEDIUM
2021-05-17,0.0912919504115703,1.0224089465043564,0.0,0.01485089464018781,LOW
2021-05-18,0.7060721004511386,0.5727558951268616,0.0,0.09410392670073792,HIGH
2021-05-19,0.0022348650432226,1.777156596558673,0.0,0.011777327122354221,LOW
2021-05-20,0.0054512294946445,3.5961306336383188,0.0,0.014691224207518052,LOW
2021-05-21,0.9665480924837884,0.1215918522020744,0.0,0.03133710724796382,LOW
2021-05-24,0.0020819958938308,1.5754256178301014,0.0,0.0023510430620777463,LOW
2021-05-25,0.0844254965631386,2.699203826662206,0.0,0.009497873690052448,LOW
2021-05-26,0.0039157485143865,3.724091935597304,0.0,0.007212297232874464,LOW
2021-05-27,0.0020033377321409,5.226578706335524,0.0,0.009395070389837008,LOW
2021-05-28,0.0216054139418274,5.955939507126441,0.0,0.01458363127083089,LOW
2021-05-31,0.0020929101310674,6.704512659230705,0.0,0.014108152783005153,LOW
2021-06-01,0.0020039288653585,6.553367212429824,0.0,0.016441492885739675,LOW
2021-06-02,0.002046498650777,7.117030282275264,0.0,0.018800129404617533,LOW
2021-06-03,0.0042403107339377,8.01582193563847,0.0,0.021721421648508748,LOW
2021-06-04,0.0020159885781678,8.925156897904436,0.0,0.023491335658119502,LOW
2021-06-07,0.0020002865301264,9.930466198642591,0.0,0.025835472643989003,LOW
2021-06-08,0.0020080126582911,10.915991239336918,0.0,0.02818683402436937,LOW
2021-06-09,0.0020887488059344,11.916495222509532,0.0,0.030566099397916727,LOW
2021-06-10,0.0020018768399695,12.893530959508986,0.0,0.03288215470790267,MEDIUM
2021-06-11,0.0020008709821673,13.85356344567682,0.0,0.03523044357737276,MEDIUM
2021-06-14,0.0047783265926806,14.83759513671228,0.0,0.038864984761630264,MEDIUM
2021-06-15,0.0024328881935778,15.830061534040254,0.0,0.04014030163374668,MEDIUM
2021-06-16,0.0020013003833718,16.86707692926355,0.0,0.04227675588631849,MEDIUM
2021-06-17,0.9504845001832842,0.8880538917005277,0.0,0.03086268450614989,LOW
2021-06-18,0.995057922775966,0.0057646127637964,0.0,0.06435269680778809,MEDIUM
2021-06-21,0.9999955637708255,4.446910434982476e-06,0.0,0.09696399394272072,HIGH
2021-06-22,0.9859516179689384,0.0140484607473166,0.0,0.12763470713303848,HIGH
2021-06-23,0.999999999224756,8.272160298174204e-10,0.0,0.16160730751233487,HIGH
2021-06-24,0.006634479052175,0.9933659778795736,0.0,0.0024827893119412337,LOW
2021-06-25,0.7306901389056822,0.3814903106656133,0.0,0.048546334152559156,MEDIUM
2021-06-28,0.999973254398375,3.51428161475376e-05,0.0,0.03232067649432394,MEDIUM
2021-06-29,0.0379402659675233,0.9633829289311002,0.0,0.0033913932408624367,LOW
2021-06-30,0.0184471146156608,1.1923158443927977,0.0,0.005650189042968829,LOW
2021-07-01,0.999983709712632,4.809855921765119e-05,0.0,0.03232098337674388,MEDIUM
2021-07-02,0.2697506817795757,0.730379617541456,0.0,0.010253160685874091,LOW
2021-07-05,0.0305797203261277,0.986755190931758,0.0,0.006354704863667381,LOW
2021-07-06,0.0530325561359398,1.8512561655343125,0.0,0.01149316746038217,LOW
2021-07-07,0.0082255039875382,2.698374684319012,0.0,0.010115422619053285,LOW
2021-07-08,0.6574803701918676,1.3092193941936785,0.0,0.11023816079402475,HIGH
2021-07-09,0.0134198904432249,3.0623966924496457,0.0,0.016076016693156208,LOW
2021-07-12,0.9985941608715004,0.0054080708604488,0.0,0.03228019330605342,LOW
2021-07-13,0.9999912560542424,8.755417078153783e-06,0.0,0.0646424097504813,MEDIUM
2021-07-14,0.0157217154288484,0.9843859561962512,0.0,0.002746060090394484,LOW
2021-07-15,0.0035062836327775,1.070703373254419,0.0,0.004784501291884431,LOW
2021-07-16,0.0524487253528319,1.893167469389278,0.0,0.011442084905223518,LOW
2021-07-19,0.9999992992727248,2.1727099228360187e-06,0.0,0.03232144095767288,MEDIUM
2021-07-20,0.002402309336569,0.9987100404019364,0.0,0.0023603095585201595,LOW
2021-07-22,0.5414197959243228,0.9148976565039328,0.0,0.03701064822566337,MEDIUM
2021-07-23,0.0024042958196926,1.04938539821084,0.0,0.007081101083763374,LOW
2021-07-26,0.0020012534687421,2.4474945272486344,0.0,0.00939482921275648,LOW
2021-07-27,0.1197877722538514,3.070354184385211,0.0,0.028940991169861225,LOW
2021-07-28,0.9822778554098056,0.0402556430222785,0.0,0.03180058573521335,LOW
2021-07-29,0.9935594622217304,0.0098880570174524,0.0,0.06426465574682165,MEDIUM
2021-07-30,0.0079387284926724,1.0366333426245615,0.0,0.0025205515124875817,LOW
2021-08-02,0.9999936998559597,1.2615942869903047e-05,0.0,0.03232127660509622,MEDIUM
2021-08-03,0.9374814594020688,0.0625267771503215,0.0,0.06095569289714811,MEDIUM
2021-08-04,0.0025324315335896,0.9986283913207006,0.0,0.002364074062034105,LOW
2021-08-05,0.0976793842945557,1.802227964978725,0.0,0.010275604654384353,LOW
2021-08-06,0.0020670318145013,2.0455291620835454,0.0,0.007051830513258867,LOW
2021-08-09,0.0035223925454281,2.394176391135422,0.0,0.00957086705862406,LOW
2021-08-10,0.0026024553765291,3.237918445094857,0.0,0.011830499607961079,LOW
2021-08-11,0.3836488945264962,2.5111267119674188,0.0,0.08217342312103172,HIGH
2021-08-12,0.0020056879867343,4.708872004912154,0.0,0.016441849105054446,LOW
2021-08-13,0.7471270183192651,1.4290974749322256,0.0,0.02477125408977644,LOW
2021-08-16,0.0020467853010343,5.014565166310358,0.0,0.002350024467951771,LOW
2021-08-17,0.0020186034649659,8.001396654000557,0.0,0.004698418420636685,LOW
2021-08-18,0.9492043568145468,0.3892844703492986,0.0,0.03082482914120064,LOW
2021-08-20,0.9988066928789422,0.0012212857214237,0.0,0.0645728654455364,MEDIUM
2021-08-23,0.9933309060474202,0.0066765167910448,0.0,0.0963768379786681,HIGH
2021-08-24,0.0021123751730201,0.9996263733621868,0.0,0.0023519218976236107,LOW
2021-08-25,0.0020403947195127,1.768875602791976,0.0,0.004699679195649835,LOW
2021-08-26,0.0020313470640473,1.9982692216558904,0.0,0.007048733588354048,LOW
2021-08-27,0.002153461713862,2.9839151591835864,0.0,0.009412441952488144,LOW
2021-08-30,0.1204339005920462,3.504837715146275,0.0,0.029036193795207884,LOW
2021-08-31,0.0117909993879372,4.695972975651061,0.0,0.015792802725794516,LOW
2021-09-01,0.2983491595283196,3.704390937991726,0.0,0.07779804199747117,HIGH
2021-09-02,0.003009609161391,5.667017821083099,0.0,0.019023037949983074,LOW
2021-09-03,0.0023846356748872,7.459863392365806,0.0,0.021238184307184244,LOW
2021-09-06,0.9072237324714068,0.6669959461058361,0.0,0.029579620537628838,LOW
2021-09-07,0.0040777600746759,5.143132922166333,0.0,0.0024087873237199787,LOW
2021-09-08,0.0172406648781421,6.852436588124485,0.0,0.005580208266000869,LOW
2021-09-09,0.0020170444355124,11.194361987761,0.0,0.007047492330233388,LOW
2021-09-13,0.0025196080083105,12.529882057762004,0.0,0.009454812268679669,LOW
2021-09-14,0.999999976525244,2.957010122297029e-07,0.0,0.03232146083619735,MEDIUM
2021-09-15,0.0025753253133474,0.9986397110744974,0.0,0.0023653150190881774,LOW
2021-09-16,0.0021168794862499,1.7407799854762052,0.0,0.004704104404578428,LOW
2021-09-17,0.2920327310700981,2.0254267701893363,0.0,0.03277095160196354,MEDIUM
2021-09-20,0.9961495433457164,0.0054482142422901,0.0,0.03220841081641468,LOW
2021-09-21,0.1311493570742161,0.8821875497361732,0.0,0.006123273871634129,LOW
2021-09-22,0.9547246327547336,0.0878085497666409,0.0,0.03098802037450383,LOW
2021-09-23,0.2724291008563015,1.312694656092411,0.0,0.010333671321279762,LOW
2021-09-24,0.1356444799165048,1.415343097568177,0.0,0.012511996645046736,LOW
2021-09-27,0.0346834788584031,1.8563157221300184,0.0,0.009889969383283015,LOW
2021-09-28,0.953081240936205,0.1505301613187865,0.0,0.030939451775098464,LOW
2021-09-29,0.9319929627793913,0.1086953457878875,0.0,0.060630391342811486,MEDIUM
2021-09-30,0.7603007271876135,0.2497705084270661,0.0,0.07550987949559772,HIGH
2021-10-01,0.0033671772722582,1.1408506283145414,0.0,0.0023882255909593642,LOW
2021-10-04,0.1513883339166212,1.8794658937707456,0.0,0.013443076274046962,LOW
2021-10-05,0.0037834704659348,2.0373765147557483,0.0,0.007200814030082298,LOW
2021-10-06,0.9998383169311136,0.0006207363242287,0.0,0.032316715791156005,MEDIUM
2021-10-07,0.9991093845956088,0.0008909624084184,0.0,0.06459063731481138,MEDIUM
2021-10-08,0.0924688429849581,0.9080061080525555,0.0,0.0049848323319497,LOW
2021-10-11,0.0092927270731637,1.3244902686370292,0.0,0.005119525143560098,LOW
2021-10-12,0.0020200882974123,1.9703731255673085,0.0,0.007047756492504653,LOW
2021-10-13,0.2618973857446836,2.1869780777686523,0.0,0.04006894912224723,MEDIUM
2021-10-14,0.1893917994111931,1.4974636031854152,0.0,0.03924772933152483,MEDIUM
2021-10-18,0.9999547434912728,8.09288811286118e-05,0.0,0.03232013316445415,MEDIUM
2021-10-19,0.9880990226098608,0.0119031408922006,0.0,0.06394366200606669,MEDIUM
2021-10-20,0.0037582320206129,0.9970790939981689,0.0,0.0023995410269904618,LOW
2021-10-21,0.7040948706169581,0.5882452944503748,0.0,0.046931826570520065,MEDIUM
2021-10-22,0.0064997913090018,1.1220072177302822,0.0,0.007436670377842575,LOW
2021-10-25,0.9999564195967814,9.694698643111531e-05,0.0,0.03232018236136026,MEDIUM
2021-10-26,0.0035816657735803,0.9982554912765218,0.0,0.002394431872987052,LOW
2021-10-27,0.0293014694665677,1.7817328737239817,0.0,0.006280414594649721,LOW
2021-10-28,0.946593963742094,0.1582409387485313,0.0,0.030747615127264784,LOW
2021-10-29,0.0206525147902787,1.0106040816486486,0.0,0.0028890748718319002,LOW
2021-11-01,0.0053050963026439,1.915174246974954,0.0,0.004888615311294156,LOW
2021-11-02,0.0570433717339097,2.794580918550277,0.0,0.011844223135172723,LOW
2021-11-03,0.1403362868767236,3.280150895922088,0.0,0.025578491031128033,LOW
2021-11-04,0.9999999987480688,5.077951966289021e-09,0.0,0.03232146148847539,MEDIUM
2021-11-08,0.5810227585470225,0.4189855188444281,0.0,0.01971500833521175,LOW
2021-11-09,0.0020606128756402,0.998730132899436,0.0,0.004700848960023357,LOW
2021-11-10,0.0023961067192058,1.973473448692585,0.0,0.007080390346597395,LOW
2021-11-11,0.0021191092087923,2.6877092381644534,0.0,0.009408466822660541,LOW
2021-11-12,0.0025965405674691,3.526630072974591,0.0,0.011829643996894788,LOW
2021-11-15,0.0020383296354284,3.931391038013284,0.0,0.014098679148119577,LOW
2021-11-16,0.0025014076698209,4.857989709996826,0.0,0.01654223562683684,LOW
2021-11-17,0.0021856820370121,5.846977279122451,0.0,0.018832340750488927,LOW
2021-11-18,0.0038632419848013,6.788069268238867,0.0,0.0216232171612463,LOW
2021-11-22,0.9780427353014898,0.1676961478638848,0.0,0.031675904309127874,LOW
2021-11-23,0.9986831916390664,0.001321705630329,0.0,0.06456561410982686,MEDIUM
2021-11-24,0.3620238292617074,0.6388569934152678,0.0,0.01303934524462949,LOW
2021-11-25,0.0029247327938326,1.080781229455128,0.0,0.00475084805219993,LOW
2021-11-26,0.9982522933857616,0.0038415014578341,0.0,0.03227015649362135,LOW
2021-11-29,0.7317747925390005,0.2771929362945424,0.0,0.02430605569331606,LOW
2021-11-30,0.9763579361340908,0.0244962377032878,0.0,0.03162628209752671,LOW
2021-12-01,0.0022877835850154,1.0488078502490998,0.0,0.0023569963343368808,LOW
2021-12-02,0.6789805488931899,0.6627378554833221,0.0,0.04540453715440044,MEDIUM
2021-12-03,0.9780709662158582,0.041419634943334,0.0,0.03167673568509424,LOW
2021-12-06,0.9999998932368092,1.0918076656348058e-07,0.0,0.06464291678307775,MEDIUM
2021-12-07,0.1021040611929849,0.8979137097992246,0.0,0.005267796345051756,LOW
2021-12-08,0.9994705764293336,0.0010536265422045,0.0,0.03230592140686442,LOW
2021-12-09,0.853544291898791,0.1464651114632099,0.0,0.055954433651900094,MEDIUM
2021-12-10,0.0063698225617157,1.0118697710822318,0.0,0.002475127634937626,LOW
2021-12-13,0.99998569806801,2.9586313300480893e-05,0.0,0.03232104173852194,MEDIUM
2021-12-14,0.0310536781754476,0.970211263298983,0.0,0.0031911272741748983,LOW
2021-12-15,0.002683201190386,1.0518856752176364,0.0,0.004736872014233024,LOW
2021-12-16,0.99983445343289,0.000456133366584,0.0,0.03231660238802073,MEDIUM
2021-12-17,0.9999859020475008,1.410592824170052e-05,0.0,0.06464209545136589,MEDIUM
2021-12-20,0.9205687309430104,0.0794356956977833,0.0,0.08992871979351266,HIGH
2021-12-21,0.4177759917560385,0.5838989845730143,0.0,0.014733159042612333,LOW
2021-12-22,0.0030613709915124,1.343701146888833,0.0,0.004758754758301598,LOW
2021-12-23,0.1724368946946601,1.77959427654628,0.0,0.022036691958469908,LOW
2021-12-24,0.6811082733156324,0.9790972531934302,0.0,0.09106804556074975,HIGH
2021-12-27,0.0553304448189405,2.0253968292901945,0.0,0.01949044690385893,LOW
2021-12-28,0.9141410837543232,0.2353116936415555,0.0,0.02978529727382693,LOW
2021-12-29,0.0023870698249341,1.303359325413288,0.0,0.0023598686766589435,LOW
2021-12-30,0.0031203023663451,2.396203313861242,0.0,0.004762164935568345,LOW
2021-12-31,0.0041390025255274,3.056596397438457,0.0,0.007231678719431822,LOW
2022-01-03,0.9995712408301156,0.0018327180372167,0.0,0.032308876295917464,LOW
2022-01-04,0.0088539223739447,0.9968767024113184,0.0,0.002547054083457149,LOW
2022-01-05,0.0059572306374956,1.750459149516513,0.0,0.004926367912248889,LOW
2022-01-06,0.7651066522353741,0.6837237007309107,0.0,0.025315296757905382,LOW
2022-01-07,0.0427533740662701,1.2163402275107946,0.0,0.003531492155268996,LOW
2022-01-10,0.1522312255751574,1.720569450411896,0.0,0.013492983552230756,LOW
2022-01-11,0.0023048362231079,2.404441228932497,0.0,0.007072468987134628,LOW
2022-01-12,0.9932528030257548,0.0231261030579934,0.0,0.032123317859618694,LOW
2022-01-13,0.0069423160008419,1.160291149816182,0.0,0.0024917014567370065,LOW
2022-01-14,0.0045130986252515,2.830969176050729,0.0,0.004842771286606564,LOW
2022-01-17,0.0020152557873313,3.1292487091704126,0.0,0.007047337102041148,LOW
2022-01-18,0.9648630838708044,0.1958130675601881,0.0,0.031287394361904995,LOW
2022-01-19,0.8406017756631703,0.1767251054953711,0.0,0.0551785338069531,MEDIUM
2022-01-20,0.0254505873886755,1.0550435073910454,0.0,0.0030283492860858126,LOW
2022-01-21,0.4125176119510265,1.187085206343972,0.0,0.029146284944805624,LOW
2022-01-24,0.999825348275618,0.0002823123734246,0.0,0.03231633512908994,MEDIUM
2022-01-25,0.9998230383578336,0.0001769629287961,0.0,0.06463253465443863,MEDIUM
2022-01-27,0.9999287627537594,7.124327106760452e-05,0.0,0.09695811173534753,HIGH
2022-01-28,0.9999987184836244,1.28154138057545e-06,0.0,0.12928569564205503,HIGH
2022-01-31,0.999999393109554,6.068904461398751e-07,0.0,0.1616072185597254,HIGH
2022-02-01,0.9999999398814736,6.011852626051876e-08,0.0,0.19392875856383887,HIGH
2022-02-02,0.9999889802948934,1.1019717445357923e-05,0.0,0.22624796654388937,HIGH
2022-02-03,0.9998235646711464,0.0001764358794089,0.0,0.25853026220667963,HIGH
2022-02-04,0.9867093444700594,0.013291221196908,0.0,0.28737867165590153,HIGH
2022-02-07,0.9997421906532252,0.0002623866118216,0.0,0.3231389422959076,HIGH
2022-02-08,0.9999933605710938,6.6405472092493485e-06,0.0,0.3555339331114281,HIGH
2022-02-09,0.999897883645792,0.0001021164087192,0.0,0.3878215705398296,HIGH
2022-02-10,0.999833789489506,0.0001663706266698,0.0,0.4201155776954442,HIGH
2022-02-11,0.983641062250223,0.016359873247882,0.0,0.44576982186881087,HIGH
2022-02-14,1.0,0.0,0.0,0.48482192287832576,HIGH
2022-02-15,0.9999984463302872,1.5536697128837318e-06,0.0,0.5171426547575145,HIGH
2022-02-16,0.1908113850392558,0.8091886155612803,0.0,0.007891795201083695,LOW
2022-02-17,0.7088262280280602,0.3348531327298416,0.0,0.0472192773239318,MEDIUM
2022-02-18,0.9999491070667684,5.767495427777657e-05,0.0,0.03231996772450987,MEDIUM
2022-02-21,0.8306410280532179,0.1694499872278873,0.0,0.054580591624978886,MEDIUM
2022-02-22,1.0,0.0,0.0,0.09696438457566516,HIGH
2022-02-23,0.9998249447714882,0.0001750552285119,0.0,0.1292652931409406,HIGH
2022-02-24,0.9999999999831212,1.6878690785557163e-11,0.0,0.16160730762363146,HIGH
2022-02-25,0.9999103059847042,8.969401529581397e-05,0.0,0.19391297300372037,HIGH
2022-02-28,0.9999977359822751,2.2640288351411825e-06,0.0,0.22624976550683992,HIGH
2022-03-02,0.9999154502559652,8.455046265592684e-05,0.0,0.2585518386332007,HIGH
2022-03-03,0.9999999659090928,3.409359991134384e-08,0.0,0.2908931447213559,HIGH
2022-03-04,0.9974313383056104,0.0025686626971239,0.0,0.3224605211716678,HIGH
2022-03-07,0.9999999915630136,9.453740907776174e-09,0.0,0.35553607405339865,HIGH
2022-03-08,0.9999997933149822,2.0668501773615293e-07,0.0,0.38785746550394096,HIGH
2022-03-09,0.9948100964945608,0.0051899039735885,0.0,0.41819789258758666,HIGH
2022-03-10,1.0,0.0,0.0,0.452500461353104,HIGH
2022-03-11,0.988469650717926,0.011530349282074,0.0,0.4797409341396858,HIGH
2022-03-14,0.999975090234628,2.491054263578376e-05,0.0,0.5171316860716838,HIGH
2022-03-15,0.9979820289548864,0.0020185420244327,0.0,0.5484577653168362,HIGH
2022-03-16,0.9999999980697633,1.952048573419889e-09,0.0,0.5817863064341873,HIGH
2022-03-17,0.9999993038489255,6.961510744679111e-07,0.0,0.6141073807478523,HIGH
2022-03-21,0.9988343271856186,0.0011656728739969,0.0,0.6457448796628844,HIGH
2022-03-22,0.1558691804709095,0.8442286599388185,0.0,0.0068542269756990655,LOW
2022-03-23,0.6333710333020585,0.6056338689901153,0.0,0.04262548890505677,MEDIUM
2022-03-24,0.9999909384689656,2.4460695685726304e-05,0.0,0.032321195553555226,MEDIUM
2022-03-25,0.6389576636560341,0.3611019137627875,0.0,0.021483100178000383,LOW
2022-03-28,0.9136233304105562,0.0920427596609833,0.0,0.02976990935614121,LOW
2022-03-29,0.0286124774380016,1.0735279576011478,0.0,0.0031201888017883227,LOW
2022-03-30,0.9239644412547132,0.1577324833440044,0.0,0.03007704641456961,LOW
2022-03-31,0.0096221342806319,1.0719830657228386,0.0,0.0025693033278662456,LOW
2022-04-01,0.9938976021462904,0.0125673322534478,0.0,0.03214226234259165,LOW
2022-04-04,0.9372540145857736,0.0630723448510284,0.0,0.06094221730858164,MEDIUM
2022-04-05,0.9999240892872748,8.620580041292929e-05,0.0,0.09695770020794452,HIGH
2022-04-06,0.949749023710979,0.0502572203506974,0.0,0.12336374577094229,HIGH
2022-04-07,0.0717461973856196,0.9310544785566164,0.0,0.004377672147394986,LOW
2022-04-08,0.7672048860924668,0.4424086560860361,0.0,0.025378729946962438,LOW
2022-04-11,0.0029455009127465,2.014142461741097,0.0,0.0023760249044311463,LOW
2022-04-12,0.0079838373489511,3.127587178241355,0.0,0.005043715403073673,LOW
2022-04-13,0.9999312443245802,0.0003209894359054,0.0,0.03231944341758909,MEDIUM
2022-04-18,0.9999999778496586,2.2150341413947505e-08,0.0,0.0646429217501424,MEDIUM
2022-04-19,0.9948931299808054,0.0051068703177141,0.0,0.09651452324485109,HIGH
2022-04-20,0.0312573850117583,0.9687633762102466,0.0,0.003197048016116648,LOW
2022-04-21,0.5064703278385083,0.9198503595702028,0.0,0.03487570271696996,MEDIUM
2022-04-22,0.4474327249480078,0.6332753421428533,0.0,0.046909413713657304,MEDIUM
2022-04-25,0.6367766811887088,0.5498476405862963,0.0,0.08566639577370837,HIGH
2022-04-26,0.9759574026723936,0.0332906782045752,0.0,0.03161448339553503,LOW
2022-04-27,0.0328630926918871,1.0768440758967015,0.0,0.003243724704028228,LOW
2022-04-28,0.6755146135082247,0.7029354229876368,0.0,0.045193578947718575,MEDIUM
2022-04-29,0.992913728232478,0.0099678567322451,0.0,0.03211335494886453,LOW
2022-05-02,0.9999999999193004,8.069969345612347e-11,0.0,0.0646429230457061,MEDIUM
2022-05-04,0.9999986398047748,1.3601952251913156e-06,0.0,0.09696426480346221,HIGH
2022-05-05,0.9999886332552228,1.1366744777209615e-05,0.0,0.12928451156588536,HIGH
2022-05-06,0.9999999928520944,7.147905589832151e-09,0.0,0.16160730657709213,HIGH
2022-05-09,0.999998961470245,1.0385297549784008e-06,0.0,0.19392858625553533,HIGH
2022-05-10,0.9944762073565584,0.0055237930183631,0.0,0.22511482308549385,HIGH
2022-05-11,0.99560075232256,0.0044119975664688,0.0,0.257538341816198,HIGH
2022-05-12,0.6744987690812744,0.327055515945636,0.0,0.022565870278158207,LOW
2022-05-13,0.999994229736728,1.0280450661630728e-05,0.0,0.0323212921580202,MEDIUM
2022-05-16,0.0386054165605114,0.96149880765059,0.0,0.0034107478932196345,LOW
2022-05-17,0.9188991909536915,0.1547128764182341,0.0,0.029926659970073644,LOW
2022-05-18,0.0264048183278042,1.002836339261388,0.0,0.0030560607332487805,LOW
2022-05-19,0.9999999975491044,5.056139533424328e-09,0.0,0.03232146145328373,MEDIUM
2022-05-20,0.995501524234648,0.0044984772707579,0.0,0.06437875647382885,MEDIUM
2022-05-23,0.0414062210729896,0.9586027789536102,0.0,0.0034922686764968488,LOW
2022-05-24,0.0033022018306641,1.4295190303101142,0.0,0.00477269110391886,LOW
2022-05-25,0.4845029643791543,1.1995634542017934,0.0,0.05030160666458392,MEDIUM
2022-05-26,0.1412961696240166,1.8534657278656823,0.0,0.025691980508713082,LOW
2022-05-27,0.7061454530644692,0.7817853743983831,0.0,0.11764104988352754,HIGH
2022-05-30,0.7981035468436445,0.288624388077224,0.0,0.02631138006578513,LOW
2022-05-31,0.0236814874536425,1.374533862787075,0.0,0.0029769848080576193,LOW
2022-06-01,0.0046461213731674,2.7433854288446566,0.0,0.004850470768048909,LOW
2022-06-02,0.0021952518379763,4.1968118784514274,0.0,0.00706295832210378,LOW
2022-06-03,0.9734589609964536,0.1288927466056505,0.0,0.031540869763311864,LOW
2022-06-06,0.0026448546418594,2.0911357266735315,0.0,0.002367326585813673,LOW
2022-06-07,0.0020932607396811,6.167264815850294,0.0,0.004702737879681836,LOW
2022-06-08,0.4195962968647207,4.506993960896718,0.0,0.04436569044959106,MEDIUM
2022-06-09,0.9999999851080036,6.059468249937512e-08,0.0,0.03232146108811607,MEDIUM
2022-06-10,0.9514276549674876,0.0485724877522288,0.0,0.061781140504729264,MEDIUM
2022-06-13,0.999998919560465,1.2668561687295358e-06,0.0,0.09696428943739523,HIGH
2022-06-14,0.9849884350027884,0.015011662656769,0.0,0.1275213734554058,HIGH
2022-06-15,0.0026203225677791,0.9975470792581388,0.0,0.002366616840937832,LOW
2022-06-16,0.9999999983359062,3.3319977608191396e-09,0.0,0.03232146147637771,MEDIUM
2022-06-17,0.7596488055638417,0.2403512523640821,0.0,0.05030048019720462,MEDIUM
2022-06-20,0.1989368528252447,0.8012457740838682,0.0,0.00813377668455099,LOW
2022-06-21,0.1639208335887684,1.50771006135515,0.0,0.014185734348284684,LOW
2022-06-22,0.0753756146197897,2.236458337537946,0.0,0.01345161340224882,LOW
2022-06-23,0.2546417584673526,2.453274837496212,0.0,0.0391978227697711,MEDIUM
2022-06-24,0.952180019169404,0.173765442675481,0.0,0.030912812277439045,LOW
2022-06-27,1.0,0.0,0.0,0.06464292305044343,MEDIUM
2022-06-28,0.9991348362767184,0.0008651637232817,0.0,0.09688819742416142,HIGH
2022-06-29,0.9999999280799668,7.192437606461345e-08,0.0,0.1292858376569814,HIGH
2022-06-30,0.8742189610399778,0.1257814327675317,0.0,0.1429783915153587,HIGH
2022-07-01,0.9875991900017526,0.0124812831209029,0.0,0.19174279783491877,HIGH
2022-07-04,0.0205011520701,1.000855292445087,0.0,0.002884682995126367,LOW
2022-07-05,0.5174101169996327,0.9627315311832964,0.0,0.03554388775615142,MEDIUM
2022-07-06,0.8114399411753468,0.4453982620564171,0.0,0.026713031485006707,LOW
2022-07-07,0.9999542748104034,4.985008827284871e-05,0.0,0.0646402388155419,MEDIUM
2022-07-08,0.9999792670029783,2.0733053591562885e-05,0.0,0.09696255892567383,HIGH
2022-07-11,0.1698466225569366,0.8301805097641176,0.0,0.007268671350005543,LOW
2022-07-12,0.0110368440024509,1.0140106236010604,0.0,0.005220567886505909,LOW
2022-07-13,0.9999999919083448,2.327756336794571e-08,0.0,0.032321461287717755,MEDIUM
2022-07-14,0.0638132511006007,0.9361877242743686,0.0,0.004145758554668181,LOW
2022-07-15,0.0103522063629981,1.0194314278870584,0.0,0.005180901045183208,LOW
2022-07-18,0.101799643186487,1.6599058636337962,0.0,0.0157765498635728,LOW
2022-07-19,0.9999072677639084,0.0001690271509156,0.0,0.03231873965571802,MEDIUM
2022-07-20,0.9999999987817294,1.2182705692545178e-09,0.0,0.06464292297892678,MEDIUM
2022-07-21,0.0020444619682889,0.9979555762383115,0.0,0.002349957257329371,LOW
2022-07-22,0.0023388317385884,1.0032723138004012,0.0,0.004716946294401236,LOW
2022-07-25,0.0060135596512246,1.9846200156718896,0.0,0.007394443550438635,LOW
2022-07-26,0.9927432739639132,0.0215278304214135,0.0,0.03210834635986341,LOW
2022-07-27,0.1756260292425706,0.8404027937762002,0.0,0.007440271638837515,LOW
2022-07-28,0.7100171963178473,0.5550658965180612,0.0,0.047291619031003485,MEDIUM
2022-07-29,0.1366336603418706,1.0754414175697669,0.0,0.018855650575399226,LOW
2022-08-01,0.0026928519581938,1.7195262888357523,0.0,0.009474860875705308,LOW
2022-08-02,0.0022372658555514,2.5257347989055736,0.0,0.011777674393088054,LOW
2022-08-03,0.0026281744445888,3.366402270669462,0.0,0.014201064033953673,LOW
2022-08-04,0.7278119230974569,1.1821661250265365,0.0,0.1693011667752521,HIGH
2022-08-05,0.0021190197377571,4.087533062374092,0.0,0.018816912938942734,LOW
2022-08-08,0.0024481737802153,6.006413764893732,0.0,0.021254727886820736,LOW
2022-08-10,0.017920473681651,7.751779647238285,0.0,0.028098196347208636,LOW
2022-08-11,0.9999985328860828,1.2808536247258251e-05,0.0,0.03232141846290634,MEDIUM
2022-08-12,0.0020070446554494,1.0052995485069138,0.0,0.002348874832629631,LOW
2022-08-16,0.0020262757336558,2.06346025763872,0.0,0.004698862314012382,LOW
2022-08-17,0.0021022648658484,2.307323504355457,0.0,0.007054888254805958,LOW
2022-08-18,0.0162025977133253,3.586953370674574,0.0,0.011040011070577185,LOW
2022-08-19,0.451857449378078,4.01577587974647,0.0,0.07885676258434551,HIGH
2022-08-22,0.02494771471853,7.7461361485720435,0.0,0.018082483620346756,LOW
2022-08-23,0.9999998196744064,1.4836744584083018e-06,0.0,0.0323214562323561,MEDIUM
2022-08-24,0.1246069077473283,0.8757804775267602,0.0,0.005930255518021334,LOW
2022-08-25,0.8773574010457638,0.1505595979666104,0.0,0.028689422504856933,LOW
2022-08-26,0.2484028659352666,0.8027970430791972,0.0,0.009612338245425428,LOW
2022-08-29,1.0,0.0,0.0,0.032321461525221716,MEDIUM
2022-08-30,0.999999999093954,9.060460159915351e-10,0.0,0.06464292299725542,MEDIUM
2022-09-01,0.999999999982668,1.7332024704160798e-11,0.0,0.09696438457413897,HIGH
2022-09-02,0.9993719104781096,0.0006280895218902,0.0,0.12921210054382945,HIGH
2022-09-05,0.999930637622696,6.936411150370035e-05,0.0,0.1615971280483002,HIGH
2022-09-06,0.997499956239146,0.0025008155868218,0.0,0.19348840170054565,HIGH
2022-09-07,0.9999999966215004,3.4325674064584354e-09,0.0,0.2262502299823987,HIGH
2022-09-08,0.9999853907042108,1.4609295789368735e-05,0.0,0.2585682617347774,HIGH
2022-09-09,0.9999998415613234,1.5844230192458029e-07,0.0,0.29089311187297207,HIGH
2022-09-12,0.7605852842857912,0.2394150513310121,0.0,0.2517856693250597,HIGH
2022-09-13,0.9999931571410954,9.826003466370856e-06,0.0,0.35553386743014626,HIGH
2022-09-14,1.0,0.0,0.0,0.3878575383026606,HIGH
2022-09-15,0.9999245930636068,7.540693639307428e-05,0.0,0.4201502264637433,HIGH
2022-09-16,0.9999598614659084,4.013853409155154e-05,0.0,0.4524839674147824,HIGH
2022-09-19,0.9980559323882948,0.0019441574681082,0.0,0.4839658700646051,HIGH
2022-09-20,0.9999226307141074,7.764642075815962e-05,0.0,0.5171070494483538,HIGH
2022-09-21,0.9990423287356452,0.000957717271465,0.0,0.5489869529773835,HIGH
2022-09-22,0.9999904637429392,9.552749490425547e-06,0.0,0.5817812691512176,HIGH
2022-09-23,0.9999824340989822,1.756595680610536e-05,0.0,0.6140979727687604,HIGH
2022-09-26,0.9999987117742586,1.2882572261812209e-06,0.0,0.6464284742716464,HIGH
2022-09-27,0.9989695180970324,0.0010304859600108,0.0,0.6458242546720446,HIGH
2022-09-28,0.9999336829034432,6.662729934566154e-05,0.0,0.6463902998960176,HIGH
2022-09-29,0.9999953017290903,4.698281605014571e-06,0.0,0.6464264724572075,HIGH
2022-09-30,0.9999892291496154,1.0770915125941771e-05,0.0,0.6464229076404737,HIGH
2022-10-03,0.990942606005706,0.0090575858173453,0.0,0.6411085608853234,HIGH
2022-10-04,0.9999999999691578,3.084219415450378e-11,0.0,0.6464292304863289,HIGH
2022-10-06,0.7511401426510025,0.2488598746414519,0.0,0.4978552123012302,HIGH
2022-10-07,0.2010305109751937,0.7989987771878367,0.0,0.008196169169654493,LOW
2022-10-10,0.999999999995848,8.304163535640992e-12,0.0,0.03232146152509985,MEDIUM
2022-10-11,0.999996231256454,3.7687435461589167e-06,0.0,0.0646427018122018,MEDIUM
2022-10-12,0.0488617547492646,0.951138257374188,0.0,0.0037094482669099375,LOW
2022-10-13,0.0155251676203091,1.1563698371187805,0.0,0.005480723410363986,LOW
2022-10-14,0.9999999980139446,5.822689798161309e-09,0.0,0.03232146146692758,MEDIUM
2022-10-17,0.9905610694894814,0.00943893180122,0.0,0.06408842707226672,MEDIUM
2022-10-18,0.0133325255737882,0.986677045665861,0.0,0.0026768041228738154,LOW
2022-10-19,0.1905664710561669,1.5530821175469376,0.0,0.01576901112699116,LOW
2022-10-20,0.9999613376825024,0.000113376173162,0.0,0.03232032671652068,MEDIUM
2022-10-21,0.0301522060708886,0.9705638327808632,0.0,0.003164928298584692,LOW
2022-10-24,0.9999999896196652,2.0758195431629533e-08,0.0,0.03232146122054108,MEDIUM
2022-10-25,0.986918742435433,0.0130812669204598,0.0,0.06387424402998834,MEDIUM
2022-10-27,0.633145294389252,0.3668699967552381,0.0,0.021305860109394288,LOW
2022-10-28,0.0053006344223096,1.083348350643042,0.0,0.00488835702310193,LOW
2022-10-31,0.9993242143429094,0.0014956165154555,0.0,0.03230162503318318,LOW
2022-11-01,0.9520078158420692,0.048637869802542,0.0,0.06181544334110717,MEDIUM
2022-11-02,0.0023219959982346,1.0040000597966967,0.0,0.0023579860912462426,LOW
2022-11-03,0.9999923062739576,1.546978363277155e-05,0.0,0.032321235701029814,MEDIUM
2022-11-04,0.8248166566940488,0.175201697877544,0.0,0.05423064140616599,MEDIUM
2022-11-07,0.7637042156646312,0.2612146787569234,0.0,0.07581867578703116,HIGH
2022-11-09,0.0106875210678454,1.02513309046677,0.0,0.0026001640540022344,LOW
2022-11-10,0.9999828695046092,3.601875992749317e-05,0.0,0.032320958715133956,MEDIUM
2022-11-11,0.9999999104132992,8.95867007164402e-08,0.0,0.06464291779139666,MEDIUM
2022-11-14,0.002040627132294,0.9979598776984469,0.0,0.002349846321181576,LOW
2022-11-15,0.0025688431677191,1.0796139997629062,0.0,0.004730254968027501,LOW
2022-11-16,0.4650023034948738,1.1392017817502404,0.0,0.0485165924579324,MEDIUM
2022-11-17,0.0020683526422955,2.4425409659141364,0.0,0.009402593523368748,LOW
2022-11-18,0.0025010464449485,3.49949451127514,0.0,0.011815830338183229,LOW
2022-11-21,0.0020111243534866,4.81848011103194,0.0,0.014093957109793097,LOW
2022-11-22,0.002056278883829,5.764739457831932,0.0,0.016452093725885738,LOW
2022-11-23,0.999998310889192,9.462381822447574e-06,0.0,0.03232141194691516,MEDIUM
2022-11-24,0.0073990737227846,0.9937460276912704,0.0,0.0025049258074445763,LOW
2022-11-25,0.0020172135806897,1.528007004849782,0.0,0.004698338006355979,LOW
2022-11-28,0.9630246726511424,0.0761775156349729,0.0,0.03123314160274418,LOW
2022-11-29,0.0883880514418388,1.0378241035068152,0.0,0.004865114356342121,LOW
2022-11-30,0.0026880460820004,2.265364435060243,0.0,0.004737152354710364,LOW
2022-12-01,0.017311065209046,3.1211185543823934,0.0,0.00837643725121267,LOW
2022-12-02,0.0093006656158196,4.090754871512071,0.0,0.010239969972202452,LOW
2022-12-05,0.0025962785761126,5.062593747878633,0.0,0.011829606098360968,LOW
2022-12-06,0.9999999965286078,2.0573709644903952e-08,0.0,0.0323214614233304,MEDIUM
2022-12-07,0.0020174008695199,0.9981307764029028,0.0,0.0023491744211452796,LOW
2022-12-08,0.0020601757019413,1.0326599318951095,0.0,0.0047008236663695635,LOW
2022-12-09,0.0369177444064776,2.006113486431862,0.0,0.010084931297359824,LOW
2022-12-12,0.9993474060108628,0.0021811432817422,0.0,0.03230230581746966,LOW
2022-12-13,0.0020376853960874,1.4431865770006365,0.0,0.0023497612211400066,LOW
2022-12-14,0.0020661539959855,5.012014090146923,0.0,0.0047011695539845135,LOW
2022-12-15,0.3162561520182798,4.795780735840244,0.0,0.03496295686987572,MEDIUM
2022-12-16,0.3626870247899057,2.640300540818319,0.0,0.052237817211225335,MEDIUM
2022-12-19,0.0027007585429419,4.813545790223945,0.0,0.011844719845592743,LOW
2022-12-20,0.1010049921120038,4.730308711780779,0.0,0.03141298974442319,LOW
2022-12-21,0.9999910525659632,3.933408013243233e-05,0.0,0.03232119890250247,MEDIUM
2022-12-22,0.1672936016456709,0.8339260423210791,0.0,0.007192911487183629,LOW
2022-12-23,0.9997696239217886,0.0004453422415757,0.0,0.03231469947310898,MEDIUM
2022-12-26,0.9746065151240468,0.0253951187363954,0.0,0.06314936896663949,MEDIUM
2022-12-27,0.993799257334381,0.0064660756571519,0.0,0.09641811914516944,HIGH
2022-12-28,0.0070044528845833,1.0009571670272417,0.0,0.002493500427101446,LOW
2022-12-29,0.9961981855468992,0.0076197866102562,0.0,0.032209839381542774,LOW
2022-12-30,0.9923371966803164,0.0077241790777987,0.0,0.06419282751385362,MEDIUM
2023-01-02,0.0037071344364077,1.0022300816093743,0.0,0.0023980624426306776,LOW
2023-01-03,0.0325042762221694,1.909235733653924,0.0,0.006466586284773811,LOW
2023-01-04,0.9975874964031252,0.0072249434703612,0.0,0.03225063736714028,LOW
2023-01-05,0.9659542449796032,0.0347383385102497,0.0,0.06263917668573245,MEDIUM
2023-01-06,0.0406809989672636,0.9617495124626824,0.0,0.0034711567197917154,LOW
2023-01-09,0.1058980759200837,1.753863094915311,0.0,0.010758662674764545,LOW
2023-01-10,0.8841072471828093,0.3244770404404793,0.0,0.02889091149681905,LOW
2023-01-11,0.0147049361481806,1.1950254305027448,0.0,0.0027165832136497137,LOW
2023-01-12,0.0046412762708194,2.09302011635348,0.0,0.004850190326056863,LOW
2023-01-13,0.0131984219717201,3.0244218967254097,0.0,0.008018752879613992,LOW
2023-01-16,0.983226351559926,0.0670151396411012,0.0,0.031828498514038205,LOW
2023-01-17,0.0131202637760349,1.1012430002403173,0.0,0.0026706525395869536,LOW
2023-01-18,0.0020467633915875,2.400833567904718,0.0,0.0047000476682867234,LOW
2023-01-19,0.0020193077597267,3.202709628405978,0.0,0.007047688753345452,LOW
2023-01-20,0.0022172543175983,4.538539011492992,0.0,0.00941982382775873,LOW
2023-01-23,0.0048055020205886,5.300869018731328,0.0,0.012149240221925242,LOW
2023-01-24,0.0026103859798896,6.027276833682441,0.0,0.014197976179837195,LOW
2023-01-25,0.0063516468775947,6.762872913235903,0.0,0.017322210288535273,LOW
2023-01-27,0.0564742525256691,7.792537604831846,0.0,0.03145172309117774,LOW
2023-01-30,0.0457047942516583,7.039498817755982,0.0,0.032557091592543795,MEDIUM
2023-01-31,0.960986868909529,0.3048771883579511,0.0,0.031172987563444422,LOW
2023-02-01,0.9996990410717592,0.0003397911248984,0.0,0.06462525532260187,MEDIUM
2023-02-02,0.8150123934384772,0.1851425620835506,0.0,0.08046157887869311,HIGH
2023-02-03,0.8594421287244597,0.1462052481404497,0.0,0.11261521839014332,HIGH
2023-02-06,0.005627379106656,1.148398296723422,0.0,0.0024536360158229995,LOW
2023-02-07,0.0328922833610158,2.0917877726018466,0.0,0.006489146731112812,LOW
2023-02-08,0.0054289082566801,2.515293919621806,0.0,0.0073436738713217355,LOW
2023-02-09,0.0402949016555838,2.581372274513976,0.0,0.013839672113995147,LOW
2023-02-10,0.015534728860852,2.9031254394002417,0.0,0.01370319451967849,LOW
2023-02-13,0.1899894637541247,2.974862451934824,0.0,0.047203994512251636,MEDIUM
2023-02-14,0.986590516883289,0.0394888065158725,0.0,0.031927468652853376,LOW
2023-02-15,0.3562078702655716,0.7772565862639946,0.0,0.012863042225710759,LOW
2023-02-16,0.9997288514570024,0.0005175284528814,0.0,0.0323135026854803,MEDIUM
2023-02-17,0.9992280277252988,0.0007720961633472,0.0,0.06459760295770685,MEDIUM
2023-02-20,0.5766097603769184,0.4235787974404684,0.0,0.019580232651356538,LOW
2023-02-21,0.0344428626717909,1.134231226633895,0.0,0.00657931825538822,LOW
2023-02-22,0.98351803311582,0.0385409292610108,0.0,0.03183708145386036,LOW
2023-02-23,0.1802265809881847,0.8614040547538275,0.0,0.0075769670118630205,LOW
2023-02-24,0.9997255914397836,0.0005464978764213,0.0,0.03231340699439528,MEDIUM
2023-02-27,0.3421960959375039,0.659267061763266,0.0,0.012438639239049924,LOW
2023-02-28,0.0609740696577665,1.1852471761308978,0.0,0.008125654557393319,LOW
2023-03-01,0.0051294789090736,1.9868647154224743,0.0,0.007317674036681372,LOW
2023-03-02,0.0020525037504193,2.9625513397923777,0.0,0.009400759577789018,LOW
2023-03-03,0.002514001768954,3.896818637785866,0.0,0.011817704372076417,LOW
2023-03-06,0.0020096866401409,4.134455663085193,0.0,0.014093707565542575,LOW
2023-03-08,0.9603996912531588,0.1343398510090155,0.0,0.0311556513087248,LOW
2023-03-09,0.9980860062870976,0.0019151549577438,0.0,0.06453054863611456,MEDIUM
2023-03-10,0.9630388041431656,0.0370731216152047,0.0,0.09370067606519202,HIGH
2023-03-13,0.2319744245247909,0.777131980282815,0.0,0.009120277831517434,LOW
2023-03-14,0.0034463332891595,1.3985975414995409,0.0,0.004781031932435217,LOW
2023-03-15,0.9860721152372172,0.030547818646349,0.0,0.03191222109562106,LOW
2023-03-16,0.0092671662870521,1.0154471519193604,0.0,0.0025590222655677295,LOW
2023-03-17,0.9879266380238434,0.0241570637152052,0.0,0.0319667620033327,LOW
2023-03-20,0.2266859387376082,0.7881408837937873,0.0,0.00896208736085522,LOW
2023-03-21,0.8989353001482074,0.1807083043022606,0.0,0.029332924896964124,LOW
2023-03-22,0.0027529319263146,1.132441082017624,0.0,0.0023704534362532395,LOW
2023-03-23,0.007836381307459,2.29499102133843,0.0,0.005035175888572475,LOW
2023-03-24,0.0022737273607904,3.538729707487599,0.0,0.007069769078215957,LOW
2023-03-27,0.0060296250877217,4.551373761244254,0.0,0.009861118268349699,LOW
2023-03-28,0.0021400757254093,5.003574046109221,0.0,0.01176361622327059,LOW
2023-03-29,0.0025196163109522,5.40083267141986,0.0,0.01418221984423047,LOW
2023-03-31,0.7961193030227225,1.4169589184671916,0.0,0.026251573053046054,LOW
2023-04-03,0.0032767387880878,3.306733991850645,0.0,0.002385608794198258,LOW
2023-04-05,0.6889317913165054,0.6923459395478879,0.0,0.046009993386029444,MEDIUM
2023-04-06,0.0020021739586955,2.8022207359599385,0.0,0.007046201794285405,LOW
2023-04-10,0.0020401334197188,6.179424591177397,0.0,0.009399328155240728,LOW
2023-04-11,0.0020247022793514,8.921716029374682,0.0,0.011746928197104342,LOW
2023-04-12,0.0020094006594662,10.030098349820932,0.0,0.014093657927815187,LOW
2023-04-13,0.0075076022365539,11.970974313678948,0.0,0.017556476985509717,LOW
2023-04-17,0.103629464176183,11.694884355266993,0.0,0.04250105495586986,MEDIUM
2023-04-18,0.0022400268623564,13.334512243241482,0.0,0.02120053277718904,LOW
2023-04-19,0.0020009308049251,15.036809986380286,0.0,0.023486979690639113,LOW
2023-04-20,0.0020401668162201,16.32632803803407,0.0,0.025848163054134506,LOW
2023-04-21,0.0020028071345397,17.046499555058578,0.0,0.028185026977824913,LOW
2023-04-24,0.0024213079811068,17.983130867780172,0.0,0.030691169526107287,LOW
2023-04-25,0.0020712960756153,18.871831552937145,0.0,0.03291026942565365,MEDIUM
2023-04-26,0.0020002073634739,18.607192552330627,0.0,0.035230155616695534,MEDIUM
2023-04-27,0.0020100150119483,18.843397881510327,0.0,0.0375833721629623,MEDIUM
2023-04-28,0.0020139775831042,17.45666425711955,0.0,0.03993428164619442,MEDIUM
2023-05-02,0.0020044681162679,17.304931985923076,0.0,0.04227840535677621,MEDIUM
2023-05-03,0.0020031897043938,17.728777195594237,0.0,0.04462650298998367,MEDIUM
2023-05-04,0.0024265356565642,19.392066573316075,0.0,0.047220208652869695,MEDIUM
2023-05-05,0.9999931509201906,0.000165244311414,0.0,0.03232126049287342,MEDIUM
2023-05-08,0.5617080163588128,0.4388168043859544,0.0,0.019125072659943433,LOW
2023-05-09,0.0021795349121596,1.0082109990550805,0.0,0.004707729525006458,LOW
2023-05-10,0.0072702772127231,1.9971428212027575,0.0,0.007503590119927811,LOW
2023-05-11,0.9939183700338942,0.0182392537738049,0.0,0.03214287248148556,LOW
2023-05-12,0.0046719097938743,1.1789344808658222,0.0,0.002425981722653541,LOW
2023-05-15,0.0044415164732111,2.9284830673509665,0.0,0.004838628113423452,LOW
2023-05-16,0.9891736220457548,0.0422357623300731,0.0,0.03200342681918366,LOW
2023-05-17,0.0020917560699893,1.0866686354387052,0.0,0.0023513254116125223,LOW
2023-05-18,0.999997493090348,5.0631137358923215e-06,0.0,0.03232138794310833,MEDIUM
2023-05-19,0.0071956812603205,0.9929455248296284,0.0,0.0024990369335958044,LOW
2023-05-22,0.8747368361245688,0.2499132698870024,0.0,0.028611149628073585,LOW
2023-05-23,0.0020697047123105,1.0172822944578352,0.0,0.0023506874944016496,LOW
2023-05-24,0.0142041400308785,2.0362379445166523,0.0,0.005404133395486312,LOW
2023-05-25,0.0021185147836406,3.3186039151116966,0.0,0.007056298528826843,LOW
2023-05-26,0.0211591015266782,4.091402613773668,0.0,0.011615098235054883,LOW
2023-05-29,0.2883454853965866,3.422876947722284,0.0,0.054062936206280526,MEDIUM
2023-05-30,0.0020029051174929,4.856809936850613,0.0,0.014092530495816264,LOW
2023-05-31,0.0022075255907284,6.353062373607862,0.0,0.016482721580096952,LOW
2023-06-01,0.008758036224556,6.582877552510497,0.0,0.020354217497448243,LOW
2023-06-02,0.0021925436253658,7.348538225163302,0.0,0.02118816984757946,LOW
2023-06-05,0.0020555848429485,7.094667097448121,0.0,0.023502790260754514,LOW
2023-06-06,0.0020004710081099,8.623873122483026,0.0,0.025835531347020955,LOW
2023-06-07,0.0020001343941114,10.4816339225032,0.0,0.028184099162779107,LOW
2023-06-08,0.0020025672883857,11.622741357224342,0.0,0.0305336890274222,LOW
2023-06-09,0.0020012388643375,12.648309867876858,0.0,0.03288189632991313,MEDIUM
2023-06-12,0.0020003144002794,13.817247248289217,0.0,0.035230202062628876,MEDIUM
2023-06-13,0.227747064265698,11.505468848171525,0.0,0.14390111555402077,HIGH
2023-06-14,0.0020016604333471,15.67537104458022,0.0,0.03992822429193199,MEDIUM
2023-06-15,0.0020268436152839,16.91768488871337,0.0,0.0422900565289406,MEDIUM
2023-06-16,0.0020351073420822,17.917014933433617,0.0,0.044644046196398106,MEDIUM
2023-06-19,0.0020203451331934,18.8238899524981,0.0,0.04698519188042895,MEDIUM
2023-06-20,0.002409731032705,19.50859515427484,0.0,0.047210485398878496,MEDIUM
2023-06-21,0.0020094250034214,20.56482485555015,0.0,0.04697887384400217,MEDIUM
2023-06-22,0.3383886558046342,14.032143151621726,0.0,0.24646805776655795,HIGH
2023-06-23,0.0020002683281438,21.898224557367413,0.0,0.046973576094376954,MEDIUM
2023-06-26,0.0020001840530661,22.80084515710649,0.0,0.04697352733563953,MEDIUM
2023-06-27,0.0020006581155605,23.231391437144158,0.0,0.046973801612330196,MEDIUM
2023-06-28,0.0020313008342982,22.71486498200556,0.0,0.04699153050857375,MEDIUM
2023-06-30,0.5871671382505058,8.78374627044619,0.0,0.3980529223660495,HIGH
2023-07-03,0.0020051952207826,20.343798847225248,0.0,0.04697642663060898,MEDIUM
2023-07-04,0.05802971122974,18.18623120642291,0.0,0.07953725846825924,HIGH
2023-07-05,0.0020032745141036,22.244195333581068,0.0,0.04697531537332764,MEDIUM
2023-07-06,0.0036618352572044,22.16201906793171,0.0,0.04793503307989511,MEDIUM
2023-07-07,0.0059693959200009,22.25070791203241,0.0,0.04927072208628864,MEDIUM
2023-07-10,0.0040820184773473,23.856672211930565,0.0,0.048178211077497896,MEDIUM
2023-07-11,0.0030110547030638,26.09099003718625,0.0,0.047558431354470666,MEDIUM
2023-07-12,0.0043712536780968,23.347907898632453,0.0,0.04834561351493814,MEDIUM
2023-07-13,0.0023879746612903,22.14367188292534,0.0,0.04719789707419641,MEDIUM
2023-07-14,0.0020002971511684,21.07934374035649,0.0,0.0469735927704138,MEDIUM
2023-07-17,0.0020016040559036,20.954365864837687,0.0,0.046974348901811895,MEDIUM
2023-07-18,0.0020376451755822,21.88302063129378,0.0,0.04699520115242107,MEDIUM
2023-07-19,0.0020002168587914,22.306049725805465,0.0,0.04697354631593338,MEDIUM
2023-07-20,0.0020053580272678,22.501384216059485,0.0,0.04697652082506606,MEDIUM
2023-07-21,0.9848859740531568,0.3584893963269627,0.0,0.03187732908534285,LOW
2023-07-24,0.0020021729911845,21.50336347621045,0.0,0.0023487339034399864,LOW
2023-07-25,0.002391004279274,25.83290198149789,0.0,0.004719965002076954,LOW
2023-07-26,0.0020002950518862,26.95111282866128,0.0,0.007046038733375911,LOW
2023-07-27,0.002755625075697,27.718577434102517,0.0,0.009482125416472163,LOW
2023-07-28,0.0020140669710941,28.80924773450055,0.0,0.011745389884016397,LOW
2023-07-31,0.0020033639420298,29.7413821402414,0.0,0.014092610134006998,LOW
2023-08-01,0.0020003632099891,30.786696044043417,0.0,0.01644077084644248,LOW
2023-08-02,0.0061772156868593,31.668302739507407,0.0,0.01975641573198283,LOW
2023-08-03,0.0039514454633214,32.30847415650987,0.0,0.02164618849976857,LOW
2023-08-04,0.0020058110384106,33.70267320208106,0.0,0.023488391461184838,LOW
2023-08-07,0.0020025372886136,34.60057797428529,0.0,0.025836188861540307,LOW
2023-08-08,0.0041718407892039,35.36511208009045,0.0,0.028938118348038572,LOW
2023-08-09,0.0100485528604042,36.26610085353176,0.0,0.033561510078972276,MEDIUM
2023-08-10,0.0020374483376153,36.854772380298094,0.0,0.03289656108751178,MEDIUM
2023-08-11,0.6948223355836239,11.305978821617682,0.0,0.3477616039835739,HIGH
2023-08-14,0.0135087152494155,33.52611995623664,0.0,0.04291056730447032,MEDIUM
2023-08-16,0.0063262889631306,34.02943299576797,0.0,0.04205574562887804,MEDIUM
2023-08-17,0.0022835686270554,33.22837872006872,0.0,0.04242373914591598,MEDIUM
2023-08-18,0.0023218010959957,31.418826717306125,0.0,0.04480162860235645,MEDIUM
2023-08-21,0.0677314176877955,23.531024465297502,0.0,0.08520534376088804,HIGH
2023-08-22,0.0020004329573643,22.954700429604134,0.0,0.04697367134333209,MEDIUM
2023-08-23,0.0021217021673179,19.49950115864073,0.0,0.04704383434161364,MEDIUM
2023-08-24,0.9481866388785366,0.6265848705792332,0.0,0.0307947290364968,LOW
2023-08-25,0.0076194527828819,2.784516716052156,0.0,0.002511306718179779,LOW
2023-08-28,0.0024333564280935,7.599109383338862,0.0,0.004722415519889595,LOW
2023-08-29,0.8439347980805252,1.3137496842278829,0.0,0.027689230393637455,LOW
2023-08-30,0.2267951669587299,2.078713894815538,0.0,0.00896535357658685,LOW
2023-08-31,0.002646873756608,7.077498551093214,0.0,0.0047347700031221684,LOW
2023-09-01,0.0106400278625257,8.189491744391491,0.0,0.007796364658775534,LOW
2023-09-04,0.0020662684306539,11.263839075054806,0.0,0.00940235234972457,LOW
2023-09-05,0.0020001009112399,14.633664148956846,0.0,0.011743369808141037,LOW
2023-09-06,0.0021215143082301,16.739224303116412,0.0,0.014113117695146832,LOW
2023-09-07,0.0021349574887075,18.896811462446816,0.0,0.01646802625529644,LOW
2023-09-08,0.0020179900898825,19.768480680984133,0.0,0.018793531730817103,LOW
2023-09-11,0.0020506978655863,20.382036245242976,0.0,0.021151238875076143,LOW
2023-09-12,0.9978753803690048,0.0466232273650056,0.0,0.03225909018072002,LOW
2023-09-13,0.0020337983090621,5.1008396042067,0.0,0.00234964877357152,LOW
2023-09-14,0.0025300635855092,21.98670593587489,0.0,0.004728011110679944,LOW
2023-09-15,0.0020009669956929,22.79480864585391,0.0,0.007046097048007026,LOW
2023-09-18,0.003789333884967,23.17983404974487,0.0,0.009601764046266776,LOW
2023-09-20,0.997262914053427,0.072012008441669,0.0,0.03224110657540193,LOW
2023-09-21,0.0021580417746476,2.9709669463524966,0.0,0.0023532429849654167,LOW
2023-09-22,0.0021562481462522,21.789031422154785,0.0,0.004706382193948106,LOW
2023-09-25,0.0020606853546837,26.83383370459761,0.0,0.007051279730188977,LOW
2023-09-26,0.0020034257535643,25.18904527767621,0.0,0.009395080575091756,LOW
2023-09-27,0.0111896734609842,27.412109977812143,0.0,0.013073557973021357,LOW
2023-09-28,0.9999999210303026,2.446399227208064e-06,0.0,0.0323214592073256,MEDIUM
2023-09-29,0.0549934844787722,0.9463853115775156,0.0,0.0038882581165801643,LOW
2023-10-03,0.0023089716990351,1.0150759235313729,0.0,0.004715218601488418,LOW
2023-10-04,0.1212294116539958,1.7652693046051378,0.0,0.01749205169054626,LOW
2023-10-05,0.9998059468305128,0.0004793252746127,0.0,0.032315765647354826,MEDIUM
2023-10-06,0.0038030823927174,1.0106511651000811,0.0,0.002400838849134247,LOW
2023-10-09,0.99995392423741,9.2157150801976e-05,0.0,0.03232010911777999,MEDIUM
2023-10-10,0.0046169165987382,0.9957220288227744,0.0,0.0024243901770187207,LOW
2023-10-11,0.3441164896518442,1.292576030346661,0.0,0.024993552921293145,LOW
2023-10-12,0.0091552153934812,1.0890446239176768,0.0,0.007667339746423075,LOW
2023-10-13,0.988738171424732,0.0229506786194579,0.0,0.031990624137976445,LOW
2023-10-16,0.0021076383176931,1.2447531078166405,0.0,0.002351784865882339,LOW
2023-10-17,0.9999999880310012,2.526150336708836e-08,0.0,0.03232146117391107,MEDIUM
2023-10-18,0.99997957249041,2.0427509590133152e-05,0.0,0.06464172388366607,MEDIUM
2023-10-19,0.9984042605646204,0.0015957464217867,0.0,0.09682385438777044,HIGH
2023-10-20,0.0405555163083996,0.9596735269671516,0.0,0.003467504039138973,LOW
2023-10-23,0.999789361879684,0.0004209125190315,0.0,0.032315278835548925,MEDIUM
2023-10-25,0.3070653578811196,0.6936308855548872,0.0,0.011376882974857656,LOW
2023-10-26,0.9956647697197544,0.0086200845952301,0.0,0.03219417299862001,LOW
2023-10-27,0.6083376569711343,0.398813277738373,0.0,0.02054897555119807,LOW
2023-10-30,0.2476102757356414,0.7695603643319417,0.0,0.019177153210272226,LOW
2023-10-31,0.9999995022394396,9.748783192816446e-07,0.0,0.03232144691509472,MEDIUM
2023-11-01,0.0020432533680688,0.9985659672247944,0.0,0.002349922294300578,LOW
2023-11-02,0.9999168561353738,0.0001663115545421,0.0,0.03231902109465124,MEDIUM
2023-11-03,0.9999911033310992,8.898716158767746e-06,0.0,0.06464240078509667,MEDIUM
2023-11-06,0.999994122204188,5.877871348395132e-06,0.0,0.09696386700525857,HIGH
2023-11-07,0.1852506114401921,0.8147535515017134,0.0,0.00772634283290538,LOW
2023-11-08,0.478291986016874,0.601599000792246,0.0,0.03315530603703906,MEDIUM
2023-11-09,0.00308277192678,1.5951009835787548,0.0,0.007139989741155598,LOW
2023-11-10,0.004061280254149,2.7845750009920054,0.0,0.00963324171819632,LOW
2023-11-13,0.9995886759517816,0.0014933273565469,0.0,0.03230938807948016,MEDIUM
2023-11-15,0.9999842735815442,1.5727044191120778e-05,0.0,0.06464199985460867,MEDIUM
2023-11-16,0.0125239842089622,0.9874934000365776,0.0,0.002653372825386885,LOW
2023-11-17,0.0043123173946141,1.5205802236017156,0.0,0.004831150196053319,LOW
2023-11-20,0.0020093320097459,1.968517225394444,0.0,0.007046823006134385,LOW
2023-11-21,0.0044562993243702,2.635966023860887,0.0,0.009678967481059448,LOW
2023-11-22,0.0024705598975433,3.3083158771754286,0.0,0.011811420365795857,LOW
2023-11-23,0.0021563765664622,3.240892230887254,0.0,0.014119168872300447,LOW
2023-11-24,0.0021585861663174,3.9326967155724777,0.0,0.01647281113597062,LOW
2023-11-28,0.0105114203997994,4.863053505476066,0.0,0.020760501064512202,LOW
2023-11-29,0.9964719643912286,0.0190912252218195,0.0,0.032217879751952415,LOW
2023-11-30,0.3773768898159833,0.6379600245328698,0.0,0.013505134800707428,LOW
2023-12-01,0.002602108289695,1.1750616924563395,0.0,0.004732179759934557,LOW
2023-12-04,0.9999999998494448,3.9007996311050727e-10,0.0,0.03232146152080267,MEDIUM
2023-12-05,0.9786820212137192,0.0213179808271517,0.0,0.06338945973410302,MEDIUM
2023-12-06,0.3308606030654477,0.669144559862007,0.0,0.012095671896373748,LOW
2023-12-07,0.00940806178371,1.344944847803356,0.0,0.005126206000593266,LOW
2023-12-08,0.0032159109444231,2.069285833772967,0.0,0.007151546368885263,LOW
2023-12-11,0.0024390997905499,2.932054133065748,0.0,0.009445495670381741,LOW
2023-12-12,0.9460663573730248,0.2159415182305687,0.0,0.03073200530500654,LOW
2023-12-13,0.9924963399237836,0.0081602703194925,0.0,0.06420218055453032,MEDIUM
2023-12-14,0.9999819666961124,1.813802357074893e-05,0.0,0.09696279664825344,HIGH
2023-12-15,0.770081643127071,0.2299694346702987,0.0,0.10186271718479137,HIGH
2023-12-18,0.0054332378032198,1.005990360662685,0.0,0.002448016606896049,LOW
2023-12-19,0.4947526954558901,1.009802378852967,0.0,0.03416015522464534,MEDIUM
2023-12-20,0.9999812123754004,4.633194282244783e-05,0.0,0.03232091007541516,MEDIUM
2023-12-21,1.0,0.0,0.0,0.06464292305044343,MEDIUM
2023-12-22,0.9938754303263624,0.0061245696736377,0.0,0.09642483286651857,HIGH
2023-12-26,0.1486330386028348,0.851367098274287,0.0,0.00663998908009454,LOW
2023-12-27,0.9360990483094122,0.1223591911860792,0.0,0.03043689074996845,LOW
2023-12-28,0.2082779952235411,0.820168700004515,0.0,0.008412280944461321,LOW
2023-12-29,0.0173291181975895,1.538501037477845,0.0,0.00558533858563436,LOW
2024-01-02,0.959373892314436,0.1023500944167479,0.0,0.03112536131937134,LOW
2024-01-03,0.975266248443492,0.0429155149583044,0.0,0.06318824417531477,MEDIUM
2024-01-04,0.7598185505228611,0.2498218486608745,0.0,0.07546612428293513,HIGH
2024-01-05,0.0989647337240827,1.0317570854198308,0.0,0.005175556025131345,LOW
2024-01-08,0.9998550922448116,0.0002998937802905,0.0,0.03231720818692279,MEDIUM
2024-01-09,0.999432789576125,0.0005672857733433,0.0,0.06460962441004069,MEDIUM
2024-01-10,0.0934042445422194,0.9067952099552796,0.0,0.005012284699037498,LOW
2024-01-11,0.8923780973330481,0.2097302873621328,0.0,0.029137565104474503,LOW
2024-01-12,0.2260195769816718,0.9021928431175108,0.0,0.008942162322485242,LOW
2024-01-15,0.997756897186945,0.0045776652745691,0.0,0.03225561133701651,LOW
2024-01-16,0.0036237791433783,1.0233624699375528,0.0,0.0023956504600177383,LOW
2024-01-17,0.9999999986278564,2.7508252685860046e-09,0.0,0.03232146148494695,MEDIUM
2024-01-18,0.9997305377871872,0.0002694622153636,0.0,0.0646271043684157,MEDIUM
2024-01-19,0.9999999999446264,5.537349129533341e-11,0.0,0.09696438457078922,HIGH
2024-01-23,0.9999998965651542,1.0343484581931757e-07,0.0,0.12928583395692603,HIGH
2024-01-24,0.999963028702404,3.697129759604252e-05,0.0,0.16160188175571363,HIGH
2024-01-25,0.8624717847068348,0.1375287427054107,0.0,0.16946679965738756,HIGH
2024-01-29,0.9997501079466444,0.000335589473386,0.0,0.22619888637322236,HIGH
2024-01-30,0.9993931170454642,0.0006070184782076,0.0,0.25842918115030084,HIGH
2024-01-31,0.8487418490669969,0.1513006053704333,0.0,0.25050000387706767,HIGH
2024-02-01,0.4768853371520853,0.6308953173530165,0.0,0.016534729191860054,LOW
2024-02-02,0.995373112863335,0.0070517713986234,0.0,0.03218560652109472,LOW
2024-02-05,0.3303173818428087,0.6745315314572894,0.0,0.012079244861044848,LOW
2024-02-06,0.0205955316333707,1.2564044567959076,0.0,0.005774842920093802,LOW
2024-02-07,0.9823004841469676,0.04144762203011,0.0,0.03180125171027735,LOW
2024-02-08,0.9996939116677788,0.000309255722218,0.0,0.06462495419502866,MEDIUM
2024-02-09,0.0022623243002498,0.9990399491060372,0.0,0.0023562598069115487,LOW
2024-02-12,0.7189152486928999,0.5628837594344698,0.0,0.047831909563949476,MEDIUM
2024-02-13,0.0145522271155342,1.0116957530580202,0.0,0.00813646959254612,LOW
2024-02-14,0.99960185534745,0.0008225016177798,0.0,0.03230977494126604,MEDIUM
2024-02-15,0.5506835065201059,0.4516234550206573,0.0,0.018788307710385685,LOW
2024-02-16,0.9421774982239854,0.0665079491650342,0.0,0.03061691275644901,LOW
2024-02-19,0.0022008710545735,1.2650232888837092,0.0,0.0023544820004628535,LOW
2024-02-20,0.0020221574684019,2.6243081459398057,0.0,0.004698624044047094,LOW
2024-02-21,0.7485441129020574,0.960685218009986,0.0,0.02481416462273346,LOW
2024-02-22,0.0077452520053786,1.3795823018919982,0.0,0.0025149492429014627,LOW
2024-02-23,0.1113354073382668,1.9238840467317069,0.0,0.011078574350165354,LOW
2024-02-26,0.0020035441137805,3.5175111711182936,0.0,0.007046320703212811,LOW
2024-02-27,0.0050923810794282,5.8298462959953055,0.0,0.009752603830171512,LOW
2024-02-28,0.978709641628353,0.1386829194001822,0.0,0.03169554318676954,LOW
2024-02-29,0.0024451815363885,1.524552340068684,0.0,0.002361549864974782,LOW
2024-03-01,0.9998903422064588,0.0002325637468561,0.0,0.03231824285388935,MEDIUM
2024-03-04,0.0073416444340951,0.9948416963284176,0.0,0.002503263022888872,LOW
2024-03-05,0.0061667399946398,1.3658630190264325,0.0,0.004938497433121381,LOW
2024-03-06,0.0233411013358604,2.163554000571172,0.0,0.008901310900812621,LOW
2024-03-07,0.4789958631060276,1.6080124113618772,0.0,0.06639652995498874,MEDIUM
2024-03-11,0.9879851469921842,0.0207785057340289,0.0,0.03196848248482881,LOW
2024-03-12,0.0044757380219845,1.0711696751676238,0.0,0.0024203044248997485,LOW
2024-03-13,0.9999578988369706,8.733842118545095e-05,0.0,0.03232022577988182,MEDIUM
2024-03-14,0.7424298784375493,0.2575793657581146,0.0,0.04925797011653397,MEDIUM
2024-03-15,0.0021308502671253,1.0032389173786698,0.0,0.0023524563617192814,LOW
2024-03-18,0.0093166980021669,1.977816987897292,0.0,0.005120913668850342,LOW
2024-03-19,0.0176766993800784,2.8569185810393978,0.0,0.008408248666821978,LOW
2024-03-20,0.0435989638325762,3.6182028546098417,0.0,0.01422446601753346,LOW
2024-03-21,0.1989856092565352,3.405145890113346,0.0,0.04067614732756371,MEDIUM
2024-03-22,0.999510517585072,0.0025189896771853,0.0,0.032307093839522176,LOW
2024-03-26,0.9999971042604044,2.897778470376902e-06,0.0,0.06464275306055534,MEDIUM
2024-03-27,0.0022874146222092,0.9977412262121432,0.0,0.002356985660361427,LOW
2024-03-28,0.2249022648645102,1.5053009871567125,0.0,0.01781751403034675,LOW
2024-04-01,0.0530864890088507,1.4507437397165437,0.0,0.01149788658107251,LOW
2024-04-02,0.0020908192784718,2.7212482263141906,0.0,0.009405193245603701,LOW
2024-04-03,0.0180140692438544,3.785553530416763,0.0,0.014062671098741224,LOW
2024-04-04,0.999991314507508,3.5394120812680315e-05,0.0,0.03232120659094656,MEDIUM
2024-04-05,0.0233654995335344,0.9776774287075064,0.0,0.0029678118784396464,LOW
2024-04-08,0.0586174530457658,1.293600456446476,0.0,0.007988039246340303,LOW
2024-04-09,0.9999998355265834,4.6221040134807763e-07,0.0,0.032321456697644704,MEDIUM
2024-04-10,0.8663140402342521,0.1336861970665275,0.0,0.05671879403409692,MEDIUM
2024-04-12,0.78032354546497,0.2201235892910543,0.0,0.07732514369853621,HIGH
2024-04-15,0.999999999998573,1.426920595639529e-12,0.0,0.12928584610071933,HIGH
2024-04-16,0.999978425281952,2.15747180480854e-05,0.0,0.16160414134594275,HIGH
2024-04-18,0.9690976676153789,0.0309023487233623,0.0,0.18847382426380951,HIGH
2024-04-19,0.9999997246579516,2.884277651072662e-07,0.0,0.22625017410422024,HIGH
2024-04-22,0.9999999686473804,3.13526194564396e-08,0.0,0.2585716848397483,HIGH
2024-04-23,0.9999999995648696,4.3513037578984224e-10,0.0,0.29089315361204904,HIGH
2024-04-24,0.7829296590533701,0.2170703415373405,0.0,0.25853720172382094,HIGH
2024-04-25,0.9999875060161248,1.264754959038934e-05,0.0,0.35553204285510503,HIGH
2024-04-26,0.9999952825947784,4.717410466419865e-06,0.0,0.387855876734821,HIGH
2024-04-29,0.9965138299488578,0.0034861824897147,0.0,0.4188484200577305,HIGH
2024-04-30,0.4347004274165991,0.5656706417980581,0.0,0.015248495558056623,LOW
2024-05-02,0.1844348089735133,1.099414677254086,0.0,0.015404160542265434,LOW
2024-05-03,0.9999986868354674,2.9662700233351537e-06,0.0,0.03232142298158587,MEDIUM
2024-05-06,0.9949243534768294,0.0050757673226251,0.0,0.06434484984527238,MEDIUM
2024-05-07,0.2688012214623508,0.7315509872327249,0.0,0.010224626595123257,LOW
2024-05-08,0.8904660970767009,0.2020719848728653,0.0,0.029080568916304846,LOW
2024-05-09,0.9999993491592408,8.32639420863877e-07,0.0,0.06464288484385572,MEDIUM
2024-05-10,0.0147439972370471,0.9854673443814644,0.0,0.0027177155221386026,LOW
2024-05-13,0.8448436734812077,0.2748900260250208,0.0,0.02771648247071963,LOW
2024-05-14,0.0270013566035492,1.0665883634033566,0.0,0.0030733867290606218,LOW
2024-05-15,0.0032512258669636,2.2726652420019327,0.0,0.004769741192585807,LOW
2024-05-16,0.9876677539207722,0.0372539726404852,0.0,0.03195914922219539,LOW
2024-05-17,0.0082571313210166,1.220765257948872,0.0,0.0025297715093976336,LOW
2024-05-21,0.0055448143138331,3.455129634326491,0.0,0.004902492321886498,LOW
2024-05-22,0.0891446944632,4.641823571386119,0.0,0.014661918895907212,LOW
2024-05-23,0.9986030960896396,0.0067370303642574,0.0,0.032280455626142686,LOW
2024-05-24,0.0030280605251564,1.342103333642972,0.0,0.00237841359930607,LOW
2024-05-27,0.0647441764534335,3.4895415292762264,0.0,0.008345917065342314,LOW
2024-05-28,0.9869138191616356,0.0448159032718672,0.0,0.03193697722130847,LOW
2024-05-29,0.0324600347701088,1.0717885096659725,0.0,0.003232006990372962,LOW
2024-05-30,0.0052287767125149,2.555243376988352,0.0,0.004884197368107013,LOW
2024-05-31,0.1648257881480759,3.017983966980104,0.0,0.02135911697901468,LOW
2024-06-03,1.0,0.0,0.0,0.032321461525221716,MEDIUM
2024-06-04,0.9999999999975968,2.4032997814060764e-12,0.0,0.06464292305030236,MEDIUM
2024-06-05,0.9999999999870666,1.293354312537076e-11,0.0,0.09696438457452629,HIGH
2024-06-06,1.0,0.0,0.0,0.12928584610088686,HIGH
2024-06-07,1.0,0.0,0.0,0.1616073076261086,HIGH
2024-06-10,0.9999999914071394,8.592860645251221e-09,0.0,0.19392876763803907,HIGH
2024-06-11,0.9999983026449544,1.697355045565904e-06,0.0,0.22624988193452802,HIGH
2024-06-12,0.9999995670766396,4.329233602447777e-07,0.0,0.25857159054542334,HIGH
2024-06-13,1.0,0.0,0.0,0.2908931537269955,HIGH
2024-06-14,0.9999991081533892,8.918466107843415e-07,0.0,0.323214353479918,HIGH
2024-06-18,0.9999999804021468,1.959785306797083e-08,0.0,0.3555360704499021,HIGH
2024-06-19,0.99999991651268,8.348732011033134e-08,0.0,0.38785750889670745,HIGH
2024-06-20,0.99999995577515,4.42248501352693e-08,0.0,0.4201789829529044,HIGH
2024-06-21,0.9999999837412926,1.6258707416679733e-08,0.0,0.4525004546720106,HIGH
2024-06-24,0.9999999987705044,1.229495671690501e-09,0.0,0.4848219223370087,HIGH
2024-06-25,0.9999822381988136,1.7761801186392605e-05,0.0,0.5171350429628218,HIGH
2024-06-26,0.9999954004805156,4.599534231528408e-06,0.0,0.5494625508635652,HIGH
2024-06-27,0.999992693592169,7.306424925175287e-06,0.0,0.5817824472509434,HIGH
2024-06-28,0.999997993037778,2.0069774146395154e-06,0.0,0.6141066497311357,HIGH
2024-07-01,0.9999748496749616,2.5150366433368045e-05,0.0,0.6464144663722862,HIGH
2024-07-02,0.9999999999030076,9.699227098261263e-11,0.0,0.6464292304474965,HIGH
2024-07-03,1.0,0.0,0.0,0.6464292305044343,HIGH
2024-07-04,0.9999029228745024,9.707712549755776e-05,0.0,0.6463722424782177,HIGH
2024-07-05,0.0026049102376185,0.9973951630411546,0.0,0.002366170943588822,LOW
2024-07-08,0.0020023938508735,1.7048480715046168,0.0,0.004697480585086154,LOW
2024-07-09,0.0020002324273132,1.964606640179688,0.0,0.007046033298503801,LOW
2024-07-10,0.0402789434945677,2.877558328606734,0.0,0.013837814104750596,LOW
2024-07-11,0.4091837852445639,2.277579014345064,0.0,0.07235858472377073,HIGH
2024-07-12,0.0091362880992351,3.817373804080119,0.0,0.015331390465278568,LOW
2024-07-15,0.0020410337281728,5.506382133569302,0.0,0.016449006583780512,LOW
2024-07-16,0.0020572459555566,6.214572115512448,0.0,0.018802616637768596,LOW
2024-07-18,0.9906809489724312,0.0666774991961499,0.0,0.032047737225191525,LOW
2024-07-19,0.9999992959419232,7.059862292526219e-07,0.0,0.06464288171981625,MEDIUM
2024-07-22,0.1435095956877342,0.8565237416743476,0.0,0.006488434917808327,LOW
2024-07-23,0.9999928790805542,1.3289564989147058e-05,0.0,0.0323212525139052,MEDIUM
2024-07-24,0.7139548547327215,0.2860519076167375,0.0,0.023765378336479157,LOW
2024-07-25,0.9999999988865338,1.9617277059603997e-09,0.0,0.03232146149253958,MEDIUM
2024-07-26,0.9999435493663784,5.645063362143704e-05,0.0,0.06463960919026181,MEDIUM
2024-07-29,0.9974508713409188,0.0025491298162419,0.0,0.0967398770073603,HIGH
2024-07-30,0.691350548756851,0.3088432088731918,0.0,0.023078550423365804,LOW
2024-07-31,0.7117079091047336,0.3132641186625047,0.0,0.04739430577535597,MEDIUM
2024-08-01,0.6753531809093685,0.4149944610941014,0.0,0.0677756282315203,MEDIUM
2024-08-02,0.9999999973519154,3.968000210817505e-09,0.0,0.03232146144749589,MEDIUM
2024-08-05,1.0,0.0,0.0,0.06464292305044343,MEDIUM
2024-08-06,0.9999999689690507,3.103094925460681e-08,0.0,0.09696438184323034,HIGH
2024-08-07,1.0,0.0,0.0,0.12928584610088686,HIGH
2024-08-08,0.9982466034644104,0.0017533965355897,0.0,0.1613499472002149,HIGH
2024-08-09,1.0,0.0,0.0,0.1939287691513303,HIGH
2024-08-12,0.9999999362058763,6.379412365031811e-08,0.0,0.2262502175692831,HIGH
2024-08-13,0.9999206566834028,7.934331659705745e-05,0.0,0.25855306118912547,HIGH
2024-08-14,0.9612963712242888,0.0387037880160194,0.0,0.28063912440251465,HIGH
2024-08-16,0.9999960144434644,5.506610146941385e-06,0.0,0.3232134454226391,HIGH
2024-08-19,0.9999983928320444,1.6072001970222166e-06,0.0,0.3555355578728698,HIGH
2024-08-20,0.9998466347397872,0.0001533653028872,0.0,0.3878035192678234,HIGH
2024-08-21,0.9999591867336728,4.0819540538349205e-05,0.0,0.4201634265672871,HIGH
2024-08-22,0.9999999968616308,3.138369231684678e-09,0.0,0.4525004600634727,HIGH
2024-08-23,0.99611915775037,0.0038808429537382,0.0,0.4831127763194414,HIGH
2024-08-26,0.9935277209526026,0.0064724287623351,0.0,0.5141023247428452,HIGH
2024-08-27,0.987112584954675,0.013050437933945,0.0,0.5430279883839655,HIGH
2024-08-28,0.9989850140488754,0.0010211582062149,0.0,0.58125001747319,HIGH
2024-08-29,0.998818966577458,0.0011820003613084,0.0,0.6134490678012918,HIGH
2024-08-30,1.0,0.0,0.0,0.6464292305044343,HIGH
2024-09-02,0.9999999999963688,3.631317468943962e-12,0.0,0.6464292305023027,HIGH
2024-09-03,0.9995076623650638,0.0004923376349361,0.0,0.6461402005526663,HIGH
2024-09-04,1.0,0.0,0.0,0.6464292305044343,HIGH
2024-09-05,0.4779062558732123,0.5220937441267877,0.0,0.01656588229603137,LOW
2024-09-06,0.9992442668429944,0.0007585376012092,0.0,0.03229927818041533,LOW
2024-09-09,0.999855236384112,0.0001447748097717,0.0,0.06463442483550429,MEDIUM
2024-09-10,0.1325696657771632,0.8677006045112139,0.0,0.006165200952567209,LOW
2024-09-11,0.00363193819652,1.1015721947627728,0.0,0.00479177310058279,LOW
2024-09-12,0.9315711177598404,0.1377805725664586,0.0,0.030302689164305875,LOW
2024-09-13,0.1384301970653907,1.8693301463697471,0.0,0.006338293925926325,LOW
2024-09-16,0.0020961505516978,2.8785625699616437,0.0,0.00470290507709821,LOW
2024-09-17,0.0044656451173684,2.9612703955879014,0.0,0.007260037010039111,LOW
2024-09-18,0.0337630917749478,3.715761806905328,0.0,0.013079568961023524,LOW
2024-09-19,0.8183622931740613,0.9069403975415472,0.0,0.02692128671180808,LOW
2024-09-20,0.9337214052763284,0.1082080101807418,0.0,0.060732862712711916,MEDIUM
2024-09-23,0.0048083972316957,1.6678193493205085,0.0,0.002429931836250152,LOW
2024-09-24,0.0586438066602534,4.11416382540274,0.0,0.007989577891064489,LOW
2024-09-25,0.0895182313654565,5.085786823338029,0.0,0.014694788669405587,LOW
2024-09-26,0.9742838192269406,0.1829492545711098,0.0,0.03156517625804411,LOW
2024-09-27,0.0221560462563575,1.293677310941958,0.0,0.002932706529831266,LOW
2024-09-30,0.9945397843334208,0.0115483275230723,0.0,0.03216112809593081,LOW
2024-10-01,0.1944544023383268,0.8235407218175642,0.0,0.008000254308609586,LOW
2024-10-03,0.9999999997761232,4.4740408985411884e-10,0.0,0.032321461518650556,MEDIUM
2024-10-04,0.999999089655092,9.103449080339508e-07,0.0,0.06464286961006992,MEDIUM
2024-10-07,0.9999902398523022,9.760147697844169e-06,0.0,0.09696352514378426,HIGH
2024-10-08,0.9999999732010906,2.6798909374960963e-08,0.0,0.129285842954511,HIGH
2024-10-09,0.9999113987107284,8.860132087578295e-05,0.0,0.16159430453886847,HIGH
2024-10-10,0.9999986181164638,1.3831526232274177e-06,0.0,0.1939285257873888,HIGH
2024-10-11,0.9008004411198264,0.099199877124061,0.0,0.20571923707567574,HIGH
2024-10-14,0.9316928222012124,0.0685537390003251,0.0,0.24245037945054593,HIGH
2024-10-15,0.9848486348707997,0.0161458149268844,0.0,0.2868860753976874,HIGH
2024-10-16,0.9555832690214366,0.0449008387447844,0.0,0.31013391807806867,HIGH
2024-10-17,0.999999940337642,6.149002974427507e-08,0.0,0.35553605751432055,HIGH
2024-10-18,0.9976401597656434,0.0023598422005804,0.0,0.3870262042803021,HIGH
2024-10-21,0.9999999953331782,4.896128573924287e-09,0.0,0.42017899804715236,HIGH
2024-10-22,0.9998331541500026,0.0001668458667732,0.0,0.45243189951219076,HIGH
2024-10-23,0.9999827722383756,1.7234080421213483e-05,0.0,0.4848143379029344,HIGH
2024-10-24,0.2395037998230396,0.7605079918766281,0.0,0.009345675029780655,LOW
2024-10-25,0.998277564089614,0.0033750338675824,0.0,0.032270898428576354,LOW
2024-10-28,0.9947362338384632,0.0052703534653867,0.0,0.06433379787568254,MEDIUM
2024-10-29,0.989294083998218,0.0107605669398653,0.0,0.09602090511503963,HIGH
2024-10-30,0.0999412156786707,0.9125185527569474,0.0,0.0052042424972554395,LOW
2024-10-31,0.9998418312111312,0.00031377887988,0.0,0.03231681894382351,MEDIUM
2024-11-01,0.9999999999986652,1.3348802052107045e-12,0.0,0.06464292305036508,MEDIUM
2024-11-04,0.5388904443646507,0.4611095556551408,0.0,0.018428059287937462,LOW
2024-11-05,0.989616637856668,0.0103989992504709,0.0,0.03201645106037842,LOW
2024-11-06,0.0625731485237008,0.9663422471124132,0.0,0.004109531140192132,LOW
2024-11-07,0.9999808657344372,3.820330580124473e-05,0.0,0.032320899900878705,MEDIUM
2024-11-08,0.0325639490456814,0.9680312651856636,0.0,0.0032350279173056803,LOW
2024-11-11,0.2040087433719693,1.367436250832426,0.0,0.016569904079062392,LOW
2024-11-12,0.469690996645673,0.7570438049719446,0.0,0.048945673030993585,MEDIUM
2024-11-13,0.0049585964596431,1.541171273511584,0.0,0.009737115548666821,LOW
2024-11-14,0.0022045287673432,2.5087991144130206,0.0,0.011772939077279167,LOW
2024-11-18,0.1575253352222411,2.752916338405254,0.0,0.041419746549102555,MEDIUM
2024-11-19,0.1240358966285904,3.051027354921711,0.0,0.0413939267328463,MEDIUM
2024-11-21,0.0040850337273377,3.8011727298029374,0.0,0.019271982476669156,LOW
2024-11-22,0.9983199165634702,0.0081578803931707,0.0,0.03227214186916105,LOW
2024-11-25,0.999999935014178,6.501852116899143e-08,0.0,0.06464291923555268,MEDIUM
2024-11-26,0.0331457689709034,0.9668592295437431,0.0,0.003251943130092019,LOW
2024-11-27,0.0020570726455439,1.0121955206436648,0.0,0.0047006441322123265,LOW
2024-11-28,0.7009531543002115,0.5980977524860829,0.0,0.070111353481686,MEDIUM
2024-11-29,0.1895451767103808,1.6926946970731191,0.0,0.03141644101967669,LOW
2024-12-02,0.0021258983853473,3.009806528136702,0.0,0.011761565545416772,LOW
2024-12-03,0.0020215532530648,4.36677023870914,0.0,0.014095767258144697,LOW
2024-12-04,0.0020683950260498,5.422633038157619,0.0,0.016454547248627775,LOW
2024-12-05,0.1540045349339062,5.062981587333082,0.0,0.05439200005783992,MEDIUM
2024-12-06,0.002199816574756,6.544423555288276,0.0,0.021190063456204025,LOW
2024-12-09,0.0020838453791368,5.552855346428155,0.0,0.02351096565310781,LOW
2024-12-10,0.0113811585444893,4.5879302439701295,0.0,0.02882285230308664,LOW
2024-12-11,0.0048080012240525,3.224085728167932,0.0,0.029159044502126186,LOW
2024-12-12,0.0307747057738891,2.883047547231007,0.0,0.04137925027004272,MEDIUM
2024-12-13,0.999994924843302,1.4927856234030102e-05,0.0,0.03232131256060762,MEDIUM
2024-12-16,0.6020243143642829,0.3980678089218666,0.0,0.020356264501165258,LOW
2024-12-17,0.999726602109868,0.0003003639945946,0.0,0.03231343666053723,MEDIUM
2024-12-18,0.8400609437514087,0.1600164729378307,0.0,0.05514608538156638,MEDIUM
2024-12-19,1.0,0.0,0.0,0.09696438457566516,HIGH
2024-12-20,0.9999997824574188,2.1754258106021498e-07,0.0,0.12928582055989452,HIGH
2024-12-23,0.9998675124793436,0.0001324875206562,0.0,0.1615878637491917,HIGH
2024-12-24,0.8776579518325236,0.1223431659947164,0.0,0.172190387438195,HIGH
2024-12-26,0.98385513022351,0.0175094673712931,0.0,0.22292900217612832,HIGH
2024-12-27,0.9792803744014386,0.0211836336163871,0.0,0.2536987873517975,HIGH
2024-12-30,0.9965903018175252,0.0039656274327958,0.0,0.28999219496564355,HIGH
2024-12-31,0.9922768010242246,0.0077355011914688,0.0,0.3209463896456456,HIGH
2025-01-01,0.989182128067732,0.0108879804183528,0.0,0.35204044585933547,HIGH
2025-01-02,0.9999994859217484,5.201671374745575e-07,0.0,0.38785735723370945,HIGH
2025-01-03,0.9999998388672338,1.6113276627701004e-07,0.0,0.4201789383440808,HIGH
2025-01-06,0.9999970593308696,2.9406727699163383e-06,0.0,0.45249925296125404,HIGH
2025-01-07,0.8360997667708291,0.163900448152144,0.0,0.4118127274779103,HIGH
2025-01-08,0.9999587242663264,6.313968108248503e-05,0.0,0.5171240001248616,HIGH
2025-01-09,0.9999639811095156,3.601918939254463e-05,0.0,0.549446873203382,HIGH
2025-01-10,0.5370158648385495,0.4630708754290818,0.0,0.018370796408340558,LOW
2025-01-13,0.9999976833838818,4.146157391575432e-06,0.0,0.03232139352855208,MEDIUM
2025-01-14,0.0885308206952774,0.9114960861198704,0.0,0.004869301506248172,LOW
2025-01-15,0.9989851459938895,0.0020090569143108,0.0,0.03229167151081213,LOW
2025-01-16,0.9999999979950936,2.0049063566099816e-09,0.0,0.06464292293274856,MEDIUM
2025-01-17,0.0441367056359119,0.955863467732014,0.0,0.003571777763149895,LOW
2025-01-20,0.0746038672086625,0.9515031780708096,0.0,0.008922568617327185,LOW
2025-01-21,0.9996663798729412,0.0005584917624029,0.0,0.03231166895262343,MEDIUM
2025-01-22,0.0126659517382783,1.0076296255475106,0.0,0.00265748678163281,LOW
2025-01-23,0.0027465854404629,1.8865535781081169,0.0,0.004740539641289352,LOW
2025-01-24,0.0905698319282217,2.4918961408432665,0.0,0.014787335481758514,LOW
2025-01-27,0.1675686792461294,2.8006141991833964,0.0,0.028804292055355476,LOW
2025-01-28,0.0548580770967681,3.406883256121561,0.0,0.019421537871200836,LOW
2025-01-29,0.0020744817500649,4.888634119046012,0.0,0.0141049541263265,LOW
2025-01-30,0.0024449168099778,5.995524611069184,0.0,0.016530795444299383,LOW
2025-01-31,0.0139716443141134,6.913752364232838,0.0,0.021562622182543602,LOW
2025-02-03,0.6958933577272723,2.3737306490123298,0.0,0.20894999096533973,HIGH
2025-02-04,0.0677140396151025,5.788577056622612,0.0,0.0425975915782489,MEDIUM
2025-02-05,0.1187114804327832,3.115338019005136,0.0,0.06332133973472802,MEDIUM
2025-02-06,0.0875932455501846,3.721753243302345,0.0,0.058101670723403435,MEDIUM
2025-02-07,0.0029205539900232,6.267227579370093,0.0,0.030878940587979832,LOW
2025-02-10,0.0020363807703772,9.925634163315104,0.0,0.03289612872387505,MEDIUM
2025-02-11,0.4780554201039743,4.724887603589475,0.0,0.248556511360908,HIGH
2025-02-12,0.021501137164181,4.475892624894031,0.0,0.046619202024968366,MEDIUM
2025-02-13,0.0039404912553173,6.445328557368954,0.0,0.04088185616079045,MEDIUM
2025-02-14,0.0333986282315149,5.802592261078569,0.0,0.058667309686879936,MEDIUM
2025-02-17,0.0039002531291486,7.262452563076227,0.0,0.0456693629749188,MEDIUM
2025-02-18,0.005476056139099,9.28982705080349,0.0,0.048985119318727816,MEDIUM
2025-02-19,0.0020422307125429,9.567849111939784,0.0,0.046997854207679754,MEDIUM
2025-02-20,0.002131895156386,10.531278654392011,0.0,0.047049731785223536,MEDIUM
2025-02-21,0.0020017595156156,10.214695219308329,0.0,0.04697443884561592,MEDIUM
2025-02-24,0.0067119277479873,9.96214889536341,0.0,0.049700629528527294,MEDIUM
2025-02-25,0.0020005579331969,8.911655407927464,0.0,0.04697374365016632,MEDIUM
2025-02-27,0.0020023582164626,8.61012312548123,0.0,0.046974785233977634,MEDIUM
2025-02-28,0.9179654871190612,0.9256025248655942,0.0,0.029898927017080513,LOW
2025-03-03,0.0131610850915153,3.859249251209276,0.0,0.002671835570343929,LOW
2025-03-04,0.0259037521364343,5.646196754740398,0.0,0.006083017871136946,LOW
2025-03-05,0.0178480498987092,10.78995899773946,0.0,0.008423157391307601,LOW
2025-03-06,0.9999824676379344,0.000108207136906,0.0,0.03232094691962635,MEDIUM
2025-03-07,0.0052251820065005,0.99862933381123,0.0,0.002441994640624062,LOW
2025-03-10,0.0065975545715097,1.7206343683710714,0.0,0.004963440692724978,LOW
2025-03-11,0.999514854161757,0.0014716363231657,0.0,0.03230722113496091,LOW
2025-03-12,0.2007493259620951,0.8003765728026208,0.0,0.008187788662950227,LOW
2025-03-13,0.9999993934310089,1.2104956457228815e-06,0.0,0.032321443721380336,MEDIUM
2025-03-17,0.0020713573428841,0.997948495000156,0.0,0.002350735302783836,LOW
2025-03-18,0.1820922577742257,1.57099215934565,0.0,0.01526485189926284,LOW
2025-03-19,0.0073401679473884,1.1851186614121827,0.0,0.0075096608204711065,LOW
2025-03-20,0.0957161098661056,1.8416861182268025,0.0,0.02032060259805203,LOW
2025-03-21,0.970429558470382,0.0840235990359,0.0,0.03145157539343562,LOW
2025-03-24,0.4420834503679939,0.6566138854606784,0.0,0.015473441429257296,LOW
2025-03-25,0.1231516358765827,1.1840468749905015,0.0,0.011774693394220057,LOW
2025-03-26,0.127452105226289,1.8785328297417576,0.0,0.018042519095963352,LOW
2025-03-27,0.8765751135748819,0.3860167491468212,0.0,0.028666059310772287,LOW
2025-03-28,0.0020575721403084,1.8782522337757397,0.0,0.0023503365157875582,LOW
2025-04-01,0.0319549581513734,4.164055775505438,0.0,0.006434648909094779,LOW
2025-04-02,0.0021364799690047,5.211314423355339,0.0,0.007057857669315022,LOW
2025-04-03,0.9999999915046984,4.928037181292716e-08,0.0,0.032321461275870045,MEDIUM
2025-04-04,0.0616415470426178,0.938413754858838,0.0,0.004082320682209597,LOW
2025-04-07,1.0,0.0,0.0,0.032321461525221716,MEDIUM
2025-04-08,0.999999935588084,6.441191591211037e-08,0.0,0.06464291926924293,MEDIUM
2025-04-09,0.9421157795312086,0.0578842204687913,0.0,0.09184525694755218,HIGH
2025-04-11,0.999999999983616,3.054639552717643e-11,0.0,0.1292858460989633,HIGH
2025-04-15,1.0,0.0,0.0,0.1616073076261086,HIGH
2025-04-16,0.9999999541564129,4.5843587259675196e-08,0.0,0.19392876107780266,HIGH
2025-04-17,0.9999999998864672,1.1353284978540464e-10,0.0,0.2262502306532253,HIGH
2025-04-21,0.9999273546976064,7.264530239366316e-05,0.0,0.2585546339930495,HIGH
2025-04-22,0.9999999668953424,3.3107053765280484e-08,0.0,0.29089314498188895,HIGH
2025-04-23,0.9999999998576286,1.4237144782260476e-10,0.0,0.3232146152104287,HIGH
2025-04-24,0.9952315754989328,0.0047684245240222,0.0,0.35399594099710263,HIGH
2025-04-25,0.9999999584990644,4.1854354234045036e-08,0.0,0.3878575236851766,HIGH
2025-04-28,0.9999999983202216,1.6797786127526083e-09,0.0,0.4201789991869254,HIGH
2025-04-29,0.9999827084823256,1.7291517674348403e-05,0.0,0.4524933558437773,HIGH
2025-04-30,0.9999979834506644,2.0165522626190787e-06,0.0,0.48482103504044816,HIGH
2025-05-02,0.9999999820053866,1.7994613406527837e-08,0.0,0.5171433759527831,HIGH
2025-05-05,0.9999919118653576,8.088134642330792e-06,0.0,0.5494608101155952,HIGH
2025-05-06,0.9999975952241852,2.404783794801537e-06,0.0,0.5817850369364304,HIGH
2025-05-07,1.0,0.0,0.0,0.6141077689792126,HIGH
2025-05-08,0.999999987904168,1.209583200267872e-08,0.0,0.6464292234037659,HIGH
2025-05-09,1.0,0.0,0.0,0.6464292305044343,HIGH
2025-05-12,0.999999999997627,2.373101715136272e-12,0.0,0.6464292305030414,HIGH
2025-05-13,0.9999977382499732,2.261750026710799e-06,0.0,0.6464279027793312,HIGH
2025-05-14,0.9989541170337336,0.0010458829821329,0.0,0.6458152122863141,HIGH
2025-05-15,0.9999905231674808,9.581569155541212e-06,0.0,0.6464236672745375,HIGH
2025-05-16,0.5552150746056517,0.4449817889306207,0.0,0.018926735021658453,LOW
2025-05-19,0.8762971699880507,0.1248220773180792,0.0,0.028657757904390613,LOW
2025-05-20,0.9999996355864488,4.101301601143702e-07,0.0,0.06464290165811697,MEDIUM
2025-05-21,0.9992714887601784,0.0007285116611387,0.0,0.09690023184280651,HIGH
2025-05-22,0.9997114592243164,0.0002885888059946,0.0,0.12925196868717023,HIGH
2025-05-23,0.999995390417165,4.61061008470641e-06,0.0,0.16160663113004686,HIGH
2025-05-26,0.9696470289384924,0.0303535261710728,0.0,0.18857101874734125,HIGH
2025-05-27,0.9997374475463896,0.0002804678956846,0.0,0.22619628504014658,HIGH
2025-05-28,0.3722361851806526,0.6302799422660004,0.0,0.013349113202201196,LOW
2025-05-29,0.9999250903414978,0.0001463931103537,0.0,0.032319262785645536,MEDIUM
2025-05-30,0.9725736195591712,0.027428031796262,0.0,0.06302955534139798,MEDIUM
2025-06-02,0.9999307076377054,7.654533621416742e-05,0.0,0.09695828299422735,HIGH
2025-06-03,0.9995982338686844,0.0004017759728163,0.0,0.12923867455263235,HIGH
2025-06-04,0.2861133305398405,0.7145905238547644,0.0,0.010745373552945848,LOW
2025-06-05,0.9996039174528364,0.0007753754395451,0.0,0.03230983547126789,MEDIUM
2025-06-06,0.999353713509696,0.0006472204466529,0.0,0.06460498194348574,MEDIUM
2025-06-09,0.999999731619589,2.6924129541369617e-07,0.0,0.09696436094338812,HIGH
2025-06-10,0.8653723533148645,0.1346276556635076,0.0,0.11332493643474695,HIGH
2025-06-11,0.0097984665589938,0.9909984153950367,0.0,0.0025744107215383725,LOW
2025-06-12,0.9898077950949112,0.020354406748824,0.0,0.03202207063112466,LOW
2025-06-13,1.0,0.0,0.0,0.06464292305044343,MEDIUM
2025-06-16,0.9999626965956634,3.73034043367193e-05,0.0,0.09696109980955442,HIGH
2025-06-17,0.0190781246974918,0.9809218822242792,0.0,0.0028433982808743568,LOW
2025-06-18,0.9872062118565632,0.0254469047421944,0.0,0.03194557631628583,LOW
2025-06-19,0.0126793929517764,0.9921288620544364,0.0,0.002657876288026932,LOW
2025-06-20,0.9999977195090738,4.590893647536126e-06,0.0,0.032321394588888816,MEDIUM
2025-06-23,0.9999999472610568,5.273894326112876e-08,0.0,0.0646429199544865,MEDIUM
2025-06-24,0.9999895590215634,1.044097843661166e-05,0.0,0.09696346519304098,HIGH
2025-06-25,0.9970741589869953,0.0029258538854114,0.0,0.12894225558811848,HIGH
2025-06-26,0.9996385668625216,0.00036160748382,0.0,0.16155426274859874,HIGH
2025-06-27,0.0070350294769921,0.9953570191245952,0.0,0.0024943856790566755,LOW
2025-06-30,0.1409852001222147,1.6305614134857815,0.0,0.012827606018833837,LOW
2025-07-01,0.0469747262690322,1.5962684604393564,0.0,0.010963364464644862,LOW
2025-07-02,0.8901596053973272,0.262009729009193,0.0,0.029071431163502026,LOW
2025-07-03,0.5846705866894253,0.5001348059184153,0.0,0.01982640845839466,LOW
2025-07-04,0.523160591203154,0.6755832772621773,0.0,0.03589515843975209,MEDIUM
2025-07-07,0.0242176608656643,1.256135928746332,0.0,0.008977651955565462,LOW
2025-07-08,0.8398940953948575,0.3491562244085896,0.0,0.027568037263890906,LOW
2025-07-09,0.6536415190059995,0.395026810462362,0.0,0.02193067131487308,LOW
2025-07-10,0.9998256383057664,0.0002733077460152,0.0,0.0323163436421993,MEDIUM
2025-07-11,0.9991654413912616,0.0008346545748985,0.0,0.0645939284744961,MEDIUM
2025-07-14,0.0515174178394136,0.948828081455815,0.0,0.0037868698247843138,LOW
2025-07-15,0.008702634684349,1.5009129407078785,0.0,0.005085345517969186,LOW
2025-07-16,0.0127494911224866,2.03929444432058,0.0,0.007979722927796138,LOW
2025-07-17,0.9999845959581336,4.635229621588132e-05,0.0,0.032321009389632824,MEDIUM
2025-07-18,0.023179431205088,0.9869858373659532,0.0,0.002962410650949105,LOW
2025-07-21,0.1903769617116521,1.17858928518292,0.0,0.015757730314334195,LOW
2025-07-22,0.9999661050276438,0.0001004373731187,0.0,0.03232046664705517,MEDIUM
2025-07-23,0.0020374547705011,0.9981091864321868,0.0,0.0023497545494874403,LOW
2025-07-24,0.0150859541238059,1.898067384181778,0.0,0.005455257046898643,LOW
2025-07-25,0.0221719971970441,2.463049621593746,0.0,0.008799508422302262,LOW
2025-07-28,0.0020265893557345,2.80723974158044,0.0,0.009397760918425774,LOW
2025-07-29,0.9948117093135326,0.0168301399240543,0.0,0.03216911603702687,LOW
2025-07-30,0.1150542684931053,0.9037510929968716,0.0,0.0056487640803607785,LOW
2025-07-31,0.999999353010784,1.2885347969429535e-06,0.0,0.03232144253497728,MEDIUM
2025-08-01,0.0095296718900366,0.9904768109894232,0.0,0.002566625250232595,LOW
2025-08-04,0.0050554646114507,1.0574100823846972,0.0,0.004874164983531992,LOW
2025-08-05,0.0020084581040566,1.983063318007659,0.0,0.007046747164142905,LOW
2025-08-06,0.0020104780957984,2.924682199319123,0.0,0.009395896625789203,LOW
2025-08-07,0.0410416957408847,3.808267191806289,0.0,0.017408283331659315,LOW
2025-08-08,0.0177263257989139,4.677233144641305,0.0,0.016825132957671917,LOW
2025-08-11,0.3184347234008586,3.45738037383217,0.0,0.08204082619633717,HIGH
2025-08-12,0.038567498365987,4.100292978606435,0.0,0.027277155908775254,LOW
2025-08-13,0.0091630981249875,3.24728055471407,0.0,0.023004073936889927,LOW
2025-08-14,0.0020074026412311,5.148580109608918,0.0,0.023488851885706097,LOW
2025-08-18,0.9999660309252288,0.0001569178942545,0.0,0.03232046447201088,MEDIUM
2025-08-19,0.0025580590112261,1.008599258181318,0.0,0.002364815487822251,LOW
2025-08-20,0.0055005789980361,1.854995641606335,0.0,0.004899931547682139,LOW
2025-08-21,0.9999998823783386,3.550694570531144e-07,0.0,0.032321458072824126,MEDIUM
2025-08-22,0.9993248303134016,0.0006751701377554,0.0,0.06460328622967772,MEDIUM
2025-08-25,0.0046978823651828,0.9953290862035814,0.0,0.002426733393919694,LOW
2025-08-26,0.3247436111208217,1.3210626952049234,0.0,0.02382148160165383,LOW
2025-08-28,0.9962960444756546,0.0100836486301521,0.0,0.03221271335293936,LOW
2025-08-29,0.0241344333466374,0.9841331221555464,0.0,0.002990134355568799,LOW
2025-09-01,0.9932353552226132,0.0135563827369117,0.0,0.03212280520969943,LOW
2025-09-02,0.0023575745566741,1.043503152533232,0.0,0.0023590153762557617,LOW
2025-09-03,0.0021389384434432,1.7331936852116263,0.0,0.004705380688490688,LOW
2025-09-04,0.999999999997604,7.187473559075973e-12,0.0,0.03232146152515139,MEDIUM
2025-09-05,0.9921517520824796,0.007848247922501,0.0,0.06418192842621422,MEDIUM
2025-09-08,0.0075781962464771,0.9924226382610216,0.0,0.002510112148672307,LOW
2025-09-09,0.9999430416604794,0.000113669712712,0.0,0.03231978969296264,MEDIUM
2025-09-10,0.9978964827199754,0.0021036652705677,0.0,0.06451941954152601,MEDIUM
2025-09-11,0.9852568851608798,0.0147521899663153,0.0,0.09566472187794699,HIGH
2025-09-12,0.002417538483752,1.0041193142441214,0.0,0.002360750141628416,LOW
2025-09-15,0.0020037176294892,1.5507318323706425,0.0,0.004697557174518539,LOW
2025-09-16,0.0785067831762444,2.0189731641978086,0.0,0.013726617597185653,LOW
2025-09-17,0.0020302496689026,2.9383284211911382,0.0,0.009398184467291367,LOW
2025-09-18,0.9999956220291668,1.6705777359180393e-05,0.0,0.032321333024223665,MEDIUM
2025-09-19,0.0034398372995705,1.002573655975009,0.0,0.002390328003983522,LOW
2025-09-22,0.9999782749627876,4.3451037833222416e-05,0.0,0.03232082385704859,MEDIUM
2025-09-23,0.2429347921107282,0.7570746848971732,0.0,0.0094484522436991,LOW
2025-09-24,0.0045765048886726,1.0107732558670746,0.0,0.004846441279842394,LOW
2025-09-25,0.0950847180160812,1.8057389828452632,0.0,0.015184840358472887,LOW
2025-09-26,0.3723035049631116,1.828466373925072,0.0,0.053404623957652914,MEDIUM
2025-09-29,0.1705197452230746,2.279360299899232,0.0,0.03644325228259293,MEDIUM
2025-09-30,0.5181088594287411,1.6484022753474052,0.0,0.10675970845026461,HIGH
2025-10-01,0.9999929696070826,1.5680200816190532e-05,0.0,0.03232125517101699,MEDIUM
2025-10-03,0.9999998645355656,1.354644344898862e-07,0.0,0.06464291509821622,MEDIUM
2025-10-06,0.0172677393296147,0.9827330276934854,0.0,0.0027908892923461295,LOW
2025-10-07,0.0068347937344271,1.056847079335864,0.0,0.0049771770877316225,LOW
2025-10-08,0.0065732781337349,1.980570475344375,0.0,0.007443052637274021,LOW
2025-10-09,0.0022620095444995,2.9743267657350705,0.0,0.009425002804666023,LOW
2025-10-10,0.0257080340882754,3.8721099722700383,0.0,0.015179126378736783,LOW
2025-10-13,0.9999996245613376,1.7889084799140573e-06,0.0,0.032321450505452536,MEDIUM
2025-10-14,0.0055100351138164,0.9956004882379106,0.0,0.0024502394794592725,LOW
2025-10-15,0.0020222053675674,1.3062496531867394,0.0,0.004698626815342292,LOW
2025-10-16,0.0044735245308957,2.457240778578432,0.0,0.007260721099568976,LOW
2025-10-17,0.0020611752507811,3.1557158182407683,0.0,0.009401762994973724,LOW
2025-10-20,0.0020012029620604,3.96818214892846,0.0,0.011743529210575794,LOW
2025-10-21,0.0020000250636905,4.0218284780584845,0.0,0.01409203060491405,LOW
2025-10-23,0.9999126645379728,0.0003590380030582,0.0,0.03231889806247428,MEDIUM
2025-10-24,0.0020900262929558,1.107081602683534,0.0,0.0023512753713210367,LOW
2025-10-27,0.0020027702020719,5.49256058690937,0.0,0.004697502359514369,LOW
2025-10-28,0.002056532546744,6.114179036181809,0.0,0.007050919325425269,LOW
2025-10-29,0.00200048422033,7.653068135648344,0.0,0.009394740200473657,LOW
2025-10-30,0.0020021266587034,8.969391892604124,0.0,0.011743662815592382,LOW
2025-10-31,0.0020348946048754,9.598128649144614,0.0,0.014098082926498232,LOW
2025-11-03,0.0020034114224234,11.060413107666044,0.0,0.016441388104377713,LOW
2025-11-04,0.0033838821666108,11.755957896727349,0.0,0.019109671550067524,LOW
2025-11-06,0.0020168712889711,12.655311387441778,0.0,0.021142431911021976,LOW
2025-11-07,0.0021586285640683,12.931773717111318,0.0,0.023532599602376473,LOW
2025-11-10,0.0020010679708072,14.044695406003896,0.0,0.02583572130748051,LOW
2025-11-11,0.0049752272016281,13.425919100300048,0.0,0.029217122627440018,LOW
2025-11-12,0.0020286633833433,14.492874101210198,0.0,0.03054350296425526,LOW
2025-11-13,0.0020343369862517,14.916574885730451,0.0,0.03289530099360959,MEDIUM
2025-11-14,0.9939492706571432,0.0913801858454029,0.0,0.032143780306032266,LOW
2025-11-17,0.0020002294445277,13.297546837193504,0.0,0.002348677679880944,LOW
2025-11-18,0.003241318281512,18.78379587779725,0.0,0.004769167856611008,LOW
2025-11-19,0.0025534810385459,20.052386883154583,0.0,0.007094049128286312,LOW
2025-11-20,0.0021217713589439,20.79268338133149,0.0,0.009408774874872593,LOW
2025-11-21,0.0061338903045542,21.985664031984925,0.0,0.01234148894168926,LOW
2025-11-24,0.0020001728758028,20.15529401956281,0.0,0.014092056260654812,LOW
2025-11-25,0.0020018766582701,19.37963487223104,0.0,0.016441077317157507,LOW
2025-11-26,0.998753358460688,0.0244768680152619,0.0,0.03228486697451319,LOW
2025-11-27,0.0020006434015903,10.845146600337202,0.0,0.0023486896549659627,LOW
