Date,vov_21,gap_abs,jump_flag,vdi,rsi_s,pde,fdi,srs,sai
2008-02-08,,,1,0.21627092194495073,,1.3860221745961012,,,467.48707592224395
2008-02-11,,3.9001852020804504e-05,1,0.32140421152261545,,1.3854520992344588,,,1.7975142692198813
2008-02-12,,0.004283605670164277,1,0.1733053228497995,0.0496098268203195,1.386122339609839,0.0005652296942562101,,335.0563151781442
2008-02-13,,0.00035146883952646464,1,0.04622771456769458,0.04058730213138131,1.3862817601363127,0.0003065121322758243,,12.816354030291867
2008-02-14,0.7574439349752394,0.0030787046691224877,1,0.7797892030983121,0.039225809836459555,1.382323696149708,0.00010321497141248882,,2.090441042210784
2008-02-15,0.6828278958078278,0.00016340411445868005,1,0.11613413295854272,0.03830165830025291,1.386199646766621,0.00019155007865727508,,17.38767241614784
2008-02-18,0.7395287942512375,0.0002923054232237071,1,0.18857321800336102,0.035938997253361936,1.386105047672424,0.00012815279405598592,,151.2166740575252
2008-02-19,0.7533333074563853,0.0002842174145411057,1,0.2858897571620899,0.031612542726440415,1.3858707389285674,0.00010667002122500471,,6666.6316424302495
2008-02-20,0.7213419175963499,0.00258816364174409,1,0.14401362880835517,0.030780460648154602,1.3861807939378659,1.3577514051902659e-05,,6.609652054956485
2008-02-21,0.7223974555830192,0.000475147687574925,0,0.1777710630115772,0.030853417284080746,1.3861274594289932,3.179576413912908e-05,,19.804163190111883
2008-02-22,0.7970062930946716,0.001619227468626831,0,0.24452442141533587,0.027816588256382127,1.386038726732441,5.354732627449552e-06,,3.679274914996873
2008-02-25,0.760083341860837,0.00029345593480661,0,0.035372151483202746,0.02606629794606199,1.3862869599439778,0.00015077541273770593,,3.9129581383535217
2008-02-26,0.8223091359299517,1.9152886603390397e-05,0,0.4522970760720827,0.02402833223322426,1.385493101302256,0.00018628899868949037,,7.784967162293829
2008-02-27,0.7921514149398823,0.00025615028314971474,0,0.2822163588320276,0.0216303690333891,1.3858603027807965,0.00014389060024883854,,7952.078265591328
2008-02-28,0.8387468564837112,0.000389151088230478,0,0.18517584265205445,0.018171806238021355,1.3861471927700166,2.2066575757577948e-05,-0.2106341784391961,73.63474160634279
2008-02-29,0.8401198422808078,1.893977452025535e-05,0,0.2390499991160861,0.017145479379419223,1.3858955784111051,1.9576780549255307e-05,-0.09747477424285929,4.564850974293841
2008-03-03,0.8785739079437237,0.0001340561398083702,0,0.831634429431636,0.021122870748654564,1.3816782352176837,0.00013254471071438875,-0.29522882657849026,1.1142475821645401
2008-03-04,0.8556585738857768,0.0011198662927317986,0,0.01886842080277453,0.022249251121145546,1.3862921694139523,0.0001730654371811723,-0.19059261565157928,10.100291488845558
2008-03-05,0.8641798527877199,0.0005343892657628736,0,0.06673278101540656,0.022063064846144603,1.386274128427004,9.758802890228218e-05,-0.2808343560975677,25.20138288482558
2008-03-07,0.8864734164793335,0.0006301204002413757,0,0.05764024754368522,0.024245018950474578,1.3862682255865368,0.00018680439936411743,-0.15583100282357823,4.587927370707059
2008-03-10,0.8902081293201595,0.0007967572821554248,0,0.2855513762101643,0.024661406943457444,1.3856811353132943,0.00014035561066280767,-0.21615243670829679,118.26828335686454
2008-03-11,0.8900258196795697,0.0008544808175493069,0,0.10336408288296747,0.025031890944625844,1.3862283987257047,0.0001462317359797184,-0.29975343957008954,8.922269446701472
2008-03-12,0.8337562271544499,0.0007909277543004424,0,0.33798570226972907,0.024891882572178156,1.38551726742766,0.00016553782802711947,-0.3270570638113758,836.7413931517539
2008-03-13,0.8871935988191354,0.0006775292838430911,0,0.3939628263457465,0.03045918889868631,1.3850987571660225,0.0003270893861441626,-0.3521994633248256,1.4297789719105571
2008-03-14,0.8870780106002126,4.319203957653072e-05,0,0.3275543526870811,0.037517907589614104,1.3856952147022654,0.0002972793531562892,-0.4070185897021772,5.349721027455995
2008-03-17,0.899749223194244,7.36698275059545e-05,0,0.693587933749742,0.041643451902677944,1.3829640548867843,0.0004544562020550664,-0.3759089296744231,2.3079705650194584
2008-03-18,0.8883086681685092,0.003723777923174318,0,0.2214720132080157,0.04431217383308771,1.3859838234658437,0.0002484153147874964,-0.4274953009598616,142.01995610030508
2008-03-19,0.9003826815704731,0.0003859832972294629,0,0.3164783333599099,0.04126927819458295,1.3855475133213582,0.00017445911059660457,-0.48269642516142297,77.88622273270995
2008-03-24,0.9009234856403526,0.0006228144069312383,0,0.17430517389887717,0.036667422230511226,1.3861328022988566,0.00018380898849621876,-0.5326464015530336,59.25581067557058
2008-03-25,0.9321304537001426,0.0015064424073947618,0,0.7749815184899728,0.03796636315536209,1.3821654614273724,7.213449003324027e-05,-0.2637919716099712,1.9234650616848399
2008-03-26,0.9388150062023697,0.0002460374519847886,0,0.0836600890239501,0.04451380378631467,1.3862595077298927,1.9526842508926555e-05,-0.23567702351784448,34.5457431482618
2008-03-27,0.9145649617317577,1.0415156742880095e-05,0,0.21641098968350947,0.04429321514985978,1.386062832921044,2.4069170816972884e-05,-0.24745368070223128,40796.5278586818
2008-03-28,0.9144243444263476,5.1758494874499135e-05,0,0.08538526338948163,0.040848579106829985,1.3862491320084938,4.790477731901606e-05,-0.3043405266984167,7.397888926258807
2008-03-31,0.8560799023353466,3.033186368934505e-05,0,0.43125877078613745,0.03944287310929943,1.3850168135594272,7.584176706638256e-05,-0.24988381475182653,3.070164252968137
2008-04-01,0.8442939304421253,0.00024284776086104564,0,0.21515875615675875,0.03559618147154907,1.3859825418190588,4.07156202451899e-06,-0.26466503357629284,2168.854509679231
2008-04-02,0.7443952881065989,0.0003902768682258405,0,0.39418455063226226,0.029252680362852987,1.3851674907827796,0.00013475826621381224,-0.2853337151455944,249.20326521147345
2008-04-03,0.7820541760990821,6.316571465710213e-05,0,0.2196964755297088,0.029051742705286116,1.3860506229458143,0.00012740530330352566,-0.3070938271678037,178.85670494229586
2008-04-04,0.7596976051830596,0.0010274163371400266,0,0.21782155438756223,0.03226707232631657,1.3860182347062524,4.228183444251262e-05,-0.24531292328220147,3.6622465371838486
2008-04-07,0.7605833242505066,0.003373426745135448,0,0.2769238754842547,0.032502456328368096,1.3858241563880795,8.917408494028289e-05,-0.2912486462400567,2.228553729240927
2008-04-08,0.7430436865127317,0.00011558530405731859,0,0.039257829705710144,0.029024928437655678,1.3862870390920259,7.170169331276341e-05,-0.2669052183512399,12.074332031477166
2008-04-09,0.764535001797799,0.0005522312069451735,0,0.11121447478109465,0.029967336158987785,1.3862346533936565,3.5237964375868084e-05,-0.2972617886048231,23.71899315488231
2008-04-10,0.798422374333314,0.00010532303015048655,0,0.22613412062943222,0.028666427009013975,1.386056421833782,4.193018978133385e-05,-0.29741117647763576,168.38595046102802
2008-04-11,0.8313253592149923,0.00028521131076300014,0,0.10086755872516057,0.02273521740765693,1.386245796812391,6.487789112340362e-05,-0.3295411875109351,9.780260879524544
2008-04-15,0.8340721097051513,0.00044997842824615557,0,0.09078328784099336,0.01914770825948919,1.3862355783944054,4.440257266991697e-05,-0.37027862503362624,1.6261967843665877
2008-04-16,0.8142525781261465,0.0004097814979570805,0,0.30761411605593497,0.02109287966660907,1.3858524622116173,4.511838339233504e-05,-0.3817155312595165,247.56076742673395
2008-04-17,0.8394260997762212,0.0006750515196594682,0,0.11041106734709621,0.022460628833639265,1.386238393650987,6.363441843094597e-05,-0.41800605462755724,3.612230946715049
2008-04-21,0.802544486190625,0.0005043220605061015,0,0.3773838994094835,0.01925744940433169,1.3856654552399927,8.421462693133052e-05,-0.45421869813263266,4.010791424175231
2008-04-22,0.8377205464704057,9.887719132925037e-06,0,0.20380444075463156,0.015096436850377046,1.3861079678242243,9.128694083087459e-05,-0.46620706791719313,152.8656178630341
2008-04-23,0.8247212794775926,0.000980756708602309,0,0.17517743368732597,0.01204497632285848,1.3861574263719034,5.435725688737494e-05,-0.457048885916539,17.770408649383715
2008-04-24,0.8404642138502691,1.9928458777955634e-05,0,0.2065080948362537,0.010032369166513679,1.38609855592346,5.4966015737860486e-05,-0.4500624568607281,24.344747734200222
2008-04-25,0.7572430635536856,0.00014005306803574564,0,0.9250011289254805,0.011791244292408545,1.3826033869338201,7.790434073643122e-05,-0.4822309076396192,1.616917034108769
2008-04-28,0.7955537081788427,0.00015645325284185957,0,0.1630571532814654,0.013353708721784534,1.3861837558042645,7.760931024545022e-05,-0.4753455070436031,30.11347745077044
2008-04-29,0.7904413031332772,0.0005401662964955926,0,0.31026408495716445,0.014824198869596746,1.3858180537260578,9.626735983061725e-05,-0.5071079012911113,2.314222892744746
2008-04-30,0.7999134636458093,0.0005484200177808225,0,0.11054390792143612,0.015576479773064577,1.3862424473978292,6.451048593515911e-05,-0.4960529134238141,30.18801689766151
2008-05-02,0.7642696193746584,0.019058768679491092,0,0.6627601262844681,0.016112555441794414,1.38392918819314,7.66859800846592e-05,-0.5234203088516916,7.711619633182167
2008-05-05,0.7637457490790981,0.0001817607654124379,0,0.08286794260393719,0.01806847483443779,1.3862660322229623,5.421082946563179e-05,-0.5092951849974806,13.996025846213694
2008-05-06,0.6779570070591199,1.9278095509180023e-05,0,0.07394960668019233,0.01684860658338519,1.3862687822309823,2.4926883050188617e-05,-0.4896898672420939,8.6355804772209
2008-05-07,0.6948460531889531,0.0023395571164907076,0,0.2422240796007356,0.016818463255241254,1.3860605296450696,2.005935552280172e-05,-0.48927921366542826,98.44432390474402
2008-05-08,0.6719014780495309,5.837716613991417e-05,0,0.09909763587911316,0.017714986877201258,1.3862528485337742,1.434238418924376e-05,-0.46724723837882515,3.518336420584521
2008-05-09,0.5973361577324587,0.0021374140435476076,0,0.2009261023222339,0.015765986179581203,1.3860967884725648,4.807371874813632e-06,-0.4281672308211622,1.635566608537862
2008-05-12,0.6045762764470515,0.0003211886575780958,0,0.21570020308838445,0.0156837310819274,1.38604894134249,2.3069235005448944e-05,-0.44686017959934665,17.22917856610228
2008-05-13,0.6146248631369029,0.0008082434642312673,0,0.1289756870694227,0.014806913027547601,1.3862042044751097,3.1819526940396985e-05,-0.35015607833673773,5.444858343754215
2008-05-14,0.6137484725294653,0.00013117673030291842,0,0.04725815959355687,0.01431006598677522,1.3862839575058552,3.7099589115889235e-05,-0.3821590677180284,6.599952693685154
2008-05-15,0.617638314406213,0.00016963530933860487,0,0.5229274923432684,0.013411921527221845,1.385025163009722,1.2551847419726246e-05,-0.3814620466651592,2.584835394301736
2008-05-16,0.5560083866803146,7.817539957789419e-05,0,0.13467437000831675,0.01266624182605149,1.3862267681336706,1.6789450073893784e-05,-0.6661700713921261,11.134261447846704
2008-05-20,0.5568071656752764,0.00013576648866510293,0,0.025285973380132654,0.014470102244641157,1.3862914840138982,2.133019424957748e-05,-0.6202446342448776,7.854068122327589
2008-05-21,0.5568915403163495,0.0001469054316143145,0,0.22171300804849306,0.01506288262895248,1.3860630090893808,6.495735439227089e-06,-0.6397079673430585,115.84107082726892
2008-05-22,0.5586402246668694,0.00012700040564644368,0,0.40684576339895573,0.016386628757147758,1.3855430804911184,2.9372532120992464e-05,-0.5903995333743568,2.809239120962247
2008-05-23,0.5625876954163425,0.00021878419804747718,0,0.09249206199937084,0.015630280479380313,1.3862509357546813,3.778574477612348e-05,-0.6034569461388577,3.039274804862685
2008-05-26,0.557492081888904,0.0014242802846688174,0,0.3709956785041252,0.012914486131824712,1.3856788114585086,2.92555836235372e-05,-0.5490417028568534,4.268012798605075
2008-05-27,0.5559954700202016,0.0004306921006138274,0,0.21877356312289342,0.012293536026801947,1.3860662744006944,4.05484321069535e-05,-0.5825224343605768,82.40771071177991
2008-05-28,0.550159424796091,0.0005966347567061723,0,0.03507993752040938,0.0115472266379254,1.3862886816204991,1.083320022754286e-05,-0.5839004077777424,6.597158163479186
2008-05-29,0.5720521959001961,0.0016150312785240988,0,0.048867606971178826,0.013701433318926589,1.3862801543383696,4.934304939841874e-05,-0.518855795602763,3.1227909494643984
2008-05-30,0.5774707166458805,0.0018079732082413368,0,0.19495476427927902,0.015037515506895745,1.3861270103246837,5.733411809438789e-05,-0.5345899694690204,13.741071145604689
2008-06-02,0.6395937057630104,0.00017456968891865537,0,0.1031477605923489,0.016791792103565645,1.3862240844328355,0.00010628395760559601,-0.4728432020112414,1.6705262271147687
2008-06-03,0.5777659158021403,6.33602996010792e-05,0,0.31840959258098533,0.017834458575864146,1.3857339905577493,9.986251149508152e-05,-0.4908357232377272,49.651747618367246
2008-06-04,0.6021456283487796,0.0005936219918167759,0,0.31231387854132414,0.018094552602722767,1.3857165930495632,0.00014775544140172608,-0.3309465290085465,2.406707871281379
2008-06-05,0.6316301707679434,0.0002943778170471426,0,0.020886994095922918,0.023137714237868288,1.3862916823369786,0.00011681271894396028,-0.39502030795027887,5.110587316925374
2008-06-06,0.6197985203636456,0.0007693528298266368,0,0.14195676422124653,0.026362738211223168,1.386176491228173,0.00010675075737872066,-0.3437384634188214,18.354938019507404
2008-06-09,0.689373742154678,0.00029167342238822064,0,0.06832251798830308,0.0270073399447288,1.3862590595530984,0.00013773338624661853,-0.3374487256560518,2.6970373912475156
2008-06-10,0.7329151138817753,0.004665844855591852,0,0.1895337369508301,0.02714674446254781,1.3860575062324811,0.00015151788888406438,-0.29261339485498344,16.75576393247767
2008-06-11,0.7744163487701538,0.004450976479359562,0,0.17111120253934445,0.027021477234291144,1.386172280447809,0.00014924190116170232,-0.2927638346838274,6.188213785396376
2008-06-12,0.817958086077101,0.00017679148752947635,0,0.32481795823382464,0.025773922509821044,1.3855557521337616,0.00011311790010684691,-0.2982287662496255,107.39241925063824
2008-06-13,0.8336941247132711,3.3022319380021124e-05,0,0.16505942049552771,0.02289128305109993,1.386173834892432,0.00013014211184401008,-0.09265884188698008,50.111367908369445
2008-06-16,0.8463055704609624,0.004241442114925552,0,0.22433457435001689,0.022330705329499767,1.3860578955419898,6.030399801562614e-05,-0.1087581467526606,3.9437884582252885
2008-06-17,0.7804456150901317,0.0,0,0.2894272025282265,0.020359196082820257,1.3858991561219138,2.4230774606627694e-05,0.21737685909481386,2.4951624828247323
2008-06-18,0.7654436760569615,4.302592291531403e-05,0,0.07414473988970659,0.018692236098334567,1.3862663607170043,1.1394264575413034e-06,0.2654808773851187,3.093539021078841
2008-06-19,0.756078092716608,3.2712093040445405e-05,0,0.3191286041973424,0.015539149093026401,1.385824159582791,5.832524168713194e-05,0.31915090555631576,3.403171462209583
2008-06-20,0.789160998843906,1.1057326492557114e-05,0,0.29303560299073134,0.015647945509336077,1.3857237860232092,0.00011511690924485832,0.26791776070919077,1.7838771806268272
2008-06-23,0.7915250270761892,0.0008277324158891522,0,0.08445268383228918,0.015670535093279644,1.3862536404083943,9.342541880648229e-05,-0.2833895805256496,6.881368223940473
2008-06-24,0.7935290142976766,0.0010892955069953722,0,0.05180771414211144,0.012687922672084356,1.3862773420764183,0.00010671211315301765,-0.26742429407329144,7.743991007638559
2008-06-25,0.8040970064091674,0.00035796532057226407,0,0.1832372449550199,0.014844899229746224,1.3860514719904407,0.00010847690696578494,-0.2853974225246941,11.453154146447828
2008-06-26,0.789365234248781,1.1711516416500207e-05,0,0.09468311194767931,0.013931971419219622,1.3862503510725597,9.382738250000493e-05,-0.3175217750361977,10.826484945269454
2008-06-27,0.8152384884801066,0.00012751324579502737,0,0.6444466682021497,0.018382700031967975,1.3836885403213834,0.00019372526825292552,-0.3096345306894279,1.6129117261160273
2008-06-30,0.7618053010110742,9.66776701717755e-05,0,0.12006163534021379,0.019898305103504304,1.3862073135555149,0.00026111667715097666,-0.25837715831706815,5.6075726692294054
2008-07-01,0.7814422987315552,0.00019802453520407243,0,0.17993130418115016,0.01767509944692722,1.3860608579003606,0.0003449409587305594,-0.2583588558349834,3.1178346167662743
2008-07-02,0.8468154604572621,0.0003721616723517582,0,0.22899349039954997,0.026958063058342356,1.3858563520834042,0.0003250370132292316,0.11136912025088236,2.60225028422696
2008-07-03,0.8827301993438974,0.00030532672522270835,0,0.19653155509013506,0.035049136400113534,1.3859959317145782,0.00041747846870538764,0.012071895994910991,4.482631178853154
2008-07-04,0.882824194601508,0.00022920441110521372,0,0.08666876505385855,0.04037895569926859,1.3862485785720182,0.00024838932296349206,0.007225380506349954,12.684255196897453
2008-07-07,0.8836662557840312,0.003492146227886402,0,0.3167310524521025,0.042402734825457325,1.38567797085096,0.00017810268599852426,-0.03131085758592723,496.46489581565885
2008-07-08,0.8664127461057971,0.0003226448055591532,0,0.2736523969608764,0.04033967412484793,1.3857943231399026,0.00015361321969965347,0.015719619099958483,44.964051398537116
2008-07-09,0.8668437767471107,0.000588976332437284,0,0.7772582944909434,0.046068074192059355,1.3827294222908182,7.706016064918032e-05,0.11304422221720643,2.391237910750903
2008-07-10,0.815886032777787,0.0003489086829778082,0,0.21398857444973227,0.04417960812411647,1.3860730893288218,0.00012115730874409007,0.1324593174685886,1563.3913759605402
2008-07-11,0.8244384614589624,0.0009125152763037893,0,0.04796332084860231,0.045279313259458005,1.3862771800411802,6.810272202147491e-05,0.19071302910632484,3.411657562044004
2008-07-14,0.7531145746161891,0.00038289592510564775,0,0.21308117302214186,0.04667285066673461,1.3860270430433177,6.504128216542067e-07,0.20125196695077646,489.2651518936307
2008-07-15,0.7086394890114625,9.899798095714645e-05,0,0.46850569667028436,0.04194617754435593,1.3847723436693222,2.9579859702127527e-05,0.15555689421983204,2.2130137146157622
2008-07-16,0.6725553928480658,0.00011652765924887545,0,0.1510707416999962,0.03557119158280247,1.3861494637028906,0.00018881541380314412,0.21209274448793278,22.01938579437575
2008-07-17,0.6417439709119565,0.001688502477919616,0,0.40784841896540763,0.03342130181086099,1.385319632103665,1.4555340703656111e-05,0.23368604356808248,3.60462627033872
2008-07-18,0.5901645555103461,0.003982230680398267,0,0.13319403657677012,0.03155677084251532,1.3861709667305013,5.31063042095925e-05,0.23656010208205372,3.5446330764106304
2008-07-21,0.6281135255351696,1.223022400391588e-05,0,0.14539719159179684,0.03222009883875107,1.3861896175848203,9.047167351094064e-05,0.19438504235562007,18.355583294831398
2008-07-22,0.6321120768955658,0.00025241908605455095,0,0.10011859757955109,0.0267938199907925,1.3862379348809908,0.00017479317326017462,0.19364544408992632,8.68913742468641
2008-07-23,0.6519305329040292,0.0015553798272597735,0,0.8359778793237976,0.026234453365138504,1.3816787611378125,0.00022654199868351764,0.3317838281071164,2.0392733337560918
2008-07-24,0.6494257507585097,0.00013394602387952745,0,0.17618501665959113,0.03014884164672173,1.3860954434473818,0.00019587638975908413,0.3913647491079058,52.85774204063039
2008-07-25,0.6037472417340617,0.0016452480608970333,0,0.6099383212470942,0.029354535307862955,1.384290834328938,0.0001952700497483927,0.4048868259710195,5.749037829001353
2008-07-28,0.6246527623038673,0.006888496612080963,0,0.48367070960532155,0.0281989920663085,1.3852274581855069,0.00021600179408815074,0.42074968767765597,191.77937168629802
2008-07-29,0.6243789989079185,2.3105768006615663e-05,0,0.32853550447059116,0.028690164010369126,1.3856149829751307,0.00023571554910672607,0.42020895383285045,4.4463556088004665
2008-07-30,0.6170610468123491,0.0003221786341171891,0,0.607861942375613,0.030612101182609524,1.384359243495962,0.0003502436841197217,0.3644986926696017,3.3690596424496917
2008-07-31,0.7012375727650418,0.00018551280847096623,0,0.16474613495453552,0.0330721646924181,1.3861823962581044,0.000257992066234871,0.34996501674872404,137.9581703490455
2008-08-01,0.678313073498662,0.00031163710095189894,0,0.14939066914311155,0.032422680913019565,1.386129805436342,0.00019879305753658667,0.29296052846166104,6.8977550282274604
2008-08-04,0.7197606100264754,0.0028395471631068804,0,0.1225628625306061,0.03460831614218628,1.3862255923881257,0.00014527054155417935,0.2697106060041044,136.9423572447384
2008-08-05,0.7183572427946919,0.00010230903502679682,0,0.2508431951686703,0.03384897239760745,1.385942908340572,0.0001603590084314896,0.24614368569247397,3.095492677940283
2008-08-06,0.7130099595121318,0.000754770724778353,0,0.359688563121045,0.029057269612467844,1.385538565019882,1.86568927167742e-05,0.21621743773876162,91.44665899318677
2008-08-07,0.7283232759026006,0.0005092119358165682,0,0.21366861670016768,0.027250596976950366,1.386069145256015,4.083025858137491e-05,0.23623056346650997,490.763269872697
2008-08-08,0.7240232836993259,0.0012165182277531095,0,0.22875782221976704,0.02365355789730737,1.38604044270762,8.55409016602749e-05,0.2693866780216855,394.8185720037913
2008-08-11,0.7151204220748516,3.309522558548195e-05,0,0.9272609028318259,0.021492304790608343,1.3827625914300228,0.00011596997240519059,0.25205693170778515,2.5146483131651483
2008-08-12,0.716806036788561,0.00011909363103549719,0,0.05613774940573685,0.01840848692934032,1.3862770061622784,0.00011564169397663503,0.25885220147652566,2.851951826574985
2008-08-13,0.7190029261142719,0.0009230895027399857,0,0.19404563162881697,0.016757533960427853,1.3861241033688534,6.034423731659172e-05,0.27587497734514016,24.714917175374897
2008-08-14,0.7190772953432478,0.0010713522412092024,0,0.4567194621331975,0.017079964890597977,1.3853086953695273,3.349409150736813e-05,0.27727007011208016,2.334598499408415
2008-08-18,0.756394552610253,0.0,0,0.05565033938393612,0.01606416707310771,1.3862812008958723,6.601280177337314e-06,0.26618996966678465,16.42982743460082
2008-08-19,0.7284719433534883,1.1448238263628905e-05,0,0.25436684673041576,0.013239412285853888,1.3859802103236813,8.80164414556909e-06,0.2508319245055329,26.01580405651488
2008-08-20,0.7510335235899546,0.0006411497351175874,0,0.16328287235827116,0.012747446344928765,1.3861816022228286,2.36692405200944e-05,0.22052974660799132,6.240577452437482
2008-08-21,0.7588638371753802,0.00010194697726650691,0,0.6029416767357504,0.017111356979426433,1.3843277612799323,7.891652537084538e-05,0.27177566964570143,1.7653532906941776
2008-08-22,0.6788952210134441,0.0,0,0.08399865121542012,0.021589840695693766,1.3862593819349938,6.895640790819856e-05,0.21938128663818177,12.131794000366762
2008-08-25,0.6624433593569674,0.00219770129651022,0,0.33444646718759485,0.02044327435850478,1.3857266357096751,6.816911726867467e-05,0.23105764758114508,353.0818385071396
2008-08-26,0.6565444749089371,3.4577354077858075e-05,0,0.30460641825315954,0.01673202377231531,1.3858788994495814,8.364457050383097e-05,0.19922247825335684,4649.059139433251
2008-08-27,0.6615758778289791,0.00014984461951597836,0,0.043009792614911356,0.016872866802125613,1.3862856955502605,7.647750846125383e-05,0.20995962648843686,10.265018947781957
2008-08-28,0.6067639986305399,0.00031460357620700794,0,0.21509771161775143,0.015872506234292642,1.3860645476473745,9.785132436820043e-05,0.21269779256776672,1.642965609127731
2008-08-29,0.5977832251937942,0.003931534672224925,0,0.7711827485241037,0.02020616932773301,1.3833209103159871,2.8522529570200882e-05,0.22242830395015686,1.3892149510844831
2008-09-01,0.5533492228229593,0.0008948732943192018,0,0.29766238574615284,0.023961021958827433,1.3858415127315185,1.785101330628813e-05,0.20670195725754104,237.69915838194513
2008-09-02,0.505881083390266,0.002342853856608332,0,0.3207102173940099,0.02631998130405077,1.385655939793757,6.367269132711344e-05,0.15402336546087345,2.3106718660549608
2008-09-04,0.5017417984281185,0.001985194119524612,0,0.15073581956907905,0.02704523059139269,1.386182639078848,1.527059622733933e-05,0.15566982505627452,18.323540082691533
2008-09-05,0.48633263565910434,0.000685931265307711,0,0.26000183928879783,0.0235646240420299,1.3859473603997,3.1511906843863935e-05,0.21872853552484403,6.432842672725643
2008-09-08,0.5606604530230371,0.0013776321305086403,0,0.02859501326079807,0.02832277429207658,1.3862884955252386,7.614465102411443e-05,0.1892414075831641,3.1557752095712974
2008-09-09,0.5626766505893326,0.0006356540254654135,0,0.21036497474872665,0.031783047465252394,1.3860826785442675,6.590592712286016e-05,0.1853723716352118,296.31836831646905
2008-09-10,0.5635552445413778,0.0002686142417324629,0,0.24829739922866023,0.03193635487269559,1.386018770683063,3.2360754750463105e-05,0.23796308781863665,7.312144769617568
2008-09-11,0.5690152052685556,0.0006820119616448231,0,0.3944047914526518,0.032161542148627736,1.38548089352884,1.0005197016153489e-06,0.30103196010225847,3.474307210792914
2008-09-12,0.5733070375064745,0.00030303149500621207,0,0.07094005908375942,0.027534886175197067,1.3862654759515476,8.061549956639549e-06,0.3001953311172638,9.318611462872372
2008-09-15,0.736001531835273,0.0008273840570342065,0,0.07206833632329311,0.02601186911752053,1.3862451295281728,0.00015686805088166412,0.2761615222199323,1.7821213025860236
2008-09-16,0.8050548983847506,8.590158135823327e-05,0,0.34292826556515377,0.02604121695806571,1.3853741628363423,0.00015027767393438197,0.2627872823671344,10349.973052093696
2008-09-17,0.7715613729524016,2.4504832381154097e-05,0,0.09633314366707288,0.022631702942322123,1.3862354162516095,0.00020970824680440966,0.26114583929359225,9.295852937941342
2008-09-18,0.888530523766438,0.0007487365421230967,0,0.3252279538051353,0.024275807030416166,1.3852412446487044,0.00018314924752003473,0.21557686931652537,35.17947873398213
2008-09-19,0.8868232140887057,0.0006560621356607908,0,0.7197691564857879,0.023326511657209607,1.3828618066139382,6.502855564667747e-05,0.27142925523368805,1.6924958791090494
2008-09-22,0.8910717544994732,0.0008712287117017692,0,0.18500662659884137,0.02585836282310783,1.3861096321296482,0.0001404964457717787,0.3120908701969105,103.90266891879592
2008-09-23,0.8799349482975146,0.00020127920458969014,0,0.6459170391079214,0.026457294934909944,1.3843270904282587,0.00019214316442097456,0.3680575534407838,6.384493211851822
2008-09-24,0.8830143280519228,0.0002786746959579898,0,0.14622284603803545,0.02884080266144702,1.3861829322532195,0.00013678832694262216,0.3247651574881271,46.33056522504727
2008-09-25,0.8531497858201473,0.00021623431718151837,0,0.04074077831761318,0.02992569848793024,1.386285805788112,0.00010126482984909119,0.35554055529769374,21.815248197113494
2008-09-26,0.8239914132624914,0.00043794599516609224,0,0.5147534483778126,0.02945223319601944,1.3848220371569453,0.0001479960634573469,0.3478827220329504,1.8106944059190462
2008-09-29,0.8555468451524695,0.0012412971901928395,0,0.04166126161854241,0.0256284478289674,1.3862801383296992,0.00013832312145854205,0.3882623648910675,2.433614270116261
2008-09-30,0.9083556591051726,0.0003507316564611454,0,0.18041624697552258,0.029611013508094697,1.3859863703808766,9.879690695264652e-05,0.39313130366172216,8.063577091610005
2008-10-01,0.887299657903307,0.0001657891972680244,0,0.19470316140865968,0.028153291418426367,1.3860467287318405,3.6850838789427734e-05,0.3836265977995972,47.75029946403656
2008-10-03,0.890361737470709,0.0007084875138728282,0,0.3716582906338043,0.028045033395622254,1.3854157432144236,0.00015238795435310889,0.3636685691797012,3.1853872573397264
2008-10-06,0.9062103765096892,0.0002619309531478612,0,0.5924189563032517,0.02458520435657261,1.3836316007409786,0.0003937239135676749,0.19994056413045044,1.8100775594153082
2008-10-07,0.9051600573140334,0.0012760889708216196,0,0.21954835831350758,0.02920854109511789,1.385890077449507,0.00038487588922934447,0.20004500572627082,3557.1374404336525
2008-10-08,0.9827437768201519,0.0006102330830055347,0,0.2603642232638908,0.028760671622663547,1.3855344338180993,0.00039433039682280067,0.20107157040341267,7.762115149516928
2008-10-10,0.9869359833156099,0.003306830157174452,0,0.12048466432759745,0.03122392587718566,1.386140889242219,0.000663727154701318,-0.028115112450224716,2.1051689718281485
2008-10-13,0.9389700061006037,0.002151751285589437,0,0.7225833095397795,0.043713178662970344,1.3822366020919825,0.0006381964580019759,0.12581519375522016,3.271687260830262
2008-10-14,0.916379043285345,0.0009735845633888779,0,0.33499924102110573,0.049351164234465277,1.3854047035399095,0.000490185393412382,0.08848318806279504,147.19616956226164
2008-10-15,0.8904521384604894,0.00021317265525234712,0,0.7272729803060117,0.050210649594954734,1.3826761222548751,0.0005828738447917898,0.08096269406562374,4.385066392658672
2008-10-16,0.9090231781851106,0.0013637994357825892,0,0.2913024830433302,0.05252911419960517,1.3853867745427833,0.000713711075308426,0.13285292341928837,27.159939710384013
2008-10-17,0.9467814725043384,7.647189165094983e-05,0,0.11021414946544951,0.05241342844482144,1.3861650949611928,0.0010104114934515055,0.0848179132837128,2.89000987884867
2008-10-20,0.9327136249367198,0.010950236224764081,0,0.2312901668626258,0.05830233452923783,1.3858280037056838,0.000846099891252304,0.08719759260334546,29.8195860512694
2008-10-21,0.9151378550717572,0.000832192851056426,0,0.29824271422904974,0.053883828903916214,1.3857171681020077,0.00046311093318730236,-0.012558840364354026,6.810543057029582
2008-10-22,0.9173267522081952,6.181253136700404e-05,0,0.7078947206285807,0.060759404677575284,1.382789524735495,0.0007293142930125988,-0.030685555836581876,2.963905754332257
2008-10-23,0.8566393804550264,0.0001141456353776088,0,0.1795090685453132,0.05748922874843776,1.3860455439569437,0.0008047100443390917,-0.032940007898640294,5.954813308632196
2008-10-24,0.9076390789108038,0.0023471461802365046,1,0.3973421090955614,0.05286972217446381,1.3840842674762823,0.0013353762099578084,-0.8849126374460716,1.3568166996606468
2008-10-27,0.9402895319964237,9.675390651448003e-05,0,0.341813330820775,0.05869509678829542,1.3842073245479245,0.0015307006354294533,-0.9037284050207394,42.47080468328093
2008-10-29,0.8586606176484171,0.061868310247962695,0,0.586502245323534,0.061927100035366264,1.3829642831969602,0.001478635511608304,-0.6838656147163135,6.023971029677781
2008-10-31,0.8034131089863004,0.00027812027450629267,0,0.4042113238574457,0.058557078969026656,1.3848126818948137,0.0009034268168283292,-0.5029196176838399,6.151189784504242
2008-11-03,0.8035386357228202,6.937976523311998e-05,0,0.6005219029849458,0.05562566834649935,1.3836858677593402,0.00046795218433163345,-0.4370663600258176,10.274927104589072
2008-11-04,0.8091017622165321,0.002100360871651586,0,0.05646102976419413,0.0494593574647763,1.3862683695016362,0.00013842363270992556,-0.4547183391101623,13.23921469370911
2008-11-05,0.7512364310105002,0.00433478838206683,0,0.029084569513080975,0.05613720948158956,1.3862853206826906,0.0002724222789199423,-0.38222374495588696,6.569590201889048
2008-11-06,0.7286406642289698,0.0011679515650197952,0,0.1586956901876171,0.0476972000745458,1.3861090481119203,0.0007180746983100304,-0.33033656417233437,9.880511595576817
2008-11-07,0.7451961163067055,0.00020743451097680416,0,0.0670101705326171,0.05312693580408668,1.3862597083536121,0.00019336134195085229,-0.34440326919720743,10.815305381552685
2008-11-10,0.7381993412955752,0.00010091950487385186,0,0.7847126734157046,0.046499259543694924,1.3819526325026494,0.00043417402723700904,-0.3011593370703232,2.605972137147305
2008-11-11,0.7292757532215365,0.00033358976594424045,0,0.6625424380966752,0.048659736207520524,1.3827216896069037,0.0006640569337889636,-0.2512732683790538,2.588366209493065
2008-11-12,0.7249218020498063,0.0002552518157759763,0,0.08264745281279176,0.04288999513420335,1.3862345057862535,0.0006319610061705385,-0.2306365089658421,11.27445627535661
2008-11-14,0.7296463281029955,0.00015797599440616362,0,0.19220942217643008,0.044708833119227034,1.385976528494934,0.00020204363316665358,-0.21898317687516483,54.76783662176478
2008-11-17,0.7252520841022757,0.0010846161321114297,0,0.2569594775359843,0.0442012299945833,1.3857369803496256,0.00013243355868365,-0.24397447705927797,620.2406868071116
2008-11-18,0.7314696532074807,0.0010353097475099642,0,0.45741410179166164,0.0460895414177116,1.3848551810382437,0.0005093405691078748,-0.20592536958801144,4.279668757306787
2008-11-19,0.725943707923189,0.0001490532256540335,0,0.18780302504453464,0.03993697775222619,1.3859843573868638,0.0006556238938033949,-0.18872667546392122,10.062034851875742
2008-11-20,0.722512514540673,0.00030366994674210334,0,0.042053930439693354,0.03996339008655182,1.3862805826947415,0.000576272833176563,-0.13626796360642068,3.3374940973538885
2008-11-21,0.7192655092343725,0.0001763138252964886,0,0.2792216732632509,0.04250753453793513,1.3856362739475485,0.0002953896867405173,-0.1617535890941549,2.097921489323719
2008-11-24,0.7265936452274345,0.0009657165069189221,0,0.20295178608640052,0.044522932606688236,1.3860057528175818,0.0003723517391342484,-0.1569357494262436,200.44114686848266
2008-11-25,0.7254634111515791,1.8479965171704122e-05,0,0.16575711931656595,0.03336102586710686,1.3860578319132335,0.000552699462529385,-0.1278059478662293,11.295398964383367
2008-11-26,0.7441514986447564,0.0005842131317451493,0,0.4105967284015448,0.03545706614717508,1.3852090322342885,0.00020125161586029232,-0.14506231237827674,4.251844178790241
2008-11-28,0.7067705124598839,0.0023827251921981173,0,0.2201229761566716,0.037413335213399145,1.3859861436323166,9.832034051885182e-05,-0.1601775560276004,4316.083376218453
2008-12-01,0.5259373683206886,1.8077106302401462e-05,0,0.12039112183071563,0.039410555489982395,1.3861672871441144,0.00014056153588982284,-0.1502885018320737,3.4984940791048795
2008-12-02,0.4467522780868807,0.003734273865842718,0,0.3571479623728257,0.03702600801767524,1.3853455030795474,0.00015754837645398737,-0.11863619893334408,28.584158999030024
2008-12-03,0.49547891652187065,0.00011290005293672467,0,0.21679105736336687,0.03530738794487989,1.38600725839371,2.734997777606629e-05,-0.12132366797279945,8197.106094654782
2008-12-04,0.4938735386479825,1.884031605275455e-05,0,0.5812918087403798,0.0392401546953578,1.3839627943272643,0.00017274676579962254,-0.10597461543956549,1.340248510323179
2008-12-05,0.503038533128023,0.0004843703932253931,0,0.04062253876640065,0.03813316607879666,1.3862828523731503,0.000183664426526812,-0.08838123606294312,5.372960083328723
2008-12-08,0.4470489973187481,0.0001105335457170299,0,0.15270402279109332,0.038583854703590416,1.3861014475664413,8.63611126719445e-05,-0.13760356559274756,5.899469583808068
2008-12-10,0.4470000319273173,0.0006104282958021003,0,0.7285833982505215,0.03852650652438791,1.3827653145380687,0.00023518040988185687,-0.11909368582117033,2.4472289964338994
2008-12-11,0.4856033806052207,0.001978762831081318,0,0.24008661358712627,0.03815991753439048,1.385940651829535,0.0002750571927179608,-0.11943879255647853,814.8635003823341
2008-12-12,0.47943927820939214,0.0016450366789183706,0,0.3011698664672049,0.03458937718384193,1.3855901894610787,0.0001625922371521002,-0.14004388418663075,23194.13658167296
2008-12-15,0.47752913368608396,0.0011817256373710403,0,0.09568349595836595,0.03373144021728048,1.38623993870144,0.000217366176876593,-0.19158061932952056,8.782367835340429
2008-12-16,0.5174825596268047,0.0008047701831632091,0,0.08404125685431017,0.03184443076518363,1.386254489854949,0.00031260503491997455,-0.22980568136979385,8.348597667849923
2008-12-17,0.5094888293601554,0.00042749296582179696,0,0.07108086705638422,0.036329987155022336,1.3862592057341825,0.0002907508242829916,-0.2369004309603058,1.9687557250170156
2008-12-18,0.4994834450799029,0.00033842664652858,0,0.13376972944324433,0.03807372421522156,1.3861630884713294,0.0003996707334410023,-0.25739897882877144,2.3306204607795418
2008-12-19,0.5891343019911389,0.0007348438787503931,0,0.1994468477258721,0.03305552806148379,1.3860855273911552,0.00025268299781025153,-0.28539233274025094,98.94699495345542
2008-12-22,0.606039208159473,8.123806820338337e-05,0,0.09774450913783937,0.029264027397147792,1.3862407441771465,0.00026716112363961924,-0.2604324932085415,17.254825477701598
2008-12-23,0.6258712611050525,1.646735742042361e-05,0,0.4178712486032436,0.027689721273203977,1.3854040927976983,0.0001630765390425059,-0.22508452893927022,5.135301896873459
2008-12-24,0.6361804944201196,0.0004211555022632098,0,0.16996399295022846,0.0224264705869737,1.3861522943923474,8.195082203952203e-06,-0.20872456434762093,7.4248020629682685
2008-12-26,0.6363274265866492,0.0010279781944579518,0,0.03962573434130552,0.022410999690939466,1.3862836853781824,4.7846228174643854e-05,-0.21162254913804235,3.4609124740741954
2008-12-29,0.6083657979781805,3.503347962025667e-05,0,0.04681625226422016,0.024994632751540544,1.3862791299879091,6.785311884037646e-07,-0.22228736906819838,3.8606598478998935
2008-12-30,0.6092445900984481,0.00011979901849312395,0,0.05533291479394423,0.025315239431454903,1.3862756221775792,1.3259263240158885e-06,-0.25703489592256074,5.758771903025445
2008-12-31,0.6569299752158345,0.00010069935258175477,0,0.1627826549915624,0.022760883405206732,1.3861587695932343,6.108281586094693e-05,-0.28675164984665,35.45550017281525
2009-01-02,0.6165532733902699,0.025177620356528648,0,0.6624539364438452,0.01959324801834063,1.3839044712625277,6.819014201094617e-05,-0.35058863364307086,2.5926453643676974
2009-01-05,0.6469031219107512,0.0039308870532696345,0,0.3372273182244581,0.016818531172974743,1.3857487799662758,4.037044654295772e-05,-0.3534057978325613,4.0344739196412345
2009-01-06,0.6483617148074169,1.6033711151763935e-05,0,0.2228591912269901,0.017823998300889286,1.3860008786079387,2.3456904331430653e-05,-0.3410492229200311,242.78674432700947
2009-01-07,0.732217194007618,0.0,0,0.210804476928872,0.0233792762743497,1.3858522762002412,0.00011577899191135014,-0.33972188087349176,1.3666370704530804
2009-01-09,0.7340702486289371,0.00015408363678571493,0,0.1612765003958189,0.0279927561571118,1.3861061550467302,9.354182335478855e-05,-0.3661050185890328,21.60030013613433
2009-01-12,0.705104000153377,0.0014454933499670635,0,0.24658265624541303,0.02976891518301376,1.3858961548631932,0.0001519571722079177,-0.321587568067546,4.938385827533084
2009-01-13,0.6855119367574212,0.0006848839727378805,0,0.13797760769231657,0.02777625988441612,1.3861821579081424,0.00011886444256706968,-0.34190890858585327,54.78107776402651
2009-01-14,0.6857409038502793,0.0012560465717419318,0,0.3450358366865439,0.03216843676215524,1.3855847415392768,9.289784460597608e-05,-0.3985032327173878,6.430195816803913
2009-01-15,0.6778779041228591,0.0010586492442984036,0,0.13166960485878498,0.036780399947489766,1.3861710166638184,0.00026529399509162856,-0.38629027864734394,3.1337538406437178
2009-01-16,0.6803004350824361,0.00010963291050000418,0,0.3572016923247434,0.04037419213864397,1.3855057550217795,0.00015300867472684937,-0.3966500673264093,4.364116799900596
2009-01-19,0.7440562034347418,8.838372837148576e-05,0,0.14751365046209103,0.04279295740243817,1.3861948131917905,0.00021833924102778626,-0.45554271833388965,90.25461635787875
2009-01-20,0.7352173712631387,0.0011601305244148775,0,0.1044017343738785,0.04244174651253266,1.386229015541362,0.0003323622696123334,-0.46011149455454114,12.091879852958199
2009-01-21,0.71310427630904,0.006889225422136838,0,0.18051318256040352,0.03736064021238736,1.3860996975693864,0.00043158062594899434,-0.4616297205320512,3.4871426624910957
2009-01-22,0.7072578749498099,0.0031545075584959543,0,0.19477577717959738,0.03605643414792045,1.386091384955892,0.00018805070818960295,-0.44815924849762906,316.7887754354859
2009-01-23,0.7084071825596795,0.003081645712722475,0,0.1855749912929356,0.03570866596790678,1.3860547226083462,0.00017886382380007338,-0.41064897750244655,9.407243982823912
2009-01-27,0.7037257302367113,0.002796109588734848,0,0.7239683890184709,0.03814703789268247,1.3835752988023982,1.6650007452319733e-06,-0.48006057566519156,2.3524866414585954
2009-01-28,0.6821314506703777,9.021280890574382e-05,0,0.5166876918570292,0.0341094926510548,1.384866831601611,0.00010267917180591117,-0.5532600365517205,4.129100979485267
2009-01-29,0.6844303505530199,5.260792658728565e-05,0,0.1615996677319771,0.03066904641243266,1.3861451272115868,1.0323200625763748e-05,0.15420005537474532,27.03705165128734
2009-01-30,0.681077524754423,3.544534570124388e-05,0,0.11679762108228457,0.02605598580218799,1.3862019598095567,0.00011352749705017341,0.09959734718128706,7.861609840233828
2009-02-02,0.684160029753975,0.0008525795421501733,0,0.8103582226392433,0.02933069164613408,1.3826173252771152,5.392572738176937e-05,0.09154835884426994,2.5866125196065917
2009-02-03,0.6582333941669557,0.002472893790893154,0,0.22602965954085852,0.03163350707373898,1.3859932698168758,5.402065233986009e-05,0.01411531230035102,69.42100780670897
2009-02-04,0.661440682593195,0.0011501101997773624,0,0.23487302427666865,0.030004900551710803,1.3860000586351404,5.509818699135541e-06,-0.012263950215383585,41.61372113464369
2009-02-05,0.6575844217362945,0.00010704942231191749,0,0.14497222934200382,0.027715353079855808,1.3861862289301854,5.7245824612257504e-05,0.0322833018922396,28.613730734808428
2009-02-06,0.6637307917951686,0.00025180816531655804,0,0.47188596923859677,0.029356251209221362,1.3851963784590993,0.00010308024361411851,-0.009334996890343464,4.228928683052964
2009-02-09,0.5088761165597537,1.7603765935502876e-05,0,0.5677563654682058,0.024589022590148776,1.384637576507083,0.00019132043348743643,-0.07555937720912562,1.9239820531255944
2009-02-10,0.5072630515600207,6.84811209565438e-05,0,0.18989525707348046,0.026301968034852755,1.3861068782544324,0.00011610732129328994,-0.05196226323187721,54.39187291431943
2009-02-11,0.49466030900964153,0.0005112910209381089,0,0.3057795319559827,0.023099211624478942,1.3858004676589135,4.977107304908665e-05,-0.11065382993600462,145.8054847202535
2009-02-12,0.5407355089673637,0.0005808721061380412,0,0.09722553295174997,0.021028725633464543,1.386251987784341,4.598994987886837e-05,0.07471816143717265,10.903535818127107
2009-02-13,0.5368213125422263,0.0013471167300589124,0,0.09256081380724338,0.01813587466165578,1.3862501169699923,4.83143554399659e-05,0.013663992723092218,3.4275147367876992
2009-02-16,0.5068862792631931,3.395097330728158e-05,0,0.5139765743254109,0.019116542084353712,1.3847289841255455,5.311709404932551e-05,0.014024623507701334,1.436682655660392
2009-02-17,0.49729973260616084,0.0018764541406506424,0,0.46048666503879065,0.01978862370985623,1.3850845503450693,9.917240950710356e-06,0.03940312571986259,3.1799705194265924
2009-02-18,0.4415655786414523,0.005555957186549623,0,0.12537009116218958,0.02142278202696664,1.3862070060849083,1.9690092360483285e-05,0.03251805061276036,589.4753728205625
2009-02-19,0.5801084854096525,0.00019811406554632682,0,0.14912360367242727,0.01831623206955461,1.3862061157001742,6.785399877736814e-06,-0.006639363139101042,104.12870684413099
2009-02-20,0.5786033492072753,1.7942988648546976e-05,0,0.05041132373213449,0.020500964241336486,1.386279900247942,7.468112964597534e-05,-0.003240127480541478,6.413186755470994
2009-02-24,0.5753415652950471,0.0002923246947984524,0,0.2939738939709164,0.020117444272997345,1.3857907422742963,0.00010831286260865539,-0.06615805147412203,1340.3080155989005
2009-02-25,0.5552310760273399,0.00016459571271135062,0,0.11742955399741016,0.0204894646317068,1.38622582179124,0.00010244435827198159,-0.0753697677779712,4.639148585571267
2009-02-26,0.553852822929543,0.00010862085943922534,0,0.14938202699637676,0.019805321029865323,1.3861748563876979,8.611517329168493e-05,-0.1265196755778143,8.155091729825164
2009-02-27,0.5589330024035776,1.7966499840241493e-05,0,0.27024148395402203,0.018262796840064346,1.385844925530691,7.987076441405744e-05,-0.0974490633776289,9.675714762016085
2009-03-02,0.5818529863096661,0.0003437598957561506,0,0.431386997264943,0.01508899767901329,1.3851774112069843,0.0001692805272869095,-0.06505923002856066,1.2253003177106334
2009-03-03,0.5553710411942759,0.0009165176916873695,0,0.0873948782537019,0.015794989445280568,1.3862517308586058,0.00012880443633647,-0.06709510439913383,4.381178264380438
2009-03-04,0.5375106191920738,0.003992841650924723,0,0.3836077542991669,0.015635521213518466,1.3856477797341875,6.824435848977014e-05,-0.10438512798813893,22.266596504658747
2009-03-05,0.5601954619792213,0.0002645768159121944,0,0.14122364563221365,0.019211918603113744,1.386168060118937,0.00011917170657164166,-0.06852410179416435,3.322827478902462
2009-03-06,0.5743091668399493,1.942342648167244e-05,0,0.09025972265224887,0.021330633180867965,1.3862424959490813,0.00010880469411380117,-0.1591920809860098,8.955355783062615
2009-03-09,0.5676001949464758,1.9008515815693945e-05,0,0.1264669424822862,0.023175956355791432,1.3862110438963093,0.00010647299599946673,-0.1643650398643217,5.36897999631913
2009-03-12,0.5678333761410908,0.0005245491487648563,0,0.045911110927605005,0.025823871111780687,1.3862825344494971,8.175071913536279e-05,-0.16620959659609483,5.703853279864519
2009-03-13,0.5944910792969608,0.00032474031205861876,0,0.8283491888086366,0.02793764988267591,1.382395712168899,3.600930558947495e-05,-0.2633639202277438,2.090106726116158
2009-03-16,0.5859757075278521,0.0011774700615747823,0,0.2466704139297848,0.028023909278146266,1.3859632263059563,7.179385293566895e-06,-0.29479192261086634,6.285919148123498
2009-03-17,0.5875245836554134,0.0003240789166674457,0,0.1745639513825938,0.028405757983169355,1.3861306084069882,5.33328994208412e-06,-0.2774898393669505,50.231360952529165
2009-03-18,0.5547006840096403,7.25104448780934e-05,0,0.1319211944381933,0.029242530672923286,1.386189495962022,9.248631952933915e-05,-0.27509037932770186,13.462039818122973
2009-03-19,0.5852233414017899,0.0008405589644098915,0,0.1929946036499173,0.02708772278411096,1.3861173944477214,0.00013136168976214465,-0.259243223223839,108.93426408409023
2009-03-20,0.6049663508073431,7.13136744446174e-05,0,0.2585979213186207,0.023708454837137106,1.3859912023905296,0.00011520115457424228,-0.30324202789337246,549951.799921195
2009-03-23,0.645948182188138,7.12292432611345e-05,0,0.7825804298176295,0.02407709621249536,1.3824390398239577,0.00025819122551471043,-0.22850450079928214,1.1173874209160382
2009-03-24,0.6807175260734268,0.005491377153524549,0,0.2900828379517745,0.025391193092124256,1.385715421317482,0.0002292577907277028,-0.21586932222523614,14029.703703298585
2009-03-25,0.5656550334817525,3.40613037038299e-05,0,0.06931331136015258,0.023241466805529937,1.3862693670332475,0.0002530357118578576,-0.26957609988319464,10.082796474411955
2009-03-26,0.5833751538174012,0.00070395123138882,0,0.3606598860501266,0.022772280819871926,1.3854883243560403,0.00029333200218394025,-0.32049838694615074,3.280584647875221
2009-03-27,0.5979296120798339,0.0009251086655966744,0,0.10191625651043441,0.02351658531013458,1.3862416947270995,0.00021836365791685965,-0.37464135039077057,47.98918686979262
2009-03-30,0.6225442030462643,3.2199201541207796e-05,0,0.5297756821253841,0.026089350250478167,1.38444349299295,0.0001661424941239745,-0.4039072865310505,1.7352954892127868
2009-03-31,0.6148998818689048,0.0011913217061659644,0,0.12141887467778655,0.03015401453465612,1.386208763249384,0.00021295962013685626,-0.4022344212492354,16.674574951679272
2009-04-01,0.6196790746742996,0.0009595509143301266,0,0.18120273383280225,0.029302637178849907,1.3860787857383001,0.00021180387794695837,-0.39850546392947145,19.804394249085515
2009-04-02,0.656215900055132,0.0002286898938724855,0,0.5854606922479725,0.03270598986800552,1.3839525278975375,0.00035296905670888885,-0.33986062704916814,1.988265320671353
2009-04-06,0.6546018340265624,9.343822293842142e-05,0,0.1416947003346917,0.0313399863218907,1.386176162883221,0.00038367164093942564,-0.34221562860006444,23.78812203273563
2009-04-08,0.7143018461457324,0.000383909574816005,0,0.1515541537658198,0.027499376821162245,1.3860808432437,0.00030602882604444256,-0.34053587626614484,5.205978275293019
2009-04-09,0.7152019140421442,0.0009119664706058598,0,0.21722966525670756,0.028678951917866277,1.386018362669053,0.00030624989269973984,-0.34614330547657074,46379.344070004074
2009-04-13,0.7218821912970752,4.4852404914476674e-05,0,0.0894322776362045,0.028175214024256885,1.3862511554326955,0.00029805796315002616,-0.15511724868757712,22.959030082417502
2009-04-15,0.7538929751037377,0.0003400762818598887,0,0.04520635961251356,0.027482987438101444,1.3862777423783825,0.0002887600700096258,-0.2168205650713429,2.1758432747261747
2009-04-16,0.7617770202639134,5.7457218211933124e-05,0,0.19122056421702105,0.028774566842078145,1.386042585832615,0.00022302980881919082,-0.20978302843931199,2.5232222809688496
2009-04-17,0.7690841773205042,0.0,0,0.303226123896274,0.026631972323094402,1.385627870301082,0.00027258822897634677,-0.2420106078036921,110.92542748966416
2009-04-20,0.7690923702991501,0.00010343917969392585,0,0.21319823736295376,0.02721646015291186,1.3860198931138312,0.00024314384168137526,-0.21187606312772192,464.16823016826675
2009-04-21,0.7527244763605726,7.403075026755175e-05,0,0.21016390234607474,0.023464274810096483,1.3860217452728525,0.00021164265067632597,-0.204613438788805,165.7616204021919
2009-04-22,0.7540452034573328,0.000208012350603628,0,0.16060741736747894,0.020461110379967944,1.3861382687771528,6.697291275132471e-05,-0.16003426069435145,11.57568055375445
2009-04-23,0.6954175556745379,6.003818474327581e-05,0,0.17468713684795675,0.02335332988807289,1.3861024095879684,9.846795547840465e-05,-0.1783763348471052,1.1904246840194093
2009-04-24,0.6312674167240411,2.9165806937024053e-05,0,0.0790664139113629,0.02165269923690929,1.3862613785694715,7.569856592558244e-05,-0.2437330218046998,4.263398826066437
2009-04-27,0.646035041430236,0.00015801346597967797,0,0.20675840446833274,0.022462661494949816,1.3860662904493952,7.07565715166279e-05,-0.24032605181525163,122.20842603708704
2009-04-28,0.6355741879893319,0.00014410260130126026,0,0.5617583963227399,0.02367400526009811,1.3845412217057325,1.2936356198493111e-05,-0.22401826640882977,2.164989296974272
2009-04-29,0.6154146472516998,0.002762046510179115,0,0.426069413409955,0.023799271838459233,1.385275088288881,6.461412334287239e-06,-0.2753932631984794,2.914233428067063
2009-05-04,0.6323152851730736,0.0013663857106980515,0,0.8654136059841064,0.021577731483881733,1.3815657292935901,0.00019388121526026168,-0.1734351444288702,1.9172417798540555
2009-05-05,0.6469156604848861,0.002869442427952739,0,0.19933054033183956,0.026222072827773814,1.3861051190185014,0.00018888106209943582,-0.13894687096123137,992.012650160188
2009-05-06,0.6333828409474099,2.7334523297844618e-05,0,0.15989444249793314,0.027436810903475654,1.3861410189931263,0.00017333692023639043,-0.13715758007083245,46.13767700278979
2009-05-07,0.6549794133524292,0.0021816988404734393,0,0.6262102313747755,0.02957718896583677,1.3845729814230665,0.0002198737301853156,-0.13481658041735986,15.369179736158033
2009-05-08,0.6537560904653354,0.0005701708151113203,0,0.09908035157898067,0.029054332848524305,1.3862320516528484,0.00020905140246546785,-0.07102928634519802,10.749894532976048
2009-05-11,0.6226707105453204,0.0013680608522959059,0,0.08789744403144822,0.027941750571170734,1.386245394591865,9.49185626131192e-05,-0.030988993121043012,2.9610979918617826
2009-05-12,0.6312284208046531,1.4011235362708339e-05,0,0.31625463747912,0.03169449712437444,1.3856425333290632,0.00015082628600861537,-0.045440230721542664,1.8182198377112795
2009-05-13,0.5495961465997208,0.003360642493539261,0,0.15439722322095842,0.03381467558531437,1.386159186497974,0.00012770455385622363,-0.0398621602067107,14.50195470842394
2009-05-14,0.5473735991212721,0.0009219839795745281,0,0.2089218853005378,0.026792684488691657,1.3860425748417666,0.00016723422649722938,0.024115094208957532,16.09391687738531
2009-05-15,0.5573342652511473,0.0012237417445012853,0,0.3528165868948643,0.02848329009486812,1.3856939799662098,0.00013341667192416594,0.025630008878420863,4.99842593313322
2009-05-18,0.8985640345848145,0.0004084522548585166,1,0.7075244917733106,0.038865980791449935,1.3790967085147996,0.0009182504009663258,2.426025519717905,1.0741035719294603
2009-05-19,0.9599800458069183,0.00041634416216879155,0,0.21689947724557623,0.055772333903170775,1.3857975357595287,0.0009022728746552177,2.425245449575184,23190.753026012568
2009-05-20,0.9577581274171058,6.942172945894401e-05,0,0.12267952139493443,0.053984221355882205,1.3862091436795057,0.0008972524884926551,2.425258775760341,217.98310334830077
2009-05-21,0.9587793281973912,1.1777316556763278e-05,0,0.07830275538649138,0.05058274052299493,1.3862592363817496,0.0007435336394489509,2.4583151103105543,139.98750425325122
2009-05-22,0.9697641111515701,0.00022562590995371003,0,0.20112229148827196,0.05274057377110192,1.386079564695851,0.0008609972375763151,2.5528542865529085,633.6990641742577
2009-05-25,1.0324363694120984,9.43544202722156e-05,0,0.2172915879631321,0.04755872760672173,1.3860868498419012,0.0009434150173716001,2.621531987223637,7277.723714885344
2009-05-26,1.0335377129525747,0.00047185951074519124,0,0.22279025163353613,0.04547053393067815,1.3859810606632528,0.000616954161325503,2.547720647601609,1.4356122926406014
2009-05-27,1.0305043937509224,0.0001456423065483928,0,0.7616676943452717,0.0527974694956526,1.3829729887684454,0.0008939622151292877,2.4399871559167585,1.7460835735390021
2009-05-28,1.0312499873275438,2.3408633961622334e-05,0,0.06271840725871416,0.051765010386130655,1.3862744329962173,0.001019736132330435,2.4412831337158143,12.554970707441676
2009-05-29,1.031075558715081,0.0008411997252552717,0,0.14742734678392258,0.0372618047543542,1.3861660701499021,0.0010417578752980549,2.382988569521191,4.825958009414688
2009-06-01,1.0514690428519395,0.00032580065469163413,0,0.3716592349479505,0.019817324585919657,1.385666958628112,9.345049193429459e-05,2.363940726537891,10.62268338827507
2009-06-02,1.033246850878331,0.00012147278272812855,0,0.2149889744643187,0.020809974309108102,1.3860159372961514,9.356283146913693e-05,2.3739874331585353,2481.869185790824
2009-06-03,1.0300775660584158,5.524404056312914e-05,0,0.21574397349412203,0.020747261208073135,1.3860573757500367,0.00011411429387490922,2.375134650831457,812.3380401586411
2009-06-04,1.029945092814684,8.837669689009878e-05,0,0.20228347577610642,0.0193552615839993,1.3860487471816159,0.0001480646817918769,2.472861338503438,12.489860278610374
2009-06-05,1.0512594682178655,0.0001421180666113803,0,0.22955201402442577,0.01928277460651851,1.3860505135611612,0.0001424596943727147,2.509402723398453,43.6160720465453
2009-06-08,1.0614681131318862,0.000992405062772473,0,0.1971308926947749,0.020308309521563525,1.3860276938511897,9.999801419444743e-05,2.3862071940655802,1.0800750570581203
2009-06-09,1.0717056903268896,0.000485434039428239,0,0.024101219694280505,0.019738913218540623,1.3862902497536105,0.00020189862393111562,2.392450617711038,2.80109647819182
2009-06-10,1.0640451578988859,0.00016478717066167748,0,0.19020759193001524,0.0175720320558777,1.386093992286752,0.0001551991831671346,2.3746360452657473,4.962095661206761
2009-06-11,1.0775262862011414,0.0004617165692876369,0,0.1894875316012432,0.01925544095870691,1.3861143270242269,0.00012414904598871947,2.405260078043503,173.64110993589938
2009-06-12,1.0782411918092076,3.242837120574363e-05,0,0.11762334677565185,0.019318773173266454,1.3862154547364152,5.380945644906949e-05,2.4202771197904096,18.78858340798982
2009-06-15,1.0701721888511841,0.0002726861294113073,0,0.25242306737719417,0.0183286969633569,1.3859510363621386,1.9124559839123175e-05,2.4820593963988706,3.898140912335812
2009-06-16,0.729531960959185,0.0013166340772282866,0,0.18133111048972453,0.021351415332817262,1.3860958736562838,3.125888459422105e-06,2.517123643851809,21.341880101434985
2009-06-17,0.6021316393775898,0.0005423815873284159,0,0.4432783614704394,0.025344012449174197,1.3850779838774545,8.697908640230459e-05,2.38482772695809,1.5198034450233295
2009-06-18,0.6079952928102678,0.0007347962796014459,0,0.10229124700614417,0.026009713593794885,1.38622994365347,0.00016365118395582812,2.3633069363417367,4.381638072818004
2009-06-19,0.6079956730932864,7.052153781220849e-05,0,0.059968043617450645,0.026112592836598295,1.3862739232102819,0.00014329553848338344,2.3428707865835885,12.647562869483037
2009-06-22,0.6036353109476378,0.00013910791553835384,0,0.036635948512323796,0.022897987535703823,1.3862865771085997,9.701755146568143e-05,2.3248852309595254,7.510059653552507
2009-06-23,0.5231733632728881,0.0028255915113740682,0,0.22517645401451158,0.02476482004378039,1.3859839682100348,0.00013034945468721215,2.4660329915785772,322.41148283264795
2009-06-24,0.5323964164956696,7.058961763027543e-05,0,0.06722559167485365,0.022715292767991335,1.3862721669973364,0.0001383485961166974,2.448434308999534,10.905280079048172
2009-06-25,0.5117310932605484,0.00020960132210870564,0,0.10314318132240904,0.024352569354390934,1.386234386140077,0.00015204347138558539,2.474670707216871,5.675625289203217
2009-06-26,0.502846186715947,0.0004949675049189162,0,0.8459005420761581,0.02800233970054292,1.3826913075356928,9.808087271315849e-05,2.4798220265057127,1.6264875810450368
2009-06-29,0.5206645608085854,2.2877111467752422e-05,0,0.20034448412949601,0.027786925870904144,1.3860933143322949,4.263914503062444e-05,2.4887005283432826,99.93257406033996
2009-06-30,0.5107169437928193,0.00012520530740076785,0,0.07391697756613605,0.02585151205620679,1.3862598828958326,0.00010816296209131877,2.6335697022551905,3.3320862225720704
2009-07-01,0.5130021317304805,0.0002795412197291156,0,0.11450471137185751,0.028345386609546726,1.3862218978493037,6.447496202292303e-06,2.641077547322076,13.372522063860645
2009-07-02,0.49098854428158717,0.00748192648920961,0,0.3001825515109022,0.02510582323378658,1.3858040732901373,3.7030561323161e-05,2.663067101911343,489.9301350079032
2009-07-03,0.491231115243695,0.00035654697827961374,0,0.027411450850866513,0.02316187948218857,1.3862898906646506,4.199779517932651e-05,2.8025562266970256,3.2947207850736073
2009-07-06,0.6063849218428641,0.0012085360037537866,0,0.24919152746220113,0.02941796003234319,1.385706735780323,4.2038624527177985e-05,2.4222602720482924,1.2650497339604632
2009-07-07,0.6306498552132098,7.196722892108552e-05,0,0.09059283290257997,0.036188788232584285,1.386256110029426,2.7149430043949494e-05,2.4783901544913496,54.46669630440437
2009-07-08,0.6068323022733119,7.134809320015997e-05,0,0.48469265675186907,0.0379382159392615,1.3849897181806898,0.0001364525141013136,2.428607333247691,5.514527200845481
2009-07-09,0.6463669813252612,3.675135500089557e-05,0,0.21658239444003494,0.03652438001486417,1.3860707131841303,0.00010291474946619689,2.4529110277434913,19343.474305638272
2009-07-10,0.6355448787964423,0.0001102504010256343,0,0.07131250238590026,0.03564293244860997,1.3862608893117754,0.00021204681094914618,2.5348861002572245,13.628994959606377
2009-07-13,0.6403229373051719,0.00012488604469567852,0,0.24621780116390396,0.03398187034827515,1.385974059880265,0.00023451339883706285,2.608105589153701,24.673699779010924
2009-07-14,0.648277021913598,1.2593830565235855e-05,0,0.5522834294346589,0.03475074863297881,1.3845267625718731,0.00011417782110699264,2.506164289189196,2.1310234231883958
2009-07-15,0.648434604501523,0.0022836925156124845,0,0.43828945752762083,0.03419559192110848,1.3852741246825886,7.112807725179906e-05,2.4191947229510435,2.837850588231697
2009-07-16,0.6339597830313838,0.0023649059147805174,0,0.24127272237622716,0.035795832362807437,1.3859722253544193,7.764987667878214e-05,2.416591628299188,9871.95226675213
2009-07-17,0.6376629647512447,1.1885586574357595e-05,0,0.5932083420681437,0.030957247496196112,1.3843001143184221,3.365706750349826e-05,2.317130385960547,2.8572617012981527
2009-07-20,0.6374826907828944,0.0006739992368210441,0,0.8282382234100578,0.023818560623288257,1.3829650313715964,0.0001780158814604827,2.313357633639147,4.797717385877829
2009-07-21,0.6658548872341888,0.0001665972515307119,0,0.14495447571784598,0.0235509477478171,1.3861929236103712,0.00014412107574959948,2.352713385934556,52.129071960761955
2009-07-22,0.6833144315648209,4.468518604340353e-05,0,0.14293083961187322,0.021125497614722957,1.386151521096363,0.00016122948030170781,2.3473049825548067,8.940963230791613
2009-07-23,0.6665941769015105,0.0024522167566217367,0,0.5974827798014872,0.023820607161160554,1.3845445707732786,0.0002276023367169703,2.331364110855912,3.861101442608238
2009-07-24,0.7193935896340425,0.00023203821935448475,0,0.046650980044335016,0.024548881829441604,1.3862849060521392,0.00025822725618189084,2.4068963902922227,20.68054461345622
2009-07-27,0.7736719643441305,2.190991977042417e-05,0,0.21421668878897843,0.020945889797290666,1.3860935578513793,0.0002630454067071053,2.5809886922148593,1762.2040516542886
2009-07-28,0.8076785535441835,0.00010934818030538129,0,0.2075206628881921,0.020712900942876058,1.386104102640897,0.0001872108108916757,2.5857244782040203,352.26187197497705
2009-07-29,0.8120323821289711,0.00037233859496095794,0,0.20819482401752556,0.018445325337266325,1.3860081423544248,0.00011375934115247489,2.584847958647916,8.11466455924217
2009-07-30,0.8138694527429002,8.860530868441186e-05,0,0.04632243925135843,0.017339502589120624,1.3862831218903466,0.00013670026370675943,2.5954690941903964,2.384251294126767
2009-07-31,0.817511604665509,3.279044497405546e-05,0,0.0550556630249866,0.01697070834944624,1.38627953184855,8.996939885779683e-05,2.5736106615706458,2.4595601906962106
2009-08-03,0.8178235336253388,0.000571805657283201,0,0.19971375456906681,0.013175727066345632,1.386100201067407,6.289886679911574e-05,2.5516056666564975,2.9039064462408706
2009-08-04,0.6604458003643229,0.0010936704826521916,0,0.18611977348960207,0.014750595775207546,1.3861285248850055,6.367266207342081e-05,2.6687955192838344,18.17233597818289
2009-08-05,0.6562641388034633,9.618067787659485e-05,0,0.20642954946071893,0.010936467143083488,1.386087696134442,7.679043643132119e-05,2.6670255825063762,79.12752172591844
2009-08-06,0.6559497624375907,4.2646921772358615e-05,0,0.13006645555907967,0.011847321764444411,1.386192810053974,1.7067905490540388e-05,2.6342470284069277,1.9268226059478342
2009-08-07,0.641870454408864,0.0013947094927284436,0,0.4778131230109875,0.010894007212282421,1.3851192532179388,2.7523041962630044e-05,2.6644632820342498,2.6257942230058515
2009-08-10,0.6391399974508005,0.001137411938497014,0,0.16520664502918225,0.012064861392026859,1.3861135380515415,4.321527883085404e-05,-0.36650055281523786,12.714748785134153
2009-08-11,0.6391716182240083,0.0005973192792918543,0,0.15414897288629822,0.012956250294558531,1.3861647631969927,3.0470556643742034e-05,-0.3868736517428336,21.62425126873675
2009-08-12,0.626588754757815,0.000547717393053382,0,0.3622091644757229,0.011485334136881601,1.3855060173662743,1.8112672964263222e-05,-0.4074278638131337,128.71764667071358
2009-08-13,0.6362972902938164,0.00023548650250914945,0,0.851780866912179,0.015295996283495657,1.3825406954225188,1.29010685314974e-05,-0.43338130815693177,1.6514781198860706
2009-08-14,0.7026176538956781,3.2551553525736586e-05,0,0.1181699055229306,0.019303761601019678,1.3862380391054536,2.0890814103875518e-05,-0.40344555336496063,42.43308151840205
2009-08-17,0.7300787649877344,0.0002729600465284439,0,0.7874670762660482,0.020949333799666632,1.3825589663928435,0.0001444419976649327,-0.41518075655657266,1.6294158957150175
2009-08-18,0.727405086659357,0.0003645949123379971,0,0.04953235337529038,0.026440251272640117,1.3862809739997721,0.0001047274005384537,-0.48626055330933865,12.394901630964299
2009-08-19,0.7189547796310634,0.00025792250738086486,0,0.07220459783037327,0.02692477331861719,1.3862648592696871,0.00014270538602344267,-0.4963888899931344,15.856387410355543
2009-08-20,0.6816820302033247,5.6892852439518824e-05,0,0.04866672512974731,0.029991604812205523,1.3862823482912305,6.299636753273324e-05,-0.49591311529423165,13.99106275959562
2009-08-21,0.6903637212692805,0.0,0,0.049319567624679275,0.028903642513148878,1.3862798541598078,2.2213683715848293e-05,-0.5086130737891129,9.841550693940714
2009-08-24,0.6609305848449084,0.0017980625587228078,0,0.5212297732490846,0.027871063151839768,1.3849918820886162,9.924505055101356e-05,-0.49791554985326353,2.510312935176437
2009-08-25,0.621977097284582,0.0002477050091097855,0,0.22600003113576525,0.02905266927388998,1.38603785804388,9.034147703021659e-05,-0.5092411129903905,103.18334732390616
2009-08-26,0.748046576053604,2.1482949115066347e-05,0,0.08174376791696601,0.025206941874957776,1.3862717181498996,0.00010652627695417964,-0.517209593902932,52.53225924449168
2009-08-27,0.7684194826378955,0.00039532634840122734,0,0.20544479020903547,0.021323314178067748,1.3861184153901984,3.4916500872425454e-05,-0.501530189710409,380.15259539914507
2009-08-28,0.7721888315445018,4.2596896359143075e-05,0,0.09088031249424255,0.018031959926646843,1.3862543956396582,6.363290774240163e-05,-0.5137456036931252,8.448172414188937
2009-08-31,0.773857403789154,0.0003170174954779659,0,0.1150006360533477,0.014189582380642156,1.3862318685819217,7.908260151354161e-05,-0.5098931952246767,1.5551467730808484
2009-09-01,0.780897352823744,2.1470277255873628e-05,0,0.18273254820595533,0.011561949217077901,1.3860951722666945,4.84066394640366e-05,-0.48161461960417506,6.351897659528005
2009-09-02,0.7948759607848818,0.0002919335199952432,0,0.19679704315994803,0.008914848006465501,1.3861216521939976,5.6707037283847346e-05,-0.45451217588122456,28.778291113173747
2009-09-03,0.8145408095202613,8.677400478755117e-05,0,0.1980012275076432,0.008593059243508476,1.3861247195967616,3.6327537939841706e-05,-0.456067557008999,38.46943336862411
2009-09-04,0.7973097087867225,0.0032927608603811245,0,0.07643859192113887,0.010133554364448545,1.3862637183746755,3.9494467437563853e-05,-0.5110402011437724,1.8842352816011951
2009-09-07,0.7890487610019937,0.00042722264112032854,0,0.6492891894116402,0.008092530241922411,1.3843959449696293,3.384087089143218e-05,-0.5802744629584757,1.9319423339125799
2009-09-08,0.7831371102856017,1.0413127564572434e-05,0,0.22186848425045544,0.009865426659894077,1.3860917759519515,3.513307370140439e-05,-0.5743633160169349,39.834118614617175
2009-09-09,0.8753406361593711,7.285997824437766e-05,0,0.1899954332512101,0.009838325206156167,1.386168433202268,3.19976452175522e-05,-0.6021541908934459,244.39441503846547
2009-09-10,0.8461190517527504,2.0791736127355847e-05,0,0.3271753246499965,0.009060313468776657,1.385777379125956,3.144818277245636e-05,-0.6555462944074233,740.5563045309615
2009-09-11,0.832113616170919,0.0,0,0.20442266738478612,0.006472046477451644,1.386121374689168,2.2678734575480317e-05,-0.6338175990375777,112.99073902766965
2009-09-14,0.8575218437725323,0.00016569384334643358,0,0.12418673995064124,0.006406393051872201,1.3862384734849889,3.025602030565721e-05,-0.6684150272490929,2.6300217646978483
2009-09-15,0.7628309562001453,5.199153473376701e-05,0,0.7062896336090356,0.0083320766768975,1.3842617129188646,5.530893284564515e-05,-0.6881568061717643,1.0943695567947709
2009-09-16,0.7530724622588015,0.000521072827076008,0,0.5433115281239701,0.008697509259187722,1.3851874961329376,6.995850386847152e-05,-0.6908708637993534,2.770587603996306
2009-09-17,0.7397887482228447,3.0231542599168408e-05,0,0.21671956190482614,0.007594534178788078,1.3861064181726555,7.075917665023694e-05,-0.7310943392344419,242.2523519903542
2009-09-18,0.7498263495903452,0.00032219334082031833,0,0.23086093635418437,0.007343241848479589,1.3860942160693333,5.1164202314541056e-05,-0.7642315001856029,112.73634073508678
2009-09-22,0.7001769015880316,0.000211047353441614,0,0.1361154216521638,0.0062009822389583885,1.3862252843056826,3.135598165200445e-05,-0.7760407540182068,7.204390108038519
2009-09-23,0.6725453289419532,4.9800050860818565e-05,0,0.12159343462411941,0.007990160871502979,1.3862339804177088,2.7001659089389617e-05,-0.8000865453679836,3.626170991665342
2009-09-24,0.6873779182629312,0.0014475994446303871,0,0.2097684573650456,0.009389313354964,1.3860586634847456,2.8113994635786944e-05,-0.7838994853940495,17.708444401920225
2009-09-25,0.6439502825014709,0.00029076573198245784,0,0.13312670384660377,0.010261527428103136,1.3862229930379577,2.4204644945367407e-05,-0.760138581278194,7.32418471009221
2009-09-29,0.6493391996232438,4.027122721310061e-05,0,0.23862260149423303,0.011229530190481765,1.3860826879486094,3.1490680230471226e-05,-0.7579284678887529,3.393247544228905
2009-09-30,0.6400514520018599,0.00015972933031124477,0,0.6983408120377228,0.009463497038988522,1.3844120798715234,4.9844215670714854e-05,-0.23100362901589044,2.008601642023828
2009-10-01,0.648800369094335,0.0006390624434388452,0,0.20532037551191856,0.010756334988811189,1.3861357503765128,3.099731544697253e-05,-0.20340506371474923,31392.368479846114
2009-10-05,0.5663975140871774,0.0014469482404241313,0,0.42995066348516314,0.0111756511960266,1.3855510111672222,8.471983285343694e-06,-0.12730972049834757,2.410687299357474
2009-10-06,0.6258029467906968,8.987983774391738e-05,0,0.27193276322984156,0.013404134635401311,1.3858876837935705,1.1761152032562742e-05,-0.1418086881211645,25.861584993237976
2009-10-07,0.6450099056541184,0.0008550055549647841,0,0.10700841943053331,0.014117819468299533,1.3862372516202415,1.9389178067572332e-06,-0.1350547435871701,8.36500663014215
2009-10-08,0.6113789489920494,0.005101541523385713,0,0.20379489003815346,0.013309998935931412,1.3861322991770504,3.427606980089795e-06,-0.1668663221310607,32.64038416085197
2009-10-09,0.5956591891987114,0.0018508796959929488,0,0.08572820233237367,0.013463321952939866,1.386258831971577,4.860959812821518e-06,-0.19188066646036267,3.7080602687463537
2009-10-12,0.6338850620220946,5.055279282551121e-05,0,0.5506604314040123,0.0161741856378026,1.3848699414948524,1.622091085235085e-05,-0.23854788770890567,1.4938895453304089
2009-10-14,0.5828886019504455,1.98044546793722e-05,0,0.49677718800007914,0.015515911276456542,1.385360928631886,3.8680508730212676e-05,-0.2774855746281986,5.348520805971419
2009-10-15,0.5681130747384974,6.830475983803496e-05,0,0.20824285453788813,0.01648627247773703,1.3861074861617602,2.4404721131710656e-05,-0.35691838547675814,233.19877892393748
2009-10-16,0.5827190580156172,3.918675067789844e-05,0,0.04165284270358123,0.015701339815691332,1.3862879404805746,1.2891072446775418e-05,-0.42961479983644835,19.212968510601705
2009-10-20,0.5573921287605169,0.0006707385855702957,0,0.13146019162934083,0.015268445581993386,1.3862184801824218,7.010357185197576e-06,-0.4361136652580462,24.287601921284995
2009-10-21,0.5548716134587884,7.818762427549003e-05,0,0.2572792235636785,0.01347545536761819,1.3860438160128665,1.2831183051570022e-05,-0.44017967694271826,3.3318175722965377
2009-10-22,0.562864552425659,4.937320619323565e-05,0,0.23914772659958472,0.01256277933218881,1.3860386824252082,9.082277905861491e-06,-0.4644130277749981,1.7839671147022058
2009-10-23,0.5576025062413037,0.00041108013768116554,0,0.3165217128364711,0.013117412314324624,1.3858444847579852,2.587737466812529e-06,-0.44131569527287395,138.5313030920061
2009-10-26,0.5341690125694013,2.0031149904369867e-05,0,0.1546227403223486,0.01224683994633068,1.3861914781195463,7.22650608155193e-06,-0.4170227355814533,13.879515332222729
2009-10-27,0.5748582470032986,7.0431912188269e-05,0,0.5024429743620957,0.01077723919302081,1.385005437630133,2.7334429653022917e-05,-0.42020376195980313,1.5512299080454146
2009-10-28,0.5719296003220278,3.1029969310987375e-05,0,0.18541601742770433,0.012090024821146711,1.3861351296310787,4.9421342772104584e-05,-0.4419660347861745,50.477729161190624
2009-10-29,0.5474414708251848,1.0319808852993361e-05,0,0.44639045922088383,0.01177199282687879,1.3854526197047827,6.937535212310255e-05,-0.36971581677986687,3.7626493046248157
2009-10-30,0.6417520949822995,0.00011583103461418304,0,0.20781383310835488,0.011688849667591657,1.386007202949384,7.359835525151706e-05,-0.31234357728093504,14.86778899622871
2009-11-03,0.7224738171013037,0.00011668242652573589,0,0.26476140497795114,0.012995684081102245,1.3858449810601599,0.00012254767363136093,-0.3413128836028833,1.9598498723203028
2009-11-04,0.7588388634975716,0.0007446781605813159,0,0.8349018030227471,0.019546871382934244,1.382756434077803,0.00014164068405946823,-0.24899991294277932,2.3456551656441444
2009-11-05,0.7715338558767769,0.0001804409012492836,0,0.2103340632577291,0.02123518277242421,1.385996495007866,0.0001109977058732277,-0.26768917794710645,18.4960828932407
2009-11-06,0.7686690611877134,0.00040914405770682344,0,0.1820488237382302,0.01996183603630698,1.38614873620198,7.235902590831436e-05,-0.31325382786867206,55.19842684383257
2009-11-09,0.7610858860751185,0.0,0,0.5649869457012878,0.020823541803398665,1.3848186396795203,3.988749787508647e-05,-0.34885340681192084,5.930087023519513
2009-11-10,0.7616509687498081,0.00010206893948379528,0,0.19804961166441182,0.02131844953572371,1.386108561017738,3.61783399414569e-05,-0.3686414257581878,140.17496467009582
2009-11-11,0.7621705429687287,0.00012282043747517362,0,0.3842105996965325,0.022106827864602677,1.3855129565789295,6.292238258103557e-05,-0.33792128333089355,2.0316811427991164
2009-11-12,0.7641833121406131,8.986636701639621e-05,0,0.02663097988932839,0.024717867518849176,1.3862911161455553,5.1878866352505015e-05,-0.31694118548196165,11.447349806611836
2009-11-13,0.7720112353097468,6.053602980141455e-05,0,0.05851337001609953,0.02605485723832772,1.3862800274912122,9.704358419161465e-05,-0.4513697822098756,14.566056740219471
2009-11-16,0.7628575595648934,0.0004902621320100082,0,0.26568281192054644,0.02369798229775523,1.386003880802762,0.0001314346202192989,-0.5022491669839082,6.908830589149697
2009-11-17,0.7626686321941675,0.00017799557722188283,0,0.2566950356818585,0.017850370000941213,1.3860181918181138,0.00013397640580629848,-0.10614996257439603,1369.213989206709
2009-11-18,0.8432365910588715,0.00014816644057228905,0,0.19974616204483567,0.01587232189565099,1.3861634084485825,7.719618999270672e-05,-0.06001956315487984,149.86134379342795
2009-11-19,0.841167208927466,0.0021289981620639794,0,0.08997033068583601,0.01658742345092229,1.3862580757092173,5.724116568413795e-05,-0.05655529149311937,2.3299181970848966
2009-11-20,0.8277672333742673,5.0111498093688746e-05,0,0.09303924686476803,0.017812573039955044,1.3862462660163668,6.635504143134215e-05,-0.05593883610741372,2.9548457341618874
2009-11-23,0.8616819039966727,9.895698954619934e-05,0,0.36146042261924816,0.015375311790948686,1.3858238468062032,4.778909682264161e-05,-0.05326599653699307,4.2962937012252365
2009-11-24,0.8819045189083113,0.00028411387513411953,0,0.209079048917219,0.013649134036602653,1.3861193891111294,4.854920638577542e-05,-0.05853642718962597,67.77490158032394
2009-11-25,0.9039316793296364,0.00019642314288392335,0,0.18103848111312465,0.010422799279202722,1.3861658234530387,1.8712259136448664e-05,-0.05809861022239789,37.82282232921975
2009-11-26,0.9006129860206501,0.0016235930428199015,0,0.4438609027418125,0.010881847581435032,1.3853119419417954,1.1630985312092594e-05,-0.04443276269256221,1.6786655670722685
2009-11-27,0.9793713507771508,9.989411622210317e-05,0,0.26431779905651437,0.011439001470600367,1.3857785037194121,1.3034996186283029e-05,-0.00773075332437521,4.229196716816978
2009-11-30,0.9818532661242649,0.00010117361400778409,0,0.145758796037463,0.013676986493898367,1.386185252039123,6.175789544189479e-06,-0.004508512574255953,2.7879303622628684
2009-12-01,0.9476936019768469,0.0013899370270211838,0,0.5779697534988215,0.013491014193129454,1.384943999565904,1.592245787862722e-05,-0.06381931437506717,3.976381788197112
2009-12-02,0.9253769256475828,0.00014641645747139848,0,0.2515876266401917,0.014130321644550232,1.3860571584031622,1.8242714069733338e-05,-0.0906522633093425,20459.26384529353
2009-12-03,0.8965781602981651,0.00025367488031447476,0,0.22510292476178775,0.01142844723558129,1.386073250914993,3.5434047183395307e-05,-0.11145069907636913,297.96561684742085
2009-12-04,0.8248593121282206,0.0,0,0.1739985988003935,0.011820241978081934,1.3861613018072747,1.3598397010131626e-05,-0.10718277558082592,33.51459627533722
2009-12-07,0.8258398260193421,9.748660419407985e-06,0,0.06393972349097661,0.010845563217657856,1.3862767401002802,8.78516586634096e-06,-0.05141905509479196,5.8251784095271955
2009-12-08,0.8140271571218681,0.0003649854508833488,0,0.42335845321667875,0.012867925463344445,1.3855370245141394,1.4771811813399502e-05,-0.07763524263492119,1.3611345672909758
2009-12-09,0.8301895302246052,5.833423326213456e-05,0,0.036360052969294634,0.012776290690381935,1.3862894043000107,1.0082509459547484e-06,-0.03396586996703994,8.013397750601232
2009-12-10,0.7997370079702063,7.822509834772104e-05,0,0.1471408560526427,0.013217019040950368,1.3862086950540484,2.884464064208183e-05,-0.04412854613256999,20.996516521946642
2009-12-11,0.7998965834147094,0.00027260116493545665,0,0.19473147363787396,0.010632664873693357,1.3861139416317245,3.576364343509344e-05,-0.026344712947264086,35.08924465495828
2009-12-14,0.8031014013946797,2.9388236158290003e-05,0,0.20468166135400803,0.01068451131908329,1.386120858307857,1.2865955096712032e-05,-0.008534123378669448,65.70223923411326
2009-12-15,0.8139796462292537,9.754674712706904e-06,0,0.09334481973814354,0.010097605368269945,1.3862517948195276,1.4357084881947355e-05,0.0030174211347377845,1.4151183903988773
2009-12-16,0.8191326133026964,1.979125273264772e-05,0,0.20667833664301605,0.011732500182995601,1.3861194613075476,1.3182494410458117e-05,0.026796481147269062,76.67396964841959
2009-12-17,0.762886740916208,0.0009119307955687231,0,0.18939521959645006,0.011259732878809676,1.3861604930391724,1.4490312519853771e-05,0.06393790366563179,63671.282583751105
2009-12-18,0.7703075785004591,4.9584727913963567e-05,0,0.4081281320357595,0.012023893780492033,1.3856822003779463,2.0781224666956808e-05,0.10120791035955934,2.8398237082277
2009-12-21,0.7549061765106232,0.0008123861165918795,0,0.06813525432730554,0.009747550867307688,1.3862773280498986,1.9521459409104002e-05,0.1352015162970843,7.5114818091753595
2009-12-22,0.785720768134267,0.00015142414137881682,0,0.1549946261022218,0.008729402252452665,1.3862146381371772,2.1391075571617017e-05,0.14123559548323966,4.780072742143003
2009-12-23,0.837980140829234,0.0008419706132709645,0,1.0529950579121563,0.0101986986384033,1.38098505511556,8.024018028986214e-06,0.2147895241291696,1.2145935448894343
2009-12-24,0.831610408104019,3.881801332843659e-05,0,0.08719779594739645,0.012086427610466867,1.3862636251878864,1.0784577862609394e-05,0.2026467179451242,28.82602198878022
2009-12-29,0.8429499624943266,0.00045372404467963295,0,0.24859275242580836,0.012485370419197289,1.3860862356940586,1.7310751802985983e-05,0.17626437547774143,330.8829339001907
2009-12-30,0.7221912383378624,0.0001541539553094101,0,0.05978645943195277,0.011746784345275655,1.3862830605127132,1.5725764735060676e-05,0.2243385808217168,85.11829945705759
2009-12-31,0.6759414064963734,0.0003384700092546112,0,0.055566003629190105,0.011029942228824145,1.3862831226068544,3.767316076263244e-05,0.24271248224980196,29.04265373904825
2010-01-04,0.6687994862356507,2.8821970492500068e-05,0,0.12602590772088149,0.010838466760927883,1.3862278854840913,4.253259258358161e-05,0.2185462740195638,3.6972676891673486
2010-01-05,0.6840161967881866,0.008554283702736547,0,0.6723228418119234,0.009950261080449777,1.3845329954344707,5.266173959094469e-05,0.16799719650812342,2.17619832900568
2010-01-06,0.6969881302177374,4.736620320534236e-05,0,0.2139652392951096,0.010421554807870189,1.3861276763734525,5.9073654420841134e-05,0.18453978869933224,296.43329272666983
2010-01-07,0.6989200250227804,0.0,0,0.1611223654658402,0.0093695444031957,1.3861961360337482,6.0060831786448385e-05,0.17282511502690895,12.842691250550285
2010-01-08,0.7250418399256515,0.00021845998046161175,0,0.08930740771946893,0.006636380690110411,1.3862678995647166,5.2254985591363654e-05,0.19938610307452342,11.198657373579934
2010-01-11,0.707435612960846,0.0036255860054584597,0,0.1387647283656559,0.004367890489798622,1.3862191882530657,9.336228957010574e-06,0.16973065788219324,129.54482510295705
2010-01-12,0.73695753486277,0.0003238313084820971,0,0.14004536903892656,0.004772049738969656,1.386199443220149,3.197811306716374e-06,0.21306776126605412,1.4694998201137615
2010-01-13,0.7403045302525965,0.00042218082033566867,0,0.21168351543580835,0.005500044115771234,1.3861041994250214,4.702978929341109e-06,0.23569103823250215,4.991310071932878
2010-01-14,0.753167197893923,0.00010504032168050992,0,0.026851647064700102,0.00447443826727439,1.3862920390149414,9.047334540542187e-06,0.20743229716822012,4.635740088708814
2010-01-15,0.7869408370330385,0.0,0,0.1944941744198239,0.005173089863286722,1.3861716680493004,4.951318347030375e-06,0.2402031513978676,48.15364857630712
2010-01-18,0.7384742083272727,0.00027598091101159754,0,0.1597963056902043,0.005511212233406978,1.386193839103048,3.979157109822349e-06,0.2022407847098895,6.5381567914247825
2010-01-19,0.7388595640365473,0.00012321532773528323,0,0.14426225716574623,0.0061463810181709,1.3862136474821942,4.975623829397045e-06,0.20192339008446267,1.7454187480284247
2010-01-20,0.7389130282533192,8.614735575929073e-05,0,0.21308341554665244,0.0066274528210722,1.386122861811041,5.682700477453641e-06,0.1868056039513986,233.53045796132557
2010-01-21,0.815884246916129,0.00028730402593475185,0,0.7871680426002223,0.009285241652425301,1.3834293658671124,2.9335932182518503e-05,0.12698184345777266,1.1783110291969925
2010-01-22,0.9141670267290359,0.0,0,0.20007788684665317,0.010270878064276732,1.3860573756045251,3.8020598292938126e-05,0.13739031546533179,6.451124279854992
2010-01-25,0.9017850057831746,0.00028800717947877186,0,0.11759276708696861,0.009997752654439756,1.386242590382936,4.3346009286402716e-05,0.23100052585199665,27.5665779904187
2010-01-27,0.932907445242312,0.00011982302280631799,0,0.533848833746795,0.01153515760690121,1.3846907486764957,8.891039908592869e-05,0.032728945895340436,1.7863650305194305
2010-01-28,0.9585669323992305,0.002037835277580468,0,0.2224100622431798,0.015298970989505544,1.3860398467568666,8.978091140838699e-05,-0.007425425584219798,208.70919639281905
2010-01-29,1.0022090840975746,0.00022604591858376983,0,0.2919326518477169,0.014600531756603656,1.3857874810334367,9.067713663207035e-05,-0.04802697534732889,126.57113999557549
2010-02-01,0.9611780572570662,0.0,0,0.20586384190218207,0.01402327136521598,1.3860873724521692,8.712857404241087e-05,0.15117038803643068,80.46223674672557
2010-02-02,0.9888064344990501,0.0016619653177851162,0,0.021052618240917146,0.014494537596214878,1.3862918614380788,0.00010620918742663632,-0.007192649321245231,5.966706606919827
2010-02-03,1.0059630681434513,0.00018629397009785917,0,0.4258563366601925,0.017443299248991632,1.3854277508719506,8.831298234166204e-05,0.033858863101740515,1.5416578301310049
2010-02-04,1.0073852549298499,0.00011158564449884681,0,0.4682407021787757,0.019061916056098124,1.385332425765511,0.00011653093767858317,0.06979669493531424,3.1128073061263106
2010-02-05,0.9974551838118547,0.005318211254316504,0,0.18693847746034103,0.018567752314508645,1.386108034519511,0.00012101124808434031,-0.019896011774575242,2.3750701526554843
2010-02-08,1.0146127460958505,0.007747599512489626,0,0.1915220675089421,0.021836699091705453,1.3860825233603336,9.310844367949469e-05,-0.06372426051762095,22.32104011112042
2010-02-09,0.9526899901675626,3.148894771528314e-05,0,0.10559535489276889,0.019198219184829474,1.386246975784108,7.468995379788127e-05,-0.1689934152264469,34.50483302668437
2010-02-10,0.9430672127444064,7.304620134721485e-05,0,0.1039214953388921,0.016961065804571566,1.386245877758434,2.8410260916954496e-05,-0.17679322100653305,21.653121308204703
2010-02-11,0.9421401186667988,1.0469272838232277e-05,0,0.29359822604422814,0.019387098620201687,1.3859222015893793,1.2607998971728538e-05,-0.16722866224429409,5.167284292576802
2010-02-15,0.9519673983483086,0.00021746905753893003,0,0.11484221279620196,0.02151309952848061,1.3862415192950917,2.5006422538305608e-05,-0.11824069197849132,15.563477554353604
2010-02-16,0.86954858267599,3.1319146169366564e-05,0,0.0457905601675664,0.021335071391175645,1.3862847868082233,1.404522414619363e-05,-0.1416847534104695,3.7286717136410874
2010-02-17,0.763536016408029,0.0005970317176644955,0,0.2078578053867769,0.017516119647098323,1.3861213636755565,2.632295112394775e-05,-0.1749136204525542,3.9343462584925657
2010-02-18,0.7893249820913912,0.00022384504174623063,0,0.03256189483094626,0.01515381025276782,1.3862905800899739,1.2411528649423255e-05,-0.1926405466358941,18.579642236872377
2010-02-19,0.7687925933006263,9.211110363905423e-05,0,0.1220900509290292,0.014559054474576366,1.3862260813702456,1.1959301859253352e-07,-0.13223651100166017,5.149889536629004
2010-02-22,0.7200881055377704,0.000918110348938606,0,0.33079542088175,0.011878006603715845,1.3858136201592688,2.5587920837813384e-05,-0.11449288966653728,67.28192213180755
2010-02-23,0.763094057181641,4.122213786241775e-05,0,0.17928337231777958,0.011697871409520645,1.3861740291258695,1.9691007240502016e-05,-0.1378783668897736,33.24774957292955
2010-02-24,0.7845443112006245,0.00010267362530136343,0,0.19045343055266797,0.010696160886533624,1.386163326003711,1.1757086590983505e-05,-0.11293133856310575,22.609160029498614
2010-02-25,0.8152241331270745,8.230475425156018e-05,0,0.21641940648329328,0.008544103714445679,1.3861275594495512,1.7182789224917748e-05,-0.12384873447774533,1725.5015557273618
2010-02-26,0.7900148185589033,0.00025724796272850455,0,0.15021135673944416,0.0077491530456938774,1.3861641608313087,1.5218593808383248e-05,-0.18902703037939386,1.1167504081598134
2010-03-02,0.785872063825059,0.0026984045630181882,0,0.4218246772455572,0.006632930874197123,1.3855441554296528,3.9359082239736316e-05,-0.18081971102137495,1.4874936761075
2010-03-03,0.7403672109634857,0.0002392543141675385,0,0.752114095727737,0.007099671972430511,1.3841765697204305,4.333948039137034e-05,-0.20298885747582338,3.687928173729855
2010-03-04,0.7470996851532474,0.0017378608114978309,0,0.28129991139914606,0.006914724883781811,1.3859982541775726,3.0205279027984626e-05,-0.1946078939807977,305.01794411745453
2010-03-05,0.7310043571507547,5.9012025303006215e-05,0,0.2077317279430923,0.006887691126346633,1.3861342912680215,3.461155150898871e-05,-0.1946691608280584,264.2448133491801
2010-03-08,0.7227849226135589,0.0006776854840577683,0,0.07640008877793157,0.006229322533711567,1.3862726427348941,4.103320430809512e-05,-0.24091465016295474,12.850438300813833
2010-03-09,0.7845961015954934,0.0005759260228674277,0,0.08764925833649621,0.007437964367611411,1.3862699405510501,3.911782098655534e-05,-0.2552449211397386,13.958591558060842
2010-03-10,0.7706759881641538,1.962102798075771e-05,0,0.16121053368470392,0.007674334377178165,1.3862032848508798,3.9170139044074614e-05,-0.26017062178667033,9.67390973651511
2010-03-11,0.6824540150371405,1.956446168096663e-05,0,0.1559428718695847,0.007437539526314545,1.386206189315862,4.15749448401198e-05,-0.30655218640372944,7.987739133014144
2010-03-12,0.7246589390877636,0.00031175188303705155,0,0.19637781151345046,0.006336779258380756,1.3861692151845246,4.173388506603039e-05,-0.29117785053017275,177.38171529261527
2010-03-15,0.7210207936650977,0.0004964838832670649,0,0.21775978026139695,0.005893635134331711,1.3861211465555303,3.024279764890274e-05,-0.2998921287093989,16.81854043440519
2010-03-16,0.709751755348872,9.80575233044578e-06,0,0.37237513413877216,0.007004316185919722,1.3857319566543078,2.200979259443293e-05,-0.33125401560019846,1.125357780207349
2010-03-17,0.7179535751828997,6.73488121572794e-05,0,0.1302530667818167,0.006038130836169533,1.3862196563650109,1.4354917028951486e-05,-0.39742123484939024,5.613362897693547
2010-03-18,0.7202883215233469,0.00012421147079506127,0,0.16071483869478145,0.006105129066908144,1.3862080438508506,1.5800413009049244e-05,-0.40131858633897094,32.451265583653985
2010-03-19,0.7705177309904471,0.00017152922909893884,0,0.09407057718362549,0.0055821355867027665,1.3862676666749878,1.6465594351677682e-05,-0.416223112157673,23.353978746833143
2010-03-22,0.773135102844391,0.0003515114657882684,0,0.17438734892762728,0.005905207862761878,1.386173485387542,1.0181156425261468e-05,-0.4159301199709879,2.9742945391476217
2010-03-23,0.7483847515701867,0.00012484856499691782,0,0.13916878304667402,0.006746442419582066,1.3862250430624237,1.4739520220818438e-05,-0.4660507139373608,13.159063854517512
2010-03-25,0.7303603669759574,0.0,0,0.043080674757522586,0.00701106009057469,1.3862871049499128,1.749640849319527e-05,-0.46605879910272296,4.423586581410328
2010-03-26,0.76569675729486,2.849597192926759e-05,0,0.04012408440556735,0.007005697409684355,1.386289523519223,1.800375962834167e-05,-0.9283537949512431,12.382428531046747
2010-03-29,0.7842861627396723,0.0003596290674314258,0,0.19147859413854346,0.006770033456203778,1.3861279412580516,1.9920562940116352e-05,-0.9240444418805387,13.72997265965522
2010-03-30,0.7835675697541921,1.887602132561187e-05,0,0.04807765800180002,0.006393061428117467,1.386284891163228,1.8067457585870665e-05,-0.870138575930251,2.5727703423077846
2010-03-31,0.643348360373762,0.00038968396882362353,0,0.19677239529670515,0.006191605964981089,1.3861440009735153,5.894100992475768e-06,-0.8763536076429161,22.019896857276358
2010-04-01,0.614568467334895,1.906930711820179e-05,0,0.3731760653306067,0.0069235192484231,1.3858384530035683,6.894494508404057e-06,-0.8761075066797889,2.575728875904567
2010-04-05,0.617361488756104,0.0001700833223190278,0,0.5719731663139851,0.007614294695335388,1.3850151261925039,1.738445503929525e-05,-0.8381823524508395,1.6654396861382248
2010-04-06,0.6397099680513063,0.0002328169506348101,0,0.21080271577789983,0.007707950971786555,1.3861523929896928,1.470289503838748e-05,-0.8153664671120066,1703.1254207831478
2010-04-07,0.639805455460346,5.5872728854053354e-05,0,0.20195832474842737,0.0062855967700665,1.3861434309264589,1.9470891437847863e-05,-0.819453196158235,109.71143731986818
2010-04-08,0.6818724659657498,0.0003069314621802391,0,0.25660410892137986,0.007609722433642222,1.386011709827868,1.1969560547163652e-05,-0.7772104576859721,2.609317210386629
2010-04-09,0.671209237899315,0.00038659790143336266,0,0.27479122083726326,0.009975776148537301,1.3859977113400566,1.5932021628374658e-05,-0.8111128050819151,4.372380956349891
2010-04-12,0.6654648958671351,0.0014184714302733217,0,0.16924820688898032,0.011609892393180433,1.3861857648187221,9.248134222660596e-06,-0.7839073530983495,18.14096961246078
2010-04-13,0.6638976846703439,0.00021532642357381806,0,0.1527212114000521,0.010431201699380077,1.3862081558690247,3.2319958537362447e-06,-0.8077985816420284,32.18918186500583
2010-04-15,0.6968097818413181,6.567746861575722e-05,0,0.1123651365829977,0.010549536679025789,1.3862317643182316,1.8479475345625556e-06,-0.7404959294974859,4.632420660311105
2010-04-16,0.7015363027391073,3.796251304147469e-05,0,0.19210743663537505,0.010197337502080534,1.3861650463737365,2.238859642759123e-06,-0.710767768234644,53.53575603569422
2010-04-19,0.7823986160010138,0.0031209005298680776,0,0.15922227124732807,0.010465767332849867,1.3861629384140248,1.4827772346971028e-05,-0.6640283820282891,1.929650367718266
2010-04-20,0.77491462952163,0.0008931857689906734,0,0.19118287161550887,0.010606966457281255,1.386162160885975,1.932740185595549e-05,-0.6658532867791318,9.865096696373428
2010-04-21,0.7759833438674592,3.818344100392593e-05,0,0.20557157758058142,0.010627695937995568,1.38615715647265,1.7306475921899214e-05,-0.7260383389314866,31.523422894875846
2010-04-22,0.7620624577712449,0.0007052357108419486,0,0.2078377330956627,0.009190711621687742,1.386074310757082,1.5458365146352913e-05,-0.7479300620856486,8.625740677693706
2010-04-23,0.7837704538446612,5.6894332969137527e-05,0,0.35959345803998816,0.0067496691919233225,1.3858975701909453,4.7127132947098413e-08,-0.7496453959109922,5.217527553131918
2010-04-26,0.7826630352964519,0.0008959348570967653,0,0.14298585456612242,0.005444587271177455,1.386224833465207,4.5871101560954535e-06,-0.8231774517569717,9.260441457532371
2010-04-27,0.8558578691441853,6.57796988582059e-05,0,0.0984646825186384,0.006014279428828034,1.3862663995806515,3.62941295446473e-06,-0.8408850299343458,13.043689844890821
2010-04-28,0.8491736865056819,2.8239369592479514e-05,0,0.4997877119379562,0.006995428589099311,1.3852072396449555,1.6736038509350728e-05,-0.48253515902061805,1.2688307388188236
2010-04-29,0.8422059756027949,3.8385785954116485e-05,0,0.2436416278299714,0.008975658768084234,1.3860942373523557,3.0513867086327313e-06,-0.4974214767610017,7.841120884233155
2010-04-30,0.8530950749844066,9.572000986553091e-06,0,0.06135672799256076,0.0082742029945171,1.386282014570153,2.4455594207011634e-06,-0.504035569245134,19.786102039047808
2010-05-03,0.8553401048308517,7.576490993909928e-05,0,0.3091541340885977,0.008131658734958823,1.3859337650098555,3.025622017311356e-06,-0.44245653788054307,4.55730633615554
2010-05-04,0.8946354355686992,0.00022014758016082747,0,0.09093593834104788,0.008304005944224889,1.3862536708380995,1.4542272360055184e-05,-0.44252437491235486,3.427148807627344
2010-05-05,0.9253832527685676,2.911615539489311e-05,0,0.2999420032094278,0.00918168596048831,1.385848856212261,2.118465280790604e-05,-0.5386776806719713,19.519732516101477
2010-05-06,0.9063310807817144,9.756764070228884e-05,0,0.21658686054875242,0.009198300705168444,1.386072302561475,3.0643621150272884e-05,-0.5040715113402032,9.042304652908614
2010-05-07,0.9118437259327052,0.0036505047642471805,0,0.1313093339031044,0.009711393781188056,1.3862123421682921,4.844591051388664e-05,-0.14897244985339148,2.8379850542271416
2010-05-10,0.9880137817006225,0.0017024575504435183,1,0.8655086335131332,0.014453935542059078,1.3824469345844044,3.747917608987836e-05,0.5684941166947556,1.4042952429136026
2010-05-11,0.988469429700375,0.0007415906805584551,0,0.10379500468652482,0.01784350653216211,1.3862493275927292,5.124190664856841e-05,0.6010288314899165,12.76266299803887
2010-05-12,0.9838103178314318,0.00046736626651768914,0,0.16381031411215988,0.016738869593720333,1.3861796173293266,1.678786854117641e-05,0.5638399618281488,99.19000245224824
2010-05-13,0.9747087684907301,0.0001744977548611655,0,0.17077670178100673,0.016456466071673684,1.3861762689566957,2.1119113939134016e-05,0.5984717419124613,83.5043666449447
2010-05-14,0.9851768586734315,0.00031853088809930685,0,0.1661255144054533,0.017109888985528246,1.3861564339361712,5.408186928386376e-05,0.5004504679445004,5.848643808218321
2010-05-17,1.0194768098096805,7.85092070181734e-05,0,0.29051122175761357,0.017800267709517564,1.3858017447516402,4.767390271349089e-05,0.5742453512509679,10.921433387393952
2010-05-18,0.9834130552984774,6.919302264954625e-05,0,0.21328920864494255,0.01759344847743373,1.3860908197177797,2.347130303542418e-05,0.6245259381299092,230.05568672450266
2010-05-19,1.0194114422592258,0.00021716810848793685,0,0.7356155870196497,0.0207630394161308,1.383545103446184,6.958940556042124e-05,0.15066181398638517,1.3950174512839129
2010-05-20,0.9780535923753306,0.000944722967502651,0,0.20751077380611624,0.023794335586192813,1.3861253807675171,4.9272093210008754e-05,0.09303541938698068,37.87359947984251
2010-05-21,0.999608365470263,0.00018190318053533578,0,0.3568592782963856,0.019372833695733407,1.38560058697858,2.9327903541741096e-05,0.12147879676932617,85.66566479085817
2010-05-24,0.9576318973673754,0.0026631516550362647,0,0.27584182847840294,0.014974361966291868,1.385891839997177,5.565732285286147e-05,0.1225592183475932,135.86229467922143
2010-05-25,0.9666758053951244,0.0002729447396675785,0,0.46634201849168483,0.016710936288567787,1.385099911453655,8.894095849043134e-05,-0.11116748557634588,2.1508640102587098
2010-05-26,0.8034946975152091,0.00011437525273301186,0,0.7823027541250183,0.022330940676931074,1.383551491455427,7.654135945268441e-05,-0.04582047502773539,2.625535280436409
2010-05-27,0.8096630429427243,0.0004576635936693529,0,0.20870278844417384,0.02061404446694419,1.3860773659093808,6.006654339646434e-05,-0.027100846191445493,5.447986504805738
2010-05-28,0.7626038594894612,0.00049956537876184,0,0.4030234643862605,0.02002144040235719,1.3856756729127184,9.225192611534267e-06,-0.06149562506002637,11.170448312935703
2010-05-31,0.6757913505077214,0.001883195394330389,0,0.20043111947807185,0.02011576402473717,1.386133464118063,9.00154777847554e-06,-0.051946229796960904,117.76288572046113
2010-06-01,0.6543178746552212,9.791977126072952e-06,0,0.7145705762262007,0.019713871239390057,1.3839434354939004,3.602070642462599e-05,-0.1006072159789607,2.8576379377226298
2010-06-02,0.6867639903452546,0.0001106141117818433,0,0.23508665756281225,0.019492925216264924,1.3860856317698462,3.3087867053452185e-05,-0.1232744176571429,11.178362119863086
2010-06-03,0.6856987043850397,5.9722049320483036e-05,0,0.4351477482297987,0.01937754060871001,1.3854483764760728,5.556247833726748e-05,-0.10146197936766554,3.516098375758998
2010-06-04,0.73619806420039,0.0004108533939275348,0,0.13051812032368673,0.020165801570524736,1.386230098815275,6.902098797617941e-05,-0.1408623237779092,41.62387969982562
2010-06-07,0.7443973320036668,0.0004966289345340309,0,0.2018162314745167,0.019510953782097412,1.3860861747261466,3.3631976788065394e-05,-0.11783841407666842,3.4494635513529217
2010-06-08,0.7081237498155816,0.0005362477930706455,0,0.08161824577057332,0.015033155159734255,1.386261560339835,5.9099162835054276e-05,-0.06924678240673196,10.60357975811156
2010-06-09,0.7020028545413263,0.000411203806143811,0,0.26059562348856663,0.015757895234434823,1.3859958474570064,2.437818189233478e-05,-0.07733722345326394,119.82702257590975
2010-06-10,0.692075172071791,0.00013994280727312408,0,0.6296572070224086,0.016671119377268034,1.3847081045186478,2.15444679237632e-05,-0.10623849910805913,3.141100265984728
2010-06-11,0.6997845441796474,2.951603367410608e-05,0,0.06667433476448932,0.016541579387385458,1.3862775077662037,1.4575450138207448e-05,-0.1052791967212005,12.500288982856729
2010-06-14,0.7008797606566014,0.00015621948124931555,0,0.9833001561999549,0.014343344443067035,1.382798367397929,3.195830008252256e-05,-0.10526975894482263,2.7334069266017864
2010-06-15,0.6915020828471294,0.0006922991669906955,0,0.1557734969236178,0.011835240331058134,1.386199170599522,5.830970924724085e-05,-0.11289590184665302,25.256574550248672
2010-06-16,0.7849254801871244,0.0005168189437710645,0,0.21120652651896474,0.011243008628153266,1.3861448259017874,4.8623944901557164e-05,-0.10849667137348125,127.12081075734031
2010-06-17,0.7434719669091178,5.72856955349759e-05,0,0.06091857528306436,0.010440487126477644,1.386278551920555,3.4057196982817816e-05,-0.17278599316313123,6.1512774407157815
2010-06-18,0.7565908300063823,1.897621821718899e-05,0,0.19105002931485685,0.008816198275675445,1.3861560096052683,2.6581363401630438e-05,-0.14703791322313794,60.17676598687573
2010-06-21,0.72581057780275,0.0007407855345513093,0,0.45187850404147606,0.009795194314721645,1.3854282761513925,5.18190728852014e-05,-0.14039511464929572,1.3239968707682568
2010-06-22,0.7703181548217082,0.00012148602597312963,0,0.4700547294578148,0.011125523369719389,1.3856169979086186,5.0811223166897544e-05,-0.09707640336787521,8.675403840536724
2010-06-23,0.7313542625186185,7.52212241400681e-05,0,0.21314993192936066,0.010596050536490955,1.3861351605298007,5.023253757707122e-05,-0.08637853924415818,265.5775337292727
2010-06-24,0.7032892143770442,1.8804038392589172e-05,0,0.21481777479839662,0.00994869906113559,1.3861108861136255,3.5168753453738046e-05,-0.11331421137068357,1509.9877399456943
2010-06-25,0.6691741039840651,1.881340375229292e-05,0,0.40744120726430944,0.010177590167253444,1.3857109783303219,2.502090554165237e-05,-0.09029896665362008,4.599709419430518
2010-06-28,0.6707666572717451,0.00038904437102054633,0,0.6345189440789728,0.011448277475867234,1.3848723433034993,2.1266496824353297e-05,-0.0948347861229255,1.974318642737675
2010-06-29,0.683328584846356,9.338043491473646e-06,0,0.2528104587243648,0.014130431313486244,1.386012393221013,6.3256907289655605e-06,-0.03094596610819301,2.145011542128754
2010-06-30,0.6632425928104537,0.00036152808305989497,0,0.06407281538440607,0.016294664326263888,1.386273936913863,1.547259953928102e-05,-0.06442946813574271,5.012197999236538
2010-07-01,0.6628496028899803,8.47462379198047e-05,0,0.18510053456509754,0.017628875690462578,1.3861537275225648,4.808414630429302e-06,-0.021858021850256464,5.257619872932399
2010-07-02,0.6545875835899793,2.854562327680827e-05,0,0.17732553684551763,0.016454220805532632,1.3861791251783984,5.2460833882810065e-06,-0.04683572353394395,82.87485838379973
2010-07-05,0.7766253626747284,1.911336636462242e-05,0,0.21451335770565316,0.014067668454554587,1.3861615998166643,1.9710272352626298e-05,-0.01401145555405414,8917.05999564114
2010-07-06,0.7168448713161865,3.823439887787306e-05,0,0.3190283634038825,0.014312093377643834,1.3859190388729261,4.926269440739829e-06,-0.06221557750031108,3.4999917442566195
2010-07-07,0.6809138391541217,0.0007654953301382553,0,0.39026636528728775,0.016255126194013546,1.3857420305845063,1.5290991186590867e-05,-0.042923539514731344,3.9335381447779554
2010-07-08,0.6739028386836585,0.00017168630225368312,0,0.09493203651242828,0.017414143771662522,1.3862571063661537,4.729755012782668e-06,-0.10725011853187058,2.718862812306755
2010-07-09,0.6561284399193995,6.609325927210485e-05,0,0.571105809717649,0.014996932331837076,1.3851740445287395,1.6533381859833392e-05,-0.14734887072735292,3.7234286424764784
2010-07-12,0.6614532009431129,3.740325443411278e-05,0,0.0383225561428015,0.012550731127362123,1.3862891702701459,9.229103144466003e-06,-0.2052198079102169,13.532132667708067
2010-07-13,0.652604663761805,0.002380651434039416,0,0.19962073994730614,0.010011323208152323,1.3861558443299893,2.2699912042101734e-05,-0.19880892708887887,32.38679028483133
2010-07-14,0.6668602758451418,0.00024995675607075675,0,0.21462786196018896,0.008203584700368766,1.3860894099283363,1.1039688112372213e-05,-0.1760006594434847,37.53915477593599
2010-07-15,0.6775426311063234,0.0001763990095773137,0,0.1850534494483651,0.007367203302163333,1.3861833751140569,1.6137918750063968e-05,-0.15195149984709966,85.31853036924113
2010-07-16,0.7521400045368277,0.00039051968350927704,0,0.0973062364100718,0.007554972232288067,1.386268157680364,1.9146501682574626e-05,-0.13913375290893457,7.601587880915121
2010-07-19,0.7605090932425661,0.00022244396294209887,0,0.21150866171422686,0.006873380715072311,1.3861371927527317,1.8604015425852077e-05,-0.11935517451483217,15.524652566433177
2010-07-20,0.7288085474339687,0.00010206659482529009,0,0.16686253724643468,0.004966938391770755,1.3861854725731249,9.31614096957521e-06,-0.1162182784451046,2.6087056231203327
2010-07-21,0.7379882226531809,0.00015835140665917927,0,0.18570858027760814,0.0038076359059389673,1.3861874537127497,1.536883856220149e-05,-0.16475085507513756,1.6925577304693458
2010-07-22,0.7400666329658047,3.707835579440299e-05,0,0.025987224713104468,0.0040184036537646,1.3862915865608108,1.2913563112645904e-05,-0.16586854268169707,1.8986692918229329
2010-07-23,0.7487873238886689,9.241760645194323e-06,0,0.2290659649242966,0.004217869953425844,1.3861152681896618,7.0378135223401594e-06,-0.15317419659703504,64.43331999989267
2010-07-26,0.7490685284234383,0.0004681304994528552,0,0.08820073923085149,0.004718761143529667,1.3862657736489215,2.8307830069070097e-06,-0.16532165588080036,4.465066508127988
2010-07-27,0.7597660767993437,0.00029525364885857856,0,0.1949802648575889,0.004925782427853556,1.3861660452403148,2.3423301001489257e-06,-0.20921612775253032,27.340845214993106
2010-07-28,0.7177863839420285,0.0010122669017812163,0,0.09366314723107867,0.005703896404607267,1.3862616064860793,9.818660022409023e-07,-0.20379156794645617,3.6803814623583917
2010-07-29,0.6651834889611292,5.563350529738574e-05,0,0.1618625878311131,0.006150303708250789,1.3862132270299345,2.5948090941053487e-06,-0.2395838171507636,18.084833229259473
2010-07-30,0.6402650638216082,9.244451191774785e-05,0,0.048954375755079604,0.006769269417030401,1.3862852613191452,2.5528754678443595e-06,-0.24396025300783772,2.3289798486230837
2010-08-02,0.6746606625028926,0.0003631703143594739,0,0.14460037033867645,0.00871124475908421,1.38620595136757,5.427850133420585e-06,-0.6587011543038271,1.7485083678529159
2010-08-03,0.6392980111106191,0.00015649593675100932,0,0.20959347573282514,0.008839500562057356,1.3861592417381026,8.36858481762077e-06,-0.716016931498311,115.15952867226407
2010-08-04,0.6330593620304521,0.00033090884050691346,0,0.09609155770626919,0.009028404931229833,1.3862614764367036,7.90845534272043e-06,-0.7197504439865273,8.649423639927896
2010-08-05,0.6280543836176793,0.0004205164968714649,0,0.053713583457060586,0.009300118792006144,1.3862847358887445,5.663617040349701e-07,-0.681646010708355,16.806216182871147
2010-08-06,0.602423583097473,0.00021108130307200963,0,0.20027697829534075,0.008792782479960978,1.3861611776904672,1.0835348846056675e-06,-0.7252742336520476,89.5632811850806
2010-08-09,0.5982836150168699,0.00010107586560204823,0,0.2823919764213702,0.009037515898698188,1.3860153366547998,7.72567473061324e-06,-0.7874856227675124,1.6183061098630256
2010-08-10,0.5990482065954673,0.00011845535828784665,0,0.02168187995134596,0.009584021377785579,1.3862927790501127,3.5868270741307597e-06,-0.7558852183747707,6.419850194999442
2010-08-11,0.6019231661666691,0.0,0,0.08032608140335601,0.008974649287520502,1.3862703429868528,2.8312892384456825e-06,-0.5496896181701636,3.059251098999705
2010-08-12,0.5603901631945085,0.0003505581194090932,0,0.2514984068185625,0.008623446749199855,1.3860469443585313,9.242164348770555e-07,-0.5193459305877892,259.685321553968
2010-08-13,0.5523528902579323,0.0007750610778976128,0,0.10042834627549053,0.007267805181589823,1.3862562915914782,9.812361297894616e-06,-0.5663091822623192,4.4910344791597305
2010-08-16,0.4979549950474242,0.0,0,0.07835469696027189,0.007531176345229145,1.386270191306676,1.3650376362919837e-06,-0.5208095551870792,4.091705627873503
2010-08-17,0.5201335244428223,0.0007103206826623536,0,0.21059122698115326,0.0077219273154785235,1.3861543677441708,2.581606428282973e-06,-0.2377293065948993,233.71968838078604
2010-08-18,0.5271747508774763,0.0003878153533587382,0,0.4959540085019068,0.008134032767405411,1.385399817751764,1.360857025063139e-06,-0.39736240864326283,1.581955845502333
2010-08-19,0.5198716337544251,0.00016425472352811507,0,0.7787380006581968,0.007966640558984401,1.384241245827412,1.226127005342393e-05,-0.456459231295712,2.8302394743874846
2010-08-20,0.531124799738346,0.00010822297185910251,0,0.1672271881001712,0.008275335613375711,1.3862089458337628,1.2080066891559806e-05,-0.42405102692041713,103.28322201994689
2010-08-23,0.5845073843024051,9.040120218576157e-05,0,0.1274072289854824,0.007254315188657411,1.3862471172018982,7.117451492576482e-06,-0.41580135827170134,50.902707345371624
2010-08-24,0.5844789135521792,0.0004330156000407344,0,0.05298991485565071,0.007982210299358968,1.3862841514230886,5.742202883641345e-06,-0.14492563564825744,6.661782706613374
2010-08-25,0.5790820823245354,3.627607226686177e-05,0,0.2935801100498145,0.007342221077274367,1.3860035832548108,5.483238507350401e-06,-0.07723244890780696,3.952887748694671
2010-08-26,0.6092021191801836,4.5768893733632314e-05,0,0.07871355914065324,0.0077102681818307,1.386276131742532,8.067841138768662e-06,-0.1488752340252423,15.535086862067914
2010-08-27,0.6841255777877601,0.002133612901950441,0,0.3307080561687873,0.00801878587067991,1.3858043332176968,6.4446978000355525e-06,-0.11732251938174348,1.7583193453502233
2010-08-30,0.7088399916833661,3.692261305099833e-05,0,0.22656516580697933,0.008964075518105923,1.386069595941529,4.129108987317405e-07,0.07982616311791378,180.22694542755252
2010-08-31,0.7012643454317067,0.00035098174245241367,0,0.3394173048507897,0.007959593776173588,1.3858112449370104,1.7126431725614787e-06,0.08339145594522626,40.85915387247371
2010-09-01,0.6846561686308203,0.00012029158658898629,0,0.6525864799899818,0.009552130508937677,1.384747720836696,1.070514006223136e-06,0.06958692239625115,2.0852858572451636
2010-09-02,0.6861999598134166,9.10194174770335e-06,0,0.24823440744901024,0.009258529790906288,1.3860836607231886,6.9700277840646745e-06,0.04585720018983698,49.762777522231794
2010-09-03,0.6963286179389152,2.7323405030302597e-05,0,0.2242986235198934,0.0092357538320326,1.3861322141656356,6.614938484022447e-06,0.09770870680028007,118.01094056483903
2010-09-06,0.7437278655328645,2.7357063909662592e-05,0,0.5468511360555626,0.010303059579518567,1.385011890193078,5.548068934895801e-06,0.1515683203807944,1.569403117871982
2010-09-07,0.7440077689457866,0.00018834521448024699,0,0.059332543051818724,0.011632303970155113,1.3862817690832883,1.5842142389096938e-05,0.15094586436572158,21.625947581608926
2010-09-08,0.738222022924189,4.4609997107646774e-05,0,0.21611745780054,0.010911554586124955,1.386118428600298,2.1726393328768768e-05,0.16084539148845536,728.4750000961636
2010-09-09,0.7603017130708201,8.018919779192469e-05,0,0.29617408885632,0.00974300039593379,1.3860334021358214,2.427916850911649e-05,0.16871235864046402,11.274133590550644
2010-09-13,0.8349284784017673,0.00015064997701215346,0,0.7090727609912355,0.00989398894435489,1.3840582479203167,5.111496566112113e-05,0.2815755626023809,1.8310770533298886
2010-09-14,0.847845547412346,5.2048070388898554e-05,0,0.1723886982018893,0.011141962251344,1.3861692060106559,5.379225265538138e-05,0.23516350702938932,14.195116020160409
2010-09-15,0.8502663316382586,5.173149266982762e-05,0,0.43954304641259895,0.010017771126035234,1.385579671545328,5.965047191226628e-05,0.1702236969364878,5.081848731232586
2010-09-16,0.8336753273899822,2.5576130456973316e-05,0,0.14250506617966724,0.01074838601947619,1.3862069976939995,5.219724244189964e-05,0.19795619534598732,22.00275888348129
2010-09-17,0.832322503543403,0.0,0,0.2995264843774987,0.012001820339919457,1.3859683010137278,5.760492900430712e-05,0.14582026047846192,7.906822877964951
2010-09-20,0.8535361493179122,1.692597706063563e-05,0,0.6712089032222396,0.010625788141692355,1.3844976592509588,7.090002414462371e-05,0.13689851977477246,2.1054774296927197
2010-09-21,0.8079775730629426,8.327881428709648e-06,0,0.1287666093706005,0.0104612179722005,1.386230005324717,5.6231076717632705e-05,0.15371671067617135,23.307977444910158
2010-09-22,0.7313053321705353,0.00010815977769448773,0,0.19855135930116602,0.010864251853901778,1.3861218589320512,5.4868325864349255e-05,0.28413603410105887,45.705789715779154
2010-09-23,0.7265253761289573,8.31321657172089e-06,0,0.11690590527663053,0.010554965681204767,1.3862401378793001,5.4055800738317216e-05,0.3539172058117703,14.831652224469309
2010-09-24,0.7180265631075712,1.6714384596445294e-05,0,0.23128857066663003,0.010527649242576554,1.386090997943145,5.817423589116673e-05,0.3599924896400352,4.311178826640844
2010-09-27,0.6255159914681422,0.0,0,0.2639945120564293,0.00964313867215658,1.3860383200851691,3.45313427385154e-05,0.33002461890385776,19.793748202637737
2010-09-28,0.5944493099239986,6.625452150099224e-05,0,0.2191781521240729,0.009513102359591878,1.3861164355796727,2.9970659012454436e-05,0.33393868527601545,136.9344243129574
2010-09-29,0.5956979864266216,5.8065813201860695e-05,0,0.12851314157129382,0.00824611879785461,1.3862222144238432,1.702119048982484e-05,0.39754706692830055,4.299000230273865
2010-09-30,0.5922896566028613,8.39429828296218e-06,0,0.10214452690602838,0.0079865746250456,1.3862509435525965,2.4866217465586847e-05,0.3796798555212932,4.529769499263286
2010-10-01,0.6248805486599984,5.797713564777741e-05,0,0.7137271454239618,0.008621672753455666,1.3841604291314427,3.704644411857993e-05,0.45708839819316244,1.262125075353924
2010-10-04,0.6079845886375138,0.00021163450220449686,0,0.33352740989387536,0.009144292885432866,1.3858213401227069,2.22892218654935e-05,0.5040520937919079,64.1935732941103
2010-10-05,0.5512117343347708,0.0,0,0.19757371164807827,0.008816376737093722,1.386143229608385,1.7310104623592835e-05,0.5523566564430957,89.57330233085308
2010-10-06,0.5230054479068598,0.0008376832782929279,0,0.1455808205210713,0.009544829780844588,1.386210278109829,2.42744258050939e-05,0.5277645081281852,10.215290701096185
2010-10-07,0.5104080352789176,6.463956008840244e-05,0,0.18272650784195404,0.009797015269539066,1.3861587913979436,2.235083730716049e-05,0.46030864893014223,4.483813549070897
2010-10-08,0.49926108221592314,0.0001797295613416888,0,0.1878873409809912,0.009915058484263422,1.3861483933227674,1.144382342951774e-05,0.4643407971807166,23.46782017131961
2010-10-11,0.3959696963773918,0.00040952052598080933,0,0.23302013692915802,0.010376513032616087,1.3860636429432494,1.3549717017545732e-05,0.44644640777940603,7.120214087330765
2010-10-12,0.3257035271985927,1.6313442830333873e-05,0,0.06320428382479348,0.0111888416265004,1.3862776518183222,8.802709663014271e-06,0.4388199591913176,4.600635292075859
2010-10-13,0.40711387428173573,9.034266208296073e-05,0,0.9004896473017556,0.013163620645700688,1.3827260551301657,4.246823581534528e-05,0.5289333411604112,1.3811569489951947
2010-10-14,0.43737330210966824,6.414756793820693e-05,0,0.10103609421818843,0.015398044798377756,1.3862442745188255,2.754936704638636e-05,0.5473228252518971,8.565176582138845
2010-10-15,0.4925832203750878,0.00023478765817284088,0,0.22209043796056063,0.014686857216726468,1.386047650271761,1.537849666717823e-05,0.3671796098427249,3.003166016041312
2010-10-18,0.6058425121821398,0.008229771642408611,0,0.3956126981955676,0.0164764112132859,1.385432067965634,1.5843665429954405e-05,0.36186138197655526,214.8399942035471
2010-10-19,0.6458205952269882,0.006316466526366639,0,0.4094739821940484,0.016634132177418732,1.385497116578608,2.29738136538895e-05,0.3559751899463866,16.126963959782913
2010-10-20,0.6338498508054619,0.004048069263088825,0,0.14174067457266043,0.014764012617509299,1.3862142309844452,3.86466111675565e-05,0.38218371800942563,9.890455866454053
2010-10-21,0.6402197478867477,0.00446999404737746,0,0.1565374031161267,0.016908109717813712,1.3861786842675345,4.073968540306954e-06,0.36087420990009134,2.2222318676869635
2010-10-22,0.6299944936222633,0.001948424662269665,0,0.11716793000540456,0.018856853007894542,1.3862387509258314,8.200047657685313e-06,0.3878188149983049,16.21662881586421
2010-10-25,0.6373731735785668,0.0057860485204139665,0,0.2926207268679728,0.018824774988993744,1.3859747053213958,6.5823222697715384e-06,0.3388196225669842,13.794564873096988
2010-10-26,0.6623936323207251,0.001718199477793266,0,0.3634677992190562,0.016588988661735193,1.385876941210102,1.9381608069469573e-06,0.40909656396798283,35.34395635747606
2010-10-27,0.634771171840109,0.0010774965500114728,0,0.09534546720858937,0.01383826491308,1.386257270906933,3.891627999440401e-05,0.40358505369262826,4.668325198071876
2010-10-28,0.6412729301126656,0.00453019919970586,0,0.12196002519006545,0.013580506503925767,1.3862260404972129,3.305533637601751e-05,0.4489393002257456,13.91950975695491
2010-10-29,0.6584215241239997,0.005570857037427743,0,0.37694238733871993,0.012271852525754821,1.38561311231576,6.913651984775127e-06,0.40540577601658206,9.276181497160014
2010-11-01,0.6569595820055718,0.012320487699911668,0,0.8689003892671006,0.012408303738276278,1.3835210829901257,7.347752905211111e-06,0.353934486830998,1.6980250423709955
2010-11-02,0.720250097801551,0.0016333067989776821,0,0.17222485048487293,0.014153595362394846,1.386196750779547,1.5602563676397405e-05,0.3989295511401747,7914.463051385435
2010-11-03,0.7579967467402233,0.005150969432386283,0,0.31094910872785414,0.011846024110668256,1.3859921701054128,2.9163872479056882e-05,0.34565903494967143,7.853953143912798
2010-11-04,0.7496879888683091,0.007938554276575973,0,0.31900911783028346,0.010418175062631723,1.3858937016878712,2.875716415945847e-05,0.30974485661509044,1.8983225231130538
2010-11-08,0.7613383438792529,0.00847274377032473,0,1.0628718192384508,0.011363729422469989,1.382046139382606,3.20044231247263e-05,0.31222331127391745,372.2750631036815
2010-11-09,0.7704614011824604,0.0012425810596825764,0,0.1732970993286847,0.01085727234459002,1.3861792032543843,2.9907872453735393e-05,0.32347248584935084,22.04260445422469
2010-11-10,0.8802866255323318,0.000261868047272853,0,0.18312214052708142,0.01097471869738447,1.3861971446182189,2.9767418045999406e-05,0.322816530850161,27.51963602440004
2010-11-11,0.8851254860219347,0.001695567944224206,0,0.32922377155781657,0.011157299583234446,1.3858146491359442,2.909124784250019e-05,0.2932127478679058,3.456952491563057
2010-11-12,0.8786374129192669,0.001931103452055267,0,0.22158584040851195,0.010909689572256468,1.386053841667803,1.6808811586487582e-05,0.21183667412541773,1.524874818255498
2010-11-15,0.8716095561551424,0.0013578516979626009,0,0.10815500040576122,0.0127680739880019,1.3862441269578025,2.091885052318235e-05,0.21938337645258674,10.050366398025817
2010-11-16,0.9082740573463647,0.0035629891846683764,0,0.6344205530877729,0.014315050329089144,1.3842346239316177,2.783599033364099e-05,0.07881967188649394,2.3581851924616593
2010-11-18,0.978071175242023,0.014463994940593382,0,0.46172788151893845,0.016216374273658466,1.3849442459974595,2.6016086191921564e-05,0.08203424026367191,395.178039783913
2010-11-19,0.9827075750247827,0.002081582155033414,0,0.355579999962876,0.01701617568418889,1.3856572982775317,6.115631019281079e-05,0.026646410645426208,3.8556522841423075
2010-11-22,0.9799929298144345,0.005181550880359572,0,0.237741069890873,0.018960828092435624,1.3860439228149408,6.085105066024185e-05,-0.0018026379714122442,3.186370528762572
2010-11-23,1.001879502241485,0.006418256057411489,0,0.31184549354299523,0.021942917463363257,1.3857347363255306,7.730003784024111e-05,0.032665113236597716,8.700402747426773
2010-11-24,1.0155269864149596,0.0020283227384889344,0,0.04597083338510058,0.021085780763726268,1.3862832917561971,9.729181823431104e-05,0.03572144987462693,7.57692964694285
2010-11-25,1.0093633736038048,0.0030979871088387834,0,0.16576559557340967,0.020133106749723136,1.386159309101646,0.00010715982432221485,0.0667541997687066,9.070835403093962
2010-11-26,0.990455176592632,0.004953409192717369,0,0.15597948382426507,0.019701134104101733,1.3861577113701307,9.97743131019645e-05,0.08286269139101951,13.093610785938528
2010-11-29,0.9815975863409094,0.006584727993864055,0,0.11978412653920854,0.01898665554369981,1.3862312703093134,5.7410074958580434e-05,0.08329650998907952,3.7086670892653326
2010-11-30,0.9840061751528102,0.0031610633436773305,0,0.08441196209540403,0.016513599817087644,1.3862584190160032,6.0098330687346836e-05,0.07017711239980924,17.460110672180058
2010-12-01,0.9799422843808605,0.0014146954385384663,0,0.4212215231452018,0.01511179424040769,1.3855593901922307,6.431378965355208e-06,0.03111162828891137,2.483969074248583
2010-12-02,0.9830722827030455,0.010372283104994603,0,0.890840612859179,0.013799293340344068,1.3832017827674812,3.0298472385707234e-06,0.024368430534839704,8.739584861124502
2010-12-03,0.9532768668516194,0.00027441088625932813,0,0.1475487419934484,0.010828699849030532,1.3862135968921099,2.1805483926645405e-05,0.059999362217255256,57.5668680423348
2010-12-06,0.8774533335469926,0.006793402168551621,0,0.2424221483074537,0.007533082352395463,1.3860356840360157,3.2129528302804617e-06,0.06360278230368015,46224.62147634385
2010-12-07,0.8999827120821345,0.00046712850834287347,0,0.19699891168311165,0.00771380258969188,1.3861470681365948,7.0421413252088425e-06,0.10083550275750064,52.99427914876617
2010-12-08,0.9214138587859221,0.003713020058779189,0,0.1275940946591897,0.008742869556943068,1.38622955668916,6.521903844790057e-06,0.12256655903657838,1.5905319648085998
2010-12-09,0.9284728318828777,0.0034747906484185256,0,0.4888457745392346,0.009655110582832591,1.3849783185220603,7.031746025694885e-06,0.07590100076815212,1.3024298790240496
2010-12-10,0.7598801583670253,0.0009542399336103496,0,0.08562724176905052,0.01158756548760519,1.3862560679839944,2.3382839906165075e-05,0.08322912509827936,3.9064129465646356
2010-12-13,0.7641472604162122,0.004310024506344486,0,0.29379412052932624,0.011498279528144091,1.385843259559904,1.6498099898661792e-05,0.028090336397622657,14.055357604055462
2010-12-14,0.7889264431146834,0.0035568929590956803,0,0.2142077718317337,0.01054070900968588,1.386113805498884,1.7224539376394304e-05,0.03671834726579223,27.979876017404294
2010-12-15,0.8162766609493757,0.0021810404742814266,0,0.13882170218536335,0.01129390612271018,1.3862178379910954,1.3424995542507222e-05,0.09362748690398288,12.854949290001109
2010-12-16,0.7934641376553816,0.003092475994924263,0,0.16779204258124542,0.012033069426278527,1.3861624405835558,1.2315322408701448e-05,0.08037548428927131,5.751030953287138
2010-12-20,0.6932485356367496,0.003688222403750764,0,0.13795854819849754,0.012784563020674562,1.3862124812035035,8.948899356381666e-06,0.06827392407265197,3409.069618893555
2010-12-21,0.8233536773242139,0.0022423110873206076,0,0.3643417653569021,0.013531961851496143,1.3858932656975749,1.692237625872368e-06,0.013149785409428147,3.5518473591763224
2010-12-22,0.8294858250523774,0.0030533521461559377,0,0.22613833235980563,0.013759029699445976,1.3860957273707584,1.5859972774136008e-06,0.05951459701075985,34.74086954963554
2010-12-23,0.8288247566533008,0.003586236106352411,0,0.49289803821429073,0.012728625093270933,1.3854854660603304,1.450129809402881e-05,0.07595393910310545,331.6201709186428
2010-12-24,0.8174307799424789,0.006669347931555031,0,1.086850079592421,0.009046391668018988,1.3818974166180196,2.9946760528082095e-05,0.04855769359704361,4.185449591084844
2010-12-27,0.8406222322517025,0.00028269791122975636,0,0.19935429939959123,0.009094989918160332,1.3861513614025678,1.4667668585886216e-05,0.03294237420397195,23.985699204391786
2010-12-28,0.9014610268602465,0.0012079861645861202,0,0.1624500766138682,0.009039238002806434,1.3862194767477356,8.638151722910707e-06,0.06128456157989406,333.09367847481997
2010-12-29,0.9214471801385113,0.0015248379015507243,0,0.40382984754021567,0.00860827901008011,1.3857442168716734,1.234119476901696e-05,0.03165243015552096,1.2939296137765717
2010-12-30,0.9589984788747022,0.0003299594951493146,0,0.568154851351729,0.007004172447549633,1.3853666584907403,1.844579156845488e-05,0.015896240232686612,4.154380599194446
2010-12-31,1.005619647979953,0.0005324835482722914,0,0.07053017244562661,0.006078318384020755,1.386278929617633,1.5059725479116192e-05,-0.01728134395391307,6.818550835789405
2011-01-03,0.9795230555053013,0.006977021326667946,0,1.0886874823116142,0.0052249473319064,1.3825360286156454,1.654151845200035e-05,-0.007183454333964657,14.388251882842013
2011-01-04,0.9758621808736286,0.0024573365471901734,0,0.17394272839104574,0.004547501221953444,1.3861853428013924,1.1016300084402918e-05,-0.03333413227078657,61.744385954519956
2011-01-05,0.959193630406459,0.000813821984014242,0,0.2100281019068427,0.005334363576529967,1.386127236541893,9.627225325903585e-06,-0.011334976625508433,1.7806540419373376
2011-01-06,0.9758684038404222,0.0044638856656315775,0,0.2683816082066496,0.0052985834651672215,1.3859776566382291,7.297393146605671e-06,0.03412020288399524,7.075892012208862
2011-01-07,1.0167435334757882,0.002872736861202074,0,0.21071555762121058,0.006555904215062644,1.3860590801089256,1.7986936186671622e-05,-0.048384842994277664,1.2822118603879473
2011-01-10,0.9785390555692015,0.000559092162735205,0,0.371444204881904,0.006374161909523888,1.3855767281185352,4.919049381383726e-05,-0.15100911387844929,2.230753941817037
2011-01-11,0.974134256448855,0.0008846043395513369,0,0.2110439405996358,0.007680260291343612,1.3860490634252616,5.049192516986551e-05,-0.18178361259440634,570.0404788614461
2011-01-12,1.0134983247309388,0.007953843366198863,0,0.17936098367566397,0.0095091886812238,1.3861028618414433,4.4801771180386504e-05,-0.1911786732383189,4.3916168127919875
2011-01-13,1.0233023583614038,0.002134199205154465,0,0.3189382618122047,0.01356222660228949,1.3858352138593304,8.198105046373936e-05,-0.1564662740463166,5.144542762498034
2011-01-14,1.0950674408339085,3.480447018790386e-05,0,0.07912301523025,0.013620681496843343,1.3862548975084965,0.00011137445360446835,-0.15219104789072302,5.508034487166269
2011-01-17,1.088254836122343,0.0010173976201205868,0,0.19374202690486375,0.014900449504350337,1.3861406057638255,0.00011379661345354108,-0.1837073914615138,808691.5174094595
2011-01-18,1.0940558226874941,0.004904141353450058,0,0.16350620502049026,0.015243481015787399,1.3861995271229426,0.00010531194380591447,-0.23378209904275066,7.8217244474602
2011-01-19,1.0381217392658946,0.002320885590286398,0,0.09720314965684072,0.016607773454011453,1.3862537019459102,9.738603861396008e-05,-0.23396870650492602,25.151705307518124
2011-01-20,1.0523856836817354,0.00617780247102532,0,0.2733997841575102,0.015557979841558066,1.3859521284026783,8.642283985551851e-05,-0.226298790917121,37.41968332116085
2011-01-21,1.0630662354270697,0.0034287815374590054,0,0.20702896565580617,0.01622347169663737,1.3861491988014951,4.899147125099994e-05,-0.23196939248898132,28.79565555121817
2011-01-24,1.0598856889784474,0.0036097497457004517,0,0.06850183870468858,0.014894638096438824,1.3862771572728199,4.065956460343718e-06,-0.2995150707605606,4.020805061581193
2011-01-25,1.0625985372910982,0.003484941241221175,0,0.10392530196672543,0.014631801730655376,1.3862410361532589,1.434652444201986e-05,-0.27832447815329986,2.259069329465255
2011-01-27,1.012253379369379,0.006641731165889014,0,0.8994057450600863,0.01096310794998111,1.3825550473350225,4.8456335454056905e-05,-0.21468530278876477,1.841430103603195
2011-01-28,1.015550087226144,0.001729352557674662,0,0.09819846615753014,0.010936021249231343,1.3862399999802724,4.410283330555014e-05,-0.17355463760325257,2.4041033172808652
2011-01-31,0.9483426906723279,0.01087137564055987,0,0.33653949400472377,0.010751551117177485,1.385711920793284,2.489498911165669e-05,-0.16764305534636198,508.98321322056887
2011-02-01,0.855165343956308,0.005686755251617257,0,0.6481089968446972,0.011080590306049154,1.384217888882083,4.3778335633040315e-05,-0.10196002435450652,3.230348595301397
2011-02-02,0.8487267796659627,0.009617197577077973,0,0.49978792011808065,0.011192467748840034,1.3851900678282494,4.6366501968766476e-05,-0.15432770832753692,102.64413350792755
2011-02-03,0.8081884185794459,0.000285350849973907,0,0.41266012457406825,0.0117677965763188,1.3855273112219828,3.325158397106997e-05,-0.14135643919646493,2.8305074158687344
2011-02-04,0.7932435705819819,0.0012402128418722853,0,0.10337346735670157,0.015659923313028776,1.3862299048359592,7.305347078445361e-05,-0.11798234386120975,1.9932165354009195
2011-02-07,0.795527212690602,0.006355133232669495,0,0.4309852774129863,0.017128156959111674,1.3855379394758938,7.012962637970718e-05,-0.13565120508017614,533469.1066122433
2011-02-08,0.8088080034544347,0.0067139008016566075,0,0.9288758441114271,0.01687115608550223,1.3822702367654365,9.615127696073354e-05,-0.13410531035286927,4.630423066172276
2011-02-09,0.8019578579124886,0.003677306836467682,0,0.1429983280507727,0.016812392732683437,1.3861904787966626,9.813252316134731e-05,-0.12904599741629433,9.959103611447652
2011-02-10,0.8230385082653076,0.0014286261485459309,0,0.1908422005020161,0.017258106952745825,1.3861395359492585,8.495977714279689e-05,-0.08537389710041478,34.62274733868592
2011-02-11,0.8044035370055986,0.001177527675082674,0,0.05277463025237045,0.01790646526312476,1.3862791303191262,5.0720705775983306e-05,-0.10499696419597268,2.5487948914181855
2011-02-14,0.8045626229469135,0.005680633101799573,0,0.7492759712531277,0.01746574271205086,1.3838969450492546,1.5247416516918615e-05,0.03446564834288774,1.8851011729079827
2011-02-15,0.770544538003781,0.002151276719363753,0,0.19278000474361334,0.01786385920102848,1.3861161816911338,1.8619378773399766e-05,-0.013588164563959775,55.73578339872247
2011-02-16,0.7996956227033605,0.0024477849067198834,0,0.2124183596568507,0.01673937391806225,1.3861374384610645,1.447746486297449e-05,-0.030374059960364765,63740.274853340765
2011-02-17,0.7483345336507667,0.00364186342917042,0,0.08129590823735756,0.013443172592190016,1.3862647861969473,5.460881431706083e-06,-0.09747791765720384,8.339859472622546
2011-02-18,0.757409307732399,0.001999209847252658,0,0.07046268946013473,0.013844257723058853,1.386266548209648,1.639965979502764e-05,-0.09857055919600975,4.537612028415401
2011-02-21,0.7572386434559071,0.0004305962831897544,0,0.04728663893510888,0.015081700142868519,1.3862833453219185,3.235114158930536e-05,-0.16532617877114988,4.485567680780161
2011-02-22,0.6996541302802592,0.0025764679611349193,0,0.16653626270357,0.016797415189833947,1.3861763236127318,3.958767369857446e-05,-0.16324422652700477,7.29387156558278
2011-02-23,0.6449886630206628,0.003067304396938622,0,0.2082988938693117,0.01649513817371599,1.3861153750033102,4.506634208939506e-05,-0.11675833374559866,18.287548517531715
2011-02-24,0.6595644667586609,0.00527381523070742,0,0.2989095394793718,0.017109238976708435,1.3857883241756723,1.2180284422537675e-05,-0.22666189483537746,1.4559058989938811
2011-02-25,0.6686157022009795,0.01102637544485465,0,0.4167737796017255,0.020358084474465632,1.3853650769810149,2.028188581501576e-06,-0.24969639004988595,22.726507250993322
2011-02-28,0.6855649446951994,0.005002991220794771,0,0.3129552964125681,0.018090890395973155,1.3856593079743713,3.172868603854111e-05,-0.24641836218515867,40.78125616712934
2011-03-01,0.675542952845969,0.009099243855114089,0,0.486225838148603,0.02084702979695532,1.3851043452859748,1.3679083884636671e-05,0.03696634097206671,1.9815140158900473
2011-03-03,0.6651070205128811,0.007972154919287542,0,0.3637813635409474,0.02314753548954967,1.3856427875648758,1.8033807049741565e-05,0.027075061826772013,376.0298875425579
2011-03-04,0.6654677363529347,0.008990925531048018,0,0.4468589380859842,0.0203041000827537,1.3853916187658903,2.4776442940501826e-06,0.014996586458706973,6182.608070008016
2011-03-07,0.675093270406573,0.008831516159195744,0,0.2511876072973201,0.01890792627671038,1.3860095766624172,1.3561107625792482e-06,0.016031590743613985,7.62381430345797
2011-03-08,0.7050354774994377,0.0005398715161891716,0,0.3559680374826052,0.019394700891179,1.3858405887165015,7.017622112216842e-07,-0.016843663310053943,13.784927861066738
2011-03-09,0.7042310507492094,0.003904860379393115,0,0.19808749960346916,0.02000581780125058,1.3861161499250567,1.9464309986863678e-05,0.0015135199965052616,90.69026003953554
2011-03-10,0.7818612921121321,0.002697524462914909,0,0.22700632101093887,0.017970053342306124,1.3861149806701398,1.8119863708145207e-05,0.054448730741909625,7.866863483921508
2011-03-11,0.7808852811597146,0.006985979013755157,0,0.16833052855645939,0.013740049464473034,1.3861625871932737,4.581258761442263e-05,0.1085214976417285,5.327446653019495
2011-03-14,0.7652885562982333,0.0016449620095761082,0,0.7755442052088186,0.016237809514641877,1.3838311744533878,5.8622103293390147e-05,0.051090757153596164,1.9672269420302597
2011-03-15,0.8280279193653955,0.020363211041273643,0,0.5535206914908455,0.01638637532297797,1.3845188541324123,3.2727833024892725e-05,0.11716641861430874,2.6801285351492528
2011-03-16,0.8862339297973979,0.004814443789736091,0,0.13496323920042297,0.015698593492051043,1.3862276869934589,2.1587459226359194e-06,0.08488465963369919,5.7027087637716125
2011-03-17,0.8934450682364834,0.010167369183004848,0,0.5183732291993163,0.018025369820739764,1.3850602665072818,1.8295938750037168e-05,0.14961845835348764,5.8636618581313416
2011-03-18,0.8530800648928044,0.005255495581635517,0,0.6533567279857919,0.016637331111099687,1.3843274985504663,3.564564606993254e-05,0.17607977713352618,5.029196024245976
2011-03-21,0.849698309424149,0.00650129191530713,0,0.541129312260386,0.015256945552340688,1.3851042146377393,2.029313569371345e-05,0.17977725566821745,241.60924442485657
2011-03-22,0.8815157275210541,0.004853313371789305,0,0.08827116280676879,0.015493206209343021,1.38626624567605,2.1523268470059345e-05,0.17016011387003446,6.410762086607385
2011-03-23,0.8883002812339296,0.0004526815277876238,0,0.39205514567803856,0.014892577887415956,1.3856855054919774,1.0926029217474489e-05,0.12952461906842389,3.7334587640940824
2011-03-24,0.9866249795772304,0.00392455556661447,0,0.19474498264154327,0.015139102740244902,1.3861814183226513,6.073819146984412e-06,0.102601982935052,8.089950202874663
2011-03-25,0.9844658781075947,0.011925207119675908,0,0.2322539676739429,0.014173058315641165,1.3860365054701551,5.0522945086731525e-05,0.1428069330268482,1.5264550288621386
2011-03-28,0.9758021939763858,0.0015929911771699456,0,0.1496802698332779,0.012749651710574758,1.3862081293001305,3.55499145095712e-05,0.14574741703667857,26.01210240144625
2011-03-29,0.9410516339337112,0.00013188262465536682,0,0.03709822373901682,0.010154915294993324,1.386288382511198,5.773067379666269e-05,0.1368700495741373,11.79740730952947
2011-03-30,0.9613198014075218,0.003384871545656411,0,0.11585683236266835,0.007634068114471111,1.386250146061853,5.455109167986864e-05,0.12210485029307118,10.123456873625422
2011-03-31,0.9451998845860369,0.0026572876176223074,0,0.18624835055288516,0.0075516298280458895,1.3861410141798343,6.514357506204531e-05,0.08894131723727344,12.816131330693507
2011-04-01,0.9567057203346875,0.00021424745663099073,0,0.19856610716737133,0.0072669021607973455,1.3861577215581562,5.704200650137556e-05,0.060879801283481624,144.28775498828483
2011-04-04,0.9385132967294361,0.0027339967714889468,0,0.24501982646603743,0.007776623986905167,1.3860588221757364,6.140121976118351e-05,0.009208404647839855,2.104476703517179
2011-04-05,0.9383372376141869,0.0026030291081107623,0,0.3078357943304549,0.00896486492760879,1.3858948649875729,6.15968461135835e-05,0.011899002448381733,4657.271449461825
2011-04-06,0.9331500272544856,0.00034689390245118065,0,0.19168537976096048,0.008836362708947445,1.3861448497327293,5.65925975850347e-05,0.04185033312719097,28.242874617136266
2011-04-07,0.9936057799089008,0.0005433130640611852,0,0.21444927672271366,0.007296440887647344,1.386148467252103,5.247440850250424e-05,0.039943042676455084,198.7144343979106
2011-04-08,0.9652719351884267,0.0001783493958974394,0,0.11296420541450697,0.006035281307347033,1.3862352277574332,2.2008426703877337e-05,0.09194750291852286,4.744876297403808
2011-04-11,0.9551417066709856,0.006293280960477102,0,0.35454058791534054,0.0059746533210384995,1.3858287650593926,1.336406907632415e-05,0.10953289309131031,1.706852822291028
2011-04-13,1.036254226962829,0.0065460861954792825,0,0.6179597262228821,0.009406559623201156,1.3841816744810234,2.96302162671932e-05,0.07581522507050772,1.3457805383826933
2011-04-15,0.9160589117097134,0.002159142262570818,0,0.17574727789902178,0.013335296052431786,1.3861621222706733,7.026833165771749e-06,0.10199708497968127,3.7920975548109177
2011-04-18,0.9594158014771881,3.428770664072293e-05,0,0.06523786865417687,0.012496500107790232,1.386269072994207,2.1600519522525318e-05,0.16217036752515607,4.045868913469562
2011-04-19,0.9309096463288292,0.002289207305372737,0,0.09913938499011281,0.012850885903373955,1.3862552774155503,1.7692078165824995e-05,0.1334679612589899,255.219033484729
2011-04-20,0.8975866472126114,0.007859950492570414,0,0.15392632559325353,0.013220745470854266,1.386189650513561,1.2371707497940091e-05,0.11763265344715218,3.620590900406228
2011-04-21,0.8915193118733432,0.00531769889394888,0,0.2475280945509758,0.014346274987837868,1.3860779277263162,5.577646474237126e-06,0.08630161388885517,28.200160177405035
2011-04-25,0.8833197982186206,0.004274437002920022,0,0.440094684139364,0.014934402509476554,1.385580714655613,3.7976272417941085e-06,0.122320012471981,225.26466389370356
2011-04-26,0.8949150946170323,0.00039997067027197224,0,0.25885648905338005,0.014297818930741066,1.385971084651536,3.8126579651429726e-06,0.09784587912605623,376.16991544780166
2011-04-27,0.8314484353024504,0.002688818194577717,0,0.26912239068672295,0.014589601890760744,1.3860129779186563,1.7850612100444537e-06,0.09166176377900745,12.560398388321532
2011-04-28,0.8070158083197073,0.002986706879941479,0,0.5129448797232501,0.011395069666824522,1.385274652181665,5.5142230333276587e-08,0.09777759719893714,2.0147887211630673
2011-04-29,0.8077753594453788,0.0005100636373170305,0,0.16553687368035452,0.007592640488619767,1.3861690014648427,2.8766428649468e-05,0.11475051228688384,3.7900262157742346
2011-05-02,0.8112291622676203,0.0030217630042800843,0,0.33255432483256997,0.007645982684168011,1.3858335772515509,2.075258889453632e-05,0.12141774266208977,3.0352454265872506
2011-05-03,0.7819582603086596,0.0020366277560276576,0,0.29161356814554007,0.007332530336046978,1.385853673566715,3.2358021493686446e-05,0.0962760966083751,1.3669307449084462
2011-05-04,0.7831729663770699,0.00044017000149565135,0,0.1202142788268123,0.007553406399361134,1.3862340305312706,3.982145841664726e-05,0.149338401924437,30.761721825707745
2011-05-05,0.7351071446543346,0.0010027880569289426,0,0.06515166169048991,0.007052842596640655,1.3862737713957245,5.545010573062938e-05,0.2116293633280708,4.636267559500738
2011-05-06,0.7289812522857523,0.003254824302003548,0,0.2823746577321597,0.009645003255639634,1.3859666304881002,6.026177365635545e-05,0.17281426918873588,4.169858191161144
2011-05-09,0.7337053239744509,0.004269036095473523,0,0.23709479485075347,0.011423338630757767,1.3860404620580276,5.90247840552558e-05,0.1519845816453411,272330.07199279015
2011-05-10,0.7274809757675148,0.0008012690250338707,0,0.19380482674351096,0.0110739607491873,1.386135080409534,5.959936055612883e-05,0.1313463555158078,159.545347451999
2011-05-11,0.6548741113879871,0.0010732240806996232,0,0.1417053953865017,0.011476027766275923,1.386223803248452,5.124137735523887e-05,0.09511979636909783,27.0023829351592
2011-05-12,0.6552524266112857,0.004908659609792353,0,0.03461262463290566,0.013304782682219924,1.3862889061395158,5.968955012576651e-05,0.1588784280361622,2.4632198434038393
2011-05-13,0.6631041133590835,0.001129516048947985,0,0.15032968597822086,0.015829072638656252,1.3861736911203666,4.459334033322125e-05,0.07498486657606916,2.9968914862869327
2011-05-16,0.613615139198433,0.0005501859857219413,0,0.23335248750933926,0.016182020016414903,1.3861098788623258,4.4408630150214465e-05,0.12186585497244642,5.928273933262105
2011-05-17,0.6148204545212613,0.000527489951930212,0,0.06178045133081104,0.014360313028490232,1.3862766449750565,2.3892076451168473e-05,0.1534635630957806,4.349214559838085
2011-05-18,0.5531566888513499,0.0016992512997177217,0,0.07075951984655979,0.014205210865837457,1.3862754496163734,2.2064087384035542e-05,0.2045384613490198,45.30276260104951
2011-05-19,0.5504466372497152,0.0050695551357546245,0,0.5354880324026808,0.01132362846704501,1.3852854642870034,5.547428231349391e-06,0.17646002473811379,164.9969101486075
2011-05-20,0.5462378501999146,0.004145666916439941,0,0.15506489548120184,0.010500344956702011,1.386190514207418,9.95402881734187e-06,0.17673619789954192,2.7777138192934365
2011-05-23,0.5346232107116445,0.005418959815775979,0,0.3254537558725754,0.013535812858539125,1.3858777878481212,3.0112071767351572e-05,0.15743118432296346,1.7353615562268492
2011-05-24,0.565828907900503,0.0002691708425628405,0,0.1930693981787198,0.015073150285343043,1.3861556197649896,2.7061299954888443e-05,0.12872265563477986,196.83554081019864
2011-05-25,0.5742595542432019,0.0010663996848597522,0,0.052564605604315445,0.014130838610277656,1.3862841184711023,3.9358433585768856e-05,0.4330981374146237,7.235425282294315
2011-05-26,0.5812345092851887,0.004439565245175411,0,0.049654966008541176,0.0136223432995574,1.3862848701510502,1.4003965982279109e-05,0.4212686226154259,4.790920908020027
2011-05-27,0.5823060251215691,0.0002494164772402412,0,0.45485345487908996,0.011529365254538536,1.3855331394959454,1.3061922451421418e-05,0.4008188488480274,5.020163312976987
2011-05-30,0.5883211827456564,0.003217895853964027,0,0.16867768175404674,0.012591904920576377,1.3861916546534334,4.810085943096193e-06,0.10657615629629791,1171.0048535595317
2011-06-01,0.6237737101086941,0.01594170287960869,0,1.4761876104467084,0.014196252668927692,1.3787725650823532,3.2054904426009435e-05,0.1380927776081767,1.756160777532202
2011-06-02,0.6050490034188475,0.011167290403086096,0,0.9586654601190723,0.016885765196685446,1.3827347521615865,2.805870649101688e-05,0.16766619419420636,14.207205973321216
2011-06-03,0.6159212597996804,0.002761791645159194,0,0.06609873722940258,0.01600938085674919,1.3862741929205498,1.970051132084749e-05,0.16835486283802317,18.770631779192463
2011-06-06,0.6016885836008988,0.002259349305067395,0,0.08023733742548847,0.013765983508248755,1.3862695397751335,9.752932633814738e-06,0.1939748118650486,73.35332673964298
2011-06-07,0.6036471852062913,0.004148088212735476,0,0.490558054034245,0.011730384519544633,1.3853806879752628,2.989139792165539e-05,0.1825314391584398,30.75864952811012
2011-06-08,0.606260826558365,0.003768672532656053,0,0.2140669557901879,0.011680395890152278,1.3861391808407115,2.4173443015370903e-05,0.17876304898171905,5.26837655993231
2011-06-09,0.6862710429069604,0.0005973164946139725,0,0.2148093699232809,0.009892590377586967,1.3861469753778335,2.9599089489831956e-05,0.1544106847905177,83.89170038561917
2011-06-10,0.6648748814081145,0.000543522602388087,0,0.10823769901614426,0.010479457745793199,1.3862489386321035,1.2472557777022458e-05,0.21135005806244708,2.3558623309479994
2011-06-13,0.6543764600511679,0.002911688205043659,0,0.16707489485883711,0.009768383730380156,1.386186538821532,1.0404979180526811e-06,0.19987610908277353,298.36762387206363
2011-06-14,0.6654859295602853,0.0005106110379861938,0,0.18450507096879645,0.007738421583920267,1.3861870512818366,4.274820899014663e-06,0.22418085010233244,7.775162516681949
2011-06-15,0.6593068341411252,0.0011004697957835803,0,0.24460933881772487,0.005953701664239277,1.386083503020523,1.3098948719030428e-05,0.22732785959418386,1.5633981447149756
2011-06-16,0.6400911663218203,0.005125568134858334,0,0.20803579509386586,0.005833527353085566,1.3861272526623265,1.4696153352010669e-05,0.237736495897202,2.660350067857869
2011-06-17,0.643190355075606,0.002914172795758757,0,0.29902060744106557,0.005264486861521733,1.385950329677903,1.4391625809444344e-05,0.25306644395272704,7.037928096170176
2011-06-20,0.7896869907149418,0.001080269956991215,0,0.047098392588020906,0.006732092354221178,1.3862805191770051,3.6796082073058254e-05,0.24308505677087006,1.5358195727901574
2011-06-21,0.7886775269229133,0.004345875491698438,0,0.18795395451989177,0.008309800887629245,1.3861499233349268,3.6797778369081944e-05,0.26466597694116256,55.26966230849963
2011-06-22,0.7912584506325213,0.005443953653399718,0,0.49853956993116877,0.008166088540603043,1.385373170850038,3.371850934461236e-05,0.29578012373890494,2545.0233071524704
2011-06-23,0.7844395444539973,0.001744450660713209,0,0.12590765199846232,0.008393860693168002,1.3862284561624718,3.074439342312779e-05,0.17617736715600457,8.441883613046189
2011-06-24,0.7994088323852562,0.004388832852278688,0,0.8763092078783359,0.009983464431965045,1.3829562223532783,3.4286051371119583e-06,0.3883882749523373,1.6247159947922845
2011-06-27,0.846268041305602,0.00550744885071577,0,0.3425675808636264,0.011561016684890834,1.3857120400480758,1.0593943105875601e-05,0.3850638569198177,9.48463937228
2011-06-28,0.8458434102677683,0.004017900769794001,0,0.34162907846957974,0.010870184749232714,1.385818142851098,1.0802604628607628e-05,0.40681162428672196,84.20354288772094
2011-06-29,0.9100226724093164,0.003815803273756015,0,0.255816335919838,0.011558638811187433,1.3860954728507764,3.6106648708849255e-05,0.4017915586364964,10.807841203457734
2011-06-30,0.9073434665051094,0.0025055505005288233,0,0.1089399755725134,0.011317285474075435,1.3862540880557448,5.627517540750719e-05,0.35855322714253096,15.299190561149048
2011-07-01,0.9448081522796214,0.010279193340825688,0,0.7929069634785894,0.011000123973631433,1.3834244206127115,5.8009159148092626e-05,0.4156098668084042,22.83559917328648
2011-07-04,0.9545183595111938,0.009259952407497083,0,0.9433417855802269,0.009209182633249166,1.3829429284126942,6.126198306995084e-05,0.3963133239203451,12.23839515089054
2011-07-05,0.9605328895924524,0.0016533705332722785,0,0.2011845911588045,0.009703599066315733,1.3861538607545607,5.932955062192185e-05,0.39698581892071655,19.569011496503023
2011-07-06,0.9721706652142368,0.0016703813989904024,0,0.19863855596034288,0.009111953027919235,1.3861585203154438,5.8702465603114e-05,0.39772903503692014,79.98691725915079
2011-07-07,0.966070513391033,0.0014033295617020842,0,0.6657355422426855,0.009028418857043545,1.3845165569480413,7.373356221146292e-05,0.3478451005178066,1.1262020129624797
2011-07-08,0.9090931073711803,0.0009944009652059136,0,0.40862752557111826,0.010390287207790378,1.385622530082955,2.964024900003465e-05,0.34466406129472416,3.5130215406860335
2011-07-11,0.9406483869534632,0.0022283910965411663,0,0.12244056286429482,0.01010190254918262,1.3862437074083882,1.4506089665663932e-05,0.3599603998814619,8.821034592584601
2011-07-12,0.9490268094655253,0.010597108980632448,0,0.22793643650084797,0.010293734726948433,1.3860620641954213,3.6605338125342256e-06,0.35048871624950034,3.0715651370976356
2011-07-13,0.9210678022678878,0.002873080302465626,0,0.24148003254873504,0.013101710338430697,1.3860987419691828,2.8610298132908e-06,0.30866242860080284,8.016340418553312
2011-07-15,0.9058355071004542,0.003128242404654444,0,0.11583111267100811,0.013048524618301145,1.3862404564262976,1.2081042404603702e-05,0.3228068501672174,957.9324332267416
2011-07-18,0.9451303055214846,0.00011644021711280038,0,0.15792147771485415,0.012384777339384456,1.3862100922594724,1.0970128647771977e-05,0.3372942893392541,69.88311193995766
2011-07-19,0.9486064317297045,0.0005028855520511996,0,0.07606569088428024,0.012767556743885043,1.38627197916313,6.9058211307536935e-06,0.32844902279219507,6.515078887394406
2011-07-20,0.8721082221695355,0.005064156845937683,0,0.5888237695764753,0.014384870324445733,1.3848303195470433,1.2527140796318237e-05,0.35037855595405204,3.747203200487642
2011-07-21,0.8892364612155811,0.0022388246961095827,0,0.15115652246699646,0.012643017316414897,1.3862151972792955,1.6275430047031256e-05,0.36637309096257753,7.922776179663131
2011-07-22,0.8880005360072912,0.006358781646378017,0,0.23370148999001591,0.011630195019958232,1.3860845984371606,1.755917498933023e-05,0.3164855867119998,1.6067047692597751
2011-07-25,0.8861104157306935,2.669399392233665e-05,0,0.05626561890201492,0.012101526811450877,1.3862810861525905,3.546135354385848e-06,0.2512447491195425,7.443385354510174
2011-07-26,0.9104611890766747,0.0014338237750555665,0,0.33879862021256796,0.014177843637255287,1.3857197114943984,8.607572340759022e-06,0.20790529336383407,2.2259459677708713
2011-07-27,0.8573354321867012,0.002454398127528637,0,0.17721161936735635,0.012719453027058854,1.3861673688607894,3.923164073609086e-06,0.19930593928919912,28.998583869309687
2011-07-28,0.8631556020388622,0.009855849000619163,0,0.8960438040947437,0.012075644225382431,1.383425030583302,1.82880845230745e-05,0.3518309667469424,7.258104288692958
2011-07-29,0.8016488864692999,0.001595732893833299,0,0.18451716107032345,0.0129548614798059,1.3861576761326437,1.8562606137294138e-05,0.33535697951096066,508.9630552697859
2011-08-01,0.7792737387318402,0.008265635868870178,0,0.4020971151388824,0.012570151171097279,1.385616107852211,9.670433627306441e-06,0.29430804210245354,13.29251925018982
2011-08-02,0.7128297430683136,0.0042869474146466,0,0.13333917314363258,0.012644946068254132,1.3862279368354855,2.994382463406407e-05,0.34650787437898156,2.5021130085900687
2011-08-03,0.6966971907705857,0.01004743074758319,0,0.717375661863967,0.012391160348455688,1.3843540329962405,3.1448854526680564e-05,0.37431267446841404,4.042497062335059
2011-08-04,0.7138771310552964,0.0014051878698099157,0,0.19450380122194544,0.010497801125822086,1.3861162690082285,4.305239666601437e-05,0.38136798940456496,2.365650638203981
2011-08-05,0.8324932975594194,0.024194022494012257,0,0.5376665158273723,0.010601822228028255,1.384630247120037,7.844258820963323e-05,0.3106512353453509,1.8343444866503555
2011-08-08,1.023770908944997,0.024750882439111534,0,0.5963198585434439,0.00815504588461661,1.38391486001185,9.115480374663265e-05,0.28463898817872313,3.850567390279983
2011-08-09,1.2722827889968713,0.033898202974517976,0,0.6836313111704585,0.007633423479655155,1.3824604948181,7.786276437018354e-05,0.3546202227875117,14.970461599081265
2011-08-10,1.30201970369256,0.02409209718049557,0,1.162372682488284,0.009914271602306499,1.3793713103074952,8.512421999473775e-05,0.3052286797587392,4.742311339334013
2011-08-11,1.3024693942184686,0.006414639548221142,0,0.4333693510931336,0.011245514393589688,1.38548044207979,7.743340240937744e-05,0.2927773363066173,63.91566858723984
2011-08-12,1.2833734712165799,0.010858855961800515,0,0.7256325385979961,0.011358326445232922,1.3834576358404922,9.105378512626283e-05,0.30669896711926353,5.388495464954267
2011-08-16,1.2896002846886891,0.010354314845191446,0,0.5814128154425083,0.01004058409400749,1.38454062605405,9.730429071059349e-05,0.34260208239455525,11.371272168621076
2011-08-17,1.2087769584567987,0.0010927768968631223,0,0.1838520373505199,0.011153936309122321,1.3861289732469049,8.690732895305827e-05,0.36108799558931465,32.433523410069704
2011-08-18,1.1854285496571724,0.004213335298224365,0,0.7490334460871412,0.013658602580111976,1.38344426481611,0.00011006650347974773,0.30771946830684793,1.5027590515964684
2011-08-19,1.1928030260434401,0.017310685325786484,0,0.385401286321864,0.012891389926908635,1.3855057267319244,0.00012233249722121218,0.30497719240104665,2.8288559249537935
2011-08-22,1.1158258557672696,0.0004024433089761841,0,0.04031328666298331,0.015793805955080367,1.386286370921433,8.247209693777224e-05,0.23785960990933316,9.249742062679825
2011-08-23,1.0755785974230219,0.0053644738894304865,0,0.19199740098522722,0.01487537095398962,1.3861039798677026,4.563924748141324e-05,0.23792377356407102,11.110143941004782
2011-08-24,1.0597879342580636,0.0029443381880807115,0,0.07650845347216632,0.014451693718457,1.3862677434716324,5.0713728285312496e-05,0.3076631735366863,8.616483574856197
2011-08-25,1.0600665456876053,0.005253211281605088,0,0.5475090389137014,0.012276929534366689,1.3849445663660152,7.503401562475334e-05,0.3408634701851915,8.557133175016277
2011-08-26,1.035497494503317,7.234282024622116e-05,0,0.06029960074873362,0.012346259520436846,1.3862729269644796,9.722118940899044e-05,0.31552347816280846,2.2925591834804897
2011-08-29,1.024020153971758,0.01222548001079052,0,0.4803178743604472,0.017818169245421192,1.3851862506800598,5.596542795821552e-05,0.6198673904627998,1.5712628902768841
2011-08-30,0.9635166580356914,0.010846303698386347,0,0.30666521492449245,0.01866962840923318,1.38583062571176,1.3271530131411028e-05,0.5524264760990273,7.987429105875814
2011-09-02,0.9876933500120727,0.02152233384652849,0,0.7699769454767701,0.01667309272565802,1.3827614024493833,6.338010781871234e-06,0.5320868152577763,34.180965861840484
2011-09-05,0.8896579651508866,0.00818821338827482,0,0.2922927540488983,0.017777158060214467,1.3859266782656596,2.6045018719488645e-05,0.5697193936993076,96.3386002968558
2011-09-06,0.8615328419744271,0.004765001340601603,0,0.07284838395911573,0.015871085316506724,1.3862650121675255,7.127185976261439e-05,0.5114484505196863,19.48327437629924
2011-09-07,0.9165553610170768,0.0031248832636316124,0,0.13420508276306434,0.01606760721135732,1.3862183134573276,7.298657093167464e-05,0.46476923064258974,4.117665396327705
2011-09-08,0.9486606039562552,0.0028352523813920246,0,0.17432211937061332,0.014279593750133145,1.3861644504438104,6.50604029165895e-05,0.417966992723881,10.961619209919785
2011-09-09,0.8918626589195586,0.001560864308038167,0,0.5278548658471851,0.016709855057595903,1.3849999572814966,5.785157359384293e-05,0.4266956821451859,1.8273078768245439
2011-09-12,0.7087422221543587,0.015486582890434137,0,0.37339067564947703,0.01616892494794882,1.3856558679136886,4.023609744230051e-05,0.4256484261620685,2.17563826126858
2011-09-13,0.6401903002800936,0.006247123720588288,0,0.12075992235165986,0.012461929149742566,1.386215446986977,6.724274218992499e-05,0.39978014461303535,726.5650329456884
2011-09-14,0.6356300919594184,0.004865668669687791,0,0.10013770806131052,0.012065816250357023,1.386242840001427,2.5163568889053242e-05,0.33055063474284974,5.236168090981772
2011-09-15,0.6214664368166614,0.009886092974174832,0,0.3456752721940746,0.011313022466369078,1.3855954773252193,1.931336615740428e-05,0.2718776021053587,7.71698610307325
2011-09-16,0.6027064721893023,0.009344056097917407,0,0.4553865142327044,0.011150188194238367,1.3853567373685616,1.1224649629901206e-05,0.2598457160999267,308.8926324959826
2011-09-19,0.768443642990771,0.0031223593220999608,0,0.16611681030886213,0.010944085215469855,1.3862004196745077,3.885979788018313e-06,0.30367946546444746,4.441700299368058
2011-09-20,0.7536499692985413,0.002104246024343471,0,0.4179828052715931,0.014179843337780967,1.3854943047965635,2.1736732472103394e-05,0.282511455053592,2.045146143429522
2011-09-21,0.7743362557801882,0.0026325778259948113,0,0.11989437151748684,0.01599723153039681,1.3862383467536266,2.3745371960240186e-06,0.31710275043906655,394.02392877409255
2011-09-22,0.7798088989078511,0.015469904824021758,1,0.4272252589684228,0.01781953209223342,1.385337546279348,8.733276764618093e-05,-0.08356008683076245,1.32486476193935
2011-09-23,0.7839241702348065,0.010186444224666195,0,0.2264809412884491,0.020722132103668175,1.3860275909698365,7.233017955686694e-05,-0.020423670870338466,18.63906167855489
2011-09-26,0.785135555943574,0.0022264954633855233,0,0.23828660599285506,0.018879526706238922,1.3859699901879543,4.0107822688444e-05,0.015761583498706478,53.251295332142995
2011-09-27,0.7869361373343097,0.01432181830029133,0,0.5842906087207125,0.020968992547850243,1.384887953688926,1.2235979814167375e-05,0.10551557575488887,3.493970862129125
2011-09-28,0.7775833969970106,0.006865990337637989,0,0.42366773622761167,0.024408165482269845,1.3854435362042776,2.605582375728897e-05,0.14922374404509195,103.55798404308523
2011-09-29,0.784887025107214,0.004397066246285049,0,0.2496732948147152,0.025323713027920112,1.3859645168760149,2.3386479673860764e-05,0.10645524592540724,5.967579900270004
2011-09-30,0.7842139788111825,0.005057237276007272,0,0.0835606184743175,0.02715054508997259,1.3862601574276772,5.620659707506428e-05,0.15907446168822412,5.914521794385768
2011-10-03,0.6804615498132492,0.014026009701171592,0,0.5507866968964262,0.024153091262255597,1.3850270898341646,7.585792579205259e-05,0.1824138375450369,4.270652844869001
2011-10-04,0.6867856825480146,0.005375801222989141,0,0.15692727716914232,0.021978787566565624,1.3861500658034054,0.00013980516880270405,0.21718093359591772,4.086809229559356
2011-10-05,0.6774608260991094,0.004004815945105466,0,0.09000287108083564,0.018797027158094854,1.386256183425558,0.0001448459348860275,0.25578258437259516,54.74252595872594
2011-10-07,0.7193410744593887,0.027474647407127635,0,1.186420310161644,0.019072947872842447,1.3794097954127111,1.2841004152963932e-05,0.2611552418362636,2.0613849332210075
2011-10-10,0.6957743047114618,0.0002454668690747986,0,0.44374802011626674,0.019636137567332797,1.385391348685996,4.137817024323267e-05,0.2070718449406279,5.209521752782641
2011-10-11,0.6956892994145587,0.008060407595918985,0,0.3376491925216583,0.017995645128222066,1.3857696235371062,5.097591720687081e-05,0.1744978667605676,1283.5982563978187
2011-10-12,0.6993960477460095,0.007380717909182276,0,0.2609925135833825,0.01722488145583668,1.3859750187827393,4.4715331098574625e-05,0.19965976700076662,2.8976304430529174
2011-10-13,0.6988696863513765,0.006138687776921183,0,0.569947279730343,0.018334481319811257,1.3849635069454473,4.61507248461915e-05,0.21114264267385568,99.52746840494179
2011-10-14,0.6999294810049714,0.004045312882046643,0,0.6955029720021828,0.01682741139613393,1.3843050545832523,3.989223820685801e-05,0.17223546505751264,9.612893774990445
2011-10-17,0.6672928943000932,0.004646048231974389,0,0.26854559259854593,0.01780073979331994,1.3859734012326599,5.7159590756069076e-05,0.20699360622760954,100.70501824999326
2011-10-18,0.6664325209378803,0.013533218605638875,0,0.7364745437600223,0.018922146897981836,1.3841302003291205,6.069852386445728e-05,0.2161558114397795,3.9879928479163356
2011-10-19,0.5315672377789517,0.008489951515477108,0,0.3423244498894634,0.0216088590164645,1.3858389471758663,0.00011123149500222644,0.17155971636054518,1.982447109963274
2011-10-20,0.5340942310720024,0.010287914392265592,0,0.3735032456028322,0.02121558391767991,1.385687435609381,0.000107360338069014,0.23351442806233924,10.063750782197516
2011-10-21,0.484270706324301,0.002882817177655856,0,0.21427567681620174,0.020231695092324246,1.3860954829432457,4.609068974230954e-05,0.2842255644588313,11.88358197062089
2011-10-24,0.47837416623123485,0.012740403919380042,0,0.6265606949658427,0.020031717882481558,1.3845861126471548,3.140314559104586e-05,0.22418493869611697,9.855953908714634
2011-10-25,0.4764345122474478,0.007727439539184482,0,0.0929216855910985,0.018109871711141513,1.386247652163648,6.042298962542141e-05,0.17400346056921995,2.959874389441821
2011-10-28,0.5546445062375607,0.028539423008790425,0,1.0658751905553225,0.016428163708555436,1.3805269337561568,7.709483350126355e-05,0.17774571491863764,1.5579789009232756
2011-10-31,0.7132593693944946,0.0003358880871068499,0,0.11098812272996164,0.01904297343457088,1.3862537994517004,7.453339696898404e-05,0.19338497951033937,38.210271652940335
2011-11-01,0.7112794748926594,0.009052224736287211,0,0.2882306457298759,0.01828555939509602,1.3859313423072015,3.9585248592510734e-05,0.24385959249561134,9.840511378191737
2011-11-02,0.7058628361977695,0.007866651458116148,0,0.3265999178459374,0.01827507198012946,1.3857675592490177,4.402470850210837e-05,0.21519850344489147,173049.2550389154
2011-11-03,0.7168723862547332,0.0032191248037259784,0,0.1447480837304856,0.014431932647605589,1.3862019369690588,6.629449505614853e-05,0.1846814323067494,643.4588365385752
2011-11-04,0.7268507347399382,0.011264222224056899,0,0.7463148093243035,0.011420381667672766,1.383794624038908,3.8771193944779086e-05,0.14236672926919572,18.24126666205712
2011-11-08,0.7676552594052782,0.0015222132366188757,0,0.22090570292677913,0.011593666590157856,1.3861102643842647,5.0641416083524153e-05,0.12489299042726008,193.26368486555782
2011-11-09,0.7687675884066021,0.0038399898292417354,0,0.5156307656848831,0.011166973503554577,1.3850925315552245,4.618141873897251e-05,0.12766708909075813,1.089487723539558
2011-11-11,0.6864923411444642,0.011810364975990013,0,0.7090536519351434,0.010540558091357954,1.3841550555218665,1.9588422921771893e-05,0.12953265913593923,2.8226327309531696
2011-11-14,0.6971232469200663,0.009339383339065243,0,0.6625724524233072,0.009667961061221524,1.3843034412374275,1.090806201816463e-05,0.18095814625879145,18.924512770656168
2011-11-15,0.6959537897189929,0.003336705938812632,0,0.07404364746229684,0.006692776001008756,1.3862679905158126,3.918898862691915e-05,0.19683034074120373,2.173068819875889
2011-11-16,0.7098137382815511,0.001856294670467987,0,0.20000810875454586,0.006860052664114122,1.3861192871216883,4.013153880201085e-05,0.18896828212264688,10.334148065080848
2011-11-17,0.7111748634196356,0.0006661856381649886,0,0.27721909873070355,0.006705057738558229,1.385922170805411,5.041505474355932e-05,0.19224484888033444,2.132696902090645
2011-11-18,0.7116722533122183,0.007240312292993335,0,0.27824464370839386,0.008041884683793033,1.3859321622740282,5.294660909921169e-05,0.22388411283334794,20.810582119308144
2011-11-21,0.7129500965294745,0.006544258555417555,0,0.43500753581106544,0.010078384678241922,1.3854402151202687,8.88446036596958e-05,0.20291081039850972,2.016999429287377
2011-11-22,0.7269509533381612,0.0034471265620796463,0,0.23104865463043855,0.013510548481276367,1.386061646177429,9.141046908525482e-05,0.15642957586733974,23.939898414450827
2011-11-23,0.7232605489540243,0.006849612068135576,0,0.18172294645079487,0.015218418714609367,1.3861016152987222,0.00011448979929442039,0.20526698921618533,3.315958257001902
2011-11-25,0.7249196668580821,0.005266015056591566,0,0.14127621063561824,0.017448139994351245,1.3862048028257348,0.00010853947924044182,0.23295930601576617,2178.7459694339504
2011-11-28,0.7234864446899844,0.012501020439151805,0,0.5688920848679836,0.01997140208814378,1.384922339662782,0.00010419206041354563,0.2050003089694351,2.418951997137963
2011-11-29,0.719575128559245,0.002655632382593033,0,0.29581105043325706,0.023022463985426858,1.385916639716266,0.00011342563084358163,0.20407626693899483,16.498648823754106
2011-11-30,0.725005840919793,0.00813904355866201,0,0.41829696277046646,0.02380754676855402,1.3854290261690614,7.909488973240106e-05,0.16138026161079358,47.68650903978448
2011-12-01,0.756636400541546,0.028320103447077596,0,0.9293603591376798,0.024273302195477325,1.3814201539130702,3.4651958391814576e-05,0.06104641985821935,3.1645120037025167
2011-12-02,0.6423199390932068,0.0008099051681172884,0,0.2236342193493823,0.022929980852761555,1.3860248451850092,4.352815386464495e-05,0.07177305906604851,3.8286159372320667
2011-12-05,0.7073383959856147,0.0027065300785451543,0,0.20607397714545111,0.023422426856755357,1.386132612442012,5.011760135761922e-05,0.10303724967701143,231.94781114524093
2011-12-07,0.7304483345514979,0.0021706667219246072,0,0.2205086651598853,0.02046801402060109,1.386093370496229,9.054144024839626e-05,0.0735433501159105,47.91492242581806
2011-12-08,0.7242230451813482,0.004990148040830938,0,0.179892321261035,0.02036548893753192,1.3861293099027203,4.9031698504874044e-05,0.11460250086396388,2.771687899215966
2011-12-09,0.7334283712437571,0.014855975671460664,0,0.584483945777915,0.018706865707682634,1.3846138836305388,5.796482642112185e-05,0.17977410301579402,5.495936990365236
2011-12-12,0.7383478770864565,0.008216078496835168,0,0.8662796784739015,0.016121431247897458,1.382284430696322,2.1865944228325585e-05,0.22300078037147905,2.8634965628246842
2011-12-13,0.7436173131002087,0.006527575632507749,0,0.3750581398622575,0.014967304470984611,1.3856037794809977,1.7266202862612265e-05,0.16846178991933675,23.63516175158503
2011-12-14,0.7431666435846441,0.002481913818256096,0,0.1767769634931243,0.01498689940355108,1.3861423715508079,1.4296239469002496e-05,0.17147429088973878,22.5978161776636
2011-12-15,0.7446309627730686,0.010648038586702284,0,0.2665601936109941,0.013697188471768387,1.3859289295823367,2.8982537475187493e-05,0.1790008365597552,65.38092917445472
2011-12-16,0.7879232251818201,0.0012948731982960072,0,0.044910928939696726,0.015405706892844243,1.3862805748659257,8.838438630801043e-05,0.24170252255084532,2.426042356119904
2011-12-19,0.7767550315869733,0.0061349976111368595,0,0.36095070368778415,0.013959321470479078,1.3857008432811841,9.887771158383887e-05,0.3004693033215134,8.772865926803076
2011-12-20,0.7817946386630602,0.004908638400138988,0,0.5953169092977447,0.0139497510358935,1.3845944050220085,0.00011146195100151138,0.3391746918511716,3.4257939219401963
2011-12-21,0.8016308827178414,0.020097291813509218,0,0.45765040398396,0.0160476954594053,1.385140677220252,0.00012778557064402172,0.3315893698384933,1.687146887222476
2011-12-22,0.8150789975004064,0.012057959541927149,0,0.9765644597105132,0.01777312311178222,1.381663673018469,7.161891645629653e-05,0.3424504172806955,24.368121583748756
2011-12-23,0.7796280405706173,0.006180906742778723,0,0.4667144945817836,0.018586696811314345,1.3853389101117888,5.110407951334326e-05,0.3511959204121646,80.87114182071818
2011-12-27,0.7849713161667495,0.013945622976944188,0,0.6042042381805487,0.01671839342794952,1.3845061363686277,4.443931961828189e-06,0.5666390625621586,23.841568237356004
2011-12-28,0.7952709379023358,0.0011991954891809023,0,0.1742981855240421,0.016921632758930688,1.3861675720847688,2.986082586171253e-05,0.5651754746530956,14.33530689169649
2011-12-29,0.8242721086947712,0.005251963582027923,0,0.058635264270829095,0.01681327095196135,1.3862803199746438,3.795670542303154e-05,0.5713058365972565,2.486484953365732
2011-12-30,0.8256658104434331,0.0029443177499355955,0,0.0756744145095437,0.01585654440296401,1.3862679015432804,3.9795261677317314e-05,0.616411450719082,15.65868250910117
2012-01-03,0.834458653368945,0.011075263402362891,0,0.6625270140307365,0.01840293032543091,1.3844552541536648,4.108714890677103e-05,0.5831531763603112,1.3696635299256938
2012-01-04,0.7984240806666282,0.002023090362726888,0,0.10556364266540055,0.021357133451960414,1.3862512272269525,4.881423841225151e-05,0.6394870111428419,109.68808697391519
2012-01-05,0.8633076790464139,0.00013684099349818492,0,0.2135495815092059,0.01647403995762675,1.3861225612472132,6.896267107522736e-05,0.615660993602307,274525.86181896535
2012-01-06,0.8057152862369676,0.005446502883006603,0,0.12146985139998183,0.013939895093579013,1.386216369756295,1.564324399674221e-05,0.6034228526680814,1227.5049680093234
2012-01-09,0.7913756479542284,0.0013787698081389147,0,0.26632740968081353,0.012875025044652723,1.3859913365676457,2.2438469031731217e-06,0.5936448939170871,162.33779713309409
2012-01-10,0.8105819415768091,0.006106453424493167,0,0.508144234144335,0.0142886821581766,1.3852443315892022,3.8592803086370326e-05,0.5287948606066688,1.0348205332282803
2012-01-11,0.8855978697215887,0.0028004791571681295,0,0.18067002160931678,0.014593458404076522,1.3861856775628474,3.104021010159741e-05,0.5491710126541889,92.02594109724023
2012-01-12,0.8477492866427062,0.004122909435342154,0,0.15516218034631485,0.015170744474878135,1.3861934073960533,3.4785156148175166e-05,0.6201353618834051,14.507874397226312
2012-01-13,0.8411634302421209,0.006334398825282415,0,0.16895394155674165,0.015759175616174723,1.386174156984982,5.592546376548089e-05,0.5892408530692409,11.593902874064169
2012-01-16,0.8506961647280699,0.004531418670485093,0,0.2547305982495389,0.012511828220916135,1.3860428884306073,6.159400945877664e-05,0.6239877687573451,225.1615893117562
2012-01-17,0.8558128719912383,0.00625873309540266,0,0.4586134980813995,0.010737914018010643,1.385508448903292,3.9085547604824695e-05,0.5579900265750397,1.2694078755422107
2012-01-18,0.7910497914536871,0.002101588099404375,0,0.19411779285821978,0.012732029128454371,1.3861530097123613,3.965764235611226e-05,0.6051539096187103,85.11157465608518
2012-01-19,0.8088279244100927,0.007878843683904825,0,0.7171112951681429,0.014294287569772267,1.3846544633037894,5.247463794579727e-05,0.5515458093531869,3.6635347097284163
2012-01-20,0.7768621891376071,0.005256801972084733,0,0.27601183133913115,0.014660913531394343,1.385980252632668,5.653050820260129e-05,0.5109589026843798,15.608639649571506
2012-01-23,0.6949943953391942,0.004615873779432008,0,0.5116822115560195,0.012641739667027743,1.3853873143722846,5.726532384177433e-05,0.5629710662955034,2580.7300333659787
2012-01-24,0.5762726760125403,0.0036692185000384127,0,0.13348457816892276,0.012252739844206967,1.3862158524828145,4.5498666124787854e-05,0.48952642827982035,1.7834622987890658
2012-01-25,0.5627235548686065,0.0046989588427779495,0,0.2278041195435982,0.012413714698648512,1.386109600170136,4.802850087693455e-05,0.4446274962777009,13.369333758166324
2012-01-27,0.5260152982495053,0.011267572648962068,0,0.8289214016374706,0.011262748781402154,1.383316827348954,5.144730013867007e-05,0.44649019312661775,5.073032113662046
2012-01-30,0.5241177629643166,0.007937811432917486,0,0.3913973304678731,0.014176652681373723,1.3856663046897717,5.2527893255010724e-05,0.4752812783198341,1.7124127278452121
2012-01-31,0.5253135723087692,0.007432104758058019,0,0.23273520382701526,0.017201350927048643,1.386059313175449,8.361384099315238e-05,0.39827864457100726,2.880769063045661
2012-02-01,0.518442976518878,0.00021161014689977684,0,0.11952210348686199,0.016477037629368745,1.3862298607678838,6.411540666140407e-05,0.3517080347405232,23.757788354525974
2012-02-02,0.5235938943448576,0.006928195612411762,0,0.36820259561514845,0.014877596305264133,1.3857185200961448,7.306519695577891e-05,0.30014239570587087,27.49972716064969
2012-02-03,0.5208189907405189,0.0011758384272450718,0,0.06413555424951244,0.014599538622888677,1.3862772428388328,7.008470373395922e-05,0.2645531594736914,10.732690229563017
2012-02-06,0.5345491495449518,0.010013833165391242,0,0.6198946319043239,0.014310217285560636,1.3846316760762618,7.09238514189071e-05,0.2452168981106698,16.073785132337235
2012-02-07,0.5606915716614332,0.009522521514606455,0,0.8640876602544393,0.0137818818520887,1.382999979660449,6.760447306952789e-05,0.27487599702609583,11.086220537577153
2012-02-08,0.5670676540584219,0.001619991567104937,0,0.18154306044577206,0.013914723772605688,1.3861595730805076,5.322113600465672e-05,0.25580140208765295,6.874116631881938
2012-02-09,0.5807390199085439,0.00468671003938405,0,0.554465746719919,0.013814358670310188,1.3850100119505901,5.5993267461169556e-05,0.19939943311980418,4.256777474468934
2012-02-10,0.5238036151102506,0.002321517684955736,0,0.20746469551696936,0.011828553320423825,1.3861019136329986,4.005429331173242e-05,0.19142564990291247,6.381369598906675
2012-02-13,0.5329481203889792,9.290485451781664e-05,0,0.2108198460465211,0.0076854805979864665,1.3861128944180072,4.52841904067236e-05,0.17182465969443336,64.64566078208983
2012-02-14,0.5576810466019168,0.0017455005128097826,0,0.25947215741934937,0.006397307669841233,1.3860608497961504,2.2310944488568855e-05,0.13133226765686115,7.128718489452108
2012-02-15,0.561541687609244,0.0081919603019958,0,0.4632858670335918,0.008165535551933655,1.385479469780847,4.231306548993137e-05,0.07611440853683117,1.2791341958252769
2012-02-16,0.5845543502992437,0.0032954383084317952,0,0.19583352065506912,0.010269180361102033,1.3861580076383646,3.7423035455534664e-05,0.07662836672137126,155.637705865155
2012-02-17,0.5835661025406993,0.009417750183363365,0,0.45008493258889254,0.010890047985399966,1.3854623038881875,3.426193055144432e-05,0.030095789419363528,9.172558535878936
2012-02-21,0.5907780916835549,0.00043139660336179625,0,0.21857749205439775,0.009598622199141022,1.3861239831205503,3.519227377987134e-05,0.07999165858355291,10.054453553056165
2012-02-22,0.6226472957127948,0.0004636036205113051,0,0.23262379968882163,0.011251119758768365,1.386021345176618,3.258614392570435e-05,0.10514809979828237,2.694414260911517
2012-02-23,0.6157379852476353,0.0027830370846135856,0,0.1809471444733684,0.012615027079438722,1.3861537488066604,2.2379918223652987e-05,0.15712805775800187,29.323779880920597
2012-02-24,0.6249300067382332,0.0007571122610162261,0,0.11815437520954852,0.011724569600292833,1.3862247786081967,3.4180724105161633e-06,0.1807640727820684,5.788531688664776
2012-02-27,0.6955371598712917,0.0034567657451751877,0,0.7536754437553386,0.012887399058459833,1.3832401547381703,2.6435819333538668e-05,0.04046008491421771,1.6649353932353494
2012-02-28,0.6702819678120756,0.005532611173950267,0,0.21728460946207967,0.017572685847456,1.3861017192981169,4.190244719010055e-06,-0.024259679550599506,4.877881327011052
2012-02-29,0.7001197413767534,0.009157125853678092,0,0.2549929192921602,0.01751777959717069,1.3859645489228736,8.71871748242839e-06,-0.009889042328895566,367.77658098825145
2012-03-01,0.7066995120243407,0.003571734387893318,0,0.230765407174849,0.016106173876027353,1.3860681425757022,4.7125482662693566e-05,0.03990250585256471,17.416742747281322
2012-03-02,0.7082503277444518,0.005546683396779068,0,0.21955397750344152,0.016405079974781453,1.3860810847904772,4.0398883959321914e-05,0.03733439988118001,86.90653645863891
2012-03-05,0.7178273396620154,0.003139686770195827,0,0.23726227120940238,0.018458731376041492,1.3860717559525821,7.030431895623966e-05,0.054593133694772165,2.821676846345598
2012-03-06,0.7960737081006894,0.002721340820171727,0,0.22702698544905728,0.015994440029289264,1.3859559840542115,9.033391591087913e-05,0.10240100452648189,3.537735316229082
2012-03-07,0.7866795366600414,0.0029436085644544687,0,0.162139544959245,0.01558922363832551,1.3861827878615551,6.48565658384655e-05,0.1423152763381082,3067.515096426692
2012-03-09,0.7551554638481187,0.014009368892942175,0,0.9278806291182999,0.017358465495812343,1.383085598204975,4.1171991626194484e-05,0.101879290998124,1.774667685457791
2012-03-12,0.8283683274979806,0.016097262356387903,0,0.8142483059961086,0.017226301375809765,1.3829144538862095,1.915631614844293e-05,0.1118651266793369,34.9067807422792
2012-03-13,0.8793119049878817,0.005860155022180941,0,0.29880228850927243,0.013087312938758776,1.3860042317615489,3.352188701491117e-05,0.09820458777132053,4.597829347210912
2012-03-14,0.8946861769311337,0.011181348405602908,0,0.7485231798506969,0.012060201488788468,1.3838996818916705,1.7995203289425434e-05,0.04997251496118638,17.32847380726907
2012-03-15,0.8811346411015175,0.00025624219576835097,0,0.3153198592858161,0.013328946539799266,1.3858630851491953,1.0715183604089614e-06,0.04903945975871745,3.9209623558555853
2012-03-16,0.8689535971549571,2.7860688030995026e-05,0,0.11785025753531099,0.012388849498436556,1.386216625636024,5.148297607769455e-06,0.09512248668506026,4.419135345452606
2012-03-19,0.858906871490379,0.0036508231934502073,0,0.38748108735252573,0.010353312241950388,1.385606879833035,2.490062516416656e-05,0.09405951822166313,5.391109391641024
2012-03-20,0.836825657290698,1.9040470799897325e-05,0,0.17713293366748875,0.011583732128876154,1.3861701439598346,1.2670090533512216e-06,0.07052429734424066,48.77447167733716
2012-03-21,0.8396862480693394,0.0014513123109658988,0,0.440120412113335,0.011905356190680167,1.3854005951394635,3.386199767877725e-05,-0.11067892074221843,2.8037535050611737
2012-03-22,0.8281168331473484,0.000717896656540525,0,0.19459171414146287,0.014227826847926875,1.3860717134408973,2.3718457501836753e-06,-0.16682790134383155,1.854680740553966
2012-03-23,0.8253017010143632,0.0051887654263741,0,0.1464403189714604,0.0163024970286649,1.3861943800199712,1.4666415541300801e-05,-0.21760644182473646,13.20853354649147
2012-03-26,0.8179094092039346,0.0007296999720818872,0,0.5882614318374282,0.018449845629703553,1.3848530634655334,4.9302064164914006e-05,-0.17150332073237315,4.261937760082775
2012-03-27,0.8292401520382402,0.01125917107662472,0,0.3563208996703383,0.020961615674941512,1.3856591927995934,5.1093884807087394e-05,-0.2381881195760807,11.681885952180565
2012-03-28,0.8186780564648649,0.002186133736430233,0,0.1283493914451293,0.02083649955995989,1.3862294207588208,7.221153593097666e-05,-0.24027315880183947,14.999955804004314
2012-03-29,0.8025835051953386,0.009438464715391833,0,0.6774583220949338,0.02111759144594508,1.384399665442674,5.282569416201309e-05,-0.2464861130210236,67.60413331940207
2012-03-30,0.7949338926171445,0.005344027561622107,0,0.41134549253576613,0.023912576006545033,1.385570211007035,6.622128480864599e-06,-0.36725976836700525,2.0987300271574307
2012-04-02,0.8398061396929746,0.00015111414904812428,0,0.12931540854242826,0.024266283072549,1.3862338690059484,1.7574570705971452e-05,-0.3993073843838667,41.56790261501316
2012-04-03,0.8711183557344843,0.006616079206602888,0,0.47257871397231266,0.023137103899711832,1.3855512142785846,2.4226083234748536e-05,-0.42769832869473234,11.540295028148007
2012-04-04,0.8982026288508232,0.005586180703498282,0,0.3869946353377637,0.019977374026467744,1.3858083838928226,1.1462837133173907e-05,-0.39656767275294,14.08806244982549
2012-04-09,0.8512396147906683,0.0076187787609944355,0,0.38613240680346733,0.01718379135434848,1.3857582880404344,1.4842315047037826e-06,-0.37455034143301774,3.193463495845338
2012-04-10,0.8537714953170595,0.003756536869755777,0,0.429425707177982,0.016194001795988466,1.385615527523016,8.325020310313368e-06,-0.4028350172245968,131.06889859382144
2012-04-11,0.8528628569264635,0.006533982499489682,0,0.284157595604403,0.013493816897545844,1.3859388900386813,9.15908678788077e-06,-0.37867373925680664,38.75270286186386
2012-04-12,0.8477680693812699,0.003800016442220381,0,0.11222547187843658,0.012621461861604422,1.386253368667535,7.060339066218945e-06,-0.4353193310277592,4.738443980877851
2012-04-13,0.8153047528343871,0.00401610819467212,0,0.11907497077650347,0.014460468211086212,1.3862198784720534,2.80275154589236e-06,-0.36820761239644534,3.196940371011176
2012-04-16,0.8023020403964153,0.003241013830705013,0,0.3859650986816933,0.013514239102409021,1.3857660338138993,1.042832373092785e-05,-0.3760586171626479,22.615990097544763
2012-04-17,0.8205626705791729,0.007700537673948978,0,0.3075631934119279,0.012448777869787144,1.3858349645802974,1.0671265512700523e-06,-0.4030942399666427,2.981859128579113
2012-04-18,0.7922765435259568,0.005843339943001579,0,0.35935076306606406,0.013197432675303,1.385815534154872,3.2262160768756245e-06,-0.4217534364440508,113.23208917143911
2012-04-19,0.783162621927365,0.0038792767453252855,0,0.2107638515032278,0.012072752495703023,1.3861289679276887,4.6094321895075845e-06,-0.4158380472151364,10.095159996295495
2012-04-20,0.7726103809828998,0.0034659250036203084,0,0.20996554287085623,0.012496845821189977,1.3860915698646443,5.756139620571001e-06,-0.3609126597439777,4.263584567112004
2012-04-23,0.7716641950702456,0.002545398258849398,0,0.06332183505280059,0.011481323624496335,1.3862739756059992,6.228413456197793e-06,-0.32651383972875503,1.837728684758332
2012-04-24,0.7015184139732904,0.0029376116142752684,0,0.23655057766507115,0.01331245955269272,1.3860814908122792,3.8891010659231225e-06,-0.32542693781144694,23.241190239683032
2012-04-25,0.6970463362362733,8.611076795234715e-05,0,0.1872698182291608,0.012809419056436412,1.386142544851381,4.642644681984197e-06,-0.28620857949238343,27.265183909583108
2012-04-26,0.7144893840458246,0.0024479816386400372,0,0.4070938774573794,0.010442756823988745,1.3857626558193115,1.5262582750321503e-05,-0.24768335432284533,63.41908826753849
2012-04-27,0.6522739193970405,0.0,0,0.21692501791171545,0.008884681429062678,1.3860999803489924,2.6370059173807274e-06,-0.2442805587508747,3534.2090713016078
2012-04-30,0.6641822079374626,0.002088154174185232,0,0.18858506079804413,0.009133018117877532,1.3861655699807987,3.7061490221812855e-06,-0.3146577850188992,1.3286072837545775
2012-05-02,0.6392816355677455,0.0011711368715333651,0,0.15858894417398076,0.009423108618698234,1.3862011993272865,7.529536676289257e-06,-0.28166777991469993,49.75610914921627
2012-05-03,0.6556427578805005,0.005349059775505639,0,0.274010156895113,0.009852910368334822,1.3860539496698008,1.7495731692331752e-05,-0.21946309648553428,2.381345743976754
2012-05-04,0.6549660747451914,0.004200855118179179,0,0.2000672894493556,0.009421309643216844,1.386109587002006,4.4025003888814326e-05,-0.17185770010021825,1.561453668963738
2012-05-07,0.8044742261817208,0.013667245966735636,0,0.48388594170744853,0.011169809339919767,1.3849549500400313,3.318923769730635e-05,-0.16855227814396292,22.292537786509627
2012-05-08,0.8297092810106942,0.00010759625256542653,0,0.4083276201762549,0.011892011955957944,1.3854524514840267,4.2169120151809226e-05,-0.18560706008502095,2.0138366999682997
2012-05-09,0.8321333723268659,0.006430755500327471,0,0.3925877274088774,0.012930653084511067,1.3856414842847338,5.0207350240407744e-05,-0.14267999135306716,41.271879179199225
2012-05-10,0.8351800055818639,0.0018777282100163643,0,0.21247468905780767,0.013125366709648333,1.3860785220090326,4.8204597205799015e-05,-0.1101401655339863,285.8536017656912
2012-05-11,0.8286246967312444,0.005421783450072826,0,0.16716304552960826,0.013436166259425978,1.386173408575131,5.334340414669353e-05,-0.10363594428995199,11.255202484034783
2012-05-14,0.7557195048283522,0.0011051521288058073,0,0.1389398466883328,0.012595102721994844,1.3862063550111159,5.717257533537494e-05,-0.07842759706522569,33.280451694699536
2012-05-15,0.7716515891913225,0.0077625805737493855,0,0.7215983961457009,0.012445504794336733,1.3839729534597616,5.724380775067628e-05,-0.08389387603679112,3.0301376859050135
2012-05-16,0.7721557901643328,0.013750331777053645,0,0.7509685105642181,0.014261315160317688,1.3840548763454363,7.569379624471791e-05,-0.09149929947263047,1.4285891645157518
2012-05-17,0.7511942259882468,0.004180022714303092,0,0.1874340318473137,0.015336621212635012,1.3861401275378897,6.622976010621814e-05,-0.10900713144145639,70.90515216213669
2012-05-18,0.859197519648668,0.015269427953817744,0,0.7646515688337738,0.012756408613467045,1.383120941465857,3.831004996776178e-05,-0.10280547831472997,20.658081939712858
2012-05-22,0.9108561034323823,0.012847837485419214,0,0.9620564950977565,0.010841482002758267,1.3817933976916579,4.696753206900499e-05,-0.053215239465269716,10.26207643012589
2012-05-23,0.9386699234254945,0.0036069498578945405,0,0.22202944619798576,0.009028295031939389,1.3861077153019636,2.311181542555543e-05,-0.06768730058350461,14.815014487267417
2012-05-24,0.9361522715237844,0.005722225636317148,0,0.01717152652409043,0.011193990363471122,1.38629291505016,1.0264489650690344e-05,-0.07319250821756006,1.296326750201668
2012-05-25,0.9457269433438839,0.003144229035483965,0,0.14273399620002145,0.012546548515432111,1.3862202852580325,8.716126484416515e-06,-0.11134802977011564,9553.394249650155
2012-05-28,0.9654922953694294,0.002293987639645121,0,0.3646207527506069,0.013683077648702456,1.385811578799885,1.1622178307018676e-05,-0.05208229357442908,3.164027279412254
2012-05-29,0.9576371719980639,0.0039435934028284785,0,0.27437415081264105,0.013781463884914977,1.386037879862305,1.658808427850514e-05,-0.06314372522284191,640.2199218520046
2012-05-30,0.9656371359881392,0.005193740527781491,0,0.3507652042427942,0.012053603150781701,1.38586985388904,1.6381179958549239e-06,-0.021225222035233034,8.711880443282729
2012-05-31,0.9389139355504752,0.011100090471088828,0,1.9025087636951903,0.010146868944349678,1.3751844429712616,1.1451443531435799e-05,-0.03216857474593987,9.229863406968406
2012-06-01,0.9042964160498721,0.002724915964671916,0,0.1929098472332202,0.011220489720106978,1.3861282701114832,6.030135757208812e-06,0.015205699050208032,1.9278165792553836
2012-06-04,0.8543334819535906,0.009192045843779913,0,0.34966823873412634,0.012062415206350843,1.385700866846199,8.998898171924906e-06,-0.030062194212194693,208.25716202506433
2012-06-05,0.8763760895703817,0.004383865742075601,0,0.17022354667964712,0.012123123481848134,1.3861835837810506,5.755968399961671e-07,-0.08435848241716182,40.01848060799264
2012-06-06,0.8084294190330211,0.004789797486073297,0,0.5027458162994685,0.01226949114277131,1.3851113168857994,4.242269141065613e-05,0.06485412102392525,1.443763942872344
2012-06-07,0.791438948495238,0.007625292843251683,0,0.40834818712841664,0.012147127955826089,1.3856336566976692,3.143538334436347e-05,0.0034068201716233077,10.454750653021962
2012-06-08,0.7908530262666773,0.001069933902876985,0,0.18681536916764155,0.011412411534225635,1.386128993470674,3.6093080056118196e-05,0.007613472055453637,63.76614119573575
2012-06-11,0.7923687288585876,0.005577969679559641,0,0.17250789396739352,0.010771322155801111,1.3861586502582526,1.600194233325639e-05,0.04696307513486332,110.67889526067287
2012-06-12,0.8266514975807295,0.0076666970589120385,0,0.7657706733254097,0.011455759662471254,1.3835010047999783,3.0412793346073578e-05,0.043294273238098396,6.874020291538446
2012-06-13,0.879481698943239,0.00032245281997384705,0,0.21529507048096508,0.012402358967684856,1.3861261183751046,3.960463911281054e-05,0.006133136039394627,238.0679851060917
2012-06-14,0.8619777152413742,0.0031975810256342167,0,0.03785341403470499,0.012695020608198765,1.3862881559934417,3.283221751966098e-05,0.00531869273670062,1.9919805780507929
2012-06-15,0.8681951474407218,0.0029236224756022415,0,0.5592615831999356,0.013958401855460156,1.3851267935132803,6.645308964002185e-05,-0.043674379624244905,2.20140639503854
2012-06-18,0.92044904798553,0.006777884287280485,0,0.3430095743045197,0.017228829077656424,1.3856329073639815,5.623269468118533e-05,0.00452542583780844,3.764465340979808
2012-06-19,0.8280604379430899,0.00265944379900796,0,0.4570645390750515,0.01705446229740222,1.3854960672094232,6.242027542631347e-05,-0.014294291645498131,11.904347393050596
2012-06-20,0.8051471655418353,0.0020942047764769367,0,0.1930611930413512,0.01570369009726609,1.3861680246415582,2.5100365341005766e-05,0.06786102172713164,68.57288189057732
2012-06-21,0.7901310626125044,0.004541001011779187,0,0.725734276073295,0.01554945889383311,1.384205014082029,2.2908926849375364e-05,0.06892982195871841,8.494474417345568
2012-06-22,0.8202312079831506,0.012321484444543741,0,0.8558368383638266,0.016194686090561523,1.3831083450347066,1.56606928955027e-05,0.08699769415646462,27.721221208294047
2012-06-25,0.8027404233037588,0.002416447415319306,0,0.06797659121580343,0.014803097280755621,1.3862731984476746,1.2503744028328103e-05,0.14918040295585938,5.259463991480153
2012-06-26,0.8419573519204585,0.0014086553942937992,0,0.10361985260164343,0.014386757957524246,1.386258776333588,9.357739772031219e-07,0.1105426293691634,95.42036659759414
2012-06-27,0.8311234935025748,0.0055793120801930695,0,0.5967948556014538,0.0131330634112886,1.3851256026606131,3.92742096208818e-06,0.07583792794547248,8.518143690296183
2012-06-28,0.8843682097377807,0.0013702063493107163,0,0.2009663412123057,0.010139059249064667,1.3861648242411815,1.598461594430417e-05,-0.010526534012683128,35.91901333332094
2012-06-29,0.87325317507222,0.008142882418389522,0,0.5687387607562504,0.009280742259370877,1.3849810398561924,2.801118391284526e-05,0.14288543903721898,1.0933247780175273
2012-07-02,0.9372481976561622,0.0009372929729290128,0,0.18697435100429183,0.009557588169418908,1.386179765370577,3.562939892848939e-05,0.17601725057916737,198243.51290046985
2012-07-03,0.9105162682675888,0.003828904767347744,0,0.1876965275600806,0.009258039928077805,1.3861638091125874,3.0197001772684473e-05,0.13959217584190195,204.77012239798012
2012-07-04,0.9079440309676815,0.004236459524528251,0,0.3816067959245946,0.008770341808715469,1.3857633800540388,2.977454397913213e-05,0.12906563253370704,83.14463352962328
2012-07-05,0.919342673991651,0.0010377751417610065,0,0.1646252198169202,0.007612630082094026,1.3862046988946677,2.5830711428217e-05,0.11504729015809857,30.054963707518397
2012-07-06,0.94551688531175,0.00048809790210493936,0,0.2826128819063042,0.008074476268443948,1.386022959268716,2.6821261141592233e-05,0.10933207248709367,9.573531671944517
2012-07-09,0.9380546830858698,0.006273220569703755,0,0.34186531426677724,0.007921810101094072,1.3858785894159469,2.6110205285742336e-05,0.17659151268810117,1.5811023458433684
2012-07-10,0.9275873747920931,0.0021682391267286347,0,0.656265302009514,0.009944299046269825,1.3848426794904827,3.857959119992259e-05,0.1210481186377606,1.545664076577049
2012-07-11,0.8402954463507747,0.0056469949848702555,0,0.5025370086984505,0.011927545654948638,1.385430887181614,3.057247860268082e-05,0.1671194917698399,5.883139458066266
2012-07-12,0.8644010335238193,0.012573258742923777,0,0.8851090859515504,0.010002076104681836,1.3832255351706277,1.8337835413835194e-05,0.22432174047711512,2.621260563068571
2012-07-13,0.8686545834377372,0.0014315711549670756,0,0.14844304844042536,0.00855852072955415,1.386214293617377,7.338994563390531e-06,0.24206913127753416,203.0547610271544
2012-07-16,0.8709800736296673,0.0009751994364643515,0,0.0762671286204519,0.008825172613795866,1.3862730272427588,1.1806557672420504e-05,0.29633762317323764,13.454221575014417
2012-07-17,0.7536977417976469,0.005908682699342941,0,0.5065976572211294,0.00926088203534561,1.3853073302085073,1.3645991347574245e-05,0.271550081748123,378.7215631285834
2012-07-18,0.7478589216208827,0.0012028542547077958,0,0.17369587449554022,0.00964454353946381,1.3861802350332875,1.2556258804434463e-05,0.26816194092396184,11.733679468959377
2012-07-19,0.7223568600189428,0.006411222503408467,0,0.897100812312192,0.0089713680862778,1.3837923752420482,1.2315135958271378e-05,0.26428562241091086,3.216287498567777
2012-07-20,0.7333343941000602,0.0017468832744436458,0,0.14222207816516383,0.009671143032153044,1.386230216595166,1.6787538581290006e-05,0.2729377708966651,2.53707199575385
2012-07-23,0.6141964458994759,0.008072706754272647,0,0.36485384050650754,0.008401639983849544,1.38582217084701,2.73878697867021e-05,0.245986079548447,1.344829737454218
2012-07-24,0.5802772934747076,0.002117669198450136,0,0.16902493922360498,0.008216467477141056,1.38619657793455,3.0487179039522938e-05,0.23721201151257754,96.60172351965315
2012-07-25,0.5700817539869949,0.0019128873701973873,0,0.2927690005053228,0.00815941137745481,1.3859846331771721,2.7445211385007984e-05,0.2946846484318647,28.7507054709777
2012-07-26,0.6415311090179486,0.0032629709175271866,0,0.6489297270191742,0.00788557762852441,1.3845000938690675,2.6986214298109144e-05,0.3071879060963354,3.057197017282836
2012-07-27,0.7590032444517729,0.015992749120436727,0,0.7446164317088407,0.010119309489711178,1.3836658488954905,2.129971019498704e-05,0.2371047855629189,4.775469618912483
2012-07-30,0.7498587913657261,0.0058457783698327576,0,0.5932197076479604,0.010484890510372245,1.3850006170375075,5.360807284298886e-07,0.29022737654629666,1.8362029561567041
2012-07-31,0.7442943217447522,0.002890217834796287,0,0.2937157850608802,0.011424502246380289,1.3858943469613367,7.672863096433267e-06,0.2891102044753724,22.93008607613164
2012-08-01,0.7783082495182025,0.0015885252739676235,0,0.16244841947897362,0.011742313856921434,1.3862130953719816,5.0894875358939945e-06,0.4322423746483213,147.25751206537254
2012-08-02,0.8623010602397998,0.0014130582619263086,0,0.2558471887395895,0.0108963905851557,1.3861030641142025,3.1136316091253697e-06,0.4242724431076053,91.76111562701499
2012-08-03,0.8587083017558271,0.006168842837828012,0,0.279740425047197,0.009834292688239054,1.3859868438746203,2.169874753857778e-06,0.42627064120629843,79.65075249644966
2012-08-06,0.8418413168117779,0.00861928413534628,0,0.7188186078307972,0.009407348811413732,1.3846305583756977,2.9865936738377614e-05,0.35425482260474267,1.2925154627712792
2012-08-07,0.8420977175916033,0.0024296020180258884,0,0.09822290011816326,0.009063189155481622,1.3862567739212832,3.855951287955769e-05,0.2899281467049044,2.71402953197971
2012-08-08,0.8468648670339762,0.0016007950527654974,0,0.24390125749445662,0.009115267953918234,1.386081762987095,4.115122570806231e-05,0.3252712716126901,4679.389097524279
2012-08-09,0.8475719416500715,0.0019276659021673762,0,0.06963077231615167,0.006752699113863499,1.386276321004904,4.15441602212043e-05,0.4077969626505893,35.07095839108803
2012-08-10,0.8116516102697471,0.0027748661099638505,0,0.18114173950540743,0.0061021602656781,1.3861885668963483,3.2161954151629335e-05,0.4233164968393276,1195.099362283257
2012-08-13,0.8206136939477678,0.000761474112522666,0,0.21790743765864398,0.005193899151629633,1.3861414158539254,1.5371302394517784e-05,0.41884392498218015,5.224110622447045
2012-08-14,0.8206102310202726,0.0008698601515126144,0,0.08569776704252943,0.004915116998902555,1.386267446514559,1.569514028689855e-05,0.3680463194717164,1.9519813264460977
2012-08-16,0.8283942628306682,0.001040301312226237,0,0.20182901928016828,0.005432441400423589,1.386172347470247,1.3468920390477429e-05,0.36417635929595044,7.8026084463227106
2012-08-17,0.828582714088269,0.0010529518497359334,0,0.21099061509006292,0.005847473930450022,1.3861246649660768,1.473075705314471e-05,0.39771900756355427,190.54803235751908
2012-08-21,0.8279827350176636,0.0004472083213797489,0,0.7274874340291119,0.005233485770727634,1.3845986916303343,2.237606072781085e-05,0.3461389575798578,1.7200303437148718
2012-08-22,0.8057321696723913,0.004668693621258401,0,0.5564622441768867,0.006245627239990267,1.3852178836923685,1.2373445098872905e-05,0.40658111504863087,67.41304143656633
2012-08-23,0.8054288763081142,0.0024540661246005655,0,0.13936662935085298,0.0053579817724851,1.3862220660483704,6.287780861329344e-06,0.40893265244174687,545.0351948333526
2012-08-24,0.8187521255803154,0.004209870176811899,0,0.2849218937791491,0.005657916976992455,1.3860494115578552,4.3605830499710395e-06,0.4110855484746135,4.75718465203703
2012-08-27,0.8173719348979872,0.0002134478594185075,0,0.16177355442095911,0.0055624760061922665,1.3862040999934468,2.7028268581011523e-06,0.4109195770082555,3.8951965310708814
2012-08-29,0.7580400025343356,0.0011969035354705015,0,0.5462301718109683,0.005486547761440266,1.3852714037995673,4.033998704043608e-06,0.4972142270493271,1.5565021622445283
2012-08-30,0.6348189913470486,0.003637552267704106,0,0.13779715473473939,0.007262898054397,1.3862083269303085,4.043140568843577e-06,0.4744821851253857,9.035401085570772
2012-08-31,0.6315574837283393,0.0031752052446473774,0,0.1263345953760834,0.007990452477561734,1.386233789166195,1.558663369091654e-05,0.48958449228988066,3.08458798869117
2012-09-03,0.5637996575311941,0.0034171841510618347,0,0.1487523304383832,0.008649258990109966,1.3862122932940828,1.4005569273858238e-05,0.2818281002818762,398.6911062081884
2012-09-04,0.5495513968259554,0.0008759672077553172,0,0.030836284299183035,0.008119636539188945,1.3862911224733239,1.218280621041617e-05,0.305496422650875,19.886511989794318
2012-09-05,0.45497250758798763,0.00572361024695579,0,0.26894699700529057,0.008275310588191389,1.3860393419131225,2.1914088538491182e-05,0.3458792844981417,2.8483417982420516
2012-09-06,0.42801180705400277,0.0015417073042667667,0,0.21544956717853878,0.009348788283617468,1.3861330559822258,2.048679657449381e-05,0.31599815975374684,37.43704063873637
2012-09-07,0.5040933322247492,0.013472198968361736,0,1.312806725859185,0.010616473912903468,1.380539747171574,1.3037331396909559e-05,0.3909615575169091,1.276247176176703
2012-09-10,0.5217354711571953,0.003699519295572248,0,0.37274380503697924,0.012186362460800635,1.3858815006395528,4.152028588515039e-06,0.37320967548750594,31.775323852478106
2012-09-11,0.5594695457508662,0.0051123937879911634,0,0.8340083147677735,0.011741692416734367,1.383774380290902,6.995857917027768e-06,0.3657524124579348,21.125191540638763
2012-09-12,0.579762680538729,0.002677339499983872,0,0.06986536822520162,0.010159335313301134,1.3862787466348518,2.2840435968827488e-05,0.34357814093654027,8.495969372373265
2012-09-13,0.672617246922716,0.0007730753062136752,0,0.18780930564816722,0.009152727869544424,1.3861955564886301,1.9065995513109157e-05,0.4055286633714606,752.8688154649565
2012-09-14,0.7630474564942128,0.01696548227265,1,1.0628233099327378,0.010847180622175446,1.381912924835646,5.9231649599902714e-05,0.6259279417438999,1.1472659482994154
2012-09-17,0.8220200500159109,0.009652705441930223,0,0.5337729103328963,0.01254825893196209,1.3850801191652073,6.409116898385576e-05,0.6096067416046468,23.43479258897838
2012-09-18,0.833671677777548,0.0013556596065797493,0,0.16931637823688728,0.011938387095204957,1.3862061326049766,6.057716203922455e-05,0.670165329694666,241.97015109828484
2012-09-20,0.9011690640346978,0.011331648482046854,0,0.9780782938090514,0.011361640471641912,1.3825029349759448,6.058903373372278e-05,0.6621246890512258,11.455890871727323
2012-09-21,0.9406196984930856,0.004087596932316763,0,0.23370680050771442,0.013071144821907802,1.386020066405926,9.412134449136048e-05,0.6928509974495636,2.3020165012789517
2012-09-24,0.9537817050445285,0.00014061072347657823,0,0.08556174491607417,0.014463200242932066,1.3862696674861674,6.647908305959243e-05,0.7107747564535483,49.42168545844247
2012-09-25,0.9631545695284814,0.0009343391199358806,0,0.21232238334684647,0.014863481113043154,1.3861357457797456,6.348399072139834e-05,0.7305799894896045,1180.4264953927104
2012-09-26,0.9519586169356824,0.003619577963845484,0,0.306186394293623,0.014859209089578024,1.385998378835963,5.705605755157142e-05,0.7453838887554636,199.71720769436624
2012-09-27,0.9499865499066599,0.0018169931453554374,0,0.07316762874614897,0.014175385040302545,1.3862751749851776,4.619214832033847e-05,0.7025688082867181,101.49374014791445
2012-09-28,0.9499460240513322,0.006228866260491569,0,0.21642299903785628,0.012719960179367988,1.3861244011349059,5.6654637067240795e-05,0.6456010178692195,1.272154134458857
2012-10-01,0.9918472214394072,0.0002542407063677874,0,0.0885350534419886,0.011242564975588733,1.3862722857343175,2.290641770532757e-05,0.6396587912157653,14.560309962845027
2012-10-03,1.0472333945256231,0.001555129064560391,0,0.1531402317914172,0.010462666767837624,1.3862281156580054,1.9443060244697143e-05,0.6433594018811428,23.556472774923364
2012-10-04,1.0507600966198574,0.003535692719599338,0,0.1362748884300541,0.010592944206419744,1.386230138226511,3.0547193005144125e-05,0.6152015926497122,2.1282799866111386
2012-10-05,1.707228198898806,0.004723071216479902,0,0.40023372790914097,0.008845327455040321,1.3826329871271053,3.109960049546103e-05,0.6187164794665581,4.978529663114837
2012-10-08,1.7100821286778225,0.0008522458892205619,0,0.5657690809647227,0.006315494086556645,1.3850623094237076,1.8325716075576764e-06,0.5795710134274643,2.0206273942280055
2012-10-09,1.708554325700352,0.005648201770093064,0,0.33826531294153384,0.007748475854677577,1.385871410821839,4.269655232497813e-06,0.6096162575304233,13.052004569688439
2012-10-10,1.6969036007311602,0.00588098221591514,0,0.4398696284872601,0.009044198094102599,1.3856455598009503,2.9200628391352523e-06,0.6007530828362186,4.809053769704708
2012-10-11,1.6846448370238856,0.0020060891880965322,0,0.0764315300414868,0.011094810676666799,1.3862697982476175,6.4526703007898975e-06,0.5918458773287281,4.2480052270792035
2012-10-12,1.6814390364891565,0.004626906891419689,0,0.2444379898300684,0.011485834999186132,1.3860528022019145,3.949033980043856e-06,0.599410379693601,12.44592316361962
2012-10-15,1.6800841662789612,0.00031713782605840505,0,0.17878816267769354,0.011577984814084412,1.386188087975175,2.2109144280945137e-06,0.5735303072057318,62.51360271708912
2012-10-16,1.6229495837342534,0.0032213385355264064,0,0.33675097043010827,0.012506571468965645,1.3858373061699454,9.999011155057889e-06,0.581689594521213,5.53847241261945
2012-10-17,1.602422299867819,0.005843392953563641,0,0.5337451844137555,0.01267129680308221,1.385214807478304,1.0005062821513475e-05,0.5965874475791079,39.41207030222801
2012-10-18,1.5850418507557353,0.0026553301409362805,0,0.003824057861054556,0.011701792388918966,1.3862943035212125,9.70310922077416e-06,0.5700206231098316,1.8351537435323786
2012-10-19,1.5645503338552136,0.002696620549348759,0,0.1900531278828249,0.012917534192707246,1.3861674206052834,8.805922704475371e-06,0.5726397208861755,5.439458501945696
2012-10-22,1.5370583654727095,0.0029334274395586605,0,0.41860961051217094,0.012291410848134189,1.3856538473453297,5.1963748611380224e-06,0.6850700769458312,6.845876794044063
2012-10-23,1.5386603183156904,0.00026240291691141524,0,0.06437907867376488,0.011849451257951322,1.386281601151509,1.6661232342844206e-06,0.7078174887412286,9.835902721201958
2012-10-25,1.5565303531978616,0.00045695115523957194,0,0.0711657845109885,0.010502241994646187,1.3862792950789857,6.0651079282453614e-06,0.6824543516773062,33.896650581329254
2012-10-29,1.555632243477349,0.007053300315372138,0,0.44189608220032145,0.0098309831754532,1.3855434359597534,4.54068684871916e-06,0.763309897157402,2.971865129189924
2012-10-30,1.5563418489511627,0.001633994479485779,0,0.029782906691984242,0.009547140018388635,1.3862903411894427,9.608371627582257e-06,0.774878375120983,1.7500634354515041
2012-10-31,1.5711659081076088,0.00020543784000851527,0,0.030395910802325055,0.01032619509169189,1.3862914014720547,8.434253712141034e-06,0.7827467008385406,15.535918816828165
2012-11-01,1.5730990236544955,0.0017543178356242298,0,0.3032735853826326,0.009384196167637799,1.3859902504643324,3.632350310740209e-07,0.7907709517926205,11.580765963439875
2012-11-02,1.5213362969774933,0.009046615635347031,0,1.0390452114340791,0.009014860075833244,1.3827547199884644,4.974701000174646e-06,0.743466981693923,3.6528193342413244
2012-11-05,1.5135447163381692,0.0008165205773755146,0,0.12126636971322453,0.00810681661763641,1.3862518774003274,1.7169134011841041e-06,0.726765069970819,205.66711167625257
2012-11-06,1.5134443609422923,0.0017722116526368698,0,0.5177174322642413,0.007060284838124846,1.385495408566167,4.5933296917639805e-06,0.6944241982058857,10.831183628898529
2012-11-07,0.7368576441000133,0.0010136861284867889,0,0.09664610914233862,0.00621548480300691,1.3862591938517155,4.914171940186667e-06,0.7209791789489775,4.110709976334234
2012-11-08,0.7586072511368174,0.008910975640002095,0,0.7595146942197964,0.006546275085715822,1.3841204337388961,5.384601350643564e-06,0.7989180901150187,11.053490099283103
2012-11-09,0.7554731545883498,0.0013339151624346534,0,0.05708228685605214,0.006107941792556711,1.3862815550037868,2.402504328393184e-06,0.7887272101884405,1.7842157013546611
2012-11-12,0.7607834829812593,0.0003868577284959322,0,0.21375188187152494,0.0065194222526566885,1.3861298114735237,2.1684018974533946e-06,0.7792927372956501,743.6741022730577
2012-11-15,0.7545689991222936,0.0058849560473950655,0,0.18811947408887178,0.005737064990223344,1.3861696360737,3.7066077245977023e-06,0.7678447714394995,2.579999280683635
2012-11-16,0.7547047571852148,0.0011016890931243924,0,0.06650657631121928,0.005763272485065489,1.3862751961605124,5.708222273432022e-06,0.7896841337484866,2.7926084813979255
2012-11-19,0.7541414292400039,0.000582889104164648,0,0.18840403543583903,0.006308469657580823,1.3861751096026151,8.865777535211569e-06,0.8342168790411036,1216.2004557879231
2012-11-20,0.7649912712894478,0.005976987285800982,0,0.4015218453574577,0.005459467499172818,1.3856361424440202,1.2733531830273868e-05,0.8199507133284363,262845.6872865789
2012-11-21,0.7432513276789692,0.0019634480788789013,0,0.04027977660842589,0.006049577421949034,1.3862883962090238,1.0193807578657185e-05,0.7714277269280111,4.183159014203924
2012-11-22,0.7535543750069763,0.002454826835096442,0,0.17895534626913726,0.006354767192699912,1.3861936765828047,1.0822407424353085e-05,0.8202266180066708,31.778054185244944
2012-11-23,0.7477095782301094,0.0013673194791247354,0,0.30482560305427175,0.0055300523503741565,1.385968296761308,1.3514746142677893e-05,0.8134894599739357,1565.413514203666
2012-11-26,0.739800171509165,0.003911191822133557,0,0.7100695447220092,0.005127698067722523,1.3847861007836941,1.0616566749480798e-05,0.8056834192764721,24.885665256385895
2012-11-27,0.7077312323826227,0.004002005952568823,0,0.6253848651872255,0.005763278273051911,1.3849297948578885,5.449738304711588e-06,0.7335421742351056,1.2613951485276698
2012-11-29,0.6765672554157066,0.00161372656361889,0,0.6036139930970074,0.0048641730462941225,1.3848711549461616,2.2308711233256315e-05,0.6699856713812347,1.9386493543623122
2012-11-30,0.664471871846845,0.001886631208774953,0,0.22218406692119833,0.005604898206786555,1.3861276527180002,3.5809345413754086e-05,0.6502037892318269,7.234568215124377
2012-12-03,0.649458927171037,0.0002721694241141278,0,0.20292518534618145,0.005737939701023377,1.3861582631636504,3.602840077037049e-05,0.6892198759250768,277.93483639290656
2012-12-04,0.6670794616117242,0.0007071867773588873,0,0.10129337702223028,0.0061962193822092055,1.3862639410389264,3.7206445155412006e-05,0.7012062491096881,66.56218459511634
2012-12-05,0.6912635431812008,0.0029417312062473217,0,0.3494381769088846,0.005473769527404301,1.3859453077680548,3.762294346051528e-05,0.6863428077713112,106.71897862964235
2012-12-06,0.7673095191887188,0.004362946196628116,0,0.3387347968255606,0.005229495192831589,1.3857242183245857,3.572165819908528e-05,0.6773817606252621,4.91782768021333
2012-12-07,0.708670511924324,0.0005225661829956023,0,0.09378722155775256,0.005962928618431589,1.386262001889899,3.459861247752959e-05,0.7054885483220824,3.666505798894137
2012-12-10,0.7226004660400664,0.0014631776852424303,0,0.2618248955597629,0.006226066885871212,1.3860871350489035,3.4755753516510156e-05,0.7182546070246727,861.9735935987128
2012-12-11,0.7509807169419972,0.002518429536430935,0,0.1487953039527846,0.004837456836964878,1.386192818558021,3.349047432538514e-05,0.7513795993001046,16.67515179485559
2012-12-12,0.7077337386340178,0.003215817917523588,0,0.31767629867039276,0.004764879843069857,1.3859416699856935,1.7503633620196558e-05,0.7858037106036371,14.448269250842507
2012-12-13,0.7099587000617175,0.002095306310439564,0,0.3064849187497589,0.004417049356264944,1.3859487578251337,2.0777841263329107e-06,0.8258281593538628,1.571834485285136
2012-12-14,0.7150293245991954,0.0007864490753860853,0,0.1800819889816112,0.0044306060790752335,1.3861898384492788,1.5894006168807312e-08,0.8461132216582359,2.9614524641847835
2012-12-17,0.7162303462590127,0.0032538248139331316,0,0.35741343843052503,0.004859646425082822,1.3858825531737282,8.670959021956734e-07,0.8626092179368262,5.966557368022776
2012-12-18,0.723317210760649,0.0026765894703468774,0,0.2002854442856271,0.005872146615371878,1.3861201224331197,5.585917444084286e-07,0.5780073349916603,2.795378794411425
2012-12-19,0.7485788943850753,0.0034704330000286244,0,0.21182076854296597,0.005632283997468945,1.3861662892045357,2.2956476812112197e-06,0.5795861238080227,4.870695483353531
2012-12-20,0.7060243515217071,0.0008176125027573469,0,0.2166808611457912,0.005484125948431966,1.3861205490950077,1.0835266274065426e-06,0.5815415078478114,23.38827710540016
2012-12-21,0.719738083564449,0.004811757882477041,0,0.45467229140056276,0.006064903014715389,1.3856711829720765,5.738668912881711e-06,0.5307581161610174,1.6833137312485593
2012-12-24,0.7106812670304999,0.003635806634309076,0,0.6270608877210755,0.007297198821184078,1.3851296076710917,5.140156520424748e-06,0.12155051143345763,115.12067393763434
2012-12-26,0.7137583987116771,0.0015699057306744685,0,0.14498820304828325,0.008072709377226811,1.3862221508884445,7.369688766096932e-07,0.05821811589825549,3.4219993632409804
2012-12-27,0.7413203488963989,0.004156902359135094,0,0.8948419530439674,0.00919721516901869,1.3834879097172699,2.030877638817617e-06,0.09159616210323412,6.9178251518573255
2012-12-28,0.770623730152751,0.0029003068981435748,0,0.05898878838699461,0.009365578014593767,1.3862839922607944,6.409534798288644e-06,0.03920528047524064,6.843899731493753
2012-12-31,0.8045279111373976,0.0012108679907323078,0,0.2533385397061129,0.009205228781969834,1.3861243868971092,2.8133378722003487e-06,0.026488889831589917,504.0309287732949
2013-01-02,0.866868744278285,0.013038871559483484,0,1.522170481186075,0.009766498833869076,1.3789105190071371,1.7627001007056206e-05,0.09586279831594133,1.6863825523642157
2013-01-03,0.8561238892833891,0.003755473006937757,0,0.6175437780159465,0.010992949898098868,1.385098205953603,1.4331971428154574e-05,0.0959075318501543,41.69943047061071
2013-01-04,0.8401624114656544,0.0004076372328828693,0,0.27755607392354475,0.010306966696956844,1.386044170266441,1.081248622839922e-05,0.1038225160521771,221.23354380911397
2013-01-07,0.8416289248940565,0.004312389095306847,0,0.6442465991127052,0.009893428745320444,1.3847751396632686,9.228530460877496e-06,0.16769477958515994,11.686288440172925
2013-01-08,0.7616803978426198,0.0008268909605288775,0,0.10828536562376455,0.009203038534190154,1.386256559333409,1.59636462786456e-05,0.1273133766404446,51.68838598794411
2013-01-09,0.7618159622437143,0.0007495065855432797,0,0.0415510605744671,0.009221020061260422,1.3862881060556047,1.2922201810258142e-05,0.20500088799590804,2.3694871833562505
2013-01-10,0.7639792062036107,0.004561264540447871,0,0.381548420263637,0.008116673003047333,1.385746185565723,6.60023482133592e-06,0.2454022277647908,233.4083212593229
2013-01-11,0.7984853783395868,0.007303232216137716,0,0.6861803614288862,0.006995493944685645,1.3843782113164953,8.090927301699229e-06,0.26846903816509027,7.132819591047722
2013-01-14,0.7970177647106871,0.002668188120687678,0,0.2116864428184212,0.007886166956517733,1.3861281697944845,1.2910596834433483e-05,0.2872142882158292,1.2646758689755666
2013-01-15,0.7954981534864333,0.002288246313116517,0,0.10932964271693109,0.006929901181997211,1.3862537197508213,1.6910312114219912e-05,0.227316513315258,7.25957981184172
2013-01-16,0.7909623393843451,0.0012556335239022724,0,0.18557052715931371,0.007192118425358712,1.3861735119712062,8.65553917014411e-07,0.23791130184712833,3.2479242597556786
2013-01-17,0.7900153921936928,9.999044444642672e-05,0,0.05286044687067723,0.008712438864464546,1.3862841038866849,3.10437155087155e-06,0.1782391726856559,7.952962157973134
2013-01-18,0.774720617000394,0.0034134782308518435,0,0.19206587573789685,0.008302505242829368,1.386181508015627,5.115003766432389e-06,0.16344621345542742,18.164438754538402
2013-01-21,0.749398507081711,0.003514379625303839,0,0.46738166489573735,0.007677496046985788,1.3856401751897809,9.541849821754702e-06,0.18188448193975087,20.262900716970815
2013-01-22,0.7478360237649401,0.00035353114182234556,0,0.06634702642794892,0.007817126440320767,1.386278501943122,5.065850584164615e-06,0.18303346557126288,5.732924392220176
2013-01-23,0.7392973511695394,0.000718944218375462,0,0.2019044761715347,0.008035321169001079,1.3861544269488908,8.530238098626723e-06,0.2171263751597121,105.03740052590032
2013-01-24,0.7394058518949964,0.001338723289891037,0,0.10841440381693598,0.008514671313348578,1.38625280258738,5.571295096208972e-06,0.21611754216702603,2.7303657774264343
2013-01-25,0.7362667422778657,0.0008551920882207312,0,0.21814302947080885,0.008500591803110712,1.3861260983921229,1.4191203172087578e-05,0.1891049568872055,1.8869342384031522
2013-01-28,0.7546177073881026,0.0012256888140679744,0,0.16802343900297492,0.008762716491866253,1.3862161018966555,4.987512604773463e-06,0.17362142530277908,244493.25397423198
2013-01-29,0.7420293144411134,0.0016639254837824203,0,0.23415205158807112,0.007614084099473355,1.3860747185244315,6.525919490191443e-07,0.2750077594643562,7.998757897051452
2013-01-30,0.691360677053252,0.00249281555728317,0,0.34681216402496334,0.006479547403543222,1.385948788031011,4.454769264485351e-06,0.29894821569608576,144.46965492717013
2013-01-31,0.6627950550491067,0.0016692448944718404,0,0.12035404113927484,0.006746270333581956,1.3862519808423883,3.517858479530293e-07,0.35253416036251156,9.405913589657162
2013-02-01,0.6693261612987058,0.0010268880076616106,0,0.07355347386286451,0.00688713715256,1.386273906951797,5.262954468689938e-06,0.41925831753865234,1.8414269855467622
2013-02-04,0.6772065446755339,0.004374603454373435,0,0.4040214300944781,0.006386533618434744,1.3857033056956967,7.3026437970602475e-06,0.440997443756871,18.300291715029875
2013-02-05,0.6573461057460255,0.00654352259589384,0,1.1271593193040181,0.006009546994039566,1.3824500128642727,7.007116556321838e-06,0.48863866121030974,3.024320236184145
2013-02-06,0.6551467666715036,0.0052155888003397105,0,0.8683393402077452,0.005867350999529199,1.3839011617003305,7.220929840224174e-06,0.5343922276064489,518.7417447992384
2013-02-07,0.6655334103384978,0.003824932137239816,0,0.37067835910078917,0.0046318844921224775,1.3857892534844929,5.895887171530114e-06,0.5338933413089466,6.549226476747417
2013-02-08,0.6460313578457952,0.0016346125718674387,0,0.15434702253429228,0.0038998913925444917,1.3862017676617882,7.425252006597024e-06,0.5732347368610188,2.1680495554202466
2013-02-11,0.5461246128909318,0.002799466449467726,0,0.29150162957808806,0.003996800185793455,1.3860047592898683,7.371170678622311e-06,0.5767623108296501,80.92598209092282
2013-02-12,0.5594125945707519,0.0005936127346562075,0,0.15176755607338477,0.0040028500642420774,1.386223669360215,7.043588056873092e-06,0.5771064157708864,3.78046025651623
2013-02-13,0.5567756660375728,0.0034806223613597777,0,0.18527029700667222,0.003777018374663022,1.3861770808133727,6.966607748501362e-06,0.63759050415139,22.111402989974394
2013-02-14,0.5570703895709196,4.2136664681808696e-05,0,0.08803393608057172,0.004373096880401322,1.3862677211586654,8.352081773599908e-06,0.6352602498742259,2.5377139943643994
2013-02-15,0.5625574123401831,0.004589152026341019,0,0.34185618683840946,0.004423209824417167,1.3858875043824037,6.345325759329081e-06,0.6456005481214221,23.253499019607386
2013-02-18,0.6097114030463612,0.0002122952985809109,0,0.1799867638744047,0.004458267660500312,1.3861996024362615,5.36283780423868e-06,0.6921964625126902,18.913302708349697
2013-02-19,0.6088820964686261,0.0003390290129068548,0,0.053155715511649736,0.004426102921658189,1.3862840018160205,1.2200275863926564e-06,0.6531502819985748,1.938513346616334
2013-02-20,0.6115483440767931,0.004468277109221263,0,0.7494469811931048,0.004718584265088744,1.3845706859478843,1.146011118411807e-06,0.6471329644834439,291.04376818496354
2013-02-21,0.6183455987638264,0.005635845263160987,0,0.21014567419428407,0.006210535725352712,1.3861261457423337,9.348728865877625e-06,0.3842442112841436,1.233981629685953
2013-02-22,0.6174751442511954,0.002446461408841861,0,0.342993221898324,0.0073281775642494995,1.3859091932158658,5.587561543338748e-06,0.293148368392821,2610.518474671034
2013-02-25,0.6284934889849679,0.003455384348931541,0,0.2813931788517167,0.006879890811129167,1.3860019579264145,4.543529672662298e-06,0.05943642100004356,496.73943017472374
2013-02-26,0.5744474228736492,0.002813672470390337,0,0.37407738031869714,0.00848367084282761,1.3857460489058813,2.088553074824398e-05,-0.1635135264108066,1.9204907028829958
2013-02-27,0.5756385318773153,0.004079218333790487,0,0.1538818796864211,0.01008185607411719,1.3861997491098423,1.8508281908648433e-05,-0.20252532959124203,14.116925185830313
2013-02-28,0.7667423023117367,0.006439604467169008,0,0.4224990050465677,0.012277763276713243,1.3852852095037609,3.302304643942891e-05,-0.3902728913120623,1.9092931488164895
2013-03-01,0.7003705551904859,0.0016498429656106185,0,0.17260212709883332,0.014421522164746379,1.386183623780221,2.8118703472497435e-05,-0.3987789344090764,29.60015275780658
2013-03-04,0.709066742243852,0.002625959894033442,0,0.268221301287003,0.014777643123608956,1.3860394066518071,3.3025991109668866e-05,-0.3470285825729987,47.77863519949852
2013-03-05,0.7087600480545916,0.004194087183752527,0,0.5984990062911877,0.01613336559067359,1.3850936631421145,2.8639844681691086e-05,-0.2178794771557548,2.7941229028315355
2013-03-06,0.7041383366692002,0.005542790261729123,0,0.6001931475301407,0.015361667841893245,1.3851168071906987,2.3501545159805435e-05,-0.24248373800282202,17.699712491651056
2013-03-07,0.7213162848231,0.0029777030606474375,0,0.46143811407986823,0.013880436598993223,1.3854656572116562,1.9642525240234502e-06,-0.277867578001779,6.015441187247206
2013-03-08,0.7206283677974435,0.0034647493215660785,0,0.4960421807290122,0.014459238302704668,1.3854529463067495,1.8242419496067843e-05,-0.22389151199554483,2.6968809043239457
2013-03-11,0.749105639982331,6.725682134715612e-05,0,0.21475811843056722,0.014201183921749834,1.3861459168864523,1.677735516521792e-05,-0.25728879453339504,1611.1238535133486
2013-03-12,0.7498178076012442,0.00037856640936508767,0,0.04229552480062484,0.012197722341721935,1.3862879294436579,2.567204527005297e-05,-0.19708650269958675,13.713496108015802
2013-03-13,0.7293753341276079,0.004966624590649796,0,0.1479393712154401,0.010164231765447578,1.3862203590622535,9.840197996668471e-06,-0.1957877992700496,3.4171612335256896
2013-03-14,0.7911146822234592,0.0008976545871784154,0,0.08618159831508033,0.009916060427892944,1.3862564183859993,3.1445553460973965e-05,-0.18173566899028495,4.443098162656561
2013-03-15,0.7916292826737301,0.0010063908937065131,0,0.05758537532271534,0.010761436261772901,1.386280441149544,2.3719360535297158e-05,-0.1157979113051468,7.140527156038709
2013-03-18,0.8246049847636909,0.009555796032590798,0,1.1189323001952243,0.008712607271913534,1.3819189778395633,2.1903749489985543e-05,-0.09492000188865515,7.671131555387413
2013-03-19,0.814969954680614,0.004147165994360562,0,0.4367635512579036,0.00871557537698571,1.3853452323584396,6.396753061454103e-06,-0.15508394496359207,2.217566341412257
2013-03-20,0.8171204793944975,0.0009403022718677316,0,0.16831767251480398,0.009235340260163866,1.3861930027311795,2.082534144462233e-05,-0.10625693326997226,6.086080961059536
2013-03-21,0.8359928480134773,0.002017491486662182,0,0.11878242966423998,0.0088385599166882,1.3862257928752508,3.219365663473459e-05,-0.04527789997341839,11.086905742700358
2013-03-22,0.8427242110010091,0.0001855016249653178,0,0.2057565468451709,0.007777703592160123,1.3861347727415103,3.4478379854909054e-05,-0.0726351592413439,234.13691958682136
2013-03-25,0.8894983790740735,0.009851551023944206,0,0.7057563096545545,0.0075100504510776335,1.3840476331828901,3.544740950764957e-05,-0.023081637946629208,38.448046389346715
2013-03-26,0.8913485567030041,0.003574116945624761,0,0.46011495954601267,0.007348814934582035,1.385574470397292,3.293662194095747e-05,-0.0363469269011213,70.84625545865586
2013-03-28,0.8937384321247727,0.0010895052237533645,0,0.1403088197270225,0.005720338892999889,1.386207059524267,2.2096456921596357e-05,-0.15053094574613093,2.0067932190981113
2013-04-01,0.916854758331188,0.0026011303158211866,0,0.1471582623828615,0.004320614358728256,1.3862208840061991,2.3292795610522346e-05,-0.15513667046925161,5.449054203420825
2013-04-02,0.7997824044866666,0.0004733795177230205,0,0.1325972224733456,0.004718855746166956,1.3862286763679013,1.5839736009817293e-05,-0.16769584702849816,2.3485827079609027
2013-04-03,0.7948150673889725,0.001375295454936193,0,0.12231797659696896,0.006025422119654378,1.3862303748322136,2.2861323196860212e-05,-0.1806767646170238,1.733275633684937
2013-04-04,0.7758600335871916,0.005701143833478872,0,0.35474932529339587,0.005789229763619577,1.3858191166947007,2.5620316716537415e-05,-0.2111220495712843,1.980601896672204
2013-04-05,0.8093125219153413,0.0011935731118939232,0,0.18863791028155874,0.006995557948641544,1.3861774511634586,2.062836713097055e-05,-0.21841409714263962,37.90159147677799
2013-04-08,0.8750110602004865,0.0004953281650300618,0,0.18873806934927725,0.006666227236267478,1.3861862816166235,1.677121179147575e-05,-0.20900419732241346,160.93342423494462
2013-04-09,0.9107558036810206,0.004643726989870879,0,0.15540832946240862,0.007224089785991622,1.386175046779527,2.34533133998986e-05,-0.18128751888342676,7.603737018768087
2013-04-10,0.9345352135944767,0.007460572431612559,0,0.2958160545885351,0.00896870122593259,1.3858753397160102,1.2764231887868599e-05,-0.1916701920189066,4.006694139640187
2013-04-11,0.9034564606885424,0.007696876655380956,0,0.5014626446549089,0.00889309734104638,1.3851993723079892,8.293131888657574e-06,-0.1910828127536013,6.6390358804800105
2013-04-12,0.9127646361962143,0.013189895558259404,0,0.8649112603317247,0.010526962286217611,1.3832902012610453,2.7168529621293983e-05,-0.19518116100323554,2.8129426038591183
2013-04-15,0.895689852718234,0.003633185877956458,0,0.2226851656871574,0.01221111931453471,1.3860722962152565,2.4583986107912044e-05,-0.19303580692826627,8.486349802291915
2013-04-16,0.9088500572182041,0.001069048194107874,0,0.5677252049632908,0.011481702138388443,1.38474613414559,1.2818507766265318e-05,0.1037901568128455,1.7904205372695308
2013-04-17,0.9122118700061415,0.003456820116416299,0,0.1301022613569618,0.013390360299359977,1.3862289810430102,3.2365588817827506e-06,0.12128108343064574,356530.09241024667
2013-04-18,0.9134949964915848,0.0010552790950450195,0,0.6041786449084882,0.01371405134651374,1.3847361518684067,3.9653206547867664e-05,0.13433375079359172,3.395351765674805
2013-04-22,0.9093506911718617,0.001166513404362062,0,0.2681475251924707,0.014338373569671353,1.3860570216280559,5.2186617221729576e-05,0.10714511508442086,11.015725043363217
2013-04-23,0.8962095768868503,0.001490078685040122,0,0.3747242043557497,0.014514984897795772,1.385765769013993,5.3880212200856475e-05,0.07434314604163118,4401.387033558856
2013-04-25,0.8993277604207063,0.0032840524362734136,0,0.3713242977530099,0.013726698366401752,1.3858061194955247,6.995542513558225e-05,0.09634369158299325,2.9119975607694646
2013-04-26,0.9373314872014349,0.0028012433568242482,0,0.08918003070474222,0.01549822734030216,1.3862686977614715,5.708317564429842e-05,0.13034063797974968,10.180591310614357
2013-04-29,0.9187126369542035,0.0010468765988850563,0,0.1135851855464644,0.014948850051518473,1.3862513141627473,5.624191678743186e-05,0.07916817574030557,11.361930648179436
2013-04-30,0.9326070068848337,0.004815540582190953,0,0.19956456868326014,0.012969205360126987,1.3861111906196404,5.9974966798614506e-05,0.06105941401716186,14.949115104795803
2013-05-02,0.950883724530331,0.003175298711305995,0,0.4261658215233068,0.012185478297147341,1.3854917928684434,6.466072268087128e-05,0.014334473727889468,3.162704362993847
2013-05-03,0.9346218004386554,0.000975597639029807,0,0.13939192499813205,0.012118820299692653,1.3862225899191774,3.77748236684024e-05,0.019135489948786066,3.8228483452465105
2013-05-06,0.9637234405863917,0.00015138530105561702,0,0.04806926824774075,0.011819624931429844,1.3862867082617965,4.1039909933249833e-05,-0.015932563674508002,14.122072008790017
2013-05-07,0.974691119151334,0.002074598698827171,0,0.5082784201968807,0.011808710580727388,1.3854263578759274,3.479121873523278e-05,-0.0681906169796241,2.787673198134262
2013-05-08,0.9740383169000498,0.0034028127608569936,0,0.2322851610233211,0.011743597286360366,1.3860918088766443,3.0566638006400605e-05,-0.08846139555999111,22.38559907310017
2013-05-09,0.9561850989578814,0.0014900486457866333,0,0.19194460135683808,0.01111347325858881,1.3861766427448186,2.8720506671432375e-05,-0.0898068706627481,28.061592519428856
2013-05-10,0.8954909327609907,0.0006448038276440898,0,0.35413864565326686,0.009933909203613867,1.3858697545435015,2.1890921713597077e-05,-0.151658423171944,4.602499652696603
2013-05-13,0.8856377789333579,0.0005659328299252428,0,0.5971082786655699,0.0113918693088412,1.3847081010865967,1.7806222527605048e-05,-0.19323924837435005,1.6351939416783652
2013-05-14,0.8672922109457852,0.0015455113827912712,0,0.215572912885156,0.013646767602893723,1.3861272220035439,1.4729064570883251e-05,-0.18563518157531472,71.65757788218617
2013-05-15,0.8533566282404895,0.0039037351632562863,0,0.6827152752745533,0.01534144623845969,1.384275796281618,4.353658829927057e-05,-0.005090274048338044,1.689531367347184
2013-05-16,0.8093114871409598,0.003014258901377775,0,0.380739474529391,0.015375874456714499,1.3857713714333095,3.311393726371479e-05,-0.050752245845084136,74.60738128017303
2013-05-17,0.7974078379983778,0.0004942607269330999,0,0.17651870111264675,0.013946283287829122,1.3861854365731252,4.426189258458865e-05,-0.0736404766474968,127.13382089103965
2013-05-20,0.7243863089408572,0.0017278867921554592,0,0.05701212709270109,0.01396997183282562,1.3862810232263891,3.489094932960314e-05,-0.041163714032280294,27.787521382090745
2013-05-21,0.7236565363098652,0.0007392497340945986,0,0.08692781586944186,0.013329227579011511,1.3862643507617707,1.3117766480840045e-05,0.019358974670444867,14.724876675720171
2013-05-22,0.6827099713100349,0.0021157672220841516,0,0.07129913242317115,0.012924009498141712,1.386274420079955,4.691293714983548e-06,0.03807798264168939,10.212973974903075
2013-05-23,0.7100201329902083,0.007262355694533284,0,0.09227248145621501,0.013748268157517578,1.3862536043815736,1.8284084089464636e-05,-0.0377372726548684,1.204100707020586
2013-05-24,0.7609990919378132,0.007288611611462188,0,0.4635195014133093,0.013483697854708165,1.3853415665995221,2.3865872158084928e-05,-0.05328367494527681,70.49105023832766
2013-05-27,0.7780256646935555,0.0009772191924206867,0,0.21737491544490564,0.012630222729900121,1.3860767673792642,2.1469206830764976e-05,-0.06193274885751357,2.8832309503689317
2013-05-28,0.7352063192519818,0.0005259370370627581,0,0.15401686250694321,0.011459732190251168,1.3862014195234942,2.4194366390873037e-05,-0.09140670082721307,35.704165247130426
2013-05-29,0.6992009348565111,0.0015043202335867727,0,0.22525416893251632,0.009745816202352188,1.3861094715913995,6.734170825484839e-06,-0.05702361531214613,578.6997928197491
2013-05-30,0.6846288130950182,0.005280681615280538,0,0.7866492968890447,0.010126389318169067,1.3840728520070305,7.2291090977413286e-06,-0.04722418354765923,30.009890413672064
2013-05-31,0.6674791658325914,0.004147944729448436,0,0.43373756167604177,0.01215940937061901,1.3854563536685978,3.9048487600901234e-05,-0.12983893145702943,1.5872497398465408
2013-06-03,0.6700020214000627,0.0019026320803155845,0,0.10284011642406433,0.01359655067719619,1.386248604455082,4.275537157625339e-05,-0.11625348406099369,10.037336154149397
2013-06-04,0.6268886056859396,0.0003030694248221362,0,0.18637798224493315,0.013675577517744378,1.3861550148515192,3.8252291623460344e-05,-0.07843806912801399,53.928840982988845
2013-06-05,0.6293794873888697,0.0018854632416608148,0,0.13680726190748962,0.012138630418502355,1.386228741557552,3.376740732636833e-05,-0.055391242630428675,1093.3835372891433
2013-06-06,0.6387109983261531,0.004882057851673105,0,0.16343949843110758,0.009612103883507502,1.3861771922701545,7.682315438101014e-06,-0.021495682564338186,3466.9776418899532
2013-06-07,0.6207708123413852,0.003612098583288949,0,0.2635571775055303,0.008799338419228912,1.3859599183920275,1.7438838423599436e-05,0.032854484962047924,2.5605845314422715
2013-06-10,0.6003401603631388,0.004563606316530429,0,0.17468401562639785,0.008181104176889534,1.386169339460685,2.695881176300645e-05,0.03257680659129326,226.8426060726908
2013-06-11,0.5744942097447192,0.0049886047984366005,0,0.11465967884178124,0.009184961394625078,1.386240223679232,4.397175862040908e-05,0.027635706554842376,1.2046435339305976
2013-06-12,0.5639464124971229,0.002949655048820252,0,0.15004887518717316,0.009848373133605147,1.3862131141406566,4.628181551988681e-05,0.01617119118149986,12.460890154202156
2013-06-13,0.5523951443251416,0.008867031318196005,0,0.603202073551738,0.007589758729276068,1.3849446273538657,5.3355434700276114e-05,0.08447437527547884,3.6863538349442146
2013-06-14,0.5505566662971818,0.008708978639846543,0,0.2712709459650415,0.009220437513454322,1.3860028629975036,2.7715940697616115e-05,0.07471361522536743,2.0317621859335833
2013-06-17,0.4989665920111587,0.0020638422642045794,0,0.19663256076057561,0.010039952358591089,1.3861244392164853,1.4453782106466601e-05,0.016739859272855456,15.357257552083215
2013-06-18,0.531397921014171,0.001394105152336279,0,0.09236204591115796,0.011073786552971978,1.3862633634076333,1.7414847085087427e-05,0.028721301550002448,15.083928947354833
2013-06-19,0.564669988970288,0.0013512113473897786,0,0.17259983345728416,0.011804920440090145,1.3861893190990369,1.673964997794553e-05,-0.011153307786992505,256.47214169221195
2013-06-20,0.5690343922549879,0.011765468331949608,0,0.5807971818129437,0.014476247934349588,1.3848861312815655,5.926717737387235e-05,-0.2543610194442107,1.539353114862491
2013-06-21,0.5501050786544174,0.0028329132911667477,0,0.09228543301239696,0.01722369769538351,1.386260417580362,4.823630745646134e-05,-0.27036774527577706,217.53432831049224
2013-06-24,0.520131099020479,0.0052363261111279405,0,0.12018233780507735,0.0173397562814896,1.3862379509898974,6.707011058172933e-05,-0.2447896475270393,5.68517107168082
2013-06-25,0.5070167516097149,0.0029829256250090714,0,0.21200602942748958,0.018092867141184424,1.386085953983168,4.121024572324348e-05,-0.25320091473872847,92.4122025793445
2013-06-26,0.5009133756462995,0.0033549934984991414,0,0.37706482161385485,0.01823716197475061,1.3857809839609585,3.9458626490457955e-05,-0.2097231250700796,79.7158732850095
2013-06-27,0.5010869970207092,0.010545945112281376,0,0.3812477540196277,0.01719282081999099,1.3856971392345918,4.147257886964124e-06,-0.19635145577615443,1.7893585948479582
2013-06-28,0.5042774586542447,0.01174799775691258,0,0.5867892737673164,0.01711200048339739,1.384893061873918,9.057446441181195e-06,-0.023107965333662467,1.6364552785291304
2013-07-01,0.49134850546382475,0.0013874427262746164,0,0.3266894966300254,0.0176339348924168,1.385876525170399,1.3081051124061995e-05,-0.08874105961521779,12.494854961235493
2013-07-02,0.5514287959830214,0.0022657343437247975,0,0.03756659470122353,0.018627165460977164,1.3862897653394428,1.1889903542816823e-05,-0.07480797776270366,24.340538546998843
2013-07-03,0.5550784417696969,0.007815217698746409,0,0.37323002019969526,0.016116387941505574,1.3858114392761276,1.4648477906447737e-05,-0.06579056660033913,6.350048989581843
2013-07-04,0.5479225873723642,0.004124304585546766,0,0.1210856374569315,0.015585375784873021,1.386241956166703,4.2775131679224595e-05,-0.10947194304672073,9.757751519297413
2013-07-05,0.5497170665925327,0.009039108221254857,0,0.9232111895589536,0.014503839045332388,1.3832515663408331,4.717078234552657e-05,-0.16285432730317997,18.667737572479556
2013-07-08,0.5188806055672965,0.005939655457169455,0,0.22477535439179172,0.014261734170127632,1.3861039505861665,5.070013914302913e-05,-0.09499291349975957,5.6068206330496935
2013-07-09,0.6325253789603421,0.0039584451961376865,0,0.35320170555025315,0.01545854856782921,1.3859554835224217,5.7210396574029843e-05,-0.10002959154357824,8.148764552206261
2013-07-10,0.632317146889885,0.001858640720332577,0,0.2101859160951087,0.014915854643202454,1.386120684702799,5.364304862418134e-05,-0.10525480897046863,7.032500610229441
2013-07-11,0.6491957039319689,0.013286588549225811,0,0.7176309927150707,0.01672387360346668,1.3842874565114371,6.016421904256526e-05,-0.08006338221062714,1.5903304752599885
2013-07-12,0.6986868118721267,0.010958905515991666,0,0.6603534692987841,0.015577618518356342,1.384401624317291,3.2691529239016946e-05,-0.12480657549690971,5.0345085688137
2013-07-15,0.6984543558938624,0.0029665867988746242,0,0.3266338935505854,0.014697302619653019,1.3859171073447603,2.5158977631433282e-05,-0.14092788800810258,52.686596387171356
2013-07-16,0.7845504906619986,0.01672056130695427,0,1.1444501410407821,0.015625127725180852,1.3808567203219402,1.9843893804861886e-05,-0.08422410217983224,4.931446212917718
2013-07-17,0.7708373721356722,0.002850557369335568,0,0.22628158067739018,0.014441684616768554,1.3860953656660686,3.616798635034762e-05,-0.06560854521184947,80.8391494166719
2013-07-18,0.7546256397119894,0.001906739267267081,0,0.14268132967620745,0.014626486502653167,1.3862167997239425,3.537468089825726e-05,-0.09793155296004892,3.876079348784144
2013-07-19,0.7547114601647589,0.003166599553925261,0,0.3284531287862703,0.014327642312857408,1.3859328115886629,2.854111087484057e-05,-0.0590534785818668,139.26229058084527
2013-07-22,0.7547125240613753,0.003231214004514462,0,0.267445772443492,0.012562821876385464,1.3860224592071615,3.591994339538353e-05,-0.09058269983051156,1542.6108577372313
2013-07-23,0.7830487686544653,0.0053736459281134895,0,0.3831050587043884,0.01165046234471911,1.3858494854948746,3.530980373962563e-05,-0.09669359031899247,3.213094674004591
2013-07-24,0.7775581333825844,0.0075309372237834515,0,0.052135797398506385,0.011058085056331489,1.3862830077143211,3.1638467725554736e-05,-0.04734584340525854,1.8422468358510504
2013-07-25,0.778485292396661,0.003360970619511083,0,0.10671888169053402,0.010251352450324235,1.3862463896516541,4.693241271138223e-06,0.018486380705425555,2.3838086979235724
2013-07-26,0.7782801632060721,0.0051412587758842224,0,0.4343178182246802,0.010427677416439345,1.385530296919899,1.8619714027312275e-05,0.0012923654595999928,36.40166178045436
2013-07-29,0.779055052343357,0.002764512159050546,0,0.061615232359064,0.009257775184031668,1.3862807999598865,3.035281252967116e-05,0.05357923236801851,6.476444919328015
2013-07-30,0.7979093676801615,0.0007542022271384751,0,0.16047214704169224,0.007955418384384098,1.386175806083893,3.115504178299128e-05,0.12072660499075309,3.881215552133408
2013-07-31,0.7608594667598403,0.0029059667156912587,0,0.30046084108349164,0.008310629486694312,1.3859044156441094,3.492889550640378e-05,0.14914700205418915,92.05154962908234
2013-08-01,0.813460466519098,0.006059608023321522,0,0.13619374472945112,0.006971620426997255,1.3861956665782977,3.818135787817548e-05,0.14618600150514988,46.94818367377824
2013-08-02,0.8209641814516522,0.003868257242539679,0,0.19184775479417268,0.007459811037810545,1.3861171057810777,4.3105631263311746e-05,0.20699130784310657,4.555380737951474
2013-08-05,0.8299478491493494,0.0007922326545475738,0,0.22295753925920903,0.007783436769872444,1.3861071353199503,4.3019775509235153e-05,0.19645599465811495,151.8096521129707
2013-08-06,0.8409401476422653,0.003612243314027321,0,0.38580277200570906,0.008311854748251446,1.3855719066934822,7.32589513500482e-05,0.13347115314661565,1.137938164928296
2013-08-07,0.7166505814533566,0.0012712029898417773,0,0.10209884120251017,0.010622905218999924,1.3862510524346092,6.43616696817424e-05,0.05893393962077781,42.94224980155541
2013-08-08,0.7178247947104655,0.0016411591247240645,0,0.4231128076194346,0.010872304394293177,1.3856316872317382,5.431730933181486e-05,0.04772207876528284,11.579149610739645
2013-08-12,0.7193996239002254,0.007348584199719,0,0.22212242881538616,0.01024293262436409,1.3860690733168812,4.848884600180999e-05,0.03290756678331146,11.57779497863421
2013-08-13,0.7138805800199979,0.00216717853583266,0,0.311376913336529,0.010586119768239645,1.3858296936165273,2.7122049216966693e-05,-0.0028728003551579126,4.423946302187271
2013-08-14,0.7170830890741264,0.002820942950080744,0,0.09698322990369351,0.010241263036232033,1.386258346679187,2.5504421574289926e-06,-0.05807345189410761,7.975742407575747
2013-08-16,0.7378145944227712,0.006437900312121063,1,0.5566602578583686,0.01568622824065158,1.3845156806921401,7.277275044670035e-05,-0.46967722235854725,1.249233817105175
2013-08-19,0.761320355830485,0.0018718621890565527,0,0.06327265622347901,0.01772470225972471,1.3862727646755995,0.00010076129229253995,-0.4642139037233873,8.226625722119653
2013-08-20,0.787879143035549,0.011385461963732623,0,0.29060886855716567,0.018225762815567335,1.3858524516160813,8.941043075529489e-05,-0.44483369088152874,384.75157244128036
2013-08-21,0.9450125599215274,0.017071055198196194,0,0.6116552249070283,0.017025705152683677,1.383685962928956,0.00012708275102370868,-0.4019933950808791,7.122556482991235
2013-08-22,0.968952636166129,0.003731576876815114,0,0.2799227465156692,0.01890784682949048,1.3858516269396848,4.577562822795335e-05,-0.34875790891615993,7.075673860862077
2013-08-23,0.8901506006480017,0.003746323416353389,0,0.1385386384746639,0.0184138685850456,1.3862017333874217,1.6568720516178643e-05,-0.3693625720945549,8.601573424340753
2013-08-26,0.8847953206905095,0.005040485478811596,0,0.15703673628072673,0.0196065250078615,1.386190232323777,3.0635477115613227e-05,-0.3618148485816568,1161.7650487807725
2013-08-27,0.8749175564107963,0.009171851877731577,0,0.5711123926644983,0.02282847532837763,1.3847045366848678,0.0001268949360145229,-0.48542992585231937,1.7038906673476168
2013-08-28,0.9270512021878939,0.010265371250467668,0,0.17995243932106528,0.02580826856604314,1.38606865937106,0.00015144967346641578,-0.5148247766834986,8199.30772329164
2013-08-29,0.8594780445334607,0.005942572786802851,0,0.18602849505455968,0.022970761035001234,1.3861250673837435,0.00013095816416331275,-0.46360581721933475,3.5460539726983575
2013-08-30,0.8587937145096611,0.00029577208647187754,0,0.08162561637718557,0.02152952698719801,1.3862588301215195,1.2121772623283934e-05,-0.4792586833815899,14.329921628866986
2013-09-02,0.8643806356609334,0.0015431261069887698,0,0.3080739382278789,0.02021873712174672,1.3859153446778183,4.471317032237002e-05,-0.4941066991055755,10.28595553968256
2013-09-03,0.9323402496465493,0.004305485511058893,0,0.6911981658416577,0.024301058459466344,1.383235200604454,2.4822721298110182e-05,-0.5926484209464583,1.5934739612455866
2013-09-04,0.9332727371927613,0.0032148712045846238,0,0.05368231378838983,0.026517854652901733,1.3862789139340945,6.009760978963248e-05,-0.5818608983252606,7.02249081008672
2013-09-05,0.8592463654678187,0.01920643330463553,0,0.7059301196141151,0.026332448501873613,1.3840521638445944,7.658424538358755e-05,-0.573295264699206,4.204501274535531
2013-09-06,0.858876797726008,0.004370948075485284,0,0.07386711190328356,0.026327676539314112,1.3862665913045584,8.614530444401161e-05,-0.6074209141275039,12.474187874166752
2013-09-10,0.8267017645766838,0.010176216541656295,0,0.8513219247622875,0.024757363988545833,1.3829493387249632,0.0001870244985160004,-0.45905313735094716,3.002086408657871
2013-09-11,0.8040894710518837,0.0016123560858943555,0,0.20101460811353464,0.024750232858663936,1.386112306420534,0.00023066667674684102,-0.44925825163042793,353.28286963638897
2013-09-12,0.799731599994023,0.003039439081094441,0,0.21259612184472934,0.023609156353436564,1.3860774807728558,0.00021856005817091494,-0.3956294649767916,21.706559047960997
2013-09-13,0.8288954340245867,0.003887457254760192,0,0.30660938033199736,0.02349066144557889,1.3859262900011016,0.00016620615537948628,-0.41639637003735724,5986800.233370324
2013-09-16,0.7806321941018076,0.013530532235886064,0,0.4025749353067636,0.02336964867542903,1.3853372048706245,0.00013916311712286304,-0.40596611895216794,514.4263529519852
2013-09-17,0.8594053600651475,0.0028032525483313166,0,0.13505725167954227,0.017881750869411114,1.386229560832645,0.00011138711668695988,-0.4298079382923633,46.27310388706425
2013-09-18,0.895032819559987,0.0038471258725717742,0,0.113573774864607,0.012162496759863917,1.386241432241446,0.0001453710543487269,-0.44598339798230796,2.6848399110551733
2013-09-19,0.9064591543014298,0.024231686612399085,0,0.8034354275435065,0.014509388318187093,1.3831622969346498,0.00019190028185661523,-0.3630786446181243,1.0586918730277763
2013-09-20,0.8066139491744406,0.0018003131435351044,0,0.12003064289757139,0.019210591287483026,1.386205446453165,0.0001296653908483295,-0.3125516390699878,5.7075753112655345
2013-09-23,0.7917886702162188,0.011089066292016935,0,0.18682464468641485,0.017170038339302793,1.3861197561290894,7.107202547677718e-05,-0.28636210098809234,4.922782256106581
2013-09-24,0.7903194681799539,0.0059175548912759664,0,0.3865689264506625,0.01566076291240485,1.3856219238390401,1.1416624046032243e-06,-0.2578099941597282,9893.637245135884
2013-09-25,0.7781703082207708,0.0015430916026138112,0,0.2145979812286533,0.014574685578465061,1.3860765822637116,1.0431672720911578e-05,-0.2638421712651421,201.91199483986318
2013-09-26,0.8640405099993134,0.000178824257176349,0,0.22224219340104245,0.013906952943663127,1.3861152400491843,8.202015578842194e-06,-0.24328688178139402,355.5352787515522
2013-09-27,0.8164961793527256,0.00395321186607095,0,0.4837797634555503,0.014806998663699377,1.3853235563511679,4.620068450382883e-06,-0.23943159008369713,7.203724303961639
2013-09-30,0.8383296935503767,0.005526866358287301,0,0.16083566955712958,0.015382768064178876,1.386186900528605,2.9799704716222796e-05,-0.23795908229993226,1.2875048022060778
2013-10-01,0.8382065727157763,0.00362015348209081,0,0.23534749763533327,0.017378955222508777,1.3860457520851863,2.0077872641660417e-05,-0.23238352392452627,7.102400441307259
2013-10-03,0.8219408169365516,0.00673332801713467,0,0.2629695014545019,0.015914320690223634,1.385986853083807,3.1316892669244283e-06,-0.23007963134031537,1.8515905059729965
2013-10-04,0.7316234802148924,0.0031184485275067117,0,0.2807409525076836,0.012531319785077768,1.3859792304400764,4.495454157133384e-05,-0.2580868162028173,5508.966276111582
2013-10-07,0.728088765051442,0.003094180007326276,0,0.27657230556032125,0.012165938545679367,1.3859513808222044,2.1472627095886256e-05,-0.23489558791713708,22141.6187068245
2013-10-08,0.7238917802785075,0.011589933452595982,0,0.8936475279209749,0.010269931543788477,1.3829546519663345,6.653894697354593e-06,-0.2695381372893872,40.08970295292984
2013-10-09,0.7393680010122038,0.005946717458088007,0,0.5150377459314585,0.010921701420347735,1.3849934684940206,2.111009253228845e-05,-0.27788895656755463,3.8862684674318158
2013-10-10,0.8070196738178027,0.001065976804940987,0,0.11610114448144031,0.011634006351470168,1.38624694704881,2.6650143752901778e-05,-0.25684038516475405,38.668954121283186
2013-10-11,0.8300862595638233,0.013838466614499062,0,0.9702689553896038,0.011675481998143345,1.382186760211456,4.00417219655936e-05,-0.2737850742533253,2.2618956146732048
2013-10-14,0.9426440832577094,0.0005250870171546487,0,0.06072171914931403,0.011804976945561301,1.3862828482753684,4.8747155581076437e-05,-0.31904041241026804,48.756577074869796
2013-10-15,0.9418946951528392,0.005684990637875204,0,0.30308123692882705,0.009791809515654401,1.3858730544105213,4.745162807994801e-05,-0.2965280666239567,23.762783819817827
2013-10-17,0.8800702573932134,0.0015507952554687577,0,0.16555080572977474,0.008551015191837891,1.3861872820286802,3.99913342835692e-05,-0.24658411960346235,4.583154347775649
2013-10-18,0.849260989853056,0.004134745765220544,0,0.5812363922567698,0.009438666874257935,1.3848469792542442,4.2449157217882464e-05,-0.25946159538770636,1.413060647980023
2013-10-21,0.8729582657089197,0.0020417317949205037,0,0.2113862478312186,0.011741900151874266,1.38613233298367,4.448264461452388e-05,-0.26603183015209425,99.36238223150356
2013-10-22,0.8923167659533757,0.002040838898266044,0,0.1751905713112969,0.011620685228639134,1.3861986690456254,4.4392480674636905e-05,-0.24329739866204902,5180.78979728044
2013-10-23,0.845018676128829,0.0010876265780171905,0,0.20294871612453422,0.010967020599274267,1.3861031092107508,3.9167621810560296e-05,-0.2686699952749642,39.941086017480636
2013-10-24,0.8331210869587293,0.0025200733029731143,0,0.2687224032926246,0.009931420348248723,1.3859410963336816,2.3431235901792488e-05,-0.2991403223119765,112.2121958494116
2013-10-25,0.8754945322918256,0.0016804360989587633,0,0.17607596040749257,0.008899845663592497,1.386189890217297,1.8887917560972573e-05,-0.30062935980687877,3.723665517019777
2013-10-28,0.870419077308433,0.0016585687237019814,0,0.23337144689276892,0.008263786942457945,1.3860883346190618,7.144145150887315e-07,-0.306562184053115,1.6029320606661561
2013-10-29,0.8664780730627981,0.0010565799957994323,0,0.21325464277396802,0.010488155980938212,1.3860683939250846,1.896713489799e-05,-0.36824530895355195,1.2166012028741726
2013-10-30,0.9336061615999414,0.0015901290045020906,0,0.16147760618992935,0.011739624182086968,1.3862105157074525,2.809627461394361e-05,-0.3913407101510208,19.2199199466594
2013-10-31,0.9336296806254181,0.002330126382871433,0,0.5440985255730054,0.008633448533125657,1.3852241675365522,4.171830035188772e-05,-0.4219025730283601,9.110179726333321
2013-11-01,0.9522011424961759,0.001493363862385065,0,0.21386377088927938,0.0070049336546225,1.3861421985960367,1.42556665821977e-05,-0.4544700607007007,314.1831654647533
2013-11-05,0.9554384795489161,0.003979605910567021,0,0.09128243861359617,0.0077849119657195775,1.3862642617585355,6.377889848382451e-06,-0.42218015082497473,7.2279722317420045
2013-11-06,0.9640008787323274,0.0011826883143350071,0,0.264073386475348,0.007663598755308044,1.3860541153832058,1.6956538112700402e-06,-0.42641683965239136,5.2327894225711455
2013-11-07,0.9700624726340604,0.002209892408280052,0,0.17217741963901526,0.007654198102674734,1.3861549009120657,1.2316433494587192e-06,-0.4253682743502057,9.39986799447018
2013-11-08,0.9359282374197546,0.0027675900604193296,0,0.13155308048560405,0.007893421031907412,1.386231109123337,3.4054917410729285e-06,-0.3755983589010713,3.3388148647430227
2013-11-11,0.8702401539329797,0.004954663029359488,0,0.12175996090220374,0.007738162663365889,1.3862351606603902,1.0145452299539532e-05,-0.31971408903895854,2.83227357469857
2013-11-12,0.862168389161948,0.001389143856392998,0,0.1807950398673364,0.004793357734911389,1.3861560200536436,1.3198558571959133e-05,-0.2575573194226323,3.1521905181503085
2013-11-13,0.7749873998339065,0.003195453656850626,0,0.18840916908509936,0.003771004678764111,1.3861523877166622,2.376848726294884e-05,-0.2193346473342792,13.507383453185197
2013-11-14,0.7197944180498415,0.007882551575648482,0,0.27734078850331517,0.0052338801132015885,1.38599154833536,2.355458359637381e-05,-0.015096943395573128,3.318358533949393
2013-11-18,0.6790143503820901,0.00902430735812943,0,0.6164165102767685,0.005718945065906266,1.3848999098892714,1.8389634023081286e-05,-0.06993456770394149,1.7395919785240483
2013-11-19,0.7660378126057472,0.0013321225100419594,0,0.1569999784717403,0.006774452173835855,1.3862225388351601,1.7371160405776468e-05,-0.08649625983528472,134.54423802864318
2013-11-20,0.7507979999686842,0.0026633967964544997,0,0.11259698766550486,0.008203180048422888,1.3862410234905291,2.2896376258218337e-05,-0.07686451324663562,4.643057242847602
2013-11-21,0.7545178341937153,0.00432098853145702,0,0.42708642277708164,0.008845926478726921,1.38553606513355,4.3572027612554864e-05,-0.02955131067924853,2.8408843932379924
2013-11-22,0.728458589465571,0.00470637022483381,0,0.19215579191910043,0.010711460513617634,1.3861418621948804,3.8859437275140076e-05,0.008079613170606645,2955.0282130444407
2013-11-25,0.7082080892759292,0.006732408806613446,0,0.5781390674261795,0.0126898581697854,1.3850737116749139,5.866879344109883e-06,-0.02514682212972979,2.5142128602286644
2013-11-26,0.6707449277288016,0.002636206973886003,0,0.092856114982822,0.01590611168876159,1.3862632178776388,4.573156603672422e-06,0.19188283039090168,12.481547189213419
2013-11-27,0.6743580295988184,0.0005939873080051865,0,0.1937648485062,0.016306686912742948,1.3861705922721264,8.84342752206218e-06,0.1914246639291831,8216.48419940061
2013-11-28,0.6734325744388452,0.005745281224437999,0,0.41903067372413,0.0152247518936422,1.3856850200069877,2.304633064758386e-05,0.20642044455041522,15.604403479428376
2013-11-29,0.6046342587950955,0.001976066844359046,0,0.6404655596736643,0.014931961157140232,1.3848740920106677,2.7153087270768048e-05,0.2019251382534121,3.7049903406558853
2013-12-02,0.5584393627418435,0.0008018296507674919,0,0.35995045124378283,0.01355581847361751,1.3858630704858648,5.666061085552126e-06,0.22214917538678985,7.761050990654499
2013-12-03,0.5980492209269725,0.0021896624537357983,0,0.2147851883884419,0.012882942360404555,1.386155301705271,2.950117734376248e-07,0.7111934085439351,41.20111902719556
2013-12-04,0.5954604493337835,0.00224376629915673,0,0.08898265653990446,0.0125117207216544,1.3862661005669348,7.1799993033651106e-06,0.793800552206127,7.24511145920125
2013-12-05,0.7179369025949852,0.01634049539951532,0,0.877920197661698,0.012479226823924388,1.3829254251368035,3.742670327091328e-05,0.7891025433492594,2.702689936405987
2013-12-06,0.7363136132937291,0.0010741366609285127,0,0.11422982439664536,0.011314378714608766,1.3862524890563914,4.030069248515259e-05,0.8434922553242673,30.05840984973199
2013-12-09,0.9375958628248198,0.024474803124369074,0,1.5496575815372131,0.009584110696457622,1.375517876303489,3.4923153770707035e-05,0.5983121212516237,1.8343793326021813
2013-12-10,0.9505912251933795,0.001446654280352822,0,0.1859119339935383,0.01096828715531379,1.386175563763683,3.588621971187205e-05,0.6265259969926605,21.541537409167276
2013-12-11,0.9558404626013972,0.004058518274386412,0,0.20637066734456277,0.010400797909468155,1.386151555171629,3.4205007730357216e-05,0.6291100930667081,31.25860026301729
2013-12-12,0.9499444659855082,0.004950470009373701,0,0.20430987100944697,0.010326732777864455,1.386153659896542,2.280656409105413e-05,0.6373367134250167,3.508445756857806
2013-12-13,0.9518126139823367,0.005748366875900421,0,0.32959850280207803,0.00957447673920139,1.3859420988905942,1.200111316853389e-06,0.6415245390978268,4.580442403411941
2013-12-16,0.9940266586742177,8.074199039474458e-06,0,0.14290840888393003,0.009522327547469766,1.3862327457951218,9.516321341238483e-06,0.6576499230387862,59.57890454718463
2013-12-17,0.9917015324160107,0.0038109492004631054,0,0.3833564360851744,0.009109280339695868,1.3857712668716933,9.487337757581514e-06,0.7080993248698494,42.74508264756379
2013-12-18,0.964558481148897,0.0014833500763729187,0,0.38808805310095085,0.008625458878723622,1.38565675463743,9.081539767942058e-06,0.3662035277745477,2.636385405371961
2013-12-19,1.0106063700385877,0.005893666844792621,0,0.473703309767077,0.009834320793512121,1.3852738832673557,1.1268257493464994e-05,0.41647248924372127,5.415835745042278
2013-12-20,1.0142282236309386,0.0021544875525803166,0,0.3473661334244024,0.011165947084582913,1.3857826648855467,2.52860214149918e-06,0.4788016537421145,1.794557574923318
2013-12-23,1.0078337639571584,0.0011242408685186978,0,0.262749680496406,0.010532360594649856,1.3860528444494504,1.1936334939701654e-05,0.47281553280276306,200.6773492275628
2013-12-24,1.0223765066853245,0.0018997291493840873,0,0.3574078802517306,0.010893925252734766,1.3859087727505885,9.652874871367534e-06,0.4707892021269667,81.2762041118084
2013-12-26,1.0463889097042378,0.00027119596808564437,0,0.2059794631259966,0.010548469411467866,1.3861582687019116,4.336295346180521e-06,0.46951497425768296,134.86990136670047
2013-12-27,1.0916563304258418,0.0022113013087666747,0,0.10052133206128389,0.010953082901821678,1.3862654675827923,1.0687834328874285e-05,0.4226807651987807,11.131426480257499
2013-12-30,1.097518551963534,0.0035730853621527545,0,0.3032865272253466,0.010986441813550133,1.3859406746187024,1.5452361731549015e-05,0.49886650529254706,4.296933441584975
2013-12-31,1.1178588751621676,0.002579683811856581,0,0.30629207446616596,0.011578383810257378,1.3860211892023142,1.8471488429627174e-05,0.5298623776423628,13.649669190945719
2014-01-02,1.164284372241328,0.00043632614087443853,0,0.04959280341059512,0.011588417862367266,1.386281546959526,1.2069500445263282e-05,0.5140402169996687,1.2896390827259154
2014-01-03,1.142315114127897,0.004284919736019978,0,0.2453148669391168,0.010568796165547676,1.386083759243462,7.904592805265761e-07,0.5196505787159201,87.13511727788813
2014-01-06,1.1397129074848829,0.001560520798103708,0,0.13930977331137498,0.007914785344206055,1.3862263599115245,3.1240295092421285e-06,0.5323515486007507,20.301279271093623
2014-01-07,1.0653962028427817,0.002008771211711871,0,0.07565374678324517,0.006346425085438978,1.3862717605514017,9.253638048224575e-06,0.5712934572359567,9.586777427834994
2014-01-08,1.079973305159949,0.0025606854891676778,0,0.22059318277799939,0.006627761485158811,1.3861509490499273,9.114299697913414e-06,0.6173816890137369,53.39973914657636
2014-01-09,0.8657903079695194,0.001149227239439816,0,0.14920255958091694,0.006491766339153656,1.3862242302760488,8.30677902769956e-06,0.6352496263866163,39.06127223500324
2014-01-10,0.8782361410997218,0.0017007908456995876,0,0.2165182280309981,0.006230205625079089,1.3860822473159111,8.790741406090283e-06,0.691306371271763,149.43297251914555
2014-01-13,0.881681266039153,0.0029285045401496236,0,0.3478137593329357,0.006967308488941533,1.3858150671881018,4.829247724196202e-06,0.6537538829079347,1.1042538515471176
2014-01-14,0.8915175604651455,0.001994734563912253,0,0.10372175721680171,0.008697208406709544,1.3862591728048508,5.874445938983179e-06,0.656127988566274,12.0865609970275
2014-01-15,0.9009148794879591,0.0038536156504467675,0,0.6341843087753315,0.00894667437825302,1.3850527089572373,2.2969121012726465e-06,0.5788224415595382,2.835667836459217
2014-01-16,0.858987163612155,0.003230107302137894,0,0.3423688980429432,0.009088956814673312,1.3858971614689277,1.119358229977795e-05,0.5393547469249645,4475.269610761588
2014-01-17,0.8573468602066889,0.002003921802875141,0,0.0898956073042852,0.009890840997714347,1.3862626074892448,6.398597054235103e-06,0.5722458496444673,6.407552007848411
2014-01-20,0.8237897428191618,1.5985699894949722e-05,0,0.06562387597799842,0.011477895719691744,1.3862790037664343,1.4346961246818892e-05,0.5318516595436327,6.861559188719377
2014-01-21,0.7498150787947596,0.002566474568157829,0,0.2800450559795931,0.011304783568307013,1.3860611694092226,1.8552622110508275e-05,0.5053698575321018,118.60144384651522
2014-01-22,0.7153591816218918,0.0007526034724641963,0,0.06745587815797313,0.011238048465899243,1.38627792853497,2.0094207788701536e-05,0.4710801926536373,9.269992211408521
2014-01-23,0.722652337202457,0.0020529185646503165,0,0.19639557966218227,0.011394043502333355,1.3861752216850904,2.1445001062300332e-05,0.4503757668091194,132.2032669519655
2014-01-24,0.7455669128718717,0.0069580350269661,0,0.32939489608378375,0.01114842656989602,1.3858693229529435,1.3787089915692185e-05,0.4275912862860729,1.4132303633113183
2014-01-27,0.7703413382065728,0.012920740831305191,0,1.0225422793144754,0.009746023154278234,1.38259877154849,2.1867223467785616e-05,0.2863930950637422,1.3947463591265397
2014-01-28,0.6980483305814785,0.0006521189918353843,0,0.21768114178450412,0.009970494586854735,1.386102157638775,1.8439213340565277e-05,0.32138455859225024,253.49461103400375
2014-01-29,0.7056625836073634,0.005656284790813368,0,0.5442464704433135,0.008602108450164223,1.385190519864703,2.7395902678132702e-05,0.36404763477513014,631.8485178179548
2014-01-30,0.690701406149133,0.008738696402951359,0,0.45840220730883674,0.008365454407776647,1.3854876054629,3.375634706830903e-05,0.4004049502537172,11.388224860142763
2014-01-31,0.6743693421062548,0.0014888896370068188,0,0.14725552175668713,0.007743093923550611,1.3862320263302412,2.3829004728134e-05,0.35644079017490926,76.16235859092154
2014-02-03,0.6792075375055069,0.005054248110464275,0,0.14988464970756635,0.009068988004675633,1.3862069442198812,4.2034097539502535e-05,0.3321557137890965,1.32528672231386
2014-02-04,0.7639603851683627,0.009071598434362732,0,0.5642349827017923,0.010395918953619722,1.3848956228482086,4.284967802634504e-05,0.31107434601340994,12295.00055951384
2014-02-05,0.760672481686479,0.0005581101061563188,0,0.2209436915583327,0.010485608807822391,1.3861028467923564,4.294621481806708e-05,0.2618611485254889,22.53968358771912
2014-02-06,0.7410902346769945,0.0009875229004092788,0,0.2621607667996471,0.009119277836230334,1.3859941933042546,4.2453164127277966e-05,0.22072230781470936,44.27643643141554
2014-02-07,0.7340241585522115,0.00682688293317766,0,0.6699277018345217,0.008401895787185521,1.3846051534668113,2.813418466472582e-05,0.1687999982394012,12.560409767464282
2014-02-10,0.7585750294320055,0.0015820058301108724,0,0.13277425599135464,0.006903280678951267,1.3862409461191436,7.820272846750113e-06,0.15477716774881697,15.63285847742793
2014-02-11,0.7772888200856254,0.00313379047118648,0,0.41097023023170604,0.007186647263617832,1.3858012766917223,6.103951263606793e-06,0.184797775857499,18.35749564320246
2014-02-12,0.787857392258927,0.0037289816956064085,0,0.33137247231569456,0.006667218606684411,1.38597172080734,3.581213222962214e-06,0.05218344664572877,3.4397165105763667
2014-02-13,0.7902582405499697,0.0005832954463661945,0,0.41781077539800604,0.0074443031243169215,1.3855716506602567,8.46596059698128e-06,0.08144767988596195,1.1965334074041885
2014-02-14,0.7944860461088339,0.0037671869414607363,0,0.17768039552127218,0.007939607499160013,1.3861672274092345,5.1076368579297375e-06,0.026793355195676823,4.340164790916117
2014-02-18,0.796320342474411,0.0037871942913363953,0,0.190148818812178,0.006910350886000455,1.386160416746665,1.4273768520716131e-05,0.12514971036452652,2.579801525834292
2014-02-19,0.8736457262125839,0.0008075123217588053,0,0.09917075705912054,0.007469477374635155,1.3862662888155028,1.7216470932236793e-05,0.09721881387276131,25.6031760323248
2014-02-20,0.8810488557734023,0.004169437038782273,0,0.3974102010664232,0.008904977659258288,1.385832095426635,9.025560976935453e-06,0.032442210368744145,5.334045749512957
2014-02-21,0.9072989130579227,0.0027622894057473266,0,0.6024219193976802,0.010940923513770478,1.385218618081574,1.6519383147528718e-05,-0.03104375186801538,4.172518199691409
2014-02-24,0.8918032501568264,0.0023584148629301866,0,0.33066284767032306,0.010877464757389333,1.3859097649259309,1.6996589649676414e-05,-0.06062748174286307,16.982194290886117
2014-02-25,0.8831288930411039,0.00316340056131884,0,0.2968095674898612,0.010830602752758612,1.386007571322552,2.0038521216757173e-05,-0.044094199826571624,50.59386143308161
2014-02-26,0.8776871887626165,0.0003870817423859773,0,0.33757568717175734,0.011052582910512223,1.38595861396421,2.419985524254295e-05,-0.07153464709572468,7.162991948286765
2014-02-28,0.8751242103918627,0.0016602878345167006,0,0.6718528200991931,0.009153408552466533,1.38486656550013,2.657986635248644e-05,-0.07013920859528278,5.7839795399575005
2014-03-03,0.854372439886799,0.0020093772737144015,0,0.10502630671921107,0.008421775304736888,1.3862550342309101,2.7155011006443126e-05,-0.05130422442394944,2.340458316145841
2014-03-04,0.8442728584944637,0.0007557677899403607,0,0.8697185359682883,0.010200559107422002,1.3836171078679116,3.203275222616719e-05,-0.10243489141978908,2.070817438633077
2014-03-05,0.8072104861141438,0.004831156684261866,0,0.5041290134805522,0.010045002445453867,1.3853767971160318,2.3631552216434107e-05,-0.11807554648571082,13.865535196270494
2014-03-06,0.8053929271416445,0.002540771449101079,0,0.3791418848269097,0.009193611797007221,1.3858121390332157,3.066330823570581e-05,-0.1229898120782733,3.2277337401662494
2014-03-07,0.7469162333801856,0.0019976897766102713,0,0.6017533204737542,0.007811471772447457,1.3848023833710694,5.130012071212722e-05,-0.05489479004764519,2.0123113010552074
2014-03-10,0.7808360018240926,0.005369311891949535,0,0.43507612103678256,0.009179089732472322,1.3855361624944678,4.507063701505028e-05,-0.09126508213256931,259.1113982768073
2014-03-11,0.7551850662222337,1.5311773286160907e-05,0,0.14142933309746977,0.009489495558320247,1.3862200879634254,4.169642688760267e-05,-0.09155808257754663,36.308789222751884
2014-03-12,0.7149537363196843,0.002213769786882692,0,0.16895829551015404,0.00956447673473301,1.3861917721446835,4.0847711405727896e-05,-0.11998118972398546,891.274076445182
2014-03-13,0.7384864627017674,0.0038666477869960334,0,0.3065728103813047,0.010041379917287346,1.3858889051723584,3.4416347455373294e-05,-0.12116741156429564,30.53103858539093
2014-03-14,0.7785397483261186,0.007086406346329306,0,0.499463564696109,0.008973509445052343,1.3852500150642109,3.0610613208308045e-05,-0.14583280305770235,11.86708035368333
2014-03-18,0.7576723177991405,0.004333942135741057,0,0.16244274979376963,0.006651490677713677,1.386188778149647,3.466026051673183e-05,-0.17371001938100494,9.747685321467905
2014-03-19,0.7622261770637813,0.0020465180587544386,0,0.19911794722593537,0.005920258241205734,1.3861759436737204,2.4816600316589578e-05,-0.16438858211850502,16.954726939501
2014-03-20,0.7647114352252382,0.002409335923313368,0,0.0601208790816584,0.006020636114121468,1.3862825236777923,1.8464956084225104e-05,-0.16563129687555794,1.535950181602368
2014-03-21,0.7655105733986416,0.004939132377252041,0,0.7003332331349676,0.006001502492136555,1.3847489976020846,9.963138490408026e-06,-0.2592496586540563,20.604689161631946
2014-03-24,0.6906399080744301,0.0026607526525488515,0,0.548008283205312,0.0053860567550486895,1.3852566997469822,4.7048092855724485e-06,-0.23473650752320552,1.246477658180972
2014-03-25,0.661458321546642,0.005086187198946959,0,0.7628215861320132,0.0062031658933943004,1.3843545116059515,4.334225724912453e-06,-0.25793160017818384,260.9976415096025
2014-03-26,0.6207153823940808,0.003922627977259087,0,0.3523015498484529,0.0057770067656641114,1.3858753751563109,7.049628016530585e-06,-0.2585242798410713,75.9108752404973
2014-03-27,0.6220482157769003,0.0017708121184958855,0,0.1811372199341924,0.0057660289920082675,1.3861697104664896,1.0184049292575375e-05,-0.2600530451068438,6.310195561632866
2014-03-28,0.6153908163814308,0.004701514525411423,0,0.25522614429362905,0.005394850172272367,1.3860590385945262,1.6312029599732085e-05,-0.3170119668061848,4.517189867023048
2014-03-31,0.567420924184908,0.004061395978681651,0,0.33543774066318327,0.006136722389956611,1.3858566482099128,1.6110091297807323e-05,-0.31180083891906074,70.7758432100679
2014-04-01,0.5665995126177967,0.003766621888427165,0,0.44920215698246674,0.0061916022029282,1.3855447684114233,1.6395402330262108e-05,-0.3306141838275571,18.096442985088242
2014-04-02,0.5556650678739513,0.005423448612992828,0,0.6712888727287476,0.0056065215787742114,1.384787008633976,1.818307947214796e-05,-0.3707019181956472,6.0725269650425435
2014-04-03,0.5602230154746142,0.0028836363479387223,0,0.21428090972654726,0.005524482961741368,1.386109218129293,1.755932698012609e-05,-0.37518674581882633,17.075391540930504
2014-04-04,0.5731334710135,0.0008532455255467416,0,0.4343282830149543,0.004582691404878955,1.3856938024394836,1.6988075968214382e-05,-0.3701805443397925,1.9222262373324819
2014-04-07,0.5580344291304699,1.4952669513152927e-05,0,0.21594072404121264,0.0038559837705040667,1.3861141228303615,6.9314296003186725e-06,-0.35712354310530786,6661.773845216911
2014-04-09,0.5404663442348685,0.004017311100442843,0,0.15960298647206414,0.005419683516028278,1.3861900765042046,1.8110343450146938e-05,-0.34206323250813914,1.2956415503756433
2014-04-10,0.582134332137891,0.0010073511339557374,0,0.1608237548111331,0.006601731263118211,1.3862147461370107,1.72904369769133e-05,-0.33882897693921726,311723.42171162035
2014-04-11,0.579687517826171,0.005614253989357027,0,0.5439509318129495,0.006708962138511467,1.385290940726339,1.2211372651380203e-05,-0.3702886591613573,31.039602586281113
2014-04-15,0.5964293075304826,0.0024173334234368145,0,0.10424416327657884,0.006325919944249945,1.3862481325280558,3.4340706526221463e-06,-0.3655854974429158,6.712125755021339
2014-04-16,0.5673619638402946,0.0008692341554495611,0,0.06512056628318054,0.00643200163279299,1.386278007007562,2.9504089903506115e-06,-0.325319350539969,4.693377545584246
2014-04-17,0.5094449384692945,0.0030141025567317196,0,0.3971403403879806,0.00886870695457769,1.3856919070985434,7.331068473442851e-06,-0.2866101299294896,1.5178643427356
2014-04-21,0.6273264392614982,0.0014518908598079327,0,0.17951588203401037,0.009172414766781479,1.3862044520658023,8.187593306203183e-06,-0.35150864898903667,12.482268763113213
2014-04-22,0.6974378718713746,0.0007697637315807778,0,0.15928083765915216,0.009415240700064532,1.386223701524559,9.902228227015985e-06,-0.3137193660639877,3395.028986727023
2014-04-23,0.737854525901165,0.0011584624771869138,0,0.19795036040467875,0.009164446911791002,1.386176266065486,1.7479561249864634e-05,-0.3270402246007218,25.874363026988323
2014-04-25,0.75701278047002,0.0021903255442525995,0,0.30001662459388545,0.00887094961138761,1.3859338733374869,1.1392469881462112e-05,-0.2683428921083292,4.925916776534082
2014-04-28,0.8307882898125641,0.0006194384767381885,0,0.12980356645546087,0.007802208758003455,1.3862465717547734,3.8011301201633074e-06,-0.24105141594088345,12.735128019762808
2014-04-29,0.8220771285115076,0.0011455813229708529,0,0.27660344410384635,0.007875614928081667,1.3860242818057258,9.165619688492348e-06,-0.21309458062367023,3.075149322567418
2014-04-30,0.858546145615675,0.0014434601949071377,0,0.17649935403272932,0.007940285881392443,1.3861462759166567,9.046112391241533e-06,0.14463956025466537,19.12268396282761
2014-05-02,0.866229007486362,0.002021474522793269,0,0.17864619635020518,0.007978729751778766,1.3861892659699013,4.224077182554254e-06,0.1365096561461866,2403.5137324714733
2014-05-05,0.8670888918211691,0.001966128063551023,0,0.30332277697257304,0.005403440173221755,1.3859543161964702,2.4613569977564525e-06,0.12542832474891766,141.0263379847884
2014-05-06,0.8607743301474855,0.002966019821391755,0,0.18400433329499896,0.004497915160633778,1.386188435514324,4.248806770215222e-06,0.09651108442966581,10.730839216118397
2014-05-07,0.8474467797532247,0.0009981760347235796,0,0.19055250502999624,0.005142648155857967,1.3861634790031088,1.1127488322235457e-05,0.1115299957618184,1.15969195698278
2014-05-08,0.839608417121319,0.0026046422162003197,0,0.15825792950603496,0.005856028573618866,1.386210779219342,1.0697758928717076e-05,0.23934569974639028,79.40486914005655
2014-05-09,0.9734735773499263,0.0008562709419831097,1,0.815770707967639,0.007643748318009444,1.3828952784492836,2.9031570182416875e-06,0.7983068988726842,1.1101724529027297
2014-05-12,1.0258482550523729,0.0006704607026250108,0,1.0189252994088662,0.0078300794882419,1.381977998722729,4.209934655646216e-05,0.8299120196943911,2.914210247746304
2014-05-13,1.0486922211445484,0.00933011362312376,0,0.19531309332027974,0.008427503163082412,1.3861253404666842,6.354170751095491e-05,0.764593679430347,9.141270662301968
2014-05-14,1.0479127056553719,0.0004570785727309911,0,0.21221144735661596,0.009468270508075811,1.3861377486641329,6.914558703969367e-05,0.7906262131597475,1549013302.5765
2014-05-15,1.0242400662503066,0.00035862106671193263,0,0.20554110777077816,0.009407335182874767,1.386140281047752,7.326550361663351e-05,0.7755349740681283,378.97583553407503
2014-05-16,1.2980395648428784,0.020433798740661212,0,0.21841474837366684,0.010319062291744233,1.3858597400753694,8.575370073888137e-05,0.7143644421013232,6.515937683165389
2014-05-19,1.339399875420178,0.01020048377547452,0,0.56945990527945,0.010438841099031345,1.3848009826689684,9.287709860356486e-05,0.6813475072785443,5.3875829294922015
2014-05-20,1.3534995671488783,0.006367797360287473,0,0.19564937973656024,0.00987894787591121,1.3861264157129725,9.237681220680956e-05,0.8181758832418886,74.43221889545127
2014-05-21,1.3533453284713943,8.933150609027521e-05,0,0.19398156311592119,0.009242282135776433,1.3861481203627024,9.167923594816158e-05,0.8715674160114931,21.780379397312878
2014-05-22,1.2869059921497665,0.005095338655036403,0,0.2851407351975492,0.006798646684125389,1.3860034109059922,9.263415718551126e-05,0.9361088402622357,20.75537497815505
2014-05-23,1.210990467644035,0.004128141947602918,0,0.13941881717388543,0.00703519303896669,1.3862222845079173,5.5633048640472645e-05,0.8800419536284512,1.6054994338008535
2014-05-26,1.2258314804232304,0.008333452788035337,0,0.1250901162942086,0.007529922969446311,1.386196635408306,2.8825939609125643e-05,0.9557025161172074,148.49037695916863
2014-05-27,1.2251324981840421,0.000550231195552857,0,0.09689334461510354,0.00654301146951351,1.3862555761000117,1.7381350262297863e-05,1.0157127699849633,6.586427017013237
2014-05-28,1.195614464936804,0.0009492890082566778,0,0.1813242051801906,0.007116437144838821,1.3861953789644526,1.8136047251869007e-05,1.038744456884913,78.62398287205218
2014-05-29,1.1920525268599622,0.0017819999168155781,0,0.29077082000391047,0.007713580298909143,1.3859714864376125,1.222445637985958e-05,0.9112989382274307,2.1312762709949578
2014-05-30,1.2166398269099623,0.0026500405850671104,0,0.2586790821843726,0.0087516929356685,1.385937410297261,2.6325761141507663e-06,0.9542334999128876,325.6706743659296
2014-06-02,1.1861149119889005,0.004705350115863798,0,0.20584673479829652,0.010110388084393244,1.3861117745260163,1.1850107793798935e-05,0.9155354313819078,1.6091319059467366
2014-06-03,1.1895499097816424,0.001743822990116564,0,0.08032595687064524,0.010798420959034034,1.3862698022611197,1.7107945569878172e-05,0.9060654905649528,10.587901852638106
2014-06-04,1.2319030779632263,0.0002291729542626736,0,0.13564502584677585,0.011099494625443166,1.3862401058082798,1.81059706651094e-05,0.9890880926790415,164.05619932597654
2014-06-05,1.2217287057436281,0.000337792193456514,0,0.016943725147752452,0.011359742845887123,1.3862930926051913,2.4678149629713845e-05,0.9530637353166714,5.13861136617184
2014-06-06,1.1985241163363853,0.006321862399652444,0,0.15005948572904323,0.010401623790799645,1.3862060820565034,2.742092308182435e-05,0.941483012401602,3.271973970961774
2014-06-09,1.150369230172618,0.00503123385684183,0,0.13534658992340784,0.010476327919306123,1.3862205181611997,3.7653092732337e-05,0.9493070244042761,5.117381930005116
2014-06-10,1.143779388180774,0.003189029084125003,0,0.32792670979469074,0.010690284746338988,1.385819926621668,4.105736224687009e-05,0.9560202709927228,7143.412618791436
2014-06-11,1.1417869130641742,0.002087574502177254,0,0.08150680826880584,0.009535151708426545,1.3862660413527916,3.750247051679846e-05,0.9560712402240406,27.17919282456422
2014-06-12,1.1218132115161261,0.0018927913909284782,0,0.2702069485762243,0.00895349163062651,1.386033012299573,4.1152369772147053e-05,0.9430827245441109,35.3846040420804
2014-06-13,1.1124042373868013,0.002389369642263472,0,0.42820453428081634,0.008759501527129633,1.3854662688373256,4.044024380693574e-05,0.7849240934856628,1.553332620107767
2014-06-16,0.9211279603673194,0.0009684077743517295,0,0.25772943877958066,0.008993972430870223,1.3860634331758557,1.907726573988218e-05,0.7975967096434147,176.27642750839945
2014-06-17,0.8818695859707015,0.001128923156633543,0,0.40801159774025203,0.009552077380754233,1.3856028647133107,2.542625378703131e-05,0.7330695288582246,2.3533236774485453
2014-06-18,0.8844950872012095,0.0005697774056652839,0,0.04867538603606465,0.010788358986620143,1.3862830903884464,2.0093688095755368e-05,0.7089506845999551,5.050578302983566
2014-06-19,0.88150107555419,0.0028866777266281494,0,0.10324409328013551,0.011066282558697845,1.386249650637369,8.277922637588443e-06,0.7143277475652521,87.33452882298828
2014-06-20,0.9091674222027183,0.0003446843543804332,0,0.062353910527507675,0.010665802882833034,1.3862812566375027,7.697263074451232e-06,0.7300770522057853,18.73406828856409
2014-06-23,0.9027088955308696,0.0003393981117147549,0,0.18695916479439906,0.009817343418903312,1.3861523830242235,1.5369255225134932e-05,0.8122434377823612,49.39569626359604
2014-06-24,0.8129908667621064,0.0029116886930048965,0,0.31416881357788495,0.010910027284132344,1.3859621164044422,8.415226816305795e-06,0.747422251682402,1.9033062888458498
2014-06-25,0.8926587841977306,0.0011008962792968455,0,0.25042891555845875,0.011586101470430724,1.3861241200057162,6.334854749377139e-06,0.7617896044574072,77.12730925733004
2014-06-26,0.8284552440335671,0.002003512094032182,0,0.1289691643266259,0.010635309130042278,1.3862326397556421,1.8045830748929982e-05,0.7713031423445758,2.527992593623551
2014-06-27,0.8433701017332326,0.002798621101574225,0,0.1614455195441205,0.010537544250450788,1.386207135480626,3.3893679219836192e-06,0.8113571543753404,57.109275783481415
2014-06-30,0.7784909265462067,0.0033570798578198943,0,0.35251050925227373,0.010249393006509178,1.3858524191546144,9.074839392804335e-06,0.7443851438616297,2.3107040242802133
2014-07-01,0.8515887604581611,0.002316207977030125,0,0.17487792692510545,0.008902722635870679,1.3862117111695307,3.084941843966053e-07,0.7409531368407121,32.16321009044697
2014-07-02,0.8545030381155663,0.006312907567648898,0,0.48931135327617115,0.009053272119624246,1.3855414464761164,1.7108085463641677e-05,0.7011931420393227,3.1605006261123267
2014-07-03,0.8281982593302903,0.0011902320771852723,0,0.09701242812262717,0.010336583824260566,1.3862655360414338,1.7744319890276026e-05,0.6982843638502677,188.16804336424758
2014-07-04,0.8141807887192861,0.00042769577201203754,0,0.19474788797583614,0.01085053083642859,1.3861384437064574,2.3562284627282053e-05,0.6654861581100499,15.74443963701844
2014-07-07,0.8153615233781782,0.003708451930665346,0,0.524524675725498,0.009322408280124622,1.3854649606662026,2.7814514812788477e-05,0.6399326000568727,9.240952554463776
2014-07-08,0.9135853804577289,0.0021678779414038025,0,0.4623313903030557,0.010754080811425445,1.3851955365528168,5.766964548502414e-06,0.4153016234359351,1.4065765032051798
2014-07-09,0.891027721663458,0.0019330134642919653,0,0.08982994701337076,0.011598817997740587,1.3862616570398318,2.148317736518909e-06,0.4308290250306672,20.73934861176703
2014-07-10,0.996224379327132,0.0005931002842812471,0,0.21292328647777797,0.010550944275337744,1.386005879314473,9.650329975400102e-06,0.4286877733436231,101.61963095845819
2014-07-11,1.0464142892512658,0.002158166018934639,0,0.15856258467433956,0.010621157573140812,1.386167023459549,7.146215330888483e-06,0.36872628805973084,3.433257409751106
2014-07-14,1.019485094020573,0.0012593148084233592,0,0.1753004909630478,0.010972410012736099,1.3861910637297756,2.0172114691803895e-05,0.35994064177581153,1293.358667307726
2014-07-15,1.0098368467824623,0.004971409972267785,0,0.18263939488393163,0.011160807110324987,1.3861693219685234,1.4631745511075403e-05,0.35926188983427665,3.5419282551503617
2014-07-16,0.9988639632871653,0.004969925739300607,0,0.028623737941974082,0.010061495589743799,1.3862909672253194,1.369345231852693e-05,0.33659730749181027,2.8413603467037984
2014-07-17,0.99083529955413,0.0015356871393617238,0,0.2941712604885293,0.01058385397275889,1.3860362853230321,1.0155331325465287e-05,0.32364278114786676,106.808405460476
2014-07-18,0.980739376124908,0.0013359173710494744,0,0.11320309858080739,0.010670346602895533,1.3862443730305336,1.1830245846548628e-05,0.3274517561545283,29.234264925602414
2014-07-21,0.9718060926363956,0.0049135991137449824,0,0.4676244288562609,0.00784421565606111,1.385581322298601,1.3703584281980307e-05,0.3013067645081212,40.155802215923586
2014-07-22,0.9853840461227618,0.003118424526399091,0,0.43288337805602134,0.006947191969451955,1.3857089947852606,1.5361053221405463e-05,0.23665380844190279,2.597868108048383
2014-07-23,0.9783918113742271,0.0034762277781250467,0,0.3406022910900647,0.007446639616235355,1.3858970617172433,2.1402419174290807e-05,0.20139799888598667,11.73869235429727
2014-07-24,0.9363548004861464,6.413545410103097e-05,0,0.054531428625900005,0.0061975261806168115,1.386284392741914,2.6005778686322324e-05,0.16513696727606927,8.361958118678563
2014-07-25,0.9361728534016384,0.0003065244230259301,0,0.1384802448812204,0.005746174769855222,1.3862192070741894,2.375206072975705e-05,0.18011360477857316,6.940432152514671
2014-07-28,0.9311293553937623,0.0003144005667687578,0,0.015798520702844453,0.004615398315336933,1.386293464930239,2.368223929641421e-05,0.2000170573976491,7.109156298402638
2014-07-30,0.9295175263403161,0.0003226868141993481,0,0.08511525346043312,0.00546479048448811,1.3862661724724126,2.0068008605915915e-05,0.1825341189824758,3.915558098445189
2014-07-31,0.855147306551995,0.0008667153106451915,0,0.2635203579657628,0.0058795239058991,1.386055715097408,7.554268709633408e-06,0.18428252742062548,2.2903017388048643
2014-08-01,0.879931997070389,0.007644417084809613,0,0.19076473144192846,0.006489861481699366,1.3861286426634634,3.95602568567278e-06,0.13821359630771932,1.6965479248211814
2014-08-04,0.8379415754286028,0.0048483684583026715,0,0.11387210609584388,0.009342933981536745,1.3862486927044402,2.2304779849567443e-06,-0.21964661813946862,4.38606070117557
2014-08-05,0.850020240805106,0.0029888978661161596,0,0.20600656204136122,0.008706232011500455,1.3861055848846413,7.275950007629083e-06,-0.40731851860277435,7.985919666872692
2014-08-06,0.8434640644906369,0.0026368913700115433,0,0.11419830768404993,0.009881204117383913,1.3862476857257047,1.0919639266880317e-05,-0.3581498309578721,6.360659075489214
2014-08-07,0.7541166659285483,0.002727878733369317,0,0.23708404907281552,0.010527020615454333,1.386078259984596,1.6396199417110538e-05,-0.3400152495229181,58.838032054907
2014-08-08,0.7503818678023688,0.007947279338897714,0,0.474066432868971,0.010308017046459433,1.3855281919129747,2.969499193021072e-05,-0.2938899223505054,3.499492748738823
2014-08-11,0.6020033290605366,0.00675521955974265,0,0.8561660695223917,0.012300077050126432,1.3839765841747003,1.994391629887572e-05,-0.2998669603085083,5.92608408498858
2014-08-12,0.5239476222743221,0.008207768616466039,0,0.40593545397528297,0.01171627459082161,1.3856453935005908,2.912692228755205e-06,-0.28025316840881465,2.5671008661493633
2014-08-13,0.5305049670055934,0.0012625978486437812,0,0.10227640568263036,0.011385224660627646,1.386259259835039,6.838471628130868e-06,-0.2800920826792961,135.68291122293178
2014-08-14,0.5602713771404242,0.002142543327544601,0,0.036237282248300355,0.011234624751479823,1.3862901885707755,9.0949341467129e-06,-0.3307609204787424,8.664090516330983
2014-08-18,0.5538986900154498,0.0008281718308512762,0,0.5649836637978016,0.008759791131730577,1.3851370941353052,3.0058030656192102e-05,-0.34362572565922217,3.5052416352461386
2014-08-19,0.5552374043252263,0.0033913916595729684,0,0.3678619939449313,0.009330795747374923,1.3858979247301266,2.2486035013774115e-05,-0.338689179590111,39.22049226415829
2014-08-20,0.5575979956316072,0.0023144837677915057,0,0.34492399202009566,0.00799154093189438,1.3859101010364414,1.3385771357115217e-05,-0.3285071409392523,22.134127683179056
2014-08-21,0.5761468511225142,6.386145214640514e-06,0,0.18415288094938237,0.007783962753726035,1.3861797854576832,1.9951521382524153e-05,-0.37111465379302017,44.010599670004105
2014-08-22,0.7194341481818147,0.001702963836859405,0,0.17706950096508148,0.007024242828734,1.38621345577814,2.304146922698481e-05,-0.37801563810991207,17.83805442231103
2014-08-25,0.7195284149187628,0.0023414164050212832,0,0.14633654780471997,0.005413968718920734,1.3862184354475025,2.197083582712e-05,-0.39480220458020576,38.389163322654305
2014-08-26,0.7119151905505431,0.004030194682568865,0,0.4689497344298338,0.0048652574584268325,1.3855772245265907,1.8252494142583674e-05,-0.398594656156439,535.0248285861177
2014-08-27,0.7250021218363942,0.0036808611132269475,0,0.57491096070142,0.0040423712986845895,1.3853690951878546,1.0237292012587847e-05,-0.5053765642923095,1.8092835479523566
2014-08-28,0.8752334802552102,0.0007809646755501931,0,0.19062788698947988,0.003658960627875301,1.3862028683597747,1.0460217435127613e-05,-0.48784461552488717,5.5686482522819665
2014-09-01,0.8773835438536255,0.0045156146846701195,0,0.3153283363396161,0.003998130066275878,1.3859977485288462,1.2441437508131745e-05,-0.5303259296861154,1.257802493587391
2014-09-02,0.8860598117139961,0.0013568654658874353,0,0.10612189541091063,0.0034111763311260677,1.386258030792224,9.279755705695294e-06,-0.5341037087592072,3.228557522804506
2014-09-03,0.8173251054208083,0.0034334311619299038,0,0.19353253508459026,0.003101419463421567,1.3861773991315336,9.676457263238386e-06,-0.5843133148946666,11.041443282396752
2014-09-04,0.8179823607409821,4.9283044539583836e-05,0,0.2409540029398337,0.003254455930352478,1.3861063678476346,9.622797286626499e-06,-0.5432656313398085,29.70019033333501
2014-09-05,0.7558466039327516,0.0004877431052690671,0,0.18470745861660356,0.0032971087391507666,1.3861733040755932,9.047769802752825e-06,-0.533726448994254,121.12313471813277
2014-09-08,0.7543136525547578,0.0056844376575409875,0,0.4751920328402775,0.004204041251973666,1.3856028150248665,1.4675875976650202e-05,-0.5767302139984881,1.6014530540450669
2014-09-09,0.7486653118892622,0.0014691661628964921,0,0.21324247508206137,0.005603683690558778,1.386156726704542,1.4518261837473838e-05,-0.5398967546358384,21.706822687722905
2014-09-10,0.7479400483953648,0.0021365254313193156,0,0.2038081176478265,0.0056626062991257334,1.3861728001460847,1.347863440470875e-05,-0.5112755036931061,3.4347766820041294
2014-09-11,0.7320803887940344,0.0025972597770499758,0,0.18216827424326643,0.006169009642708178,1.3861767842441042,1.0756805771608131e-05,-0.5119575885996677,163.29252290325806
2014-09-12,0.6695481325980875,0.00016689918265383238,0,0.11793015120736004,0.005792149746829867,1.3862545788695222,1.0841402694318217e-05,-0.5379569066092077,30.219522451464083
2014-09-15,0.6678109254372285,0.00434597964943082,0,0.22312407220584138,0.006681352856639677,1.3861451570973677,1.0466198310850877e-06,-0.5375586445214978,2.0690074308754203
2014-09-16,0.7242945464192753,0.0006716881462283459,0,0.475370464286459,0.006994532625295989,1.3854272034309092,1.2744462996927476e-05,-0.5345658894512002,1.6506878887633885
2014-09-17,0.7035602571341694,0.0048540245068144075,0,0.4383310081724253,0.008418778274180777,1.3856444712674763,1.2014448377901101e-05,-0.5896280360080581,9.907285197066422
2014-09-18,0.8750542492692652,0.003120668582885757,0,0.716616271772938,0.009616230261336713,1.3839724718696351,2.128898083261908e-06,-0.5107347717215737,1.9449039475300136
2014-09-19,0.8723104434442311,0.0018037147408313642,0,0.17632840453053666,0.010133142021500589,1.3861943106803027,3.91388291668264e-06,-0.5005278717675123,847.6356786005869
2014-09-22,0.921670089831094,0.0045662460458835204,0,0.3441987745221527,0.008906098311638577,1.3858311862261266,2.8782167527856404e-06,-0.5298514991665647,56.235424750861036
2014-09-23,0.9136933049621088,0.0002332499384963316,0,0.39854673846566846,0.010495862903102867,1.3856131039704311,1.648463591038733e-05,-0.5786140320513983,2.332970184669949
2014-09-24,0.9193425246480479,0.0002494838875951261,0,0.21106862170778457,0.011366246451987368,1.3861197142301993,1.09956665471723e-05,-0.5523414523434572,158.4958608309416
2014-09-25,0.9634312374591464,0.0001124477356404946,0,0.07559645911291206,0.012033400523279355,1.3862687632486155,2.212256426115357e-05,-0.5244761844798668,3.0647544850631685
2014-09-26,1.022542187457001,0.003291621331445177,0,0.06829493987176102,0.012949801296556644,1.3862721619477167,1.788852547474018e-05,-0.5346187083719822,8.688605246691768
2014-09-29,0.9094838006400568,0.0012039779322579392,0,0.11242669288841267,0.013242451862610232,1.3862533391517788,1.0694376217356523e-05,-0.5233150761728691,281.8410105941167
2014-09-30,0.9140766930855395,0.0012698377766053174,0,0.19172198681385763,0.011350851826008477,1.3861389291788804,3.7293433642986987e-06,-0.5373152986022786,340.03834581823156
2014-10-01,0.9541610773853311,0.0005399967152540696,0,0.1433774187655767,0.010373903700909343,1.3862357454300962,3.444988562478821e-06,-0.4963538064429704,32.277109655030294
2014-10-07,0.9666346654077999,0.006078419926130781,0,0.19334310513485173,0.009583823005877278,1.386139874455716,2.418613694567707e-05,-0.429912574164414,1.427822670855088
2014-10-08,0.9563620222729158,0.0030163502577712684,0,0.268227467813748,0.010509049456146622,1.3860564843576761,2.5354712914848352e-05,-0.26420466466218434,97.24387778989212
2014-10-09,0.9552634832657139,0.005569249212092682,0,0.4094599361622626,0.010194035167877733,1.3857277612315078,2.1143164370520413e-05,-0.25984093428076527,1.6608221769741223
2014-10-10,0.9522472213559657,0.006243872372385429,0,0.23513841646030226,0.011704380870144054,1.3861000403161692,1.7230462855598585e-05,-0.25908587346499123,3.280829712446817
2014-10-13,0.921499668733116,0.00369005417800241,0,0.12037564323661798,0.012406177606771188,1.3862343775846124,1.3129172729579887e-05,-0.2718550803834426,56.07615324403416
2014-10-14,0.8862116219454104,0.0049343766099894555,0,0.3434768552346722,0.010972861185379145,1.3857978209507846,4.939665789925734e-06,-0.25990559494744636,60.76245499317785
2014-10-16,0.916974212282351,0.003401020473624031,0,0.05294682243163024,0.011398984684401954,1.386280569235512,2.458862811426008e-05,-0.24457395020563186,2.8191301948291136
2014-10-17,0.8260411732440558,0.0018667156690639172,0,0.1077846419194822,0.013276938002450743,1.3862479230917573,2.0537984004252842e-05,-0.2707695532923398,25.175646919075913
2014-10-20,0.8474652700247035,0.014958831568831715,0,1.415933732194724,0.013889815155636821,1.3788606901891982,1.09809523320022e-05,-0.25692195837948956,2.5582443605253573
2014-10-21,0.8587916221432856,0.0033891788295455634,0,0.19443839365347557,0.01358353114764801,1.386164866860859,2.336159837827429e-06,-0.2686685171823615,11.82992950989671
2014-10-22,0.859241562418394,0.008797216713375805,0,1.325284150337146,0.01268190255250011,1.3808541097390679,1.789153481658007e-05,-0.2834588667521018,6.952304596319893
2014-10-27,0.8390945478861298,0.00852422718100913,0,1.3056048537457707,0.011896803425492545,1.3803341287075024,1.8552553336076755e-05,-0.25866150679781374,1049.1513590010854
2014-10-28,0.9165236573616302,0.0013379569418815794,0,0.10805538072516999,0.009382890104451877,1.3862616629970903,7.400247375200387e-06,-0.26264279896622006,14.595454245647998
2014-10-29,0.9144328904990983,0.006141066429612243,0,0.6630786989935977,0.007995339642553355,1.3848642638856057,2.2037164064195544e-05,-0.2689459619580563,3.1548013999779285
2014-10-30,0.9031899854362054,0.0006491238444901753,0,0.5176109588555542,0.007576375738662721,1.385348012558806,2.8129479805852965e-05,-0.3273000582164507,2.646081481825314
2014-10-31,0.9014353197674289,0.0038606779015151653,0,0.62797387704801,0.007199258316533722,1.384805283712611,5.022853378162955e-05,-0.2640631257186418,1.5083076212631799
2014-11-03,0.8963390375177477,0.003113337795712737,0,0.41702392955764334,0.007135850614467678,1.3857274739673158,4.1021639304634234e-05,-0.23539004962988677,9455.219892877902
2014-11-05,0.889775611286796,0.0032502527792069107,0,0.38537194480197257,0.006334442282513378,1.3858510802898742,4.097663316266225e-05,-0.2792207207680155,174.00450072520616
2014-11-07,0.8845637109347186,0.000773861766224686,0,0.21604622977150992,0.005805312010131922,1.3861326147794553,3.336039237664172e-05,-0.24239213829993236,18149.182684314565
2014-11-10,0.8894166435001558,9.592974997972783e-05,0,0.21447349576979588,0.005647869365114045,1.386128954286216,3.119893273939774e-05,-0.2140838686674834,460.61627020571706
2014-11-11,0.8314675932193283,0.0011797106597640262,0,0.1768837255442608,0.004786589913745289,1.386193775209772,2.7023070963667314e-05,-0.19027106552609951,1.7665271215852214
2014-11-12,0.883481960755787,0.0019412783577325468,0,0.24666107285267272,0.004259479872181556,1.3861136385973525,2.784206535545098e-05,-0.23047489338658309,2.4002188698714204
2014-11-13,0.8823918549306853,0.0026149021893241467,0,0.22641768410093696,0.004502809254747612,1.3860989251023828,2.550937892201646e-05,-0.23013394458025413,2.267168212864496
2014-11-14,0.923297057174886,0.00034100875954255733,0,0.07790680566085557,0.0050561477783126006,1.3862760002775976,2.2489109075888205e-05,-0.26982531057381326,2.428982257974506
2014-11-17,0.9232226778166228,0.0013716359162465849,0,0.05039955751170272,0.004185101496897611,1.3862849814492102,1.8410078667373327e-05,-0.2613159804156026,2.4763070053572265
2014-11-18,0.9478939322488372,0.0012446658790355575,0,0.11557779479253164,0.0027530052322324115,1.3862546692745508,2.8339730806105046e-06,-0.25075107606834046,162.79586031037772
2014-11-19,0.9179797354174377,0.0017490243205531845,0,0.12790384932597001,0.0031028474944272,1.3862326475460625,2.1328465283241387e-06,-0.21047624602475612,2.7765243541737874
2014-11-20,0.8690392905004831,0.0028828995943611553,0,0.4358171095137822,0.0037327775392357442,1.385644771857453,2.350612946818646e-06,-0.18925575555056517,13.004985179345837
2014-11-21,0.8587113966962869,0.0007495261494985557,0,0.22028072342967217,0.004352688835575122,1.3861237052805764,6.6761137125985805e-06,-0.19647382545779926,1.7043451859055043
2014-11-24,0.8175195751331007,0.0016030585275614117,0,0.5123177903542958,0.0045079454512971665,1.385627485347809,9.320795310758013e-06,-0.21224092421962013,3.921253100194547
2014-11-25,0.8271849513790335,7.612870975878149e-05,0,0.03965525179184558,0.006045408773939467,1.386288242426875,6.327668890165167e-06,-0.20113065615063044,3.4222332358606193
2014-11-26,0.7905781816463407,0.0015135700183891898,0,0.11568579282009424,0.006476355270998532,1.3862506452467893,5.793573448683153e-06,-0.19759713906707962,84.46317474709652
2014-11-27,0.7162347252865507,0.00024181421839130517,0,0.16145102239761,0.005788898098271855,1.386215948905545,8.224369502343952e-06,-0.19349193432595438,39.699801068372864
2014-11-28,0.6655194967261264,0.0026570598637398997,0,0.1319441326043175,0.006656378473789288,1.3862300204303724,1.3728066698826619e-05,-0.22720662864967647,1.8889717348035884
2014-12-01,0.6550835768231655,0.0019600153724574814,0,0.17361469760378406,0.007695572695449122,1.386189924983774,8.979229413242336e-06,-0.2055165090832074,14.375046381130112
2014-12-02,0.6440107057647573,0.002393047286576376,0,0.13974607592598723,0.007196452201226088,1.386232797756298,7.324890937366783e-06,-0.15719294438936,11.673299396756015
2014-12-03,0.6689310539964491,0.0004691146612091254,0,0.1782277497926885,0.006935080365494433,1.386206531455475,1.0787646927138348e-05,-0.15188871696694237,67.64441041903964
2014-12-04,0.7097883641373782,0.005227800137917319,0,0.18823120887906744,0.006380187055203299,1.38615219737989,1.1277864388703227e-05,-0.13575430186099063,16.44462167803638
2014-12-05,0.7127085277547829,0.0023150064626401134,0,0.37581694459585413,0.0067634873296517775,1.3858358527766625,3.9449389555003424e-06,-0.07886889096091548,5.259193310839767
2014-12-08,0.7373076976594412,4.1059549104487704e-05,0,0.54133448845082,0.006167276378785512,1.385222889643375,6.914056440535807e-06,-0.05090251625078122,1.2501434250989443
2014-12-09,0.7607683626125676,0.00012440249929676243,0,0.4879941590759431,0.0051421689193912445,1.3854110222394413,1.0071229036369428e-05,-0.05535226047552149,2.185894186976648
2014-12-10,0.7582546953856633,0.002719340236565765,0,0.37865196645834154,0.006557480586706878,1.3858211403207121,9.886786724288376e-06,-0.07472236963583326,92.43486390456806
2014-12-11,0.729830754712426,0.002012733166227917,0,0.11814470533853264,0.006612161710248811,1.3862469988356128,1.690047318264313e-05,-0.014496352204545251,6.044630926605456
2014-12-12,0.7267888922840511,0.0010966754934120626,0,0.22436876614452866,0.005057438808874911,1.3861018037033908,2.3503466040461785e-05,0.0013753177222500341,5.814790601787073
2014-12-15,0.7800752919278092,0.007732744157262998,0,0.6581543005770814,0.005908892667682988,1.384567132023768,2.2279625645875325e-05,-0.02809115443957646,884.4278626409409
2014-12-16,0.8008525658595285,0.00573439091153429,0,0.2308587129640977,0.007347430957343133,1.3860712493610767,3.98243164800526e-05,-0.13934416047321022,1.3723787373949077
2014-12-17,0.7932716849206785,0.0032777023116381024,0,0.21086413224820016,0.008720619108262365,1.386099443274705,4.176096671899077e-05,-0.09658468588021704,22.532151152708845
2014-12-18,0.893111079281251,0.013495427024246144,0,0.7732701842903531,0.01033336500990321,1.38370415498778,4.5821658494608275e-05,-0.09369221574647577,2.7196411567598973
2014-12-19,0.9073272189950667,0.0086823578867609,0,0.7275677721338417,0.010246669557572377,1.384438837533076,3.84925093156052e-05,-0.13341928174690135,10.684922283198642
2014-12-22,0.9080804556721778,0.0036164411612420624,0,0.08621714361226533,0.010661870050032766,1.386265885133273,1.4933521180022497e-05,-0.1269825794153399,5.847624536471549
2014-12-23,0.7983595401635587,7.203120854945783e-05,0,0.06194944015080054,0.011261079848395144,1.386278732396845,9.368524465084547e-06,-0.1545686798825424,11.278745245184693
2014-12-24,0.8104932610265855,0.0006106523535578157,0,0.22954143290852458,0.010716720886780377,1.3860752371432812,2.4140763089249717e-05,-0.12077002498688207,4.996861303622546
2014-12-26,0.7982021330870132,0.0037486941327500656,0,0.1958497974430488,0.012245303176847421,1.386146405641678,1.2226812312861176e-05,-0.12177316996391123,37.209674897510325
2014-12-29,0.7602512714003187,0.0017057157378108558,0,0.1963058682638855,0.011635582087722978,1.3861663290709179,2.911071381119131e-06,-0.12076574257060924,11.66922819880684
2014-12-30,0.7842389914349664,0.001696291627382998,0,0.22570490311015087,0.010212300025180098,1.386137568172438,3.756154192586954e-06,-0.13456316193445503,3867.998498786809
2014-12-31,0.832795246234877,0.0005274763293842724,0,0.38864816064584384,0.009097023715488269,1.3858737543740807,2.235688877256595e-05,-0.18059641785909689,10.73250529048163
2015-01-02,0.8073233884970101,0.0007241391941243597,0,0.4824797162771732,0.00783676869163579,1.3854124239697159,3.874731519532597e-05,-0.14784595890822055,1.3212594991043123
2015-01-05,0.687199048870183,0.0014877943767543486,0,0.1262789077573718,0.008681136730582788,1.3862362712738934,2.0858858459756114e-05,-0.1429895304571221,56.893252893964906
2015-01-06,0.7267012708185802,0.006357964306516043,1,0.6129946484648716,0.011402601860638387,1.3845411864567625,1.531760648238e-05,-0.6959932061641476,1.220825879571399
2015-01-07,0.7253917271695537,0.0010710570163993518,0,0.20428408945696036,0.012346930587748387,1.3861378743366697,3.2257800365824885e-05,-0.691483878965009,117.69016086544785
2015-01-08,0.7458870488910568,0.010961512116529308,0,0.6911569016379051,0.014002846051103891,1.3844664363410402,5.186888223785233e-06,-0.6907448619388925,5.264471435242181
2015-01-09,0.7795448991721311,0.006156246154099003,0,0.4005181742630357,0.013517281669851534,1.3855736203714248,1.710169425233524e-05,-0.7241269052866833,33.943551167149934
2015-01-12,0.7764549947256728,0.0008264565529118826,0,0.15892251102303268,0.013418275880336977,1.3861988231121993,1.8915764464227013e-05,-0.7779006105742137,58.44199226859819
2015-01-13,0.743955489624886,0.002777634728436123,0,0.18806698018752024,0.013659095758559399,1.3861597071062317,8.188214204272438e-06,-0.8172939960372536,42.03004512344555
2015-01-14,0.7476288138425315,0.0009453574050105652,0,0.130160418921851,0.013244843551355467,1.3862298248217706,4.538558567077442e-06,-0.7824021561147734,48.36701360027678
2015-01-15,0.8111994732543777,0.017597119999573644,0,0.5243525091029015,0.015368629327648967,1.384935240016961,3.815655175809393e-05,-0.4500856820426058,1.1094228960592973
2015-01-16,0.8192121476281194,0.001164760394387298,0,0.2079343592742299,0.01625377601919481,1.3861365824516632,2.049087956332392e-05,-0.48478634840642776,132.81173938257396
2015-01-19,0.8438837044766397,0.004248754573164484,0,0.49251602453060267,0.013323223215796055,1.385577640761543,2.9741078507226994e-05,-0.4859830136982406,37.76088220767815
2015-01-20,0.7785681172273745,0.0028494354540603293,0,0.5661288920114544,0.01167529637727519,1.3850876412538975,6.616820856516489e-05,-0.44235948481496484,3.4726927302277852
2015-01-21,0.7977974342530942,0.002762038620174352,0,0.23376033566288063,0.010961948696994477,1.3861236427892998,6.892706969173035e-05,-0.43354579786635555,65.3101034189722
2015-01-22,0.8615222738917607,0.0018711630394586374,0,0.11135790243018602,0.009857886897944444,1.3862581112982888,5.431857420554231e-05,-0.41929216857398616,25.167210605692873
2015-01-23,0.864776162254459,0.007567092590538911,0,0.5036679281919393,0.010233494424773166,1.3853711327779148,5.6592372012799285e-05,-0.45705429781825035,5.633371222955695
2015-01-27,0.8550060649616745,0.0040379681597550445,0,0.12980342773977313,0.009403739358637968,1.3862289628895226,5.990579419772955e-05,-0.4675515664116081,6.359986043187473
2015-01-28,0.8551364586051491,0.0008701388560748584,0,0.2017253667468152,0.010271717298358709,1.3861278406543036,6.030697781543073e-05,-0.4359113174150494,940.7374504273727
2015-01-29,0.829314551964075,0.0014369051100856778,0,0.0644074533212031,0.007534603293030067,1.386278213732207,6.118677040187266e-05,-0.42503117000163454,9.591401165519738
2015-01-30,0.8908965502541852,0.004930660743313451,0,0.5292743487315185,0.007189337621540266,1.3848886287777096,3.0299055955277313e-05,-0.47820519822754864,1.6158668799339533
2015-02-02,0.8360925348029316,0.0007268463341719188,0,0.2171154193314781,0.008615209938028966,1.3861193634674136,2.7750521113511016e-05,-0.46891543937770563,206.3924092844576
2015-02-03,0.8381305196456605,0.002922725702513697,0,0.19160527452559414,0.007600636155587089,1.3861473552404269,2.09681724715474e-05,-0.4322294831635153,13.970003994592597
2015-02-04,0.8301634613424235,0.0037160812153887142,0,0.4663768381057617,0.006265399254409433,1.3855014620378565,2.372189556257262e-06,-0.41118077299425926,22.410057756947975
2015-02-05,0.8152566227565977,0.0010768772141526673,0,0.23490953474105616,0.0065030268182959565,1.3860297738655076,1.4811402515319114e-06,-0.39797732018661225,158.49988933744987
2015-02-06,0.8235298233599022,0.0017061259790680054,0,0.10546675298662073,0.006466245171678601,1.3862551762693731,8.428227535142291e-06,-0.3539631375642694,2.1584988315532807
2015-02-09,0.8108812644733335,0.008889291717755597,0,0.4320251013129984,0.007559069169765935,1.38558873932412,2.766506568601588e-05,-0.32060346817134855,1.2917635161779135
2015-02-10,0.8461305202940036,0.005675000568698696,0,0.24223369334026248,0.008919800395174211,1.385992620878544,2.833363334602625e-05,-0.3598440430492835,15.054546897201877
2015-02-11,0.8724795615880946,0.004397506145511459,0,0.12799184762357077,0.008783682924193221,1.3862421557732225,2.5895563827408165e-05,-0.36905021152897977,6.846033048557775
2015-02-12,0.8900566279432345,0.005726876586968341,0,0.2120254127134576,0.006794665960266923,1.3860906592788567,2.3572968261666796e-05,-0.37390309564058083,4.741432982039415
2015-02-13,0.9006412753947526,0.0034320906714741693,0,0.13975935648470972,0.005258364148988133,1.3862252610012227,3.155467853501806e-07,-0.4033006824246674,4.586825026688203
2015-02-16,0.8204070547461935,0.002937070422834097,0,0.146817996661015,0.006029673359738533,1.3862184311681125,1.1077805739671305e-06,-0.4338398117878139,1477.5436145663928
2015-02-18,0.8250318044257592,0.0002497256550002295,0,0.06944060954057464,0.006632647867710356,1.3862775855440321,1.0491638667386389e-05,-0.4497591465323749,6.717230515048739
2015-02-19,0.8097524899406479,0.0015716629979476476,0,0.25366677082876776,0.006791308686768766,1.3860168475432435,1.564192142820166e-05,-0.43544630898241493,30.325915422898284
2015-02-20,0.8216820455781253,2.250548763475034e-05,0,0.18837553085409198,0.007397492976133433,1.3861742690251337,1.1768111090559745e-05,-0.3728993551192064,4.501710304279665
2015-02-23,0.8039322962553244,0.0026285384954451477,0,0.34505161881162033,0.006524080693108988,1.3858052087522506,9.50436195217004e-06,-0.370437043023548,2.288187095636623
2015-02-24,0.7314483435692447,0.002048191990194828,0,0.14819125646056525,0.005357189096256556,1.3862180214715876,1.7985863626654445e-05,-0.3668393778010648,275.3816011672848
2015-02-25,0.7304724635309907,0.004532093984882198,0,0.20339477084337676,0.005092826943952933,1.3861379753446208,1.5339107881777794e-05,-0.3585382072803507,400.0545709674315
2015-02-26,0.7309981796992874,0.001339317718190722,0,0.39806318220044556,0.0059410841704643225,1.3856913439188947,4.764835122287897e-06,-0.29269598791229084,2.4168322984347377
2015-02-27,0.7310693348585896,0.0052431607047737664,0,0.33711359581659317,0.00892775541959109,1.3858414349995036,1.3404818914197105e-05,-0.2714049354689669,1.5122992676935714
2015-03-02,0.7841714863084236,0.01227650462870435,0,0.8526240109095795,0.008422423877769378,1.3832379898554246,1.545956375753404e-05,-0.31457639338793364,3.700803909842495
2015-03-03,0.7174495805743631,0.0006807752118951254,0,0.13000360544565182,0.008631025142177567,1.3862342992537473,1.910982301875748e-05,-0.3278827368147675,31.310211327350714
2015-03-04,0.8499865449968214,0.01247162190012919,0,0.7327692616290729,0.009609386666354235,1.3834516510313855,5.703530580833179e-06,-0.27601898252750273,9.978978347669324
2015-03-05,0.849383301878553,0.000756215675653601,0,0.24521602447491478,0.009608882180386078,1.38604696781861,4.498227913074726e-06,-0.3007994865268145,204.58716387301328
2015-03-09,0.8493485578976729,0.005227435732924897,0,0.49365449172539166,0.011849662411249991,1.3853291091116353,9.95491236191021e-06,-0.36249216537638884,1.5936238855124563
2015-03-10,0.838933848939069,0.0014834681635314652,0,0.09454072404431148,0.012469854300246956,1.3862599030439686,5.47885740132907e-06,-0.37832520023872335,20.406470400786752
2015-03-11,0.8376508767261381,0.0019150727722950552,0,0.09232138099712546,0.012858662922802735,1.386265124273356,7.934514041125252e-06,-0.36183441987874915,267.68004369329145
2015-03-12,0.8726393917549518,0.004667301334645528,0,0.2726166532161839,0.012852811633340355,1.3860691082839331,1.1511884801252897e-06,-0.42762914583770034,6.934745258208268
2015-03-13,0.90780102171327,0.007724171472662471,0,0.8122021122474786,0.012355544254860712,1.383071200635403,5.049461970659782e-06,-0.42929176616564424,3.41064539725434
2015-03-16,0.9260871499494637,0.0010401919513998677,0,0.11322553234609847,0.013165557916170424,1.386255469423893,2.462328445744569e-05,-0.4232425122406275,113.29190752326804
2015-03-17,0.9174712643498077,0.006459832101559394,0,0.23786569250879155,0.013596422778559979,1.3860559891980135,2.5964372008533178e-05,-0.4598159921198426,3.75464071450295
2015-03-18,0.9056471044655229,0.002244402783230141,0,0.27782738012818264,0.013826359954390967,1.3860199447665755,3.341787006824195e-05,-0.4617278178263978,22.843969279895344
2015-03-19,0.9399414043206107,0.007289797334421315,0,0.32659646161958517,0.012905880429637423,1.385772763050383,3.090684835030879e-05,-0.4335657819706393,10.878444521141386
2015-03-20,0.955822120579346,0.0007820397378757157,0,0.17109956755830485,0.010610624192785877,1.3861986892306104,3.908402362983617e-05,-0.36769479579478004,3.9909843386228125
2015-03-23,0.9663872766276715,0.002406349185778811,0,0.2164192940398136,0.009469836439908544,1.3861380044453298,1.7527937709537057e-05,-0.33160920182364084,40.63245093333567
2015-03-24,0.9517743187327565,0.0016210942579310097,0,0.4086065584962125,0.009211846911833266,1.3856168851049548,1.4336265599768486e-05,-0.36062695476752044,132.5858759810974
2015-03-25,0.9566859844157083,0.003033010962256377,0,0.4554447307633235,0.008145166689650311,1.3856324628955328,1.4360200394416355e-05,-0.394702510653346,48.517759977992164
2015-03-26,0.9499699499118839,0.0065683442563655905,0,0.22224250696856485,0.007868926712683154,1.3860677550329987,4.430396076950209e-05,-0.42895080667186386,1.126510643702886
2015-03-27,0.9794606572510351,0.006434378220388437,0,0.28172755093443264,0.008895628788388787,1.3859115410693854,2.9387851140649438e-05,-0.4053220829238454,62887.39593634714
2015-03-30,0.9822767011820612,0.0059226525615146,0,0.6115660248467144,0.009555724893988624,1.3849649609596255,1.750432779325195e-05,-0.37253300522854393,2.564719044103029
2015-03-31,0.9821691130197614,0.004148068615934218,0,0.21020952568633228,0.009933190282349489,1.3861196605149608,2.646732974605689e-05,-0.3526522174070555,35148.33211211897
2015-04-01,0.9467412035973873,0.0008600805968298251,0,0.22376147031721214,0.01100952930746488,1.3860839143770713,1.2349911015381034e-05,-0.3625553584568173,7.601804098779454
2015-04-06,0.9304539723386466,0.003435617741938345,0,0.11169251274523034,0.011134149709266981,1.3862468108078947,3.2006756117554186e-06,-0.4017528138855103,7.112487329517411
2015-04-07,0.8085007955784682,0.0028308723305268562,0,0.277452244002227,0.011514236747126776,1.385972105855152,1.1027767057401598e-05,-0.050961140536846514,243804.97967227158
2015-04-08,0.831887652415249,0.004453009720175732,0,0.3339613396520506,0.01204483563914586,1.3859459338654117,2.021015478809053e-05,-0.09799792386275863,6.090416713944101
2015-04-09,0.838904369376947,0.004785168574175415,0,0.3366901702589926,0.012109861813553995,1.3858230445760509,2.9203245766065097e-05,-0.12496708868718752,5.424784498345018
2015-04-10,0.8898330492459088,0.00045009676727469515,0,0.27216783672131306,0.010569147989026284,1.3860604555901745,3.081541166995595e-05,-0.0959102979452077,3029.763033879644
2015-04-13,0.8827273751514079,0.002434339660074711,0,0.1377513991793965,0.00874537225427865,1.386226699632288,3.415968847873849e-05,-0.10181459528260864,3.484987442724758
2015-04-16,0.8486959934650565,0.00874884523606642,0,0.1610055732527328,0.009032938068325884,1.3861864237931254,3.712353251909502e-05,-0.1091363630533079,1.6138078609374993
2015-04-17,0.7472214922873037,0.000994026497051623,0,0.5454049994273628,0.007344050619349749,1.385268920376261,1.1346629049482935e-05,-0.09431204198193481,3.225824460787516
2015-04-20,0.7384362416725945,0.0014862067703156517,0,0.49822991330807226,0.006852551542699015,1.3851293239123446,5.374082458010191e-06,-0.3675377065475896,2.117406730329797
2015-04-21,0.7318118717979096,0.0037950261368285268,0,0.12395624323663622,0.007690530107281792,1.3862294832438682,2.4592369912630245e-05,-0.31419466091913906,11.383191883803303
2015-04-22,0.7658992156992995,0.00269998824157011,0,0.24264352678462428,0.008362635501934208,1.3859935833392856,2.6241631060333355e-05,-0.31889823072850965,20.857786463003176
2015-04-23,0.7408684328121797,0.005736978797189358,0,0.2463056238168056,0.008777339898330223,1.3860139781742733,2.9783424231023844e-05,-0.3486559810756346,43.103932637292964
2015-04-24,0.7028061728073833,0.0008807892291631003,0,0.1749406376930162,0.009480803563023511,1.3861622078431877,4.518043021109389e-05,-0.2833572695785094,4.7459292321726885
2015-04-27,0.6872166642405356,0.003041612004162346,0,0.6587286597533204,0.008702675203118234,1.384556572156359,5.662104768635303e-05,-0.2198928569621721,3.008253507404669
2015-04-28,0.6872539421939735,0.00021303338820183502,0,0.05688756572851658,0.010249050087281188,1.386280799406689,5.583758500593827e-05,-0.21936937203019688,4.945508238308977
2015-04-29,0.6830477015697468,0.001304292964016695,0,0.13722270847520793,0.009543012514336355,1.3862238870923465,6.050126327994596e-05,-0.16694129682678568,11.925102005798614
2015-04-30,0.7001514770890491,0.0018524991252180478,0,0.15642164219823784,0.00939453073476371,1.3862049812896433,5.150729916448947e-05,-0.12751303360951233,8.01872674486854
2015-05-04,0.6577545412956858,0.005916558386223852,0,0.3081479620964915,0.01144249177218691,1.3859205696888202,3.571086222520129e-05,-0.038711194437646756,1.8416566493743425
2015-05-05,0.6744233797297029,0.0007738524275346403,0,0.1848416333387593,0.012434115645485922,1.386171779902928,1.4177152864191764e-05,-0.053073670420340564,664.2750520306887
2015-05-06,0.7465140284983302,0.0009855175964673787,0,0.5359766569809421,0.013805543037168454,1.384810297477894,4.314749359333719e-05,-0.25379787879746685,1.537672646477158
2015-05-07,0.744154765898149,0.0024731062438179976,0,0.2076207928082761,0.01524070744904182,1.386103904669987,5.513445050247677e-05,-0.2524817284389353,48.72294762192171
2015-05-08,0.741302171060471,0.009166919822198583,0,0.15346161547070272,0.016798948211005364,1.3862004257509306,3.4677262244214e-05,-0.2405764254894996,5.129349568920389
2015-05-11,0.7393651804383492,0.0062916104633784714,0,0.24433690969215355,0.016827089824520955,1.3860660205691089,3.5320315209795854e-06,-0.2316926672347081,5.069829654107786
2015-05-12,0.744816904922761,0.00010814593424642557,0,0.8566913804987351,0.01910795600508318,1.3829601027173049,1.7317505940721424e-05,-0.29375767945615006,3.287026999143131
2015-05-13,0.7748557588670701,0.006695871891501396,0,0.18866516917011675,0.02167653971036822,1.3861131115150707,1.011104568823401e-05,-0.3494435516751922,7.484189436328793
2015-05-14,0.6835913290160447,0.0003643451760122195,0,0.35374592001787897,0.023130296195004743,1.385767390637327,3.1298229919652205e-06,-0.3248335976268694,692.5354589211104
2015-05-15,0.7151260357881479,0.0019556760917496425,0,0.13041202606449578,0.02098345151477607,1.3862366938381063,1.616668054316963e-05,-0.31969358908972884,48.6811853149005
2015-05-18,0.7245601121393481,0.0027316360080189978,0,0.2622699761534764,0.019835936623350744,1.3860332683198278,7.957871671378973e-06,-0.3078828252160868,5.358247864129434
2015-05-19,0.7106824847416978,0.0020861156591075593,0,0.20597319619132742,0.018441485600738616,1.3861273500307487,7.80327714556585e-06,-0.2815623769502312,414.98390673737117
2015-05-20,0.8103112846588398,0.003222286521107068,0,0.041976548692405496,0.016773403372532834,1.3862892372017064,4.9455267433571484e-05,-0.3024862584204257,5.316885646462143
2015-05-21,0.8375174920769753,0.0013346978891108476,0,0.18899700267187958,0.015183973741493816,1.3861737079277934,5.402664725757438e-05,-0.27841068246411527,3482.2364873136953
2015-05-22,0.8465818864499668,0.0013647019058132188,0,0.18469991173392672,0.01567743312111018,1.386179820643416,3.6893110430791424e-05,-0.28359948907248506,12.233132676539181
2015-05-25,0.8483389776790946,0.0024619389684751576,0,0.4600882028362627,0.012870148256436087,1.3856274293409572,6.056064963997357e-06,-0.27250235143916407,1.6145253202779877
2015-05-26,0.8612177942351855,0.0008179932845129286,0,0.131679423154599,0.009478276023540223,1.3862394785232208,1.9320885840229012e-05,-0.29417299589095325,14.048510470306997
2015-05-27,0.8395149050606167,0.0043984436146467095,0,0.3344022832014876,0.008200441144912845,1.3859084098540158,7.790823150103736e-06,-0.2877165530857099,447.95204801233695
2015-05-28,0.835808609504948,0.0013309817816482238,0,0.14992829224741638,0.0076791900112633555,1.3862064394524825,7.4887327929984955e-06,-0.2759631811784258,42.41125168318963
2015-05-29,0.8407830033212752,0.0009731540966692523,0,0.23891369193387466,0.008435646404700577,1.386056527265984,1.5616257071049158e-05,-0.3277077267307373,1.6865852326990987
2015-06-01,0.84413519123866,0.0019465305026100182,0,0.19031660035688625,0.00836681773376416,1.3861736324442497,4.61530245820913e-06,-0.36502729680341084,232870.32894014765
2015-06-02,0.911662248830212,0.0011139255194463772,0,0.8705073057487335,0.010120537082969323,1.3827985247485288,1.571554843548158e-05,-0.3657896336822849,1.3423798992283338
2015-06-03,0.9129534685284175,0.0004857640745623611,0,0.07707092544813841,0.010578358678475978,1.3862680705331694,3.5322569937743117e-05,-0.3001569049741574,5.887618855807855
2015-06-04,0.8469836138946416,0.00246157238980923,0,0.29623989884387386,0.011363978170013422,1.3859207615871116,3.557351181954918e-05,-0.3356989554867805,3003.728052749203
2015-06-05,0.8438868186502175,0.0014154022890266892,0,0.26983196052171693,0.009850489835429778,1.3860027563881294,4.059569788238453e-05,-0.3194576003548728,185.66112529002072
2015-06-08,0.8414818220722499,0.0011884812603593783,0,0.35502032047494103,0.00984223941965821,1.3858254564413168,3.836970110350335e-05,-0.3053062857342429,10.388275874552523
2015-06-09,0.8663653281349277,0.0021965395982638703,0,0.1762587979258076,0.010164004506634789,1.386195673024489,3.744466766457798e-05,-0.3172358262360241,32.881127923447806
2015-06-10,0.8087269398655973,0.00021811542396821113,0,0.23736379216032763,0.011724477801753055,1.3860618989219708,2.803781767920573e-05,-0.3322452429870621,1.5491029237406424
2015-06-11,0.8402704885040223,0.004035150269182551,0,0.9155463080114488,0.013597425839327956,1.382415980804825,5.318456569242761e-05,-0.28089315052256486,1.6320495968049715
2015-06-12,0.8643252612317722,0.0006907291778087851,0,0.09408848967677273,0.014515283084323018,1.3862662759524964,5.942761591873319e-05,-0.33983724970328866,131.9939245729119
2015-06-15,0.8533676143321889,0.00046340779344581024,0,0.19144531143199384,0.012079057516275466,1.3861399359992703,5.666062911377265e-05,-0.36257725189166184,38.485244754236476
2015-06-16,0.8569964947268333,0.0012110934702242839,0,0.13248331503368066,0.010860624271571143,1.3862208941309855,2.1561098133098902e-05,-0.36131102739104093,33.99702139702696
2015-06-17,0.8560899932579924,0.004574956449940315,0,0.15436025198190256,0.009692887848945512,1.3862024984421804,4.744073650203008e-06,-0.400668498578061,15.243081206879367
2015-06-18,0.7928654747250843,0.0027337318979577994,0,0.1632563211734922,0.010060823559090378,1.3862009343306707,5.104675884742976e-06,-0.4469177114076354,1.6447764030920784
2015-06-19,0.8245892668662945,0.0032426381009872766,0,0.13958831700988286,0.009761104212551601,1.386233048100596,1.2924383272569832e-05,-0.5026171846709829,5.420241027263667
2015-06-22,0.7991806188847106,0.0041675731795170045,0,0.3397855957295481,0.010127252805503778,1.3858657442178954,3.693577403262647e-05,-0.5045553596687403,1.7921707969067535
2015-06-23,0.7777924354886031,0.002910914873231618,0,0.2400423292266455,0.009761958433799033,1.3860973361242406,4.1775813323164106e-05,-0.5227022404665754,36.55690500157472
2015-06-24,0.7528322043842235,0.0021274829449651838,0,0.09026745149400552,0.006812552260669088,1.386264731471795,2.66120791429735e-05,-0.5175220623035531,65.20059575979461
2015-06-25,0.7530222148908271,0.0029465748841343165,0,0.2784625931410473,0.005137920624131911,1.3859990519423353,2.5293280757874794e-05,-0.5472346000497239,15.977758887253316
2015-06-26,0.7756834113809976,0.0004823507357888636,0,0.2194501548685157,0.005668260097710189,1.386128350961647,2.554400120507686e-05,-0.537497213674158,69.10110019793657
2015-06-29,0.8831019196961101,0.016123587227281647,0,0.6832607892256515,0.006247302895054477,1.384003702478336,2.445677939997742e-05,-0.5400989916206493,1.734030438326476
2015-06-30,0.8808721915841422,0.000246565924993075,0,0.09919932981032371,0.007601662824327056,1.3862604653916346,2.5820924013529875e-05,-0.5616457991081688,3.391162872505669
2015-07-01,0.8153502620660159,0.0009256633336878265,0,0.10115633607593158,0.00752612091197529,1.3862543886369696,3.0029971239901736e-05,-0.5652925185195631,2.1494437283624
2015-07-02,0.8295684787735063,0.0022334296580902285,0,0.33788060769320427,0.008297911626665223,1.3859558174945583,2.186881096137202e-05,-0.5391102224575606,213.3477075222259
2015-07-03,0.8242230223709346,0.000568644522281743,0,0.06619540136703092,0.0078945730651109,1.3862796085761653,2.0753124588606483e-05,-0.5569712077017951,9.70731414401147
2015-07-06,0.9369442969753996,0.011706577027750222,0,1.1960327668706503,0.0065928596419229215,1.3801455008236954,1.0285892313370243e-05,-0.5533029004057929,9.357407280724141
2015-07-07,0.9456749989397528,0.0003929702148218587,0,0.19357289073390727,0.006575123759749699,1.3861615728293835,7.97026256449358e-06,-0.5251000152997637,81.78832002508213
2015-07-08,0.930012815886003,0.008448381739695842,0,0.17145097394854963,0.007605529501968044,1.386175071324319,2.0905261887816866e-07,-0.47763601438575365,1.1441987405273442
2015-07-09,0.9292923647964184,0.0002151859776167011,0,0.10845675091474657,0.008375633973435532,1.3862525334612297,6.542693168607102e-06,-0.4371434335230573,21.481127012469706
2015-07-10,0.8378820207060224,0.004450688344769146,0,0.44876066602309894,0.008650520016125455,1.3855857308680422,1.963286173224493e-06,-0.5051725174508728,24.442806596126186
2015-07-13,0.811981582721205,0.004380080250984769,0,0.043005396564199785,0.008032184870591466,1.3862867192599824,1.4091277731547158e-05,-0.5680823113858023,3.450530177267109
2015-07-14,0.8298791422522267,0.0012934505133138138,0,0.16503078171926852,0.008964635801341277,1.3862073084517221,8.39682833135867e-06,-0.6055682955023662,1109.0094258761212
2015-07-15,0.8527377760449686,0.001099545699666446,0,0.486396747146688,0.008725737891174534,1.3855860112066654,6.7052919370729396e-06,-0.6720725931584154,3.537663228075445
2015-07-16,0.8743610867731444,0.0026187069621678707,0,0.37667678909874014,0.00827405670093961,1.3858542880574356,1.6244266682415953e-05,-0.6703882988229417,3.2887292466690807
2015-07-17,0.8981670210810234,0.0018106849612038848,0,0.13281512317057803,0.009305349857125078,1.3862411531967065,1.234267017708191e-05,-0.6920556032738052,6943.444297680089
2015-07-20,0.8715103572463792,0.001630612532188114,0,0.30903411769460204,0.008776381185687031,1.3859645813416166,7.977032949929047e-06,-0.7423755446389556,298.77868543844704
2015-07-21,0.8815600374370571,0.0002267016525724567,0,0.03455764528065308,0.007855813269576899,1.3862892938713272,1.9533524600908224e-06,-0.7506012999472084,3.2078082802487207
2015-07-22,0.9053451253910358,0.0020186015427938703,0,0.4558711256987328,0.0086763193167145,1.385428680610266,2.2658864977098247e-05,-0.7386811351531896,2.1696346149258994
2015-07-23,0.9068537665598969,0.0012096919937524043,0,0.16749912737048717,0.009701982731919698,1.386197283480759,2.233733265197417e-05,-0.7412917039672703,9.630160084981478
2015-07-24,0.9108386288906948,0.00019203852017449135,0,0.5163053843554092,0.00914129778032282,1.3854621848193416,1.529470086977775e-05,-0.7371453795194985,4.896291796354608
2015-07-27,0.9046812458055831,0.0034619526956774674,0,0.7135442951061028,0.008986071705165624,1.3843693212947832,1.1225109377909226e-05,-0.7558916624762662,1.859741187502275
2015-07-28,0.7642625637688574,0.0012072137791852631,0,0.0691489564775303,0.009794792245787144,1.3862776124775904,1.3365188565328296e-05,-0.7445892776786363,73.38888969351568
2015-07-29,0.7692340463115174,0.0034245731795645184,0,0.41437662692022237,0.010439610551247777,1.3857709375947973,1.6264398966620925e-05,-0.6461571469178307,23.156485621422352
2015-07-30,0.7710794615528271,0.004996445707633057,0,0.33074026507801113,0.009482549439745677,1.385945839864286,1.9090788978293324e-05,-0.6986476138443046,15.664601083896246
2015-07-31,0.7561139619157423,0.004064469287931765,0,0.2146673635920635,0.010213735705823854,1.3861267227613914,8.967824618430915e-06,-0.7425377892934746,3.4576901145882863
2015-08-03,0.7524060775030603,0.002605008513953733,0,0.36258301636394025,0.010659320745541111,1.3858722363408837,7.0485616494758985e-06,-0.7984010326100437,163.25925302778782
2015-08-04,0.6076793944755302,0.002460937798755261,0,0.24074570886746793,0.008825631564974243,1.386043649557187,1.4228192325901792e-06,-0.6881449902309151,24.915425509924997
2015-08-05,0.6513705082319495,0.003580544969676531,0,0.14885308045921164,0.00791918792056069,1.3862292026581335,6.833271276805746e-06,-0.7275915876026251,6.975852362682562
2015-08-06,0.6366356641117451,0.0020811327922337784,0,0.18791641875552068,0.007992555817241932,1.3861824417350208,1.188043710823655e-07,-0.7506141463439048,38.46237956134982
2015-08-07,0.7095317668136853,0.0009144831541257093,0,0.14431808894194045,0.0073452591940340655,1.3862355670640911,4.285895254043198e-06,-0.7091774097385509,7.658622007217382
2015-08-10,0.7236635719588241,0.0014468186249487493,0,0.09483000298300354,0.005746838046316899,1.386256223276784,1.0769358160640104e-05,-0.702657043814375,3.8226950501088535
2015-08-11,0.7342109511055399,0.0026766467055587273,0,0.33230281124168815,0.005241757972413377,1.3858555571395068,9.139525352387556e-06,-0.66174550087625,2.266545287793535
2015-08-12,0.7297694565206295,0.001969407428549748,0,0.4861326342519247,0.005794173091653133,1.3854493849370912,2.323738415807644e-06,-0.5877452917896062,1.4987195147257653
2015-08-13,0.7207518935003456,0.004183131274898597,0,0.16292784000790383,0.006534622777746333,1.3861924033371567,5.758781894859791e-06,-0.5938357323136195,451.67123218538455
2015-08-14,0.7256569640534574,0.005549536526295245,0,0.24794961752462685,0.00726939939881481,1.386032805518401,1.4676318577196758e-06,-0.4317114349292162,1.6917873332865598
2015-08-17,0.7048697700247469,0.0014018607965202508,0,0.15530607188621262,0.009478079764606344,1.3861977516634334,6.840666888922571e-06,-0.4498044725643936,26.817007092938503
2015-08-18,0.7100781125213343,0.0033621363017245984,0,0.17531560565058382,0.008871812630624977,1.3861759079697658,5.229990267790994e-06,-0.4646451720498609,359.00806243635077
2015-08-19,0.6970786647575561,0.0001771521073450241,0,0.1731281165349212,0.008991625159706631,1.3861795159064174,7.3739463053101635e-06,-0.4857458127881262,35.96400466904514
2015-08-20,0.6762425041796801,0.0028410135293024893,0,0.125312855262777,0.010399195558359676,1.386226946681171,2.4292015587689946e-05,-0.4595904472332927,2.9390878450718922
2015-08-21,0.692978454402996,0.008076432205184605,0,0.2823706839949141,0.010845906868862899,1.385966788385764,3.0576382145261324e-05,-0.4263219488732788,4.241084827897208
2015-08-24,0.8967112181690716,0.02983854113240822,1,0.5200635811874622,0.01633004761234817,1.3846717688305148,0.00018226054160584717,-2.281584023870974,1.0806624380556158
2015-08-25,1.0866525196767796,0.011003384352722004,0,0.36615697198739644,0.023455353907684676,1.385375074107499,0.00015328859205163877,-2.46870014342272,49.07374575731073
2015-08-26,1.0936087223062507,0.0019624347948868524,0,0.09154189511009053,0.024153236452752733,1.3862538737180983,0.00014838234435533392,-2.479934700520309,32.7990649119705
2015-08-27,1.1385502738708233,0.01651488977814459,0,0.8079919617278529,0.025573442414257946,1.3832603289870637,0.0001149810329885146,-2.2884999122062153,11.053672394567128
2015-08-28,1.1629248270942698,0.01309176837199026,0,0.551594474037776,0.02437096660348411,1.384815849533593,0.00013681671024949328,-2.3035428916263063,99.00868583664449
2015-08-31,1.1550064542882699,0.0009118373518832412,0,0.11042349839873092,0.025137399763247734,1.3862465843546243,0.00013465295076967815,-2.344023938885717,45.453911998529065
2015-09-01,1.1443415194699447,0.00797895939220612,0,0.1216035915567923,0.026810797301882523,1.3862207746937547,0.0001881848754744471,-2.168690927009934,2.057391658181567
2015-09-02,1.183460693539387,0.00905229830982556,0,0.7480209757914269,0.026452109804342056,1.3836321207015536,0.0002120332947687808,-2.1464574071860456,13.820316985379446
2015-09-03,1.0980640492682787,0.007417053660188307,0,0.15711825257772516,0.028312613263677226,1.3861976842981647,0.0001571882169257708,-2.2542848906576762,4.717559561352784
2015-09-04,1.0434039960158201,0.0025085890617656957,0,0.33011880621937323,0.02643542146575029,1.3857819153054416,0.00019108353782091566,-2.0808306303547917,2.7703765075939204
2015-09-07,0.8709054267624219,0.004015453402315315,0,0.4143786771050611,0.01965064610330657,1.3854915468522457,4.870942062437022e-05,-1.98806015115325,9.058176479940142
2015-09-08,0.8661291366674747,0.0038161193275623056,0,0.08428568728450474,0.02066793608968792,1.38625777914536,3.920727459841205e-05,-1.8981176638046864,4.107769318021725
2015-09-09,0.8753653715579782,0.015180275747257378,0,0.8684687974895121,0.017208876570653134,1.3830678094482398,5.6861200529561985e-06,-1.8215453569946074,4.911365845096594
2015-09-10,0.8491777827019766,0.011519590910948427,0,0.3827374972167149,0.01803163131131389,1.3855636802614872,3.088019328546447e-05,-1.8063479698828047,79.68708919075472
2015-09-11,0.8246679480344097,0.0058507400098174915,0,0.247123451306903,0.017318239904166203,1.3860346039662703,3.993702664411441e-05,-1.798536795876771,31458.25619672531
2015-09-14,0.8249882328347206,0.002794839529194307,0,0.07172712688189731,0.01628902467113281,1.3862721458728269,1.924959199856647e-05,-1.843346880184566,6.225017365695438
2015-09-15,0.8756775388927633,0.0006226209651628885,0,0.11585593296909079,0.016448138858333544,1.3862455327559144,7.436176401667106e-06,-1.8083558292082889,14.57724352135768
2015-09-16,0.8671628094625395,0.00734925463781939,0,0.569527551326176,0.015545825872647035,1.3851214571167703,3.082137998791898e-05,-1.818262535892896,2.987791471637073
2015-09-18,0.8263960582872603,0.008609369924635287,0,0.2736060048242683,0.011786797430320644,1.3859806518001638,2.602320481653e-05,-1.802898601434148,3.0421813558164836
2015-09-21,0.8147633972857117,0.008859068948026601,0,1.0168349895397402,0.012006061090266845,1.3824290529849343,4.137648520255875e-05,-1.809020849032264,914.066391109939
2015-09-22,0.8248929961022049,0.004714859034863985,0,0.5753381883787119,0.010970343058593233,1.3845392795079237,3.8765999669294e-05,-1.721722264604342,1.4995976604222185
2015-09-23,0.7846755196083797,0.009601748676846841,0,0.4831303532103052,0.013757230711255255,1.3851155304883012,2.1864824584315345e-05,-1.7220816696465286,34.27302882032461
2015-09-24,0.7393622135662065,0.0009627805430209369,0,0.13738787050326498,0.011617855567807422,1.3862212271511494,6.022093796243083e-06,-1.7330753188832553,69.61614772576674
2015-09-28,0.7445067275394842,0.0030834796929000907,0,0.8253172447347982,0.012518128350908443,1.383790249205948,9.65303893652759e-07,-1.6869404432857178,6.3796298835785805
2015-09-29,0.7708353872641877,0.009019865840179261,0,0.2048546239495755,0.013067408717334689,1.386037544849349,6.961611437435127e-06,-1.6861600272436659,15.86514088000741
2015-09-30,0.7512999072455134,0.010268038794434293,0,0.6198606423223235,0.012089330800410433,1.3847027039962896,1.0089841265744448e-05,-1.6524121304639303,1.84141417577109
2015-10-01,0.7256957595290319,0.005413731117017854,0,0.4208538923705328,0.011946931932282169,1.3856269664964826,1.570362856090699e-05,-1.658206851392475,4907.723541663258
2015-10-05,0.7534622372180839,0.006793733238780161,0,0.6576681174926532,0.014079540797782345,1.3846990667622405,3.2259318325804536e-05,-1.6452199344682985,1.6883654973327007
2015-10-06,0.7247790979285991,0.007503265696328428,0,0.6145015728446689,0.014724674636953575,1.384735470806632,2.425689209344768e-05,-1.6748997673446082,39.42006727039744
2015-10-07,0.8351372817497826,0.0008220953756264102,0,0.05359291206965788,0.012593205974360778,1.3862854003837326,2.828330896349481e-05,-1.6734474832891366,71.55710013688504
2015-10-08,0.844794429907738,0.002363494505582909,0,0.3265126042011498,0.01077580537465479,1.3858960019232083,3.4380677156826264e-05,-1.6494743962181801,14.400125189996414
2015-10-09,0.8380342523049628,0.006987163433333859,0,0.28102860702995136,0.012089475117971211,1.38597592465878,3.731373470181827e-05,-1.661609463231231,10.14096607418326
2015-10-12,0.8331792072838,0.005090967099934211,0,0.47228536414419353,0.012186828041340577,1.3853747820513844,3.180513877632458e-05,-1.6262986315129513,4.6244485078929305
2015-10-13,0.8689829234317921,0.0026620575067007957,0,0.1586321189195419,0.01094240276396102,1.3862099751843218,3.52121115906532e-05,-1.6187838499604834,61.93550988158095
2015-10-14,0.867671821641142,0.0036097257757455,0,0.5239356266156008,0.010295983851617778,1.3854324964187001,2.854613288851448e-05,-1.6057771790837367,15.367455524525711
2015-10-15,0.9478594200756103,0.003256964853277415,0,0.18506014623759834,0.010140534813276623,1.3861891421789416,2.3212049610302985e-05,-1.6136384617211472,2.258712946921848
2015-10-16,0.9515878183079164,0.0017284876533181107,0,0.11385520037500738,0.008022766710933712,1.3862429649257375,2.8972072306765633e-05,-1.6686783473427031,3.348686367746709
2015-10-19,0.9831555542348434,0.0029573813907300345,0,0.2780310238882006,0.006450177584354478,1.386061843080359,1.0413234536825132e-05,-1.6881986521841796,7.963502820986428
2015-10-20,1.0174460019206897,0.0006342360988876892,0,0.15063595119008316,0.007001339185422177,1.3862178454412153,7.316944578235036e-06,-1.7060288618344406,60.74881239078063
2015-10-21,1.038335738634088,0.000399610326141052,0,0.21357160760366398,0.0060592992042125555,1.3861308350052735,5.011189254496124e-06,-1.744008117792004,104.93884318674549
2015-10-23,1.0210584945729153,0.0068297336447755005,0,0.7522529799497003,0.0053041296064122,1.3844357329035852,1.0373910509323479e-05,-1.8751750779898648,3.6857604554367267
2015-10-26,0.9392047253353171,0.0045943870879192545,0,0.8023294490949637,0.004911100022939979,1.3840411284491116,4.385782476899047e-06,-1.867438240271649,3.9262069338701537
2015-10-27,0.9035044857727245,0.0036626539663600372,0,0.69693100576759,0.004542284467233656,1.3850205188242697,5.245679472542535e-06,-1.8402512722473956,5.431568696795401
2015-10-28,0.9041855610602597,0.005358802663800016,0,0.1572142618222989,0.004842392521142979,1.3862040705926697,2.6649915074124493e-06,-1.7875602683020253,2.032544292945279
2015-10-29,0.897837334031398,0.000519984216240198,0,0.28802771890064083,0.0035642936027548006,1.3860096140150853,2.827592762353105e-07,-1.7703316120211157,3.129852836188401
2015-10-30,0.7308186624450015,0.0014535988749395327,0,0.059527434631583644,0.0035614167219647783,1.386280419904214,7.44618900604936e-06,-1.7380551323827602,5.305017486466632
2015-11-02,0.678997898396003,0.0013957515933553002,0,0.32472575857778124,0.003688480813163556,1.385920884738511,1.0107873637571542e-05,-1.743918607467279,45.278604423186096
2015-11-03,0.668106272336919,0.004406025933395498,0,0.35183139345518605,0.0033552324021160892,1.3858477000392728,1.032641973806586e-05,-1.7393881654621217,97.42893923114148
2015-11-04,0.6905005408631683,0.00546837938669875,0,0.5493814716964335,0.0037285623413011,1.3851444524694405,1.0648925217388167e-05,-1.7221564994449574,14.967121147031207
2015-11-05,0.6280533882829863,0.0012258570752314763,0,0.4113643568858016,0.0039015896559381888,1.3857195176924417,1.6765118029515313e-05,-1.6741606955006074,1.3894414795936454
2015-11-06,0.6033224102618039,0.00013821133443311129,0,0.2169488636173755,0.004006938079276066,1.3861228434456192,1.5245490480614517e-05,-1.6946255726384813,5918.004365900144
2015-11-09,0.8834768625542229,0.02109645072948853,0,0.9830798890127356,0.0044424678820845324,1.3811303917597388,1.553512390773211e-05,-1.7101117598455147,5.954598950627771
2015-11-10,0.8712657821412665,0.004761684818774988,0,0.3680222987061812,0.005298100567430644,1.38578040106388,3.001249896106322e-05,-1.688126738709205,1.5070488360768046
2015-11-13,0.8689963009989305,0.002688818142729557,0,0.20451989999454442,0.006838448622578333,1.3861668747162024,2.7573829952244952e-05,-1.6744581928147348,57.82792684821088
2015-11-16,0.894616736097897,0.003781795554572373,0,0.1822239660928596,0.007592947367254922,1.3861471357297632,2.4092201341920698e-05,-1.7978673971929298,10.669021916958334
2015-11-17,0.9003103940369737,0.005384741181386917,0,0.45846769578265145,0.007361977071492411,1.3855089660009008,1.921670263371858e-05,-1.8278248620244217,23.119052515929123
2015-11-18,0.8677786976881448,0.0018389863379478827,0,0.23084469734288862,0.008967631498875377,1.3860800212034112,3.0234873681798636e-05,-1.7499680568378335,2.829735072700253
2015-11-19,0.8705847741139916,0.00730661756263109,0,0.2285538006972133,0.011640635166557577,1.3860925443364789,2.5732293463587724e-05,-1.7007879160502608,2.1823792863295393
2015-11-20,0.8437801008101522,0.00010839867799093004,0,0.2007742720043768,0.012133920293363755,1.3861370791913354,2.1940937266675784e-05,-1.7934511323741023,141.96126315737584
2015-11-23,0.8448490355678211,0.0016469740844834973,0,0.1664579177840547,0.011271194575904201,1.3862058191179465,1.214831989619708e-05,-1.8389566734790508,471.1888019312101
2015-11-24,0.8554338281643368,0.0015618777579452109,0,0.17182835443334601,0.010886587484972877,1.3861965528778726,1.4042376593411219e-05,-0.14190804756741282,78.25440668259925
2015-11-26,0.8785629247423649,0.0007083915334129906,0,0.1484950870229742,0.010555899687850234,1.386223332312091,3.6928633159858725e-06,-0.1389652972681294,5.804374200266282
2015-11-27,0.8708081067043152,0.0033936482368046744,0,0.09053841878176899,0.009079968067878579,1.386264208439485,1.52636573416045e-05,-0.20617982088314257,1.95940940408111
2015-11-30,0.884725008756917,0.0008124209205190233,0,0.20058686444272758,0.009076614587493932,1.386174148526996,1.6372112144562352e-05,-0.27838975141123834,120.75811019898723
2015-12-01,0.9087485573468108,0.002881689044690052,0,0.3326500870657927,0.009262288910495978,1.3859704846785508,1.3790829596015871e-05,-0.26448909799870957,18.24466664864282
2015-12-02,0.9076559132626453,0.0027367378595561137,0,0.336585550470104,0.0079174794874238,1.3859000909003365,8.847384334315487e-06,-0.2691757146989152,13.119534510157111
2015-12-03,0.9228682844976737,0.003669441442027696,0,0.1009361284518949,0.005440986440426644,1.3862621572261242,1.0896387385478564e-05,-0.08705993330706392,1.9832877907001745
2015-12-04,0.9246748966334117,0.005936829934383493,0,0.6079413236820674,0.0042760143295621665,1.385203144885382,4.506131718958545e-06,-0.08867146956692377,1.7977699018265914
2015-12-07,0.9311930678786818,0.0044427439890198745,0,0.4152487331639351,0.004909769109776833,1.3856481668619245,6.682011416964072e-06,-0.06646045317181112,44.91544889755103
2015-12-08,0.9127853055271918,0.003470085527654216,0,0.08134993779055982,0.005442293231923755,1.386269146746617,1.1658232001791446e-05,0.1330936881862448,3.8924222834709297
2015-12-09,0.9112843859046964,0.0008053666340606918,0,0.4666688910462106,0.004833219316437289,1.3855166114787254,1.95175835205045e-05,0.14212569843795425,2.881167800620484
2015-12-10,0.9092065716168904,0.004037788503755174,0,0.10101991200358718,0.007067310025186522,1.3862558247526588,1.884310537009237e-05,0.06744757295184987,4.717622042797071
2015-12-11,0.6672557943561452,0.0021192751916815702,0,0.19529208005120133,0.00822314817386081,1.3861262237142755,2.8510760608265654e-05,0.04188710692896806,4.23670298184643
2015-12-14,0.7407310564879748,0.006889236063840103,0,0.6743450003679186,0.009479255502158314,1.3843910392754841,2.660048907535262e-05,-0.010400908057020746,15.109004848732251
2015-12-15,0.7027643292009051,0.0011888405536792392,0,0.07848787692643441,0.009034497679145988,1.386271529658597,2.5177610640357808e-05,-0.04077768618255772,8.726064914886699
2015-12-16,0.6802554389312938,0.003156992254628707,0,0.13903410345227432,0.008435525538999601,1.3862302854531492,1.9212447776494308e-05,-0.04987848978549081,6.904115404421964
2015-12-17,0.6861775211378865,0.004139314064300616,0,0.059778940247602275,0.008825272433299367,1.3862790951502855,2.3024393996851604e-06,-0.09222253631681518,2.416614472192087
2015-12-18,0.6791092050991732,0.001971537532678187,0,0.3019000134825801,0.010397842808296868,1.3859823395530981,2.3459207416176687e-06,-0.030139871995244795,3.298761153663199
2015-12-21,0.6865502163019217,0.00210223359761773,0,0.45201923149755824,0.011924811304097567,1.3855070999269317,8.483388560938106e-06,-0.03524025877100089,4.944166400619436
2015-12-22,0.6934763586392975,0.0006448342026081149,0,0.07120870062879354,0.013266483527911913,1.386277245972148,1.0229990426941529e-05,-0.005561860907228844,11.00592472629558
2015-12-23,0.6905997102632382,0.0056798993448181545,0,0.5971787570633486,0.01276502490740309,1.3852498973028682,2.817218085213732e-05,0.16940045056656095,4.649178379082938
2015-12-24,0.6785577642523681,0.0028943515676623692,0,0.39740407712174086,0.011880818981770245,1.3857714269831833,1.9219484381139216e-05,0.20140021223267032,877.4553287242106
2015-12-28,0.6654400147852129,0.00027351264936716877,0,0.3600384849493544,0.0112172232006972,1.3858704366491934,3.0167126605022853e-05,0.1807167953771141,4.476076107106291
2015-12-29,0.7345541258337199,0.0005109377592794126,0,0.1987099844441281,0.011906830035087135,1.3861806206180949,2.690612128494492e-05,0.15486754451126256,909.352978061761
2015-12-30,0.7044346814340121,0.0012163066579596194,0,0.3526579808481309,0.012402253845926501,1.3859174630375808,1.952579059874392e-05,0.21447002328471979,10.993305027087823
2015-12-31,0.6971788608838382,0.00019625171651846258,0,0.2210206032592994,0.0129516545430483,1.3861395225106066,1.9390838580665535e-05,0.18720564847748958,3.0910962445666823
2016-01-04,0.731500988406687,0.0027472048609342888,0,0.41146068950601,0.013338905328627944,1.385560789875169,6.585766682184281e-06,0.01092371956126559,1.3174533985685366
2016-01-05,0.7229639610717745,0.004750432866279698,0,0.5283122740222004,0.013227143003053478,1.3852883284945325,2.6491674663690284e-06,-0.26536479139346847,612.1700644677903
2016-01-06,0.7161082090465418,0.0004366490668583469,0,0.046035093087671536,0.012036188336483357,1.3862867281853783,1.0371467874763056e-05,-0.20685311953667843,15.109162251801878
2016-01-07,0.7128797489664519,0.00877757884830435,0,0.5239312200089822,0.012096815542385555,1.3852395247174636,3.103582601390229e-05,-0.3783522138530363,1.9048712731230586
2016-01-08,0.7136412988121037,0.005711509766198588,0,0.4738331850076105,0.013884975947267144,1.3855260752461689,3.5252164442344724e-05,-0.43457748332042867,49.96444582192432
2016-01-11,0.7871808669001612,0.009769510956967665,0,0.42298829192415266,0.013947055643869145,1.3854748765369664,3.9551592064346424e-05,-0.38870902527102186,23.912263409845554
2016-01-12,0.8025761702803412,0.0030823098981872066,0,0.3811167660063256,0.013337915399046791,1.3857155147256535,5.043232370715175e-05,-0.3807885740224926,12.571383085030986
2016-01-13,0.8785046397005025,0.0063179751952637435,0,0.3021319137726739,0.01438303324247528,1.3857947508365873,4.744932249443305e-05,-0.4050209091221905,13.616854986743983
2016-01-14,0.9617894635507384,0.012641720637429642,0,0.4460143763409742,0.014365999173156023,1.385210677264724,4.6741503351577594e-05,-0.4018814384487782,13.325071506439615
2016-01-15,0.9897634928695701,0.0032917445932805697,0,0.674300827301831,0.012566209306805222,1.3843679436870757,6.314257837414177e-05,-0.3492616118359657,1.767741511374925
2016-01-18,0.9676293753831682,0.0023488408945285563,0,0.05565713299607411,0.010636510959030968,1.386280452127243,5.014860259601668e-05,-0.2834270535045914,3.065404079853264
2016-01-19,0.9645051629963411,0.004181126461435239,0,0.10507902183319805,0.012674879712358166,1.3862503476471895,4.6572309076910896e-05,-0.24298266266837482,3.874089572279768
2016-01-20,1.0425300299739026,0.010559801905158067,0,0.1455603305510304,0.0139527426988882,1.3861625441659493,6.245846306603047e-05,-0.23612511769930988,2.557486599188494
2016-01-21,1.092556096711516,0.009172109555862987,0,0.44187237525026446,0.012362564036442354,1.3853184178644244,3.590391392668397e-05,-0.21586403137396504,37.92292796222083
2016-01-22,1.0724886374461455,0.010784371135116851,0,0.34908971516721415,0.014026049692104877,1.3857706449982685,2.776748502683855e-05,-0.004111060798708334,2.4723226722464453
2016-01-25,1.0415032387642655,0.006218431459784613,0,0.500678222950778,0.0157832302009103,1.385370345769103,1.9905714400036124e-05,-0.03836153373327125,246.0371246368565
2016-01-27,1.0315932211371361,0.004488234602741177,0,0.4692598105140598,0.01440664213026541,1.3855286499980035,1.1204793176160223e-05,-0.05919813347798773,15277.980848171383
2016-01-28,1.0278607761860727,0.001513699264756743,0,0.21384078244720883,0.013481517750774333,1.3861361703296635,2.0599523560187023e-05,-0.08888278583217082,134.8826912111338
2016-01-29,0.9163367100596803,0.0015230902914064215,0,0.5323014627620835,0.01464443901097339,1.3849777001299142,4.565867227650257e-06,-0.02864108115722586,2.1623028373229345
2016-02-01,0.8714039878532708,0.0034250822132655327,0,0.34228513945764205,0.016650717876951944,1.385895884052541,1.8921761769904972e-05,-0.05345286281557829,347.440878461058
2016-02-02,0.7974169157966547,0.0014150620591141124,0,0.24209367995049852,0.015457049460606232,1.3860252520549574,1.7253443702672876e-05,-0.028405080172508673,2.9432428957628654
2016-02-03,0.7987079888536928,0.008499459757338738,0,0.48114602735356354,0.012377290023074743,1.3854157075051543,1.2286919195163604e-05,0.017327885425123663,4.288595180255281
2016-02-04,0.794475772738515,0.006721686502699843,0,0.23032344181165615,0.013017506938645678,1.3860751077259903,1.4353243625466912e-05,-0.020608848325593822,21.923823111638654
2016-02-05,0.7800640478323817,0.0019227855946717016,0,0.182867424921407,0.010955057042327245,1.3861673852639167,3.2697524183931845e-05,-0.08041183758763693,3.8540127327080174
2016-02-08,0.7736182466953565,8.012626443156799e-05,0,0.13237850938795584,0.011749203926316466,1.386212759719635,5.106849668838601e-06,-0.04480129540694216,3.6791436866771337
2016-02-09,0.752049919570581,0.011340216766223075,0,0.9732757325713918,0.011742145480446423,1.3828821409486203,2.116314054746374e-05,-0.029333932386110814,4.473607837301443
2016-02-10,0.7661615533953615,0.004655856049881014,0,0.1522693475070674,0.011606726712724778,1.386201977959082,3.5316963415311475e-05,-0.0050063501223896675,4.852113096652982
2016-02-11,0.8090296780397277,0.0016783200641718695,1,0.6587147803439451,0.011836379931258089,1.3839561376399623,9.424152633712805e-05,-0.3875619589294504,1.5223759037275804
2016-02-12,0.8232521970419822,0.006757140665568711,0,0.3049927183181844,0.013486619869147478,1.3857658710837788,0.00010219838645805088,-0.3734132629190093,3687.439706654841
2016-02-15,0.7689141664955621,0.010884602129164754,0,0.367859399568717,0.014898435244795203,1.3857268118988126,8.869474501469587e-05,-0.13889911963371832,3.135759000828246
2016-02-16,0.7924592268098998,0.005332687504967024,0,0.82946554946937,0.019471442162162886,1.383113395496253,9.42475722767786e-05,-0.14315279009632562,8.406498427261745
2016-02-17,0.8046521942324618,0.0015028034929681446,0,0.20085559225915933,0.02016891485158621,1.3860755514355296,5.995788810395715e-05,-0.1606358320364792,29.49795459335522
2016-02-18,0.7829964901934933,0.009652942169978576,0,0.4562771600499967,0.019883704864505133,1.3854006851393619,5.1112100665301406e-05,-0.17109783894511926,8.336207222011229
2016-02-19,0.7469100895681327,0.002952202780658565,0,0.11596912989279665,0.018093761342427857,1.3862426092613238,6.433588891480603e-05,-0.1863979896311271,163.47376781298433
2016-02-22,0.81441679670709,0.0002635166498206792,0,0.05837464971197329,0.017992806140696357,1.3862835016844148,3.49507960510802e-05,-0.21028497554294684,44.80192855394799
2016-02-23,0.8181198296547794,0.0007944815259050029,0,0.48689083794214305,0.020211154825711345,1.3852313807964913,4.495253547613024e-05,-0.1499137046238875,1.743576777891446
2016-02-24,0.8361038399100449,0.004871479671787392,0,0.14205919862124655,0.018233766136291074,1.386220025719017,4.776537653290807e-05,-0.08191333054358112,3.764933098821876
2016-02-25,0.8424991072699264,0.0015873388289009284,0,0.4269751510517744,0.015077279895389921,1.3856609920795588,1.1217450577722089e-06,-0.055499358660564185,11.29828125103607
2016-02-26,0.8054255238875546,0.00980738737109406,0,0.7082519646785029,0.013993815631311222,1.384251446263715,9.663315476002484e-06,-0.06848509411301243,8.385580257398352
2016-02-29,0.8865308140755733,0.002940328963941345,0,0.19144126189727778,0.010956381095768544,1.3860361638058694,2.685100974192351e-05,-0.054700999658446735,16.836365266778607
2016-03-01,0.8637374391664863,0.0073011519851414195,0,0.6443652056797643,0.012574192359569133,1.3843134723984616,3.5331381061476553e-05,0.21243333154173055,1.292915444829314
2016-03-02,0.8648864500497312,0.013669133433362027,0,0.8295432920814573,0.013672124248196466,1.3836139337040785,5.559703208225904e-05,0.17091121057102013,4.103593475402293
2016-03-03,0.8667989115852099,0.008203596044235257,0,0.376693043431959,0.01330475186575401,1.3857513070987426,6.052135492336993e-05,0.12840333577621574,8.77647200519692
2016-03-04,0.8741149333580884,0.003978351777805431,0,0.45327567240208166,0.014685040864807843,1.3855417012956792,5.849904775082874e-05,0.09405296471102566,1027.6601895715426
2016-03-08,0.8801250102263792,0.00014023807360140245,0,0.2165960219180604,0.012527900474409924,1.386112515297161,5.3484712688073865e-05,0.060292865709970986,37030385.68977088
2016-03-09,0.8836574469537792,0.006594540144047206,0,0.6787469283779705,0.012709161390827159,1.3843721732866192,8.011560445579434e-05,0.06807269687017256,16.95971140215973
2016-03-10,0.8867360164479111,0.0017974612847630649,0,0.13613864976715628,0.013407850620958926,1.3862180616166608,8.390502355332589e-05,0.05969795677932719,7.6807537652990945
2016-03-11,0.8965610858834199,0.00017364300190576956,0,0.16235726395358546,0.012736776863564024,1.3861937522805647,9.121283016426702e-05,0.06706907115084422,8.485498454965942
2016-03-14,0.8808421274551776,0.004304840527802347,0,0.17895091892582943,0.011186133936296081,1.3861785303463874,8.584242604490691e-05,0.07684287167745159,6.945906867780032
2016-03-15,0.8426424786092129,0.00038474020680282997,0,0.33864443517626597,0.008409137650669302,1.3858770832681016,8.429947423740449e-05,0.13458115539218327,1.9208816986097972
2016-03-16,0.8445289526196871,0.00047598556864137184,0,0.146495346557882,0.008686274024444924,1.3862038297925292,3.325962420947793e-05,0.14916395798068052,7.543578795392896
2016-03-17,0.8139685888527761,0.00779086278797831,0,0.36309110448559506,0.008414761838094325,1.3857119888123837,1.3023380198681346e-05,0.108178083740583,48.120553176917134
2016-03-18,0.798693471013658,0.0029374387231529556,0,0.16938235981685668,0.008106718717430515,1.3861860511564654,1.077030613665392e-05,0.10542652234645038,2.032981827450578
2016-03-21,0.801094699008738,0.0019509381294930052,0,0.5093588857176008,0.008061831186188091,1.3853841836902547,2.0890845150171376e-05,0.04711785936460259,2.675984192339816
2016-03-22,0.8068702487089046,0.0011299103038310554,0,0.21061924623299114,0.008669674995628433,1.3861219273648426,2.1750813433735998e-05,0.07459769768803887,182.97764933988293
2016-03-23,0.7785235575245567,0.000330512588922305,0,0.27748801670181866,0.007436524675210744,1.386033595621229,1.7334266388620235e-05,0.07108788805143722,7514.628484958657
2016-03-28,0.7891779198957062,0.0031699848638271485,0,0.3465416125456174,0.007897442219755866,1.3857259071481605,1.4269429292216846e-05,0.13387706818649486,2.827766667040907
2016-03-29,0.7976553873043706,0.0011234385132876184,0,0.20731051834367553,0.0090375854982957,1.386137399354222,9.687461633121802e-06,0.14580118933568226,62.32312049974409
2016-03-30,0.7942016691079319,0.007096008593807254,0,0.45169297102428707,0.0097256783318162,1.3855522254511359,2.5685784085576186e-05,0.10556239352673302,1.5617979059845155
2016-03-31,0.7948754775242581,0.000976572044755088,0,0.17933835662872888,0.009958272039500766,1.3861763022167053,3.2730393615690186e-05,0.12812984194732427,2957.519318142422
2016-04-01,0.6413412844247696,0.0026332191157312475,0,0.21534693322387263,0.010006375750138888,1.386124244293066,2.5899588013248397e-05,0.13480922850405944,47.97959647526887
2016-04-04,0.6159136276239467,0.002602596027911871,0,0.13899549401769007,0.009882853399519689,1.3862293793914766,2.9781051380794e-05,0.1076099835587719,10.767120718265623
2016-04-05,0.5834600365106728,0.0029041460050059785,0,0.5528653501409044,0.012690217864434868,1.3850276820608751,1.6977184301903572e-07,0.08961000143248544,1.9037914521927888
2016-04-06,0.5790932876042725,0.004311191200953679,0,0.5776222202214204,0.01380727879999779,1.3851979615764305,1.2073592242357279e-05,0.10240606702923244,213.49720410781154
2016-04-07,0.580646706648923,0.0021056180806381477,0,0.6365041564430146,0.014834918118373723,1.3848235929369697,2.3219702205450768e-05,0.1498101947579269,6.71193521466998
2016-04-08,0.6774962933199287,0.0005434623929743229,0,0.14348292527281037,0.0144661433761299,1.3862333839692962,2.2279274259341516e-05,0.1256229130852512,394.0150395142845
2016-04-11,0.6730702442113319,0.0029868005254583274,0,0.03319546893182303,0.014827937147069545,1.3862888783935459,8.136901080775238e-06,0.06481228880245457,3.121087257957731
2016-04-12,0.7056801839482478,0.0002802883021920527,0,0.21032181037982986,0.013713769210710878,1.3861601508937316,1.617581921634416e-05,0.07180754524780997,14.282218713164882
2016-04-13,0.7064646676889333,0.008807917746674507,0,0.37945061195007024,0.013235057919588379,1.3857630726141692,1.6393512130496275e-05,0.030623696619632632,2.0228057176515692
2016-04-18,0.7372039307230426,0.007322981041980077,0,0.5913622317171594,0.01393984651681631,1.3848742623804118,2.5388713561586366e-05,-0.02927123966907391,9.865144456967865
2016-04-20,0.7424695155820213,0.004456378811712474,0,0.43857320379549447,0.013823112875472192,1.3855696456861268,2.8752688591590982e-05,-0.059851684913205694,16111179.200288054
2016-04-21,0.7473079286686165,0.004902823284647754,0,0.24411677679969948,0.010953680226135467,1.3860539829213145,2.172222925640034e-05,-0.021394396510526964,3617.87157708776
2016-04-22,0.7300067359006359,0.0025626681577951087,0,0.19175483178961872,0.008681205360800855,1.386178185124539,3.105231081517214e-05,-0.029353307522307387,153.78226545101
2016-04-25,0.7333703337753333,0.0005698330684321145,0,0.11467614212876728,0.007968092765937455,1.3862457995164676,2.691382740689489e-05,-0.025694225291795783,3.1914778126979915
2016-04-26,0.7816029163419369,0.0034304133372642844,0,0.6598437156917657,0.0089799343139258,1.38441636917023,4.334069483729938e-05,-0.04657339713689126,1.1851618933728545
2016-04-27,0.7905378578140172,0.0025967140520457275,0,0.5218372302743527,0.00868404607106809,1.3854594753828557,4.3867017371314075e-05,-0.047954640710092526,47.845363326662685
2016-04-28,0.794106819230424,0.0015676638318787833,0,0.224890278378701,0.00963367017073909,1.3860655733324367,2.234445286434758e-05,-0.029823157767448517,1.7969818079423097
2016-04-29,0.7390604513572109,0.00038237262677915366,0,0.21570544887416326,0.010053851430517898,1.386104427838686,1.7798036909463036e-05,-0.03859705236967068,4760.350047463354
2016-05-02,0.7720425824649502,0.0034582404061862765,0,0.16897149686854207,0.009597754986963466,1.3862031150669325,4.645951720751504e-06,0.004800528735548605,15.971504126145268
2016-05-03,0.8097483155229788,0.0024183065261148013,0,0.07419992595651054,0.00891123814705291,1.3862674843816802,1.671295158744324e-05,0.02775546452570833,6.529707912558657
2016-05-04,0.8235018116804402,0.002953899925397356,0,0.1729856696667066,0.009132525114614522,1.3861983166860061,2.0845144153741913e-05,0.018810912137780376,14.497522639974168
2016-05-05,0.8242060558163982,0.003167629068863496,0,0.1814892847830948,0.009989532280450733,1.3861759146861345,1.8184513857066345e-05,-0.02756499647318424,9.274523038005544
2016-05-06,0.8250480809768638,0.00231022227935051,0,0.22350181276873463,0.009990622125200911,1.3861225682967144,1.7147724649118225e-05,-0.002538012004681186,1855.9173969896538
2016-05-09,0.8135721907505838,0.0028149320223716046,0,0.6742661917523729,0.009773197736773955,1.3846164092739188,1.3916517403254665e-06,0.005974596304154022,1.3421898958617375
2016-05-10,0.8298504312686604,0.0009530103374645306,0,0.19393405118343734,0.010084137642354567,1.3861680424648153,8.352340124639191e-06,-0.03290120735080458,44.35632870999032
2016-05-11,0.8944009448010851,0.010597539847961293,0,0.5312407240960573,0.008837992670138944,1.3849981980048625,1.4657548063417597e-05,-0.0421512203885695,13.68275385048543
2016-05-12,0.8392408175053548,0.0028752775462382047,0,0.07770076358543945,0.008216764870846624,1.386273786182031,4.9803396022294035e-06,-0.09917366700524254,8.495809153234203
2016-05-13,0.8012119995034572,0.0024585793701282638,0,0.10890293449077522,0.009493932103638289,1.3862493162801681,3.67075787949699e-06,0.37829539121862094,4.074417915194236
2016-05-16,0.7659011482613453,0.002083624515285948,0,0.18184767631594703,0.011134498683010278,1.3861563914695574,5.767706813579177e-06,0.35278729869124636,6.651057976340878
2016-05-17,0.770891704498988,0.004581936410372922,0,0.26031633186036574,0.011101343930874323,1.3860611553486881,1.4226562969082773e-05,0.2908763616751054,16.160917992259822
2016-05-18,0.7414131635416779,0.005591754045842447,0,0.3005767384374777,0.010816747393649578,1.3859608324850736,1.5781803471403593e-05,0.34280118708567503,31.729384580943016
2016-05-19,0.7385426828901996,0.0006795651999537449,0,0.4160566741562239,0.0113117729313672,1.3856308266401103,5.274684771890613e-06,0.3910743384097272,2.4160544795262306
2016-05-20,0.7304341452862623,0.001130010253218445,0,0.04544540760394736,0.010142755737062577,1.3862869724199562,1.8235079386235098e-06,0.45946221038613116,10.476252159567677
2016-05-23,0.7604328739484115,0.008256464695145734,0,0.8839966635227785,0.008774969265280111,1.3831997070719346,1.104653728028869e-05,0.4834887428076897,29.07993330705484
2016-05-24,0.8201781215042638,0.0009050301122315396,0,0.16897971211681392,0.008441398018671633,1.3862078876418744,1.1279632399431109e-05,0.48892400476681014,30.176974405997623
2016-05-25,0.7758387822819359,0.00809092818525617,0,0.7508047375424768,0.009544725061764712,1.3841630338026885,1.1028031670424563e-05,0.5686922252761987,1.2713883929330363
2016-05-26,0.7766468642481377,0.00497196607039506,0,0.14252372680885664,0.008373542439386435,1.3862075276247374,2.3733489867991374e-05,0.5294609528691125,3.0907406839012603
2016-05-27,0.758593561247973,0.0015231054845691481,0,0.4234428867286089,0.00719407966991329,1.3856909094015704,4.481411271732945e-05,0.46511002032302573,8.45786471159822
2016-05-30,0.8183403082649293,0.0012068870176158608,0,0.19322899892659462,0.00786158054000059,1.3861813976807806,4.147133853522428e-05,0.4955567544109858,136.0850459303244
2016-05-31,0.7957049516915814,0.0038258455989967225,0,0.3815557289242008,0.007695392397361488,1.3857553649027232,3.574462629648431e-05,0.491583336305897,191.94346281294378
2016-06-01,0.7949071488781437,0.0023379344297212606,0,0.2668397733813573,0.007274522020469245,1.386079411917657,4.0356866883317704e-05,0.15869822029107059,70.58834333019827
2016-06-02,0.7848246310547713,0.0028218791415425197,0,0.5855547374346199,0.006783636226762833,1.3851417388337492,4.922897279372979e-05,0.11693562388194774,6.884343270420342
2016-06-03,0.7872308526394762,0.003310024413181899,0,0.3346683478676278,0.007072726704541823,1.385938368789605,5.073229207337191e-05,0.15431147971809658,805.9303610114652
2016-06-06,0.8137187855490016,0.0009666156248549215,0,0.11190573814165473,0.006841733250057622,1.3862569051825935,5.073323221446534e-05,0.17388572257544543,6.816180782914759
2016-06-07,0.811477563005427,0.00419795474556994,0,0.09474020020116064,0.005610828162319955,1.3862621594095879,5.508090311164379e-05,0.13164199168283855,1.5446534102892784
2016-06-08,0.8220687116680304,0.0023018209786525184,0,0.4136931196840786,0.005639499611194756,1.385800725701447,2.545023891820732e-05,0.16209859403235097,144.7512497191496
2016-06-09,0.7178608497540364,3.623805760154055e-05,0,0.24953027715995826,0.005985311066077922,1.3860744083035395,9.005060688859074e-06,0.15931136359196268,1.9788436644301681
2016-06-10,0.7448950337732724,0.0028503222063242187,0,0.343168440449317,0.005572416321131111,1.3857910498380384,7.697499320034331e-07,0.19618269068426883,9.371034353003814
2016-06-13,0.7595305752931041,0.008333204015245415,0,0.5842975482586187,0.005381034627551267,1.3850597049634903,4.281877330479278e-06,0.2397008089540378,3.8421765045805856
2016-06-14,0.750324065522082,0.0029301103989362955,0,0.3569036147550192,0.005648301766565866,1.3858409816324226,3.2219325235444304e-06,0.2318234505781766,3046.8551467788343
2016-06-15,0.749835170743358,0.003760385356775273,0,0.1927110873287102,0.006745144233210489,1.3861618960439905,2.102220899211909e-06,0.21324731303268873,1.9837158057011475
2016-06-16,0.7498447353430473,0.003167063356537883,0,0.2610308891028554,0.008468203123577154,1.386009898541234,6.453856258268412e-06,0.24289562001746562,4.293424057932769
2016-06-17,0.7387537321261525,0.004400205974299356,0,0.3636064433043187,0.009472324975892777,1.3858400511548163,4.260041619957561e-06,0.26987588727007317,21.081977215670076
2016-06-20,0.8175246083145746,0.006686794144190092,0,0.8615337404145167,0.008846262431974623,1.3832100730685668,3.374561628264829e-06,0.2714073797589163,4.1971490289264395
2016-06-21,0.7543935511396002,0.002049290481851839,0,0.3137902383350365,0.0092284967476109,1.3859818248494906,3.9243151348245475e-06,0.29101430677852114,57.930839735845716
2016-06-22,0.7073825867677531,0.0007606390590243977,0,0.22323922739490146,0.008235071674126121,1.3861068570000132,5.8455228717530375e-06,0.3024226654817494,40.1469369503868
2016-06-23,0.6965432669692392,0.00031085985144158046,0,0.17271328521057144,0.008873325929981279,1.3861837940192558,5.603896629645359e-06,0.2813799259525674,2.390973465647119
2016-06-24,0.9739393504111167,0.02961649057492736,0,0.7933449196295176,0.011887970781461567,1.3825558793036021,1.003691750669328e-05,0.04121727532725591,1.2912558717229399
2016-06-27,0.9885334654917894,0.006107428717438533,0,0.6175003001629549,0.013654614215781168,1.3848316752283822,1.9182610963099173e-06,0.020511762709659265,1002.1583712381469
2016-06-28,0.9627458008635901,0.0001667136331702391,0,0.06781112008544493,0.012669574243287745,1.3862797170468033,2.309676340878525e-06,-0.0001983626445777024,34.793735363890946
2016-06-29,0.9627611133410604,0.0055518378604683645,0,0.3910478599310874,0.011025080490792687,1.3857999686282703,3.024970384650624e-07,-0.05656819661530593,7.637982255961486
2016-06-30,0.9159971237221899,0.006833013208561604,0,0.3604571565141224,0.009821062931754967,1.3858391071256757,1.7151918886333616e-05,-0.06416241560090867,6.802277297837653
2016-07-01,0.9623374451902751,0.0030480247424677595,0,0.19783882583191262,0.009882853375253534,1.3861754708494118,1.844235281453099e-05,0.054502078148821825,9.68450489547809
2016-07-04,0.9584955999794641,0.005794700683181127,0,0.7981863978985807,0.008727338130312602,1.384418201301995,1.5014868681512418e-05,0.033552552559626525,9.967243279242341
2016-07-05,0.9368085579446667,0.0010268191200701702,0,0.21662263930058814,0.009721210323814745,1.3861455408852577,1.3369844540131129e-05,0.03396479548407948,14.852526279194631
2016-07-07,0.9985577855131764,0.000725485432202466,0,0.1865379750888328,0.009089821933431457,1.3861928904832386,1.5374635167013802e-05,0.03955486058427976,3108.9992607939066
2016-07-08,0.9789893186616428,0.0014501059105146159,0,0.20120949772809438,0.005941112737163156,1.3861555177690341,5.872200320146782e-06,0.06842846887004966,22.506652580889938
2016-07-11,0.9871425407539808,0.010772863818090027,0,0.8979804270768235,0.005498139215577055,1.3835331647038893,2.9165506901944203e-05,0.10178801744439367,1.1555242655850688
2016-07-12,0.9806494383721873,0.004089362965842962,0,0.39894992516414635,0.006347671346627667,1.3858002356338943,3.199390889285144e-05,0.044304115857079454,9.111107869116221
2016-07-13,0.9801280067179627,0.002274172726471197,0,0.2249783426427736,0.006481044761001888,1.3861309938876456,3.037716444044971e-05,0.0877086421761287,10258.441891335358
2016-07-14,0.9881179224032566,0.00044026357823605776,0,0.14780707339402663,0.007000720948489511,1.3862231980824757,2.6947134117136896e-05,0.0558001484121252,12.961645522195864
2016-07-15,0.9897952621400109,5.256082676999154e-05,0,0.17329361663952797,0.007313581398464334,1.3861849390199994,1.8838262539361675e-05,0.0687723388294067,48.89546657522981
2016-07-18,0.9884803144879816,0.0026482117735139787,0,0.1634178341193882,0.007412602329593922,1.386194202897125,1.4053216607625271e-05,0.07885408345381827,6.108801382971137
2016-07-19,0.9986903814188648,0.0006578875141828867,0,0.19287708798167405,0.007071899399256955,1.3861703216998613,1.210646844279392e-05,0.040315000405279154,10.343397625440044
2016-07-20,0.9368479301604361,0.0015371523063076537,0,0.6701983462530988,0.006809665441950355,1.38499367870334,1.6735908058566733e-05,0.040639859118976746,3.9471745929725466
2016-07-21,0.9357046879888912,0.001965249721147177,0,0.6848357803477509,0.007798012719463866,1.3847598344639398,1.3887806619359774e-05,0.07991974502579591,2.0976498741113203
2016-07-22,0.947637301067539,0.0011216585388903074,0,0.14297326494601081,0.0068176993559457885,1.3862285472777938,1.7247742389537475e-05,0.17078743490580792,7.148888543231365
2016-07-25,0.9700280199285389,0.0024910408151844025,0,0.8989243521932142,0.006414454207636356,1.3833248598180363,1.039573066332152e-05,0.1262528065995546,1.6649120426541724
2016-07-26,0.6326659599951018,0.0002200876220001955,0,0.08203764497234556,0.007501478473818611,1.3862727229588374,4.478479327204823e-06,0.12607296572184798,8.178018479802235
2016-07-27,0.5641039829949885,0.0010180308210888838,0,0.21596509234398528,0.0077947521586181345,1.3861172824324537,6.216197243403334e-06,0.08975479738893193,24.894044140065798
2016-07-28,0.5884466429932521,0.002451829559972365,0,0.05705559581357118,0.0072208990792466,1.3862849236069725,6.5565480925818974e-06,0.03240482765796153,5.980073954395637
2016-07-29,0.6576772141458668,0.00023075237431987932,0,0.24802866094225176,0.008107626932455621,1.3861343226814953,6.345657716881302e-06,0.07330139272551174,19.496472332394838
2016-08-01,0.6741807481811253,0.0018273280512598295,0,0.18433100079188472,0.0077544329649242,1.3861504821429402,8.008166202635173e-06,0.07306284347635113,1576.5623627513676
2016-08-02,0.6526346104932873,0.0012613274786115757,0,0.15998505108443709,0.007679105170685467,1.386204234718153,5.989199870486204e-06,0.06069732644832987,22.21535670355014
2016-08-03,0.6749490367912101,0.0014253951886261992,0,0.4913093789038284,0.007303266040306255,1.3854122717956439,1.512760236830445e-06,0.09036936995061111,1.5688359877025704
2016-08-04,0.7341444560347709,0.006427695426372079,0,0.5981356862589984,0.007263975790778621,1.3849100149705538,2.7657448191474194e-06,0.06313871468101659,179.73793967986552
2016-08-05,0.6843256781725103,0.005725597550401048,0,0.39049850081062254,0.008068837479365935,1.3857588712633677,1.2220360684813337e-05,0.09702245272954534,1.3652085655496253
2016-08-08,0.7059959947094053,0.003414491561812734,0,0.707740799403927,0.007608852566797844,1.3849867311264417,5.846198550391797e-06,0.08599376006885102,31.4925019600465
2016-08-09,0.6813316510854471,0.0018865828603264723,0,0.18634387527010063,0.007486776199609932,1.3861633132648163,6.664340634027193e-06,0.1416661778095744,23.672342624025145
2016-08-10,0.7079133977684141,0.0009732473614338946,0,0.5954289894286846,0.008065237297948967,1.3849523083185007,3.616737904539018e-06,0.14181287342884077,2.828270484461438
2016-08-11,0.7178365807262135,0.0002915775012579547,0,0.17423123479917682,0.00860299851010319,1.3861955156107988,6.371513420940629e-06,0.11461999425984071,105.38379320689347
2016-08-16,0.785593101282342,0.00904858426247969,0,0.7025832716483724,0.008702815001935444,1.3843237194673366,3.5833887862090567e-07,0.08921024685630309,6.0071852149565395
2016-08-17,0.801304465882241,0.0003182437672384637,0,0.1864585824893047,0.009440102536222732,1.3861811145375886,1.1119202015009963e-06,0.0818138499162714,43.45995884133047
2016-08-18,0.8417170829441287,0.0028715296875115,0,0.055241357866124594,0.00947571856257561,1.3862856569172557,4.580619027909407e-06,0.0319024717494917,6.718716111580412
2016-08-19,0.8387020095275877,0.002424039686835855,0,0.37680426709279996,0.009097629141485822,1.3858577277493578,1.0119892505558158e-05,0.05179212030991129,140.86020986491638
2016-08-22,0.8399881066567858,1.1493013430967513e-05,0,0.06339406342598189,0.007879789843319477,1.386281024247371,6.6948747957163665e-06,-0.26677952536417054,4.762690132422028
2016-08-23,0.8397456980231454,9.280385346373217e-05,0,0.2708621824712555,0.007066744576109011,1.386048005060151,3.1308434923555005e-06,-0.38845215979087744,355.0471674428818
2016-08-24,0.8532278388098641,0.001840206407167571,0,0.2546387041637179,0.006466689408262956,1.3861084954144527,3.71343729785968e-06,-0.39508182370903866,13.421183420415037
2016-08-25,0.8267778370975009,0.002142115797634543,0,0.35194913977573233,0.006540058894319378,1.3858394482561713,5.527041084895334e-06,-0.3371695653164845,1.52726355557431
2016-08-26,0.8238919166061339,0.002574534296322807,0,0.22850947950853298,0.005490335912947267,1.386110176793446,1.3077054359035217e-07,-0.33689976346839434,14.128771447524962
2016-08-29,0.8229400039953535,0.0013056657940402245,0,0.15737928950948346,0.005764448035381567,1.3862058881954826,7.54700625644647e-07,-0.34626335187886825,4.332688265237351
2016-08-30,0.7924316663515568,0.004555397781864829,0,0.5681458703910259,0.006178359958157045,1.385178036744137,7.440475737512118e-06,-0.22133736090837652,1.2865958395855208
2016-08-31,0.7303205097218162,0.001108695267103236,0,0.17481354202526345,0.006530954545278633,1.3861945060000198,1.1790387503132347e-05,-0.25084595982163344,14.868688055768393
2016-09-01,0.7408734960302734,0.0008418087329398736,0,0.11144242921253145,0.006494160745518177,1.3862566513427392,7.26006864142633e-06,-0.25828133243688245,170.64932708303107
2016-09-02,0.7481004434063965,0.002469891273244748,0,0.1596774735790635,0.0066789859505079,1.3862142479781374,1.0234917199798166e-05,-0.24950661047828912,19.301900945275325
2016-09-06,0.7303457084247945,0.004874763381976764,0,0.4970115047632367,0.007376509961797401,1.3854536939500168,2.551178563051313e-05,-0.19844715035614693,2.2820943524972983
2016-09-07,0.6652430171823429,0.0028696564445431704,0,0.9985468884371339,0.009174251719302109,1.3834649537731365,2.3959959530020132e-05,-0.20516957844818928,34.81769112059531
2016-09-08,0.6669568203417524,0.00027478646039696335,0,0.02504843563774639,0.008939168435925423,1.3862923752588932,2.5263378329894995e-05,-0.25733989539058866,17.797523724635965
2016-09-09,0.6573287991237701,0.002035042801666497,0,0.3684624158123798,0.009944423566521277,1.3858629994548455,2.4661630365811233e-05,-0.26887736598810447,3.850655870776238
2016-09-12,0.7796480631032944,0.015199458167768892,0,1.4429312998154216,0.010078376699157557,1.3789765157163567,1.6688282025173946e-05,-0.38365197931022327,2.155107165099696
2016-09-14,0.769821508719219,0.00056801880875926,0,0.14639785044831213,0.010826471251384555,1.3862300484746708,1.3814367802697744e-05,-0.38515627216355347,259.3401163539346
2016-09-15,0.7670470991146668,0.001974763830032807,0,0.33781233722367476,0.009666447419296266,1.3859426649896793,1.7918857338834218e-07,-0.4368493349026182,122.36744110076351
2016-09-16,0.6780359091628582,0.004371282622612191,0,0.19752743660383304,0.009259924154553633,1.3861417540761098,6.2723393141041e-07,-0.4400364243617368,22.687806471940103
2016-09-19,0.7056831399342177,0.0009791028978545222,0,0.15490559684278085,0.008783766578036789,1.3862240442041112,3.348312659553426e-06,-0.4303516484393007,31.216144782687298
2016-09-20,0.674396568410753,0.0008736950540170861,0,0.20860109200300236,0.008328271244270633,1.3861618302915721,3.3424961937807647e-06,-0.4209935979755403,3.4583733179572587
2016-09-21,0.6747958427914637,0.0016394458821607008,0,0.17071184379304724,0.0067738911683108225,1.386195641423989,1.2836765435773155e-05,-0.43664989674374655,2252.0252545453736
2016-09-22,0.7670208529858024,0.010900560471204346,0,1.0636825100442124,0.007154044977529244,1.3822481589887248,4.44717483367685e-06,-0.42541612456613465,1.4042360916588492
2016-09-23,0.7658124271035959,0.001498721789320015,0,0.353268815960608,0.007242428677582032,1.3859041509351357,1.0518436812604491e-05,0.0687573914065136,8.837786921060822
2016-09-26,0.7465275371554102,0.0026814246442668117,0,0.5425661910605952,0.00732539516158799,1.385328235902072,1.3225581503008475e-05,0.015874061634346973,1.8828478864201696
2016-09-27,0.7347263067222138,0.0029590978123671856,0,0.209392861835229,0.006436679419685432,1.3861395530830674,6.344540853260452e-07,0.05827306651586243,76.08306195313652
2016-09-28,0.7384641828718173,0.0005511442044289533,0,0.09416050954686157,0.007079632303493689,1.3862661898509634,1.3102422318581341e-06,0.06848155569832655,15.080249800043958
2016-09-29,0.9330169811338531,0.005422548329675231,0,0.4934133770239129,0.009275703728221544,1.3850024655146258,1.4542427895942033e-05,-0.10255644304028647,1.6110782651843827
2016-09-30,0.932093839696584,0.001135520059121789,0,0.1090412525901218,0.011393250903236833,1.3862516335696389,1.5901509100719168e-05,-0.08819604095674236,92.80143284484127
2016-10-03,0.9408088817533513,0.006366756761876998,0,0.16787763124020294,0.011990814448929913,1.386182750023143,7.738830732450487e-06,-0.025731861313456332,2.6059877015668698
2016-10-04,0.9187395403701899,0.0036440763575652665,0,0.4364874416099035,0.012796226222704724,1.3856995121943836,7.454425946668456e-07,-0.07455401555048649,45.06836973698022
2016-10-05,0.9197650286274603,0.004233082904917368,0,0.720787521516906,0.012388670352918832,1.3845341621993583,3.6864427045774404e-06,-0.05427018932360275,67.08869456921025
2016-10-06,0.9271979106359676,0.002826530071213152,0,0.22091320647808255,0.01091887186675249,1.3861089853306283,1.6198531950339104e-05,-0.04245452262545442,16.470468318018376
2016-10-07,0.9292592620695567,0.0013940930906105541,0,0.22897777471104108,0.01028155152941048,1.3861227239289664,1.3725660581557716e-05,-0.14358300940532995,133.92103733010936
2016-10-10,0.9148884173608653,0.004330886131927384,0,0.7343701411360777,0.009415865986131268,1.3847043318403185,1.3324968701541475e-06,-0.11934148768706086,24.11954438729986
2016-10-13,0.9112299236150582,0.004292200062267073,0,0.14677704010695097,0.010594867834452367,1.386203607835049,1.4667650404071968e-05,-0.18597581348096467,1.1113559118404637
2016-10-14,0.8314777112964912,0.0024057762036464336,0,0.27312361876823404,0.010000554868220388,1.3860542113154188,1.7457380204069338e-05,-0.16516492624994455,193.89875882954775
2016-10-17,0.8127181194629756,0.0034367563774581633,0,0.5946514659088098,0.008719412588691557,1.3849563951534123,6.496875073233992e-06,-0.14624720829687876,5.618291364576858
2016-10-18,0.8012596988830726,0.004175278286093059,0,0.7938268697680717,0.010204074753969467,1.384049161292095,7.657111678382943e-06,-0.028449620757159247,1.9032254925876073
2016-10-19,0.8013355337210986,0.002256019112912968,0,0.3118956632497381,0.011248244011330545,1.3859752584750724,7.855026656113547e-06,0.0012286561551706793,136.3855525938263
2016-10-20,0.7501920406477623,0.003947574667493631,0,0.25613929265972873,0.01129126121840421,1.3860936134613104,6.962382646898918e-06,-6.884686529969354e-05,19.358934770768688
2016-10-21,0.7363798443508813,0.0010568956349167897,0,0.30560281766553965,0.011770099361527422,1.3859886872448293,5.072198399234282e-06,-0.027101171004252307,781.0958808474264
2016-10-24,0.7600166388443345,0.0019306909160731417,0,0.15627768725490512,0.011768850468107512,1.3862191798903845,5.9425757440576946e-08,-0.016058102022904898,109.48544429653838
2016-10-25,0.7147463099617765,0.0014629405086128196,0,0.2114427978723413,0.011901766720170601,1.3861499382034679,6.264356498443339e-07,0.02121707260899135,8.322325254598407
2016-10-26,0.7408675277919893,0.003919629744815245,0,0.07544880045920221,0.010768153308503978,1.3862768254951445,9.771141540813678e-06,0.02223406963734378,1.382566777987555
2016-10-27,0.7381480269751227,0.0009464900455881871,0,0.27616356306392015,0.009872763892916067,1.3860196052054374,3.634782833430926e-06,0.041560245698133054,85228336.3893983
2016-10-28,0.7407969147890993,0.0011310742059373181,0,0.1893065497088935,0.009217066903559158,1.3861694039356478,4.745974150445783e-06,0.05665905680703819,13.178013744225805
2016-11-01,0.7331465823613023,0.0017523871066757798,0,0.1260052986902066,0.006807654509601401,1.3862451422743205,8.638101737412981e-06,0.04523626340461774,48.66184018858564
2016-11-02,0.5421092251783587,0.00972107989980417,0,1.0941311840572696,0.005835618954688256,1.3824996447687141,1.0159540496058331e-05,0.04075579122559766,1.5015643141861938
2016-11-03,0.5472580017634258,0.0016633970809189153,0,0.19772566800528146,0.006154280555581022,1.3861645085385799,1.0868533245352695e-05,0.051885475666698926,16.440111813532678
2016-11-04,0.5509876107666215,0.0021955283727322543,0,0.22000874357276937,0.005849952944775412,1.3861033702023864,1.525373792132699e-05,0.05204525308147032,6.242470178053876
2016-11-07,0.669990069693246,0.012021712888473812,0,1.3965101546168035,0.007069101122278945,1.3794119391565396,1.3540296847085411e-05,0.022952522903933948,4.965532517830356
2016-11-08,0.6771552634175128,0.005041986352507587,0,0.39320222536682903,0.006865075217899889,1.3857040313128817,1.2109713022299893e-05,-0.05693644860820265,10.259196843155463
2016-11-09,1.2860784221605916,0.05733294448668371,0,0.9713477006264392,0.008180664501209078,1.3776171944929427,2.1948584491017693e-05,-0.029065162008452973,1.7758605904767502
2016-11-10,1.326763521092218,0.014552001852928513,0,0.867436687999909,0.0098929964488567,1.3831189487632791,8.515623275207128e-06,-0.06627851302858465,3.4134256822279845
2016-11-11,1.3296537656725091,0.008137835538555654,1,0.6146672892250759,0.013859797039504646,1.384697291785299,4.376532168128786e-05,-0.505236334336337,1.5114827990337245
2016-11-15,1.350901082707132,0.0013811101808008576,0,0.6010515539839855,0.013902035909466978,1.3846492140727007,8.08801431412783e-05,-0.5681584112179614,3.038057347791945
2016-11-16,1.386542180648224,0.011916237119342386,0,0.8793182201619163,0.015185862023831345,1.3828519951669738,7.917963894962723e-05,-0.5526097470666541,10367.414772689208
2016-11-17,1.3868244383199915,0.0008016427842663801,0,0.17253430115260687,0.014587824412035544,1.3861792042157872,6.617517588146047e-05,-0.5415025911719107,92.0264863336136
2016-11-18,1.389869418455253,0.002175814102091163,0,0.11975581419580697,0.014648988106525422,1.3862414970161594,6.31232537719088e-05,-0.520111881987194,2449.0775901162147
2016-11-21,1.4116422058731,0.0034618795052002087,0,0.8466179064499605,0.015078716804040944,1.3830691430151685,8.260657919163676e-05,-0.4916499898809991,2.6458475997343665
2016-11-22,1.386217600522666,0.007544810458977732,0,0.4590870134410409,0.017888867739038746,1.3854538751633294,8.153428722594245e-05,-0.5244418083951881,5.077909000573763
2016-11-23,1.368695772153938,0.006092196950096119,0,0.5180975177326932,0.016413629928325478,1.3852054986720117,8.28320481793987e-05,-0.5373712194891765,29.674439510113945
2016-11-24,1.3452025395525407,0.002679947571705899,0,0.10128232488317879,0.0150961257731438,1.386259736020906,7.547532254570369e-05,-0.48087823482170466,6.962419934260469
2016-11-25,1.320123205235949,0.005315106596195761,0,0.15963452971796302,0.013834511116301544,1.3861821354637618,7.1532684042607e-05,-0.40597187646453375,2.4585573219899843
2016-11-28,1.2586539024878556,0.004155610406670729,0,0.3357653689373634,0.015232071676092323,1.3858758763878187,2.519661924563588e-05,-0.42607165491273696,214.40733401723506
2016-11-29,1.2569914962754238,0.0005719982598980291,0,0.3175095265452414,0.012680055126249699,1.385931837069794,4.059825921271819e-06,-0.4182417953572975,123.84385942403465
2016-11-30,1.2349802637511498,0.0036777592877331403,0,0.033151246219069244,0.01311235314371869,1.3862901472364229,1.417179664983857e-05,-0.47832849519591697,5.150459291959824
2016-12-01,1.2005634651851405,0.002368158498136858,0,0.4574340511766851,0.014304311385114945,1.385616929764355,1.4228473520974266e-05,-0.4388650162652167,31.349391239827362
2016-12-02,1.2239143916500919,0.004814581940441509,0,0.18676426508593466,0.013391842559157102,1.3861703889541515,1.7640724186438872e-06,-0.39227313302706457,1.7180918278817208
2016-12-05,1.2050929595742024,0.00024112878331759486,0,0.09466224273702839,0.012380473369242877,1.3862612559317287,2.3011082835585763e-05,-0.3945867322159928,11.814296251301373
2016-12-06,1.253630858470164,0.002997183468228684,0,0.21007418987556012,0.012167267305481056,1.3861582357054967,1.561382734929885e-05,-0.4494795125160815,100.84320248260215
2016-12-07,1.2401800483260377,0.0030959682520442992,0,0.15706634094787864,0.011554803489634334,1.3861920000290364,7.80280531721182e-06,-0.4363002527368436,9.382916423479825
2016-12-08,1.251452283406445,0.006158482782194522,0,0.5830120664160541,0.011087057908179146,1.3851102819085797,3.438763171618347e-05,-0.32728922830844775,1.7183602555960957
2016-12-09,0.8356975993267802,0.00300881190890459,0,0.5827934178298658,0.010970660910770357,1.3853275112694226,1.5091442817353417e-05,-0.38310709084544753,114.32946121723866
2016-12-12,0.8136487852707438,0.0037713911256356293,0,0.21778095261472094,0.012365293541817667,1.3861377318355683,5.020741655002393e-06,-0.367079020432831,3.8219005778679116
2016-12-13,0.8050350710803239,0.003097780088227647,0,0.19547118672862301,0.013376788256556443,1.386156998001403,9.237204706942794e-06,-0.3814196679836745,13.014989168374042
2016-12-14,0.7778488910191159,0.0009178453161537392,0,0.22637241787208973,0.01305535091468308,1.386128678613788,4.644583586032683e-06,-0.34584929048912194,21.781402500186328
2016-12-15,0.7106344003291906,0.006627550432870896,0,0.4543018669741999,0.012175356952689566,1.3853884613675782,4.350956874140786e-06,-0.3087505091540053,16.031651916094244
2016-12-16,0.7148786331704071,0.0030125418900081844,0,0.5879577181244,0.010351599131058889,1.385226715571643,5.155959188664276e-06,-0.2848826749067521,66.2143343857189
2016-12-19,0.8403291719657918,0.0016538365943410593,0,0.08329093146324378,0.010260551516670534,1.3862757370317953,2.3783410794001144e-06,-0.28143155158091765,5.134860855157586
2016-12-20,0.7601042928642421,0.0007708935561611043,0,0.06308303990914016,0.009680513411205634,1.3862813454280034,5.921759052784415e-06,-0.26575971046754,8.774392182233454
2016-12-21,0.7257483069687357,0.002897189222471058,0,0.49632978378279186,0.007160950647154145,1.3855064264708683,3.931458313864537e-06,-0.23969165120200447,7.076946385526613
2016-12-22,0.6785046352758061,0.0021669731688782673,0,0.2517232813651908,0.006241632366643511,1.3860792169959844,1.6757390915034635e-05,-0.21427922984309528,1.3415898678445122
2016-12-23,0.6723074064164722,0.0008275154833971989,0,0.18358075409155464,0.0060424595313687,1.3861696152593472,1.6910128271374532e-05,-0.26792545460021566,199.71832518246197
2016-12-26,0.634131935969248,0.0025891928961274766,0,0.19067067217694633,0.005297268734168533,1.386171862135469,1.5559572663839852e-05,-0.23126341744753415,2.2610085173094525
2016-12-27,0.6584964083407661,0.0008594673917588333,0,0.38594515433857024,0.006893404732736267,1.385673044969534,1.6667732779813392e-05,-0.1742651431095632,1.8497914473469468
2016-12-28,0.6584891902166664,0.0018282768109152195,0,0.2713064892778474,0.008462128459676812,1.3860261337474298,1.3021199878457613e-05,-0.19179885840310879,7185.0009573146135
2016-12-29,0.6548892803251187,0.0005290857146826151,0,0.35278236657142964,0.009181681141318178,1.3858545706910435,4.808497816918898e-06,-0.20314498158301225,5.687146444014617
2016-12-30,0.6572501316638567,0.0019786183315495063,0,0.2863229042118535,0.009069201553342867,1.3860186699941601,4.8233338129488026e-06,-0.24088123044192505,5.046252626294907
2017-01-02,0.6728333465701222,0.0029641341247004928,0,0.3071182260457439,0.010097296379594924,1.3859385896950416,7.69790217683098e-06,-0.22035746883136714,707.7120209023932
2017-01-03,0.6726469231313542,0.0020212830127264467,0,0.17582022823971133,0.010345004728324135,1.3861850841921661,1.1126452398311698e-05,-0.2445505060068537,73.17854294935988
2017-01-04,0.7239573070026186,0.0012687350056805752,0,0.11770378826304251,0.009693456164463134,1.3862559700454264,1.2955622583184158e-05,-0.26563333130175487,3889.218199508399
2017-01-05,0.6994323204118778,0.004403985855422142,0,0.3169734170675704,0.009610158732967188,1.385993110559905,2.6723257164823546e-05,-0.2897784986902924,2.0247119671618847
2017-01-06,0.6964545688179606,0.0009724541901728457,0,0.03966666572202901,0.009961954960667034,1.386288919092082,2.4439948728583983e-05,-0.2627690127697823,8.992193186394047
2017-01-09,0.71443116552134,0.001884465673681657,0,0.435561023488261,0.007440498026180355,1.3857792212408202,2.6163367767024343e-05,-0.2893779214386796,134.45743264964534
2017-01-10,0.7666514440227992,0.003230597930588365,0,0.42749809643539394,0.006542365213968922,1.385835224033135,1.6058529771681945e-05,-0.3068973058014472,3.8803955166865154
2017-01-11,0.7624323282125937,0.004718262610153608,0,0.3146184311157653,0.006143828651261011,1.3859846319541105,2.345534173317256e-05,-0.36029511276333803,2.286467048381026
2017-01-12,0.8401049825939458,0.001240114630496859,0,0.11069503854070058,0.006844838333774133,1.3862622393423936,1.9713697578860686e-05,-0.4724709054630182,18.643401645405152
2017-01-13,0.8000069343539273,0.0059828986381327085,0,0.5581526758268993,0.0060799228122306,1.3850849323598187,1.2956321074415347e-05,-0.4806617034110374,261.8232601456175
2017-01-16,0.8030083180822654,0.0011195577654628506,0,0.07799869698796463,0.006076448099356633,1.3862757637146292,1.3750324305745428e-05,-0.4689837264359726,79.92002971361079
2017-01-17,0.7483435001918488,0.0002674138485472481,0,0.1716674125729504,0.006239843272817745,1.386197932434208,1.2631474785990544e-05,-0.4627885049398996,44.49441323476956
2017-01-18,0.748158313969837,0.0006963054362871475,0,0.256528118323793,0.005538518019782822,1.3860726028826273,1.3656318496305729e-05,-0.46475098213487753,4.125571470166361
2017-01-19,0.7864187446820013,0.0001663626163603794,0,0.13266149035253436,0.004023008484179367,1.3862453495247242,8.264983889708956e-06,-0.4878250671697011,3.3981138596295355
2017-01-20,0.7896407893919621,0.0036521425112586645,0,0.09943208123360882,0.005097895658752089,1.3862597986319722,7.060836161858671e-06,-0.4841899099262799,1.1438134552526287
2017-01-23,0.7993727850807109,0.0023682558141823544,0,0.4841872647130093,0.005981538813535489,1.3855007717547871,1.0483671386375009e-05,-0.5044997219980781,5.622915125575521
2017-01-24,0.7994944354818538,0.0018513275621519821,0,0.3494738291812767,0.006012181854099701,1.385891813104324,1.347178531230673e-05,-0.5046403999033497,2.3960314992286187
2017-01-25,0.7538300089534147,0.00278645745158159,0,0.45701750669326746,0.005677698875298822,1.385525060786099,1.7610467690870697e-05,-0.48353443098456983,2.060024594841058
2017-01-27,0.7494489188964443,0.0009004691762068236,0,0.15814858730003586,0.006391410999919512,1.3862121294875727,1.855407519071669e-05,-0.5526777454297587,23.603865598171023
2017-01-30,0.7525772607831898,0.0006598670568361989,0,0.19053171736478264,0.006741775437322789,1.3861885893387997,1.8467464209047044e-05,-0.5675247098544302,379.1366267842897
2017-01-31,0.7526750798034988,0.0003823156596908182,0,0.44125625292459614,0.007195685422077055,1.3856712404542564,1.3337181858469703e-05,-0.5576998114634867,5.948987138334397
2017-02-01,0.8294571710954096,0.0010565013689634497,0,0.26179887572586497,0.009667327162469288,1.3859753125050598,3.361265423507993e-05,-0.4621699581426822,1.9647862973609371
2017-02-02,0.8239893034419496,0.0009574609272734898,0,0.18987741225371724,0.011422523863131355,1.3861704832759167,3.3434390504560646e-05,-0.44899499690612665,99.52821016802855
2017-02-03,0.8261972960698214,0.00010308202979652339,0,0.22793607226631335,0.01019063126682499,1.3861473160328863,3.2317415828761224e-05,-0.49665761532342456,675.4434258075322
2017-02-06,0.8267486314771548,0.005078064478041457,0,0.5248335788530623,0.00917193804331069,1.3854622338738205,4.053714974527653e-05,-0.5047019756501853,9.438621927376106
2017-02-07,0.8246170678397716,0.0005282508961778852,0,0.06706121352370173,0.009796394490960812,1.3862794964418224,3.604158175441023e-05,-0.14701502567734606,27.91503230228999
2017-02-08,0.8217330756594882,0.0007125410527482626,0,0.22437050642620154,0.009678889287018575,1.3861141951381573,2.738271278506667e-05,0.1779912169391615,8969.965842893744
2017-02-09,0.8122940197417018,0.0030174351475155906,0,0.1772788154229943,0.008632072308604655,1.3861713466351637,1.4104451970642062e-05,0.17353691851646186,55.09772990417027
2017-02-10,0.8148263710684235,0.0038598991970518162,0,0.47859303473377,0.008099745334268856,1.3855670856045674,1.209903351559067e-05,0.14319571391198646,21.851231667203894
2017-02-13,0.7450902455604868,0.0029806958945472815,0,0.33810637711273467,0.007332012368415467,1.3858827884972909,1.3561541101573083e-05,0.13017030507992874,11.547068718942693
2017-02-14,0.6815302330365108,0.001685178033112581,0,0.2956516288340226,0.004719855785971266,1.3860329103195905,1.599969522663783e-05,0.3799492852313214,3.773686554773812
2017-02-15,0.6740427941064985,0.0015194834679944094,0,0.056641095155707886,0.0036488029723052338,1.3862825497243307,3.659091346895809e-07,0.43776793098366296,1.1328977441903207
2017-02-16,0.674768614825183,0.0016376607160564188,0,0.03368217473662377,0.005041002306583622,1.3862907653995042,2.1298306579919404e-06,0.422626803500538,2.7887461144561794
2017-02-17,0.8171583006832572,0.011969567608742735,0,0.9737321525105509,0.004489799416350489,1.3824539528001423,4.131189331704482e-06,0.39321974274999466,5.074083404949251
2017-02-20,0.7539819023981833,0.0003571820873846657,0,0.3175076247796842,0.003484315542655889,1.3859699630460423,3.926502948089273e-06,0.29015066989609506,3.924143946140068
2017-02-21,0.7663579920385899,0.0012999255695110314,0,0.15050856063912688,0.003424522912503159,1.386222259026281,6.592912246538367e-06,0.27741693083277114,16.758960552554935
2017-02-22,0.768593812956369,0.0026626398315746955,0,0.16626700492093227,0.003436167067466989,1.3862080614820984,7.3934511911640086e-06,0.27542268886384064,26.052662623248597
2017-02-23,0.7694709151396216,0.0032991702279830367,0,0.25146735764199946,0.0034436579580789783,1.3860955541750204,7.526818210026539e-06,0.31789771819481827,42.12604773884305
2017-02-27,0.7691969686326121,0.0004697364391002639,0,0.23817956573249716,0.004087245807655856,1.3861219216760392,5.410314456460943e-06,0.3180332677284648,3.567676989986878
2017-02-28,0.8022010029280494,0.00025287078163501505,0,0.11113338023862795,0.004100494126108323,1.3862588767578363,3.996163019514958e-06,0.4529288929479897,11.795926987032793
2017-03-01,0.7862863760905334,0.0027891135096066947,0,0.10976438515192459,0.004442995001696956,1.3862575824246584,8.795335156180969e-06,0.43909645513827994,1.6033613200633958
2017-03-02,0.8303812555033594,0.004133033846791124,0,0.4237463334000635,0.004307428788848312,1.3855867271344269,9.126721855774767e-06,0.46328993532466944,4.14971377921652
2017-03-03,0.7660052842561027,0.0018275629621017746,0,0.1470302997367949,0.004728454388215323,1.3862309701234168,5.9496943835467806e-06,0.4533202494547842,1776.443380090502
2017-03-06,0.8066140412043596,0.001970488494789904,0,0.5462571019180851,0.005405753539824688,1.3854992096255332,7.45381472569964e-06,0.3226349203063427,2.5713909923146416
2017-03-07,0.7755479182804818,0.0015940748177269456,0,0.36215601539796344,0.006067072389236033,1.3859195840151268,3.3744576790077647e-06,0.3481812400286354,40.913780469079
2017-03-08,0.7764926194403483,0.00042461610720915947,0,0.13310035559097047,0.006022204543439588,1.3862363023884798,8.23000132649907e-07,0.4521234802015038,14.219084991428616
2017-03-09,0.7980477106880779,0.0010987068390946263,0,0.12425056546764948,0.0062561884032938005,1.3862496729748999,4.919605572748456e-09,0.5008349346040823,703.8807867148632
2017-03-10,0.7995897843900097,0.0029864842949063625,0,0.18795195182476374,0.005626544803282144,1.3861726041984364,2.432967517403941e-07,0.4847289254513785,91.05511320398395
2017-03-14,0.9533521905285024,0.017430691089398986,0,1.3700497501591449,0.007093039257818999,1.379039050904505,1.3969599138935455e-05,0.5210952587678414,1.0370955649558957
2017-03-15,1.034517976694926,1.6550222240843247e-05,0,0.21587933798977602,0.007960770125230545,1.3861765972117546,1.4865788201165866e-05,0.5141456262585788,5005.398788376845
2017-03-16,1.022602842545641,0.004924735701971341,0,0.984637225994211,0.007428445665778199,1.3838532606618361,1.497505301457976e-05,0.44852822271256176,6.029597339018956
2017-03-17,1.0518238148484735,0.005892739255816892,0,0.7040509785764615,0.0076449356254658435,1.3845817153586855,1.734785678383019e-05,0.433935231893867,716.6516917731473
2017-03-20,1.0547064416573713,0.0007530300595923282,0,0.33215717825362745,0.007278039139568022,1.385983441481659,1.6034252662806417e-05,0.43344992659607895,27.082234611539295
2017-03-21,1.0544612090385272,0.0007776862318533654,0,0.17165594498980843,0.0065910805866854555,1.3862003413195927,1.0703293234998971e-05,0.5408106381869401,206.98501668089793
2017-03-22,0.9568311815654942,0.008178925082986153,0,0.8279119945335248,0.007564916933269399,1.3839851800679714,6.6207327873295115e-06,0.44902826533181284,1.7064157067413426
2017-03-23,0.9852269735746741,0.0020244049227305275,0,0.16972796165067797,0.00905000440009661,1.3862143950194372,1.2924186212413058e-05,0.48596257770563117,4.016026298009075
2017-03-24,0.9994081314856159,0.00194611425748549,0,0.17052014520334197,0.009409705251990565,1.3862115289019161,1.4384341324858378e-05,0.46208688706971146,27.74557236528775
2017-03-27,1.0009168983576222,0.0015987525862490907,0,0.11841525664152643,0.008657548807064434,1.3862499829950226,9.485218419222418e-06,0.43868805832931485,4.022481570491385
2017-03-28,1.0070167200265063,0.004005125347714957,0,0.5663440499766292,0.008200407794147567,1.3854685720866722,8.771290294327971e-07,0.4501236520564028,6.118554474592859
2017-03-29,1.0079213617159724,0.0030610178458164994,0,0.27937597910631423,0.007491145182327055,1.3860681283774108,3.8532925579865825e-06,0.4717980649738085,6.811534098790012
2017-03-30,1.0104460124138317,0.0001312664442077533,0,0.11133495144261107,0.006889091938732989,1.3862602861609585,1.2121021408602839e-06,0.43953776246755544,11.59821438637336
2017-03-31,1.0130289085732433,0.0016200180886311918,0,0.25082939272845844,0.006771941587683811,1.3861197364838775,8.27614252756902e-07,0.4516034131816147,118337010.8157
2017-04-03,0.9587515830865136,0.005093924131549279,0,0.5249275080374932,0.007207303700491245,1.3854110584275985,6.9431367339595365e-06,0.3935833758053399,2.453408407391079
2017-04-05,0.9645774948934837,0.0028700076449914816,0,0.4051734648814287,0.006603558930609189,1.385753404146656,8.95301521994738e-06,0.42903685100086636,10.34710391557075
2017-04-06,0.9483783672713573,0.002090718497099896,0,0.18115877481085974,0.0051700963140113,1.3861973375430545,1.0514044260998766e-05,0.4225925363561411,569.8163349782004
2017-04-07,0.9513360400837679,0.004138350967444931,0,0.26074204787684924,0.005477913007629011,1.386072789068912,5.9722168712569314e-06,0.39459757450891897,2.2051615396760265
2017-04-10,0.954391855578657,0.002963522982179712,0,0.8675074662533848,0.005006600622907611,1.3841580832721534,3.972150511282295e-06,0.4572529820074869,32.193923273400095
2017-04-11,0.9444807815800605,0.0003375377768080341,0,0.20778996698421043,0.004430883398234667,1.3861607231643265,9.147556557058356e-06,0.4583536168670085,2.6419871281875156
2017-04-12,0.9449272971014524,0.000595254218176954,0,0.13073304478311332,0.005348261026378044,1.3862331974632516,4.990651332550888e-06,0.4971703459746055,7.602594462675596
2017-04-13,0.7231866985834117,0.00010324871068989488,0,0.5765407918718386,0.0054210172981072995,1.3853820086738966,3.6200598097039776e-07,0.49079514424264503,4.054585282731721
2017-04-17,0.687929449737025,0.0006613416893819349,0,0.2073203229221639,0.0055554090569587995,1.3861778158521068,1.732927542764406e-06,0.5108000271565013,55.32233973818684
2017-04-18,0.750870303594517,0.0025898612537879474,0,0.09841740024977441,0.0050579697013446775,1.3862543022585574,3.5447601130518574e-06,0.513075766643917,7.002618389202996
2017-04-19,0.6964895799487558,0.0007739660063256444,0,0.19676480228747192,0.0050079964631727335,1.3861820469990132,5.7043636190753845e-06,0.5337441655438905,1880.1016471959565
2017-04-20,0.7380487613273893,0.0005051296504931111,0,0.12899088464332925,0.005062705087072156,1.3862508407677239,5.5708715349782915e-06,0.5200670974749046,4.7300120780340125
2017-04-21,0.8165248996119648,0.0046626405074928975,0,0.4321011036433431,0.004942642671295256,1.3855794158365495,6.150345838388067e-06,0.6404908782423254,9.257622992603077
2017-04-24,0.7583525279344006,0.0017474052296866068,0,0.46220425753192734,0.0057813747078388445,1.385591390955989,1.0860289704974552e-06,0.6225753090220514,1.2642515377349994
2017-04-25,0.7538127190939856,0.005959631437663998,0,0.5432130095585923,0.005038269560195612,1.3853339083158713,7.86148190013213e-06,0.6218540577559585,2.4414900684361203
2017-04-26,0.7393769682827308,0.0031755542217181566,0,0.2042622458971455,0.004488271654251412,1.386156955535198,7.05854203187842e-06,0.5628563506397173,10.50531244729159
2017-04-27,0.7546386841890602,0.0007803732158092548,0,0.11324598006819442,0.004909340000783656,1.3862583939670459,8.259237427937266e-06,0.611858661989425,218.4373850380234
2017-04-28,0.7484675337829352,0.00012847924343507361,0,0.015976561986511324,0.0047503812588800785,1.3862935832373209,8.80527717775874e-06,0.6140653917953421,14.875877107795638
2017-05-02,0.7802617151228602,0.0038403820887427686,0,0.3127622982804925,0.005044608022611301,1.3859354703251718,9.853892109967157e-06,0.671672462831398,122.15624204303991
2017-05-03,0.7552703136730483,0.003312208256286978,0,0.6444231706891549,0.004787243685871767,1.3850616130478186,1.0993551699192162e-05,0.40838958624035415,1075.9068612348858
2017-05-04,0.7570835363443243,0.005248259397003927,0,0.8370443433664843,0.0049590120874097,1.384109068501072,1.3584960403319825e-05,0.37913290784497616,1.7170048607228015
2017-05-05,0.7715687909982897,0.0015639014644736994,0,0.503979253624856,0.005811048309922867,1.385396824122841,9.599216050279122e-06,0.33747959166898583,1.6905182086428525
2017-05-08,0.7850067576799814,0.0028123632205765193,0,0.23164745542802725,0.005642449988776445,1.3861444579511506,1.2293700899949124e-05,0.3602695612157211,10.579010932864968
2017-05-09,0.7839839126285587,0.0024984523992581664,0,0.6983542748016387,0.0058217177694400895,1.3850288219595832,5.30881428697463e-06,0.34073237682890456,1108.1221805821942
2017-05-10,0.7853311523929559,0.002444273320492617,0,0.4159559733514987,0.006337287491768411,1.3857643800345272,5.372266467796564e-06,0.3042944865150865,2.071982109578742
2017-05-11,0.7891005875620268,0.0043805781759855035,0,0.9206422266050021,0.006578338891593278,1.3838685810698874,3.6238952701403416e-06,0.2988518542124247,65.9263943275824
2017-05-12,0.7873189556301086,0.001511211022999133,0,0.2087297211533011,0.006671595129169323,1.3861532358131203,3.064794968846589e-06,0.3304164712857914,21.22865201881904
2017-05-15,0.791463410280782,0.0034669922857153276,0,0.7399454354210505,0.006879678525912522,1.3849138290434246,7.1415555521781955e-06,0.29829673536711143,5.538950879109872
2017-05-16,0.8000807693272417,0.001650193859506832,0,0.3767688208574735,0.007000138414005034,1.385895769762739,1.0630863318314222e-05,0.2340341366735008,3.4816862852217523
2017-05-17,0.7628074214549333,0.0005622335042822014,0,0.22585110025473643,0.007033429490294644,1.3861467774249403,1.1317664136179305e-05,0.2579546292963243,40.69035342707995
2017-05-18,0.7659787521018262,0.007645328885414627,0,0.6042516213393573,0.006860186434064966,1.3849862602387866,4.594390999474608e-06,0.19283357893448386,1.7677943125261062
2017-05-19,0.7932849028222635,0.0042805975680872835,0,0.1676859190238102,0.006738277778753822,1.3861807296751447,8.268189259600594e-06,0.2388165068538282,6562.84617588666
2017-05-22,0.7398500211084296,0.005537267480159998,0,0.5823086043832073,0.006568342205451655,1.3851298329425692,7.149916514943761e-06,0.27966106070427754,129.77929489170907
2017-05-23,0.6937004217130452,0.0007201924506563869,0,0.25449469144355397,0.0062651913487697,1.3860844330990496,4.312709517929868e-06,0.32125515035228025,4.475369205193991
2017-05-24,0.7032493603132058,0.0026333933541989553,0,0.17219292290470625,0.005681483095709267,1.3861874568421877,2.4739351460894623e-06,0.3598907736973598,19.11296837730662
2017-05-25,0.7169650876367868,0.002507390160555654,0,0.46216130499591906,0.0073099781513637435,1.3854770275613388,6.621391990013629e-06,0.4984379258311231,1.157278014258111
2017-05-26,0.7241000499454462,0.00021033258918080303,0,0.3173766201864997,0.007295735055821322,1.3859345763306181,1.5312057806310816e-05,0.4296983275811248,4.62472302196636
2017-05-29,0.6984812473480609,0.0036595740442254094,0,0.2907425792788317,0.007916166062459578,1.385983344868072,1.2446709914919487e-05,0.4093820204702377,354.0771521774105
2017-05-30,0.6942799883117254,0.001484719326900927,0,0.22650541115946915,0.007403769597283121,1.3861440772771116,8.44469378260269e-06,0.44875392744104503,82.02307192872158
2017-05-31,0.734292572870122,0.0012460349404726867,0,0.12751021837223678,0.006382381628161567,1.3862506238549932,7.192388059797886e-06,0.44461884645157274,2850.9197597122034
2017-06-01,0.7554548494896587,0.0018413924195517877,0,0.20289536981114017,0.005293053877654267,1.3861777806000153,1.1984130875619843e-05,0.4466960447039776,298.0515481346798
2017-06-02,0.7437972414051818,0.004259877636362518,0,0.6866333846798341,0.005643690719252012,1.3849694326715005,1.4405086116534751e-05,0.46917025621012176,1.3731773530135174
2017-06-05,0.7729329948503141,0.00028998795797370943,0,0.13882675126595795,0.005089725558776333,1.386241000277824,1.5059302573712773e-05,0.4373535918545406,4.933660989980839
2017-06-06,0.7662376552177883,0.0030083994765525263,0,0.677955060156369,0.005463162519796478,1.3848180591842505,1.5459478299413014e-05,0.4366964015178601,2.32517278863453
2017-06-07,0.7582154093922719,0.0027770252573134373,0,0.34903831490780807,0.004147292815306167,1.3859309012396361,1.7693640177905446e-05,0.41349512853571263,5.658924867164164
2017-06-08,0.760605007812806,0.0019125109082229156,0,0.47756313059138455,0.0038825892600330893,1.3856631884230888,5.041750765359546e-06,0.43156770940870187,15.524925549876931
2017-06-09,0.7596632701619069,0.0009022385372447425,0,0.10453994023027786,0.0034364610049595332,1.3862592420840727,1.8034757455758907e-06,0.18849859404663194,7.577178594677808
2017-06-12,0.8075086581284363,0.002231412808350617,0,0.11979530020061067,0.0041619011538658,1.3862548800132435,3.661017778869319e-07,0.19992478915021855,2.066230735417496
2017-06-13,0.8039152468288059,8.845550549129179e-05,0,0.22095241388840015,0.004384382328352077,1.3861424893837901,5.501453989839223e-07,0.25564128312871276,46.34782910011151
2017-06-14,0.7857958802936535,0.001523723102801676,0,0.3411318791395524,0.004602847476748823,1.3859493754800434,9.751544378954243e-08,0.25079737586090994,28.446640535899594
2017-06-15,0.7756257710105307,2.5992861305826206e-05,0,0.06561685104421164,0.004706298652682788,1.3862815311951526,1.3085609552907303e-06,0.25030429506560903,3.0618230014013474
2017-06-16,0.738593598058865,0.001815046329775691,0,0.15520874952476307,0.005103484162811878,1.3862237610803758,2.0409604283802835e-06,0.2346634729803956,45.739620075622604
2017-06-19,0.6813682845907189,0.00399185368029849,0,0.16058456523294934,0.005105027468352656,1.3862159670079075,6.965473476853149e-07,0.29392978940180736,1.400487718042607
2017-06-20,0.6710138105415413,0.0013400417922413556,0,0.28315109561623775,0.005209465985459179,1.3860912516654993,6.118074048615603e-07,0.3509742414912828,410.7172924085739
2017-06-21,0.7009444200739329,0.0005595796074119238,0,0.2261816559813128,0.004892561890283288,1.3861540449757244,1.1133512089179985e-06,0.3902383789475862,17.645626902465544
2017-06-22,0.6760420656292451,0.0009390604412277933,0,0.24404067415473008,0.004647119862128145,1.386084497043518,6.283778767847553e-07,0.4203767454417508,414.0290437064588
2017-06-23,0.6320074144964812,0.001374962923996033,0,0.4704747583401217,0.004403502576970333,1.3855831621106218,3.6855259364739274e-06,0.47147455168743313,2.7263395358077913
2017-06-27,0.7015428508538362,0.0019927607799604917,0,0.08902645861159732,0.004018769108406522,1.3862607437481866,4.37301556821403e-06,0.5018111128885575,1.844288403552336
2017-06-28,0.6454870211375833,0.0009247572504351078,0,0.16743716331171152,0.0042831782735375775,1.386214486924069,4.839351369908281e-06,0.5522610764712153,19.144312425630005
2017-06-29,0.6683093061263268,0.003334373716194234,0,0.2144762636253363,0.004074888836785389,1.3861304996163626,4.781296665489532e-06,0.5380695985288823,45.716291698350844
2017-06-30,0.6742946210597005,0.00269716745029009,0,0.12792806597997344,0.0035406412258961444,1.3862360799454898,2.367958911220315e-06,0.5773077055727676,27.780652749958772
2017-07-03,0.7408325394839407,0.007017698899122891,0,0.5024169267327134,0.003750621632369456,1.3853608423413155,1.447451593693912e-06,0.570851216374884,1.5561327574892785
2017-07-04,0.746790808084638,0.003208616057279893,0,0.4968086737695875,0.004013944802253334,1.385531160222535,2.0870835265487258e-06,0.5693389011376998,3395.909174891926
2017-07-05,0.7825356694751238,0.0006707407946036607,0,0.08557450223429998,0.004131412966476078,1.3862757516129776,7.65185100039448e-07,0.566407702938175,16.958372262552796
2017-07-06,0.7651769736339097,0.0016587878739253656,0,0.18026208383196918,0.004088326057026957,1.3861950507696759,2.013399687671521e-06,0.5126142887599343,8.255993634653512
2017-07-07,0.8023699028404211,0.00043424318613391114,0,0.22125975893551783,0.0040185821409906225,1.386161729808323,1.766073286638012e-06,0.5778605339139264,144.84722888234336
2017-07-10,0.896556215744829,0.005519717402674403,0,0.20867274024780255,0.005219534734778101,1.3861058022838355,1.0654589370585281e-05,0.5367589432889456,1.1864303934534612
2017-07-11,0.8976609964977685,0.002698255527252205,0,0.23440313371446475,0.0057481642424997885,1.3861310268970986,1.2249448706347811e-05,0.5308619671651129,60.12506404380487
2017-07-12,0.882087924981025,0.002169104186414969,0,0.27495972098966237,0.005532417817379545,1.3860919425902218,1.3241323098900386e-05,0.48981666459592244,15.372571433567941
2017-07-13,0.8860186631909928,0.0040362395490074554,0,0.5707193626002685,0.005998301772449923,1.3854444752688442,1.630987012209708e-05,0.4192288625469149,3.2061941667471783
2017-07-14,0.895464569289397,0.002181228774431776,0,0.3320786493519725,0.006014354374745122,1.3859271722654956,1.612360536212066e-05,0.42196409241705624,642.8634804145971
2017-07-17,0.9170789064114958,0.002202711870941211,0,0.25436870117553473,0.005294229633528689,1.3861285394141638,1.1440628710911886e-05,0.42844784504196115,8.933556618893999
2017-07-18,0.9849088894410474,0.008431005813879164,0,0.5158231715947212,0.006325765203745922,1.3852556900520328,1.1630191906583583e-05,0.32089036268698545,1.9576443660686342
2017-07-19,1.000280402803361,0.0029263504613088404,0,0.3511106115655499,0.0079967435375181,1.3859623276070618,1.4840804055353498e-05,0.2865464306807381,3.761885319983952
2017-07-20,0.9727149268262546,0.0020787892470215895,0,0.5372829995857952,0.0085827460492183,1.3854475211151431,1.1712307091494905e-05,0.33818792141409715,21.36354161623676
2017-07-21,0.9488454631425225,0.002660188538483485,0,0.2791335137837745,0.008045540038769332,1.3860104399901407,1.4516951503668265e-05,0.3427297095511014,9.393730149862883
2017-07-24,0.9558697706177663,0.0021710416167558372,0,0.07479652732018369,0.007113269696059644,1.3862773778826945,9.943055602333967e-06,0.28529406924332285,7.04042056108664
2017-07-25,0.9679056216123499,0.0044200426500479555,0,0.7547627575514669,0.007535402559712922,1.3844884604180205,9.162755295357451e-06,0.2719599449220012,3059.7645443583842
2017-07-26,0.924584435209412,0.0019150190581385962,0,0.04176248477363838,0.00766803743796341,1.3862892211238276,1.0727966341636504e-05,0.23161040871976535,2.6359236773211476
2017-07-27,0.9444757141993497,0.004242171334422924,0,0.16675449894250582,0.007380372578373411,1.3861869542962535,6.2580683339096e-06,0.22990170784325842,746922.4292872226
2017-07-28,0.9406287771815204,0.0023979509488073914,0,0.210257689800541,0.007054062355142223,1.3861405433938263,6.231138494299555e-06,0.2835542576966846,160.1078898748791
2017-07-31,0.9350812576478559,0.0020150631397683875,0,0.05616468705379383,0.0064818581174723895,1.386284657010133,8.170122730020543e-06,0.28992828974511725,1.821997204543597
2017-08-01,0.88680211087737,0.002373875430121374,0,0.19090361163648353,0.004945315968669933,1.3861799263846208,9.938773354695302e-06,0.2836183640907367,6.111659776839643
2017-08-02,0.8943954179536364,0.0021381142219286772,0,0.27925691196861535,0.004611623710623801,1.3860277732786954,6.472728393028759e-06,0.30031960797347534,5.920610126923613
2017-08-03,0.8273631667544501,3.467891058585889e-05,0,0.3112658844058723,0.004230509728653777,1.3859886166630266,6.0527000715782605e-06,0.30776120134116836,2.399236765376469
2017-08-04,0.8167708558102419,0.0005045168607058868,0,0.10906523390262779,0.0054639759146126,1.3862546932120017,6.616868623028623e-06,0.27465571802811806,4.950218201847231
2017-08-07,0.8046085337108441,0.0008340530323879293,0,0.0815337571208045,0.005554781214939467,1.3862767057753416,3.8455732323441634e-06,0.26680526905986623,123.2607626557359
2017-08-08,0.7665617860408581,0.0010880806757760867,0,0.11980916837174417,0.005685510144815078,1.3862367747837046,7.114291411981997e-07,0.26955934213531546,2.3685234227080287
2017-08-09,0.7661015090765286,0.001745203619737297,0,0.14329069025181704,0.005147338387822834,1.3862297791994103,5.802196197063934e-06,0.3055959417853849,3.704468956593285
2017-08-10,0.752241912072471,0.0035590123311523944,0,0.15254906064874288,0.005282543115596523,1.3862047362352563,1.1431751471456445e-05,0.2709618957603785,2.774995319647369
2017-08-11,0.8461794194227071,0.01106886106213632,0,0.8088884186785227,0.004779388752546178,1.383685515431844,1.946805874728112e-05,0.2262281005970358,2.530439584099221
2017-08-14,0.847960157419671,0.004618206683189719,0,0.07827997041754915,0.0066952302904228446,1.386275155857328,1.916673519312702e-05,0.19001800206994632,5.3406980248086215
2017-08-16,0.8180110435647397,0.0032313197076539782,0,0.057668546348320006,0.006131645398440856,1.3862808281202519,1.678701621963332e-05,0.18899163180853207,3.989796772532486
2017-08-17,0.7801736508841356,0.004863222374433643,0,0.69959792969478,0.006833281206767943,1.3846860681434183,1.3784004860107815e-05,0.16438504264645742,810.6889203800453
2017-08-18,0.7371948293627326,0.0038644459785521787,0,0.2688285293840249,0.0063274475905345665,1.3860406303273356,1.3792632911641361e-05,0.15295952585988926,7.75488523798698
2017-08-21,0.7759970330759463,0.002725622012859835,0,0.3371369942900181,0.005834928734422655,1.3858321316715718,2.3926819626300557e-05,-0.09822209438882852,4.186086264542989
2017-08-22,0.7961301785496141,0.006274939148983822,0,0.7221154060603948,0.006129291850522945,1.3844783933674405,2.2652568851219648e-05,-0.10772539961072924,174.01788191832787
2017-08-23,0.7746986128033945,0.003832675475295891,0,0.20124647061937043,0.0068999670505052,1.3861672616406568,1.0549141952602017e-05,-0.10072731546601792,2.519600711027234
2017-08-24,0.7815413806051996,0.0029087515533401977,0,0.8798925649923606,0.007632406126038489,1.3842959369949495,4.154161416426602e-06,-0.0858123555238006,927.576393062505
2017-08-28,0.751554585619015,0.005069842721173184,0,0.7038493395733613,0.007951434653925534,1.3848099734616701,7.19580071844131e-06,-0.12518054028748388,5.778155164845517
2017-08-29,0.7410217035822618,0.0026667167811590658,0,0.4342280679363694,0.0076995381998345115,1.385669440582873,6.8050384465734015e-06,-0.20214787477803073,1.797314176575221
2017-08-30,0.7406577707714698,0.006456234126459248,0,0.47137556481876364,0.009799113470002823,1.3855852371284132,7.185648650545798e-06,-0.17831121457416996,4.1131337622595545
2017-08-31,0.719739734987627,0.0021525724762755907,0,0.28608698035940544,0.0093336010136778,1.3860222668314455,1.4897422814984108e-06,-0.18607833745156102,23.100672145871773
2017-09-01,0.7200000953289429,0.0019893687897271626,0,0.056843451595567675,0.008760580614019301,1.386283899236633,5.2110785795705795e-06,-0.2509695921619079,9.188500624839333
2017-09-04,0.7359844800625893,0.0009770249235485646,0,0.08231121268396578,0.00988889421882149,1.3862670122348115,5.585379036533081e-06,-0.19216066905460963,7.908273816865415
2017-09-05,0.7435868951881419,0.0020558596612757244,0,0.15611605351663216,0.00994734243315039,1.3862183510583912,1.3223641083967672e-05,-0.23766126093152792,11.362485357181134
2017-09-06,0.7418846794706772,0.005334655187935874,0,0.7169064277141212,0.009932769998307278,1.3847081469225935,1.044558873050967e-05,-0.1896166526941391,8.441879056871208
2017-09-07,0.6639830714919325,0.0029855363748668646,0,0.3442091311174686,0.009555193789685956,1.3859490249399598,4.946669852950547e-06,-0.23752755740924608,53.15325844618073
2017-09-08,0.6524615763602141,0.0028911126146758826,0,0.4598401547292474,0.00907843094574131,1.3856601913418438,4.966507509031244e-06,-0.2512065185265225,284.7785509633789
2017-09-11,0.6635867689703052,0.0037123698593046943,0,0.0339401351974274,0.007874582304282856,1.3862909267123662,6.054232838264923e-06,-0.2701735141658252,1.606599089954672
2017-09-12,0.6627347260176372,0.005064064988953833,0,0.37907063739339353,0.0057284502684989665,1.3858182967519017,1.511306626895325e-05,-0.3204138297650234,1.885292234681948
2017-09-13,0.5715567738501066,0.0006141148425223394,0,0.1619034240972957,0.0062201487285093214,1.3862109666354518,9.2678634229613e-06,-0.2986714793463216,69.96231044794897
2017-09-14,0.5684704440735069,0.0027840710781230973,0,0.27428273715231705,0.006196823282051456,1.3860659363198706,7.980947061300776e-06,-0.27409065094307367,245.43011213413698
2017-09-15,0.539727138025707,0.002407074576986611,0,0.1803785449874479,0.004971520569893256,1.3861876026329556,5.0237799448220024e-06,-0.27685702597127354,9082.636716041801
2017-09-18,0.5334028484260638,0.004718382396762402,0,0.49891068968826224,0.004600106832117066,1.3856043885808036,9.671552353804035e-06,-0.328465403667358,2.7280161246333128
2017-09-19,0.5403526973412343,0.0022136201579450784,0,0.4051139199028123,0.004561360543566723,1.3858198455400397,7.961241210182112e-06,-0.3268773935594698,158.7361935485293
2017-09-20,0.535007817015739,0.0013196831444767612,0,0.22533374009786872,0.004014647371144656,1.3861640351482922,8.383076152846313e-06,-0.3569353080248388,115.57488770658388
2017-09-21,0.4751915703729044,0.00015293135145622217,0,0.21817290272130482,0.004057070702205911,1.3861167163732933,7.581344127667455e-06,-0.3738457413581876,13.595249160663165
2017-09-22,0.5008958371251715,0.002725609181336954,0,0.6105273660442628,0.004849265605343367,1.3849481923055997,2.0384773202337853e-06,-0.5655447806883158,1.199496479233506
2017-09-25,0.5518860903418292,0.00043170782873303974,0,0.043160254114274786,0.005395496927337989,1.386286524465105,9.387933970883195e-06,-0.5160477730426868,3.9212683943771536
2017-09-26,0.548921607076845,0.00026842321501731515,0,0.24372435959874952,0.005298139125789957,1.386088561621731,1.351750210973954e-05,-0.5006399318214231,27049.903656319726
2017-09-27,0.7307686728544848,0.004961546381387817,0,0.7229983913495566,0.006592419841112367,1.3839320956082384,2.45954689028601e-05,-0.53706190496598,2.7483464643161546
2017-09-28,0.7318066317067035,6.68021366099776e-05,0,0.16295916223822984,0.008415597240551478,1.3861949294767923,2.3408570965290788e-05,-0.5607675240620864,46.15883300229706
2017-09-29,0.7371992713792135,0.004631477455437953,0,0.2740417929663043,0.00781402721920249,1.3860316142001732,2.2238177344835187e-05,-0.557716215245727,72.57864234994884
2017-10-03,0.822504003188379,0.010639337265222176,0,1.162798632230452,0.007588552877239912,1.3814198014742631,2.2073498422739466e-05,-0.5529548536913063,4.981556465249646
2017-10-04,0.8046438864741243,0.002517201355141933,0,0.11824560779872885,0.007758521970444723,1.386245450775919,1.850146520393746e-05,-0.5867399171336328,9.263859548730297
2017-10-05,0.8064100883047781,0.0012196020176064068,0,0.10430085859586193,0.008534087264629623,1.3862610047312547,2.005357426753799e-05,-0.597532238491524,15.155786979466969
2017-10-06,0.8154274620896944,0.0019649793775428684,0,0.4203973912878432,0.008314498631008312,1.385755622456239,1.2418486450058878e-05,-0.5816530230819208,2.1264372504499
2017-10-09,0.8377987011354839,0.000851366477910485,0,0.19316284232076258,0.0085174823152283,1.3861831478174207,1.759378191594315e-06,-0.5681077670360255,213.26824678578717
2017-10-10,0.8845534569383974,0.0024947151982766523,0,0.3365403039431217,0.0077139953181554555,1.3860062301606875,9.300456530696218e-06,-0.573329915312222,16.492120040736197
2017-10-11,0.8812885235188069,0.002557328383838628,0,0.12210851207053351,0.006858242477757799,1.3862373936038215,7.491594891797046e-06,-0.550090855435347,10.645450996526264
2017-10-12,0.8877769477473496,0.002640568710237162,0,0.07787380556624006,0.006533613116629045,1.3862709215561773,1.7162526353961785e-05,-0.4937515921948442,1.8338392962718206
2017-10-13,0.894756877665467,0.0027002656252244194,0,0.12152310388517565,0.006834459032988377,1.3862486995024808,1.933161352941574e-05,-0.5631036320675529,3.900827110633833
2017-10-16,0.8908428759715779,0.003921525347276562,0,0.2690939578549941,0.006344311363774589,1.386058836287423,2.132463250752476e-05,-0.567830346593019,5.943023377065433
2017-10-17,0.9738310818211862,0.00031275203715590413,0,0.18260198125462318,0.0068165890062806215,1.3862075721682796,1.8182653613633743e-05,-0.5938418778677548,1791.5309305232774
2017-10-18,0.974333139208974,0.0024505967815041095,0,0.16035646297842437,0.006195618645170578,1.3862154835667226,1.5198602080336433e-05,-0.5475018261898997,40.67877666429062
2017-10-19,0.9703582047296601,4.8968720665578275e-05,0,0.1347329899426906,0.005329186928568301,1.386234160948284,1.4699094966134306e-05,-0.47495125173093433,3.3372346381939377
2017-10-23,0.9221072160404645,0.002962191747187545,0,0.15593888424467822,0.0055326029048186655,1.3862044975028742,1.069467939117813e-05,-0.5007414312879577,6.917818845642941
2017-10-24,0.9227627239960938,0.003303393250746408,0,0.3467460024938903,0.0054896780460964335,1.3859262787638973,1.1363817610094199e-05,-0.4903786664307399,12.857684672950784
2017-10-25,1.0044165884602099,0.0110528692109825,0,0.7963374684250022,0.005520221502610501,1.3836934333120157,1.5405441314669733e-05,-0.5025296440142165,1.8816880445228465
2017-10-26,0.9873490574509549,0.00034485636173170963,0,0.06505331302489818,0.004356348963519101,1.386280506770031,1.8479034913017756e-05,-0.5348797349704594,6.998495839217257
2017-10-27,0.9941983000330269,0.0017869135444762534,0,0.4050819168904477,0.0046452919200032335,1.385823986896907,1.0524894274459134e-05,-0.4907608303044528,29.361626692551823
2017-10-30,0.8993542911476307,0.0029791533876189027,0,0.26073001305514104,0.005216070396981232,1.3861115034931044,8.577747086578891e-06,-0.491515427227228,7.762708164483747
2017-10-31,0.944002842464553,0.00012060659857082919,0,0.10651505194788013,0.005304995067142711,1.3862649979303445,4.496279424870896e-06,-0.4957563184956864,16.26996862268927
2017-11-01,0.9333745724152576,0.005312251794529083,0,0.3773978590443325,0.006439002914155267,1.3858596974151083,1.049236582737187e-05,-0.5362819676762939,1.4776344656384193
2017-11-02,0.8733826831571467,0.0,0,0.12417432964954683,0.007296742300314023,1.3862546500323312,1.0741399896247632e-05,-0.4936461196365766,51.5350981301933
2017-11-03,0.8865572768122539,0.003614978136923931,0,0.6015040682480569,0.006659599808760834,1.385120140244588,1.2748328372299808e-05,-0.5212723525671636,17.935941583199593
2017-11-06,0.8889661274187437,0.0019871440753708564,0,0.1669499760984421,0.006802939432354208,1.386201843105636,1.1338876669165519e-05,-0.5668180212381873,26776.53832012865
2017-11-07,0.9441426578892939,0.002422538932801345,0,0.6218094488251389,0.007180415376430523,1.3848302131220505,8.147808469526906e-06,-0.573492507872192,2.179810837824936
2017-11-08,0.9358290439051907,0.0011394118056872933,0,0.07849318298438791,0.007332287726128579,1.3862727084639275,4.2083756376892317e-07,-0.5814722661307425,6.099838369215572
2017-11-09,0.9477298859559473,0.005372245533654311,0,0.4431319339437881,0.007155738821184689,1.3855391332659326,1.7965241673410917e-06,-0.6078816135765672,391.8897888024104
2017-11-10,0.9306085815249505,0.0004463706497725772,0,0.1994004996892242,0.006571822902878535,1.386154105925523,6.685334299162861e-08,-0.6039309024938762,76.69616696437919
2017-11-13,0.924697338426605,2.4220405692920076e-05,0,0.3698871003092772,0.007016125350002923,1.3858107808708369,7.893683808615602e-06,-0.5861841826509788,2.33004112438117
2017-11-14,0.9192956181039472,0.00015158236689592026,0,0.0735571940028461,0.006215919757973278,1.386277250221089,8.541961780796001e-06,-0.5473190003165193,8.885952958816253
2017-11-15,0.9214927245571057,0.00143914146453875,0,0.10673676879833809,0.005245509088747456,1.3862576686243067,1.3963006985629599e-05,-0.5473371570121283,3.2977984122004
2017-11-16,0.8475776595100312,0.0034384791969442746,0,0.10976638632199591,0.006569240307910545,1.386253691704838,1.2147406356891403e-05,-0.5886304418829048,2.658311950509343
2017-11-17,0.922649283225588,0.010691781287831308,0,1.0412142571590657,0.006566759684287628,1.3823321096802954,1.0524753615500826e-05,-0.6058729094995554,6.295599764433635
2017-11-20,0.9654387466839934,0.00035006766955652976,0,0.18161367818467206,0.0060711235439248005,1.3862019752528667,9.618013149045051e-06,-0.6106426932574834,91.1183079149949
2017-11-21,0.9764146277138177,0.002957147782253933,0,0.28675449520471863,0.005630642652832022,1.3860650718658167,1.3320960362615364e-06,-0.627784838040084,25.60876008824314
2017-11-22,0.9781297434220373,0.0023116134269361927,0,0.22600232394699016,0.005200139457008756,1.3861377040852234,2.17628023020734e-06,-0.6116930009589349,66.40370030351028
2017-11-23,0.8620481998485678,0.001560367996506851,0,0.19516705540474652,0.00522108540004349,1.3861728419986958,2.2112184750670015e-06,-0.6202451911292819,147.54289028064426
2017-11-24,0.9242633696544494,0.0017426338596311162,0,0.09536747264924615,0.004405795905594456,1.3862708448843954,3.83613453994727e-06,-0.6488863801121264,1.7839928369137072
2017-11-27,0.9237815972552551,0.0027613853793745716,0,0.2814492652107988,0.004109895070789944,1.3860449593158477,7.88866981584081e-06,-0.6317070804380168,29.574162437196264
2017-11-28,0.9263475661358874,0.0011208123336498602,0,0.14321981531293304,0.0041959549191676665,1.3862352990698976,8.121770405871807e-06,-0.5759870308420003,3.3998330811223556
2017-11-29,0.9152875057626964,0.0006169973063481168,0,0.12030115458173293,0.0026063970961313337,1.3862546215255702,8.550588126015744e-06,-0.614728355064127,34.32295871958349
2017-11-30,0.9193404881676579,0.002764050215845419,0,0.4336602548451704,0.0036544837793223003,1.385642900914725,6.130605999402062e-07,-0.6182409663672321,1.1470587051754382
2017-12-01,0.9257784635753245,0.00362615696075693,0,0.6177094560040862,0.003382176907086567,1.384738189723819,8.99661937925578e-06,-0.6133675439956463,2.7071534123302974
2017-12-04,0.9492958949448536,0.005247131766728594,0,0.5604544547905713,0.0044517297746981006,1.3851616483469826,9.420910046324783e-06,-0.6070774966249833,829.2782440133967
2017-12-05,0.951289673056811,0.0009384570480314781,0,0.22070424463248817,0.004483571636735456,1.3861305200669403,1.1070264328316661e-05,-0.5942670330280693,317.171548391185
2017-12-06,0.9149794791649088,0.0029148457047106684,0,0.07814230420412875,0.005100271836692022,1.3862754507890263,1.61040490404316e-05,-0.5279285823397756,6.1493728804738925
2017-12-07,0.9159823234766511,0.0019247090868012076,0,0.3934787635128425,0.006896045894242978,1.385750153418484,1.2874421669132261e-05,-0.44614338221272876,2.096041873963089
2017-12-08,0.8742574615590979,0.0031180742704879686,0,0.5240871167468605,0.006834376579202166,1.3855028539880334,9.549592661841545e-06,-0.44931211074881694,3.158771400955279
2017-12-11,0.8751886705795122,0.004359384972529308,0,0.5991133113054713,0.006880866547822956,1.3852192773244887,6.12745626849958e-06,-0.47110027033765184,10.79062062117502
2017-12-12,0.8655179770758286,0.0002567318578511448,0,0.5519338279524811,0.008161517047055089,1.385322361397959,1.0749671214692522e-05,-0.42682809111244413,6.101972807320891
2017-12-13,0.8828878728226194,0.0003468110208494601,0,0.15397294314743715,0.007176903319066666,1.3861993381751985,1.4051579520299656e-05,-0.3661990985587942,16.695383168081563
2017-12-14,0.9263792403101603,0.0035598083228724877,0,0.216979953159406,0.008022627395873666,1.3860944464095573,1.9515912893260587e-06,-0.3976672802588212,7.2471898809278334
2017-12-15,0.9651557200073525,0.009083654720577925,0,1.0307697868238133,0.007046479980989334,1.3827890909370302,1.4854529774735725e-05,-0.42212236543443254,3.3941028879232005
2017-12-18,1.0998516454530691,0.0068119509737472935,0,0.14898814431948984,0.007157762688060921,1.3861462010928154,1.840544579649473e-05,-0.4660375524181153,7.299473114117721
2017-12-19,1.0801197818561805,0.002504362817602571,0,0.17962845236323033,0.006643020571202889,1.3862004942634787,2.4313212620436474e-05,-0.39612646021639014,3.856929428434773
2017-12-20,1.0619239373509197,0.0029774609201482227,0,0.8949714006647362,0.0054730991244640115,1.3840344528715065,2.5461699799202282e-05,-0.4070423342442059,54.07433011713885
2017-12-21,1.0591764347659838,0.002844421662788082,0,0.6676418972099951,0.0053616991211026775,1.3850357911393485,1.577044053238415e-05,-0.4047175655042514,1041.3770168757371
2017-12-22,1.1017543152848075,0.001626981478043699,0,0.11973734771592752,0.005497390761338233,1.3862553609627533,1.2030767723480378e-05,-0.33814983890846834,4.278983463923603
2017-12-26,1.0334529796871925,0.0018376133926157835,0,0.14497017683546914,0.004151709286274378,1.3862283615990674,1.0835849993259899e-05,-0.3397903034408403,6.948403027168888
2017-12-27,1.0370822810583584,4.2748415243466576e-05,0,0.09052301683744415,0.0046154621992322885,1.3862674013659824,1.1267183111947216e-05,-0.29302371343147926,3.808259829601645
2017-12-28,1.0099570933476782,0.0007099159849414278,0,0.16715310427749203,0.003753802744705678,1.3862041664190805,1.155420079169113e-05,-0.24615619063902447,36.9060688078027
2017-12-29,1.0313453797510803,0.0013780685529907939,0,0.22272845074837908,0.0042153561578333,1.3861650273241217,1.108976896413855e-05,-0.24486871874123375,3.188620564959815
2018-01-02,1.0313458458083062,0.005059964921097603,0,0.10845499339076985,0.005430726045023234,1.386253360867459,5.231580159410787e-06,-0.24943266977587222,1.775158808773952
2018-01-03,0.9792826603867343,0.0038662398599389647,0,0.3807162750366945,0.006180842001037746,1.3858143512114813,2.4857706805282342e-06,-0.23297189760488288,12324.832498130478
2018-01-04,0.9576454689759265,0.002505686360040674,0,0.08366547539268206,0.005828291108482378,1.3862722071791067,1.8147396730735148e-06,-0.26071306073703604,3.833370474318455
2018-01-05,0.9770907341334567,0.002799576484762083,0,0.2315500285145191,0.005751083762443845,1.3861476015378136,5.1587021275274746e-06,-0.27210396582398494,5.977176234338542
2018-01-08,1.0088080172437157,0.0031063601331175698,0,0.34195684816828664,0.005259186495712245,1.3859966326645772,8.601307337980357e-06,-0.3342556934464299,4.536013892163158
2018-01-09,1.009301190564571,0.0020217510344443307,0,0.24653025870303336,0.005645888157641177,1.3861131641466624,6.548748677181219e-06,-0.37025348604616726,62.867171073447054
2018-01-10,1.0010019740093568,0.0014138542896557497,0,0.2677349944029532,0.0049984076632832,1.3860705046076953,4.5314975903265775e-06,-0.3357311632858841,491.36715708375624
2018-01-11,1.0299367162285038,0.00045602073030715754,0,0.17224530044781425,0.0049523543815119,1.38621046859243,6.754952982629095e-06,-0.319117565676875,21.549397689133258
2018-01-12,1.0506411537489764,0.0029389705926347732,0,0.41666798029867713,0.004372326750077367,1.3856439005651575,8.372930269213235e-06,-0.3398133105704211,6.336486562327304
2018-01-15,1.0392226591545906,0.003481352597289338,0,0.2040955842534091,0.0031885720979359664,1.386162816074786,8.7379291546428e-06,-0.39465571103117775,1.407607128496971
2018-01-16,0.993797401612989,0.0018555694394963445,0,0.519891188530204,0.003291661632454353,1.3854709191728538,8.058853542753449e-06,-0.4003483696825013,3.927280956048102
2018-01-17,0.9637992959899593,0.00018689055869235008,0,0.05930429481344852,0.003985847267166789,1.3862806821677405,1.1829860095275459e-05,-0.39062507153532994,1.8554249319589877
2018-01-18,0.7615475038820773,0.007834107191173705,0,0.6553804756052289,0.004521047137690344,1.3846212516314536,1.0304428961520555e-05,-0.3936148551131566,18.52593083937905
2018-01-19,0.7597626927813981,0.0011272367893006927,0,0.04586056891078733,0.0049146430911712335,1.3862867390748974,1.1624169848173241e-05,-0.40674757910170234,3.3532562359508526
2018-01-22,0.76117851764694,0.001056116601016186,0,0.6215278338477103,0.004443877656920044,1.38509035097821,1.1911320563810253e-05,-0.4060408191173183,4.274019905413663
2018-01-23,0.7614833501939554,0.0028410839267560837,0,0.46808139992633985,0.004711037636233267,1.3856156934100812,1.789268888977724e-05,-0.40839279969163456,2.4806882959468237
2018-01-24,0.7302442088481421,0.0012955857610000923,0,0.1253844833766641,0.005623649261202266,1.3862471054356373,1.7876461766622003e-05,-0.37901952679768025,4985.036107132379
2018-01-25,0.7352763827592451,0.0008655471330621413,0,0.28569035067158954,0.005696038265148745,1.3860103172487033,1.7697492147939728e-05,-0.38909976495378074,96.32907403469714
2018-01-29,0.734920150402735,0.000875815555554177,0,0.11449216199467319,0.0061556644169643675,1.3862496489828204,1.8959152247326968e-05,-0.42907736148649145,6.294833272261026
2018-01-30,0.7352123725301996,0.0008584490162598199,0,0.28583974356051167,0.006521358347821912,1.386042942818925,1.6373096110103075e-05,-0.409838979509629,3.7492946611472484
2018-01-31,0.6639982954509884,0.002795901457620492,0,0.1572877674327657,0.005772441574696089,1.3862130384749005,1.6807847593820844e-05,-0.36837636990174855,22.545648905999737
2018-02-01,0.7891810525250822,0.0015267689200755923,0,0.19263122671030472,0.005266076699289967,1.3861013765755605,1.1274532595975439e-05,-0.3599438855064131,93.81291070057007
2018-02-02,0.8417882013420667,0.007169225400617394,1,0.3048914883297381,0.007270023618823211,1.385881590005877,5.077639048738962e-06,-1.0371624144188643,1.1586111807529933
2018-02-05,0.9923730467336933,0.014631718140142528,0,1.0027099943934932,0.008841634279229788,1.3819795397061736,2.0358989536521923e-05,-1.0099115345706533,8.941779512618812
2018-02-06,1.3246429020758586,0.035439709765124325,0,0.9726871581776914,0.009175978501110333,1.379809796319897,4.355146681330789e-05,-0.9882205510513534,3.5147202290263033
2018-02-07,1.334555311124453,0.010324457625193462,0,0.7598233186954906,0.00955364459947291,1.383692227378649,4.827542410433924e-05,-0.9616204941679536,210.6171621998557
2018-02-08,1.315512470963442,0.003981849139522446,0,0.16309931295582358,0.01065201193783371,1.3861803223306164,4.56330487778798e-05,-1.0185064877619485,10.81425064818837
2018-02-09,1.3517554506153058,0.015276526211938821,0,1.2603054502782582,0.012225015827551833,1.3800682561156759,5.632264196725627e-05,-0.9816571212221455,4.160841319375401
2018-02-12,1.277057757632413,0.006031539427502405,0,0.498744128558751,0.012993457473714722,1.3854565698293704,5.5697804206969924e-05,-1.047819802454092,8.386825769793797
2018-02-14,1.2825274169453633,0.004354933393372831,0,0.34010729092733777,0.013713258002484244,1.3858189030908434,5.198963075355068e-05,-1.0247444281782208,22.586216757581916
2018-02-15,1.2490017525109092,0.003517314368832925,0,0.22107992238267754,0.014482410769487232,1.3861100106171986,4.739091539725902e-05,-1.0302199639906042,17.912081946682402
2018-02-16,1.244779101540624,0.004796236067662502,0,0.5010914812833959,0.0134330798034843,1.3852086464245534,5.57888686587055e-05,-0.9503833295139116,3.9342580930730766
2018-02-19,1.2560206471370858,0.003495561177441342,0,0.19918926207402882,0.011991005794557578,1.3861061938162458,3.083619936659089e-05,-0.8763621270437346,4.4893185276248815
2018-02-20,1.2765202239629685,0.0012132859575767897,0,0.12595580820474553,0.011794776044228643,1.3862410760124988,2.4292625744719177e-05,-0.8525542453229382,54.34634139845076
2018-02-21,1.2668156456551085,0.006311802517656049,0,0.7025213675324904,0.01084547919038811,1.3845036731005411,6.909249471651005e-06,-0.8667185668418059,12.780943707929564
2018-02-22,1.2636122909367042,0.0041539190160222,0,0.5619641120353669,0.0101144433747919,1.3853163045293044,6.447220959167305e-06,-0.8362124519134969,72.90056768372023
2018-02-23,1.248413384557562,0.002443333295212799,0,0.3033764725429102,0.009080581642860167,1.3859887230580181,5.943976258956019e-06,-0.8072872151398875,1.6320000287156076
2018-02-26,1.2451385427530903,0.00337812446896609,0,0.24106689494461198,0.007083093298971433,1.3861218481085864,8.213978229382232e-06,-0.8353023056953737,2.6630556834484436
2018-02-27,1.237066227002104,0.003075848620167606,0,0.31414821529441045,0.007038127010444878,1.385949448629495,8.830426488039936e-07,-0.8204471545669004,28.617062564188185
2018-02-28,1.2086896384333292,0.006211000625374426,0,0.5402014637712714,0.006508182416050366,1.3852779067399477,5.044656257927488e-07,-0.8258978578857908,6.644215746366994
2018-03-01,1.1901856547990946,0.00123010907548914,0,0.18018858892836126,0.005333795089315311,1.3861858293492122,5.359658873802966e-06,-0.860986761331327,21.701617754208492
2018-03-05,1.1864633276466299,0.002877419429512239,0,0.13320422216578662,0.005832037118155678,1.3862321649627518,5.887719912163161e-06,-0.7943366155505585,2.3963797243115144
2018-03-06,1.2018960154977911,0.005933830719262094,0,0.4091277282472754,0.005356235758461633,1.3854719368021242,8.775442884006629e-06,-0.7417445632069515,2.268337659444046
2018-03-07,1.2261444554558196,0.0015916071489367638,0,0.23895520508143311,0.004913342555064589,1.3861008910593928,1.5000040146967806e-05,-0.7356634378305464,3.873753784839976
2018-03-08,1.1852826861946633,0.006092157611062703,0,0.2538114024677923,0.006357869007594611,1.3860281309863063,1.2056766672093135e-05,-0.7889009120096246,5.01720649222357
2018-03-09,0.9102722475712943,0.0027931658618729764,0,0.1879940332530323,0.006181833224831523,1.386173044768102,1.2156541977407662e-05,-0.787283870029814,154.79117431297502
2018-03-12,0.8400945267921852,0.007282608596068105,0,0.4719849146103122,0.008259141927510379,1.3854795014234693,6.462849230760544e-06,-0.48469536193393803,1.7815511608061667
2018-03-13,0.8388367017265277,0.0030657410310541895,0,0.2431992768435424,0.009031999482166223,1.3860730459619686,1.3575317963025427e-05,-0.536158522558661,1902.20348385465
2018-03-14,0.7579185960087487,0.0032468777787081887,0,0.2331408099144791,0.008908889535618355,1.3861044537155194,1.2512240538560576e-05,-0.5582628791433143,185.7803901964269
2018-03-15,0.8024225904589094,0.0005236456231401673,0,0.08149661991726966,0.008998876491941,1.386273746022845,1.1581175913814077e-05,-0.4975175493874775,16.081352455463687
2018-03-16,0.787112474524284,0.0014489045856063462,0,0.584454368324938,0.009543529148330733,1.3849761637251863,2.6095028310630455e-05,-0.48372704609443207,2.4805962605607466
2018-03-19,0.798791428847753,0.001979297454192813,0,0.40880906745753387,0.010102553189881656,1.3856288447984224,2.6568866099157545e-05,-0.410575213932748,3.8732908315757717
2018-03-20,0.762813153368054,0.004239122762121775,0,0.43740168194124945,0.011391893585515877,1.385568036497029,1.223759799926676e-05,-0.4068559682187448,44.19211178250511
2018-03-21,0.706638142450616,0.005673189205455905,0,0.29799201157988375,0.009400775504959245,1.3859640416479935,9.952143332662373e-08,-0.4361478622453298,42.93238535218907
2018-03-22,0.691938240520692,0.0012055456553486893,0,0.056679550091409577,0.009048184278498577,1.3862826421084278,1.1539559266317724e-05,-0.4108695759964169,24.473042021382042
2018-03-23,0.7765101801469139,0.014534558491466345,0,1.2213545155801748,0.007628179757232944,1.3804968865188392,2.206513738143851e-05,-0.3426593334755897,1.9879573912018613
2018-03-26,0.7954750809730987,0.0008905113836502081,0,0.2552488675729634,0.008345743274836778,1.3860073075908845,2.39633085667471e-05,-0.2861119842873433,1.9723292184989833
2018-03-27,0.7786294761629464,0.005645036512401286,0,0.5510219751963183,0.008996277362006167,1.3852517246951437,2.0734228517214854e-05,-0.3347394637647834,13.021923787052556
2018-03-28,0.7557031043894636,0.0039897022582100275,0,0.17787363010709253,0.009979939464471746,1.3861973727939345,2.5814403045953302e-05,-0.30143340352642656,8.3043473174902
2018-04-02,0.7655149444003191,0.0037453326567243967,0,0.10118541975168611,0.010582897806434888,1.3862593662300624,1.399476312609102e-05,-0.2921240847516532,5.123144456653603
2018-04-03,0.7695097770275712,0.0024462607546485273,0,0.30851887351257157,0.010616081341160022,1.3859762922647212,4.043739825322971e-06,-0.3548785484589758,33.52737559098516
2018-04-04,0.7707008499244102,0.002885010474763156,0,0.5885128394204917,0.010812597998530056,1.384875484481641,2.874478586314837e-06,-0.31008091920596426,2.371122991689679
2018-04-05,0.7507676285873358,0.009829674767460224,0,0.9549395414637832,0.014214339385494188,1.383287197330503,2.044924627559379e-05,-0.1381716839318021,1.7643406969946294
2018-04-06,0.7546186385235222,0.00023250699493919584,0,0.20469563971143678,0.01550004963566213,1.3861684906429836,1.79266064029308e-05,-0.11656829326332013,1552.3931354304432
2018-04-09,0.7929389811414829,0.00020329595646680564,0,0.0752556847752571,0.015097609261093646,1.3862772116484263,2.64477836206889e-05,-0.11243447067984304,25.084816895765957
2018-04-10,0.8018627672879223,0.003227241916534346,0,0.5114820715659435,0.012611722402196443,1.3855487690715937,3.554257598340726e-05,-0.11769537465989138,108.63814269822383
2018-04-11,0.800037803951722,0.002486788874614933,0,0.45093836601706266,0.011818851054739146,1.3855937370995892,2.3362367616383323e-05,-0.12896607812803104,194.59737114391433
2018-04-12,0.8229512515637842,0.0006241657752819793,0,0.10645747421074475,0.010745043153568133,1.3862590050290589,2.2194108470592197e-05,-0.13969037843012352,2.8065916937078734
2018-04-13,0.8244494980236015,0.0034980947356563854,0,0.2836879902947365,0.009110024141594477,1.3860332933598063,2.725967283875754e-05,-0.13594944397999262,11.005538339782108
2018-04-16,0.8832441946479013,0.00788357942676681,0,1.028267131104583,0.008670265611960744,1.382154878333291,2.2477834888444405e-05,-0.13266561848128333,2.311943470913549
2018-04-17,0.8479444358321481,0.0027459636585180866,0,0.45553493486057756,0.007328304808422856,1.3856120523681248,2.1532808179784956e-05,-0.16691361071122188,12.508428720203312
2018-04-18,0.8436938442660136,0.002858840099558204,0,0.3056449116612975,0.004370595688113366,1.3859794970722685,2.2221588091919824e-05,-0.12542131763157127,10.781251676541698
2018-04-19,0.8587220170873512,0.003551493598638532,0,0.9117487751368881,0.002951481798477378,1.3841944233991699,4.761287564861239e-06,-0.13047286246953824,3.4258421969214092
2018-04-20,0.9074893383970939,0.00046864314616570414,0,0.21720506385997884,0.0029336220929420554,1.3861573884376186,4.7823042370931244e-06,-0.10111713205977703,3050.7839400082967
2018-04-23,0.9059126683443445,0.0027177976142438716,0,0.16298904994281968,0.0028962894212316,1.3861888247877603,3.87738908588088e-06,-0.08452396459664252,6.7814420937268185
2018-04-24,0.9262946284812399,0.0006237913898396708,0,0.04669682094936526,0.002904273191194889,1.3862876865847467,4.029079687380843e-06,-0.08365371978300729,3.828711054370076
2018-04-25,0.8193186406875037,0.00018365682504184144,0,0.09377359564662457,0.0033918003477584452,1.3862660406015395,4.0850533588915865e-06,-0.056999128231485084,2.4854538895182383
2018-04-26,0.7792899493278073,0.0015077904038183717,0,0.08375563023379197,0.004137975960521644,1.3862726568130497,4.299018348844441e-06,-0.08938022014838094,2.445358233296788
2018-04-27,0.780660258652623,0.0031830267549815094,0,0.09831047877380783,0.0041471748939988,1.3862645396101592,6.67386919529112e-06,-0.09123191667751206,1.9946794959344734
2018-04-30,0.8349430663486584,0.0012571423290127501,0,0.1324950029770145,0.004145697517753312,1.386246089691441,6.596737629028851e-06,-0.15246119391607224,5.860565617122262
2018-05-02,0.8590352923181156,0.004135078893806092,0,0.5070777161719707,0.004402330223099467,1.3853766416806483,5.6606036037953725e-06,-0.15248115901992,27.679543289267748
2018-05-03,0.8603161149362727,0.0001959666320012559,0,0.08945900887750954,0.003931324013262901,1.3862690419115555,5.424472050077614e-06,-0.1363750872477757,8.14183800022736
2018-05-04,0.7928019955894836,0.001945716874989594,0,0.49849834309292823,0.003748081634732956,1.3854609350536942,2.136488091500822e-06,0.18957432075663072,3.556438655576973
2018-05-07,0.7627797076787595,0.003281440930164275,0,0.1326312153459545,0.005171610670919756,1.3862369170582398,7.191587358203601e-06,0.12437405697223984,1.8342869557754455
2018-05-08,0.7548066604800325,0.003949113317711082,0,0.5594427773127397,0.0060669552732414665,1.3852657820445486,6.325445044372198e-06,0.20763551319357668,2892.9921982983014
2018-05-09,0.7438032607819394,0.002283876074799475,0,0.3174721702732944,0.005520359490492022,1.385966427082605,6.017754231226259e-06,0.1785787664911012,27.05840547398134
2018-05-10,0.748650601630184,0.0035267521428331457,0,0.6200173473328552,0.005073314988974811,1.3850517237478839,6.672276395044409e-06,0.23431073278193756,23.088428297472245
2018-05-11,0.7443315881303307,0.0023673977666839236,0,0.17226167475929433,0.005981166005395177,1.386199717163609,9.29727683522167e-06,0.20424200781004698,2.34005956937788
2018-05-14,0.761487582425693,0.0008001601108386172,0,0.16754123878584362,0.006619833042705334,1.3862107089935392,5.27542911906986e-06,0.24810405123718668,934922.3384823118
2018-05-15,0.8008350951047547,0.0005550622012719509,0,0.2797274641205284,0.0059612616308077114,1.3859544019956154,2.805602406463421e-06,0.22976384084996057,416.55872010593265
2018-05-16,0.6751781859470107,0.004630227956475981,0,0.1963955692291394,0.006360868313111211,1.3861583531812711,1.112021682498007e-06,0.28550930863974927,3.375257237344316
2018-05-17,0.7044998514476184,0.0032068143180110733,0,0.5620530732421135,0.006139903026545245,1.3851670156536748,1.5301028633964774e-07,0.29742164054914794,4.42727230236024
2018-05-18,0.7045168728417628,0.0010162318541527655,0,0.4912794103532602,0.004781734127941878,1.3855705988141243,1.1704450016028557e-06,0.29269544257426017,1.9381664293200462
2018-05-21,0.7167698538858704,0.0019138938036672858,0,0.5761424257856901,0.003854948627951333,1.3851394330569717,9.463089429043722e-06,0.3030046569792007,3.237122482692081
2018-05-22,0.6926837167690204,0.00016638816186619298,0,0.1812815237905585,0.004681272231659988,1.3861923978425443,8.789323486354614e-06,0.3148717709157067,52.063074208242526
2018-05-23,0.6732788614691139,0.0014816921935187136,0,0.25892871690657776,0.0055115999535489,1.3860589272750814,1.6402759318212585e-05,0.30999167297712266,2.5170551836847554
2018-05-24,0.6726640440562769,0.0033021969294733384,0,0.08556578618827641,0.006335552183554388,1.3862665323112506,1.2538477480473682e-05,0.3055036384908128,4.606827205163662
2018-05-25,0.6674859731256969,0.0018245158358952591,0,0.13739119216464285,0.005482599959888776,1.3862293018879221,1.2444374439829054e-05,0.30546953805676824,4.037762316980491
2018-05-28,0.6624115659083191,0.004065144869349213,0,0.07903598647420193,0.005522023502790934,1.3862751815446661,8.005016572225734e-06,0.24554305658630401,4.98097483866313
2018-05-29,0.6415086986955074,7.016542415232678e-05,0,0.04933875313820135,0.0063925045385790445,1.3862858270945335,1.1638742038145725e-05,0.24476216402553344,12.231698703742955
2018-05-30,0.568537060070376,0.005119663948895506,0,0.41208195370773704,0.006750291430978556,1.3856777784613414,8.623202830669686e-06,0.23659090007681696,72.28214773144792
2018-05-31,0.5734857060608749,0.00523857835560574,0,0.06875690477189307,0.007920744728324278,1.3862749303969557,4.0306850718369515e-06,0.19213170305735772,2.278243076381848
2018-06-01,0.5702184832197413,0.00021418835587551472,0,0.06320230232178876,0.009540344235019378,1.3862812920104393,7.18553317371815e-06,0.21762443316908361,16.96090824160493
2018-06-04,0.6660168694789218,0.006499837555527205,0,0.9418223033282038,0.008781638902794344,1.3828338464178507,7.95808538543999e-06,0.23440281448974026,5.321330505119835
2018-06-05,0.6634045620891063,0.0002069875912679466,0,0.14493047236639955,0.0077786890912273764,1.3862237658717174,4.083013428489492e-06,0.30021923347705154,17.90097261449118
2018-06-06,0.6607930856457233,0.0009718355975424004,0,0.181030439590315,0.007091332819227311,1.3861799168450488,1.6869970628099858e-05,0.2433309191347761,3.6429135459020423
2018-06-07,0.6654731832060137,0.0035454585248148296,0,0.21023095275682507,0.007105192210645977,1.3861402155119096,1.6714982964754253e-05,0.04429811161464871,3.2875241758272704
2018-06-08,0.6653042266693505,0.0029713660709078144,0,0.2296805720713218,0.007890118195320055,1.3861257781837464,1.0123476448097466e-05,0.048801160744776986,44167.11869879008
2018-06-11,0.6635582559623044,0.0013178236901027476,0,0.3417240428689239,0.006648020470467987,1.38590632231142,5.752143367118772e-06,0.023914811048872088,46.51444939386723
2018-06-12,0.6376575028261244,0.0027033353827440668,0,0.11832210383508146,0.006644666593543753,1.3862512071027944,1.1734029133232622e-05,-0.0384097541218174,6.168018010728632
2018-06-13,0.605523803164431,0.004109501620140912,0,0.7545881480978135,0.005611184651359676,1.3846182613416982,1.3269644005988287e-05,0.14178532399969532,56.726602101778894
2018-06-14,0.6549108061028093,0.002194582988768382,0,0.23623772983844324,0.004570072532861231,1.38612860194548,3.4997989003930667e-06,0.19000199335175502,2.5644648589619368
2018-06-15,0.6337395108138062,5.556684713478057e-05,0,0.22733890354116398,0.004876989035310142,1.386122491296919,5.660590506167087e-06,0.20736782159631179,65.9351861703728
2018-06-18,0.6689341848120712,0.0011548465360320568,0,0.36073881181032913,0.004824318688902943,1.3859543265739453,7.0649932461949315e-06,0.24400227237917915,19.08050125952365
2018-06-19,0.6568691268866689,0.0009633860255682327,0,0.5347946509506064,0.004238625823696098,1.385437392398735,5.769963375620604e-06,0.22138347787288354,1.3665226751176904
2018-06-20,0.6798744585083787,0.0022569449360334577,0,0.09139611864201826,0.005710811992269365,1.3862709650132363,3.949093562447271e-06,0.25745350016102464,3.821293699867219
2018-06-21,0.690289555327303,0.0033734552160796473,0,0.6297807337882609,0.005793501314541755,1.3850004314784516,1.0844744242466134e-06,0.2725776239138528,13.743881929390414
2018-06-22,0.6892343110216425,0.00014900398951888107,0,0.059421487876534666,0.006739206422876123,1.3862810461997184,2.4772288452963723e-06,0.2650275215611922,3.0142119024296425
2018-06-25,0.6955628018245883,9.709340609853197e-05,0,0.27067175650862574,0.0078076203514948666,1.3860726964055428,1.1940405804965402e-06,0.2756530852793905,6.4915320410911
2018-06-26,0.6886533839304813,0.0018367698150295792,0,0.19690266100392784,0.008055858749840656,1.3861690515877163,3.3544368539916352e-06,0.31465076670332065,330.3235576701212
2018-06-27,0.71606782835351,0.0015170380603992137,0,0.5060205428468184,0.008497288733458267,1.385356860976708,9.502878743520937e-06,0.31689864342131563,2.143278686180238
2018-06-28,0.6924824458304473,0.0009938578030402405,0,0.08008157043678361,0.008052003081604878,1.3862708885168402,1.1850734845431777e-05,0.4071822400552916,3.834785637514311
2018-06-29,0.6546211192082432,0.0022403609865137893,0,0.6269694246995245,0.009935595745099954,1.3850393420845863,6.953807300565667e-06,0.029217643133379694,2.2577122374951824
2018-07-02,0.6883381596750103,0.0016832287972510325,0,0.1295430146416309,0.011094211422239523,1.386227288812212,9.794917269817622e-06,0.06231125366257,10.89792232190457
2018-07-03,0.5537957514673013,0.0010597260660002291,0,0.13351343349133057,0.0105693638066197,1.3862348671565754,6.995186554420699e-07,0.06560253539200935,20.45964558821953
2018-07-04,0.5554276651674305,0.0014101967883946285,0,0.04332895138434974,0.009893725262234289,1.386287781179931,1.4315995655199786e-07,0.04522688510689342,6.702355241797005
2018-07-05,0.5557394284813493,0.001498372091011604,0,0.27318049138086503,0.009674446358634077,1.3860712524514065,5.745014414882755e-07,0.07401348927947925,65.16837708759131
2018-07-06,0.5557643634026788,0.0005210417281105977,0,0.15727713760410564,0.008675235479562178,1.3862117973076056,3.0558431232913208e-06,0.08796540581240903,20.961243083859987
2018-07-09,0.5755021144114545,0.006075588107961135,0,0.7764829446159492,0.008582728626477444,1.3843997478138543,5.748664851822734e-06,0.06796837836332079,2.206748115588365
2018-07-10,0.5756817560657583,0.004582689620495549,0,0.2368399440365916,0.007637556748139113,1.3861093819904693,1.1969753101934284e-05,0.07154901398110777,2.409943738027005
2018-07-11,0.6143294463873222,0.000835512893433252,0,0.1601158492144882,0.008435767824230108,1.3862214699353572,1.614340540433438e-05,0.08798727060825998,15011.843453730806
2018-07-12,0.6124806955169444,0.0053427339828609885,0,0.2731704698489953,0.007016409800651217,1.3860438417867016,2.1097434244514358e-05,0.029381090376047005,3.894401974551436
2018-07-13,0.578674995611507,0.0030525423876196535,0,0.3482629485718025,0.0059186085847982165,1.3859070911714697,1.2981320030834847e-05,0.06388016099478841,1160.5678923494706
2018-07-16,0.5768075458262936,4.519922422194557e-06,0,0.5214852503297817,0.005669780101455215,1.3854554502367984,1.3144697651194805e-05,0.07813337021694511,3.1761968214249654
2018-07-17,0.5324914411939801,0.00025605387199067195,0,0.19230052145442167,0.006939978647367082,1.3861748128058629,1.4800696496428073e-05,0.05391132374385354,3.4345005926098056
2018-07-18,0.5777363123964324,0.004726291183231094,0,0.4251142315931137,0.007007293630807026,1.3856038848706138,1.023436916241111e-05,0.09664967201527248,23.946636115119546
2018-07-19,0.5198135436877017,0.0017333805843953735,0,0.22959611939723537,0.006605154547864393,1.3861298477870538,1.0139278917489122e-05,0.0873233618793869,24.04238792279143
2018-07-20,0.522831337241947,0.0005839612894664525,0,0.08756830326253721,0.006790664301825838,1.386269741038463,1.1751700800349809e-05,0.08542164694011108,5.655252404954862
2018-07-23,0.5298936223598253,0.0008760229563837841,0,0.26604449827906984,0.006866166908956783,1.3860798185974375,1.1242818372800589e-05,0.08528840595590068,2.675841468898138
2018-07-24,0.5733918504348009,0.002185300785182138,0,0.0992590932492157,0.006169278012049841,1.3862672842702535,8.29128564797581e-06,0.0849069507602404,5.008703362994962
2018-07-25,0.6238834481595784,0.0012656085390062865,0,0.19376669050978867,0.005940900911732511,1.3861942243655565,8.163057732240073e-06,0.07108852863889005,2188.1962838252052
2018-07-26,0.6202300318474993,8.535346405372064e-05,0,0.043061190730742736,0.005514728310054145,1.3862890844478668,5.982467287549583e-06,0.020080242637010085,9.863659270707243
2018-07-27,0.6229809086986334,0.005843771075651089,0,0.49341802730285383,0.0054752824790672665,1.3855109530482292,1.2300789419163003e-05,-0.0292226818192869,1.7710614998852727
2018-07-30,0.6282197591668018,0.0016213320273722378,0,0.15558916877857795,0.0046181101130634665,1.3862204606391777,1.3792120846710854e-05,-0.027583647401041234,10.617239722691457
2018-07-31,0.5748700031757707,0.0007511953325520724,0,0.09863459968456263,0.0036612238773449895,1.3862606370048933,1.2043439006645386e-05,-0.0532930251659688,12.418559747223327
2018-08-01,0.5805753002551718,0.0002905230815828566,0,0.19307718815250643,0.0040817554798551,1.386176144313454,1.1899122101632522e-05,-0.02621270214889512,161.14988892978687
2018-08-02,0.5772883952895863,0.0015258858921986754,0,0.5258281186141422,0.004205674357222379,1.3854647037927572,1.3243366076890423e-05,-0.04429172362356281,2.518960702662516
2018-08-03,0.5782757249875697,0.004711075309633938,0,0.5286508665511896,0.006132811776166778,1.385495463686752,1.7675240081566646e-05,-0.02601098704164375,1.9997752743958441
2018-08-06,0.5775663828967932,0.0035761095351926693,0,0.3815745044138383,0.0067629870337474,1.3858595639012974,1.4788677586676364e-05,-0.04549237645615737,37.977029401770395
2018-08-07,0.555506556124524,0.003160930833000718,0,0.4263689471152883,0.006478451701433256,1.385714522234358,1.2479317808973269e-05,-0.05093463752889591,4517.741385358203
2018-08-08,0.5470736951936185,0.002021740451257737,0,0.07978240840147555,0.0066699232552074016,1.386273977490022,1.5515602855499716e-05,-0.11669149072158193,7.8169482775743475
2018-08-09,0.5190452144136094,0.0037701765208020344,0,0.8523738408219607,0.006310690656988778,1.384285215446532,1.4785844046127666e-05,-0.16033205208204312,43.60955435829512
2018-08-10,0.5363718378246951,0.00037044058252867367,0,0.2799460699345013,0.006216889448002044,1.3860817280236817,6.9173881466037465e-06,-0.14649545274067508,3.8396054417985046
2018-08-13,0.5518384581495047,0.00525463983036494,0,0.53467750369517,0.006493317580575901,1.3853704910461606,1.8071400469822855e-06,-0.1381514441029386,2.0586962201285335
2018-08-14,0.5557652759759687,0.002282596012906204,0,0.11574064042459521,0.007523372521516299,1.386253072436705,4.128339675184097e-06,-0.16362812684536357,2.778382477193072
2018-08-16,0.5689433195237013,0.0033241799380651364,0,0.2623469384113836,0.007886835136477578,1.3860612139397679,2.114602319214863e-06,-0.10227559780588634,6.54043724942631
2018-08-17,0.46502910568527794,0.004565789100162161,0,0.3895981582678287,0.0070677057436943115,1.3858632381369516,1.1130957991161117e-05,-0.1037898264661216,3.179684227171863
2018-08-20,0.4893947838684767,0.002729276460534823,0,0.18784396364604802,0.006234707102042933,1.3861958823195604,8.559152504653398e-06,-0.10998696434599847,4.350032978228513
2018-08-21,0.49249789270911126,0.0021143425348656483,0,0.46510795968317814,0.006598520852907867,1.3857039856394273,8.214397468864762e-06,-0.0830168809962121,64.22849786730274
2018-08-23,0.5446032062677221,0.004294648059779112,0,0.5901477788348611,0.006102635869170534,1.3851352247690532,8.6029581602663e-06,-0.11547959534840604,122.92389520297161
2018-08-24,0.5234113194537942,0.0013953215548445324,0,0.1663210217246773,0.006074255094656599,1.3862082868097807,4.723251736910692e-06,-0.11272633416524513,23.28751924546445
2018-08-27,0.4938912695175812,0.0042093147569685,0,0.33631599778887455,0.007009050228156389,1.3859297515775306,1.1657783748640457e-05,-0.10813221251131223,1.4326244595313655
2018-08-28,0.46732376285446814,0.0034153183897020958,0,0.3869395353869016,0.0075370433619250665,1.3858716381893808,1.548592835729559e-05,-0.1663193176453558,10.075172719491826
2018-08-29,0.44879879566893727,0.000549339677182268,0,0.2002931469042923,0.006927525255094023,1.3861759038101753,1.5777901584010592e-05,-0.15837807318132144,10.880195179518534
2018-08-30,0.4615162600828788,0.00024369538531646422,0,0.21514880831145988,0.0059648090195369005,1.3861591281052403,1.1194710828558705e-05,-0.16956213118593527,103.44080111381625
2018-08-31,0.45338976128765746,8.137794527518052e-05,0,0.21348629584837697,0.004822976159666667,1.3861439396536546,1.2573641401098501e-05,-0.13585321890594443,1673.1232599125954
2018-09-03,0.6649232785051558,0.006085619024103742,0,0.9490183970088348,0.005744381241635466,1.382689969754918,5.477079850974133e-06,-0.10891624918672399,1.468788941318764
2018-09-04,0.6742967410269137,0.0014149797583138356,0,0.28302743896381594,0.005487331408246756,1.3860213939621082,1.5096843556681775e-06,-0.08511253601966115,4.0774654596638795
2018-09-05,0.7049358935566842,0.0004732068645385679,0,0.19945395095757826,0.005594979427632955,1.3861302104073105,4.559886421494723e-06,-0.04370329933478175,8.164853333745388
2018-09-06,0.7346816850311737,0.003236054545276528,0,0.19986671640092685,0.006232687074832388,1.38613784866503,2.33797046941951e-06,-0.04385535890203348,5.213734716248033
2018-09-07,0.7472313502764337,0.0018488396997073304,0,0.20494145056557841,0.0047746816656971,1.3861342609440381,1.6717454566815244e-06,-0.0692559932278163,7.939319835945776
2018-09-10,0.7537923946755364,0.0016278189029685847,0,0.6010843138645123,0.005886042630232989,1.385037045180741,1.3068448144255476e-05,-0.22437926386076062,1.5266691748703247
2018-09-11,0.849435262464437,0.003382074868827085,0,0.8298782989528009,0.005018005007220633,1.383478367494356,2.524112904132836e-05,-0.2963330728970973,2.3305967541686843
2018-09-12,0.851465355376846,0.004649163413426725,0,0.3135265109458942,0.007000475083241188,1.3858915189254533,2.0525207822932973e-05,-0.3419032868943471,8.469817301630654
2018-09-14,0.8504219084615792,0.006452336211184621,0,0.460852188319793,0.007424423090338024,1.3856018678397402,1.2328150112367555e-05,-0.3281556653477642,3.6106137392679996
2018-09-17,0.8388302897799207,0.004373346495701553,0,0.5024275917155082,0.0091967932741924,1.3855238864651536,2.4741512109339092e-05,-0.31495252366929005,4.8962356983925845
2018-09-18,0.8465968688829014,0.00033391226930644223,0,0.1705448177311024,0.009220741356366679,1.3861837399792898,2.5065809811130593e-05,-0.3072711739813218,8.013460405438677
2018-09-19,0.8551548119673679,0.0042246323905397775,0,0.5207867042007145,0.009572575121791944,1.3852858600972742,2.3643674523741197e-05,-0.24651173527485024,28.738827472912227
2018-09-21,1.0348809961999692,0.003283640283675617,0,0.18083464535569424,0.00904123198979649,1.3860498391854978,2.825873153359696e-05,-0.247840127656921,6.972504334869008
2018-09-24,1.0394190368065288,0.0019097422592281473,0,0.5403268466570011,0.009823675657672622,1.3849986922658706,5.008738339293256e-05,-0.33040015368924097,2.1976457783506804
2018-09-25,1.057443119685733,0.0002324624105352068,0,0.09645833946177354,0.010639767469055199,1.3862508112022436,4.8238205056569064e-05,-0.38846753742945417,5.982765080765484
2018-09-26,1.05395800464848,0.007031912051123877,0,0.48677622847356455,0.011770482439660545,1.3852515449371512,3.440501257683181e-05,-0.42017421749500367,274.93724487105993
2018-09-27,1.0362486406215405,0.002349370406790266,0,0.33016947042926426,0.010121624172845144,1.385877918583724,2.663629541114585e-05,-0.3975594155986232,9.412932382131995
2018-09-28,1.0010376847926494,0.0027790695443257666,0,0.11656466463429296,0.009810231791494433,1.3862320129298167,3.504398528505487e-05,-0.40302431390905774,21.797045506382652
2018-10-01,0.9536459786658777,4.118641351036728e-05,0,0.15826711700841678,0.008331365037025732,1.3861709462634786,3.5294830015746486e-05,-0.40513605721024704,3.9858693577887556
2018-10-03,0.8628070185153396,0.002328190708789559,0,0.41132169644194716,0.010280153117442244,1.385675556474601,3.7569498024465105e-05,-0.38403616911031085,1.6280209450499463
2018-10-04,0.7961744769794034,0.009582273227742065,1,0.1531801019648469,0.010907860656341155,1.3861880219862273,6.285266973073855e-05,-0.7145913305149418,1.5235257074357793
2018-10-05,0.797855172430286,0.008066067570252838,1,0.1556654441680473,0.01076383481198141,1.3861671067029042,0.00010227900145321771,-0.9443894321142697,2.1486207820860677
2018-10-08,0.7800855068486796,0.0006108427665663876,0,0.20077178460182316,0.013248754556898244,1.3860959641737485,9.289130911309268e-05,-0.9506078199387015,167.02436802109116
2018-10-09,0.7740735627944001,0.004074582524594351,0,0.47678720221509885,0.011319458448155024,1.3854321951033388,7.649767207367716e-05,-0.9240857853062006,73.95696123228535
2018-10-10,0.7725234481381776,0.0029855064910264315,0,0.24979797508360413,0.012381589161312778,1.3860416371721827,7.447681762008903e-05,-0.8061216872196219,6.725889407169261
2018-10-11,0.9308197333064135,0.028145456497666522,0,0.9987220609565081,0.015873061450927976,1.3805363207206771,0.00010785703864733302,-0.7912320477297983,3.0983304306632413
2018-10-12,0.9081244551881257,0.00942324106314758,0,0.37356527436052295,0.020555330635461205,1.385726727571282,8.031433904213175e-05,-0.4879905443357823,2.401315730671744
2018-10-15,0.9053230930140865,0.004924611897753613,0,0.49564947294333167,0.021418071330841833,1.3852651542195162,6.731327171595538e-05,-0.5455543633178189,87.56284768574088
2018-10-16,0.9636236423677381,0.003575089556952137,0,0.08828018243228715,0.019442029916062958,1.3862687505080384,6.76729204884859e-05,-0.5454606075031723,27.684872975001518
2018-10-17,0.9849028738139155,0.009772840954339753,0,0.717878307921879,0.020436719242787112,1.3836391441614857,6.532285498514011e-05,-0.5043069633501244,7.787279446402205
2018-10-19,0.8926685724340654,0.010902909160884986,0,0.367871561976613,0.020323741770263568,1.3857163499435308,4.566689193462695e-05,-0.4628415183870959,4.5949588511216435
2018-10-22,0.8896237424692017,0.009879633372283434,0,0.8844669286604452,0.01794920248762628,1.3827867612363463,9.575514121320095e-06,-0.41408413547247946,14.222145625559651
2018-10-23,0.8814675504395689,0.0090843916953923,0,0.4359205482190108,0.017545970287725646,1.3854923497770149,2.7547161723836084e-05,-0.3471997893872379,5.755581726771781
2018-10-24,0.8236317474503786,0.012861955153138009,0,0.6274732355825443,0.017260889286783834,1.3843270946860022,1.0634601167912409e-05,-0.3490361054828153,9.361552413866303
2018-10-25,0.8286504080498671,0.0088115577323009,0,0.5134121511715035,0.015078141854938812,1.3853055786780537,4.346074283407194e-05,-0.3028964004371596,5.065361828340519
2018-10-26,0.856911975872252,0.00025196323090738486,0,0.18508288956487567,0.010148549529303256,1.3861659599733545,2.410407451209404e-05,-0.24430611464013405,4.160729228476937
2018-10-29,0.8578160079912146,0.004784112079237758,0,0.10491014171700375,0.011485849510844422,1.3862374428876492,2.4940359919738936e-05,-0.08459550500518344,1.7099741514238869
2018-10-30,0.8890953946076527,0.0011175285749611627,0,0.1404789531015362,0.01413837028855431,1.3862202559538588,3.486360288840693e-05,-0.04314493179993685,28.282998852081374
2018-10-31,0.9072242884828681,0.0010926540946115321,0,0.015345927358237086,0.014587874345338678,1.3862930265931086,2.4660611091358635e-05,0.009174512025619684,3.050673939007079
2018-11-01,0.9095899980833513,0.005290946932314703,0,0.5244133207163092,0.016475987391335854,1.3852500662481724,8.714357431211353e-06,0.0076136420969312715,2634.6916249281794
2018-11-02,0.8924166198162192,0.007854052859961637,0,0.04313723767045605,0.017403448163950168,1.3862867178298264,3.0036777147404398e-05,-0.02558228493110286,4.073725791352127
2018-11-05,0.9496417615169265,0.0005447203706161982,0,0.1984012464054019,0.01909858411853429,1.3861603703471947,3.323432599423791e-05,0.015719450553184706,84.56736547173966
2018-11-06,0.9700603416020549,0.0026570522369670714,0,0.1403073131909478,0.017544481382496698,1.3862204450945388,4.318141574118975e-05,0.02373857433624971,1891.2738424806337
2018-11-07,0.9722323565376936,0.007987972596091936,0,1.4834057321717489,0.016259862620674467,1.3798918830414921,4.1671059169581664e-05,-0.00034134219400852876,7.67980575869994
2018-11-09,1.0166592317902052,0.0015367680768159262,0,0.21214429539684518,0.017073720280657012,1.3861461146793237,4.801157813682363e-05,0.027746542939489742,208.06289783466667
2018-11-12,1.0107624812303901,0.0021327436362358148,0,0.1790516017204634,0.014555363702559545,1.3861534191057383,4.7850890320817604e-05,0.07464595429382098,1.5372983729238212
2018-11-13,0.8546578843471069,0.002894781719603615,0,0.5205607812706369,0.0137099877466468,1.3852182911473454,2.9434679663268418e-05,0.028585401034378923,2.5372709820854586
2018-11-14,0.8543552938200316,0.004939389010628474,0,0.33315556126106144,0.012231527448093277,1.3858523880702036,3.236524857639766e-05,0.0021376729805954323,669.9897942165544
2018-11-15,0.9105891446353767,0.0004064683262465054,0,0.14265506231210678,0.010622734502121723,1.3862255288766785,1.5946653421704656e-05,0.01140149200300788,13.947061131964997
2018-11-16,0.9704473076191403,0.0025681016561596875,0,0.05480609143629624,0.008984933509392211,1.3862855301961412,2.0927703744001233e-05,-0.033667287077071804,6.318131444957801
2018-11-19,0.9030732357053399,0.0045812225518596155,0,0.27623851791220877,0.007005420564214144,1.3860277953581135,1.1562856532457449e-05,-0.03377709259508888,3.500589757962728
2018-11-20,0.9363291278606988,0.0021671625893017405,0,0.33524987124841804,0.0085899260282286,1.3859312223276516,8.576139202582313e-06,0.03104890301228469,2.0984335016052316
2018-11-21,0.8747794985441646,0.0013832136109682067,0,0.16232205536759678,0.008458996072115943,1.3861976510995602,4.758404119855684e-06,0.06347740551841975,8.520150251825855
2018-11-22,0.8575851102494365,0.0011880229582768409,0,0.09499182758062116,0.007785089335601455,1.3862591485547548,4.8997842590405575e-06,0.09920968196370988,5.637121624730099
2018-11-26,0.7591017921250872,0.003939299390452364,0,0.16833659739125298,0.00867796912461359,1.3861726580224272,3.2380284425009342e-06,0.05947972199634713,3.5195914455254687
2018-11-27,0.7652254063207995,0.0006728844777275716,0,0.09148904306056313,0.0070089619165296345,1.3862655670390773,1.3760311944681341e-05,0.06410722549769435,10.402190494727932
2018-11-28,0.8529589652445929,0.0021641601715652876,0,0.17534800293215294,0.006031191737180589,1.386204526059871,9.214430014966374e-06,0.06386383394881052,13.09739854554765
2018-11-29,0.8003412558557206,0.007415045121596148,0,0.32179199756909477,0.006430332097866423,1.3859146390706334,1.9619139497216336e-05,0.019495960590225184,2.283706413196131
2018-11-30,0.8019595378946632,0.0030710999699678494,0,0.18653302113582348,0.0073227173768418,1.386174309240472,1.8000822008555005e-05,0.005649104875415257,103.36292057543982
2018-12-03,0.6997977221234999,0.0049478783529854405,0,0.4512924076507728,0.007277757878146811,1.3855451931870046,1.371031018469272e-05,0.004121309465708132,465.8437589966912
2018-12-04,0.7550474166604053,0.00061122529234167,0,0.23361555823762972,0.00554122323176769,1.3861342648234667,6.966028379088252e-06,-0.024718908033351493,96.66970401793388
2018-12-05,0.7653179281239489,0.004522821662476185,0,0.11821314707331054,0.005759283895800379,1.3862500145638257,8.010028462204471e-06,-0.015508684785442293,3.3382732252581566
2018-12-06,0.7627993783418674,0.00602297965801091,0,0.4571952071456636,0.006575292542009078,1.3855505403138886,9.079861113616858e-08,-0.005463535156335235,1.2383474604929536
2018-12-07,0.7637843132686487,0.00410896901052511,0,0.14022070633545253,0.007589011143724779,1.3862218482824658,1.3787651406277924e-05,-0.012224584345065828,5.699636327593317
2018-12-10,0.8856364643034478,0.01745129718137738,0,1.2505495628974252,0.01023258468088769,1.379940729492027,1.3858365835107847e-05,0.022572997293432262,2.1454691023744537
2018-12-11,1.0308251619454973,0.013283338594217143,0,0.8674535692168387,0.01288164689035649,1.382532128223169,1.34572606795205e-05,-0.04046696293628445,25.14679018768641
2018-12-12,1.0216990113891897,0.003959258876620468,0,0.22083194966133007,0.013319939890302245,1.38608394989574,9.799528960844254e-07,-0.0763953905314051,3.466943438011933
2018-12-13,1.0137186440300971,0.006789445405272339,0,0.5290075374143851,0.013578271297052233,1.3852631751827658,7.094093163706415e-06,-0.07057133260321773,32.76765167981524
2018-12-14,1.038810697137812,0.0006534843034009154,0,0.15786716806848294,0.013879059095038566,1.3862188127803887,7.516314521980805e-06,-0.0516925256510399,452.1229434441039
2018-12-17,1.0477118379132777,0.0044093308218679465,0,0.36485374063162884,0.0143681647483256,1.3859114034163489,4.955116764848552e-07,-0.11852171666883968,7.3958127951255115
2018-12-18,1.0080696769266577,0.003445312583835236,0,0.252211278355237,0.014266661411465188,1.386069883832887,4.222661610435142e-06,-0.16262739488643482,115.34702252446834
2018-12-19,1.0841495529757652,0.002000949360909202,0,0.11798766969763941,0.013654464423618746,1.3862559074330811,1.9379188530407833e-05,-0.20216283226666787,4.089426468975456
2018-12-20,1.0908587780151617,0.007514014017259417,0,1.0521998219585667,0.01155329725221901,1.3825265702483156,3.089176416988136e-05,-0.23015800460303754,46.535877201486215
2018-12-21,1.116830920503388,0.00068050900130431,0,0.4175585844922249,0.010300090365812144,1.3855184990543163,6.412543126525658e-06,-0.24076741580973685,1.2791149272552507
2018-12-24,1.1208857011702678,0.002498307782131097,0,0.6547913663620342,0.008590653241622967,1.3847353026889024,1.6010690532122152e-05,-0.17794526417290216,6.125560834706625
2018-12-26,1.1418950540661956,0.002633915817127345,0,0.11853133416494394,0.008892691519979755,1.3862247572498503,1.6465047048155647e-05,-0.20683221695731896,12.280116055203175
2018-12-27,1.1464534878612467,0.008172665020100077,0,0.9380570197534085,0.0076553572087026895,1.3832776747005082,3.1520412710679595e-06,-0.25629307345003416,21.572984859690564
2018-12-28,1.1127969702659484,0.003810093668602721,0,0.10633684068654915,0.007548035894353055,1.386258342087381,5.191223797593724e-06,-0.3018679194512481,9.453794841003946
2018-12-31,1.1123654765983042,0.00489594129641894,0,0.7432360567770419,0.0076373411204944,1.384526973175594,4.332010739803875e-06,-0.2780068826403523,3131.4161958049453
2019-01-02,1.1116480974040195,0.000579788235809496,0,0.07097882248340483,0.00774157667563709,1.3862728768253847,7.137375001574164e-06,-0.2913321552711315,3.7454161057433137
2019-01-03,1.11106128415202,0.0003983273921110146,0,0.3597843874421751,0.007879881077465355,1.3857932990447261,1.8883357144668937e-05,-0.20195327724339437,1.9422625582488697
2019-01-04,1.0386087851109325,0.002568807259649477,0,0.21490373481038666,0.008943581524050856,1.386116032124602,1.901820768418422e-05,-0.05634322889716045,9.381485071836742
2019-01-07,1.0063257000987007,0.007198552630669786,0,0.5920196556492676,0.007190357630317677,1.3850244112298085,1.4625768758025169e-05,-0.061310560023823506,12.344386201249527
2019-01-08,1.0195250746507476,0.0013405848495143158,0,0.19458880214887575,0.006252089335061123,1.3861645539368372,2.990441920402557e-06,-0.09705823196380077,27.6549370160444
2019-01-09,1.0305477937452654,0.005562095973034596,0,0.4922052448416689,0.004855074857469845,1.3852760477232064,1.0721849752993215e-05,-0.10234614053896206,8.391852385042743
2019-01-10,1.0225595154452114,0.0003867663360746671,0,0.10916686977605324,0.0055696968917948895,1.3862603865916598,5.090227942862801e-06,0.015337951454314467,8.877845268281643
2019-01-11,0.889993611771934,0.0012144606527423735,0,0.13831291399565257,0.005333164922529377,1.3862226189438607,8.285333486811351e-07,-0.09679971838555533,10.631375706907171
2019-01-14,0.8793732393765641,0.001115622046003393,0,0.11447467846930245,0.004855611706863722,1.3862450958325319,6.250847817899715e-06,-0.049205759518666854,2.675161845868445
2019-01-15,0.8791202138688183,0.0037136847583920008,0,0.6084319206759375,0.006234810600003656,1.3850858447688252,1.6231789711910479e-06,-0.03667494255430355,1.3570593212463429
2019-01-16,0.9116032678179348,0.001179686209786357,0,0.17281168175347913,0.007206268268143957,1.3862103331940105,6.217010509754037e-06,-0.05937810510910458,2270.2053267948786
2019-01-17,0.8852323633431023,0.002801303506324604,0,0.3279232767572017,0.0055053476558590666,1.3859146985762703,1.1723493244631295e-05,-0.06706242370593836,121.34527079688506
2019-01-18,0.8978220084497043,0.0008844539566041947,0,0.2371665893125771,0.005526714009586556,1.3861084388854534,8.887485931717173e-06,-0.09504140062092495,8575.15667170612
2019-01-21,0.8044122536241363,0.0011361903306883949,0,0.13605341353586012,0.005919926319997444,1.3862292924362392,9.453538024408267e-06,-0.15119173575265515,8.633282868954739
2019-01-22,0.7963549734795714,0.001099853842537789,0,0.2761214005671818,0.006643622670603988,1.3860314634802662,6.259434712786552e-06,-0.09481704295774887,3.1308517881958364
2019-01-23,0.7581440849756551,0.0007595754661182853,0,0.2443505261413161,0.006290952355757077,1.386071427885598,1.349116006015534e-06,-0.09188127238983192,1.5665320785403252
2019-01-24,0.7700671304275778,0.001157968882257693,0,0.20145050212027363,0.007340661353044435,1.3861664700116378,1.5934963023860465e-06,-0.1294817771879434,39.03399453206396
2019-01-25,0.7310301602922262,0.0009166653476244358,0,0.09451249404753097,0.007921761287688935,1.3862546202166184,8.591621324778535e-07,-0.2714723942771392,3.7123743784678878
2019-01-28,0.7317117546683082,0.0011032672166222056,0,0.25062706025366865,0.006318468024796967,1.386030538266559,5.096827858350553e-06,-0.2707456212187223,2.030769172089791
2019-01-29,0.707324520227598,0.0007365252323897538,0,0.22532422596734825,0.005956736504505334,1.3861056338432802,1.102988876444279e-05,-0.3772470582793978,309.46982540092216
2019-01-30,0.7178093168560002,0.004687537808288768,0,0.42893335505349106,0.005933835483465016,1.3856112997055494,1.1170799645036828e-05,-0.3810056475935177,118698.05422040657
2019-01-31,0.7068370098818673,0.003631281774470577,0,0.490107611106318,0.007657133198811145,1.3853907505781198,5.339456208665782e-06,-0.3757906546002902,1.5930386667517713
2019-02-01,0.7119246165109275,0.0018816657149117988,0,0.2123376722680158,0.008328942225443954,1.3860947716150855,9.858329950241626e-07,-0.4226043750604456,13.069935756196154
2019-02-04,0.7084623239225782,0.001552602957844621,0,0.17399795938820894,0.007825864601479667,1.3861796180643378,3.5878930283412993e-06,-0.42981324345175037,108.30498049868565
2019-02-05,0.7265300739456779,0.0003299230868766154,0,0.1283422734751188,0.007326006915215654,1.3862435914648956,8.34701746086878e-07,-0.41360352654305593,77.81474814579455
2019-02-06,0.7306491328990795,0.0028082916517215705,0,0.49516870811892066,0.007275660587151244,1.3855065021163049,1.690006194124279e-05,-0.42973596583386203,3.3478418320094567
2019-02-07,0.6934505804233986,0.0007229057382632157,0,0.22362187535702932,0.007601007999357522,1.3861349453703558,1.6077427479817778e-05,-0.476209599499277,447.11959348056723
2019-02-08,0.6508102069732284,0.004155222343462289,0,0.13149524707857943,0.008418915321712388,1.3862330142016412,1.3111763995189802e-05,-0.414788200089919,2.0950530805077245
2019-02-11,0.6780637028137393,0.0011610980983979289,0,0.13405271507519406,0.007995282936094467,1.3862386052699922,1.6735883144808174e-05,-0.3869937175929073,11.745169856954803
2019-02-12,0.6758898761088052,0.0008360346284785138,0,0.04499053279157532,0.007931456616901176,1.3862876750939448,1.3740311754310901e-05,-0.3325736192447305,11.449108030265387
2019-02-14,0.6858116055871998,0.004191127333046738,0,0.045273430206133745,0.006365819088184522,1.3862879155134387,7.731101788671922e-06,-0.26346716951016874,3.9426847142531263
2019-02-15,0.6971496918601994,0.003177529291939389,0,0.26315238533461394,0.005808911533800633,1.3859768643833652,6.729691742510154e-06,-0.22157720954224866,61.57649287221401
2019-02-18,0.7035379527868812,0.001327863614456413,0,0.2519268385764557,0.006000992985157634,1.3860553540062548,1.5635635805871217e-05,-0.22099410540479378,2.9629883736524842
2019-02-19,0.7089655231830456,0.0003994802037345497,0,0.2110912326192071,0.0064508826371301115,1.386108681866217,1.86359736603066e-05,-0.2307323881970915,14.107844058440412
2019-02-20,0.7071694703039549,0.004807259223231723,0,0.2074432232958323,0.007129601085940367,1.3861474172891866,1.4694553457302354e-05,-0.2710806872018079,1.9243264301376433
2019-02-21,0.7152578371130798,0.0008053627388520728,0,0.0976879841258824,0.006708864930741255,1.3862629169572551,1.740569124475147e-05,-0.27309291284060516,9.92195491157344
2019-02-22,0.8150120326980279,0.0006628251540943955,0,0.1882315138009563,0.0059121665629561565,1.3862001125686132,1.7672911138238628e-05,-0.24678444694456234,8956.511919348093
2019-02-25,0.8038939125090588,0.0019995108684434924,0,0.08943556973400556,0.0060883933519153,1.3862672536272393,4.034002867468803e-06,-0.2529012305864042,3.827891795761913
2019-02-26,0.8659432139212521,0.009678936955668333,0,0.42691567428026467,0.007424333288060565,1.3854602608567161,3.385703097813933e-06,-0.22275358111106472,15.283880142305321
2019-02-27,0.886157832460018,0.0042272427855973085,0,0.1009186171126374,0.007296859678138322,1.3862471286316205,1.5369363564172595e-06,-0.1946865560755939,16.58261678285345
2019-02-28,0.8991573387143197,0.005449335140476538,0,1.136027282438826,0.00679050958544319,1.3822219890077503,2.6667315622554645e-06,-0.1817479075439989,53.825340926281974
2019-03-01,0.8896317042300161,0.004636018658677274,0,0.45657726102671276,0.007020761874600289,1.3856683234595308,8.242890546864847e-06,-0.2194727589124583,3.1486043128948777
2019-03-05,0.9077903076562053,0.00012422566840080345,0,0.09956346679156296,0.007067633111317988,1.3862518468616325,1.9977999169133385e-05,-0.2708953247520091,1.5341074349474735
2019-03-06,0.8988530489319221,0.0033980502156636338,0,0.23861905793054453,0.0059192323444718885,1.386120486760341,2.4095289816247006e-05,-0.24696252514180234,6.099844298245274
2019-03-07,0.9032814347854546,0.002254779452570679,0,0.2730684695293928,0.005724249022537422,1.3860661359375555,1.5217140485151214e-05,-0.21869662969916204,944.7707163322646
2019-03-08,0.9618713956836279,0.0017514184974896311,0,0.1978070776902634,0.0054627717986842446,1.3861925773976447,1.193886625239356e-05,0.0004851207142910226,49.66667411022237
2019-03-11,0.9593678585901128,0.003017499798952165,0,0.32355100990009356,0.0061313073974851445,1.3859347078826112,2.0734371469265143e-05,0.014847436017398708,2.1807352910669664
2019-03-12,0.9454692876498679,0.005651934859797082,0,0.24475161359286604,0.0047766397140960445,1.386100225135512,2.4556275267375696e-05,-0.11486703398878828,2.3001708415371493
2019-03-13,0.946988518629439,0.0022097112121555215,0,0.2445147306301345,0.005531765655634622,1.3860994139173002,2.6707648939359985e-05,-0.10749946198068469,23.48347903450577
2019-03-14,0.9270092755716481,0.0035908721255263724,0,0.5294226415270572,0.0057654697412262,1.3853907504918297,2.676323335612822e-05,-0.09899148655548344,16084.773011708276
2019-03-15,0.921280495481693,0.0029577012818409933,0,0.2120172810118863,0.005692020146474911,1.386128890693099,2.920593954863474e-05,-0.09904638608123274,6.490723666793052
2019-03-18,0.9124840873024044,0.004104683926085901,0,0.1620912908266337,0.005632687771742122,1.3861951061816846,2.7719996340589842e-05,-0.10732761775241476,22.716875917080575
2019-03-19,0.8577919697485192,0.00331842302340913,0,0.2014089070814019,0.0053682344926391,1.3861540021995196,2.2952050272077526e-05,-0.10967945420680343,3.045969984573316
2019-03-20,0.8661885613156811,0.0018149052554370469,0,0.37047436296605263,0.005547428899574445,1.3859081767753512,2.097695181938114e-05,-0.11274330855774518,104.91119418308264
2019-03-22,0.8650400540246632,0.0024404074161321456,0,0.21553971102150904,0.005776824623539355,1.3861158472764226,2.071199173704994e-05,0.17399067786683212,4.2624378164294825
2019-03-25,0.8668295842462457,0.0053604647684479135,0,0.15038583188377458,0.004599479092553167,1.38621966024141,1.9661176986393755e-05,0.16760861271123118,1.9748976809872714
2019-03-26,0.8628464214037943,0.0018434410920944264,0,0.19872696694820569,0.006843995959281122,1.386146283705252,1.8952820726080302e-05,0.17567414366531311,2.1786325233269013
2019-03-27,0.7893370637301854,0.004188650330032172,0,0.3503787450227731,0.007550088526979566,1.3858146048775932,7.881322030052916e-06,0.22883845169973907,22.685369846063587
2019-03-28,0.7848344864794136,0.0016238887292966116,0,0.2512421990890174,0.008744503658786077,1.386066690669651,1.3788629227057335e-05,0.23455431375049518,3.128141231084008
2019-04-01,0.7026456188275055,0.008194526170477475,0,0.46697036812780146,0.008202149447747187,1.3855012774926294,2.0318836772580497e-05,0.1879466416444925,5.6369727887565935
2019-04-02,0.6378093164194334,0.0036268768844354925,0,0.41167575341695384,0.008258951433293233,1.3857370815691403,1.7352013249085696e-05,0.14172918350437547,24.206736933957252
2019-04-03,0.6224971375706726,0.0018849492222007902,0,0.21052967622977675,0.009001230952741754,1.3861300390050506,1.1778450709986715e-05,0.20462935054442855,7.1435658078796065
2019-04-04,0.6188897092343424,0.0013946015933945996,0,0.15440818896686404,0.008432904689704701,1.38621080466228,4.246221618302697e-06,0.26127042183671373,16.355058569880338
2019-04-05,0.584065969883756,0.003477339919745819,0,0.1346036240798496,0.009010339202526255,1.3862361421482041,9.547053188813746e-06,0.25036256721794475,5.038226292704498
2019-04-08,0.627539526012448,0.003286175097410959,0,0.23165023573437626,0.009866627274474522,1.3860682520472092,9.74011152725416e-06,0.2901257171111596,4.553455406640231
2019-04-09,0.6173775313838894,0.0006503813027466539,0,0.06485643994419829,0.008842136969641222,1.386279281328039,1.8714343176734857e-05,0.28467702582395976,4.358684636186424
2019-04-10,0.46388093450062085,0.0021528205432591687,0,0.03817523741680641,0.008698130603413354,1.3862892964248625,5.924646685089572e-06,0.27681543147779103,2.957839408682114
2019-04-11,0.5310195236855281,0.0007119173215936785,0,0.24747352364981579,0.008077832876569968,1.3861166233187432,8.686781369090532e-06,0.25453086230742905,134.16590350891485
2019-04-12,0.5543458680501624,0.0013916182609873108,0,0.11599144613603597,0.008147633224795755,1.3862518316049939,3.675230090473185e-06,0.20510237985055554,8.379442756128809
2019-04-15,0.6239584900099885,0.002020536926756781,0,0.08136273932676574,0.007618525186588,1.3862758477423158,9.577180716830503e-07,0.18209788394529144,7.667242947203706
2019-04-16,0.6459489234531085,0.0039144171775901,0,0.0481553412047447,0.007010632484010011,1.3862872634660541,3.638146755496833e-06,0.13642750628266084,2.3280448602528603
2019-04-18,0.6926121675144342,0.005836765054785325,0,0.9330087373359265,0.008031654844546066,1.3832222889156987,5.0908726089010105e-06,0.16384917650939385,12.915528752759613
2019-04-22,0.6870471632449096,0.002193370975686053,0,0.6831981436889589,0.008126174594230089,1.3847184944615971,2.1559824134156955e-07,0.0760608155963855,1.5916321681413903
2019-04-23,0.6955382055691752,0.0015943193642804184,0,0.08838111660421434,0.008220061389082899,1.386269380112175,5.220047213882628e-06,0.12167124182981752,109.50525748833395
2019-04-24,0.6794684383174077,0.002204713186436274,0,0.2312462107411084,0.008599128808386078,1.3860875433286957,8.095015621674345e-06,0.08409435463772903,2.5829225362169628
2019-04-25,0.6882158829983397,0.0008140709258988555,0,0.031507922675229845,0.009352205457401534,1.3862901666367162,2.060252484506979e-06,0.09075406125201621,7.931634958945995
2019-04-26,0.6868929645019679,0.003596934768341575,0,0.14812941124997672,0.010269822695886912,1.3862218255533358,1.178589906756675e-05,0.059046549906755785,5.350560924872118
2019-04-30,0.6849617481272275,0.0005020882639013823,0,0.35691510460822345,0.011075008622946466,1.3858281095058191,1.050798490986871e-05,0.04073938329901911,1027.0818328227338
2019-05-02,0.6550378637749248,0.001925609744776591,0,0.21128563235830017,0.011234714905784666,1.3861422913487094,5.6340511010491876e-06,0.0800104689498616,79.40472457740904
2019-05-03,0.6771893876472121,0.00018342291703358994,0,0.2261893107839918,0.01086812616666809,1.3861348013793635,1.5018702971385916e-06,0.08119442117648716,132.35824794049086
2019-05-06,0.6921491460371909,0.009130346294456549,0,0.9951166542669853,0.010595858083833466,1.3830164452418012,1.29855179134912e-05,0.07358053237652966,2.0293934097815693
2019-05-07,0.7580731519897471,0.004580702425728995,0,0.7681800419146035,0.009534174831829632,1.3839695851498957,1.8293835722954946e-05,0.020261829580182973,2.338703783454585
2019-05-08,0.7516613089815112,0.0016712828958165824,0,0.5629634710860663,0.008584905217520377,1.3852240087147722,1.6654251903170933e-05,0.030847207614273838,2.201251200634053
2019-05-09,0.7513852581780673,0.003266914884127968,0,0.15260067641540995,0.007755772094117444,1.3862114069736213,1.9621365764302378e-05,0.07043850264339184,13.325359061876844
2019-05-10,0.7486441003574493,0.001092201482457774,0,0.10288479869020059,0.0058611819170622335,1.3862581712641897,2.4157651764424223e-05,0.09891798702520262,84.58116720234239
2019-05-13,0.7246514871579136,0.0017925777541971074,0,0.08089039246268585,0.005056871100419,1.3862667858541695,2.8686411796994453e-05,0.11132415325186266,2.8569297396925597
2019-05-14,0.7561084597513952,0.00030943663292566176,0,0.14488994769970948,0.005952225076278799,1.3861999490860013,2.7553879615978124e-05,0.07881858136316183,8.17123062057572
2019-05-15,0.7928952114239268,0.004414601501317665,0,0.46640957387259024,0.0071717009604988224,1.3854256600858572,2.9795347468787008e-05,0.11093690159755142,7.1973943278579045
2019-05-16,0.747247443808404,0.002090634590758521,0,0.08288026061677412,0.0087070610996405,1.3862677980679503,2.9614542516382412e-05,0.045693110043996836,3.724510623977759
2019-05-17,0.7284151129512729,0.0004263760666751885,0,0.490367623107519,0.008217626567709656,1.3853804190832568,2.4040981057844704e-05,0.015017972466595225,2.671229369275032
2019-05-20,0.8099670104246902,0.021228904343829274,1,0.5749015344553877,0.010652923760422634,1.384560076350587,2.9244270185067173e-05,1.0492659069660961,1.253029162033391
2019-05-21,0.786365600385409,0.0029883982615713308,0,0.3512818662646453,0.015425163395485898,1.3857615613526482,2.7326888649001006e-05,1.010073573820523,16.638302355755314
2019-05-22,0.7909145802909608,0.0016086145790080197,0,0.19198289789658826,0.01604235474680979,1.386165339893139,4.652245458003107e-05,1.0015817565798195,277.99079171043667
2019-05-23,0.9729448813446374,0.013824665397377853,0,0.2380652930998289,0.016743321553852167,1.3859160970235462,4.4337491810543414e-05,0.9922206470266866,34.4488267622751
2019-05-24,0.9611378213965165,0.007771882894508737,0,0.1822229797204371,0.018210327580579624,1.3861389449341548,7.202989244811522e-05,0.9869305101272109,6.8025807407017895
2019-05-27,0.96351740064084,0.0009620746081995697,0,0.1094119943670484,0.017196354154358655,1.3862478162747736,9.114627197871694e-05,0.9742087921590622,9.896617191671247
2019-05-28,0.9645986309878505,0.002813674279404339,0,0.38333315053820466,0.016533564315776364,1.3857727266887048,8.358548124819384e-05,0.9733853142370905,3141.6735799744038
2019-05-29,0.9794188206050799,0.0019257928170216948,0,0.11389577586734863,0.015564381428377445,1.3862515460176366,8.368373136852557e-05,1.0351536273293793,11.73840733223132
2019-05-30,0.9928260523278143,0.0003540524866901575,0,0.17576889397101944,0.016509039309930813,1.386191258497063,8.103703626125843e-05,0.9777260413918472,7.539951843384413
2019-05-31,0.9960542585807858,0.00450181073439607,0,0.15697356664732298,0.014959119073447975,1.3861777166068652,6.0068959585872745e-05,0.9762208240116004,35.500692646145495
2019-06-03,0.934129026366566,0.0025925196815093318,0,0.17585230444668212,0.011555454989406931,1.3861685433116233,1.900397189221712e-05,0.8910985255424834,1.4562026839955455
2019-06-04,0.9580741820222983,0.0029741222668401225,0,0.1517575374141395,0.0123081825698371,1.3862179317850243,2.136930955767842e-05,0.9399809061200093,10.009242800506971
2019-06-06,0.9547010428892524,0.0015085888304548116,0,0.8467387343865443,0.012307175828578966,1.3834719475838924,8.825505870014573e-06,0.9077733940027061,2.241279101869894
2019-06-07,0.9427202858977515,0.0018094602239562797,0,0.23869089561922216,0.011679076193475212,1.3860705618584535,1.7143726491332965e-05,0.9326993349808408,87.93047652469251
2019-06-10,0.9248430938753758,0.005397913839273192,0,0.3363763934575052,0.010898412511873144,1.3858809286664684,5.385300871034706e-06,0.9081438783268317,24.44736494490509
2019-06-11,0.9116310618889154,0.0031110115401012314,0,0.1841344795271956,0.010268703612460376,1.386177346201559,2.713538716372527e-06,0.8783875983847904,22.500737184453037
2019-06-12,0.9457958486061846,0.00026324034815992345,0,0.0642574406789875,0.010551535558789356,1.3862805891005328,1.5347733910677394e-06,0.9628332061744085,11.476665979253118
2019-06-13,0.9513221372361012,0.0027165422983877257,0,0.1374725469304374,0.009754226246607968,1.3862252561357207,3.509130495082532e-06,1.0342107693883906,143.63063215119283
2019-06-14,0.9613563111099749,0.0003316127077651684,0,0.1924780718416114,0.009670403542694044,1.386168584283295,8.120232485084022e-06,1.0623499176355076,1.9790969032285297
2019-06-17,0.9641461809979514,0.0017492659290884733,0,0.7766089506082778,0.008501337296192533,1.3839771383116546,1.8535278648895154e-05,1.0170868210766848,1.5833144341822365
2019-06-18,1.00764401205597,0.00041966440763910117,0,0.20578947153126773,0.007964355086871367,1.386156125968561,2.3102550443499852e-05,1.05709174170676,91.83284781126981
2019-06-19,0.9132404530557023,0.004518723155642039,0,0.1359315850965727,0.007108933868587319,1.386212852741116,1.933726969654271e-05,1.0769808871561637,11865545.84466799
2019-06-20,0.9180680094718567,0.0032383529539317473,0,0.5499002153686028,0.006526202209172325,1.3850113366160448,7.017764390425696e-07,1.0425886123618253,2.593539496630121
2019-06-21,0.9077802112285741,0.0003508457109850999,0,0.3763633816742173,0.008633133996070871,1.3858139000961158,9.207183539483838e-06,1.0405566082567672,4.717752244443678
2019-06-24,0.741337458213333,0.0001450066190442064,0,0.16006282538727679,0.009329692553643682,1.3862120082655824,1.3492367602092745e-05,1.0344056233056982,53.45190236756623
2019-06-25,0.6996266328570517,0.0015953700405386651,0,0.1969877203935492,0.00952514123523877,1.3861390646629554,1.0923126745507128e-05,0.9764655380059035,4.390570616680037
2019-06-26,0.6996013190109782,0.0024018924648970016,0,0.29865338937809693,0.00933421423138276,1.3859780916370879,3.83050116665762e-06,1.0197752268081854,16.95469848614723
2019-06-27,0.7215107938372131,0.0011219488798326087,0,0.18798485047894295,0.008947958667947935,1.3861763624699621,4.728257780347907e-06,1.0093262970956416,680.932317070521
2019-06-28,0.7018816171426367,0.0016538698328675816,0,0.33926345598547236,0.008807245876610683,1.3859210633488845,2.1844163277751726e-06,1.0958082454301454,5.583586808090332
2019-07-01,0.7269356830973919,0.004321080098088698,0,0.38261675422307967,0.008410227408907293,1.3858776479327866,1.0320146009259483e-05,1.1101795721976262,3.5344414219960147
2019-07-02,0.669319738009329,0.002079500656485071,0,0.29181875569757104,0.008528950869637586,1.3859849543609741,1.1706981136749513e-05,1.1102365594933956,6.725169473160977
2019-07-03,0.7002233040157322,0.0018329149794504293,0,0.23347893484597732,0.007560693010894711,1.3861363833652514,1.2021920998106432e-05,1.0926578924254196,261.6349205910789
2019-07-04,0.8464812968931588,0.001010654466922165,0,0.2024822855505729,0.0054389188525524115,1.3861887197754,5.0788947792935905e-06,1.062347694726541,13.091275835200069
2019-07-05,0.8295058260350758,0.0015055520063592383,0,0.44646366958205497,0.006203032671932388,1.3854975896539488,4.26230045081686e-06,1.0800662589191303,1.48242946942577
2019-07-08,0.8628229460751221,0.003456095058365756,0,0.3731506619989539,0.006188790860769344,1.3856702385149573,1.1089890022569165e-05,0.8112625738030993,1.3233476517227263
2019-07-09,0.8571108270770267,0.002338655639144267,0,0.18712769509973906,0.0081291792019706,1.386160877071335,1.760001764524306e-05,0.8488652910729858,11075.7694514706
2019-07-10,0.8569061965208475,0.001710545763366284,0,0.14740089802542639,0.008116091736027077,1.3862133580395353,2.4707263915760938e-05,0.8488252297314741,25.697301835551116
2019-07-11,0.8514613302353186,0.0054248922066367,0,0.44120432957358613,0.009034916835027856,1.385633924678132,1.960097273513499e-05,0.809941636974129,12.740902913773779
2019-07-12,0.8528552129127213,0.0015743585054864217,0,0.06650046025354746,0.008919013260544343,1.3862790799904834,1.7908266342736262e-05,0.8476301309983303,79.86075258200363
2019-07-15,0.863901708466179,0.005373978336926255,0,0.593286018868215,0.009252043364084401,1.385029315640966,2.01904062607462e-05,0.8536450936865696,9.790440272432038
2019-07-16,0.8445776797134382,0.0007160475828913764,0,0.10706734818244955,0.009259794364029746,1.3862570840924204,1.8464629057887233e-05,0.8641887090416129,3.3027489422559664
2019-07-17,0.904307431070571,0.000698604451819185,0,0.17650089221341375,0.00951325955638221,1.3862079557365785,1.719730605600813e-05,0.8373338708789334,25.242750593120537
2019-07-18,0.8768819047745817,0.001018733973931177,0,0.32870931710413975,0.009067180086897365,1.3859605623326252,2.6380525971316216e-05,0.8819451154928786,2.0212547049472493
2019-07-19,0.8985934313596935,0.0026738448173591104,0,0.5557524602714483,0.0087845366854914,1.3849053491843417,3.164455015905673e-05,0.8205744079195652,1.4846643322613402
2019-07-22,0.9032634590036374,0.002314596452183534,0,0.18768441815148854,0.007411085083771468,1.3861744794310094,1.3041332172563255e-05,0.9077244992608583,9.357517903355925
2019-07-23,0.8909037192881514,0.002293274046433859,0,0.12616051947822768,0.007452224053351378,1.386239471243265,1.377808282291491e-05,0.8934919519452194,194.0169505046978
2019-07-24,0.872712187593137,0.0007592301223289361,0,0.1504409781310204,0.006533074475648578,1.3862077306914915,1.4052061624928395e-05,0.9744649846013812,13.22912406243893
2019-07-25,0.8718812012903258,0.001693187156589305,0,0.188534717042734,0.005830867663130055,1.3861572923646397,1.808196812904117e-05,0.9806740451699756,107.95172944258717
2019-07-26,0.8683708502988073,0.0004178025616872097,0,0.12873410586845363,0.005700542746052266,1.3862371704226215,1.52750457703523e-05,0.9510443419258883,10.068039310386043
2019-07-29,0.8962461899875223,0.0020538605749522865,0,0.2786680000851454,0.006592537241543722,1.385979896747691,2.2623553427489268e-05,0.9646323777716415,1.569193951205658
2019-07-30,0.9201811689918444,0.002187217667353851,0,0.11898033342718511,0.0062150589236390896,1.3862309829391308,2.8624709169752252e-05,0.9668360005036991,2.273398922639979
2019-07-31,0.94341721249912,0.004643033866968743,0,0.24778156559648457,0.0064752488178301554,1.386040924748237,2.8764056142100942e-05,0.9288982875345869,20.659965574397795
2019-08-01,0.936459475963373,0.0052123197589091065,0,0.20774982257750704,0.007338709657243723,1.3860933128291981,3.3823189996157375e-05,0.9249376517180604,2.1234299850935865
2019-08-02,0.83336396365678,0.004536704746018339,0,0.11805344855712778,0.007899725339689809,1.3862234908955147,2.046018471683214e-05,0.8941511232635924,130.61841860213644
2019-08-05,0.8266421463596564,0.009276923210839061,0,0.32845948984161105,0.008880397859177599,1.385869447406029,2.6321172311522575e-05,0.8784431768875018,2.6709665766399957
2019-08-06,0.8604279119783843,0.004354580065878239,0,0.2550507799774843,0.010683920791154211,1.385982418056387,2.457406379700615e-05,0.8275900589626248,6.17324583857075
2019-08-07,0.8600719117084834,0.0008992470415537387,0,0.22378443189280198,0.012103371100963833,1.3861029089912649,2.7490710028519513e-05,0.8887776836453949,6.14178155736566
2019-08-08,0.8756795144365054,0.00401754597391543,0,0.06474396830889863,0.014339297992779276,1.3862747218857292,1.9076519780775033e-05,0.807784598843395,2.1037168477114507
2019-08-09,0.875671935840463,0.0050135110873073254,0,0.18839336792441017,0.01410368397837151,1.3861579456695263,1.557570663211665e-05,0.8177428683322897,12.259589249774894
2019-08-13,0.9093817107385039,0.0026742729856516377,0,0.5740953041005292,0.016636911950017166,1.3847797325190865,2.5990217681424684e-05,0.8211367412446918,2.5958146878489123
2019-08-14,0.9149675335367751,0.007059178299290829,0,0.21990220845814348,0.018176807284949345,1.3860906437946736,5.669738751879857e-06,-0.1414806222382248,8.42583328547658
2019-08-16,0.8855073086177861,0.0012911674168575417,0,0.29133844416625526,0.017325663377604723,1.3859285640141636,7.068140973039618e-06,-0.19634945568713855,244.80149474483287
2019-08-19,0.7282643945830365,0.0042452170399836274,0,0.1882150236597179,0.015886322825894035,1.3861623294992746,6.944092200836952e-06,-0.186160473556894,1374.8654324647835
2019-08-20,0.6934618693969833,0.0009042490960373301,0,0.05657055330976698,0.014773917597654241,1.386283562952328,1.860382108761642e-06,-0.20468283435773885,34.12514974041694
2019-08-21,0.6684428708576611,0.00010441413883278097,0,0.2776390062179991,0.013155716358715723,1.3860160400692019,5.160882905009658e-06,-0.2514596663375075,2.285288550991132
2019-08-22,0.6144459993415904,0.0012280418171809926,0,0.4364511995770738,0.012161478779608733,1.3855115248504597,2.0862187862557976e-05,-0.22034051563598242,1.3527200514682094
2019-08-23,0.6174460677654179,0.0038944220557490736,0,0.0940567608724622,0.012145768329583811,1.3862505370376381,2.6738172008881503e-06,-0.23093293448513394,6.407457339721955
2019-08-26,0.7786735348643667,0.015662522725009235,0,0.45692497147124533,0.012537477777056555,1.384938445336193,2.7432148278487803e-06,-0.03981167323922668,1.9776726651154823
2019-08-27,0.7779511723131814,0.0043944591301188635,0,0.2770655750877049,0.011752848276859733,1.3860207283738688,4.5649601748781797e-07,-0.034580021605765614,47.32185356050238
2019-08-28,0.7316593427627059,0.0003647380257043764,0,0.14419775275543492,0.009921775696736133,1.3862105427241354,1.1476271646033153e-05,-0.015773097958090728,28.574675788860773
2019-08-29,0.7670658359699587,0.00454128948709457,0,0.07072821080864726,0.009452611769203177,1.38627687534818,7.724770432739603e-06,0.008887535459611911,7.948623576620535
2019-08-30,0.7678596288865864,0.003601373388700849,0,0.23924254312003893,0.011074938288770533,1.3860337639864024,2.3852854358398307e-06,-0.047588352625238216,13.075591582161497
2019-09-03,0.7685971405152393,0.0056677041606824205,0,0.34576564602424453,0.013695118327236012,1.3857958091007627,2.9293291219637668e-05,-0.13603351595049237,1.404630493863722
2019-09-04,0.7897169659707858,0.0006948208085231389,0,0.07502179335536145,0.0158458270493381,1.3862735650480162,1.997326358064133e-05,-0.14343515265913537,32.12287587883746
2019-09-05,0.7982622803345749,0.0015018988013642787,0,0.19930116409593407,0.015468823532775532,1.3861494941648926,8.068677956117198e-06,-0.12595547848357236,6359.737063815922
2019-09-06,0.8474682505632682,0.003303878333971875,0,0.1388601761717625,0.013711683433625312,1.3862320862631297,2.1505374500719347e-05,-0.1268177922163396,7.045170119632474
2019-09-09,0.819751188905928,0.0008682579024931489,0,0.06967534986195469,0.012724955006653244,1.3862749946729114,1.7884494706108537e-05,-0.17670697347659112,20.630570677307425
2019-09-11,0.9368375831699455,0.002310341928600951,0,0.20668220169909568,0.011127505586282244,1.386180158586567,1.8114632243454456e-06,-0.1876263421124033,15.461493636474678
2019-09-12,0.9276244078092727,0.0020457696439703625,0,0.17833148121871054,0.01091996718289999,1.386177908133664,9.975918492439136e-06,-0.20057388959827843,6.070743935273827
2019-09-13,0.9261265406665989,0.0003641395487692406,0,0.04665113010404353,0.011998039196486,1.3862859045108946,2.51079325994545e-06,-0.2645704511841537,2.9658820800747248
2019-09-16,0.888799665441296,0.007344666184952597,0,0.6190878051047353,0.011918451181442632,1.384897362927838,4.571838190206422e-06,-0.21892175093490623,4.021522610073627
2019-09-17,0.8923791629842635,0.0003090758523546261,0,0.5734148849222771,0.010029931159022143,1.3849304112527652,1.939496414997147e-05,-0.20382059377315076,1.5033367132329192
2019-09-18,0.8875861012409891,0.005089838451455847,0,0.5156660152816571,0.009384644865621211,1.3853640933342872,3.134556200891149e-06,-0.21579075602921105,95.39190598365276
2019-09-19,0.893122844126724,0.00041961044933218274,0,0.2969580125842869,0.010575623402757533,1.385928230178433,1.1377082583276942e-05,-0.21452020525358553,3.57258804274146
2019-09-20,1.0821260515189102,0.003915796903906448,1,0.22823884832613933,0.016766102022349277,1.3858739717715198,7.319633652340624e-05,1.5279894277890067,1.1850099724754048
2019-09-23,1.1627680037109107,0.02353627268008217,0,0.6462059039497353,0.018930389907497666,1.3840309159930209,0.00011905920828356832,1.4878560730896107,4.863959137614651
2019-09-24,1.1781652350912457,0.0008192869074830195,0,0.20398450559730205,0.021966312452547956,1.3861406022874405,0.00010690250179022116,1.5161106218633214,3419.4389828821754
2019-09-25,1.16769627172798,0.0020170641925269547,0,0.3297161786885445,0.022416398510173588,1.385894874248641,7.707935453115964e-05,1.5078396127997609,23.14271522109398
2019-09-26,1.0334780861547919,0.0025883340165752276,0,0.12864954826388592,0.023637880971091752,1.3862315711502626,0.00011125572874386071,1.4244344971648277,29.268781047683557
2019-09-27,1.0553888873523236,0.0012842335745851304,0,0.09005882532081455,0.023802423045407254,1.3862671414966545,8.317899785289285e-05,1.476720688324192,43.709482327266585
2019-09-30,1.059429693390323,0.0018475413858194023,0,0.2687477591356335,0.022837069429666235,1.3860190597509148,8.955289021493428e-05,1.5092325699815772,30.52355822981982
2019-10-01,1.107090893654225,0.0035624623542576186,0,0.07715367494375261,0.021455257665103755,1.3862608041743096,0.00010125053725127059,1.523654039065259,4.295233332554668
2019-10-03,1.1030745582013035,0.0033198285485420875,0,0.1596440234171777,0.0204824892344103,1.3861996263736778,8.924598869612865e-05,1.551525171191599,17.297703767558517
2019-10-04,1.1484506682506355,0.006558804143411442,0,0.7418210894936416,0.014249142740513976,1.3837553994076897,8.963227406286279e-05,1.5463319169698548,2.0035698431494704
2019-10-07,1.1443156329623525,0.001917683576141005,0,0.07960645485501926,0.012552336131316101,1.3862706711978152,1.6559150091716066e-05,1.68849484309018,15.962978140740626
2019-10-09,1.1411667356268629,0.002383356476469516,0,0.09223698538240785,0.011602777325150512,1.3862539810160124,2.4147957158153932e-05,1.580679747405272,2.0422568850643468
2019-10-10,1.1542061804374266,0.0029034361650310046,0,0.09154782698842973,0.012916623200557033,1.3862675212310394,3.014105445572873e-05,1.5810822680769927,10.55184403484253
2019-10-11,1.1528807193020754,0.0020585222732282184,0,0.17820026250710863,0.011694533909925713,1.386155532282868,1.1253375925212551e-05,1.5880314563511733,13.737426556848911
2019-10-14,1.0537556739152336,0.0027252040894601925,0,0.20669114759654317,0.010204216817965656,1.386126626673036,1.7214318040678884e-05,1.561322493127512,38.799775204110496
2019-10-15,1.0681197116241228,0.001735461518299656,0,0.11514931178602678,0.010501343508722956,1.3862464528073142,6.5985617457503774e-06,1.5321650569634255,7.409529842973601
2019-10-16,1.082603396171796,0.0032018539906954048,0,0.37908455633015903,0.010257423336061756,1.3858293706834286,8.223159226918063e-07,1.552661333087192,17.107095800745768
2019-10-17,1.0829987911122334,0.00020059089630756325,0,0.2163756824590062,0.01042548286510519,1.3861115489840476,1.74844129452725e-05,1.4986916861370112,2.0437135313259276
2019-10-18,1.0843392346223446,0.0005222856975900405,0,0.07163039073059482,0.009957196994047525,1.3862752838360681,2.630773586695015e-05,1.4493437479488136,5.531968994953298
2019-10-22,1.086323880767916,0.0004030377643647582,0,0.0855977921389609,0.010487156993820421,1.3862656335277335,2.7770839784452895e-05,1.499063671124702,6.5838498136208825
2019-10-23,1.111681762057994,0.0006772256786248125,0,0.21454135212793876,0.00900786453916528,1.3861362214138053,3.0180922918878825e-05,1.4802531969935873,111.90525520330289
2019-10-24,0.9051966266950854,0.00494726356395688,0,0.31681866833673955,0.006737778971377122,1.3858809033961348,1.3833767117864737e-05,1.4819061887785279,58.19467281857282
2019-10-25,0.7812603830117527,0.005471748570998529,0,0.3877102298929723,0.005485107840105155,1.3856302576167974,1.5277428030609247e-05,1.4689359157565924,6934.545080296639
2019-10-29,0.7734379380693909,0.005170511860078643,0,0.257015747825692,0.007061606172135645,1.3860289694584504,2.8035449721706034e-05,1.3651901287393846,1.1500756219331405
2019-10-30,0.7951756322943601,0.008200105621602864,0,0.7788230046750484,0.007956731815352155,1.383953335506298,2.912011492037059e-05,1.354286002885925,14.074352912639085
2019-10-31,0.8035480166171833,0.003905753026008761,0,0.2079067848664603,0.007678676503154311,1.3861478718139681,2.5516240401643306e-05,1.3340382116822518,42.55908715673944
2019-11-01,0.8370264084088138,0.0007700214895845243,0,0.19185239084066,0.0070351629152124555,1.386179675210029,2.4385905389769184e-05,1.3261716457147366,273.0357092990917
2019-11-04,0.8629034116809303,0.0032159209269174305,0,0.1682670506801461,0.0069271116574962785,1.3862021243370248,1.8784531084507933e-05,1.3191684891853719,19.464005796764713
2019-11-05,0.7719076981315902,0.002784743791601242,0,0.2539585496962415,0.006200149375562489,1.3860524909793748,1.3599742687110028e-05,1.343876220160029,13.425501926822328
2019-11-06,0.7694320438150247,0.00047843108306439946,0,0.14075882751147092,0.006025723812207289,1.38621435422818,1.774877932669846e-05,1.3312611056406851,2.87138508609449
2019-11-07,0.6724664034146633,0.004589949425389406,0,0.6583044154811264,0.00569696313796161,1.3848132744535877,1.899382819326391e-05,1.3354489459699526,3.72685548354238
2019-11-08,0.6724785262022654,0.0020750210668691567,0,0.060961183163199935,0.006869991208363056,1.386279968982941,1.8166060263834564e-05,1.3778069020973092,1.7107661071073166
2019-11-11,0.6472820640935514,0.0024340844098215595,0,0.18203103051438568,0.0059673519723284,1.3861889652035628,1.834431986921773e-05,1.3745112912502688,561.6603659200252
2019-11-13,0.611739744667061,0.00043241077630751994,0,0.05693804721072767,0.0053082912002500775,1.3862825759992106,2.1261557203129054e-06,1.4769298935231734,3.835543099796038
2019-11-14,0.6137593062321662,0.0015443397392105732,0,0.18148720632988724,0.006061879359508544,1.386182129058391,1.064117489218432e-06,1.5031703528592335,18.985997928381114
2019-11-15,0.6231290299085975,0.002700218764522469,0,0.24775988178614863,0.005950673647216465,1.3860818650442612,6.754685294082057e-07,1.5855120524019441,32.228479851219866
2019-11-18,0.6467159534429762,0.0016547419487892689,0,0.09975674896808341,0.005921510116833233,1.3862631103172958,2.2876223611604693e-07,1.646362704972183,58.72748815984326
2019-11-19,0.6590612976924549,0.00293650592784408,0,0.180140338251694,0.00584521502453601,1.3861913213338288,4.527412378360273e-08,1.629188360368077,3.2774052406835197
2019-11-20,0.6528150413441329,0.00539995437661092,0,0.5039359256327799,0.005195306727613799,1.3854655623415946,3.2134129426914675e-06,1.6055032345302385,2.3837167658071188
2019-11-21,0.6621974700951593,0.0022102866468280942,0,0.5757620887457437,0.005999421819016522,1.3853235236397343,9.087299098730913e-08,1.6046434206400475,8.73950139098701
2019-11-22,0.6813448675911826,9.196187529878512e-05,0,0.024753211136207477,0.004825676110877601,1.3862924332360214,3.7672473056094407e-06,1.6193370159844105,3.6158418891911643
2019-11-25,0.6760939934399066,0.0006754084365709326,0,0.6874379517105975,0.005789653635174012,1.3846063256305698,7.707939542303478e-06,1.6424527080668319,1.4140913654538405
2019-11-26,0.6436122604819923,0.0030144143218207753,0,0.21316346525144605,0.006865744680734744,1.3861245504275241,5.964191097374797e-06,1.6958459721194408,26.478761196537913
2019-11-27,0.6258201290701849,0.002555344367642224,0,0.06864449096599387,0.006798452886599622,1.3862812030908178,1.146716121231946e-05,1.808594409090145,8.797729034482575
2019-11-28,0.6281002524176107,0.0025914819491101777,0,0.28174747019802954,0.006837882901360655,1.3860630543775743,1.2338431079878104e-05,1.809438137628996,14.469279898527374
2019-11-29,0.5297697486005449,0.00040746791412354255,0,0.07872072907397124,0.007852539610510488,1.3862719170962927,8.335545799465349e-06,1.7982905900774586,4.725740167472096
2019-12-02,0.606041511093893,0.00669614922989721,0,0.8163044560672208,0.008032269552786001,1.3838529028803492,8.489025629120687e-06,1.8162499471355371,272.65447145567555
2019-12-03,0.5820636135277298,0.0016130635293660435,0,0.19952926624560252,0.0084299387532401,1.3861531031163858,2.865601581453707e-06,1.8627507420890483,6.288650241650307
2019-12-04,0.574371850996096,0.0020238571267533825,0,0.1259920610488038,0.008549733694858333,1.3862371132293243,2.3028843999985094e-06,2.137456124311127,6.995096286291338
2019-12-05,0.5603484076588753,0.002326390783202011,0,0.32203616935152407,0.009013955263873889,1.385964763789822,2.60698593944881e-06,2.1642248299025266,24.289327520958928
2019-12-06,0.5922985733873862,0.0024058450464573096,0,0.3088057495430312,0.007705734024161843,1.385910239365012,3.9650402916497125e-07,2.143613191677358,1.6328546589913178
2019-12-09,0.5829603685423241,0.0014752028746007836,0,0.17748725130601123,0.006945779145510377,1.3861879083439086,5.497233921703952e-06,2.204629127682284,60.25128319968712
2019-12-10,0.5763294455067749,0.0010884126995447144,0,0.5374144859340522,0.006936247575750333,1.385362223538883,7.789615460699946e-06,2.227940647193348,2.9170096086294004
2019-12-11,0.5822145235856477,0.0008893726977323082,0,0.09512205733346007,0.008071056794968176,1.386264739760509,8.003377429155528e-06,2.216779297323612,6.8343590249519055
2019-12-12,0.6134936247730455,0.0028631502391863483,0,0.137080741087056,0.006810566617915777,1.3862374588542836,7.698865166229541e-06,2.183746977734568,6.008442351640672
2019-12-13,0.6277988626819416,0.004550397922090537,0,0.37173017809601216,0.006497568310886644,1.3858953330180483,1.4468210491730303e-06,2.1725105235249966,2.0370859618102237
2019-12-16,0.6354193839086331,0.0036872882012145957,0,0.8699046637769311,0.0074336042813007,1.3839514204957675,2.7537427609630035e-07,2.184863765240194,26.001885646767334
2019-12-17,0.6295468758680515,0.002361579422305147,0,0.1849126955482772,0.007801911312253912,1.3861804939183169,8.738370996374875e-06,2.33350652234786,2.7290292279712185
2019-12-18,0.6359754246488545,0.002627043625615393,0,0.14903702370855962,0.007622598224277666,1.3862258705973292,9.13385887114146e-06,2.316732484644617,10.698770284350283
2019-12-19,0.6528929164574109,0.0001431782669341759,0,0.09734260316829958,0.007122993929921233,1.3862653388428638,1.2120461420531882e-05,2.4231106201438126,22.141651992486718
2019-12-20,0.7928476421132217,0.0005504329104174711,0,0.21609821490615405,0.006310267085661422,1.386178033774943,1.450175255483978e-05,0.8373932272561735,127.10186553436917
2019-12-23,0.788280979970747,0.002966439403087406,0,0.2835590289489434,0.005599131695291156,1.3860425798212872,1.3766090903868937e-05,0.21091821476323835,214.733431271528
2019-12-24,0.7754393312822637,0.0005299201167542487,0,0.13742793990113417,0.0047022406627927225,1.3862372507792473,1.3637422396114363e-05,0.22468076788887606,3.112442569809736
2019-12-26,0.7519557531353555,0.00022108828057107346,0,0.3792184409770705,0.004993225501452712,1.385843879510594,9.998256704669243e-06,0.3350424677104561,1.5105172504400985
2019-12-27,0.7238418064933198,0.003814953982907421,0,0.18307904540210257,0.0063962691197101225,1.3861866751829783,1.365706350296147e-05,0.32409830309951043,1.7237766869406181
2019-12-30,0.7170263082833794,0.002373553721373554,0,0.29478138270401016,0.006029639149698345,1.3860212038918898,7.599898880092092e-06,0.29870382807913026,244.8466939560347
2019-12-31,0.715186848524169,0.0007141997719391293,0,0.30909616565665693,0.0055955620622440885,1.3860019434724329,5.666981101757336e-06,0.28908131167053586,4.206315045535641
2020-01-01,0.6258773090840559,0.0027656451611971474,0,0.3415007099435163,0.006016251469133944,1.3859581622020805,7.566330341987106e-07,0.3181279337349914,151.1482058817184
2020-01-02,0.6119927289605568,0.0013165804700327956,0,0.5030195416848267,0.006622816696420567,1.3855507748705915,2.8147514181324792e-06,0.24781607452478968,3.242674107961805
2020-01-03,0.6067776587712842,0.0017194583698311118,0,0.1937266313106326,0.007796328684438889,1.3861814634509648,1.5702931257667863e-06,0.4018716902119684,6.823100122991012
2020-01-06,0.6613829083246575,0.0045948522776207475,0,0.4355547203275363,0.009244496024963224,1.3855347821614776,1.912637872374946e-05,-0.12178447786473534,1.3749519587583106
2020-01-07,0.671582436261711,0.007149355026924099,0,0.2644550590587627,0.011585856490959057,1.38600487561538,1.4899690820844313e-05,-0.30385970154542935,19.549902934716982
2020-01-08,0.8104112693559815,0.009490763936405237,0,0.957873218460573,0.01202835584748958,1.3828023262138278,1.3429932676089009e-05,-0.3181365075214009,93.07489998316893
2020-01-09,0.8676146704460181,0.010571538471918553,0,0.880274916667181,0.01213921552541079,1.3835817385120568,7.2589447268299185e-06,-0.16140499131816918,2.7104211176160735
2020-01-10,0.8761500646300542,0.004500341120410051,0,0.28016184792271825,0.012518509867263244,1.386019253220995,8.468699417678055e-07,-0.16246815906097825,59.125303486782265
2020-01-13,0.8829760687593159,0.003250080497476166,0,0.327673582119094,0.011918326912963522,1.3860063646103502,5.7628124542717635e-06,-0.1610022033068171,9.235294670227182
2020-01-14,0.904783638996819,0.0002878688864619431,0,0.11182682681109837,0.011357716218949591,1.3862585092232584,1.4580389625284299e-05,-0.15762714787701912,43.4362906131393
2020-01-15,0.8948460120776102,0.001043992532456998,0,0.3298886604394921,0.011045957898471702,1.3859457390927672,1.2166355511462793e-05,-0.1255368983208323,127.97522948394328
2020-01-16,0.9087582689481846,0.00030779613191152054,0,0.21284003997622658,0.009917336033772366,1.386157567157547,5.332966745188967e-06,-0.09397503273013742,57.964670999302385
2020-01-17,0.9078510675528676,0.002195732427530219,0,0.32761764239796615,0.008415697048969245,1.3859725633052773,8.991781673191675e-06,-0.11938408800193487,699.1286208511227
2020-01-20,1.0210610726749765,0.0063068332254016335,0,1.2913018245718135,0.006845940122883978,1.3798111691287487,1.2833115216168172e-05,-0.11749212273970153,1.0965554563236832
2020-01-21,0.9246592236818025,0.0023955932945023757,0,0.20125626032002186,0.0066949065292771105,1.3861723575032987,6.65626918511357e-06,-0.10361912129633286,6.547319043596007
2020-01-22,0.9550366855738394,0.0039773386711324495,0,0.5798392267785921,0.004771264818742477,1.385052982560191,4.802439813042775e-06,-0.07305010660261005,5.8082538317363825
2020-01-23,0.9495476669111075,0.0013907684539451477,0,0.03378104546928429,0.004644076460221711,1.386290657273354,1.5284720463450337e-06,-0.3377913802463331,5.243311015270702
2020-01-24,0.9479852094385556,0.00047627417371189394,0,0.05867171102863236,0.004412277673925744,1.3862821179207492,3.808334399719241e-07,-0.33870103475136915,7.204817841442007
2020-01-27,0.9455524889519894,0.004184883103995012,0,0.173395319937495,0.005845885271297333,1.386193893054448,1.020578573092897e-05,-0.3031893286800071,2.017334479385747
2020-01-28,0.95722410165719,0.0023982778157410982,0,0.22652269425328533,0.005978015884545999,1.3860994155806865,1.4564962871057917e-05,-0.25746666598558793,8.568969989171627
2020-01-29,0.950309673833256,0.004890276511765476,0,0.34023046757746456,0.006955485685860679,1.3859391868243427,1.1206155096454796e-05,-0.26004070819505987,6.582692794047465
2020-01-30,0.9463473956837621,0.0015034654615085372,0,0.3714524564469295,0.008356229373944568,1.3857908127986542,1.728295513733213e-05,-0.2380321478967192,4.457438167728513
2020-01-31,0.969126482952137,0.00535301660363602,0,0.7963758123025397,0.0074081915979223,1.383862938257033,2.1254010567051493e-05,-0.1728749953370743,7.28633274514116
2020-02-03,1.161341454657552,0.028374586984355795,1,1.5335120557331223,0.008455053430969089,1.3751501767608745,3.709885431302533e-05,-0.46288075420941477,1.351889795699892
2020-02-04,1.16109365798936,0.006669736808794754,1,0.9012966310277523,0.0133132371599237,1.3832953542777668,1.9165637873136872e-05,-0.03606177773760478,2.13272404601379
2020-02-05,1.14877931108002,0.00218458895328358,0,0.024517535798192856,0.013603481079573754,1.3862920300883668,1.8382558639016777e-06,-0.06459320799818641,14.114048218557407
2020-02-06,1.1241644699170448,0.002548592212069031,0,0.1472848647123148,0.014112497990718342,1.3862267486986073,4.335826294152136e-06,-0.12221616910386529,69.29598134451938
2020-02-07,1.1143040206106825,0.0010869234589693684,0,0.18297355987705705,0.013126798849051753,1.3861904682208301,1.5122213153658857e-05,-0.0837225061245426,102.77754229834451
2020-02-10,1.1139712520069653,0.00033056896416669445,0,0.057778620397405896,0.012781573589135333,1.3862826434904538,8.65975337104626e-06,-0.03974283605482027,21.722462952383893
2020-02-11,1.0776791620162678,0.006371248390755041,0,0.4941169281309964,0.012842410397331076,1.3854913504049118,5.185708275634931e-06,-0.07904182652261912,4.50402559264279
2020-02-12,1.0459089241840493,0.003553306541427098,0,0.06227429185405736,0.011453141800445156,1.3862821480048972,7.1422296378576325e-06,-0.0858643161209353,2.657699210443768
2020-02-13,1.0326435174410966,0.0015027886390349223,0,0.1698842934259745,0.012368896576137442,1.3862007603665676,1.3553514786157402e-05,-0.04284168997120591,30.581201226768243
2020-02-14,0.9897145374257151,0.0012723274226728546,0,0.05589643890222594,0.010982671721686356,1.3862818436377227,1.4767651285627387e-05,-0.030640687399100603,6.293481278760336
2020-02-17,0.9732217522537885,0.0015136666257127885,0,0.19663700022758918,0.0061088807828562,1.3861571777395927,2.5911519782379162e-05,-0.0266987217427962,5.117222213796676
2020-02-18,0.9113346074185007,0.0014579855021248785,0,0.2753951073180394,0.004699906997974945,1.386004034799865,6.396926046310306e-07,-0.0031749962508460113,7.123916056806638
2020-02-19,0.89871884938027,0.00814680448460716,0,0.6534268627220999,0.005858393264526733,1.384742468668201,1.9176265886503074e-06,-0.04255960046562153,1.6633156530459905
2020-02-20,0.9201172947156703,0.0005692241007505018,0,0.0942962220219485,0.006690392959126256,1.3862666474620935,2.9637836882607417e-06,0.010288288516864736,15.349055514632251
2020-02-24,0.9060686829781701,0.005669601575784415,0,0.6280667876593369,0.008361326237321422,1.3847853768857075,2.03707251062842e-05,-0.13949408988469597,1.4232674767478803
2020-02-25,0.9059594306193837,0.004057862865589171,0,0.5984241426853173,0.009083140834080922,1.3850617247200037,1.7627420930834387e-05,-0.16230781382213752,85.15258058720913
2020-02-26,0.8991029457821784,0.005043301877974353,0,0.07722594537380645,0.009767521310354655,1.3862707059128447,3.182044751676546e-05,-0.12665431599208776,6.661010799002546
2020-02-27,0.8973244009041033,0.0014781652023606216,0,0.3083176712065502,0.009371923813675345,1.3859163388081144,3.753816881160159e-05,-0.12997159163125696,38.69410908623528
2020-02-28,0.9716942641495699,0.021838498236633367,1,0.8362771634145444,0.012823323261769055,1.383089861562818,0.00010809330148397075,-0.941251563424534,1.397509974983348
2020-03-02,1.156209791016061,0.01643303976252548,0,0.4379455853932364,0.016274655055038754,1.3850142365541593,0.0001093430550350422,-0.9148999226468166,41.719761698786726
2020-03-03,1.1552725246833988,0.007588284035597047,0,0.09172919644035384,0.018520930865926953,1.3862559822586003,9.525371918997989e-05,-0.8926097987052038,7.8599504001092075
2020-03-04,1.045381695310785,0.0042419439701140375,0,0.24936361342883412,0.019003636925764233,1.3859426182795058,9.554014414311266e-05,-0.8597222180064352,80.65938285416763
2020-03-05,1.0467710707741733,0.004880949809909889,0,0.1788648308368239,0.01805384327586042,1.386161501634908,0.0001026940045377674,-0.9072509890122856,673.9895549353838
2020-03-06,1.2046160012862859,0.029387559264585045,0,0.8985262588469625,0.01909907364709433,1.3817181278413389,0.00014202327873770332,-0.881133728665775,1.4649507357266245
2020-03-09,1.2504991980007298,0.022769811522951613,1,0.0644548189789668,0.019844409236629192,1.3862655341354702,0.00024299532883971593,-1.5285682108474659,1.3517378091826384
2020-03-11,1.26007643561501,0.011272302524244767,0,0.5217749783997645,0.024661536300403165,1.3848573953278676,0.00023899598110954832,-1.5442803598940174,7184.514574066175
2020-03-12,1.3536579934243549,0.040833366990837866,1,0.438486900250334,0.033665933512813405,1.3848798462115164,0.0006061141349415035,-2.8885092724320867,1.4198281522551468
2020-03-13,1.6967539271988967,0.05162738388606485,0,0.1361124217260765,0.04367745241457824,1.3859353466627733,0.0005532900573087752,-2.341231126319172,8.639773129256257
2020-03-16,1.670411768203057,0.03760361076428018,1,0.6942586412415896,0.053111875196158315,1.3831384118568657,0.0007976709044865061,-2.3418485440862256,2.8229325451033906
2020-03-17,1.6587223108314981,0.009522438293193698,0,0.16194780148801313,0.05671495629638622,1.386087767283394,0.0008696893694673642,-2.2339510193393526,24.589624630711995
2020-03-18,1.7278215124098513,0.013447671914060386,0,0.5573108582910042,0.05804413422025009,1.3834077544417094,0.0011357055708079086,-2.030122611366844,5.8403365722810925
2020-03-19,1.8051322956515685,0.04906592127575736,0,0.30764421688646,0.06097580761711644,1.3851116802568022,0.0011872199295223822,-1.9477517047061157,20.21167465195706
2020-03-20,1.7852094037097272,0.002538087706305194,0,0.09677695126096382,0.06703353590386454,1.3862004659843439,0.0011839269163189136,-1.3121384229750337,4.354974191630557
2020-03-23,1.8800668165650227,0.09590266104030196,1,0.8075636114507262,0.08599507035927023,1.3787160270135321,0.0021652944729897653,-2.2663928720386575,1.3997611843612021
2020-03-24,1.738885756848183,0.030800900101022086,0,0.2374736821020313,0.09854396853706886,1.3857266989655512,0.001805462365912035,-2.218518061830348,44.08106615096854
2020-03-25,1.6826821809268928,0.008483451399293815,0,0.5977525407193455,0.0932161270828981,1.3830729682219811,0.0015591330850259853,-1.7786472869478585,6.774763921083219
2020-03-26,1.5817169379194094,0.01588101654753521,0,0.09037462990716379,0.08232183433564094,1.3862290812144695,0.0006929033551232467,-1.7057309676734358,19.72265307196778
2020-03-27,1.4789312720318053,0.03498250951056965,0,0.48223111573630045,0.07337303803516367,1.3841367543988188,0.0009004124082930431,-1.7066574185835357,5403.840666926978
2020-03-30,1.3119514404034558,0.03218588081484702,0,0.49383902315831896,0.07260981417345905,1.3844133213322483,0.0006464657120722932,-1.5965331902745465,4.088191788408599
2020-03-31,1.2761007262962996,0.029537348516847032,0,0.43801149208634066,0.07821968427916608,1.384871370069308,0.0002653974690380754,-1.538642606708293,6.383257156656182
2020-04-01,1.2827761611829926,0.0015889317864224818,0,0.3900194644765421,0.08330083042747793,1.385291647293645,0.000158866122497586,-1.4854406688100783,3.923918604499009
2020-04-03,1.1698017908976945,0.012371962425356112,0,0.849847894396842,0.07649830099210042,1.3820325226409695,0.00013549185420344442,-1.4428714019245448,12.737557430836771
2020-04-07,1.124464742445753,0.04386641768283882,0,0.4765076807784374,0.06639670559860855,1.3844810303550616,3.468213175946389e-05,-0.9816427998059185,1.7811560762770047
2020-04-08,0.8938558624951585,0.011818593066175912,0,0.3312795461508223,0.05808084442103064,1.3853093568626567,0.0006030367151649473,-0.9639241719505401,431.4398650033982
2020-04-09,0.9078164582553558,0.025314785784587963,0,0.5893401727747962,0.058774340142028265,1.3842826513230397,0.0006831638054522995,-0.9346259843050259,6.550494058901642
2020-04-13,1.0157008015032463,0.0008728876842490364,0,0.07310972551618782,0.06185567316228228,1.3862671602300474,0.0003218337656599098,-0.9078570065558675,54.91498332432811
2020-04-15,0.9667251204667641,0.022271178611711268,0,0.5243027001820304,0.058455206474028194,1.3842880115459744,0.0001291711667774578,-0.8936083806840805,153.12500943406474
2020-04-16,1.0184934786838036,0.008331226679296871,0,0.2808357420373221,0.05492680226641984,1.3858529184279196,0.00015067401755670636,-0.9034709926800273,34.59794752404679
2020-04-17,0.8963846013612846,0.03610851737652461,0,1.0130732633025992,0.04828030962332796,1.3792881637848626,0.000413438038003407,-0.9052738983421885,3.1537154028747265
2020-04-20,0.9377775091078033,0.013233888253679644,0,0.8885633383335333,0.04296762081146484,1.3825678452087093,0.00026558749086830484,-0.9049158838805834,4239.353038440361
2020-04-21,0.9554934513026302,0.02679760946401992,0,0.9384693212537762,0.044100757785327675,1.381811330853743,0.0002897553028097196,-0.8696181175119498,2.075122490333119
2020-04-22,1.0029376969796266,0.005031030280179555,0,0.03437196867429339,0.038388372113135,1.3862876625210416,0.0004210059535982228,-0.8871716171843654,4.70520255569422
2020-04-23,1.0580348753084852,0.004891504012874405,0,0.07355690196214008,0.029501453407004403,1.3862687777430827,0.00012420256059906198,-0.9064711423462213,13.596650833702197
2020-04-24,1.0556569432978746,0.016236055024066526,0,0.7219372886405842,0.0278719566763843,1.3835422737251426,0.00010223380617227704,-0.8722826296143517,6.5173431088074105
2020-04-27,1.0099760042713914,0.011436991125714453,0,0.3292881125938163,0.025364972186520757,1.3858156212304216,3.5417138785035666e-05,-0.8780323347198206,11.099794269452685
2020-04-28,0.9832238017147917,0.011514633062467554,0,0.6035453288680741,0.025133746751141814,1.3844903010560219,7.803455106832253e-05,-0.9044238887422577,11.673477720939434
2020-04-29,1.0017164256765643,0.002948374231945017,0,0.13127143913419898,0.024296448354568106,1.3862114831251233,0.0001257041174819593,-0.925135387588341,3.3802368236097697
2020-04-30,1.0049952687707724,0.02073435751948944,0,0.7478925262892081,0.023284666981859343,1.383657979501795,0.00018490106020566962,-0.9236079678918461,1.9366289671695247
2020-05-04,0.9318132285302818,0.0336641546704628,0,0.9663302406314205,0.02997440256970358,1.38124817104052,8.083173599950362e-06,-0.8601085204471617,1.466726426886977
2020-05-05,0.8972777568494699,0.014517278257888908,0,0.8247422315346515,0.03213485821586231,1.3825765597847646,1.718764225138034e-05,-0.8549453641275756,55.710622256808236
2020-05-06,0.8917864868324303,0.002300319582341032,0,0.19090591002652765,0.02804249247067771,1.3860940314975077,8.306669946383281e-05,-0.8964351865151483,99.46416491166072
2020-05-07,1.0124784495895696,0.003982786687960458,0,0.11423649518917982,0.028695161609051906,1.3862442175041352,3.2501813340138453e-06,-0.8722873899501487,77.61655824424189
2020-05-08,1.0026214582813178,0.019154374434627707,0,1.3310893711991316,0.026751457927727977,1.3782390658579189,1.6858617009029288e-05,-0.8693012392881033,115.48783924958805
2020-05-11,0.943777778680679,0.010392804007674113,0,0.22776545623415365,0.02407011938223941,1.3860108321305606,2.2501960487892986e-05,-0.862866055557749,132.72165634529927
2020-05-12,0.8814826538155508,0.007643496099965308,0,0.19552907780218576,0.024068819683696088,1.3860937113267187,2.2284459989637538e-05,-0.8609331421092952,7.75397945253168
2020-05-13,0.9716446943644801,0.04128753716014396,0,1.524207890411197,0.02596959677963001,1.372439895577727,6.975008284963666e-07,-0.8820709745028655,1.2863639104642186
2020-05-14,0.9544998809154849,0.018239474251175343,0,0.5950166241215737,0.029609432631117365,1.3844972593944576,0.00010999178190847229,-0.8339797443612859,1.6816850122660074
2020-05-15,0.9230995675033823,0.004327435426887934,0,0.3401322917233468,0.02234346428972079,1.385769895097133,0.00016565236777134912,-0.8249621471485159,2650.5264344115444
2020-05-18,0.9289442669914384,0.0023449062542032894,0,0.973455999182481,0.020634823646656242,1.3811165921696886,8.278980795366114e-05,-0.7742220644612825,1.9041555455017325
2020-05-19,0.8333172322663122,0.01556968005499086,0,0.5146491448697748,0.023375201855937586,1.3849035898430104,5.8682789131853705e-05,-0.787821407682255,58.79913494425107
2020-05-20,0.8417235307965472,0.0011313193276756024,0,0.32550319977385606,0.023345524650133346,1.3857801838131045,3.962041895371916e-05,-0.8089563722228174,5.435342162767484
2020-05-21,0.8984800794839243,0.0014218442409709296,0,0.22371013502454978,0.02368515037964972,1.3860846953623853,1.8016975004507508e-05,-0.819919626986079,89.86768792678514
2020-05-22,0.9115612650446497,0.004220243089153817,0,0.17580165826915953,0.024211605790890007,1.386140938254528,4.108695522531663e-05,-0.79892023019698,32.450342359551634
2020-05-26,0.8999977051684002,0.006670734257392676,0,0.16465030867962002,0.02454040142876779,1.3861643662354481,4.0733732093545363e-05,-0.8023935452373115,432.36101233455196
2020-05-27,0.8922159281043659,0.005869340129154792,0,0.11981033228941271,0.02537883692808638,1.3862062285469476,2.6312717883003183e-05,-0.8429138022271422,1.5262053450399273
2020-05-28,0.9060499521456988,0.005353360388936217,0,0.15904435498553413,0.021647548879738947,1.3861820240706013,2.3057653614066018e-05,-0.8608521341588686,4.016225515577768
2020-05-29,0.9048634384960605,0.007180481115539356,0,0.33222400706897487,0.019849473895987912,1.3857247400367227,8.479449962818176e-05,-0.8856155043369662,16.361018888904685
2020-06-01,0.8907929141642997,0.015181176270177305,0,0.12143372415338836,0.017804894424928334,1.3862163382577721,0.00013910770451458046,-0.9050955126616542,3.1954818606630835
2020-06-02,0.910589185463573,0.0055512619089502545,0,0.027817496494637394,0.014322393288549432,1.3862908597297443,0.00014934669955653877,-0.97884578733621,9.594330280495662
2020-06-03,0.8779897611228434,0.012863982473495055,0,0.5422312251825264,0.013504117774267646,1.3849475295825078,0.00015054148420175136,-0.9972284741199219,20.453425020986593
2020-06-04,0.8669065859022763,0.0007257782518031279,0,0.21143992878055606,0.012941482184656367,1.3860843744542586,0.00012691165241946777,-0.9783866980568906,100.44960791191072
2020-06-05,0.891335413407177,0.006430526430224805,0,0.132228703201782,0.013239884197592767,1.3862209185880983,0.00013378366147521304,-0.9968834502574699,8.630455696751747
2020-06-08,0.8618727936460657,0.018037570249737456,0,0.9143545154606917,0.01351344967901822,1.3819024541964062,0.00013101945605529844,-0.9980013155754635,72.2654132623302
2020-06-09,0.8365669455183342,0.0013465493437481329,0,0.07213237811381576,0.011529116077694267,1.3862653408548438,0.00013792722619802568,-1.0208609484866868,2.469989853143363
2020-06-10,0.9184572971771156,0.0025795427900074256,0,0.13605525571053723,0.012229228996214878,1.386224339406777,8.85553181504713e-05,-1.1067352794457257,6.99973757137581
2020-06-11,0.9220887291457742,0.0021821392610176927,0,0.4028603292732496,0.014353859577346868,1.3855460605164982,5.748930434106804e-05,-1.0694007781925141,1.7038638852159524
2020-06-12,0.9512427846082074,0.0367245176575327,0,1.423147353520672,0.01575969955142639,1.372602186195242,5.4022974374915136e-05,-1.1137333423475801,13.855504056941895
2020-06-15,0.9445024369810302,0.005384097888680373,0,0.1651944521786327,0.01724125916815231,1.3861572363026329,1.584924603022012e-06,-1.083839685777131,3.6996705393533618
2020-06-16,1.014772110848171,0.020284590844054977,0,0.496551249542613,0.019357180329173444,1.384595730259227,7.766069788865831e-06,-1.1416022050975216,8.883974092494348
2020-06-17,0.9947014936807878,0.003769431953823602,0,0.21949691597720308,0.019582596602144876,1.3860647407101465,2.0734021940848933e-05,-1.1865202612085148,80.07637424143535
2020-06-18,0.9842982289776449,0.0018132123716269003,0,0.49782405982144506,0.0206891306768196,1.3850562877366768,8.405318112374263e-06,-1.2949129116772038,1.9548310192589657
2020-06-19,0.9919659481009717,0.002706456797860813,0,0.08283483031560882,0.020393439421685942,1.386262365774164,1.3942354870665947e-05,-1.368803181577889,4.623219914322452
2020-06-22,0.9770942954045289,0.007231375733589333,0,0.2573037576857282,0.01973564224580397,1.3860289475561396,1.96606367519949e-05,-1.4840432142026638,19.56986067958284
2020-06-23,0.9875167872933113,0.0035577492848406344,0,0.08830307013746143,0.018628230407300453,1.386259869696218,5.697886399264043e-05,0.21767507248542586,4.058191153040695
2020-06-24,0.9928022787578652,0.005547567232708239,0,0.4975058274911384,0.018965975332077823,1.385024641099119,2.7965382780691947e-05,0.28323518593178865,4.728875052329658
2020-06-25,0.9818166015376609,0.0067913712835220175,0,0.2458583940676163,0.017391249166658754,1.3860125161477383,4.9203232158591365e-05,0.17608633376283855,300.18893822751926
2020-06-26,0.9737899825075035,0.00870925453900151,0,0.5960453788437998,0.015999030779534063,1.3848811282857576,5.2018372844001586e-05,0.18993473971619348,7.463451846413824
2020-06-29,0.9948950493768726,0.006866417475719755,0,0.2588174990881197,0.01485084810346738,1.3860266750581833,5.7329100462241126e-05,0.20818412094767202,13.381772574670837
2020-06-30,0.9953236078871971,0.006784197921724508,0,0.4562979020355665,0.013999283538694177,1.385419202796824,4.433575537479228e-05,0.31643843819905415,387.899031097178
2020-07-01,1.0219320376042969,0.0021041703814604785,0,0.16346840594694018,0.012770871495245455,1.3861884214454256,6.232870660620308e-05,0.3273490186435268,1.8727569257754262
2020-07-02,1.0680239149066064,0.006022070493289106,0,0.07327538475077816,0.012180958571593676,1.3862743306851522,4.6516504146566893e-05,0.40939567300819774,3.1030732197976647
2020-07-03,1.0832839577132227,0.005976400336650329,0,0.6311042518952196,0.011937894739179188,1.3849282468543858,3.402235063987075e-05,0.39163790366098167,13.08481360441295
2020-07-06,1.0773305104641289,0.010923076301444212,0,0.4578686010348272,0.011992131973274733,1.3854468910909277,4.4535977633814384e-05,-0.8518500962755331,2.474482277962909
2020-07-07,1.0273467910761782,0.0036351992133227475,0,0.39932304835263044,0.009765306368427833,1.3856277039157952,2.970514814285021e-05,-0.8797325012875102,48.39986166540849
2020-07-08,1.0230043853281818,0.00175777042648927,0,0.1416831774589472,0.009511216611785011,1.38620855991979,3.121790016399123e-05,-1.0304416203212012,6.077946233870744
2020-07-09,1.0312858001096088,0.004640901951224767,0,0.051659933919380605,0.0104051892236324,1.3862849085288393,4.057471971486955e-05,-1.1051745072971406,4.284050851698804
2020-07-10,1.052796813496117,0.00457426097351971,0,0.18732959206697658,0.010215209789338034,1.3861629443878438,3.091513211796686e-05,-1.1190300379107712,23.68547473708521
2020-07-13,0.767526432841718,0.007752138226834697,0,0.3774012336333538,0.010392619134649544,1.3856863216346713,3.562226938256654e-05,-1.1079078657858383,20.89109446093803
2020-07-14,0.76983052482553,0.0048113360844245735,0,0.17445310637832573,0.011294733241452378,1.3861615147144255,3.065327016550157e-05,-1.1046266902072222,1.6140069732106577
2020-07-15,0.5957055896884083,0.008790074814401683,0,0.15969403926857467,0.013352960293378622,1.3861564400834379,1.7817188456135966e-05,-1.1100967806018711,442.2478092695075
2020-07-16,0.6067573980188969,0.008253502835845656,0,0.3912793294800033,0.013802146287199422,1.385580232478676,1.758540454310037e-05,-1.2043255108295874,3.78574996761193
2020-07-17,0.5706173505349369,0.0011213320187883854,0,0.3019027193030576,0.01315546493401341,1.3859156242080166,2.9454456487585473e-05,-1.2361126586336584,3.1229358711437984
2020-07-20,0.5697690977429842,0.008926531012275859,0,0.7088193859387782,0.012340687512960555,1.3844395881473641,2.461236725664073e-05,-1.2371011961304699,6.6894227385557095
2020-07-21,0.5714210296511789,0.00938222591649744,0,0.89408757623703,0.011180869640284034,1.3836518590106688,3.589302714214939e-05,-1.336619426989391,3.9815656520752887
2020-07-22,0.5899425747829352,0.00615808753053576,0,0.3368694892247777,0.010796803556668401,1.3857642447137395,4.017229847818012e-05,-1.2994041153039628,90.57049408461252
2020-07-23,0.5483463510621889,0.00021559491605798072,0,0.05858656641971126,0.010336506928574912,1.386281147574982,3.699705454772143e-05,-1.2957130004359834,10.290983370282282
2020-07-24,0.5314319719163034,0.00585727830656333,0,0.21918134404581785,0.010547116407509579,1.3860981888508694,3.865982786896254e-05,-1.2758823093440659,95.72719917530195
2020-07-27,0.5258402756555998,0.0027520783177381537,0,0.26897392801186976,0.008571873953541023,1.3860072148788591,3.1228174285912986e-05,-1.3962004928528386,8.214729729707694
2020-07-28,0.5318998914009208,0.002001248566704045,0,0.4869395626313315,0.008722941380110613,1.3854002636513383,4.981111571904703e-05,-0.5797561384541419,1.427898999685696
2020-07-29,0.5210692589823194,0.0020949595731495404,0,0.1498905915124705,0.010206297957247645,1.386192742246456,4.876650063416527e-05,-0.5817181224523339,5.193151496172201
2020-07-30,0.5342812841574123,0.004582085142009674,0,0.27265933753054655,0.009850605663111134,1.385947021176913,3.2683008405587795e-05,-0.5204543529203586,5.1282968672345755
2020-07-31,0.5043904547777904,0.0033585317480348447,0,0.24059480521052182,0.010126748008501033,1.3860680852597482,1.4199841547367239e-05,-0.5394182362686869,62.86392710426762
2020-08-03,0.5002605993958973,0.001436934016619249,0,0.8329331917897781,0.011497489629614112,1.3837359658776354,1.1960968480070455e-05,-0.48202908942509287,2.4223754703559957
2020-08-04,0.49818955992054725,0.005041694994776567,0,0.16427608956622497,0.01369725350165101,1.3861745978998936,6.657698439040022e-06,-0.5128204724835562,2.2757320623535615
2020-08-05,0.4983036203722419,0.00543797124531308,0,0.1526860889812704,0.01457215739784068,1.386193035654752,3.0731411305148535e-06,-0.5341358083589276,2122.629324576507
2020-08-06,0.49822681857214346,0.007542413156298323,0,0.2792909719997172,0.01445451015461182,1.385977111455596,1.5230770578348505e-06,-0.5491571635913086,9.002166150583875
2020-08-07,0.5395786768137028,0.0012060679655247655,0,0.15332959001291335,0.014888804635072877,1.3862145231576253,1.979666446861585e-06,-0.5142278249565444,453.3098487960416
2020-08-10,0.552850063558824,0.0049990716047114735,0,0.20949611748112368,0.013013136257883,1.3861365122365648,1.3636264705387834e-05,-0.5385929292230813,17.989745914530943
2020-08-11,0.5971719341525309,0.004612143980174249,0,0.27526205454953423,0.010416167880353067,1.3860473458758822,1.947942136020127e-06,-0.18154298060018462,5.879977905301032
2020-08-12,0.6540354018756127,0.002963096168821954,0,0.18947287608987712,0.01103107023893008,1.3861764920486097,8.976467363362881e-06,-0.14784491165821256,82.11732399146037
2020-08-13,0.6224776023704206,0.002336169125836079,0,0.14180983494189822,0.01037572139518172,1.3862262909679601,1.5846311593670818e-05,-0.1194200057849727,101.01751065605042
2020-08-14,0.6468920753331386,0.004665868145838925,0,0.25227444297556767,0.009951921221873699,1.3859689030683635,9.192662146840492e-06,-0.08258019238429821,1.4106590991622436
2020-08-17,0.6571593412265152,0.006287001088983962,0,0.4769923022347182,0.007941061120693366,1.385350256702909,2.4503136277229575e-05,-0.13112843904782642,4.767958630830143
2020-08-18,0.658427133468665,0.001128560307381185,0,0.39523069102367686,0.006623465389133766,1.3857210975574343,1.6468960031230865e-05,-0.18258003585380353,2.055273208109822
2020-08-19,0.6593085891293478,0.005850112469814634,0,0.8769910588644141,0.006838780724516245,1.3838401769563828,1.729838428231184e-05,-0.38025182932745677,75.61114692196371
2020-08-20,0.6191705273419824,0.00800416077193293,0,0.7906034641134599,0.0071607268893053334,1.3841265914845486,6.804930515033819e-06,-0.3357894808119624,5.306390836315925
2020-08-21,0.6184769216020785,0.008577716190210189,0,1.2899282007667294,0.0082668748499965,1.3810437120089585,9.720672679305853e-06,-0.3219123788820471,10.5740510691776
2020-08-24,0.693691083289561,0.0035464486439049777,0,0.09997347931589547,0.008568344322334866,1.386262628243212,1.2487133544864124e-05,-0.4712259492218202,4.659410866346983
2020-08-25,0.6914170416983267,0.004060086341193965,0,0.3420325062079229,0.008781728794773255,1.3858639049837027,9.413691960965456e-06,-0.452650556561603,674.5115380924267
2020-08-26,0.6984324389669198,0.0035326931175670624,0,0.18643971801796771,0.00941186749651538,1.3861709993005875,1.538564657323078e-05,-0.4488004827357449,4.729210061674002
2020-08-27,0.6936726709814285,0.005155713705376527,0,0.7091714859500937,0.0089372651850095,1.3846377112574477,1.6394191841801267e-05,-0.4705736411855676,204.32378050867302
2020-08-28,0.6821249018172052,0.0037734107119842017,0,0.10512089574905631,0.007803135631157855,1.3862570303111914,2.3502009391871358e-05,-0.4682369884896705,2.9854072759124266
2020-08-31,0.9169211014628696,0.011095043714352444,0,0.5590321111181167,0.010481776482152835,1.3842707274058415,1.2544465610851004e-05,-0.5241753274049746,1.20407139428032
2020-09-01,0.9308972364035811,0.006721579437294649,0,0.16966778414168865,0.012662859574907433,1.3861619201352797,7.148478179442064e-06,-0.5970062758505449,12.709399977021736
2020-09-02,0.9315317262767462,0.0007233323851369968,0,0.10616161194758347,0.01167625871871461,1.3862521549294824,1.0751335167530619e-05,-0.59312906899758,20.601656052713516
2020-09-03,0.939352691636738,0.0027011769102346355,0,0.2604707125422553,0.010851654259519478,1.3860768362213194,1.7316216157422878e-05,-0.5410664652136601,1522.2625065928453
2020-09-04,1.0082918807446732,0.015125796172781853,0,0.7459828976280869,0.012319811420306978,1.383699322916878,3.5974650913777534e-06,-0.5012770796770297,3.072580620395308
2020-09-07,0.9851812117603228,0.0022693783393608388,0,0.2825722692213769,0.013542635308866909,1.3859699214830408,1.0184848332746472e-05,-0.5265434828811005,107.35218721768922
2020-09-08,0.9801583746198034,0.0020674252009531243,0,0.0893103347895663,0.013429347162704778,1.3862619646086993,1.4195217070848472e-05,-0.47120331106955743,30.15774946240354
2020-09-09,0.9713651648294723,0.008763831607862552,0,0.6356357838407545,0.012792997582890766,1.384702649035727,2.3930955706687718e-05,-0.47038881985854986,25.882593924627656
2020-09-10,0.9406229508051672,0.007534921492842668,0,0.23864621169275324,0.014101260263867897,1.3860708714610268,1.0967461146977699e-05,-0.5583008690914977,2.380620403060525
2020-09-11,0.9963029103422861,0.00012667093156625104,0,0.18662696608516985,0.012272991080255577,1.3861863415798754,1.761629538922767e-05,-0.5569867927820316,145.184616318969
2020-09-14,0.9753981362269819,0.00658133300502335,0,0.3133360335053404,0.009343328486183855,1.3858432912508039,3.850189762793445e-06,-0.5136463193581172,56.52655738087956
2020-09-15,0.9744511417198946,0.0041130495018755426,0,0.21649978017546392,0.010192201557812267,1.3861311194962571,3.745090391372435e-06,-0.5462292425696728,5.842899823115623
2020-09-16,1.001692847206626,0.0014440774508952703,0,0.09876731635259563,0.009497972808128145,1.3862618546250893,5.091752870990498e-06,-0.5927386457510275,6.547659358869462
2020-09-17,1.0024042420501493,0.005629945242317492,0,0.4045453146280242,0.009334077717314955,1.385717833471748,8.733518412431902e-07,-0.563587598906486,2.8485339875537834
2020-09-18,1.0136519593504476,0.00588741211898692,0,0.4606804371849125,0.007987016231911911,1.3854122504035398,9.977094680414927e-06,-0.5233400406181854,176.85721344182738
2020-09-21,1.0522011747269298,9.999592554648419e-05,0,0.31417216360965533,0.009786721220093945,1.3857801055158925,9.293920150480413e-06,-0.6458943162293164,1.3227984587230655
2020-09-22,1.0241283370791263,0.00454058200020374,0,0.2782923639500188,0.011292598266763277,1.3859193272842942,1.5052018209492968e-05,-0.6077612361064401,9.161408889311726
2020-09-23,1.0797210303994984,0.009378770496146547,0,0.41165040471365616,0.009974862571606867,1.3853877207834269,1.3446332987090338e-05,-0.5782478065997833,166.7026966091971
2020-09-24,1.06797381254917,0.010915560683027514,0,0.6349983607368347,0.011536017594907145,1.38459080835363,6.945321520671812e-05,-0.7740701185449516,1.6548247412410348
2020-09-25,1.0704471502690518,0.009656625639061707,0,0.13388072657006503,0.01694560481906968,1.3862088645215787,5.47962325700808e-05,-0.6168969385273715,3.9189697834163804
2020-09-28,1.021179987459524,0.008165445999488347,0,0.2758864961885319,0.01663721728480979,1.3859874451673255,3.0264047197663035e-05,-0.6053709094425942,6.782903697480882
2020-09-29,0.8848825308614228,0.005422770400881764,0,0.3921988766171303,0.01845281982974621,1.385684294239408,4.172354160751651e-05,-0.5877515215434888,7811.6293759773125
2020-09-30,0.9016033946320505,0.0019628751865117815,0,0.17521694207512506,0.01710722506728376,1.3861809888363132,4.869373469253845e-05,-0.6414819221475256,328.3136975925965
2020-10-01,0.8841120492340337,0.010339769336307555,0,0.8714370288853277,0.017776970734107733,1.3836621052264155,1.4239577493242817e-05,-0.6180101584796793,4.401147019933355
2020-10-05,0.8482520335873657,0.0061864753241744974,0,0.184628832603706,0.016223401833832744,1.386161517291616,2.3207429552266462e-07,-0.6671618651157686,9.481087134638889
2020-10-06,0.7965990175769149,0.008664221180328712,0,0.43663360904328324,0.01538811057285759,1.3855626586687717,5.4438348541415554e-05,-0.6662802662481873,2.5142385741258892
2020-10-07,0.810495292887465,0.0014437378694108645,0,0.11041580513027315,0.015444143991061933,1.386247732074481,7.428113186505859e-05,-0.7284913449711605,12.100309820011887
2020-10-08,0.8080644494764345,0.008191252837482461,0,0.3982338721363781,0.012532570010257878,1.3856813499262448,8.771907890641053e-05,-0.7528138400483526,8.751721338997884
2020-10-09,0.8169933851445017,0.00147342058933199,0,0.10400087709798946,0.0068966121825965775,1.3862534293063802,6.739905419907345e-05,-0.7538026239313994,8.879397616981695
2020-10-12,0.817534467211691,0.004969051626382695,0,0.19203938972893034,0.0067658348082094664,1.3861401172438799,4.3904174059121796e-05,-0.7565121215742208,174.3675321191664
2020-10-13,0.767371633105583,0.0003100860863587834,0,0.21742232231173214,0.0050692967294601,1.3861322387777635,3.262432728576508e-05,-0.7334298899266154,1759.1687389419478
2020-10-14,0.7481938096794789,0.0014338155052170882,0,0.17653938871461466,0.005076310993688177,1.3861585464276858,3.2063704512736684e-05,-0.7328569274326561,13.084189006048765
2020-10-15,0.8099199269821337,0.004367707093534367,0,0.9319947118610707,0.006735295024701388,1.3819382332962116,4.166047280433907e-05,-0.7760425508524266,1.0932432920608908
2020-10-16,0.7568780065448067,0.004020108264714303,0,0.15261762709051044,0.009421742058770244,1.3862061475081617,3.1029751194526414e-05,-0.7757255131812397,13.550718441566309
2020-10-19,0.7495658937870077,0.009876717331082698,0,0.9717127742248611,0.008995283001102946,1.3828740192159514,3.325244975035347e-05,-0.8099433010828437,8.567705360910916
2020-10-20,0.7782498532687514,0.0010154024131558885,0,0.1304752182448759,0.00901334321357869,1.3862329276072594,1.9569629467658893e-05,-0.8509158057794118,188.89814316113055
2020-10-21,0.7694817300739882,0.005177047406873282,0,0.2120850601418109,0.008995536343716378,1.3860622821622466,1.632870916382655e-05,-0.8739254868444263,64.40130966762615
2020-10-22,0.7600303723750376,0.003999593192341241,0,0.16426708142178367,0.0096027691772908,1.3861943711246845,4.98260417817665e-06,-0.9027173808816419,13.74975194077032
2020-10-23,0.6868324740319761,0.005152127786589398,0,0.6679134149061867,0.009714332087493165,1.3848790131482838,1.267483684233134e-06,-0.9680125545347028,15.238214865379387
2020-10-26,0.6928038431834834,0.0005908207899866524,0,0.1763942917118508,0.011432207257625277,1.3861511541061775,1.4191945771585973e-05,-0.9170206311896074,1.1900693420855823
2020-10-27,0.6734454400116043,0.003338273335346495,0,0.12035787117317527,0.013792982130628547,1.3862312977535496,4.145115577318003e-06,-1.0036327838526993,3.081036443443124
2020-10-28,0.7013520946324359,0.002788446183564507,0,0.35048104781783146,0.013367996507104556,1.3857192249076569,2.3649649063349156e-05,-1.0008505151568146,2.7155773418835625
2020-10-29,0.715639267496934,0.008243869767119348,0,0.493479344921898,0.010803388896535168,1.385259611776093,7.082573013964402e-07,-0.9673403721663563,20.214815400892054
2020-10-30,0.696772408453813,0.0006553007825749103,0,0.1923373666721615,0.01082947033429999,1.3861178957379636,8.523133365309826e-06,-0.932329814544004,85.64838668369137
2020-11-02,0.7041244181795436,0.0047086468599578735,0,0.2714521083591136,0.010537340475552945,1.3859645702799408,1.3160015923350076e-05,-0.9371009571266248,61.768979304786335
2020-11-03,0.7307269452701476,0.0055803357181237745,0,0.16236682322558257,0.0114895371987273,1.3862036723871862,6.159789819641647e-06,-0.923345707802863,2.4526452295102477
2020-11-04,0.7310157664306702,0.002555460371354494,0,0.2641878473036848,0.011200615408703067,1.38600833420888,2.229483100349761e-06,-0.92688044584744,3.9244490123466713
2020-11-05,0.7290471394021579,0.012840778007847232,0,0.907952499595582,0.011569177751065267,1.383139443677541,1.977826397594227e-05,-0.8901761739438674,1.7287985540249904
2020-11-06,0.7473493847373954,0.002994660598718439,0,0.16240646974045508,0.0103815422588499,1.3861961640880844,3.0479777308857563e-05,-0.9119301180284146,4.848881888716486
2020-11-09,0.7309596152177144,0.01101668363630324,0,0.7617698356934325,0.008183683777034566,1.3841275029613185,5.7784157412790066e-05,-0.9594593232974065,3.6020257870890897
2020-11-10,0.7340004060234863,0.007622763063395867,0,0.27980356733082645,0.00580655125544879,1.3859577005540562,6.238444141044009e-05,-0.9482281480152662,5.181658164947205
2020-11-11,0.6605943437973294,0.003911239832269222,0,0.170385873755319,0.005333817053079944,1.3861632592449846,6.404579231420067e-05,-0.9550010899901141,11.25904206525799
2020-11-12,0.6981894789413445,0.0036933321271104685,0,0.167955378935564,0.0065894564407856454,1.3861926844290697,6.367980710033508e-05,-0.9181874015959806,32.53244369430077
2020-11-13,0.6272935639034253,0.002453570933643278,0,0.09356443304939359,0.006828381336448423,1.3862620776891599,6.172889936952235e-05,-0.9770842814700831,104.82695099312264
2020-11-17,0.7082274587355085,0.016571880454076267,0,1.097052271297418,0.006801719245952267,1.3809323800266597,6.514136425031066e-05,-0.9761495914359207,3.0411679799331357
2020-11-18,0.7292392278105554,0.0010958594137507613,0,0.05058533424009751,0.007113513238283312,1.3862851503013185,6.120522650364027e-05,-0.9698081839949204,11.481241766856824
2020-11-19,0.7121365610831393,0.007661683666193023,0,0.2474086303089379,0.008035641632707657,1.3860031167881142,6.795678789583287e-05,-0.9061258499656847,2.1689652160243513
2020-11-20,0.6895933875817438,0.0032597278324033667,0,0.147005481360195,0.009579274574390612,1.3862059029220615,5.3068117365413673e-05,-0.9062985844447508,8.384007112019608
2020-11-23,0.6807325325393067,0.007842995315037602,0,0.578911245515752,0.009286121783379623,1.3848747628158569,4.5969151206862935e-05,-0.9246172911679811,15.059481839450417
2020-11-24,0.6905932543951455,0.005873692523807594,0,0.28008896008984313,0.009536924112135978,1.3860285124811142,3.768972398606456e-05,-0.9247385183361234,3.712975924825079
2020-11-25,0.7312058003248262,0.005716966457846734,0,0.6447642576243043,0.011852580732970679,1.3842782996112792,1.7038270126752108e-05,-0.8838992746932897,2.4735835015161447
2020-11-26,0.73334547016369,0.0037298768904469107,0,0.14319273398492374,0.013102243505247892,1.3861976458632408,1.7766800506843798e-05,-0.8848641123339379,5.064655604833844
2020-11-27,0.744440946456768,0.0019269790724680616,0,0.1322641072031721,0.013597873725001833,1.386231240628736,2.0434988895150836e-05,-0.8523103230936102,236.2798244694154
2020-12-01,0.7389937364105922,0.007164523847800465,0,0.3381733180069944,0.013861898213214789,1.3858049307170588,2.955565368504883e-05,-0.8845410757833619,4.722084738787152
2020-12-02,0.7386805873393059,0.0009416984274567463,0,0.36662997720249485,0.0142280444253181,1.385745586509484,1.7136367516789757e-05,-0.9395878609384686,3479.432701659681
2020-12-03,0.7362705365243208,0.007713936431344536,0,0.9283649477828367,0.01236781866376248,1.3831949689289056,1.3853360366720533e-05,-0.9378323441901354,92.85509773397803
2020-12-04,0.7475984486589874,0.003306567014315972,0,0.08749529233539428,0.011049844948647945,1.3862678362215335,2.9790810318276604e-05,-0.9899780078981484,2.3434571738650067
2020-12-07,0.7910912382236226,0.000475037509907514,0,0.17267921353055135,0.01111132015910682,1.3861939410805122,3.0264669175938254e-05,-1.0425732374794408,4.882756441734936
2020-12-08,0.7883081708704276,0.002848613489170159,0,0.1931083159053871,0.011093943567170422,1.3861577975258979,2.8270437538791167e-05,-1.0489622941772967,19.75071664836819
2020-12-09,0.8266011867676348,0.004852662550106828,0,0.21769567805167855,0.009120661838092054,1.3861461275855662,2.85021781155911e-05,-1.0729191661070152,2.4923834595647256
2020-12-10,0.8560875897709721,0.0030054216897028446,0,0.27342335781436894,0.007869486377066344,1.386037248747191,2.5499938615807383e-05,-1.0625646890736908,18.85023146174933
2020-12-11,0.8472821977839655,0.0025193970105338217,0,0.1759741628633891,0.007319894455497421,1.3861652370374096,2.0339293322034182e-05,-1.0463959978047377,26.588619107219316
2020-12-14,0.8396892450796116,0.0042532793203371895,0,0.33395606716081166,0.006042468122174977,1.3858748429733745,2.120224350748913e-05,-1.0333988889004804,13.242065504979449
2020-12-15,0.83098566150707,0.0008079730142940848,0,0.24747897952392345,0.005172624843909367,1.386057775183568,1.491024741557596e-05,-1.0841098462951464,263.22679902215634
2020-12-16,0.8250793498819585,0.006995745003182357,0,0.7272422837223317,0.005898984087829856,1.3844742920936786,1.8885796523638462e-05,-1.1232161031569747,1.4547772464903297
2020-12-17,0.7589271988159091,0.0022521054826151058,0,0.1331844672733823,0.0054866292917703,1.3862365033277397,1.962282678974723e-05,-1.1572654270449794,5.986063844012884
2020-12-18,0.7536718656146768,0.001723331358414414,0,0.3746527759274582,0.005558285958588578,1.3857832006311375,1.5102083794386808e-05,-1.2234238080726523,49.06956522050642
2020-12-21,0.9073400955321024,0.0013562003958567648,1,0.03649086015180665,0.008761538580135012,1.3862845611806358,2.416888790589994e-06,-1.412240957375805,1.0899076698059602
2020-12-22,0.9468022422603084,0.003389256030292802,0,0.20005052073921908,0.012635852021187546,1.3860800313665094,6.6812975034231444e-06,-1.3612842155381335,11.469164166574464
2020-12-23,0.9262276252955319,0.0005345396429183457,0,0.11064977274605416,0.011131006185714512,1.3862456295628884,6.485806465256834e-06,-1.54944028001605,12.53205382277336
2020-12-24,0.9197886486252741,0.005210302548178388,0,0.11143406269159206,0.010517365787140222,1.3862479345296228,2.4914619166801908e-05,-1.6003423123933886,11.440735523540024
2020-12-28,0.9001842781582537,0.004781567184475867,0,0.48753676620462005,0.010652948806911278,1.3856277158355477,3.3364155156697916e-05,-1.6405316168382025,17.645311230815423
2020-12-29,0.8984793665717523,0.002674203725782764,0,0.14106265218442815,0.010891228002472678,1.3862274280613833,3.4661139706592736e-05,-1.6523100344611752,23.081346092066298
2020-12-30,0.8980951163714761,0.003460750494016488,0,0.4002802912881575,0.0101159458831701,1.3856768106298154,3.8195013565164355e-05,-1.6866871915380222,26.225711999654568
2020-12-31,0.9240211155107664,0.0008550527571120856,0,0.17325045394185215,0.010043817459611522,1.3862010003811822,2.7207467406297496e-05,-1.65019869669714,1109977.6959146068
2021-01-01,1.0374119776465427,0.001025783670554211,0,0.2184347176501408,0.010027469509530845,1.3861669606700795,2.5149541885006463e-05,-1.670444508598624,17.152750144071533
2021-01-04,1.0515467372673124,0.0061053468791035966,0,0.38848904161621073,0.006933066362588601,1.3856147220366002,3.3932368899052805e-05,-1.670545816446293,1.5699113712471995
2021-01-05,1.0538796744142678,0.004094581446428812,0,0.42340716084329,0.002624672203057523,1.3856082897885165,2.3881641605367282e-05,-1.6657156959185766,4.866106376515107
2021-01-06,1.0640456279671333,0.002914878236902577,0,0.2186452961982043,0.0035275339549177345,1.3860846678582086,2.2893429448686352e-05,-1.5991723394335375,7.73331052483943
2021-01-07,1.0822722159684208,0.0075704586914169284,0,1.082844451314988,0.003778041636615646,1.3821519383135856,1.770642459686441e-05,-1.583710560218763,276.5999297032152
2021-01-08,1.0646373382426901,0.00852603044796842,0,0.40139442125611907,0.005278983246131323,1.3856867010596503,2.2742459293464365e-05,-1.565250086191574,1.4726830501160464
2021-01-11,1.0613614589078142,0.008799091203945286,0,0.7712675517234937,0.005334293558021034,1.3840186022582095,2.3293373556656042e-05,-1.5765003637644641,3.7900600232695445
2021-01-12,1.0643391083116176,0.0007562668647607103,0,0.03757874230394755,0.005710166966284446,1.3862891345911188,2.396177667412495e-05,-1.6055480952290353,11.990612107771353
2021-01-13,1.0863137649997172,0.00522885523567949,0,0.31542717484118155,0.0059070965455713985,1.3858398294670913,2.279370357185997e-05,-1.5655969071155895,36600.48261450034
2021-01-14,1.0895793789918158,0.0010166482632652228,0,0.17250124235486705,0.005837500909486052,1.3861836553036375,2.3400761694792275e-05,-1.5449651772622182,76.88998780574249
2021-01-15,1.0956734261939876,8.564591814783842e-05,0,0.037334012054610295,0.006699808501345852,1.3862880552860946,2.140228450607461e-05,-1.4429208556690434,2.003011279187677
2021-01-18,1.0680874630561237,0.0013569849678107542,0,0.2009526313317889,0.006379063237455319,1.386120309481126,8.562799541110064e-06,-1.3410303160956705,2.404386148663515
2021-01-19,1.0661095284108921,0.006306567720208917,0,0.23647592511429705,0.008469235812671196,1.3860798350559302,2.139165200863963e-05,-1.3319775005527894,1.8707711037020613
2021-01-20,0.9274374896901879,0.0011802987281690888,0,0.15890474553391792,0.009030921437153007,1.3862065190851487,3.28266203868475e-05,-1.3502648283716254,8.229623313307286
2021-01-21,0.908846200134645,0.005872227283473533,0,0.31959466567938594,0.008677922356236418,1.3858286352716191,3.051815884412069e-05,-1.399059356395252,43.406815375593666
2021-01-22,0.9174491422034815,0.00047640216848582106,0,0.3178748381546528,0.00936316736479163,1.3858617710240495,1.7656986132196181e-06,-1.2890943932473247,3.0902493770071353
2021-01-25,0.9676541176477367,0.007341489789335168,0,0.7802177208455127,0.009548573151237642,1.3835868516431618,1.7294827717732646e-05,-1.2984551208209678,7.832230227073732
2021-01-27,0.9347791927204473,6.673457867009767e-05,0,0.49669835686254593,0.010062429273007543,1.3851799243255212,4.649155987286448e-05,-1.2894280113906158,2.079012021248592
2021-01-28,0.9231512716807637,0.011311242546121847,0,0.43631432285675326,0.010777746178650223,1.3854462492337003,5.896640184548747e-05,-1.2368069215664683,6.992788945055965
2021-01-29,1.0000162792469836,0.009296213770559147,0,0.6467483512291311,0.009585726213577277,1.3840830895540988,7.580012906004744e-05,-1.1499004275500082,5.507872411735134
2021-02-01,1.0040893599446137,0.009053403800790493,1,0.23604770079082174,0.01615491212375718,1.3859091683564762,2.1213093443962212e-05,0.1114994007451274,1.3498036676647664
2021-02-02,0.7470215601469457,0.013900323277794209,0,0.1794944036911648,0.01545644135570199,1.3861446132954862,5.387026335902923e-05,0.1467418445069917,5.374875936492889
2021-02-03,0.7559156746759667,0.007281717136389571,0,0.20474275523671082,0.016291128727051435,1.386080479856167,3.824515629716368e-05,0.15692809715080316,34.08277296838524
2021-02-04,0.765436871547967,6.088039658392876e-05,0,0.05122631745064585,0.015218080894091145,1.3862836753186587,3.5354423792652346e-05,0.17323587174901223,61.343771491809555
2021-02-05,0.7888801097824857,0.003815921392666442,0,0.16213353014580553,0.01453319005870609,1.3861959516812379,4.688594847378555e-05,0.21814356493661488,798.2382037353295
2021-02-08,0.7937692175282764,0.009340286460755019,0,0.582085127268557,0.015093950870188845,1.3850771420450843,0.00010087363260953681,0.21949786406598826,5.858503066363986
2021-02-09,0.7983316018980996,0.003193573748915717,0,0.13618196595971607,0.015453508105756623,1.3862185685877564,0.00011553021714859239,0.261982697649847,1678.05441397879
2021-02-10,0.8071800769139271,0.0006450898222436495,0,0.21527099255147086,0.014541730085479111,1.3861025627782182,0.00013776256901433146,0.24886597653007786,6325.7068387986865
2021-02-11,0.8156014198112588,0.0022034651349406,0,0.5143533654107343,0.014770878104929282,1.385443817799524,0.00015350896081777046,0.23905018909416814,9.554913608244249
2021-02-12,0.8376669471372608,0.0008498421516443216,0,0.18609174911381812,0.00870523792781051,1.3861626855176654,0.00015803602934585587,0.29140892174912525,420.496867361309
2021-02-15,0.8249400575471744,0.007031730867182083,0,0.5818383460381586,0.0075508603846525,1.385181232115614,5.625803633814607e-05,0.2702247630153066,1.2038483782192468
2021-02-16,0.8281075532719189,0.0036987412220706364,0,0.13769518474124134,0.0069199266020686925,1.386217612187017,2.2542694297827962e-05,0.27481874753490715,17805.90663882138
2021-02-17,0.8778051477503905,0.002193275172159448,0,0.11875657739413753,0.007390602075895123,1.3862450838134859,1.625498731664471e-05,0.32098211953214595,3.5273658978646445
2021-02-18,0.8757672617150591,0.0019574491013494484,0,0.23114390299954696,0.006914565998556222,1.3860936550560132,9.214411058511494e-06,0.35973810870497847,5.1515459956122305
2021-02-19,0.8357496944583049,0.002924474243280805,0,0.1639095214517975,0.006064487470332767,1.3861751088180845,2.7046265542502134e-06,0.4169510989086788,3.1759866673156716
2021-02-22,0.847809000956911,0.0011540590458070377,0,0.4889696511821306,0.005880079881519344,1.385130536842989,2.4578550346677414e-05,0.34315173201412824,1.3878666173031315
2021-02-23,0.8496731836891368,0.00723405862531699,0,0.28870697191850886,0.00838894700028159,1.385932305601155,2.2748860379439585e-05,0.3772291454959391,124.85039127043274
2021-02-24,0.8865200297341599,0.0014505979416839596,0,0.09855610554518365,0.009687742254859546,1.386232344895551,8.93427717441519e-06,0.3212065953441342,2.609223154944748
2021-02-25,0.9028151433000081,0.0065099091512728635,0,0.34510252760707455,0.010324448567195289,1.3858839571075106,5.529130619928095e-06,0.3326442622109174,15.535954197296753
2021-02-26,0.9193474281393463,0.013923412652184518,1,0.27356437959255153,0.014261950337429101,1.38588719859465,6.952846406279568e-05,-0.18225404886883118,1.5645287473856706
2021-03-01,0.8575480963515283,0.011860544251233068,0,0.558359072207745,0.01917464443907123,1.3849869423957997,6.23358460583692e-05,-0.21077043449055283,8.451594739604136
2021-03-02,0.7395393750655569,0.007003810764546737,0,0.2505502669987821,0.019006119172508204,1.3860248577805019,4.572155454110198e-05,-0.21295108194955725,19.840617519888465
2021-03-03,0.7373051744513847,0.0096921252474446,0,0.1690580265971981,0.02012982753964919,1.3861626131461635,4.582263135797836e-06,-0.19890681383117256,5.043425636144302
2021-03-04,0.7756272358363725,0.014458965025254114,0,0.6866804523482294,0.023389406410470468,1.3840121628563105,4.870850560998428e-06,-0.1575117706050303,20.500186096749292
2021-03-05,0.7743281240111443,0.006839963458886714,0,0.17407848432626116,0.02226097492214428,1.3861583211458108,5.623758046742988e-06,-0.09473246673470098,11.532554010856755
2021-03-08,0.7643866881022541,0.004298564017332029,0,0.16992879627620408,0.020915475913926843,1.386175058279274,3.389043128121257e-05,-0.1135333076156765,539.6444573707491
2021-03-09,0.7649548540284263,0.006245429965930245,0,0.2832459385598127,0.020022724146654434,1.3859463657121565,4.733870808078251e-05,-0.1358736761546917,8.578874834590215
2021-03-10,0.7602223415811971,0.006848087099555327,0,0.6508011325710868,0.019313137190896765,1.3847331311906368,2.2033410835739283e-05,-0.1424593192782427,12.757776211028233
2021-03-12,0.8220128878873812,0.009598107848939627,0,0.5023982053136266,0.01581759666312791,1.3849299058935662,7.660815716304766e-06,-0.11102126760642468,3.2797119533064985
2021-03-15,0.793795606121898,0.001160277527955949,0,0.2192788653141142,0.010097753195696434,1.386047765283816,3.165939291444197e-05,-0.058185361198422936,5.517877819132544
2021-03-16,0.7665202576617282,0.0044510198758197245,0,0.23868147069847778,0.010124766711942589,1.386075658439403,1.0760498938315529e-05,-0.03700672284296704,155.3388909634619
2021-03-17,0.7383893163862353,0.002418168400452254,0,0.5561586251305024,0.01017564195833649,1.384999864609907,1.4600892469484092e-05,-0.0016865788393352918,2.004271535220076
2021-03-18,0.7808310199883427,0.009074755697682048,0,0.4516015836308894,0.006740237372823011,1.3851623635728796,3.5682921935822465e-05,0.20257284367883785,3.4162641828332854
2021-03-19,0.7161975095363515,0.005973300943047656,0,0.13266151592542533,0.009240599839163411,1.3861911689046813,2.052053921684614e-05,0.1974268151047421,3.0759933260105474
2021-03-22,0.7188317187707722,0.0005223960094455571,0,0.2890465130394296,0.009519083388213511,1.3859579755742484,1.1864932865636237e-05,0.23690492981808683,1696.6325759972506
2021-03-23,0.7589987631384489,0.002179256468710333,0,0.178280956001341,0.009248676467731157,1.3861709323503322,8.509339621223242e-06,0.2554413047252377,16.981060097982965
2021-03-24,0.7653762645663776,0.006929218708829316,0,0.22827762600358023,0.011355416363121588,1.3860837729965136,3.5582954255227455e-05,0.2895795234728995,1.96274301407927
2021-03-25,0.7666827437558387,0.0014766333677758696,0,0.302549867440643,0.010016637118112345,1.3858611375394985,5.607747190878305e-05,0.32274141115719895,3.1358098743984115
2021-03-26,0.729584675063182,0.012583715318272763,0,0.7045939808314301,0.012844492622796487,1.38417605201816,3.969405229827154e-05,0.2941053246259029,4.728248233452115
2021-03-30,0.6868262589114392,0.008319723173896615,0,0.3639235979366169,0.01338557158390928,1.3857459185043175,7.869863307587824e-06,0.26632616674462106,2.428172642772294
2021-03-31,0.7809805901101224,0.002242308450970421,0,0.35359374326605203,0.015828117434789582,1.385885702618559,2.113220950029846e-05,0.3010261937667944,12.511989531502268
2021-04-01,0.7794866102639435,0.007304439405245566,0,0.3211052997391982,0.0181399149556732,1.3858528396047733,1.4020455422162904e-05,0.290517734940412,8.286582040283886
2021-04-05,0.7917434512904121,0.0019962547852034962,0,0.12370283975140871,0.0185446036777871,1.3862085499529342,8.040019009273938e-06,0.3269451363020406,4.890969695944107
2021-04-06,0.7919539233763008,0.006754127557179203,0,0.3245702147050135,0.01915083142391966,1.3858261457638568,5.797330714760009e-06,0.30222673837927705,106.39570994363278
2021-04-07,0.766521228811472,0.002241514620930587,0,0.13244147224295363,0.01917901560473797,1.3862186479486578,8.06576251706119e-06,0.26674345401107413,6.969030410584732
2021-04-08,0.7929664960210635,0.003812172145979471,0,0.19404863953511506,0.01719292086563788,1.3861481478898636,5.716917738085091e-06,0.2969425353346517,36.23269237934996
2021-04-09,0.8472143153660219,0.0005948684161183286,0,0.12286864307178594,0.0176136827785205,1.3862415022114394,2.5107516325078113e-05,0.34089725899226725,51.886605945438696
2021-04-12,0.8565741692147796,0.012904008410573322,0,0.31291238640660973,0.01818472324607398,1.3857920730482567,1.6713706861918722e-06,0.15380563104980835,1.0886242960792303
2021-04-13,0.8555182345212784,0.0037732749162223606,0,0.035046556830414965,0.022525229142564957,1.3862887554869952,2.936854467853942e-07,0.11762881317006874,8.712597188956547
2021-04-15,0.7985337385502626,0.0012126962280945102,0,0.2524769117765898,0.019716511001160456,1.385991108967039,2.723789087841258e-05,0.10683293316013354,54.8264280773753
2021-04-16,0.8342165081436849,0.0012439179895337247,0,0.22455495925408583,0.01753533115133436,1.386111805692742,7.4217173674353584e-06,0.0676475395864373,243.83173304605248
2021-04-19,0.896990834225843,0.021522416013974886,0,0.9183663070373651,0.016737009386187926,1.3822206950644227,5.2623016250322845e-05,0.0654153232306899,5.743181657603169
2021-04-20,0.951525560705054,0.01158007326876839,0,0.5785070450264683,0.016154463953637746,1.3845148515766974,3.4335629726890603e-05,0.115951772104393,28.54523321993131
2021-04-22,0.9041194973597717,0.005418109548098255,0,0.26177267395346265,0.016818469315137405,1.3859702908402638,2.823591337709264e-05,0.11810346945839684,7.351367518507728
2021-04-23,0.8573370167052415,0.005554754124395986,0,0.2619145277665879,0.017557846463253406,1.3860009042785477,4.6827172623145606e-05,0.12064855455773045,20.78656075646628
2021-04-26,0.855874751170571,0.007509419305156568,0,0.2703404897786724,0.01846507515267666,1.3860218122688464,3.9099277902288746e-05,0.05778677477920382,5.190498632965114
2021-04-27,0.8513238203760419,0.0006073270816796849,0,0.49151682406086755,0.014934596123161123,1.385433993792903,1.9023672397934387e-05,-0.00380545699927074,2.4844240912337154
2021-04-28,0.8700370907059493,0.003913032926892954,0,0.26173216179976166,0.009753046487244912,1.3860372527766742,3.849234588982954e-05,-0.06308202764855597,2.515305347858383
2021-04-29,0.8678952398295795,0.007670049786292422,0,0.2967274606666206,0.010208200801445778,1.3858918062447465,2.5359185136398422e-05,-0.10090791653769676,111.1025322556306
2021-04-30,0.8633599947199981,0.009955519565729362,0,0.24309734528678859,0.012111740189563625,1.3860136552358986,3.89641601009183e-06,-0.10618766750194708,2.3839307320282623
2021-05-03,0.8865397849601158,0.010308488823946377,0,0.4538553252146757,0.011861713858334934,1.385299926703705,1.2747558942894404e-06,-0.7043178395794827,15227.703965204455
2021-05-04,0.8144358567794493,0.0036219052784097023,0,0.29753185573442975,0.01144221659750639,1.385897394146017,9.706434684152917e-06,-0.7693752535341439,6.921697319089761
2021-05-05,0.8144475856338236,0.007398520667253544,0,0.5747619856773445,0.012079862040287923,1.3850097405554789,2.283827907167118e-05,-0.769906123322139,6.940900209508275
2021-05-06,0.8323690970643938,0.0034487267996444566,0,0.11631624258479256,0.010845486462296,1.386246392458757,2.2426324248570175e-05,-0.7700449793186145,9.998137858773065
2021-05-07,0.8416141268852955,0.006231886466737076,0,0.5400968373375338,0.009307460897828565,1.3853054103118052,3.319628159514984e-05,-0.7815825147821621,5.783566786492986
2021-05-10,0.8490529267980147,0.007065216775367468,0,0.8395740505047194,0.009283466174096956,1.3840577130942553,3.083825744762742e-05,-0.7889717307327145,4.9948400245025395
2021-05-11,0.8392130978724047,0.010268431295595395,0,0.8854144290229922,0.010545967549799955,1.3832509317959316,1.3170201837659036e-05,-0.7628005988809488,7.111870088038078
2021-05-12,0.816750782294715,0.001833249856569999,0,0.12753625768957846,0.009657187583591811,1.3862341010795711,1.0569991797361603e-05,-0.7175314027617767,2.8292651357684235
2021-05-14,0.8055732176283075,0.0035930602790597913,0,0.3269873351686006,0.008463688692889678,1.3858715328950686,1.355153720027911e-05,-0.6979053601129888,158.47663927232705
2021-05-17,0.8138614800638337,0.005330586962890285,0,0.2595099269655106,0.008438445152525911,1.3860313337645302,1.7488368273368146e-05,-0.6943242699413565,1.7735886458950747
2021-05-18,0.8120694913625346,0.00960648406363013,0,0.8653959909798252,0.007838578543829567,1.3837523104589338,2.9933589898470084e-05,-0.6903657398701586,3.7898525698577683
2021-05-19,0.7921587566841741,0.0032817673599147158,0,0.22827295127596225,0.007805614137317334,1.386110903723713,3.193092210061012e-05,-0.6682857767298055,21.075212083471186
2021-05-20,0.7139318641790534,0.0008279402090693068,0,0.227514681160429,0.008035827770216513,1.3860997477039463,1.833765427423933e-05,-0.6622268196189655,7.6176948840249326
2021-05-21,0.6220481188845673,0.005469366097510012,0,0.6396077054597713,0.010875855781172401,1.3848546002833921,3.1902451901234824e-05,-0.678718903756442,2.6289070499340528
2021-05-24,0.6417537791214045,0.0023727408118829917,0,0.1531050478759575,0.012550821659767068,1.3862169839990548,2.623806436603145e-05,-0.7233381908787291,261.9263856590177
2021-05-25,0.6375745725149545,0.006169353818237185,0,0.6726621032613028,0.011062998947769968,1.3846351388762153,1.8254146454581788e-05,-0.7834816547353995,837.337520630019
2021-05-26,0.6574952408379575,0.0031904712281134143,0,0.16491917664568914,0.011184929615623722,1.386200367450122,2.9957025826705498e-05,-0.7946267907072063,11.544460873799137
2021-05-27,0.7143708544359634,0.0014693688089770947,0,0.18127900754469506,0.010579667486216632,1.38618671938247,3.7862793674142884e-05,-0.8203736612827939,64.82606333542125
2021-05-28,0.7284628458869256,0.005419594589634286,0,0.5832144908960184,0.009038486251705356,1.3852611614341586,4.3597278367762715e-05,-0.8188280155408402,2.125886713168986
2021-05-31,0.6980549504210576,0.0001360141320147459,0,0.04943715833337849,0.008913089379988566,1.3862841480561205,3.4012798979636906e-05,-0.5892704494659925,1.9299238898543112
2021-06-01,0.6598617288682403,0.003002046992801511,0,0.2023299535434543,0.0080806664869765,1.3861505789118054,2.266878880928798e-05,-0.5788075614622288,666.1874266880299
2021-06-02,0.5679392651140536,0.003505367849409123,0,0.17075316562982149,0.007800529696378523,1.3861905333193885,2.4896434394441164e-05,-0.5529066872233931,18129.74572634754
2021-06-03,0.5248807491339943,0.00508135343743753,0,0.46690462897945595,0.0056918661820580885,1.3855923481724854,2.8958275755295378e-05,-0.6525431251859568,3.4512695740309876
2021-06-04,0.521512163540006,0.0014107251140628404,0,0.12168235776918765,0.004820382983525122,1.386246359801342,1.2109759330800811e-05,-0.6963619204529108,88.39767957107034
2021-06-07,0.539180618584984,0.00349412673290678,0,0.26105598981309686,0.005453166127137977,1.3860799869652856,1.3482022774059913e-05,-0.7642106430854271,3.057291406591169
2021-06-08,0.5573590793646641,0.0014115536853763553,0,0.25360128579074315,0.005511544401954744,1.3860896467906874,1.3443967977812536e-05,-0.7544978667354225,153.02555504132332
2021-06-09,0.5746526746173377,0.0016631669653894901,0,0.06013574838311711,0.005758571134588844,1.386278988094641,1.059150761153451e-05,-0.6954285126904809,2.846812822586817
2021-06-10,0.5027995348562144,0.0036230247589082473,0,0.22167686519672417,0.006783566643464955,1.386137356692909,1.3123695098755082e-05,-0.698488416591383,2.72738594102066
2021-06-11,0.5163553627271088,0.0037229587400158925,0,0.3520217383877729,0.006726866480799311,1.3859136345622116,1.1536646623022599e-05,-0.7629393471200734,8.508287846070234
2021-06-14,0.5262751386784702,0.0005032624371233297,0,0.3371038172594961,0.0059621304637120995,1.3857901108452402,6.236539329433352e-06,-0.8034809861552473,165.6758454170741
2021-06-15,0.562205808532169,0.0034787076431825083,0,0.47372744509788994,0.006210546968250899,1.3856798565941997,7.98137017039688e-06,-0.8265993845119821,8.85066767125895
2021-06-16,0.5439714080351636,0.001371515266186562,0,0.08693319715593671,0.0065258670215315,1.3862689362931144,6.104730287365249e-06,-0.8502521172048212,2.732919453344606
2021-06-17,0.6014908300231429,0.007591745836964391,0,0.5494402273211901,0.0057485878997883,1.3851023537276417,3.234950358534923e-08,-0.8793344053946714,4.0017289006682795
2021-06-18,0.7326964006866484,0.004140162081118329,0,0.3339815653628373,0.005511368539845288,1.385709336226451,4.022535647601326e-07,-0.8648632938058123,299.16164162408904
2021-06-21,0.8446002083652522,0.010093263591265812,0,0.8664147795875202,0.0053577011198044444,1.3829970112607897,1.5336183305914166e-07,-0.8858346751833682,5.8405330065290215
2021-06-22,0.8388215014663258,0.005951833190257393,0,0.40532418652700314,0.004958724352833488,1.3856862904830922,9.762206051012007e-07,-0.8724769307947917,30.262060421802612
2021-06-23,0.8508067657358698,0.005692965568909929,0,1.0813284865775012,0.004282623701278522,1.3821086538623624,1.4908076732263483e-06,-0.8937143350319692,2.4325906989121537
2021-06-24,0.8648777379753053,0.003204509413027874,0,0.06583929970252549,0.0053281043336657,1.3862801965716816,1.5150945444784557e-06,-0.9821006367911106,2.1316365835365114
2021-06-25,0.8456745864868913,0.0030919862485708502,0,0.3487915595115796,0.005221839756613955,1.385900689797695,1.7646631489971642e-06,-0.9941723711562077,5.71169949828385
2021-06-28,0.8401430553332884,0.0034617683499137625,0,0.6576348968760011,0.005718117396395544,1.384883666560488,8.453104232657458e-08,-1.2058118682618835,12.468733740998898
2021-06-29,0.8698670092483003,0.0004553886442093636,0,0.0889201180119692,0.004747304419153844,1.3862695672649448,3.571021547508622e-06,-1.2483497945132995,6.720795382322606
2021-06-30,0.8752574019468217,0.0018049095415105635,0,0.11927204204392385,0.004846985219601945,1.386245587342629,1.245252726216852e-06,-1.2434336424371806,31.231692866383643
2021-07-01,0.8875273841784741,0.002131734106862377,0,0.6821789396716902,0.004469477338788178,1.3849753799881346,2.9422431503423975e-07,-1.3138664341424677,7.923900089806157
2021-07-02,0.8981840439803861,0.0016472146232500507,0,0.2344570175262307,0.004558278081212733,1.3861170848447668,1.0230799473834929e-06,-1.3121018378978724,5.962813540935726
2021-07-05,0.8950302379890304,0.0045184172361958696,0,0.43815911754559034,0.004787976921611933,1.3857127226286858,2.527721528143932e-06,-1.320355127372184,1.6881494023375416
2021-07-06,0.8888518041046489,0.0013017914211829098,0,0.3262681200880066,0.00489963127105721,1.3859326266723362,1.31061231563471e-06,-1.2945367414082967,66.38763779338304
2021-07-07,0.9014275979874744,8.531612562054989e-05,0,0.05774794990696073,0.004106365013434034,1.3862837601618725,5.1073162666457505e-06,-1.3333363696244183,5.381926444953337
2021-07-08,0.8865351211744227,0.0015282789296344934,0,0.09781757284597499,0.005363816424173822,1.3862572246378833,1.961381050481221e-06,-0.2745546180203341,1.800295040352598
2021-07-09,0.8998663686004749,0.002524205619407325,0,0.15992438019178165,0.005350206075716933,1.386214487175735,5.045810020809474e-06,-0.25687341218159915,27.989025050075675
2021-07-12,0.9001832993376722,0.004895643823329781,0,0.4151429214473085,0.005493347718904012,1.3856569438709418,3.5932902564039002e-06,-0.2255568926406133,3585.575621409622
2021-07-13,0.8826011652130065,0.006440882307524313,0,0.8540152424810773,0.006042059235980845,1.3839835179743554,2.0822158750019806e-06,-0.24607084175162053,2.9575069551600697
2021-07-14,0.8743640863855812,0.00023082181655858844,0,0.12263992890802076,0.00649140922365021,1.3862461150558332,4.301047369406128e-06,-0.07878083959830892,23.58408437036297
2021-07-15,0.9153381763178258,0.0011473327621666018,0,0.12433844671406692,0.0060984020525664,1.3862486272212122,7.850745251444565e-06,-0.13328066646329942,4.6121081503045165
2021-07-16,0.8923818995269506,0.002142201758082881,0,0.36655425373963907,0.006104109543886518,1.3858954234234637,6.4666735187762576e-06,-0.08872055309408697,33393.226316375374
2021-07-19,0.8366172857397738,0.010663711235772526,0,0.8189188279366167,0.006395401402829067,1.383706048385595,3.0565170965221434e-06,-0.12410288145127517,1.7226622885995135
2021-07-20,0.6931890568147596,0.003080473908974983,0,0.13756411329930401,0.0061997709635463446,1.3862275907187018,7.4734321796224754e-06,-0.0635976640525581,3.4336184656699853
2021-07-22,0.6699065598862843,0.006662717242406442,0,0.6285024748025865,0.0069102636292742775,1.3850755978052431,2.6284985020318533e-06,-0.056633205917288175,2.308485988205948
2021-07-23,0.5921791933106224,0.002067495794445962,0,0.1870332366435309,0.007244427147126444,1.3861720944201383,5.49014629555539e-06,-0.09183520899641309,80.46161186779328
2021-07-26,0.6192055590711192,0.0004257956581551524,0,0.1799144477933456,0.007401231141586455,1.3861958302126183,5.7630049357582905e-06,-0.06247715199697461,83.51499952734505
2021-07-27,0.6412834969496004,0.002275516926534607,0,0.18679131135817106,0.006903763352646944,1.3861613434606535,2.3948552957998658e-06,0.2547970085132779,9.837659280683212
2021-07-28,0.7210411638807656,0.0009584620116121578,0,0.30965056660783974,0.006638320962533912,1.3858392324668327,4.269492239270888e-06,0.2706499822108997,33.69408950585612
2021-07-29,0.720952296069325,0.0033871177743018135,0,0.22626955198614543,0.007188058498247444,1.3861444098516917,3.1777345768550973e-06,0.26274173241883053,2.976886624673126
2021-07-30,0.7247235634833894,0.0014027919035989973,0,0.15693498924503388,0.007287038310054359,1.3862126870877196,6.540765624762869e-06,0.3225963376100055,56.768809381691995
2021-08-02,0.7361863445905962,0.007070688918895125,0,1.1538881443341016,0.0070588056952359,1.382310218243762,1.6844100155638647e-06,0.3215532275354338,1.842376283370147
2021-08-03,0.7438583130715117,0.004171255810483903,0,0.2280553747253696,0.0075583390996888,1.386089359527586,1.7770857546171126e-05,0.3913922103608267,1.362269511668993
2021-08-04,0.7507661175198779,0.003990601101051819,0,0.06955536277771661,0.006176673088228855,1.38627907230042,2.6534264642337535e-05,0.39167337197761953,6.040461303350211
2021-08-05,0.7513030099883949,0.001852687159581914,0,0.16963377094406004,0.005679249744574188,1.386193620328262,1.786810606812288e-05,0.3673649411192337,75.08827476668273
2021-08-06,0.7509904348840548,0.0006012933860114786,0,0.039410094901816885,0.0058627607473525556,1.3862895096355234,1.5305614255027752e-05,0.45521496612738466,31.136469979453437
2021-08-09,0.7477802725751299,0.00265375379700144,0,0.18552243380136071,0.006057742005119044,1.386171723454229,1.6933631111536443e-05,0.4387316077452076,207.72450136109836
2021-08-10,0.734705376012611,0.0010174149804253237,0,0.21034469155478028,0.0057825686528348115,1.3861335701844562,1.8993680368003916e-05,0.3642804086372287,45.85363312233181
2021-08-11,0.7393072678847264,0.0028950624169716264,0,0.29929876141159556,0.005168062430217833,1.3859378213028202,1.960163056459049e-05,0.3880163190412317,1158.0577663635647
2021-08-12,0.7879907774548465,0.00131347567169587,0,0.1265778921506483,0.005116762701984434,1.3862497603732888,2.0008049627243323e-05,0.3343752052254964,1.6066575161812167
2021-08-13,0.7773811128894782,0.001300688021215246,0,0.42567542836046934,0.004704406318644123,1.3856966021650599,2.6377743474098e-05,0.32524074967749095,1.2859086213479127
2021-08-16,0.7556945775993923,0.000647505507152781,0,0.09633980735613346,0.0047417125230556885,1.3862654961517913,2.3028746195588145e-05,0.043472653683664285,31.266467442688306
2021-08-17,0.7510416997991406,0.001075306345852173,0,0.04948107406281328,0.0040327986410079,1.386286190838156,1.1440195336409724e-05,0.02774410424891476,14.446220040587335
2021-08-18,0.698424393834137,0.004644717099446288,0,0.5529792745232411,0.004050287252412033,1.3851743386045166,7.223424840302192e-06,0.05224203742311169,19.344557538008985
2021-08-20,0.806440253215273,0.011310710987921028,0,1.035226497339045,0.003910780717643555,1.382147712132019,4.541966042873213e-06,0.09336102444263943,3.369305640605446
2021-08-23,0.8904344235896807,0.008579846989832367,0,0.6191455166078171,0.0044948486656298334,1.384641244226659,7.147899776575242e-06,0.08952897961729209,10.364591949033723
2021-08-24,0.8900769990442235,0.003929551148692534,0,0.1424481295024359,0.005032628552043222,1.3862215752738654,1.0974360591104522e-05,0.09109162385414867,2.276301358750462
2021-08-25,0.8823561304397525,0.0017669252083419304,0,0.19307458703391492,0.005690742451986543,1.3861812834952425,1.0654218933230718e-05,0.11628914506897998,347.7210024424561
2021-08-26,0.9318205253699768,0.00040292533021210657,0,0.1897898649318626,0.005198354416933623,1.386192141972093,1.0655477339499427e-05,0.11048928375928294,6528.651519558774
2021-08-27,0.8739592150021875,0.0003395723475193586,0,0.14188922367183113,0.005085037163536278,1.3862218889964635,1.0085645416983588e-05,0.07360999738051942,5.054138803873206
2021-08-30,0.8575071890756484,0.004220327496397228,0,0.34789983004696023,0.005237275603183444,1.38587758124545,1.3408787833595304e-05,0.18471683338401454,1.4272355137899506
2021-08-31,0.8597986030031205,0.0009710698753801398,0,0.25234170888486074,0.0052998648817562995,1.386047813839821,2.134288148595774e-05,0.16774379803588402,2.416002568826021
2021-09-01,0.8558217342613348,0.00311211298790502,0,0.2578079790633698,0.006323938293064288,1.3860530030377456,1.825381199097399e-05,0.22898065883403376,32.461219458543255
2021-09-02,0.8468948692662488,0.001120835102251463,0,0.18721780501337265,0.007219965214986345,1.3861701247197753,2.612993241830897e-05,0.17573708786452338,5.099615038333307
2021-09-03,0.8465674599743612,0.0016406738515313435,0,0.07485372059955493,0.0065610394271171995,1.3862761839878848,2.776579550103744e-05,0.13396677995701264,16.494790160567323
2021-09-06,0.8462624885554243,0.004363115569037866,0,0.5717668010987903,0.006239249201081456,1.3853072318385176,2.786489814598975e-05,0.15687037035198262,27.818046701048132
2021-09-07,0.8329672329043897,0.0013657531049146526,0,0.1439577401331263,0.005894119989464589,1.3862217390518816,2.4270535775801156e-05,0.1985542543867751,162.5214363606311
2021-09-08,0.8328981765388106,0.0007859088274661975,0,0.2988494117767571,0.0058873817531464555,1.3859877542824242,2.4043602419196257e-05,0.20905221132068666,498.42126077539154
2021-09-09,0.8477886975984597,0.0023452373679345813,0,0.5790187167118994,0.005603049638489257,1.3853799668992273,2.4237414697243208e-05,0.23403926878318831,46.711970004230324
2021-09-13,0.8368759926320215,0.0003281750203241603,0,0.28319295259476535,0.004756183684740012,1.3860379983176747,2.235516363446932e-05,0.24447145067151257,19.039175574843394
2021-09-14,0.7845445002968467,0.0037410603833653135,0,0.7008242519272542,0.004823598064648322,1.3849114587851736,1.2567014050917675e-05,0.2231192927846745,2.251437124140034
2021-09-15,0.7901050891978045,0.0004400867278934363,0,0.6033323008872253,0.0038778071420929225,1.38520083508929,9.138336155582114e-06,0.1641702155653463,1.058505182432615
2021-09-16,0.7849096609492833,0.0011266835984540138,0,0.10849858709176917,0.002683825751497466,1.3862572148713135,1.1988934616818758e-05,0.14904340892655787,2.7177045501819626
2021-09-17,0.8210253480754585,0.004536075551906517,0,0.14832459662416952,0.0032119722791785666,1.386199794020496,7.044899887120014e-06,0.17700972299778467,17.667342860563984
2021-09-20,0.8810489930677919,0.0080676894949932,0,0.36767113095652026,0.0038998616536828883,1.3856681415729986,2.1703350515782745e-06,0.05712766922159133,1.9620742359492038
2021-09-21,0.8169090212939403,0.003076249650953366,0,0.1307192729103629,0.005697683943424634,1.3862207386861534,6.167264044399474e-06,0.06189383287595435,3.5248659581419597
2021-09-22,0.7592289078788884,0.0010756307667948752,0,0.08953066739944057,0.006798943486925578,1.3862717479315483,6.183377947279755e-06,0.10623423831083849,328.77181098380754
2021-09-23,0.7647613715092825,0.007053296437759004,0,0.3237469635964901,0.008476235261946434,1.3859168188424038,1.9727417679298946e-05,0.16413048448703313,1.8691456937621116
2021-09-24,0.7440566479696676,0.004171292106571545,0,0.3154684329372636,0.009833726303416166,1.3859598086694505,2.0264353991227886e-05,0.13732709204775614,157.45236584806094
2021-09-27,0.6912271667691521,0.004415215802293869,0,0.48018910808961357,0.009763038615929368,1.3854856547170589,2.0812609157974937e-05,0.12647225454525046,29740.491011935683
2021-09-28,0.7803650384871612,0.0028717796822680425,0,0.18357052733234916,0.009709660134028845,1.3861287013775117,1.6465124949990474e-05,0.11653098140065472,7.9223352711235995
2021-09-29,0.7898689716952523,0.00512055490845424,0,0.30923111153389743,0.009948469290371822,1.3859307437560435,8.331949990973432e-06,0.15061889022982855,64.89639516622739
2021-09-30,0.7886999758974723,0.0004289904793190342,0,0.09357696818506096,0.00932499496137641,1.386264829079443,4.928568175028157e-07,0.2129855981432544,2.550084810279009
2021-10-01,0.7880618123123634,0.004907541877547029,0,0.3481151201621994,0.0084505885573558,1.3859080622607303,2.350971080439735e-06,0.2190962463753549,3.834809563220683
2021-10-04,0.7881108851805102,0.0047514000032925965,0,0.06998284765842983,0.007753950840892411,1.3862767943767524,1.2285601076625849e-05,0.19745818235407697,2.126188630591551
2021-10-05,0.777234463686766,0.0016915529881823556,0,0.47732823688239157,0.006791650601699867,1.3854981043060262,1.0453448314946874e-05,0.20030680854630523,3.5325097721545804
2021-10-06,0.8004324665876732,0.0021970324718506356,0,0.37713190086076365,0.006883151924528866,1.3857149474025972,4.496571410723253e-06,0.12388924620220289,2.9021196384782835
2021-10-07,0.8168165105912171,0.009281893416514725,0,1.0371334703910848,0.0073454180471265,1.3827185741079537,1.2143287984656886e-06,0.0725099099927199,4.902329482193975
2021-10-08,0.8138786673543059,0.00540963065740536,0,0.5117641565821152,0.007421121363593067,1.3854586377450948,1.6192711149449107e-06,0.07934338786512192,9.727980360890651
2021-10-11,0.7843422682927629,0.0015462145952670388,0,0.12377572876291427,0.007082832355309011,1.3862348053602673,3.521879752176019e-06,0.0776408775120154,32.69694168318163
2021-10-12,0.7618961572657714,0.001681370518866857,0,0.07801085303608653,0.006682070868033612,1.386273984415699,8.943378870348532e-06,0.09252654244204973,32.701783827835534
2021-10-13,0.746000078325841,0.005868732883836124,0,0.2819402018428672,0.007089163446545667,1.3860174508995275,1.7308364220618273e-05,0.04072940271365262,2.3087630818794893
2021-10-14,0.725015049132244,0.006098596109672461,0,0.6274257682760953,0.0070802830689968115,1.385088491426515,2.658232012171173e-05,0.07308387292172883,2.4633658178693154
2021-10-18,0.6914196879282081,0.008770672215284278,0,1.008431413086165,0.005771976244221934,1.3829291867472067,3.0988476918533476e-05,0.04348195233650492,4.4738902760749495
2021-10-19,0.7119312986418859,0.006758432107205772,0,0.735513481798394,0.006774774767551789,1.3841555912502377,2.5311979363493263e-05,0.09054443914809454,25.555853611056857
2021-10-20,0.659343364893282,0.001147648800066137,0,0.1679830579187282,0.0054206504199473,1.3861820136851304,1.78164073407867e-05,0.07118822871589588,4.614295755547754
2021-10-21,0.7307500933672157,0.006335728183311484,0,0.3394623375236238,0.0037928535776581224,1.385730766171559,1.9004561893502968e-05,0.0711866082460749,10.719438188759423
2021-10-22,0.6266250729745153,0.00288939199657011,0,0.08079842276426286,0.003693215330371156,1.3862658095535685,1.1585849478069908e-05,0.07435397411349841,14.10797696959033
2021-10-25,0.6705793327369614,0.006306335388338616,0,0.3699659518352494,0.0038063053569093444,1.385661540692975,7.991096330662368e-06,0.05799139776547158,342.02609413452006
2021-10-26,0.6680347872357766,0.0016041728506431341,0,0.09340968381660486,0.004584870565389734,1.3862614043832395,1.1725013479181591e-05,0.03959585093539222,2.697937472673268
2021-10-27,0.6806100787454614,0.0015014241455249481,0,0.05858799203468048,0.005048753541978056,1.3862821170135724,8.171756901257498e-06,0.047091223135803655,10.858570900745097
2021-10-28,0.6615569422338419,0.001280204818708643,0,0.374768983209413,0.0068453389088238,1.3856532477302572,1.4837739051231275e-05,-0.38543682966432047,1.2187305500033516
2021-10-29,0.665588613979483,0.0013560671627109724,0,0.08569150977774108,0.007623320513337155,1.3862617026009483,3.0239946568217745e-05,-0.44974173194693134,5.183815538994189
2021-11-01,0.6407373517543953,0.00628971902966155,0,0.10089986418083713,0.00920750894976989,1.3862512806137894,2.8353828024220615e-05,-0.3619950700076397,3.691952253175731
2021-11-02,0.6219687653296695,0.0022980158942049814,0,0.12370501053144611,0.010499964269630645,1.3862400447429652,2.7524450087549797e-05,-0.32851784254117367,139.212484577602
2021-11-03,0.6033250522079818,0.0032926986362238177,0,0.15738707879245184,0.0102371600695675,1.3861930148992274,2.240743591452143e-05,-0.3291603766524547,64.34935100311844
2021-11-04,0.6112058877422661,0.005919423535101887,0,1.3579442602907565,0.011000829961062511,1.3813840601568024,1.3714350975658861e-05,-0.3529112809212395,14.969672487290882
2021-11-08,0.6413032325582064,0.006863693964699594,0,0.4344637442928181,0.010941996769597088,1.3854305522481145,2.543061647043598e-06,-0.38061898713102843,4.5210169327744465
2021-11-09,0.6944883881010078,0.0008740006450377715,0,0.13213677760206757,0.01121986429671592,1.3862374994691828,4.45447533873457e-06,-0.3694868948347665,62.5675916796792
2021-11-10,0.6909222628749389,0.003931448925323962,0,0.22936659829462477,0.010013877436170611,1.3861109428739606,1.3137501949717156e-05,-0.3245156452310703,49.054714066615006
2021-11-11,0.7201864894191906,0.002765069764893358,0,0.17249571676610304,0.008907007980408756,1.3861890053299897,1.815618228263368e-05,-0.2653622040804498,2.549481645795089
2021-11-12,0.6912062555282925,0.0058017747797158604,0,0.13416356514178865,0.01019319303242871,1.386223442382887,1.1536657712201514e-05,-0.2524037924151832,1.8579231000409948
2021-11-15,0.7222506343378946,0.0021079102695129243,0,0.14627184998925377,0.008796205125470321,1.386222718124661,1.8098050801155995e-05,-0.2328650810388653,1683.8433605018736
2021-11-16,0.718691134587531,0.0009714825595369498,0,0.2295241751441609,0.0076528553770509,1.386112051138378,2.508418916156e-06,-0.2212406211632227,7.13310038613254
2021-11-17,0.7261385070160958,0.0033306667438852636,0,0.2334818262098266,0.0075897021008155775,1.3861048926971427,3.6391585958761985e-07,-0.2214184598791126,9.404382798466491
2021-11-18,0.7011025356024192,0.00045262868396445224,0,0.09840345204016643,0.006884963780216389,1.3862539737708621,2.5569076674382493e-06,-0.17267292956989197,5.101453864783096
2021-11-22,0.7949443522813361,0.0017687456505393162,0,0.17383055382423382,0.007858194545756866,1.3861230923277965,2.5650607381679935e-05,-0.3361012132895859,1.3192995307534208
2021-11-23,0.7950554505404414,0.007769917050262085,0,0.36357727233276893,0.009523697130612888,1.3856515270686596,2.744547242781208e-05,-0.36023096250952413,21.91849638102775
2021-11-24,0.7928126269174528,0.0026645745625777746,0,0.10389347626022177,0.010620845523779732,1.3862492217635898,3.062332573364411e-05,-0.3279669072062907,20.7203841851054
2021-11-25,0.757954068411025,0.0001291902442528805,0,0.04349360017657523,0.011230954986500945,1.386287031467051,2.5003948562443495e-05,-0.3356697140304702,11.36610584277399
2021-11-26,0.769139287194473,0.01132628595548225,1,0.39372708738718415,0.012974994168062422,1.3855938898538762,6.082847027102194e-05,-0.8504736082600263,1.5633798614465926
2021-11-29,0.793786066032376,0.0017223962476840052,0,0.21774815408271875,0.015057983762674634,1.386040890091222,6.694262860041961e-05,-0.8786546913536109,372.9670385229761
2021-11-30,0.8190195661944227,0.00016412959723561865,0,0.24099631459248874,0.01497959182738832,1.3859774689067503,7.077128322398157e-05,-0.8721642825855931,55.77553022500907
2021-12-01,0.8198520020939402,0.007111189054988286,0,0.3261761027690631,0.016580831296678564,1.3859111149602792,5.8197717478784215e-05,-0.857747671540465,9.10706764154217
2021-12-02,0.8181393527629552,0.0009489829452335647,0,0.30922225961570504,0.016682944273233535,1.3859097425435776,3.822011813231577e-05,-0.7942724277308119,6.453577113263619
2021-12-03,0.8131897401245163,0.001335188408411233,0,0.21237570690626653,0.018142693250121213,1.3860958794169564,4.48731593315978e-05,-0.7168342822258351,3.2804907920122894
2021-12-06,0.8215710586202072,0.0007179941161357027,0,0.6966190681016384,0.01592738975979642,1.3842885467549486,3.94344689043013e-05,-0.6759763333622577,2.645821368920685
2021-12-07,0.8098218097229267,0.007765868447646719,0,0.05125030927168685,0.0183902826441528,1.3862829831895696,2.7284878163749033e-05,-0.6229691391165494,3.985794579241866
2021-12-08,0.7936748978169577,0.008033847294276367,0,0.6413353917978522,0.01721347055766038,1.3849193641606452,4.884146621344144e-06,-0.5556409722686555,3.9483013006553715
2021-12-09,0.7383690743658993,0.0031234040229088855,0,0.3707388770682616,0.014745366482396367,1.3857701115919596,1.7080990135920995e-06,-0.573543180769175,131.4251684152542
2021-12-10,0.7696064251185237,0.00233183566702881,0,0.16238555295509305,0.011622392359917546,1.386206782581318,3.234232076925623e-05,-0.5642740179286654,8094.176245754528
2021-12-13,0.7499079633629652,0.006137087267397472,0,0.7962796423435697,0.0118573616768427,1.3836802611437287,2.1984166115486707e-05,-0.49715428355487745,8.940649492806303
2021-12-14,0.7545998983452952,0.0049089405471624045,0,0.29794386110285026,0.010833782260713914,1.3859729866383264,2.3820127686620038e-05,-0.4600129432207534,58.775760173367374
2021-12-15,0.7449830054769354,7.215308994787567e-05,0,0.08704196371461492,0.010908180833023078,1.386268544776324,3.7291193791941058e-06,-0.4409869552171145,3.2526173026045027
2021-12-16,0.7394812657833417,0.008764457721367263,0,0.715815985284413,0.008922520312523533,1.3841881071559854,9.585695126015802e-06,-0.4987435299249234,45.63040563215212
2021-12-17,0.7184794429105226,0.0015988468991298627,0,0.5677008810910155,0.010268299280566157,1.3849115320971757,1.396125555557552e-05,-0.4364219338175602,1.4731813291607978
2021-12-20,0.7299556829827573,0.00952103262876948,0,0.18912325640752564,0.007436381863642956,1.3860981324638697,2.168545664204866e-05,-0.4575176617300567,1.5762557931969128
2021-12-21,0.6784067714748493,0.009521712543754668,0,0.24684979651713662,0.010777234232091266,1.3860205617627381,2.7152435812204006e-05,-0.511303222877508,9.658430127279706
2021-12-22,0.6641115243514641,0.005630889215170052,0,0.24429270628828395,0.009370333573381422,1.386083337995582,3.089425077760261e-05,-0.5105976547790558,7.798445115340446
2021-12-23,0.6736554540062265,0.0065458316306658635,0,0.6240234513628895,0.009487247667373588,1.385002128252933,2.7421055375161942e-05,-0.5299124242689359,20.659934256402277
2021-12-24,0.6666858608714952,0.004494202339305528,0,0.2952844857744778,0.009825100010961287,1.3859138403248095,3.1330560223538925e-05,-0.540449325660657,46.50499823000034
2021-12-27,0.6636649976426036,0.0038890492869114654,0,0.09547538511097732,0.010178152606279876,1.3862533341959073,1.757213726739301e-05,-0.5697144403687684,12.595481528623731
2021-12-28,0.6928082000405404,0.005332140249964329,0,0.5309103991748931,0.010204100049690822,1.3854612512354256,5.938609410978513e-06,-0.617573932662268,3.8207266269535154
2021-12-29,0.7472944578887929,0.000763373745235243,0,0.19199601035268782,0.010442872963153542,1.3861789930860196,5.000662152495178e-07,-0.6387734808371008,124.34338445597503
2021-12-30,0.8173267485624599,0.0007061091902277808,0,0.20206622244908842,0.008624701980497144,1.3861639864157316,2.8444728841998874e-06,-0.6183207119639426,364.9176807029673
2021-12-31,0.8517498049333492,0.002354288851871691,0,0.12921196959280887,0.008906949179855532,1.3862376899662214,2.132929965481071e-05,-0.6163717478921134,2.3043328310965117
2022-01-03,0.8409101591566933,0.001905496544371395,0,0.5968833967915709,0.006170939962580077,1.3849674708765198,3.619144414616597e-05,-0.6372145644488295,1.623709185571584
2022-01-04,0.8246722121300449,0.0031552417900406497,0,0.0459581088308301,0.0065969653246257,1.38628579629851,3.6960748699856946e-05,-0.632817500477469,4.098805718193707
2022-01-05,0.8231255481365818,0.00083365414783785,0,0.05737096801368727,0.006525507027531166,1.3862820542523937,3.3028435839514906e-05,-0.6337263344220952,10.303396120353758
2022-01-06,0.8232740743023812,0.008783106716367211,0,0.49551333043118334,0.0071750991511254,1.3853976534288326,2.9705352365326917e-05,-0.5711708897290625,5.594096546041218
2022-01-07,0.8242030611427121,0.0029090694618994187,0,0.16889692775517098,0.007723085596775956,1.3861833739642122,3.3307200313821416e-05,-0.5754746318638997,35.727238277979005
2022-01-10,0.8068692974425388,0.005631855142182912,0,0.33226885524653393,0.008074184103789643,1.3859278183943806,3.876259134733926e-05,-0.5716385781011402,3.322296382114927
2022-01-11,0.8235606703507391,0.0003083677378036888,0,0.06398733924362594,0.007854948350252333,1.386281808591161,3.425319380843796e-05,-0.5654364170285381,33.334337431845114
2022-01-12,0.8241473105223386,0.006329724366590715,0,0.6799180599567458,0.008426783552941046,1.384825726342818,4.0248169815565186e-05,-0.5645227548943078,4.177732200692511
2022-01-13,0.820679490433417,0.002448654193903588,0,0.4026115214193988,0.008081831550589912,1.385772463745994,4.1040123270968527e-05,-0.593038989382452,34.87258647138114
2022-01-14,0.7715732558729154,0.003995350331558699,0,0.20989415438920728,0.007610694743275833,1.3861344848752426,3.5829273442833574e-05,-0.6360845342602659,16050.971184785722
2022-01-17,0.7860640913525555,0.0011016081154728023,0,0.4049284325833168,0.007341702066596811,1.3858468859365622,2.2985161076684117e-05,-0.6762820649453881,11.886564912394116
2022-01-18,0.7239365066455744,0.0015881772790555364,0,0.4814786304270446,0.008470140967360278,1.3853921724149927,1.2205850776928695e-05,-0.6427008745106164,1.77578969583277
2022-01-19,0.6840060772361293,0.0008911388541638347,0,0.27509368893116815,0.006720033834039089,1.3859988722775287,5.651685394671271e-07,-0.5911221712332964,2.3756998025270737
2022-01-20,0.7043266612136069,0.0009704786918429488,0,0.07111783563761881,0.005238026183936144,1.3862720038150282,4.828692472335523e-07,-0.5203684965138976,3.0987612698176283
2022-01-21,0.7309661500546372,0.008102840399592044,0,0.2634831576595973,0.004723648659566389,1.3860022097748228,8.807863381779655e-06,-0.4966849258196505,6.120063994274402
2022-01-24,0.8335156104620088,0.0023868868478571803,0,0.11243317157705976,0.005977636171988744,1.3862179697091892,5.022122436584421e-05,-0.5966807537117517,1.5163930004547832
2022-01-25,0.9341437676975838,0.008641109000474939,0,0.17398836998014355,0.009164966311585289,1.3861197023814562,4.7575654564656754e-05,-0.66752146758811,18.57546097289027
2022-01-27,0.9846369174990275,0.012577308375954804,0,0.2956490602535067,0.010398455134414588,1.38585446799494,6.157140730211045e-05,-0.6341535250540001,10.942359225271053
2022-01-28,0.9596466289088578,0.005719993466080028,0,0.17599752356361836,0.0111401133091196,1.3861484070142143,6.286180661741626e-05,-0.6434000139876699,4085.6040746269227
2022-01-31,0.9198049232090569,0.011574792046884141,0,0.7189471862074217,0.0123977231350531,1.3843240075318541,5.9065668401825496e-05,-0.6514260117357641,5.593016316927066
2022-02-01,0.9647950448344093,0.0108749808186461,0,0.3926609550932133,0.01091607479629978,1.3854388467294112,5.1915664182645e-05,-0.631257958090958,2.857679539545827
2022-02-02,0.9670398651622,0.007332143517096849,0,0.6172892584517398,0.01103407459804909,1.3850342403284177,2.481440747721096e-05,-0.6232348721116494,4.563739437251187
2022-02-03,0.9663520100557681,0.0006892138312501604,0,0.2242011936409933,0.013640296582963278,1.3860908217030015,2.8930146869476822e-05,-0.5755977985067618,4.279303538690839
2022-02-04,0.9717348471786493,0.0017069511936000856,0,0.10100130865877924,0.014493554721316998,1.3862586618424517,1.813262725322927e-05,-0.5705140801856333,106.6544630244773
2022-02-07,0.9868431604821908,0.003431260826307981,0,0.10016514501186499,0.01403898518521878,1.3862428218957283,3.2725822580498605e-05,-0.5576594496163042,2.5708396863933793
2022-02-08,0.9916661331715478,0.0038413138125765927,0,0.35263257584706104,0.01249481839652591,1.3857125973286766,7.655598204428296e-06,-0.5638331706057547,63.80565162197331
2022-02-09,0.9891968198357791,0.005967627959966754,0,0.359173573541913,0.01149703834842631,1.3858636658545258,1.232530341477252e-05,-0.5748044667050208,4.684087471993942
2022-02-10,0.9024788636926874,0.005157306821001602,0,0.24516364139737185,0.010826678066639233,1.386046703767817,3.14965417780473e-05,-0.6256541705094545,7.832891254178925
2022-02-11,0.8945952669021707,0.008834257395670887,0,0.34538207439192714,0.011606669666419878,1.3858616796325376,1.9205730904544997e-05,-0.5979599488687445,3.908419816433198
2022-02-14,0.8761683639147897,0.017335226866916804,0,0.6491746976048148,0.013566892503050133,1.3844167025690706,4.380878678452352e-05,-0.7057935436338875,1.3914508343513137
2022-02-15,0.8868265939915088,0.005355832482996427,0,0.23781873134887557,0.02010258389008022,1.3859804969222536,2.2721933193959005e-05,-0.5025421603770499,2.5032360637935107
2022-02-16,0.742367254580832,0.00322201386981349,0,0.0997765079975277,0.02094972686026761,1.386253093057608,4.4624725464276304e-05,-0.47721116418479403,689.4190290589427
2022-02-17,0.7431511557728693,0.0042830848555190934,0,0.21502316126889076,0.01992661302495039,1.3861083147969444,2.4568034434147376e-05,-0.49526899535934404,1968.5773518226526
2022-02-18,0.743738679907404,0.003969173558972902,0,0.35579005038608524,0.01833672206752569,1.3858150607139834,2.3111305982586656e-05,-0.46624954095391435,695.2217814444953
2022-02-21,0.7405971675557856,0.004876964417650009,0,0.154310716247572,0.01632426836175952,1.3861854411548666,6.394467243559382e-07,-0.36919634037324534,55.86862438363009
2022-02-22,0.8422008843394585,0.021067018401764965,0,1.1583833209775476,0.015698656834866046,1.379561634560537,1.6178344964868198e-05,-0.33253738920913,1.5180927759642076
2022-02-23,0.8105397585522047,0.005967391854940866,0,0.5226112420383083,0.01589111408110369,1.3852272650205584,3.5547949940153764e-05,-0.3437777145578439,23.470944810640916
2022-02-24,0.8976336968124267,0.030607370061447058,1,0.567433994214334,0.018774549228715777,1.3842226914560385,0.0001660843686794833,-0.9434118171369141,1.0277045781991272
2022-02-25,0.894910989328111,0.016341680887024753,0,0.42191488263264487,0.02499973196610959,1.3854571616680482,9.691158526398683e-05,-0.8206794460496228,4.953819715437405
2022-02-28,0.9355158125778912,0.010670033713857734,0,0.32721224880899774,0.020104363801830755,1.3856806826405608,6.162870576461062e-06,-0.8891328658057913,47.73159465361388
2022-03-02,0.9364074593846083,0.012028825737197251,0,0.5295198178491161,0.018748888397861468,1.3850809601320893,8.146393028090187e-05,-0.9064609834761884,25.378548098213223
2022-03-03,0.9135404183211917,0.007035912358542208,0,0.3807257453903604,0.01919418756281361,1.385593945314614,9.023784496205066e-05,-0.8821437941761269,76.58161511950806
2022-03-04,0.8874367358790308,0.009659798370347042,0,0.1312802961323811,0.020116035132241868,1.3862088172785798,0.00011835902008182263,-0.8371264109056099,4.597754956719492
2022-03-07,0.9150456000800666,0.023505325974405737,0,0.8711066739124022,0.02077928791953281,1.3824849689431726,0.00016573956946943936,-0.7629818592310039,1.8345735028544001
2022-03-08,0.8524264998783686,0.007301336049274617,0,0.3760149079373435,0.024179726538317577,1.3855803969743492,0.00014530678740511626,-0.7777890363596108,11.955289334961845
2022-03-09,0.8527497133071384,0.004022871596520245,0,0.09404066755534969,0.024858127618480056,1.3862471677641865,9.847798063985126e-05,-0.766137340893231,3.2252859999023924
2022-03-10,0.9337937716783531,0.02487859642016422,0,1.0156394640882007,0.020202270495316522,1.3805138085379167,6.374492334096486e-05,-0.7782380081754053,6.727065849029886
2022-03-11,0.876678966431874,0.003991081598776798,0,0.14931473791221883,0.013436050900415145,1.3862011451093157,3.7615862390890936e-05,-0.809794587840324,286.25082140062943
2022-03-14,0.8762120844264072,0.00019540557404897822,0,0.41824028433075355,0.01292406255911218,1.3855806227469727,1.8809637256256467e-05,-0.8127624087117354,4.598275932459521
2022-03-15,0.8282422147957011,0.0017381060759222933,0,0.09165445906663637,0.013751411401142956,1.386252152724876,1.1876248252590135e-05,-0.8216875495544692,6.583510106394046
2022-03-16,0.8320618178470344,0.012740340345834246,0,0.891447040925493,0.016669070415942157,1.3832902053997993,3.4779921334002465e-05,-0.8759976170905136,2.7258393512727586
2022-03-17,0.8327727827148312,0.01331572818773706,0,0.7100375879674764,0.015720110679188694,1.3842984255613888,7.57730761124006e-05,-0.8496756145264748,3.1462500114846197
2022-03-21,0.8198151198659854,0.002452540132941095,0,0.4601403331750629,0.017906076966595123,1.385449539681924,8.123535338603653e-05,-0.7879807474885275,11.687675561339868
2022-03-22,0.8005203479878497,0.00016360659245562146,0,0.008868801213932133,0.016584680856746425,1.3862939910792311,0.00010294068538960126,-0.7891259592386303,8.01831573193721
2022-03-23,0.7709944400592819,0.005158384749424409,0,0.35162811505362673,0.017079430414992613,1.3857744265397969,9.206150872168748e-05,-0.7891209429454877,56.39937303061081
2022-03-24,0.7581477407471421,0.008776907859243694,0,0.696908277493228,0.016785086861862378,1.3842678822581056,6.150069163395904e-05,-0.7689011605036583,327.5539374225919
2022-03-25,0.7198479623094929,0.003839276847874822,0,0.29892398107423845,0.01564255040221251,1.3859278533402155,3.8130544620235685e-05,-0.732035643926043,16.015058822492907
2022-03-28,0.7236223083314571,0.0016804859489745368,0,0.29876040402150555,0.015179641283592822,1.3859044735358128,4.0271121391641335e-05,-0.7492781388710534,11.343678309745469
2022-03-29,0.7215844656030809,0.004356957253428565,0,0.4008144468750375,0.012420054320849345,1.385771047843619,2.9026658085095755e-05,-0.7687722772014022,2.417332498447438
2022-03-30,0.7294968690262054,0.00821133904295051,0,0.6640564369230906,0.009415367287602623,1.3846687858678415,4.75612177943681e-05,-0.7690556201108191,1.7106354195573574
2022-03-31,0.8257587815495846,0.0011965018421760537,0,0.07094568748530605,0.010690161563816632,1.3862782296119147,2.4490984107683874e-05,-0.7525340627849916,46.479517719998256
2022-04-01,0.8274676466490756,0.0015958910237238379,0,0.4369604424371296,0.009087878671198289,1.3855170972864128,1.6463211206456937e-05,-0.7510994624483179,2.124812572372254
2022-04-04,0.8238849179928983,0.00781583199436818,0,0.19761738114050506,0.007797405055259344,1.3861250559852878,4.468819301840196e-05,-0.7047047386060437,1.5986747302477735
2022-04-05,0.8587854302013308,0.0015054643209762206,0,0.2385596721472358,0.009045748973579345,1.38609572994338,3.1675213949369584e-05,-0.7232128726644023,25.593374277925548
2022-04-06,0.8059717259128599,0.006405044745953928,0,0.5309397275940668,0.009082313629485523,1.3853328210110356,2.9564640028468734e-05,-0.677470572653248,9.967991947628827
2022-04-07,0.797608547859054,0.004747960020859368,0,0.18158218392227546,0.008902436888193144,1.3861755172488304,2.3896557040135484e-05,-0.6190364086806027,8.729744722476674
2022-04-08,0.7859130973328933,0.003316552075865145,0,0.12283009630591972,0.009967678991772389,1.3862315207950309,3.565450697775934e-05,-0.6298454599539454,10.698543113905876
2022-04-11,0.6580408360977124,0.002446104695370501,0,0.046064373383831035,0.01134323768651179,1.3862875900321647,2.6824904369762417e-05,-0.5849850022594099,7.706384740641237
2022-04-12,0.6869560105971062,0.005110625044662084,0,0.18618595770716162,0.011131491611930557,1.3861714504530296,1.2682668329740255e-05,-0.5450891033098897,4.924256220836574
2022-04-13,0.6855891519928542,0.0039623855324278714,0,0.22066326321770802,0.01038103036144021,1.3861035209651433,1.3423756810783489e-06,-0.5337559468991038,27.91474945485965
2022-04-18,0.7129376259594679,0.016861839943643934,0,0.9280246695566305,0.010457079532847588,1.3826397036247637,1.9754199280517338e-05,-0.4713728260416711,1.5995255301702667
2022-04-19,0.7735553616104239,0.004954549094894544,0,0.21557319835981256,0.009912951298752424,1.386036871255188,4.594691205325069e-05,-0.4660254989033582,3.6414336798693543
2022-04-20,0.7621820089601072,0.005093521367146428,0,0.07170960615491533,0.009497586385639311,1.3862740448560924,4.498832949319601e-05,-0.5227757907695074,5.957439213234352
2022-04-21,0.7710428529580503,0.005705313495353074,0,0.290935576582203,0.009647936133369233,1.385992300203055,3.421433557786707e-05,-0.5762105002251118,3.642484868904604
2022-04-22,0.7634977359153791,0.008653040668820382,0,0.49575166041360014,0.01259108410618,1.385344547873631,4.008652298425568e-05,-0.560664922440341,5.855245462872855
2022-04-25,0.7561217757647558,0.00953159186635462,0,0.4446078749028472,0.010629856636898576,1.3855298184874998,4.467010689694553e-05,-0.548377878065373,4.98558252700561
2022-04-26,0.7293573293499256,0.009822549095830803,0,0.5940301687708721,0.012061610844975944,1.384946367498686,4.056798028305999e-05,-0.5466839028747561,4.135245794443222
2022-04-27,0.7242668179260523,0.007437194380332218,0,0.3119296841164222,0.014494327729562766,1.3859360017010478,4.507809341532746e-05,-0.5475798927963197,9.39164128721635
2022-04-28,0.7380718765933518,0.008829089088293773,0,0.2608504043455425,0.016321740362816122,1.38598998159036,2.1493737504805106e-05,-0.572441839686398,5.301673987968277
2022-04-29,0.7512187648854741,0.0048706341590559026,0,0.3012312760746976,0.01699320908954748,1.385871707322591,2.8632669619059372e-05,-0.5202001753174266,9.823766071163739
2022-05-02,0.7821224792799781,0.01046834507619663,0,1.1072860469200032,0.017160508102602664,1.3816026484196642,7.415045605305965e-06,-0.4924852365007811,134.86701263356557
2022-05-04,0.7796390804702487,0.0016098020276241127,0,0.39130683445007114,0.01696180477099929,1.3854693971262781,2.2849601639212036e-05,-0.42598077435793236,1.5720885846829236
2022-05-05,0.8143366733085294,0.010566037918119732,0,0.4409007490823036,0.01908520091996428,1.3853577231774228,3.4996142395631814e-05,-0.4702831961934122,8250.64961658194
2022-05-06,0.8486833701234592,0.016140176704358702,0,1.065677500907336,0.01787478357939261,1.3816515570292047,7.016019224804992e-05,-0.4288538084144873,3.271727135571804
2022-05-09,0.848255886797527,0.011247404623541894,0,0.43168090843409085,0.01895310836126938,1.385401459649938,6.157597273911431e-05,-0.4552751342377023,19.136398282665937
2022-05-10,0.8357899255095558,0.0032533361260227546,0,0.2528182699926346,0.016248529812243954,1.3860246251026713,4.964595012464594e-05,-0.43128530780619656,60.07713285035621
2022-05-11,0.8178030660914445,0.0018455808426234357,0,0.15742028670560587,0.013666585634291344,1.3861695583126061,5.8827450560944034e-05,-0.3932836217845606,17.196451664700334
2022-05-12,0.8087446391522739,0.009071709807275702,0,0.11671857322266439,0.0132686068317747,1.3862321840386809,8.087082542062046e-05,-0.3276898229661819,1.6906448119217607
2022-05-13,0.7166276017664972,0.010634047039922585,0,0.33779118220792265,0.013321103286977668,1.3856968343993394,7.711282651570572e-05,-0.36609793594017354,219.03815471968167
2022-05-16,0.6456666728858729,0.003980700305862211,0,0.17572812182976336,0.013221193304685602,1.3861585314274076,7.335547018231697e-05,-0.36671185453121735,38.45057779988294
2022-05-17,0.6283913184839679,0.004427658146112503,0,0.586381454154272,0.013324750106162124,1.3847452559269697,6.963741840969937e-05,-0.4301263315046232,1.802868147090335
2022-05-18,0.6365440555763284,0.0036129684552986545,0,0.125213121180675,0.013729706546782034,1.3862328450621488,3.402772227269412e-05,-0.43233578378881293,876.3585203252692
2022-05-19,0.6457833129242455,0.020082920406433204,0,0.9017967411283894,0.01473157519829492,1.3825435468195604,7.975843762669103e-05,-0.4101825631219809,1.9590988146206225
2022-05-20,0.6203445357029304,0.014717745391630453,0,0.5427012934629996,0.019804789344855175,1.3849889582312427,1.5675353749165826e-05,-0.32089222887567515,2.7431032985100483
2022-05-23,0.5707010248805994,0.0015234654829672529,0,0.16876170231574614,0.023000263558242192,1.3861726744284444,9.411212538012978e-06,-0.32406606533780113,221.2704821711461
2022-05-24,0.6211171975338419,0.0006688980374400386,0,0.038109475626680836,0.023185384233598328,1.3862888640899595,1.249754851809024e-05,-0.32805016484053945,51.3986459545121
2022-05-25,0.6168463616533495,0.004405694903737365,0,0.49648226358247866,0.021261182181446122,1.3853176051348783,1.549362584613985e-05,-0.3118752946977359,42.23579370985238
2022-05-26,0.61580161442992,0.0049298714129890845,0,0.24293603956072315,0.02063026600575571,1.385999776646322,3.649125398814614e-05,0.20302788673496147,12.06978560425237
2022-05-27,0.5915566860302002,0.007789498987231854,0,0.4921256534572748,0.02027506159560223,1.3853734783563714,5.777693522687777e-05,0.15653342179872368,2.2675752356800234
2022-05-30,0.6007958611696275,0.010672140498401216,0,0.46547666779499514,0.018644915497379688,1.3854583112543284,8.554921311594952e-05,0.15747084759890148,1.7848606632629558
2022-05-31,0.6196929257666338,0.004991078181671181,0,0.276378688108924,0.018221507571835133,1.3859992791887712,3.0635513318242236e-05,0.14384197577588234,28.820469747281592
2022-06-01,0.6453895264396718,0.0005937264028220515,0,0.1373972168520286,0.015462386619975867,1.3862181704134438,2.6805829749314096e-05,0.13514187102075711,42.45397176855952
2022-06-02,0.6266593603912521,0.0024905546007903063,0,0.2679837799363611,0.010430224126497911,1.3860190582253196,5.990519420950524e-05,0.08443609895398364,13.681465054165171
2022-06-03,0.6090202140530795,0.0080055408098292,0,0.6971973143515245,0.00791152588507859,1.384288708559831,1.6841473661437475e-05,0.13378541330360388,62.51115617239409
2022-06-06,0.6165895348505954,0.003237300879513499,0,0.1505833800643308,0.007841713951057112,1.386209677330404,1.8563367315294356e-05,0.17248064614700614,105.27296578291154
2022-06-07,0.6317981407733255,0.006050487110841006,0,0.16775852248799727,0.008703596975354978,1.3861955203343626,1.6143238183872095e-05,0.2219896591704603,1.718257086872809
2022-06-08,0.6317084522609513,0.003563232433151499,0,0.17294787538565753,0.007645145437005234,1.3861700182166299,1.7972294589395992e-05,0.2764533226600626,10.985324827317934
2022-06-09,0.6276433473951321,0.00566525785420874,0,0.7106549078607026,0.008628043843567667,1.384238442271922,1.6381129109951294e-05,0.2555964229195507,2.950579250179457
2022-06-10,0.6302432094071004,0.011852230735393066,0,0.719390185650256,0.010497578201358711,1.3842974349342216,9.078239076191932e-06,0.3099152603227352,1.5442194271632375
2022-06-13,0.6260435185428543,0.020216185622842393,0,0.7877153091970146,0.008995802710813678,1.3834848017188317,5.5895127452832724e-05,0.19627128301391122,1.616714522962101
2022-06-14,0.6300689560135535,0.006369159117530196,0,0.42400389808093253,0.011569023720294468,1.3855147642919357,5.4106009696766075e-05,0.22780323579993436,149.28476096130834
2022-06-15,0.7426356972678632,0.00018114985009688925,0,0.16039628848086285,0.010464520176950777,1.3862128299019787,5.302324164388455e-05,0.25723688594206173,165.42339467163467
2022-06-16,0.8420199015864124,0.008888386773427827,0,0.7476717902614148,0.0115568493265647,1.3831533275550005,8.375136046803295e-05,0.2222320995242594,3.2242464388552325
2022-06-17,0.7872791240134583,0.005742091381239098,0,0.17979962599301472,0.013249656792190378,1.3861539609376958,8.492211635128608e-05,0.27348459548631077,62.798377777464054
2022-06-20,0.7727593857194521,0.0026772903545948176,0,0.2583090082588276,0.013213664393235545,1.3860143595163044,8.349214758942608e-05,0.24086463694933222,36.76084629219229
2022-06-21,0.7709095161363185,0.006868783691935653,0,0.09883368211620733,0.01424822831389589,1.3862502234679606,6.636075507018041e-05,0.22202899339738913,2.4271915885686504
2022-06-22,0.7726474193743659,0.0059741114895962965,0,0.2004446628199183,0.016699801754804153,1.3861476827944035,8.312410822787145e-05,0.24026737341730983,4.962640685615798
2022-06-23,0.7725123663113819,0.00247854890372421,0,0.14397105126946058,0.016638658898445444,1.3862012627468983,8.173535133769124e-05,0.22547896240557921,7.894417776223915
2022-06-24,0.7685500248801611,0.006455448578836636,0,0.29546976337258385,0.015561845500835367,1.3859849622178477,4.511386595976461e-05,0.21764309234273438,8.895599998209583
2022-06-27,0.8080798970118073,0.014352623588554202,0,1.6413907198904059,0.012967687250398867,1.3767533665093141,4.382855945875245e-06,0.22028527471139764,11.24582140573919
2022-06-28,0.8087315879327917,0.004723072416592397,0,0.2612801420249467,0.013760464965634244,1.3860242338141182,8.950410186560462e-06,0.20755366698695576,344.43882311449573
2022-06-29,0.8190660454752878,0.009413131676513715,0,0.7160837990805636,0.012156318493479734,1.3841723955415346,8.144287371322802e-06,0.25424203970675086,24.133587793557776
2022-06-30,0.8274228880366546,0.0015582394568177604,0,0.1983289488700713,0.010496140714702711,1.3861452454664458,2.495172173794268e-05,0.248734911814875,117.44769354694901
2022-07-01,0.8264779293333538,0.0048627923153687575,0,0.2334870852569015,0.009664988390222187,1.3860289903539436,2.680074156227506e-05,0.2341861426876103,27.293178117331593
2022-07-04,0.8217574606068554,0.002641224509770998,0,0.18291835003445076,0.008790605929180646,1.3861647134997148,2.831845190655163e-05,0.18142474669820266,1.5882870542209586
2022-07-05,0.8026786612362865,0.0046496819424810005,0,0.1382931368280664,0.005864902541943444,1.3862101121102581,8.035922858181087e-06,0.15335260871545894,18.881418712363907
2022-07-06,0.7838662649606783,0.0004647996772097181,0,0.3392930914764884,0.004645045888648456,1.3858637951579742,2.0420177386304824e-05,0.15067935780972594,1.275050309100902
2022-07-07,0.7846414085321224,0.0077219380397422835,0,0.7642501087998124,0.004890844373152111,1.3842500341196815,2.008909281095364e-05,0.09670616601861126,3.016578442369703
2022-07-08,0.7816109497179967,0.008686569946355301,0,0.9147896757665134,0.005200517142605067,1.3832133705206344,1.7088377610231752e-05,0.04463450284037806,9.038715728921535
2022-07-11,0.7836961312568397,0.005219894488847145,0,0.543962241105757,0.005025772160776334,1.3852475485571345,1.197256113500441e-05,0.03257504814633281,2957.9429107236615
2022-07-12,0.7655311769276059,0.005553118520636875,0,0.2423574081997861,0.0055939954232818,1.3860950159163816,8.2412724106289e-06,0.03771808872302928,3.4660974355482344
2022-07-13,0.7559578961408764,0.0043434670137054475,0,0.6848141923070433,0.005817722583850968,1.3845611540102123,6.922018679386797e-06,0.023352501888997942,7.237984138571636
2022-07-14,0.6549685352918112,0.00326393303784363,0,0.12226582705742026,0.006192565381101567,1.3862322063216017,6.577355513320717e-06,0.06139371260199088,52.20068428967994
2022-07-15,0.49769988220333305,0.004516480644703887,0,0.30413770879409174,0.006370820868351133,1.3859569909858187,1.2612694623000241e-05,0.05887935381580108,3.7508479071163103
2022-07-18,0.530946179741377,0.00634774113664022,0,0.5788429926771308,0.006420994591023122,1.3852255747928588,2.1420897684646006e-05,-0.004140186306381713,1.8900439842060526
2022-07-19,0.5349037251377081,0.0056336909577489255,0,0.9367215440912603,0.0061519609061324,1.3831720551165683,2.509100092909795e-05,-0.05813753366025142,20.680670702990213
2022-07-20,0.575711836462806,0.013509527315426071,0,1.3882493913741183,0.006687961550831866,1.3794219511505372,2.4771702476048082e-05,-0.06480964764115016,3.2138051292216447
2022-07-21,0.6211254621317189,0.0001634874199008529,0,0.050391562524297356,0.006953449103469543,1.3862857953621919,2.1237271894072087e-05,-0.12084752790416839,15.785138452614564
2022-07-22,0.6579236363039916,0.003366753514604446,0,0.08435832083071199,0.0065149056246652775,1.386269921384678,2.24987866804749e-05,-0.1180272781561805,8.708649582834964
2022-07-25,0.6868384606258298,0.003408932514560881,0,0.14865202454346907,0.0068114647231302655,1.3862174731590886,1.979891740777028e-05,-0.128202054324415,8.386939772673903
2022-07-26,0.6303882089807603,0.0001142614428705181,0,0.46937970091763814,0.006759704901140289,1.3855536967997883,2.0097918120596027e-05,-0.10216500193962734,3.8042399909184708
2022-07-27,0.6294390379804657,0.0005157892418459011,0,0.2669997310680175,0.008365865634367444,1.3860237460829485,3.0448984346339262e-05,-0.1034549214875424,2.9798562866635843
2022-07-28,0.5840152802719338,0.007963068088882546,0,0.3521450911054801,0.008248324268076876,1.3858311318942098,4.863268378650131e-05,-0.113637488748644,1.8335197512598262
2022-07-29,0.5852086765348767,0.008815367832980573,0,0.5550641862352187,0.007854562848749844,1.3851342169907346,5.610995965558927e-05,-0.1688044928509089,3.7339417129075416
2022-08-01,0.5600672851853931,0.004938710045330565,0,0.1544317112914916,0.007020572231715401,1.386200063784865,5.12296602707576e-05,-0.23006757402200234,6.796253563830119
2022-08-02,0.5715805681553123,0.0017258426811603573,0,0.1813614545803656,0.00736052465735449,1.386171930304699,4.954995984968887e-05,-0.24860157978844802,6977.490348833711
2022-08-03,0.5596224421426976,0.00021909867217706646,0,0.23887743297674952,0.006946053447096833,1.3860740478155815,4.179063624471602e-05,-0.2799077772041116,97.78802804980349
2022-08-04,0.627396848900269,0.004301098772253189,0,0.269082600318835,0.00706322195075309,1.385928289984091,3.816862797019689e-05,-0.23723800311095822,2375.670360000324
2022-08-05,0.656306710604365,0.002393313156829067,0,0.14458376802673983,0.005850678251411312,1.3862257574719776,3.331682695857635e-05,-0.24938476138415244,148.71474863795282
2022-08-08,0.6359149726542589,0.00022989166456602195,0,0.08881048873559956,0.006165475759282912,1.386265767734392,4.0608217399511094e-05,-0.2622458353622954,1.1322471904365172
2022-08-10,0.6380589162646431,0.0023367693079447507,0,0.39529082971958474,0.004869164228960356,1.3857605644660869,3.880415282683404e-05,-0.3997477813689249,200.18792221752588
2022-08-11,0.6589322866144851,0.010038010920836607,0,1.3784429241712797,0.004747063743328488,1.38009240778958,3.666239170090691e-05,-0.4349661018516417,2.0956092845781917
2022-08-12,0.6971998990176891,3.6829868518701784e-05,0,0.1683586524936426,0.004871068081131578,1.386202424885687,2.1419339473385698e-05,-0.25375925594761145,22.27830124093242
2022-08-16,0.6960606641101118,0.0055809612417088185,0,0.7881987998055114,0.0051005700853253,1.38446448512051,1.4626250835783324e-05,-0.626507749926051,3.1182033910860114
2022-08-17,0.731986889880184,0.0024038287646142493,0,0.0450139880025238,0.004019859411465467,1.3862879054008914,1.1051103868090417e-05,-0.6763946599719425,3.400388196946317
2022-08-18,0.7457881014061454,0.0025444165220582108,0,0.1920926508626331,0.004444725747324633,1.38617769270302,1.1039687395911429e-05,-0.7140457095740435,323.59573867578723
2022-08-19,0.7360215917552472,0.0005595728254519697,0,0.2127824113881327,0.005440351431988389,1.386106402148183,1.1835830915892094e-05,-0.7017579512637669,1.8198748891326728
2022-08-22,0.6516971652236964,0.004263321989055005,0,0.4195280204306596,0.005757717350267623,1.3856661449489294,4.896050649145807e-06,-0.6350264558312642,1.948646738198387
2022-08-23,0.7221919363370809,0.007653241127652098,0,0.6338000976870327,0.007282860452669166,1.3845267513449866,8.206796822418539e-06,-0.6366639320002984,17.262760047473105
2022-08-24,0.7187461403174112,0.0029656094747948602,0,0.3596667042777248,0.006908741136511644,1.3858764376859494,3.4874997614703853e-06,-0.7324358259863761,156.5668408469076
2022-08-25,0.7228259863123496,0.0041974263998715,0,0.28228702049035553,0.0068806474953549,1.3859671079450355,5.50313594990551e-07,-0.7319849507359324,18.25677141514857
2022-08-26,0.7201798605718234,0.005512065148653521,0,0.31569210966841543,0.007094971654549611,1.3859214413388465,4.257116916413586e-06,-0.7679655770902495,65.79281444169938
2022-08-29,0.8990871436539132,0.02131166111725002,0,1.2279014903576702,0.008344511980196378,1.379259052113952,1.8756596886544214e-05,-0.690417776432495,1.2678692354091228
2022-08-30,0.9086215473331652,0.005877076928374512,0,0.6352878739153386,0.012685000145492356,1.3845804316437653,4.450765504107434e-06,-0.4354345930166757,1.3516258529933225
2022-09-01,0.997339242598921,0.015526007014128847,0,0.8706598190392517,0.01621298537325241,1.3826972457022992,2.7752158521269975e-05,-0.40026382896078005,6.806200991221567
2022-09-02,0.9995327949799427,0.0031643571599627414,0,0.16933362577862374,0.016246480400772867,1.3861892844833454,2.8776069844190893e-05,-0.43957026499998575,27444.44569994127
2022-09-05,1.0257403698915513,0.00039902071228682293,0,0.37747182594332174,0.01660955795311059,1.3858555453415229,6.360069607872191e-06,-0.4894830208534863,20.36244228422561
2022-09-06,1.0303022707711909,0.0016910167625605657,0,0.14599441585684308,0.015233234507881221,1.3862155934140346,1.034580190818361e-05,-0.45604971126363003,2548.8827900450515
2022-09-07,1.0001466340735332,0.007744130741869571,0,0.6865817490260565,0.014988904298398519,1.3845100410889208,2.9199596099787333e-06,-0.45854832929705047,65.68375383606305
2022-09-08,0.9786534482569396,0.006996979417253755,0,0.6528570396034915,0.015583901655139589,1.3848465788814548,1.2450327001795151e-05,-0.18831033398568178,1.5678123040647403
2022-09-09,0.9769097817388676,0.006976080132335169,0,0.8000133095005938,0.0157090753216419,1.3839926906130597,1.9677980106745283e-05,-0.2145037376248261,41.27210686584992
2022-09-12,1.0552890791241083,0.003219109226344564,0,0.12160746621723927,0.014334617822070492,1.3862519937739952,2.3949633216997012e-05,-0.2606399475833539,4.1397400352439755
2022-09-13,1.0456501454495746,0.006008756789270149,0,0.870389002189199,0.010123614018890031,1.3840767167300858,4.182565627618324e-05,-0.06834840104589715,3.4834059745852786
2022-09-14,1.1211759677379087,0.016679536985385872,0,0.9045959075024852,0.007165751135663799,1.3821715971921598,8.990938166831068e-06,-0.06994179028850499,14.987341087570668
2022-09-15,1.110221707305011,0.002363357087208117,0,0.24562959777819912,0.006198219290994867,1.3860578014852885,1.037590703924786e-05,-0.029325982569968056,3.1291303546076588
2022-09-16,1.0654982902793737,0.004518657397744951,0,0.33044172693888296,0.0067719310527475,1.3858326530443217,4.294902394461298e-07,-0.2307269903971333,1.39518985929972
2022-09-19,1.0313646940547219,0.00055890289865691,0,0.1541979849141093,0.008663009001635911,1.3861954843412823,2.122021237098246e-06,-0.23536170313651714,19.543859580147924
2022-09-20,1.0318161169329634,0.008371865587208283,0,0.2949236881882843,0.00916939410351169,1.3859625781406488,8.416999167655532e-06,-0.23359622635665067,4.948691365818451
2022-09-21,1.033837700359709,0.002804765468822268,0,0.13733483875985986,0.009707865937778611,1.3862252098374488,5.042856956101564e-06,-0.16559787247221439,20.093132006808734
2022-09-22,1.008534229953946,0.006153734248885754,0,0.28679204353904414,0.008885443339713578,1.3859687753080185,8.599505703861023e-06,-0.09991108232783263,23.328234881952035
2022-09-23,0.9937567666175088,0.002041309402074022,0,0.22146008695120273,0.009827376794868333,1.386071958037961,2.962874481570369e-05,-0.17063473156549744,1.6758373119035355
2022-09-26,0.9935270165388217,0.009920656836642734,0,0.3204483071058351,0.009732086136393045,1.385879291001348,5.698839909702287e-05,-0.24892202731477267,2.446929440750392
2022-09-27,0.9950530549756962,0.005543956048152322,0,0.2302359978318642,0.010453065211222225,1.3860678280872425,6.091649786309333e-05,-0.2528189958276229,2496.344959636545
2022-09-28,0.897972285871601,0.008079021841344911,0,0.460143425286303,0.010997246599818955,1.3853577524853935,6.602299137984365e-05,-0.22907675830632349,9.455398885023296
2022-09-29,0.9136822209018065,0.007975890416672333,0,0.6180597778096242,0.010313907849906646,1.3846750985196055,6.186830674992124e-05,-0.1880799756797929,122.87769490742316
2022-09-30,0.8696894916828163,0.0011928094245856726,0,0.12732124861230923,0.009638595603992724,1.3862088370246162,2.806603496459271e-05,-0.19512402378559154,2.5499340497380256
2022-10-03,0.8630435558249265,0.000453263441657882,0,0.3894061615740817,0.012163815800376857,1.3856927774026107,4.749004370305786e-05,-0.13575684085623063,3.3494031207150017
2022-10-04,0.8241571486258483,0.015284631143178006,0,1.0087192115834271,0.014205978202427812,1.382344507385406,4.1162607113042554e-05,-0.0028857870245078136,1.9680943736142391
2022-10-06,0.809029161456479,0.0060570727818447904,0,0.581729970858885,0.016298414602429867,1.3851588573021678,2.9643584190917613e-05,0.007046418731666451,85.47876078127848
2022-10-07,0.8604032047986102,0.0025767114692772184,0,0.17886356007559653,0.015411604146677511,1.3861899694418263,2.4181228526095584e-05,0.010712095992992856,958.1688229882316
2022-10-10,0.8984891140087965,0.012805009819333595,0,0.8976321858948143,0.015685252463968666,1.3828136817661913,6.1553674651888625e-06,0.003911818297636523,38.07638646468321
2022-10-11,0.9003647786502943,0.0008725837058022688,0,0.5302795872786039,0.014928703761860266,1.3851175577692303,2.2853850333853466e-06,-0.02188936505119556,3.4008966201186874
2022-10-12,0.7742543088563908,0.002469928308733674,0,0.03978611802974959,0.016594574401532634,1.3862884906967972,8.275724054238095e-06,-0.06706200475348531,4.803925719265339
2022-10-13,0.8064865193945203,0.002119205365210278,0,0.1571752724087791,0.017509063612008675,1.3862088631081033,1.100732113424934e-05,-0.007978658931697804,8.639012237068242
2022-10-14,0.7766247434311174,0.017937651198210294,0,1.3746849279258564,0.0172561192222964,1.3784739423655563,2.6439512258818177e-05,-0.016037411905432782,4.514880875359788
2022-10-17,0.7760193448450122,0.0023826310043914053,0,0.2539675511765214,0.014393255363826497,1.386039523745643,1.4378494175871587e-05,-0.029995624337523872,9.141998622411114
2022-10-18,0.7974771946706796,0.007306346554886829,0,0.6436032855743974,0.010828519445869433,1.3849990845358189,3.6991285734682875e-05,-0.03006289118081485,3.588165306017068
2022-10-19,0.8047892875605923,0.004632781992498047,0,0.38934626846299364,0.009638372520799823,1.385768883268332,1.1203006002092433e-05,-0.012109795996697034,142.6812243798066
2022-10-20,0.802653572384582,0.005103746499704062,0,0.8635928381252973,0.009326027376548921,1.3837256358415866,1.0883575859911411e-05,0.004725497650298173,30.607799674944545
2022-10-21,0.7960588283527181,0.0033478717928771625,0,0.1965362992655772,0.009211821097958421,1.3861582725960262,1.2214539748953726e-05,-0.022960979719466628,336.01434744455776
2022-10-24,0.7961435640484885,0.009064735854141408,0,1.241916691558601,0.008907788907744789,1.3815358522889145,2.285712756962819e-05,-0.09005712129299628,2.471138292994966
2022-10-25,0.7945143227337942,0.004364264246589173,0,0.8034469234720045,0.007762966396554378,1.384064376912883,2.3099355186411977e-05,-0.03155072197714971,5.966668665538683
2022-10-27,0.7942095336469356,0.006494975588252097,0,0.6752427155111701,0.007112590352032245,1.384647145790412,2.0269242842478303e-05,-0.05395008953111648,5.985138004884957
2022-10-28,0.8933040128389564,0.0010960461064578133,0,0.20043156942561885,0.005482236949785534,1.3861697136977618,2.0516946907440866e-05,-0.042169658947969216,15.657703155577465
2022-10-31,0.8904784615689435,0.006913686249658342,0,0.7021396340631458,0.006268484733113445,1.3847832247812455,2.358180083642687e-05,-0.03658180013522664,1.7746999840411202
2022-11-01,0.8674418722559553,0.006557328257186265,0,0.6397933468842794,0.006542830827070267,1.3848991295215953,2.362610611977209e-05,-0.06873809154442534,4.774080622034012
2022-11-02,0.8403987249162835,0.0017894854252649896,0,0.34675211206685974,0.00678731308313001,1.3859121017057792,1.754100379757887e-05,-0.037274532092785834,21.2511375644859
2022-11-03,0.8426970181339212,0.006352098542030558,0,0.670957148490039,0.006818688732930922,1.384658006607738,1.65617408452487e-05,-0.030161104006227523,84.54988305457026
2022-11-04,0.86276788249805,3.883952477133856e-05,0,0.05412533949516858,0.007150656544669378,1.3862854093019,1.6904611961248256e-05,-0.04439558154750968,18.91768161382737
2022-11-07,0.8685976849032071,0.005207965128352723,0,0.35435411580656356,0.0063847288140779675,1.385794566916994,1.8922065756084713e-05,-0.03526997256799924,4.672524624290507
2022-11-09,0.8439690452000245,0.00468330580253803,0,0.5540668914050967,0.005749376992689033,1.3851704220452359,1.2737093014846305e-05,-0.01875659205576935,8.823405796834834
2022-11-10,0.7670549393577007,0.006223566549067634,0,0.41568647242725865,0.005287179796347376,1.3856931283969243,1.2127324044955912e-05,0.044319645087408266,1.8697120208469507
2022-11-11,0.7793620944370933,0.01345181161747641,0,1.442429670135806,0.007847977166325123,1.3794418555722219,2.59277123644313e-05,0.061346078102708215,1.29436756264467
2022-11-14,0.850826408753205,0.0014540709121617606,0,0.1771779540360576,0.0088491498308465,1.3862063364010035,2.3330831862923335e-05,0.10118173989765498,313.0081567420117
2022-11-15,0.844662892417252,0.0018314460907682666,0,0.16482501962862864,0.008842310787053843,1.3862015743768108,1.5105712601018705e-05,0.11221576050891328,23.68294531077926
2022-11-16,0.7833106919987844,0.0002798999829603576,0,0.20966720831325308,0.008051443129016065,1.3861659483832809,9.82871420278197e-06,0.11408352637885773,3303.07649262036
2022-11-17,0.7928559575087198,0.002771470845415163,0,0.23223036937095287,0.008288446338227413,1.38612898454524,9.758384993417722e-06,0.10743769551020962,26.790867556253968
2022-11-18,0.7952002025326432,0.002126446632612869,0,0.20458823779799926,0.007884807611561843,1.3861362450870407,9.570692446810436e-06,0.12896708676935892,8.798896255858411
2022-11-21,0.8234234014497201,0.0033512049151132608,0,0.10607748321280519,0.008436999264965366,1.3862597437313615,1.7431663907474983e-06,0.18273228554952417,1.505555511907053
2022-11-22,0.8329623385197708,0.001056777623460978,0,0.07092724335766876,0.009047365385611534,1.3862787163963117,1.6769359688438792e-06,0.16621162302987105,4.848342375905638
2022-11-23,0.8327402222575089,0.004429940656689706,0,0.9638282823288055,0.0089102815029129,1.383624905148206,4.432578846892233e-06,0.13749302377911266,66.07842515125378
2022-11-24,0.8148211768081268,0.003216412858510685,0,0.12967102584399068,0.007326209116402121,1.3862298935942183,1.8843758637828422e-05,0.1083325551334456,1.6645506239390384
2022-11-25,0.8015503530049847,0.0023964645507709584,0,0.4475017706057638,0.0063768469149342,1.3856919696281764,4.726434246169671e-06,0.104630485504554,96.00636084987995
2022-11-28,0.807157791503233,0.004450027618495501,0,0.1987603017515682,0.005930756280644145,1.3861296357543957,6.737172770815225e-06,-0.14025543725327752,23.63699075743856
2022-11-29,0.7853355681137391,0.0005550707920905627,0,0.13417717062024914,0.005550123978879344,1.3862371025670464,6.1093144017470925e-06,-0.17708075215055602,18.01158707143702
2022-11-30,0.7853446962002958,0.000410723281491346,0,0.06519477101320019,0.0056184843030185,1.386278992691568,1.0545891031075581e-05,-0.21367187318511321,3.7995892797056476
2022-12-01,0.7855450500786625,0.006037685482487448,0,0.8204477668615269,0.00595459611203841,1.3841038717770129,1.3331039805671236e-05,-0.19624833383152337,10.012042790441617
2022-12-02,0.7940028433605595,0.0031997774533088527,0,0.1182851424004944,0.0062842442481081005,1.3862483076817078,1.2233242821972248e-05,-0.16929786293433466,3.0973355811175862
2022-12-05,0.7619682947475992,0.001253548966866519,0,0.3237900849515688,0.005588950332882255,1.3859343672336855,1.3766724899822018e-05,-0.18162540864659352,1598.9814496380159
2022-12-06,0.7370279645448601,0.005383166446833132,0,0.9342738638361725,0.005591309325103055,1.3837509394779839,1.082170568184553e-05,-0.1285751779273942,11.591786229281047
2022-12-07,0.7171772223951741,0.00020923944681004795,0,0.0677299770337478,0.004564742484060877,1.386279688555774,8.641570807455484e-06,-0.0923741483607811,3.897571015801674
2022-12-08,0.7515959965918224,0.0005574593841538439,0,0.1135113698997468,0.004208951144448167,1.386258790957687,2.7883721754813305e-06,-0.07749253015798624,10.82700800353606
2022-12-09,0.7906551504807672,0.0028467038481279202,0,0.23006416877936353,0.005048647544574589,1.3860736171999433,4.0359053159401213e-07,-0.012525079994526032,1.9823130846303634
2022-12-12,0.7248448802032652,0.005119383449449568,0,0.3558862308982575,0.00569636878312116,1.3858244994758968,1.6007205431297928e-06,-0.033553851637717694,82398.4393253625
2022-12-13,0.7114353080104968,0.0014721157999130127,0,0.07102737939582086,0.005853307191759244,1.3862789350379292,2.6212385121589066e-07,-0.09693811356598472,2.7757451028375533
2022-12-14,0.7218844764982816,0.0033933118660564397,0,0.6210820111132058,0.0056914608685222886,1.3852559721796065,2.215684854530981e-06,0.03686148021860377,11.09710860879601
2022-12-15,0.6926071647523031,0.0024628186079341157,0,0.20621375161126068,0.0064643161998475885,1.386126999242059,1.201926126667704e-05,0.05302653904572775,1.4594061749641394
2022-12-16,0.7161927091049045,0.005215930660734066,0,0.35214584112636155,0.006332345203753999,1.3858096959737987,1.3384545762336983e-05,0.11730695058743248,4.458398844509233
2022-12-19,0.7052240945316889,0.0010449193900458266,0,0.126455645335916,0.007757136110441123,1.3862382730614118,1.0085725666088005e-05,0.05097680312725103,5.138923561328452
2022-12-20,0.6990451137610637,0.0043605511039829,0,0.2394775135696267,0.0087422968175657,1.386067326770616,9.246928816865502e-06,0.03709006224767497,87.23053878441516
2022-12-21,0.727143051765876,0.002707714775098644,0,0.31995855388068556,0.008877773677301089,1.3858532767465372,1.4099101534319636e-05,0.16050198474534547,3.994899767578394
2022-12-22,0.7694219133584524,0.004916772498417437,0,0.34225299223543837,0.008602595097499567,1.3858035436348048,1.8373732614751218e-05,0.3726123828098477,16.29649825476196
2022-12-23,0.7985619479701889,0.008292484508608203,0,0.17721222519451943,0.009467494218415418,1.386159878987994,3.222458208661039e-05,0.1873763093396508,1.6001291799203683
2022-12-26,0.8038458102489306,0.001324436939417191,0,0.08164129291607647,0.012078417731851778,1.38626484708483,2.5782563442071098e-05,0.12926951013522958,4.277566687351092
2022-12-27,0.791217278395695,0.004165768150830172,0,0.3050421400996512,0.0122919149655294,1.3859345198703732,2.5398424029277273e-05,0.07701895331222068,14.490402137956961
2022-12-28,0.7832502728411931,0.0026258796642529432,0,0.3236509970174792,0.01129282294788839,1.3859681529807812,2.824669214250237e-05,0.06378297944768778,1748.9020765117161
2022-12-29,0.7988310629011484,0.004246874234277422,0,0.25222919007385197,0.011185011842625457,1.3860348198924237,1.1161342213266705e-05,0.05627269702979209,35.821575348666876
2022-12-30,0.801576474622107,0.0037365982172682436,0,0.6349004925403504,0.010327748066409499,1.3848715147205028,8.023117484521465e-06,-0.2594158481275243,9.589743301274938
2023-01-02,0.8109637812534671,0.001456988281034062,0,0.06412464493054501,0.010286987866018955,1.3862813347968008,1.0477371457128589e-05,-0.26756040888832044,4.07443501821904
2023-01-03,0.8316743333481234,0.0018839053538108642,0,0.35083324327222287,0.009718120641158021,1.3859336988636723,7.219384225361912e-06,-0.28930009371210225,17.856298742981302
2023-01-04,0.8314755406484287,0.0001042360827159953,0,0.41769959042790905,0.010401623776170522,1.3856672896480857,7.485292791035244e-06,-0.29498838241794356,1.6041471813791328
2023-01-05,0.8167760286460495,0.003264640652027041,0,0.20412727960222318,0.009706404569262798,1.386122578467479,6.474951512792812e-06,-0.2061671304866311,21.261670743440767
2023-01-06,0.6981441480056533,0.0008833501559071592,0,0.049916910122085184,0.006944180568642567,1.3862841564744086,2.003512350108058e-06,-0.13994742212063255,3.677116377441169
2023-01-09,0.6875319911281371,0.0051994734863328946,0,0.15961414847315206,0.008695139153832278,1.3862019433725523,3.4256534083061427e-06,-0.15113051237615438,1.9721232573537464
2023-01-10,0.6955054422488273,0.0011098938264081308,0,0.2543626446268296,0.01055954551082141,1.3860293251980313,9.132642370978379e-06,-0.11161202255923867,4.269904910154817
2023-01-11,0.6577710344701314,0.0005636194435173565,0,0.1806847760143582,0.011119922237931519,1.3861813881490663,9.498156518692939e-06,-0.06732613266801811,331.92629513153764
2023-01-12,0.600950562291359,0.0014044007913467209,0,0.15295454639335268,0.010294616649015256,1.3862060932579077,1.3538438371146093e-05,-0.027158257505500657,79.30020257438692
2023-01-13,0.6010644237516723,0.0005206773646710631,0,0.1331175234569241,0.01004947884343189,1.3862234165154996,6.2629542978701905e-06,-0.05004746211167212,10.741368027889237
2023-01-16,0.6013999487442911,0.004254038813492355,0,0.43830194261197086,0.010692827598970034,1.3855671374264016,1.2294624381740326e-05,-0.005463802670787857,13.097299358194453
2023-01-17,0.6035803193380594,0.0015607488064743088,0,0.14024971012917903,0.010679470149645888,1.3862254086216335,7.905202125273734e-06,-0.03333248243471809,1.6115101023865195
2023-01-18,0.6374915397884303,0.0011625461673019765,0,0.06020861439912303,0.010123260616953223,1.3862823578786867,5.091324330664566e-06,-0.03541198238028924,4.243585176863069
2023-01-19,0.6809125796521553,0.0025106056642841728,0,0.16211953088858613,0.010653742320051654,1.3862182602734043,4.839132685946271e-06,-0.04053835663063744,16.725191284724428
2023-01-20,0.6786986402154128,0.0004278996222281072,0,0.12721017533368623,0.008478201485295201,1.3862442251283775,6.796865431345175e-06,0.017292170371576227,7.999735412430468
2023-01-23,0.6486841837953603,0.005024000934584876,0,0.5316434525157926,0.006882167871052767,1.3854009110234855,5.769808405582501e-07,0.005356101856919348,6.761675364709011
2023-01-24,0.6245401796957394,0.003602975456076024,0,0.42903223620299535,0.0064029063933874536,1.385690360666419,5.41778175921443e-06,-0.005082758519684064,487675.575565679
2023-01-25,0.617046756179058,0.0013780744900910977,0,0.24832881160693215,0.00767965184398079,1.3860547516509536,1.3537640283843097e-07,0.012937613623271381,1.3483239410678787
2023-01-27,0.6781825003193955,0.0008247331278704247,0,0.08868467317440362,0.0072397097286022345,1.3862558066037423,1.1818008640236968e-05,-0.09250363796735248,1.7732277815934765
2023-01-30,0.6938664964833778,0.0035508977202236658,0,0.1188950598026892,0.008328080109561622,1.386228744294132,1.3874258071034406e-05,-0.12129594367242115,70.65530453730469
2023-01-31,0.7149875274754361,0.004663607713275812,0,0.39215769015714447,0.00716387588427379,1.3856638914074035,1.0521268017933776e-05,-0.10459975019682963,764.8558852219354
2023-02-01,0.8714885754555176,0.008425954569178393,0,0.13059571393426456,0.0072437408546436,1.3861821129449503,1.766343827180176e-05,-0.059566420087626006,64.28924422424859
2023-02-02,0.8453525814080718,0.00564712976254135,0,0.2665696526011288,0.006455578851662467,1.3860070935920723,2.050922227670198e-05,-0.07527353689687367,2463.1923246444476
2023-02-03,0.8653035917631267,0.00630303996717081,0,0.17305930261270916,0.007878615380715123,1.386157752696692,1.198037854392218e-05,-0.07251829081442031,1.0732475432498463
2023-02-06,0.907595574913906,0.0019903236749867024,0,0.21782942882557857,0.008911400435896756,1.3861421186534242,1.2512895017761322e-05,-0.22423553645057986,8.778572059241869
2023-02-07,0.9099320876207689,0.0014344097929426978,0,0.11463347985840848,0.008639202893174157,1.386247944094598,1.817164708109053e-05,-0.21438573401029792,38.43816138324346
2023-02-08,0.9338301865633601,0.0016238694932049188,0,0.2408723488957461,0.008451541247267623,1.3861083376659402,1.2144968556593568e-05,-0.20764415012148124,4.089248636602943
2023-02-09,0.9337847051528984,0.0007719162706699428,0,0.2583090748701115,0.00885047311147919,1.386064770242826,6.6661937692173e-08,-0.21368226266602913,197.82658676984602
2023-02-10,0.9768546774854028,0.0025683927551714545,0,0.24489649669229122,0.007133615669970944,1.3861279573673697,8.080114451919773e-06,-0.2243625875915216,25.301719584117834
2023-02-13,0.9833200791781669,0.0001455727697713056,0,0.03662188423897761,0.007239799288738,1.3862897242451702,4.123315269928169e-06,-0.2055651097758629,4.589466764840345
2023-02-14,0.9876501831965706,0.0039004138745787685,0,0.06862957828259889,0.008391228291258922,1.3862783588481178,9.820142770696564e-06,-0.2637501998681219,2.2620919706671936
2023-02-15,0.9777276000417006,0.0018561710843030975,0,0.17203020955888088,0.008597370636068156,1.38618849796084,1.441894170477947e-05,-0.26411712683361666,5.72280434511072
2023-02-16,0.9747285492019547,0.004369936641183664,0,0.38036600980722457,0.007441785409193055,1.3858011153717011,1.5232336170399412e-05,-0.2630918760699475,106.23826411492968
2023-02-17,0.9657977020114817,0.003387885249034016,0,0.13620711641993657,0.006046291682244523,1.386230253744186,2.6967964128145084e-06,-0.2540542955312616,5.874351330397935
2023-02-20,0.9215737631263904,0.0011891792628011824,0,0.12779603386726343,0.005810495067669878,1.386235630603623,2.434964935087608e-06,-0.20526337790897878,5.176004692178316
2023-02-21,0.8972161477564993,0.0034238067821299564,0,0.4440407725784492,0.005109765047163855,1.3856532560729704,3.1685213160960887e-06,-0.18059534095952715,81.4761977919266
2023-02-22,0.8946534067367918,0.004010432639746125,0,0.33768666927744123,0.005906557074885557,1.3858660995559715,1.1874407555660107e-05,-0.18710892404572604,1.2495596965744997
2023-02-23,0.8976707901423463,0.0011585664229864484,0,0.09475234159975218,0.006979835185613356,1.3862623046238554,1.4126097607726767e-05,-0.1517512015295223,49.93659031396447
2023-02-24,0.9042393496253306,0.0045637502231346576,0,0.4967971392256505,0.006691520944027755,1.3853744747493772,1.4476912868727646e-05,-0.11594032522473517,41.736378476834126
2023-02-27,0.8735976427607909,0.0021322152295298585,0,0.24240921135460608,0.005345468013510045,1.386086563739195,1.4025194338033938e-05,-0.1268280822300944,15.262656370188173
2023-02-28,0.8471268573644752,0.0005434341373751203,0,0.12939881100024414,0.004990134538558456,1.3862322835463226,1.8707185383003323e-05,-0.08948556109334961,11.220482374754239
2023-03-01,0.8484618106595829,0.003239693090351836,0,0.19901304516771062,0.0060897772239254895,1.3861749210564644,1.908179321579743e-05,-0.12425485790703861,1.7907101786040542
2023-03-02,0.6044601496839681,0.0016861699946964927,0,0.15445202179549175,0.007164452470384376,1.3862184309453558,2.389585879241129e-05,-0.11114048829745354,3.2166503721235458
2023-03-03,0.5749531629894183,0.007439659883025773,0,0.12739211310163515,0.00967049194251101,1.3862318266085263,1.6822253396931553e-05,0.00884162334057674,1.6993366343668121
2023-03-06,0.4747070587078103,0.004876025723627648,0,0.2539901469451511,0.010160532259040934,1.3860777847961812,6.620183114378845e-06,-0.055317282426400785,10.005922559319107
2023-03-08,0.45243487613063416,0.002583542235010365,0,0.1252910870810432,0.009029051911391788,1.386238279584293,3.614576926608388e-06,-0.07031645895272776,71.58875001367116
2023-03-09,0.46246225783365863,0.0009936479155684698,0,0.7396241040971423,0.008896257484895222,1.3844549681635818,1.5889486066810662e-06,-0.0029774006446613302,5.006972338732877
2023-03-10,0.4628133181619536,0.008323466648670367,0,0.4800766128536928,0.008965980574394267,1.3854840506704214,4.809350580560007e-06,0.05217241755876036,4.731555905093763
2023-03-13,0.5982355917711325,0.0005167246545642045,0,0.07260262258498722,0.009329376437705601,1.38626730861565,1.7428422308942126e-05,0.028825144421205345,2.0665599901902887
2023-03-14,0.5428556781591102,0.00036427376395479734,0,0.0733879999359084,0.010168168249750054,1.386272187269849,1.9836041727950953e-05,0.025483238831170336,10.934113836534303
2023-03-15,0.6273869689557862,0.007199641590355269,0,0.47750062790938924,0.0089166141808191,1.3852834944050052,1.886989178336799e-05,0.07652653593174483,26.993998000863073
2023-03-16,0.6233234017085724,0.0013248232258210606,0,0.19476203320613347,0.007705438524921888,1.3861389565926252,2.464574535124161e-05,0.05827280862564977,615.3240098106811
2023-03-17,0.6680389703767418,0.007402426384676055,0,0.5017103090748377,0.005805172155993,1.3852439600154391,1.2114605856225057e-05,-0.007451845859093189,7.30055584493858
2023-03-20,0.6759015730378742,0.0019581189364976533,0,0.26992733388158163,0.0062822242808010555,1.3859766050838167,2.58097687084812e-05,0.004617190978751398,3.4555230970376374
2023-03-21,0.6779056533278988,0.004229230144160856,0,0.26912326139313103,0.0073183883648024785,1.3860614066399017,2.5739430527807132e-05,0.06562537642780475,3.174655151268666
2023-03-22,0.6823998347152906,0.0040804678087450075,0,0.4470510375811232,0.006501327818299922,1.3856596509240084,2.566575867246378e-05,0.04783897804647074,21.457371723924947
2023-03-23,0.6798222695038821,0.003182549410214439,0,0.24168317520830393,0.007190597895263967,1.3860777005962412,2.1178408109069135e-05,0.10681831543292415,8.474054053300778
2023-03-24,0.6809783426266501,4.106051181987538e-05,0,0.1269266148312037,0.007024226638095634,1.3862354089407918,1.8886414076643472e-05,0.14187179056400326,2.9581864547659698
2023-03-27,0.6783937872427473,0.0023136320442858982,0,0.20174641288600598,0.007210465439415999,1.386142430395202,5.500063251984964e-06,0.14912349252636084,24.48270086029029
2023-03-28,0.6696142410548775,0.002707481627147927,0,0.20757881966778752,0.00744284005719671,1.386143618684717,2.8277689710867837e-06,0.1324475593572956,23.850583645788852
2023-03-29,0.6597666486266917,0.0015091259606164892,0,0.10468642937586728,0.007954973464555468,1.3862541916208295,3.5976970386626923e-06,0.1320043088021106,2.5492019053849617
2023-03-31,0.6564670282447383,0.007561798944502515,0,0.4833146389587915,0.008255053476917813,1.3854999658731095,1.6323986703253733e-05,0.2313389026641172,1.48476851562664
2023-04-03,0.5994118686708558,0.003920886270287509,0,0.5435701631551086,0.008336734953398754,1.3852825391889327,1.2650765410665261e-05,0.19226958999375765,68.9088673204622
2023-04-05,0.5739160177420025,0.001392863818564849,0,0.2930717863074526,0.007598595507130111,1.3860103107919417,2.3121944122323863e-05,0.14105900811766478,4.974600509430392
2023-04-06,0.597170179286876,0.0013223471040942553,0,0.07142127215164512,0.00785507036604009,1.3862775210499705,1.9559850845165452e-05,0.09118019747240881,72.07695999886411
2023-04-10,0.6539945459732104,0.0020292876621076086,0,0.1811896129343112,0.0071891643836714,1.3861964794331263,1.878621335850884e-05,0.0660872516307395,179.07040760492654
2023-04-11,0.6607826370922663,0.004571342517469238,0,0.48922784856071894,0.007275476717460756,1.3855521125185568,2.4059267345052405e-05,0.010599476524937314,4.085376618026924
2023-04-12,0.7066423790789336,0.0020996657189325803,0,0.07405555922080541,0.0062022921406551775,1.3862777267482305,2.5378748555113108e-05,-0.026676988209506848,5.720974081660316
2023-04-13,0.7383356680551918,0.0002863364510126656,0,0.24425636913403148,0.006179630299093122,1.3861050765387013,2.5127739608527094e-05,-0.047776090371788434,84.98284598537735
2023-04-17,0.6996156053019845,0.0019612793824379583,0,0.14889798448838848,0.005969559005596456,1.3861937763726677,2.636576452270186e-05,0.018475623106786784,2.277281915573561
2023-04-18,0.6970991441452055,0.003368719863494524,0,0.41854007221317474,0.0054755294928943215,1.3856725682856896,2.1026938786922367e-05,0.013627321308955772,15.895660744903664
2023-04-19,0.7061994605508701,0.00038516608855400304,0,0.15988623478917896,0.003952472490196288,1.3862227216014014,6.800658570011231e-06,0.058792783668835516,15.513921446637456
2023-04-20,0.7352646807657505,0.00112598432338775,0,0.1644302677943471,0.0034832366994518114,1.3862134544952027,5.944380037109382e-06,0.08881883286869197,572.1467257722719
2023-04-21,0.672347011168225,0.0008677799325748181,0,0.19795262345050452,0.0027769685747221925,1.3861714658155286,1.4066747240805634e-06,0.06688856175342384,115374.70859089209
2023-04-24,0.6540949592154105,0.004726655558495332,0,0.40474521702249233,0.0034203700257514733,1.3857049427186139,3.4132805280777924e-06,0.005487494492737691,1.2763432551575682
2023-04-25,0.7017913883287764,0.0010224147115839588,0,0.17905563899967264,0.003547917344370484,1.386201987193833,3.4313784642027044e-06,0.024627645162162443,25.14171031976971
2023-04-26,0.7125167658370547,0.00010970219163663332,0,0.13918051249686703,0.00360889036462424,1.3862336117717242,2.0033838722230124e-06,0.007214786089782246,8.688578678559617
2023-04-27,0.7030622532931693,2.8068836630752137e-05,0,0.24485986984667837,0.003496728633003007,1.3861101443839825,2.2879839210448186e-06,-0.01836532949051839,2.6707900978534167
2023-04-28,0.7035452763049904,0.001971235251010583,0,0.049409465448287296,0.002936960475474296,1.3862851841391775,6.1825142169753334e-06,0.07967318222468732,2.2397968550043834
2023-05-02,0.7154495605545595,0.0033048447014188327,0,0.28142362781857927,0.002891691264371807,1.3860731264393351,9.293933982305291e-06,0.0669260716296915,6.281975124293013
2023-05-03,0.7670164848950438,0.001866975430560224,0,0.2535599504164832,0.0037206959211554514,1.3861205909410415,9.291571166557033e-06,0.09411464671674466,13.653945654228883
2023-05-04,0.7748086749796577,0.0004893227362447065,0,0.5262630875869436,0.004793090202358918,1.385347426718268,1.420566823063263e-05,0.040338966367988234,2.5917666683665597
2023-05-05,0.8274555090211957,0.007615554540467835,0,0.5493933600361479,0.006912088290605381,1.3851386041399862,1.470797258506983e-05,0.043501314379032145,2.7382677568574363
2023-05-08,0.8076965397005589,0.0028516283627540743,0,0.23417136835643895,0.008497580756218977,1.3861066129134088,2.27006906557281e-05,-0.002274378320853823,2.9032155439861587
2023-05-09,0.808237790737946,0.002133024899152922,0,0.1468946975716766,0.009095127693238633,1.386227195125934,1.8400392150415436e-05,-0.032448831794482096,43808.9942712199
2023-05-10,0.8135348117225769,0.0026053037341476786,0,0.43190123813203,0.009269067046085511,1.3856783084086142,1.912266932332796e-05,-0.06968817924108467,43.22018166390135
2023-05-11,0.8025145579784932,0.0023287599681492523,0,0.2126989448361241,0.00932347661998261,1.3861518198564762,1.7262944035282846e-05,-0.028235737674228684,234.95152923922763
2023-05-12,0.8005222006887894,0.0012715081387404,0,0.1705864802200242,0.009246248531538544,1.386194795405778,1.4069363177078324e-05,-0.02637403775529348,132.03002670304397
2023-05-15,0.7945747596406901,0.0013368219437529115,0,0.17221387532336715,0.009228000661291653,1.3861896769991904,1.1129665077451687e-05,-0.07241129388374014,1.436534579428063
2023-05-16,0.7978732087075516,0.0018191104253278397,0,0.5974801703819168,0.009555649252467257,1.3851274657177364,4.932203026424472e-06,-0.06979854457742045,1.8025305134116816
2023-05-17,0.7207768626701198,0.0007625243275949254,0,0.07036506786026235,0.00822879522811052,1.3862760455177074,3.390605289578302e-06,-0.0072018709683132455,2.830289921459302
2023-05-18,0.7666203570480068,0.005799422603607831,0,0.7543553499834746,0.006392640400145143,1.384199329914162,4.159967971758919e-06,0.044782076160058984,12.354347319281644
2023-05-19,0.7366037533605415,0.003095113040524031,0,0.35698274860628554,0.004820987169702265,1.3858241377430365,3.7893669689537927e-06,0.025212095605734803,7.094097853462426
2023-05-22,0.7125378660166264,0.00012640092587807875,0,0.18652212976388233,0.0038615189889487445,1.386180846206252,1.1574668809938816e-06,-0.040682024538160985,3.57070210535164
2023-05-23,0.7186321791503232,0.0026446890712167473,0,0.20457955500358774,0.004044176325203255,1.3861707925626516,1.909857561053986e-06,-0.08659644608510916,29.11258172931941
2023-05-24,0.7021355210393884,0.002903667568739276,0,0.3255030361143553,0.004219133910190822,1.385935608171377,7.045532296184628e-07,-0.07048030111321153,6.54824177611126
2023-05-25,0.6611169172584823,0.0009027666112038067,0,0.13732267096546127,0.004597989616140855,1.3862322722538116,5.775616276501245e-07,0.05118699640648636,18.91463178538426
2023-05-26,0.6469158738629018,0.002572902044865469,0,0.18275632407021616,0.0050557679462658114,1.3861816250098145,5.3411784672906125e-06,0.0012144114518182164,1.5957014094748614
2023-05-29,0.6457291666133648,0.00645506673151263,0,1.2146606663483872,0.004347134514465977,1.3821338708191606,5.822049409158834e-06,-0.05421198521063342,4.927025548612151
2023-05-30,0.7190130628204331,0.00043004625444799155,0,0.1749706615035947,0.004689617141906,1.3862100226819913,8.954605378905104e-06,-0.0947088642060197,39.557729512100245
2023-05-31,0.7228115626464587,0.0021301361132727574,0,0.1659432165764892,0.005173003034971823,1.3862103239747499,9.009420113238586e-06,-0.09456197246964215,5.5305972148795615
2023-06-01,0.6346130027369018,0.0024249751361830386,0,0.5656529270342971,0.0047213218679326,1.385330337004145,9.09401379041291e-06,-0.037801156749662106,25.336350328563054
2023-06-02,0.6296355417854954,0.00340723845315528,0,0.4442966340771695,0.005053320100900255,1.3856908835844657,8.284834160575531e-06,-0.07902349493461726,11.72198403873866
2023-06-05,0.5687563289968148,0.0041942764191039116,0,0.8285291688730421,0.004660916698593744,1.3844629057728954,6.648181133839505e-06,-0.2356304084140717,5.327684480701144
2023-06-06,0.6066539732724661,0.0003737726733776664,0,0.22931894634172806,0.004404372082170711,1.386142113467757,5.985462911402486e-06,-0.20151943040130038,673.9179248310293
2023-06-07,0.6103927278438953,0.0035744208166563875,0,0.24925240812520894,0.004535339963569934,1.3861110838424804,1.0395187189625387e-05,-0.21726995037033103,1.4947683378133112
2023-06-08,0.6064213551951005,5.611386652295709e-05,0,0.03775655245549509,0.004981691586556923,1.3862895208604975,8.378772494751599e-06,-0.19148216303665277,3.6186010592904116
2023-06-09,0.6104244307565789,0.0011450444302358379,0,0.3199180398866481,0.004622291777958089,1.385990275296397,1.4939537888332315e-06,-0.14585975466430365,6.549421664218184
2023-06-12,0.6632105579132394,0.0017035370033494938,0,0.1623252414578801,0.004890418787872101,1.386224119863247,6.146886438356621e-08,0.13813484399114134,21.33620496814498
2023-06-13,0.7252981590266961,0.0016276176059313292,0,0.41637984390733185,0.004540662381451667,1.3858457941768607,1.955055990474514e-06,0.09101891118279408,3.373536257793454
2023-06-14,0.7253598174353091,0.0015188817212345024,0,0.26199719754103795,0.004673087582861879,1.3861033197183192,4.699126715685707e-06,0.05488281245732884,18.944443891623397
2023-06-15,0.7037773091961503,0.0009884709217132706,0,0.20445373455633814,0.004752975733609534,1.3861674553724614,4.401438091945602e-06,0.07911263085382521,5.658452625079931
2023-06-16,0.5929937540013503,0.0018818425343988337,0,0.1276186100510763,0.005892832920372189,1.3862417296818739,7.085898552900826e-06,0.07924541874584774,2.1022074555823007
2023-06-19,0.5718732343079855,0.002509373123144096,0,0.37844956179309,0.006800040470128844,1.3858068521052136,4.137244774301726e-06,0.10342882858115804,8.762326200316275
2023-06-20,0.5843437314190298,0.00016527812769071305,0,0.158640484036051,0.006851752980500667,1.3862029607233077,5.62415395865212e-06,0.1244067492403836,9.067967084786986
2023-06-21,0.5911461518987255,0.0017363719859646595,0,0.25878944552818434,0.005672366406041901,1.3861073188504618,3.077565324385186e-06,0.1290298614860066,21.226274961907542
2023-06-22,0.5709805840765954,0.0001723660192533497,0,0.07095234597383866,0.006293464927810022,1.3862790307185173,3.2034841312077404e-06,0.12807907361231738,5.025094478562097
2023-06-23,0.5860006377245719,0.0015674735999324162,0,0.148104433142308,0.005762793704639577,1.386231998543491,2.5367422137447956e-06,0.1694869679382281,2.565625912858425
2023-06-26,0.6172425502018544,0.0009023068634162396,0,0.17301041041210746,0.006088476199495911,1.3862148228997142,2.2154713394294746e-06,0.1799252528059681,36.81051294299502
2023-06-27,0.5633595119283106,0.0030636746964905204,0,0.13771265218055492,0.006236290059526556,1.3862370649391584,2.5294148493674224e-06,0.11320895827880464,2.304133205687378
2023-06-28,0.5604667998626129,0.004811072239656016,0,0.17833009333291616,0.005760203034289333,1.3861861992306561,6.042064894439146e-06,0.115312868754325,2.488682259297162
2023-06-30,0.5998105630127116,0.005506079236984226,0,0.233847259331377,0.004894593292756956,1.3861003599680655,1.5511502089420497e-05,-0.13578681423324634,2.130266287744873
2023-07-03,0.5956033651150024,0.002989381464019989,0,0.12822279874554374,0.004153578669610578,1.3862475179488356,1.5172171062536155e-05,-0.16036257372542354,6.06580236266638
2023-07-04,0.6330101484801568,0.004340346184934257,0,0.4433514831105722,0.003763023340508711,1.385621545920995,1.7882541582629525e-05,-0.16892856921511212,25.57777843114158
2023-07-05,0.6428594690372205,0.0008737848699234011,0,0.24009630156034553,0.003964611355379122,1.3861348849651869,1.6617517475036166e-05,-0.1488303623298794,1068.596682944835
2023-07-06,0.635815579464796,0.0006601029271025881,0,0.3627312447872547,0.0037322973101191225,1.3858982162188818,1.8309418657412188e-05,-0.17959081631991589,8.337570467137185
2023-07-07,0.6909347064500169,0.00382836056436356,0,0.12008281367838856,0.005121754111942111,1.3862383150652446,1.8281432913700354e-05,-0.1739709874245704,2.182102041016693
2023-07-10,0.6925217935039301,0.0035396382077709917,0,0.3959066149516302,0.005426755534582322,1.3858104231382449,1.9956062381739273e-05,-0.14344966505833903,72.19380419032618
2023-07-11,0.6924761336468734,0.003671675669111277,0,0.24155464411662925,0.0051718076811248775,1.386116317383743,2.1346048557452034e-05,-0.17414683016738566,6.411218191468027
2023-07-12,0.6860633274858846,0.0029816932655958375,0,0.54457270423591,0.005803458049832978,1.3853408699303784,1.699121217770767e-05,-0.15428722265545494,15.715490560233905
2023-07-13,0.6880456734078524,0.005704740969253263,0,0.35965300196290967,0.005933859077080633,1.3858128798060427,1.2495100520631122e-05,-0.19039357609732172,44.74264265440314
2023-07-14,0.6773885284960828,0.004096893727974955,0,0.13587960756588052,0.006131599230370877,1.3862308315760132,9.388828476234473e-06,-0.2491492749907554,1.5088164160082371
2023-07-17,0.6759169612572719,0.002432592559471446,0,0.0331748087347743,0.005770734662117677,1.3862906543786557,9.786158726245439e-06,-0.2887328309895355,2.5845045498609927
2023-07-18,0.6808027018769887,0.003850779665322517,0,0.38295644675333884,0.00606227658698771,1.385811732414636,8.993060846252617e-06,-0.3089603946481574,35.37839294280411
2023-07-19,0.6666603902277857,0.002715361107863046,0,0.25618948296269706,0.005810384477786223,1.386084987174036,1.0887988497115626e-05,-0.30319375437260127,7.777481519222456
2023-07-20,0.6809320261271868,7.317168172517759e-05,0,0.03358819667646281,0.0046426387949272995,1.3862900796887834,1.2468928189902395e-05,-0.3319822391627584,3.555457671192719
2023-07-21,0.7340222671617022,0.008984624065756145,0,0.5268517981363405,0.005681857063491034,1.385216728787601,1.2530846690698342e-05,-0.4429461488926766,1.9456845307838555
2023-07-24,0.7377369354208974,0.00017467295599651712,0,0.045116730684276955,0.006242294703738033,1.3862882679139013,1.006113292022133e-05,-0.37273932800129544,16.77954505654644
2023-07-25,0.6993799385064774,0.002893278254121561,0,0.4567524240555404,0.0059047830039325785,1.3856322643401893,7.56997494640447e-06,-0.34834028940956846,1277.0802929913004
2023-07-26,0.6418727933953211,0.0026767189049034857,0,0.11357891273063246,0.0059243656104091885,1.3862565489518546,1.21907846524107e-05,-0.3497692514142977,9.422242714523627
2023-07-27,0.6854854809839286,0.0036639492316812017,0,0.35901345619694003,0.006450963600537957,1.3857739609182635,8.280225572009985e-06,-0.3483194220510501,5.916901985496294
2023-07-28,0.6987386039576998,7.649642024106943e-06,0,0.21498006947300222,0.007011795256747822,1.3861460940932542,2.56985093076052e-06,-0.3279294829943756,150.69221792988424
2023-07-31,0.6924119641821171,0.0010326934874129439,0,0.07867117384000467,0.007079263010820845,1.3862729088293178,1.2772016023786025e-06,-0.3090179581805854,3.0473043119464047
2023-08-01,0.6819613977807123,0.0015276127668215037,0,0.2593724483345419,0.0075427973291239,1.38610641218298,4.7158081772255965e-07,-0.33374057338130897,87.49491339850697
2023-08-02,0.681988352008866,0.003968142885111484,0,0.16192631887643907,0.008256613321671734,1.386189884129835,1.019653363229896e-05,-0.3995960812610311,1.6071682129695417
2023-08-03,0.6394485908737024,0.0032213568143540836,0,0.15430367389083977,0.006475879404520433,1.3861996492719668,1.8084135261782035e-05,-0.3513004721584441,3.5715619111755386
2023-08-04,0.6405912039496002,0.004178229128452763,0,0.32811450851601964,0.0071764057913862095,1.385976660985107,6.788029779358443e-06,-0.392376447507923,5.081132506632941
2023-08-07,0.6362859547734941,0.0030618451101640885,0,0.32391722202670004,0.00703725656804791,1.3859853799074435,2.288811990434735e-06,-0.416499537193772,13.821676399035972
2023-08-08,0.6507394603321903,0.0015244779813846977,0,0.2482440338388016,0.007139904677503865,1.386114680847062,3.3485799790326026e-06,-0.3675630846430555,128.1572864788277
2023-08-09,0.6407655369014194,0.00040619376699349265,0,0.21509672694387066,0.006422345757207721,1.3861264513438218,4.311055049102545e-06,-0.4297573479564265,13.372477871862333
2023-08-10,0.6670819640251284,0.0013762135876228233,0,0.15426459024988476,0.0066906533076017995,1.3862216602700361,3.3968431299929084e-06,-0.429676000495259,4.6932348300493905
2023-08-11,0.6396527120922352,0.0005703911410219065,0,0.5283318856235616,0.006151819023635866,1.3854637744642182,6.623119921362208e-06,-0.42174089748980814,2.4245778203389436
2023-08-14,0.6488373622833664,0.002285442446904288,0,0.19944997756910454,0.006120472171004111,1.3861409288486939,8.98803968268516e-06,-0.39104251999898965,651.4844208757149
2023-08-16,0.654982763779707,0.0033786002716285116,0,0.2553724760031546,0.005200958558059199,1.3860671728978875,7.684177314188114e-06,-0.37089593879462557,27.75585338454118
2023-08-17,0.6687300912995137,0.0007425935968485808,0,0.08013944309469716,0.005601679714001445,1.3862745865509483,4.0080838207713344e-06,-0.31811611804279594,3.201732578818345
2023-08-18,0.6685563728147352,0.00328445739698933,0,0.2606220136770323,0.004255118173930101,1.3860782295929246,1.5981712690894506e-06,-0.3216925073083629,8.841149192255847
2023-08-21,0.6721795114684717,0.0005436076936654101,0,0.08812599105031729,0.004733828242642489,1.3862706364875048,2.4637911996670227e-06,-0.33721281851724305,2.9935100059189237
2023-08-22,0.6763733901459665,0.0012110064154997777,0,0.15483923432162985,0.004590347926403955,1.3862349934280336,3.6401393647481492e-06,-0.3531310415259861,2574.7271517592326
2023-08-23,0.668353084320091,0.002201586376814361,0,0.26034232399855556,0.004346258966782111,1.3860888118694086,2.4032012274912287e-06,-0.341951100833114,9.862353632111052
2023-08-24,0.7196203713394645,0.00467688781607522,0,0.39659353964104527,0.004089081961241644,1.3856953891670447,4.407107451309392e-06,-0.29583573338159824,4.7577180667270165
2023-08-25,0.6985117925046762,0.004616831599789514,0,0.37207984808559885,0.004309036116221366,1.3858627631170948,5.300472298622858e-06,-0.29809773898688874,1.8515013249298697
2023-08-28,0.6298468696622768,0.0016880359361842578,0,0.1756176832038966,0.004545657674265245,1.3861996963492516,2.2057428797439453e-06,-0.34249371634152986,13.36574292892457
2023-08-29,0.6263386969685232,0.0035572543544181725,0,0.7917110659172681,0.004428898130879467,1.3845564534511783,1.6952043797558187e-06,-0.3374611248016673,17.223321126801252
2023-08-30,0.6437235459452869,0.004683245349355927,0,0.7537001491979589,0.0038669658703923884,1.384518596463172,2.1302182153981877e-06,-0.31151642179536304,907.5495346269382
2023-08-31,0.63244521305348,0.0014514147887942238,0,0.29642699492197194,0.004179382292900056,1.386003760991552,2.0066916258117966e-06,-0.2726593919579089,3.0022081063184345
2023-09-01,0.6186423286155347,0.00022588361592392386,0,0.49218599972342464,0.004965283511850233,1.3854859204503005,2.951488884638036e-06,-0.23423067526905098,1.3583587863974103
2023-09-04,0.6153777084627667,0.004607256103159454,0,0.6005751497595574,0.005011724868511277,1.385109359825488,3.2058437003422674e-06,-0.30390591474788675,6.002498742557153
2023-09-05,0.6587940406650752,0.001834047307126634,0,0.3526850644814781,0.005027268131786579,1.385977603868157,4.247812221228011e-06,-0.358523641669235,25.224333364224965
2023-09-06,0.6569907638116962,0.0003217290916189996,0,0.20661820124437627,0.004484258061879301,1.3861519806740539,3.952287415658516e-06,-0.35670650960487704,42.1739693299246
2023-09-07,0.6557670506262987,0.0006325164776987278,0,0.12259619397708695,0.004567388451454856,1.3862423932424286,8.10515577580185e-06,-0.35759473541810805,4.450922295952278
2023-09-08,0.6516835735280185,0.002417609371146542,0,0.12222960858766864,0.003773696863601789,1.3862462980007075,1.0694934010515768e-05,-0.37215156039637454,4.025422357800422
2023-09-11,0.6379241503791775,0.0035281260889155203,0,0.22745971680955118,0.004214761602878356,1.3861363495108419,1.477405542986705e-05,-0.40949264667536006,1.8383021130601827
2023-09-12,0.7130955483608744,0.005674944792623111,0,0.5432782027670767,0.005033920759502611,1.385159210330287,1.4359924200027346e-05,-0.3799815182991487,5590.692528213416
2023-09-13,0.7015165269282801,0.00018504097186218427,0,0.054357068378808805,0.004910740635801788,1.3862847779172558,1.542219592035217e-05,-0.4451004790740846,10.210707446864555
2023-09-14,0.689948662648548,0.002883194790761994,0,0.25198294608766286,0.0035720158901264673,1.386093411968214,1.3382869441465446e-05,-0.4319760533773214,43.46505025825394
2023-09-15,0.7051812397896885,0.002650285070511364,0,0.1375476101802837,0.0033718692979719223,1.3862417514623218,9.734512939092795e-06,-0.44636190530980463,5.889814668964894
2023-09-18,0.7385267025273807,0.001804309056759661,0,0.1859591266040595,0.003918192014086589,1.3862019691334069,1.0009986148970943e-05,-0.45442458355946413,5.32132199672763
2023-09-20,0.7731834976055103,0.007605889392592075,0,0.4762490039540795,0.004823053465128344,1.385462612338016,9.410384784319748e-06,-0.5541724435549353,1.3398632554393892
2023-09-21,0.7037384099585725,0.003062238019580834,0,0.13347574291222042,0.0047684440358552,1.3862402055550294,4.308179368610836e-06,-0.5082400664253138,3.5647098350732094
2023-09-22,0.7049203341878647,0.0001266233135195125,0,0.07064405955511056,0.005142799019752022,1.386278440747751,1.6857456023376924e-06,-0.4491201777840831,19.995484144178995
2023-09-25,0.661053078755632,0.00020071018915765806,0,0.21198319140017563,0.005065913997288261,1.3861516724363896,4.453593361358668e-06,-0.44007009185912427,933516.9463113291
2023-09-26,0.7672149762627312,0.00041923553254008696,0,0.12988829565278082,0.004121226024103177,1.3862531487113072,8.426340349575883e-06,-0.530977531295046,840.2941714544614
2023-09-27,0.7655490252902449,0.0014069827456065494,0,0.11353620995778652,0.004025389056007066,1.386248806606394,7.256015486106911e-06,-0.5425848113307489,12.086346983029435
2023-09-28,0.8245171251341378,0.002297547761102419,0,0.5784345334536897,0.005166925727046811,1.385014354302128,1.5093802739419663e-05,-0.49828923452034785,1.1975699947061182
2023-09-29,0.8107352518099642,0.002948413134576052,0,0.19322104271980642,0.006601389889829033,1.3861632988867323,1.3995982723515229e-05,-0.5137837722034458,4.023088307502482
2023-10-03,0.8095381073676744,0.0008099901947611245,0,0.06069557825548676,0.007056497111246733,1.3862827689656088,1.8535529285851185e-05,-0.4424905698213392,5.4151837824931
2023-10-04,0.8029035553318576,0.004230877963532297,0,0.31531400813855776,0.006187824573995111,1.385970902597267,1.960164422695923e-05,-0.43732557502398756,8.481887402291813
2023-10-05,0.7832370172621159,0.0044021895505596455,0,0.4890698312461173,0.0069456328269534,1.3855929641501326,9.831426694703242e-06,-0.448625773213205,6.842761988744301
2023-10-06,0.7530257927764792,0.0038527030356640376,0,0.42843817927292166,0.006452243570071533,1.3857709231988724,2.442276546229104e-06,-0.4461259389732133,4.967180325475852
2023-10-09,0.7657981616725642,0.005819980657350313,0,0.5907201630542475,0.007478328073603316,1.3851815847467042,4.763319607690311e-06,-0.42905883511405996,3.2285627101012464
2023-10-10,0.7671270403383451,0.0027253238219311373,0,0.27841778841736453,0.009228038946127868,1.3860580789499157,5.102609671594114e-07,-0.39658055532112024,2.663808317917739
2023-10-11,0.7747945478474663,0.003910625896921873,0,0.3575982345261442,0.009203031256371088,1.3859446403208424,5.075438285699369e-06,-0.4120829768239814,6.174708304432052
2023-10-12,0.8369582127674797,0.0005727201747391023,0,0.08138688688629223,0.008599463431115655,1.386277638978625,2.6747111485220075e-06,-0.3947184954581574,264.19283594593657
2023-10-13,0.8380392604439352,0.0070699580513787245,0,0.6851459890969818,0.0069998997969759995,1.3845521368412856,6.842923896817689e-06,-0.35684560191779596,37.57450256088718
2023-10-16,0.8682720924684216,0.0006989807886818041,0,0.1937776265220988,0.005859914577910077,1.386190721033899,2.7029670458173114e-06,-0.3207464496361045,132.12270415474669
2023-10-17,0.8892519529787034,0.005632326286006364,0,1.060011630841868,0.006323558937642944,1.3830131375485033,7.701508646680959e-06,-0.34003139373657787,3.7219761090118193
2023-10-18,0.8812502192042411,0.00045161638922719893,0,0.3918563388741631,0.006408478931474345,1.385794477718456,6.851804888910009e-06,-0.25551569806600544,1.449009041427946
2023-10-19,0.9097476528031457,0.006420841687276974,0,0.5593535552720268,0.006922066145362244,1.3851369630859969,2.245489457350619e-06,-0.26622067135242,14.003972473209805
2023-10-20,0.8705379821995527,0.004215245861109557,0,0.7137456382901168,0.005713470010112233,1.3848352299190159,3.069339654524106e-06,-0.22487560879841037,5.18063722855526
2023-10-23,0.8989829865455237,0.001077751821044896,0,0.30219692075991267,0.004934250688347932,1.3859296110107495,7.753185936379652e-06,-0.2998856686006621,1.4981254389720688
2023-10-25,0.9240798038375518,0.0002436835978055264,0,0.05665684817166862,0.005181427995077233,1.3862812314475277,1.684578418930706e-05,-0.3045898684944188,4.6817625033378105
2023-10-26,0.9177042705436678,0.004975207232958081,0,0.36670299803220235,0.005027025201651977,1.3858355595092768,2.8359955738197294e-05,-0.3744267940885013,2.4021271569894473
2023-10-27,0.8153124856028782,0.00378447495563033,0,0.2391473668902559,0.007546930771334833,1.3861173232137631,2.8450546775972403e-05,-0.3050979329720894,5.595507304713406
2023-10-30,0.8251147978119014,0.0003228496424794514,0,0.15384346323491657,0.00798316398140799,1.386201668758942,2.4782276754766423e-05,-0.33618786780905574,23.648390177578243
2023-10-31,0.8168177066968505,0.0047974860802664065,0,0.8416545453702522,0.008327741224457511,1.3838672357084931,2.642125228466664e-05,-0.33472177615090387,38.731787637580716
2023-11-01,0.8355952132281229,0.0008152774486453806,0,0.06781019738157179,0.007260912728281477,1.3862805655825556,3.1464182446281934e-05,-0.34171660617145083,15.590092867408693
2023-11-02,0.8410789324897564,0.006867123630090479,0,0.6955393837572287,0.008101059988369868,1.3846972887124378,2.2733180104228763e-05,-0.33482601568943876,3.754639839527909
2023-11-03,0.8400439385456004,0.00561575969164991,0,0.9613146457354337,0.008174030051789256,1.3836916071935568,1.7386066855568857e-05,-0.3344560779815702,5.429100488059422
2023-11-06,0.8393541263239559,0.005975165948533138,0,0.5781957106581941,0.007624048773201878,1.3852412500243512,6.208554585370386e-06,-0.326848979474746,2.3170715916903113
2023-11-07,0.8673656614243547,0.0003967053981115411,0,0.2748400506387775,0.00812488187445461,1.386075004634758,5.220197136296989e-06,-0.30241161551772117,2856.860971157718
2023-11-08,0.8890754775739527,0.0022081572023353864,0,0.4672825968750632,0.007737825424941501,1.385722780015167,1.2405906079742118e-05,-0.35523905936901656,48.61104465988089
2023-11-09,0.9137636860456291,0.0007146565286167593,0,0.2686305789985905,0.005560194205901922,1.3861049170473794,1.5089641900734776e-05,-0.3768533392832201,20.044080548156543
2023-11-10,0.8983395982022772,0.002242807001335362,0,0.2899200381344127,0.0054390291254617544,1.3860346521467453,9.296473312325735e-06,-0.3868319225418709,41.77626286405608
2023-11-13,0.8092449526372916,0.003155853433799642,0,0.6412267172312498,0.004605596231683889,1.3851362118207728,7.249069733792594e-06,-0.3819356898591364,14.925028759850239
2023-11-15,0.8300404084811607,0.010633166764711922,0,1.104258747536174,0.0056473182218872,1.3820194077741945,1.628809950769154e-05,-0.3476401887980699,1.0926461091037492
2023-11-16,0.7672652688442155,3.8119297124501224e-05,0,0.1429909289533353,0.0050910146657035344,1.386212196638911,1.8147800251435475e-05,-0.40108284935811733,8.242000462694158
2023-11-17,0.7734481984698278,0.004586688325517055,0,0.5379505579406696,0.005508519620227433,1.3852947501570052,1.4375436266881601e-05,-0.35786708074957135,58.53458799549246
2023-11-20,0.8593332215119283,3.296208751476402e-05,0,0.11733719695256374,0.005055813544308811,1.3862575488427915,1.1559811130281261e-05,-0.33950134284395667,45.87807710033734
2023-11-21,0.8413782933311342,0.00389715859880963,0,0.4546472326595869,0.0047014500794244,1.3857254512739696,8.131450764875154e-06,-0.34869597919378476,9.180859102097081
2023-11-22,0.8514095329265177,3.03082522039522e-05,0,0.22918135560487643,0.0048056141368933,1.3861297078845163,8.73166722809979e-06,-0.38640254752002506,24.130450724338424
2023-11-23,0.8685737427105865,0.000837511867266943,0,0.15994811758809435,0.004534255355621799,1.386223855547122,7.862985772781705e-06,-0.42458313182133817,118.73980047947502
2023-11-24,0.9335258494511691,0.00038370626499219837,0,0.15611353765238561,0.004100746908778267,1.3862343978793126,8.390724197957446e-06,-0.4039888975471641,195.8995766950926
2023-11-28,0.932375536160643,0.002520283445987297,0,0.10685400060277694,0.0046057467550083,1.386259914518298,9.922202184921407e-06,-0.41754892754655265,2.001702293071513
2023-11-29,0.9302689739233895,0.0043571542296988435,0,0.37703537958780126,0.004010327100546867,1.3858611796347315,1.6020705230411597e-05,-0.39904139253543014,1.236903685414407
2023-11-30,0.9094521315935555,0.0005919841556497855,0,0.2125771796883497,0.004146606408309377,1.3861453624124787,8.761666907525292e-06,-0.4514399263572564,40.49311475041021
2023-12-01,0.8684092865181,0.003022733519261961,0,0.1309011037913916,0.003992295485035667,1.3862466193221006,1.0054491720720984e-05,-0.47758578654363365,3.9991678138252693
2023-12-04,1.0478470733719272,0.016347320599898296,1,1.0415140086470045,0.005499013248872745,1.3817765115565066,3.149270040698451e-05,0.004608852677560347,1.4248824487382463
2023-12-05,1.0540097258449423,0.005884945105731379,0,0.5297256038010496,0.006155464651845578,1.3853004090898318,3.606795514540081e-05,-0.018133985273384338,9.73384341306046
2023-12-06,1.0622250768674282,0.004575941329863993,0,0.6697147285831844,0.006272979163613856,1.3848568733960167,3.578908401814541e-05,-0.03329321681220043,35.04594571001896
2023-12-07,1.0848051884701617,0.0002531079793324482,0,0.1921876819762395,0.006691386050838855,1.38619358175453,3.543905573815862e-05,0.018763194190127133,179.3107591346545
2023-12-08,1.0725189125661159,0.0015751896098557593,0,0.15074638627208942,0.007233458396548044,1.3862214707710725,3.6393780963937754e-05,0.027769924456593546,48.31293792260572
2023-12-11,1.0851445099594983,0.00019552348167491406,0,0.1581624608526988,0.006876063429165044,1.3862241050719417,3.652545104029131e-05,0.05651898977598576,55.49317946499806
2023-12-12,1.067416999464553,0.0010211039714683062,0,0.15130442481709835,0.006885858462048356,1.3862190001453882,3.4869943750363456e-05,0.08029723780313261,2.6567691895320364
2023-12-13,1.078074607769438,0.001116240934284838,0,0.3278712938944727,0.006524877391010766,1.3859007448138396,2.7604470081867446e-05,0.10205779781118689,38.55560896353302
2023-12-14,1.1065949878963026,0.008756716793489197,0,0.7772991227845748,0.007232473007541489,1.3842606101813617,3.669812435451751e-05,0.10475605519261899,1.215991798567452
2023-12-15,1.0482098513232858,0.004932886569214977,0,0.10075901997416577,0.005775513628612245,1.3862560020439456,4.3463867102785536e-05,0.1283739054921298,2.027373409788471
2023-12-18,1.0429871627518217,0.0010188329220885196,0,0.19516865421948804,0.0060274711471210544,1.3861823022830024,2.0469431692151786e-05,0.12232987303515248,106.98662825228082
2023-12-19,1.0288446489728598,0.002750821685318783,0,0.2955431765290914,0.005941897334402611,1.3859891205700048,1.604398259922143e-05,0.15643322887344888,123.90064719643458
2023-12-20,1.1244713362918617,0.004205008054214859,0,0.3677533699950098,0.007067370734290889,1.3856198863475844,7.865138825717904e-06,0.023042581530642644,2.577557088874265
2023-12-21,1.175959693600518,0.0055092542859153425,0,0.39670859165080713,0.008640979889193745,1.3856268927145865,1.3121634007912475e-05,-0.03278441848313697,16.24270840150971
2023-12-22,1.1717652856174425,0.0019176487572850076,0,0.12541786628023852,0.008483029221692555,1.3862428951326213,1.409800494333666e-05,-0.06469729680095915,12.850543880502052
2023-12-26,1.1459110802738535,0.0007397390583043706,0,0.10704618726579795,0.007869967966808823,1.3862587985953763,1.6511437864268215e-05,-0.09958952797222342,14.478714285095258
2023-12-27,1.057214267848373,0.0026223625847843733,0,0.43981479697722997,0.007905878551487267,1.3857071287033356,2.7722847845703265e-05,-0.11758080549759345,3.7001708054551763
2023-12-28,1.0603264992425205,0.0027784360647390488,0,0.09470448458663683,0.007125221226810878,1.3862678642220254,3.1356473666922684e-05,-0.15439732747812615,5.931348297693993
2023-12-29,1.0966817925316743,0.0018865939201556617,0,0.16624892589209408,0.007926056140276232,1.3862186934677216,1.9168927121718027e-05,-0.09984556710502901,36.698087064538576
2024-01-01,1.0998443824798627,0.00016799180843494565,0,0.20749755983353776,0.006596585279325332,1.3861544225570361,8.679555460531415e-06,-0.12708673427363662,660.3422987701528
2024-01-02,1.0734951830683404,0.00043451427054396716,0,0.17396801012836235,0.006664325877927355,1.3861848430107127,7.66930245838354e-06,-0.12990028703068757,12.031163559189823
2024-01-03,0.9437631541780963,0.00021700937990320654,0,0.3382862526616626,0.005279877744070778,1.3859376447165253,2.1358769661839034e-06,-0.07066826509396221,2.0541282168934223
2024-01-04,0.9231158289714604,0.0041022650300840055,0,0.30396842465780105,0.0046408564692260335,1.3860130960137924,1.2372312139569911e-05,-0.07476645856208103,2.507227631370566
2024-01-05,0.9170003489211818,0.002174616228802599,0,0.21563884501945718,0.005042779163500012,1.386153478374487,1.0883783123242543e-05,-0.11139413705602949,18.706645994214554
2024-01-08,0.8917388363037945,0.0016935200830764724,0,0.5602246370310006,0.006312587131357211,1.3851530705379678,4.693348469726614e-06,-0.06678963176795222,2.291332535268855
2024-01-09,0.9194456328837313,0.006514300772143203,0,0.46361925729944287,0.006871024082811812,1.3854823320014964,2.9045404635984472e-06,-0.03731123698165213,83.0828511113968
2024-01-10,0.8690683202278588,0.0007219563779834793,0,0.08966874805281942,0.0066206331365069,1.3862662233949354,8.659463456916001e-07,-0.06974172830227951,12.492126180279222
2024-01-11,0.8689277600061305,0.0032004674405630056,0,0.30870273454225844,0.005978711142239467,1.3859920328617161,2.9175615186601933e-06,-0.0947039416822475,60.60944470521949
2024-01-12,0.8708130116553104,0.005819886535283139,0,0.1823833941650503,0.0067994954097716775,1.3861735366379784,4.53800248565801e-06,-0.12906449611677198,1.7700226735427207
2024-01-15,0.8735432663650539,0.007217683458531007,0,0.6602174662037249,0.006593714694409433,1.3847624165356804,1.0752095110920297e-05,-0.14207952270479424,2.70081560807221
2024-01-16,0.8821467160915827,0.0007673158162086638,0,0.18675905241555807,0.007572360745477755,1.3861834513568985,1.104288506241008e-05,-0.14361592710016005,27.110160887865234
2024-01-17,1.023285672969066,0.01763116831517475,0,0.8311750761656115,0.008099551457911811,1.3829296770953323,2.413294858561766e-06,-0.5206319452931553,1.503797838694682
2024-01-18,1.0466092225180708,0.007339606542905713,0,0.28357378699570024,0.009419750289478479,1.3859637286097992,8.541327541872541e-06,-0.5161476832539864,26.72978567181146
2024-01-19,0.9551904438386379,0.007101156834813465,0,0.9192305096184772,0.009527833912918178,1.3836964553360618,3.959872768016301e-06,-0.5450381518967737,11.235104108278502
2024-01-23,1.0273262180647733,0.0043516814048898955,0,0.5535556957241503,0.011161445067012435,1.3847594635739213,1.3984339870923118e-05,-0.6950300437603939,2.6723819871250947
2024-01-24,1.0460178162595288,0.0025245495753157816,0,0.3443275978151918,0.014054404846407477,1.3857966408194207,4.8488365468212114e-06,-0.7239368098044682,9.343141340786692
2024-01-25,1.0202167569388763,3.0315200248646228e-05,0,0.1341476214835592,0.015466608750455111,1.3862280854476663,1.4186573443423073e-05,-0.6626554636583915,23.44435701572991
2024-01-29,0.998904323778681,0.0037629439956894284,0,0.6095424481881462,0.016862269552846556,1.3849095287271935,5.401639731233742e-06,-0.5103044967701345,2.5647811793511845
2024-01-30,0.9732070745286061,0.0017535032693552668,0,0.4044682634037425,0.019717361741861686,1.3856523511110754,2.1811900614269066e-05,-0.5027247650527644,8.694159027200973
2024-01-31,0.8889830547406974,0.0016205600558202226,0,0.39715417502949774,0.0205175549434871,1.3856898233890307,2.1600115577306094e-05,-0.5693043937312647,7.120614464704249
2024-02-01,0.8613856125511817,0.0025261232712022836,0,0.15537228526152005,0.019690169010654256,1.386212480956969,1.9486318839714907e-05,-0.5209913795436545,313.8638970047963
2024-02-02,0.8657938550903662,0.005299955100896171,0,0.3527499511156798,0.018852810525315355,1.3857293241471698,1.4149607275703437e-05,-0.5272601812509266,10.87199521461992
2024-02-05,0.8356059109849527,0.003072542818801787,0,0.24334025526873931,0.018676319288663076,1.3860719289110226,1.5490778724278223e-05,-0.46594829007544136,18.022806697044057
2024-02-06,0.8118462504563224,0.0024543042634994966,0,0.07327282631896466,0.017081527275461576,1.3862749301222457,1.5237446571805871e-05,-0.5058382894947768,3.9961495064147288
2024-02-07,0.7618043580335431,0.005259902246890574,0,0.5426503766046701,0.014769088153446845,1.3852127271818715,2.719536357038869e-05,-0.4927608195324837,47513.546507072744
2024-02-08,0.777215217140205,0.0036026493095549805,0,0.5454632555836763,0.014210774613337664,1.3850651319956473,1.1007886247934465e-05,-0.47783751498600174,2.2420545144064348
2024-02-09,0.8047403956928644,0.0004166551713693378,0,0.1779372320440727,0.013110985542666322,1.3861860873461047,1.746227977837837e-05,-0.48706396670217705,19.291690584291352
2024-02-12,0.7868957220968216,0.0008398070819576757,0,0.20056393509287093,0.011200480427980365,1.3861447288831477,4.038239845610389e-06,-0.4442866617917978,3.6470417723762534
2024-02-13,0.7656670665624044,0.0022296500951130525,0,0.16094583485870298,0.010551510776486979,1.3861965051797736,6.769519294157311e-06,-0.4566399907967498,5.720626194453486
2024-02-14,0.7941096167243841,0.007622117807694464,0,0.5864926089523593,0.009519112277178854,1.384796205119469,3.19518403920727e-06,-0.4561303398081257,10.979894201980446
2024-02-15,0.8095612410848935,0.0030402385029560603,0,0.27327768089500953,0.008711212825871877,1.3860414232415461,5.971511688550793e-06,-0.48925151854074134,12.66134176350338
2024-02-16,0.7539972833278279,0.004987406692272063,0,0.6520418739967616,0.00779313926766199,1.385021353104852,5.086426662898642e-06,-0.5363830871763965,4.5302198339165916
2024-02-19,0.6604142569726177,0.002842960822007586,0,0.15508462036234671,0.006819685906003145,1.3862141100019438,9.257120750263486e-06,-0.5321277329821936,8.300034082073905
2024-02-20,0.6872743698289773,0.0010425159620473794,0,0.05117545185736678,0.006059137059484899,1.3862858241586729,6.671142013596823e-06,-0.544462605133306,7.933173017893039
2024-02-21,0.6872561190751371,0.002335447470110279,0,0.36680789939813785,0.0060585543912469,1.3857938378778605,3.403188207793403e-06,-0.511708738870502,2.71205120995659
2024-02-22,0.5996117914347938,0.001200817563935444,0,0.16991836130827753,0.006174382371391612,1.3861595803870792,1.1630892260042436e-05,-0.5507201219073663,2.878412057309953
2024-02-23,0.5980708267139514,0.0032601664118453695,0,0.6537681627468405,0.005831224095932712,1.3850445843180463,1.010272613965688e-05,-0.5198154669635443,2624.7041445042355
2024-02-26,0.6879350499545269,0.0019602592706006988,0,0.13332724161363593,0.004757608617913401,1.3862417192369842,1.042675573235258e-05,-0.46338774700243096,7.360437882669059
2024-02-27,0.7184945589193212,0.001440848091216071,0,0.4956465854020874,0.005436188154704589,1.3855884149505697,9.024325752054771e-06,-0.4733119924286076,10.424077030224888
2024-02-28,0.7138274498460888,0.0007092606211684682,0,0.42843966302240205,0.0069285496125144775,1.3855893529427799,3.01051632187454e-06,-0.4100096216903219,1.6574310180000469
2024-02-29,0.7146830265523543,0.0007269309349900272,0,0.16779956759397582,0.008034971477369389,1.3861946020731764,1.9265955103339117e-06,-0.637470345278197,75.19556151934881
2024-03-01,0.7105955224573862,0.0029751719121659543,0,0.865229293592106,0.009412917289491967,1.3837359834503267,1.0170820287158862e-05,-0.527459411435776,1.6048645118815463
2024-03-04,0.7387615746192091,0.0028943580263645565,0,0.42879097262451293,0.01082982717820669,1.3857958282119611,9.610107051060385e-06,-0.522611951506869,45.50182335968435
2024-03-05,0.7656285249880174,0.00153425783246279,0,0.21556436023898054,0.01031944917420858,1.3861472521824656,5.425443241074539e-06,-0.5194319961651991,82.28925897502377
2024-03-06,0.769731355721609,0.001289092903234772,0,0.04443673924628295,0.009620149006840367,1.386286609344777,1.3656153888021054e-05,-0.5277179210611319,10.924035846505543
2024-03-07,0.7991987074152267,0.0013895267024763799,0,0.25043686363400364,0.00926855952816939,1.3861201585124412,8.645263633244713e-06,-0.5246784330872032,399.00742490118853
2024-03-11,0.7419924952806307,0.001064148496617926,0,0.4706796592613694,0.009731972544245479,1.3855546504635856,4.033499386871635e-06,-0.5124994677189499,1.817447456769928
2024-03-12,0.7415409434468594,8.054376226355831e-05,0,0.2168746627622901,0.009707867718369477,1.3861290432757305,7.032183062940497e-06,-0.5069034068690715,4547.939897027362
2024-03-13,0.8699819687262217,0.004311131539753958,0,0.4112005863547454,0.009790472856830467,1.385441031230962,8.02750013689664e-06,-0.5029280407113433,1.3436480205310963
2024-03-14,0.874323465441896,0.0006888745788873431,0,0.04298684850980651,0.010830203295184778,1.3862870219502932,7.3827469819811374e-06,-0.5453519711345488,7.254184449084226
2024-03-15,0.7904317782531651,0.0037004342577358026,0,0.14675383074188109,0.010575732459583,1.3862190803883787,1.578823677466961e-06,-0.5208935380136595,11.574513829437869
2024-03-18,0.7904344482788245,0.0015109020954059606,0,0.11843379875342173,0.009906446088883166,1.3862440012007053,8.381354831547565e-06,-0.5200557640860631,144.53772211584067
2024-03-19,0.7908772713816793,0.004965676830309287,0,0.2121235406280704,0.010699554729005844,1.3861454473397983,1.866979130722834e-05,-0.49705619991025096,3.6396872060028342
2024-03-20,0.7886890896260166,0.0012116517399360979,0,0.18986908389375845,0.011188104789229722,1.3861598776679287,1.6650485656433402e-05,-0.47802836546997807,201.07333515388387
2024-03-21,0.786907383939022,0.006881351448673319,0,0.5552006686669527,0.011466529189418866,1.385263152250919,1.5510451523231495e-05,-0.4801069735229576,3.4500215299681187
2024-03-22,0.8036234473341347,0.003629611240100889,0,0.18793657073025008,0.011021225367715791,1.3861474958932316,1.3621143235888369e-05,-0.47839230338215244,13.394493120504979
2024-03-26,0.7820755594032301,0.006759058125590965,0,0.9108309043212282,0.011099469718726688,1.3835099192455476,1.10576131717037e-05,-0.43416487448493507,12.240287474093016
2024-03-27,0.8162750023783691,0.002235657345829016,0,0.20283770269748147,0.010452887820693844,1.3861682719886594,7.420675260078744e-06,-0.4336874979094358,4.280452304036817
2024-03-28,0.7964642434183989,0.0018040961940710607,0,0.18343091561125624,0.008425900193189846,1.386144016077389,9.687697823188425e-06,-0.46936191965826035,2.4758191856597347
2024-04-01,0.7819049937162638,0.005721059519791457,0,0.6370721702716726,0.007401554946543055,1.3850722281620165,9.13539611924353e-06,-0.49375190819024056,4.98163945753789
2024-04-02,0.8407397543665016,0.00014243818898007263,0,0.2189600544796219,0.0073314751420960785,1.3861584308647081,1.1659899907912895e-05,-0.5153379946287681,1110.7478215978942
2024-04-03,0.8393583517229519,0.0030153042538762684,0,0.23860672444899317,0.006010902958286944,1.3860984634850495,1.0381258551912364e-05,-0.5520912408363433,217.1276779629662
2024-04-04,0.9123841185934093,0.006993614262395383,0,0.42141747468460616,0.0051817618801764335,1.3854860780093476,1.3221476311802745e-05,-0.5450611585435335,10.539189604320809
2024-04-05,0.9324430499778258,0.0012555264030747362,0,0.15944416234739794,0.004816221809697497,1.386221865911702,1.3002820208809237e-05,-0.5294199609933883,27945.474166789023
2024-04-08,0.9346815388462261,0.0028674871337209832,0,0.05549733837803092,0.005122788673042285,1.38628504925533,1.214255527545968e-05,-0.6057527818377559,1.2961143112785392
2024-04-09,0.9333286261181548,0.004349369952224149,0,0.7554786923222174,0.00509781801767644,1.3844607855207522,1.0519696929775621e-05,-0.5880759989208106,55.59184561522996
2024-04-10,0.9087626602719288,0.0034168849239111405,0,0.38390469617163386,0.004694082742337474,1.385871547621833,1.2284194087709356e-05,-0.5935799459731506,3.4810321572004628
2024-04-12,0.9097702958425652,0.0033633476850737573,0,0.1416207646871002,0.005971150396878007,1.3862250141084014,9.888985114505446e-06,-0.5380109770239612,1.6589130750265655
2024-04-15,0.9225153186946992,0.008040874188967912,0,0.6614018074894236,0.005699718222986195,1.3847154594529139,1.5185364137819239e-06,-0.4911921880420994,2.4635511749883587
2024-04-16,0.8163312086053395,0.006630948178306388,0,0.7043383479437976,0.005587974333830383,1.3846296338524817,8.456806613742032e-06,-0.4370661647191526,9.063619077465894
2024-04-18,0.8459290872377238,0.0029057214103416777,0,0.08872509492858051,0.005680782511342563,1.3862593819533435,1.2824158928177931e-05,-0.4151598132793886,6.987997312509755
2024-04-19,0.9112857039745679,0.006126682566074396,0,0.35134400833272056,0.006719298140287817,1.3857223633714062,8.828779575491086e-06,-0.2600032028873314,7.560826158306031
2024-04-22,0.9384790127415067,0.008537989814638202,0,0.739585986565622,0.006504356139964697,1.3842172259458456,5.873606394074398e-06,-0.3212220245802607,4.411224838464646
2024-04-23,0.9337379591182459,0.004941585022868606,0,1.1344155284180986,0.006538172504652066,1.382637453526017,4.817690738836799e-06,-0.2996068254434366,100.24205048852195
2024-04-24,0.9855550112904615,0.002391218747790413,0,0.24858527145942788,0.005685747534889044,1.3861247927643392,8.21425633404201e-06,-0.16287122929131548,72.5068368783026
2024-04-25,1.008180535723537,0.003823856933681426,0,0.4649114017789417,0.005685766600217577,1.38541733962687,2.4112439047510653e-06,-0.17395539456853099,3.2187577418159616
2024-04-26,0.9954763052095845,0.0022150905534889243,0,0.5611386192531047,0.005564365215086522,1.3852017965537338,1.1127946816643097e-05,-0.17065535843541307,3.967703087243615
2024-04-29,0.9908769172052313,0.002476933809723728,0,0.250036747197942,0.007334786239571955,1.3860867883078474,4.174266566815736e-06,-0.3880111149880257,2.066035680703562
2024-04-30,0.951449588644438,0.0015996278760976258,0,0.13504650775840876,0.008024435131813779,1.3862284047125852,9.656176675609505e-06,-0.40228870674632156,70.29588378281322
2024-05-02,0.9446371145025062,0.0016381579544379628,0,0.2569476603722032,0.008284541422760033,1.38608681175893,1.345930962998451e-05,-0.4035270744367815,55.96214510870921
2024-05-03,1.0103397808145362,0.005203207352461915,0,0.27001729348198594,0.0078198361546013,1.3859380945836506,1.328684128135189e-05,-0.3741957164950973,3.564158316815758
2024-05-06,0.9299438566852247,0.003807946724573074,0,0.45578355389000247,0.008319347269057932,1.3855888340677949,7.973081620873473e-06,-0.33344382286317914,75.94586520283798
2024-05-07,0.9308816710569474,0.002094290396599608,0,0.24309220843403478,0.00806253235890398,1.3860671775016224,8.904755605283022e-07,-0.32279450090665246,2.7088473495479493
2024-05-08,0.8819973985617214,0.003202107322064269,0,0.22198272193158203,0.00874514859506241,1.3861225872561869,1.7119810573188226e-06,-0.295327977989681,103472986.0879
2024-05-09,0.8143847244277741,0.003489962169292174,0,0.1380213990724083,0.0098182367132252,1.3862124666651565,1.5070889030355724e-05,-0.3691372502978551,1.4106275101543302
2024-05-10,0.7897312551155077,0.0015222027536068898,0,0.18539591203945058,0.010470983063548166,1.3861786564250544,1.6486490229007454e-05,-0.43533938979975284,15.43412070675081
2024-05-13,0.7961702947646525,0.0012363002388299212,0,0.2391315805044197,0.008873635223885222,1.386044705792771,1.0059048487881534e-05,-0.4310683118578295,62.698421002600696
2024-05-14,0.7797912506673194,0.0004002813065407215,0,0.07452097506926736,0.007907118226088132,1.3862757612150538,1.2072399202499806e-05,-0.5046665980490949,11.150154272972124
2024-05-15,0.8022964993569637,0.001697642513877411,0,0.1156518287450897,0.008162026718591654,1.3862523175096895,1.1501525151326119e-05,-0.4706557422401409,485.6333924395579
2024-05-16,0.8396407921686475,0.005330161036669755,0,0.28917503798203403,0.008199778774945756,1.385890941829084,7.803543703923868e-06,-0.45328567104118245,1.6207443762187053
2024-05-17,0.8792267543825382,0.0005087291342410806,0,0.1592806426178283,0.008219565038280165,1.386213288522048,2.988143719705331e-07,-0.4508801798336097,15.93298248460299
2024-05-21,0.8612827817500783,0.0027433908887677548,0,0.3631418616840779,0.007689886021440521,1.3858393498931152,2.6576839626288733e-06,-0.4424939926395275,16.04186617155209
2024-05-22,0.8197277554788951,0.002108332119206761,0,0.21381859823667557,0.007021247782890856,1.3861478336168482,8.605851681698861e-06,-0.43950925682435155,11.688384737534841
2024-05-23,0.8100050641609506,0.0007209972901047525,0,0.42548638326948574,0.006754264271144512,1.3855331993797326,2.3586155445446775e-05,-0.2608136193368551,1.4094469205912816
2024-05-24,0.8414596282569029,0.0016079165400593313,0,0.2258299083913061,0.006383597482044055,1.3861437086529413,2.2262133236733886e-05,-0.2941520128966992,1366.8294450116953
2024-05-27,0.7818053123100887,0.0035589881242104582,0,0.1704960779434342,0.006204461224438743,1.386184554911872,2.0662048862483202e-05,-0.2539306935333288,244.3478154860422
2024-05-28,0.7695686883767345,0.0019473568221744545,0,0.28957671048312816,0.0059751993517183225,1.3860398523043873,1.9513275207753062e-05,-0.24073833124618182,74.33956060613052
2024-05-29,0.7668566722946174,0.005493898475794129,0,0.4960072641909382,0.0059974005467192445,1.3854946606256475,1.4358964062081402e-05,-0.233387859652955,5.148358744294957
2024-05-30,0.7604687192590853,0.0038502194089277864,0,0.09348159439429052,0.005066194551988489,1.3862593839031168,9.76397383731162e-06,-0.179815678419738,1.7642532269388527
2024-05-31,0.7597468690467328,0.0035266325730722884,0,0.17256462778791726,0.005631547948744122,1.3861903331716892,3.992058345528581e-06,-0.20767709754795924,47.15764975371851
2024-06-03,1.076378371712016,0.03519987628376249,1,1.5811378141165369,0.008979609133338022,1.3733383097071445,4.2725226468638244e-05,0.8049902122730133,1.159335692021165
2024-06-04,1.3338355975110887,0.003634552286252137,1,0.04850989077888507,0.019301763703200643,1.38626984220746,6.919995883470689e-05,-2.516417785391045,1.317224740213085
2024-06-05,1.427116000352526,0.011080950525755365,0,0.0540958146826797,0.02830269006107084,1.3862744056866565,2.635271847910996e-06,-1.772604395487939,5.4404883745599495
2024-06-06,1.4323747327381813,0.007849187100382796,0,0.365161602301037,0.029139235416833734,1.3857388918997602,1.6623030228566564e-05,-1.792093426103402,75.8254724385946
2024-06-07,1.4409302568452322,1.9683907259585612e-05,0,0.545946461599266,0.030346812555622542,1.3849314490905753,3.86806486729544e-05,-1.6657723628216392,15.35403088654169
2024-06-10,1.4609053245271961,0.0012443869895543717,0,0.14923425854808972,0.03265819168238611,1.3862190803919632,3.7998462361832954e-05,-1.6554694132682959,3010.205607006122
2024-06-11,1.4590288478814721,0.0010549732640118077,0,0.20692730340864499,0.03215362415391554,1.3861498708702733,4.380925761457565e-05,-1.700060915580228,26901.011276854053
2024-06-12,1.4790152275602848,0.003415613998201544,0,0.23671029918804054,0.03223557359568452,1.3861164319941386,7.151848138433779e-05,-1.7092187070385594,80.32954516473961
2024-06-13,1.459125068081156,0.0067515999933729825,0,1.0272261029629657,0.031049774973356575,1.3828907012915026,0.00010424117911872833,-1.825470525183745,40.86921161490796
2024-06-14,1.4386681924185483,0.002818755710743894,0,0.3856481478532148,0.027744079321670542,1.3857962376076656,0.00010678377086110716,-1.8201186287717306,3.2979360157229642
2024-06-18,1.432009351336108,0.00447318869722672,0,0.9249367625973425,0.017514194376545847,1.383876424421834,3.061302729259732e-05,-1.8699901953763856,2.619113383134888
2024-06-19,1.3966320259681464,0.003049489518231245,0,0.19545942219408838,0.007682020277732799,1.3861476602106453,7.998464306470573e-05,-1.8533789659506361,13.718176841123244
2024-06-20,1.3989489801452317,0.0029786513740826664,0,0.28998132412923455,0.005429138608089066,1.3860022317450738,2.6414321002987e-05,-1.9414097962631605,8.937646548668763
2024-06-21,1.3761571874056908,0.003987050713128895,0,0.33240891584061394,0.00470508922363071,1.3858553349337122,1.919745292042437e-05,-1.9197083280706018,5.001439299852238
2024-06-24,1.3741088949931162,0.005067852647016238,0,0.6217927344052464,0.0027829889777518002,1.384937531807107,2.470639778566514e-06,-1.9109614013201799,13.744100979668367
2024-06-25,1.3692990605820574,0.0016661382313139423,0,0.1999008818465095,0.0032972562261409117,1.3861681560242836,5.868278496490746e-06,-1.9124936307430564,1.3010405436852517
2024-06-26,1.3844210463595936,7.582889070373433e-05,0,0.09102093760761976,0.0032209871941339336,1.386266129703919,8.170266470850654e-06,-1.9568849650518165,2.9583735710127037
2024-06-27,1.3615343493244334,0.0005340274944916649,0,0.05768081330012988,0.0032630187529864556,1.3862817231895872,1.0742729236753268e-05,-1.9568971502471622,3.0261152130994846
2024-06-28,1.3754719428898872,0.0017203430887606688,0,0.11625523677145246,0.004189712296398667,1.3862490238036869,9.790589822903227e-06,-1.9352643919150887,78.8294420998988
2024-07-01,1.401038106253515,0.0007353786064282269,0,0.5401292190957011,0.004832735673676611,1.3854358762074286,1.108869578855234e-05,-1.9349738705398278,6.190244151220766
2024-07-02,1.3961636594866313,0.0035889857216876942,0,0.4390924046093654,0.004888251363510256,1.385637880160477,9.580979452991238e-06,-1.9329595018056989,221.38809854144293
2024-07-03,1.2018165850880274,0.006935825025783419,0,1.0607878921199603,0.005279705991479456,1.3827875648268895,1.276059749057301e-05,-1.9552136111889478,2.906918678884829
2024-07-04,0.8629636663919219,0.003430143461392528,0,0.5323685249173168,0.0054029143383903895,1.3854606487238168,1.2384721962498672e-05,-1.9442114165471174,187.678663685515
2024-07-05,0.6338992330393636,0.0036607220544942073,0,0.3425309981778515,0.004945752495520956,1.3858921360140948,1.2311266415277346e-05,-1.9488651735757123,96.27978462897025
2024-07-08,0.6774973865522255,0.00023018416159231413,0,0.265703874851662,0.0043709742339863335,1.386097741960973,1.2151044387128717e-05,-1.9306160279772109,2551.9143642349895
2024-07-09,0.6934097942089639,0.0012512123502818817,0,0.17955375061863446,0.004725627662292655,1.3862105289080628,1.0091888810555373e-05,-1.952672757303769,3.1720635298406874
2024-07-10,0.7211565272594245,0.001090150600263265,0,0.19900910492824161,0.005608592142513211,1.3861279148061294,7.404257820793522e-06,-1.9075696365963597,2.134960646543277
2024-07-11,0.7206928705579552,0.0029597756669924344,0,0.32772750833226105,0.005093743774091811,1.3859046027164306,3.8793850525109574e-06,-1.9821310377183818,345.39277924083615
2024-07-12,0.7128910250285544,0.002956644324596003,0,0.14347890479493905,0.005217236489849911,1.386218256931746,7.854880307436605e-06,-2.085542268770948,1.7113370930260883
2024-07-15,0.7001509667756467,0.0034813501821567812,0,0.42642533242821823,0.0049925809910236,1.3857633251847716,6.80468897532419e-06,-2.1415667007072585,9.390971757539463
2024-07-16,0.8426305557100284,0.0011869769294844278,0,0.17268593208875244,0.004426570932804955,1.3862219202343726,7.2890636145556415e-06,-2.2009515050572106,79.80531565267047
2024-07-18,0.8727074638300246,0.0028154502880853934,0,0.37460521946537945,0.004477518582754089,1.385742926694352,7.894060631043302e-06,-2.2001857864783556,2.2338086475633014
2024-07-19,0.888678091505372,0.0021327787641328253,0,0.8617132529860022,0.006510763585722567,1.3835891701807366,5.246133794381294e-06,-2.0929179312758612,2.0770666382016016
2024-07-22,0.8910304836572998,0.003477186607933776,0,0.16320255000844355,0.007514458793938634,1.3861967958909673,4.274442892201537e-06,-2.0805119118344253,245.46971981551587
2024-07-23,0.9768543519591426,0.0024308340686373057,0,0.32988701881282334,0.007024813491967565,1.3857103283743593,3.676239269322417e-06,-2.065458095599003,119.09188981074182
2024-07-24,0.9675642066491179,0.001394062955718298,0,0.21795238073117154,0.0061766506948570665,1.3861331715053433,4.484644063914534e-07,-2.031323895540955,26.018851152130942
2024-07-25,0.9938986137820793,0.007505548573554714,0,0.9578054980620274,0.005984084963870844,1.3830388007243029,1.792026602210426e-06,-2.0782516924176435,1407.394268398924
2024-07-26,1.0187350208177404,0.0007065408680044528,0,0.6717699431397662,0.007066315393622523,1.3844779942346275,1.6004738598942943e-05,-2.002591397705437,1.0315938954464392
2024-07-29,1.0224717856263124,0.004357387432806539,0,0.3187009684156326,0.00853084908559735,1.3859250678007276,9.938960941886932e-06,-2.0131564439139393,123145.78912593155
2024-07-30,1.0319243759247023,0.00013289373050520508,0,0.2255201436749935,0.008356111560835024,1.3861288011684705,7.996546835161733e-06,-2.008309104648565,427.54277771402286
2024-07-31,1.080473877513078,0.0011819894227529356,0,0.11625620638937492,0.007954015787457901,1.3862565445971509,1.0034911873860198e-05,-2.0813797708657136,22.413800079036854
2024-08-01,1.0856642198137065,0.0031930989914492136,0,0.36150568698686664,0.006046139004325657,1.3859083108619243,5.938224823672699e-06,-2.1022564961704777,56.62297218043151
2024-08-02,1.09325999062513,0.008911739078852383,0,0.7845543207395661,0.006504208516355878,1.384163084617173,5.4633807814362e-06,-2.053148313742444,1.14851908359123
2024-08-05,1.1674444753434117,0.016925943236027603,0,0.2995245027174649,0.00817194324193949,1.3858509395246654,2.1338944397091485e-05,-1.8899116003256402,1.2166329806347433
2024-08-06,1.203750004232521,0.005565306103688106,0,0.14120061327200514,0.010736259000086101,1.3862008578832925,2.2928011191593667e-05,-1.9886159595864046,131.1192077905775
2024-08-07,1.1902314535360643,0.012296659213607529,0,1.1635533653077492,0.012166950003799625,1.381337078567003,5.864301551745319e-06,-1.9711295633682322,6.572277289987344
2024-08-08,1.093863649006942,0.002016610395730012,0,0.07197400335936051,0.012430123768972456,1.3862751084762817,1.4904427265960634e-05,-1.9104135795629262,19.753542395184866
2024-08-09,1.1106262802164444,0.011127050563782348,0,1.4004048462325567,0.012477378538699894,1.3798603311960986,2.18414479477196e-05,-1.9052236467433477,9.983429576146127
2024-08-12,1.1115239528107557,0.001949132088622596,0,0.16764434078882434,0.013629820960267066,1.386187232298286,2.2840371595084772e-05,-1.9048737400415456,465.14771148591115
2024-08-13,1.1129833607874233,0.00019102291061387906,0,0.39292150873137544,0.014165716954339179,1.3857791774695358,3.404631442637027e-05,-1.8315203231411445,5.382369536652052
2024-08-14,1.136647882684812,0.0018790235627477716,0,0.35435993042925507,0.014987938890715665,1.3859503664491806,3.761632520884073e-05,-1.821128917223044,6114.929214319193
2024-08-16,0.9845320338715161,0.007883915820511723,0,0.20054553861498195,0.01520405043730249,1.3861196819832295,2.4559244160653037e-05,-1.779479105009092,1.6796131175007512
2024-08-19,0.988292380228139,0.003871662352410386,0,0.7028654879477658,0.015168880584286032,1.3848138792221667,7.353798760067508e-06,-1.7729571615403914,208.177178355562
2024-08-20,1.0271955644368838,0.0030982388723605797,0,0.18013281825141486,0.012870272939814133,1.3861998665811308,2.204208585492712e-05,-1.8190768484649353,14.02641172897513
2024-08-21,1.0789686448746796,0.0007411523355035764,0,0.16641372784906913,0.011423998317368844,1.3862162014383357,2.5984681425896877e-05,-1.833116112528619,36.387001060707824
2024-08-22,1.017855712469777,0.0037555721186223376,0,0.9396482590080872,0.009327565462169233,1.3839234487961538,1.5578583916690003e-05,-1.8462119012189984,110.07705017973915
2024-08-23,1.06746539934462,0.0013653850975377973,0,0.29620226348246054,0.007483871427543278,1.3860649838667878,1.932580415543101e-05,-1.859104726803927,177.8899483567132
2024-08-26,1.0601575828880538,0.003336036464633409,0,0.08179914321983374,0.007025942814848101,1.3862738325154944,1.6676018528070436e-05,-1.9318759156830845,1.6636190234094603
2024-08-27,1.1168140060858707,0.0005676449931630704,0,0.19220497921321852,0.006970271071702488,1.3861968415791037,1.7240776474651023e-05,-2.001780893714227,832.1094462971763
2024-08-28,1.1256179239706723,0.0005215248530509587,0,0.2124630566412204,0.006116891840790434,1.3861528096271394,1.8628380653018927e-05,-1.9996643562656689,32.24169242338403
2024-08-29,1.1215556368750506,0.0006807597741341699,0,0.070545899839934,0.004612082850447011,1.386278264152032,1.9888127031301687e-05,-2.558798515588738,4.735436846505594
2024-08-30,1.0809750567379712,0.0038788462515822035,0,0.92925267111258,0.0030112541458968997,1.384045975968972,6.359493825561525e-06,0.30920075358930316,7.694316448320182
2024-09-02,1.07491892125215,0.0038639630728323866,0,0.8299495233438711,0.0027665660957246225,1.3843363407260587,6.377549172020262e-06,-0.7823180726164893,11.04347018957194
2024-09-03,1.0935876252189787,0.0013718022214840762,0,0.3192353784210469,0.00270112256495715,1.3860306876895847,5.231551530751518e-06,-0.7545286178975704,15266.257806091502
2024-09-04,1.0182263668133698,0.007540283852167121,0,1.3379806737689715,0.002928022967357511,1.38080734347815,4.858650954085674e-06,-1.1419974745476256,3.874911804803674
2024-09-05,0.9483861221077861,0.0020535826239745257,0,0.3891045041960563,0.0029157316597352772,1.385847207422887,4.118029785687614e-06,-1.1337400827888198,6.362648887571
2024-09-06,0.8658759249488278,0.0020462435312509374,0,0.10419735842867504,0.0031974906862292218,1.3862499979079943,6.034046368810916e-07,-1.0647438598557597,1.1292177846600298
2024-09-09,0.8600455040842284,0.001157511200494441,0,0.043723043614874384,0.004071479377118089,1.3862879437717068,1.3811496221019781e-06,-1.0691074530933746,14.2886712659837
2024-09-10,0.7663905374398088,0.002523241139213605,0,0.1576378432619912,0.004039185094242155,1.3862048382754961,4.535708533949057e-07,-1.0722853569019213,10.322425902867364
2024-09-11,0.7542575730752319,0.0002835584742896982,0,0.07559188619301897,0.004762977062912622,1.3862744681975576,2.7219141393621048e-06,-1.006492323122396,8.087734497067267
2024-09-12,0.8372796188407364,0.00565053688212805,0,0.09188057958519677,0.007316093392823177,1.3862552725895136,7.398596971495217e-06,-0.700317340573127,1.5444017118322602
2024-09-13,0.8263146348621572,0.0016351581711272038,0,0.2910622487345569,0.009354195005751544,1.386039690462548,3.7518343726405216e-06,-0.7043798611323967,248.10140443636294
2024-09-16,0.7589425036050425,0.0019758587303882738,0,0.22742628766152898,0.009432202819928672,1.3861509667642884,3.2601812909269804e-06,-0.6967864160783007,341.7501446347016
2024-09-17,0.783280730201912,0.001305116965062526,0,0.2635641255064029,0.009102780256736455,1.3861129440188305,4.303773987281099e-06,-0.7297011491649371,201.69880864202625
2024-09-18,0.7794601203388366,0.0006355800431226975,0,0.21260067085719123,0.009313718435231821,1.3861437928970992,5.51414675623304e-06,-0.7048212628157053,137.02945758872823
2024-09-19,0.7883158699361055,0.00430555497511796,0,0.19904303620939068,0.00859494030780452,1.3861496268622004,8.281649388150002e-06,-0.6881599070812391,4.203807448747511
2024-09-20,0.8398598588775609,0.004324492549206652,0,0.07593505499958021,0.00837754037078,1.3862694199361274,2.7350822994661147e-05,-0.5904399650806562,1.0368192977951494
2024-09-23,0.8277306896409153,0.003158966402158397,0,0.31456346706815774,0.009279880476974043,1.3860285476555054,2.9179435894878406e-05,-0.5899632168999166,7.7542492302505615
2024-09-24,0.8487532158372899,0.000678804221936317,0,0.17177697024578217,0.008899221997825696,1.3862105486377811,2.646801767969825e-05,-0.6012621890863081,93191.646796434
2024-09-25,0.7837852589685029,0.0015799112343815379,0,0.2370932036455597,0.006542432085014903,1.3861245832178466,2.951264541055133e-05,-0.5878015035869092,42.45471689599211
2024-09-26,0.7741067074255248,4.806809447349704e-05,0,0.38296947644549256,0.004951381868979114,1.385809996033256,1.6070052678014908e-05,-0.6238351604691668,4.8489917903246695
2024-09-27,0.7950462753289416,0.0012274717212795681,0,0.1530101134526368,0.005749253158350336,1.3862290284413037,1.6044978891814423e-05,-0.5802991792216261,53.190652664921494
2024-09-30,0.8133537034558204,0.004504137571965027,0,0.173415424827889,0.0071324216843204925,1.3861785909547408,1.2446964093496243e-05,-0.569937574800277,1.3685204953524128
2024-10-01,0.8165511578108207,0.0008682440475333228,0,0.19408771852422285,0.008314172853222869,1.386174441546589,1.1070296102772593e-05,-0.5596171999537923,940.0409880769097
2024-10-03,0.924726229360218,0.013426639149277038,0,0.4770428540461909,0.01028786814098878,1.3852060578337402,5.256358155000826e-06,-0.6963678668876211,1.5853782578488607
2024-10-04,0.9796019910357349,0.002704602646034022,0,0.18546003135266714,0.01016645913446617,1.386118508418365,1.7134545137719558e-05,-0.6204975780748804,8.537351708693517
2024-10-07,1.0276219970067448,0.002774524914537755,0,0.1574126832022102,0.009239401883311014,1.3861811778678947,3.655584724011301e-05,-0.6000575805201458,10.681968421835206
2024-10-08,1.0185861105965148,0.0014688991134050042,0,0.06664465808690766,0.01055527679055633,1.386277767044034,3.517434667632289e-05,-0.6230784960827017,9.19277020143777
2024-10-09,1.0223488845130253,0.002102696194376581,0,0.19016489434543932,0.0113969535740451,1.3861516408816135,3.62578193361041e-05,-0.5906143499966275,450.45903779889176
2024-10-10,1.0237219981333698,0.003400733062259425,0,0.2945209958812841,0.010979984369465966,1.386020243850958,3.754136298217796e-05,-0.576200934041274,557.9180665159428
2024-10-11,1.0897181116214905,0.0005261084973928276,0,0.1993411915772536,0.010146354462418678,1.3861868890770275,4.213696245275927e-05,-0.5605573357028438,83.92613155921562
2024-10-14,1.0791710126159413,0.0023685525579712615,0,0.16362350926704433,0.009608628221092479,1.386219409760129,3.81390477653646e-05,-0.5617042511392886,2.874387223197204
2024-10-15,1.0780915695103654,0.0023194855795729847,0,0.2639216502399668,0.009134116387645578,1.3860597381010185,2.5510453967808784e-05,-0.5940849665015022,6.885020902695782
2024-10-16,1.0605942064605534,0.0019493844392142609,0,0.15249175271596146,0.006883312850834722,1.3862177330435106,2.7870603812345507e-05,-0.5765240971845988,5.474136908457331
2024-10-17,1.0324391827342299,0.0022440436092142873,0,0.8355791961116686,0.006151536893651877,1.3838668360453905,1.2422905263030132e-05,-0.5351704659323043,1.810880642081657
2024-10-18,1.0426047390629893,0.003436236762201939,0,0.15703967086624807,0.007543317945995155,1.3861946797995857,3.7948260052985015e-06,-0.5744322650081425,9.034385328183124
2024-10-21,1.0632127401572695,0.004099551897649544,0,0.30087945494239543,0.006390432221435489,1.385929724590053,3.10335566829618e-07,-0.5566706311860707,14.51164837745823
2024-10-22,1.0756466279951138,0.000707981866915095,0,0.2206879275980602,0.0063493733759406,1.3860823078365088,1.22321398719971e-05,-0.6376393619051041,1.7461433361382608
2024-10-23,1.0521860459110404,0.0038464218537765183,0,0.440792290615722,0.007365202315854944,1.3855500209499896,1.2362119480682155e-05,-0.6273856014305721,118.44396664427259
2024-10-24,1.040577348437915,0.0009335362723928032,0,0.18958361025898696,0.0071417578688796335,1.386186778993019,1.3359194642123149e-05,-0.6124563921493632,86.08370220812816
2024-10-25,1.038533152771298,0.0007640870665994061,0,0.08098945902857933,0.007099116806406066,1.386266739875352,1.8692406387400307e-05,-0.5414818015386542,3.1052270169618814
2024-10-28,1.0404003734792915,0.0029029989295366056,0,0.19148537800056234,0.007785485192533533,1.386136967566204,1.8692393516742927e-05,-0.5486839010750004,6.700328399212876
2024-10-29,0.9957298077170433,0.00042330818623395475,0,0.17113214683864966,0.007859690715048556,1.3861685546972078,1.5361996528216094e-05,-0.6248132774806728,5.675159639133096
2024-10-30,0.9954335193785694,0.003906790951182814,0,0.31977323535967533,0.008407276902156976,1.3859352588263698,1.6610530241018453e-05,-0.10798738255043618,6.745637263228063
2024-10-31,0.9823556064648334,0.00036968046246620145,0,0.19414444405367598,0.006997285181768179,1.3861728011409042,1.382249399519224e-05,-0.09341289335508966,6.700431837285832
2024-11-01,0.9329785180218881,0.004015845696180841,0,0.5357770614240676,0.0072776357447396555,1.385505840482078,1.3866321594705255e-05,-0.13006672361098093,8.671592285715228
2024-11-04,0.9258723697300687,0.0004689579381993926,0,0.05513033715115432,0.008085288466309232,1.3862794851054034,2.2713534818523033e-05,-0.16311817361144265,1.6221865139746894
2024-11-05,0.9167062102661211,0.003291447990569016,0,0.3345279543809056,0.009283783194109134,1.385820245421689,7.634216481516712e-06,-0.17326092809140595,3.913443666181398
2024-11-06,0.9209645925000945,0.003934266599632133,0,0.04729000180240881,0.009512617724366602,1.3862852113243898,1.6157892321450878e-06,-0.18494689162766342,3.3720155128106004
2024-11-07,0.9227898850436084,0.00022660463757488163,0,0.605986860060377,0.0112120416264695,1.3849672862887223,7.3871868861421485e-06,-0.2001768093960762,3.8200872731752074
2024-11-08,0.9244427527469614,0.0003449749431100112,0,0.16305979041865257,0.010551308173497134,1.3862022170060737,1.1506891927288604e-06,-0.18407265117041308,114.0003519754447
2024-11-11,0.8146400493497988,0.002527155947542193,0,0.1740271695036833,0.010610859153461431,1.3861649797147046,6.695834190984161e-06,-0.3012112723277727,4247.934046830974
2024-11-12,0.7343731140039139,0.0034941141081743605,0,0.5591723729598782,0.010617147517386578,1.3849877508762447,2.0383458354609345e-05,-0.2533207452418588,3.2981771107357356
2024-11-13,0.7272947520798309,0.0025573371529635275,0,0.17060693041973196,0.01089693343496889,1.3861754415851952,2.9882274004877794e-05,-0.21326036105400722,2.3724051361588785
2024-11-14,0.7098757984423031,0.0007176203973486438,0,0.2157074771537744,0.011218322460549879,1.3861328362000558,2.5749666988160842e-05,-0.18870341486951953,246.02274767141336
2024-11-18,0.7108688016453161,0.003080386096497016,0,0.27721808053731567,0.009591904762171389,1.3859962219134783,3.138167307979699e-05,-0.15488690075812633,27.924704532691944
2024-11-19,0.7097056358073324,0.0032245492548489815,0,0.27973438627368313,0.007844770358567567,1.3859583947581087,1.6779795690242403e-05,-0.16798654426849677,42.49086235622108
2024-11-21,0.7132707296097928,0.0012785677795814385,0,0.10012217941297623,0.008719398241155868,1.3862580677182597,2.726270594751637e-05,-0.1045519996380379,5.001788494298883
2024-11-22,0.7442666519140565,0.0026474839550146533,0,0.35822740875266795,0.009604697535277078,1.385668504378574,2.531981464307733e-05,0.2849933293989498,1.129182186035944
2024-11-25,0.8026776517056144,0.014381270416305405,0,0.9730905959868518,0.009708407532538323,1.38245037660823,1.032599061908199e-06,0.2753840726742077,4.667798794080377
2024-11-26,0.7055592355644266,0.00499949101667426,0,0.5750901136685863,0.011083637310981312,1.3850884907422638,2.120216089078348e-06,0.3068065016987736,615.1212968022548
2024-11-27,0.739117825988533,0.0004256582735393769,0,0.1694507008575471,0.010416611828375824,1.386195718863579,6.131348797015318e-06,0.306890351568464,71.90964881701547
2024-11-28,0.7543782607091568,3.0896587595029325e-05,0,0.23988250854907872,0.0121224861480914,1.386034929342961,1.497278811985707e-06,0.3004187538741753,4.299604981814575
2024-11-29,0.7622406265897541,0.000543463497341268,0,0.22067090776326898,0.013394393738004912,1.3861223395041233,2.603380586884345e-05,0.26373005300749713,5.995443637748763
2024-12-02,0.7597146163262839,0.0004039613187528013,0,0.11065529780551345,0.013483622393620756,1.386245865914378,3.367449267550057e-05,0.21347784680529414,9.866970024751089
2024-12-03,0.739094787303996,0.0037599774284283903,0,0.16184071167795994,0.012964771314217556,1.3862038580042344,4.460445211310999e-05,0.1659312965866697,7.383320601412793
2024-12-04,0.7017677401809675,0.0012912057399326706,0,0.17501883926231293,0.012638316190930489,1.386188085339168,4.2358102869871736e-05,0.14072641186520835,2239.9086659166687
2024-12-05,0.7063097965205226,0.0029261864160617097,0,0.1623345949446917,0.010259979993088413,1.3861561585585578,5.695612597740183e-05,0.12492350907211645,2.799833719203171
2024-12-06,0.7804603962672538,0.0008515268994579952,0,0.11307488000553026,0.010318340560836088,1.3862571687937892,2.5404590590557805e-05,0.156328532259865,122.98161699121404
2024-12-09,0.8487661440469874,0.0017805267788273545,0,0.1739019952902587,0.0088671276309047,1.3862064388451638,1.1951112259909691e-05,0.14454005481997395,27.88196042397393
2024-12-10,0.8673138643014638,0.0013659130794307255,0,0.1989785816583279,0.008597412979576223,1.3861657717157116,1.2467953590561825e-05,0.06612783391446288,783.5020099991436
2024-12-11,0.9759935336409761,0.00042450140171480355,0,0.2080460950944119,0.006748827403674934,1.3861770371764393,1.0950517511944041e-05,0.04994777867865224,63.199103685166364
2024-12-12,1.0001377721453133,0.0015169305139947165,0,0.12469842719343367,0.004645603466452855,1.3862470036836028,1.30547138030119e-05,0.07936779014414534,1.6295725224689763
2024-12-13,1.0409666821625705,0.002053115458095148,0,0.15152331263950383,0.005717700985277711,1.3861670638996213,1.2945883430486819e-05,0.05592101447121229,1.2750420341303954
2024-12-16,1.0617259717514282,0.0006017721815710708,0,0.12608498447277597,0.006996584445345401,1.38624364647193,8.358680679020424e-06,0.06952241415462179,6.825149171750918
2024-12-17,1.0565943085144962,0.0033885940983258167,0,0.2428682730593131,0.007274505760121934,1.3860724064435561,3.2967872799111763e-06,0.09182427804162963,1.6073912088044682
2024-12-18,1.05075146582281,0.001564783021956227,0,0.12305603621248354,0.0071111693487367665,1.3862390311187345,7.529220575439334e-06,0.10785142153899428,10.201507260550363
2024-12-19,1.1079416565803701,0.013383144201917043,0,1.4858740145619742,0.006397317836125345,1.3785066593677984,1.921605536725826e-05,0.17263656111325507,3.9559371523041906
2024-12-20,1.1405039653791544,0.0003756856429384315,0,0.1547374720923238,0.006831778686230767,1.386178023239735,3.26303690366317e-05,0.1747765972927478,2.437941266493983
2024-12-23,1.102102113147098,0.006368621302693276,0,0.2804782669849764,0.009088577605938456,1.3860006514234327,2.8950398400361508e-05,0.1598419987354024,12.311541713376682
2024-12-24,1.0488752481427988,0.0006586511698853572,0,0.18873674332812038,0.009804652266339444,1.3861752652913726,2.943030892605653e-05,0.1955450242241172,357.71877179010954
2024-12-26,1.0388792658433978,0.0020272382712180625,0,0.1509778625216263,0.009467088123356511,1.3862149851508283,2.96212075103064e-05,0.18100397881092617,433.8014168753412
2024-12-27,1.0511353849020115,0.0021535002852898894,0,0.3831723549033049,0.008246705087187167,1.3858308698227448,2.518945215728007e-05,0.14948272733201107,41.496678387580936
2024-12-30,1.0211953062396988,0.0006931273438660028,0,0.09059631608240433,0.007891718718353211,1.3862610258657175,3.3387159757171085e-05,0.1828197851820754,2.156142663992863
2024-12-31,1.0225887176072959,0.0035716546108714663,0,0.14966607626890702,0.007623294407707755,1.3862118793849114,3.111103096052715e-05,0.36244764801523055,3177555.440426382
2025-01-01,1.0194544254600446,0.00030245431454117155,0,0.11859984424608157,0.007205061195077845,1.3862413479502116,1.719449550982678e-05,0.3057751805819134,4.406172579623152
2025-01-02,1.0478399325664025,0.0016874848687165895,0,0.4259915739602606,0.008299004187072467,1.3855089843323027,4.004162491570317e-07,0.3540043633027304,1.2157159245915128
2025-01-03,1.0455529156355245,0.00032034688157364926,0,0.49367901608731185,0.010651809277869354,1.3855136395938836,2.0389218161007533e-06,0.42584367139257323,8.09982871808732
2025-01-06,1.0513370048835895,0.001708650184850003,0,0.34594797645928616,0.009136267765479444,1.385722942035202,1.1379578813878923e-06,0.3665036305521394,2.580976118890142
2025-01-07,1.0356220145799044,0.0027000048241652076,0,0.1743165126560612,0.010481749317547633,1.3861977011022557,1.7662781083592645e-06,0.34706125412995464,46.6502817058795
2025-01-08,1.007593450072402,0.0016331419421208517,0,0.31702854106352113,0.010775622438141,1.3858929911798392,1.5017248923020151e-06,0.3435680781666181,1073.3874744237708
2025-01-09,1.0171722412699575,0.0005995823556688101,0,0.2830733919222391,0.011261606630251655,1.3860466457774288,8.919153150774915e-06,0.41073870546356495,8.190147560040339
2025-01-10,0.9123355400644084,0.001079067805146349,0,0.05770677596386116,0.01049232842601421,1.3862818993309338,1.5162072669165781e-05,0.41690478981140283,21.13058137945729
2025-01-13,0.9076406154873524,0.010127270965474796,0,0.4454434039980022,0.010905010120127935,1.3854361883853037,2.4329024655833128e-05,0.386807017910856,1.3598463476946088
2025-01-14,0.8652279871041544,0.003457213157256919,0,0.22200546966191,0.012528105511049287,1.3861440073762714,2.071382042304636e-05,0.32995252879907394,19.78942129629844
2025-01-15,0.839226641369256,0.003205001504970834,0,0.29263596901302064,0.011176328727411866,1.3860192773391795,2.3030321156309152e-05,0.34456195144754215,117.80929063458603
2025-01-16,0.8446532583091597,0.007042278492290917,0,1.0304617803221514,0.008554692950891965,1.3829037195811265,2.818183650744277e-05,0.3024264751306272,15.184592392463307
2025-01-17,0.8591489774641446,0.0014896757811950863,0,0.2103918079304328,0.008578567053605176,1.3861430359506863,2.5536333167166562e-05,0.3114915586655993,12.760734034756263
2025-01-20,0.7813754771554746,0.0037511087485985963,0,0.1882018694244748,0.007527969010568466,1.3861639866522095,7.520892736048051e-06,0.26959922161183497,2.5547131508210033
2025-01-21,0.7860728519625021,0.003288705536149206,0,0.6347103805326265,0.009217663435112277,1.3845433768527,2.146044518366599e-05,0.2669075683305234,1.416135373189567
2025-01-22,0.7828973784194406,0.0032304391020095214,0,0.2716184138873571,0.010704955217927322,1.3860339744870054,1.7805548037954847e-05,0.20316281862369603,9.345243009352483
2025-01-23,0.7757707521697847,0.0011688287754372452,0,0.08040004012728448,0.010779221689625711,1.3862728981387182,1.064683675408271e-05,0.2227531307599515,61.49473012870345
2025-01-24,0.7735961961963066,0.0009247496037787758,0,0.173755005305366,0.010360782979304978,1.3861701097031967,1.1352512051632262e-05,0.27785179010565647,12.062518074201773
2025-01-27,0.7361810381742524,0.006606196832838024,0,0.25595625123786947,0.00900703511931849,1.3860528724570707,8.035652783684224e-06,0.27703419218763076,2.913929078274804
2025-01-28,0.7397940410683929,0.005734891289809178,0,0.17754202588345577,0.01064686664326481,1.3861660791764248,6.956895660936982e-06,0.21841747976914908,7.127079153060888
2025-01-29,0.7518703301744742,0.0030227928375110035,0,0.08672040135596955,0.010723987122687033,1.3862689880143957,1.719061100126407e-06,0.20636398591844138,3.3982856061718265
2025-01-30,0.7745035320554313,0.00027628023118370413,0,0.12408949116385681,0.010312359063220667,1.386243397298554,2.121074232681941e-06,0.1666642736200372,20.199647141341877
2025-01-31,0.7491490911484259,0.0020302394384025713,0,0.25438051736540973,0.009934531970496055,1.3860637875146846,1.1104298351173488e-05,0.170917776119976,3.088359986748152
2025-02-01,0.7477567233243194,0.0008588651483582077,0,0.18824037988602824,0.009079283756235268,1.3861466099691087,4.901185183809814e-06,0.20874995198732593,199.27561978376704
2025-02-03,0.6754940514659956,0.006957103421760508,0,0.5484870376575292,0.007366620200276434,1.3852552730703116,1.021389704882736e-05,0.2134834961343945,9.133404298784853
2025-02-04,0.6539080650055101,0.0063514866267061374,0,0.13727392005163694,0.009336248306758445,1.3862170056492003,2.0855453338670225e-05,0.21139124245527025,1.6377402850727443
2025-02-05,0.6602541999362613,0.0026293109529307687,0,0.7367181570939003,0.010539084803666977,1.3847604345085824,1.7764650293450474e-05,0.22027727699029873,125.58423689303277
2025-02-06,0.6291300909610431,0.00276657817650295,0,0.3928054894322114,0.010044732119049866,1.3857566950370779,1.8396510054943514e-05,0.21717282623119682,19.71989150861309
2025-02-07,0.6295876554197063,0.0019533385046841185,0,0.13063649072949515,0.0083822566118098,1.386229441824694,2.2434257179241542e-05,0.2320841912468045,90.564722688222
2025-02-10,0.5662338750578035,0.0006856540353004952,0,0.07524109365183858,0.008651952007729998,1.386273837905506,1.4296970399185552e-05,0.2543954523131966,5.849591911590543
2025-02-11,0.5561206725469365,8.344555122073469e-05,0,0.23146496383515122,0.008711493541251466,1.3860637357417858,3.4293447767084187e-06,0.23676494248962376,1.4488591094429255
2025-02-12,0.557630077168439,0.0009106165194382388,0,0.23784149195223953,0.009248798761445976,1.3860425322646162,7.555444492719923e-06,0.2602962929975723,192.94254161325293
2025-02-13,0.5497819855480379,0.00045552158007682535,0,0.2566626063513013,0.007955338364750021,1.3860392480944812,1.5329982854745295e-05,0.23375225241170347,666.1124172731264
2025-02-14,0.5516016033391544,0.0028203730195581417,0,0.13273181263516592,0.00793209239053632,1.3862158357121424,1.7885098547337563e-05,-0.006004554259107707,13.011536710132825
2025-02-17,0.5584497299356582,0.005218718722570521,0,0.3252219250706954,0.00621358618637589,1.3858850069530104,1.3036469649081732e-05,-0.026788833385799158,115.69088510024233
2025-02-18,0.5000256325013599,0.00018075374189263638,0,0.25976851765422415,0.004443201820917188,1.3860551611815555,1.4592346062972797e-05,-0.030223875552103173,61.579547294595294
2025-02-19,0.507319503854502,0.004282396565493643,0,0.30543552085682335,0.004216378300486167,1.3859330621063852,1.4278514275227212e-05,-0.0073948442764546355,77.1104525944522
2025-02-20,0.4810022863053276,0.004887048291457049,0,1.0982846259566106,0.004019835562402411,1.3828306163610664,1.3107674035107205e-05,0.009815836089956185,30.868967951395902
2025-02-21,0.502903899682885,0.002444866610047484,0,0.15671325231591685,0.0038543140542024227,1.3862088818925846,1.465672636241174e-05,0.06540526728890708,1.1198886685952123
2025-02-24,0.5087468966807198,0.008217192106322444,0,0.71582681918379,0.0038351381041718665,1.3845342516347485,1.7553030316390277e-05,0.1265447087668607,1.2423971561398843
2025-02-25,0.5452767253127724,0.0016374778601035982,0,0.3621330502863738,0.003641046294752944,1.3859039453811441,8.12943755239643e-06,0.1565422115322343,2145.107425369555
2025-02-27,0.6556574923759473,0.0009485859543428115,0,0.1417765312252529,0.003596154011550801,1.386238361192019,7.876416804377825e-06,0.16024034050069097,11513.38454836484
2025-02-28,0.6311126464694113,0.004964627151064872,0,0.536887460986342,0.0052479439353832775,1.385202139083295,2.5283640994165883e-05,0.07074000371189049,1.3975581052691652
2025-03-03,0.6307117271114753,0.0031522022750516314,0,0.14747804936817974,0.006671655116614512,1.3862083373835274,2.302550515907718e-05,0.06400615205517053,7872.059916238806
2025-03-04,0.636935059725427,0.006570186639655928,0,1.0188028741196964,0.006613570877779311,1.3829318845573442,2.4201531466794453e-05,0.05903587328673147,129.86006882237976
2025-03-05,0.64318806522201,0.00043480725122549413,0,0.3258491121677041,0.008063122973906368,1.385873931348403,2.1150384372750163e-05,0.06423119558335988,3.715987937033374
2025-03-06,0.6831120334465111,0.006205666048041396,0,0.3852939558486097,0.008274534408976868,1.3856262424670782,1.4908960055392148e-05,0.05444422157567995,6.719165674519054
2025-03-07,0.6814550312928999,0.0016002732818135481,0,0.13968400590940047,0.008788684113043389,1.386229500553533,1.3888277832768881e-05,0.02793810262184515,1836.537827236222
2025-03-10,0.681429580869528,0.0013599927947854876,0,0.20424870323181207,0.00866376276109,1.3861312737183777,1.2923328308279107e-05,0.0737852826273319,14.094208277579282
2025-03-11,0.6859899407929806,0.005104279459809117,0,0.5900746701193131,0.008144792134616356,1.3850504391888423,1.998282841121045e-06,0.03732991460437362,84.55957846978139
2025-03-12,0.6798546795835717,0.0017075549428418968,0,0.17440244773477712,0.008449795764574278,1.386175749974454,2.7808085100164395e-06,0.025528395416408427,71.77863281404744
2025-03-13,0.6642215411165825,0.0031547169147813124,0,0.57876680850379,0.006598538589645167,1.385201400921121,5.378734734634536e-06,0.01237281560556435,2.9843059466078112
2025-03-17,0.6548605522190015,0.0019686479652432547,0,0.26024767725081865,0.005449504160100632,1.3860494244243962,9.008578625782387e-06,-0.05226172913590505,2.285937844731674
2025-03-18,0.6561127128113858,0.006796422078941603,0,0.22969638182266605,0.006335860962476722,1.3860943200252533,2.0703447321576595e-05,0.013214480546673863,1.1922491351291964
2025-03-19,0.6812387989767538,0.0017785655295263021,0,0.14579963910236307,0.006117059289481722,1.3862299891973726,2.304681389953484e-05,0.02396861741685848,24.66250949002782
2025-03-20,0.6702584416525792,0.005615522359073187,0,0.163555229579391,0.006878380073846911,1.3861961084638525,2.3995748203371902e-05,0.015302558554522224,2.6698571939360174
2025-03-21,0.6648979487354222,0.0009663901507404667,0,0.14712493526578888,0.006491656982810922,1.3862135774072661,2.1823988892409848e-05,-0.010247030421609639,9.317164054985229
2025-03-24,0.6626595477913345,0.007041410964672659,0,0.1856929767440286,0.0066910457002054115,1.3861586218236486,3.2441249640828026e-05,0.006286481866448173,3.414109292118146
2025-03-25,0.6652097794990135,0.003929584728012064,0,0.13956900824472362,0.007457427538042066,1.386218310094265,3.273931182876792e-05,-0.030845411160902537,2005.7068453248837
2025-03-26,0.6516969494550597,0.0013636945803535466,0,0.27590141099509646,0.0080412869202043,1.386010351206844,3.198397077313445e-05,0.00393606170425706,7.219600490863671
2025-03-27,0.6454142321313131,0.00225488117681309,0,0.2566253695664876,0.009166487556158832,1.386057667956621,3.4962457883812167e-05,0.0024818444920115695,14.96719030251951
2025-03-28,0.6293767566351315,0.0003581585589737648,0,0.10930044136195231,0.0090899616273228,1.3862536195888762,3.4982379120150676e-05,-0.11741146539509703,27.449163705049262
2025-04-01,0.5568030930842218,0.007607731581500336,0,0.20863178241658586,0.009387430671937622,1.3860818679746432,2.7492571343472344e-05,-0.1656407600287475,1.3880652478225384
2025-04-02,0.6022559578074397,0.0011605427431228975,0,0.17016814399135005,0.010627880095606843,1.386201657417307,1.9074168210451824e-05,-0.16143097704990636,7.197461678945144
2025-04-03,0.6209849020259866,0.007833019735872459,0,0.9438807115308463,0.010808310810206698,1.383169278166924,1.3366256043205684e-05,-0.11509808629104111,25.88738307235004
2025-04-04,0.6165623344306453,0.002570999521301731,0,0.2806670914570872,0.011478456632230146,1.385979628480761,1.17821637076252e-05,-0.1295450035110926,2.35012360723606
2025-04-07,1.0966496799448384,0.051331272891515456,1,1.628738430729694,0.012784552772704112,1.3697751538281526,6.950680299793313e-05,-0.8178468272386213,1.4762936273323244
2025-04-08,1.1193697103971993,0.012784793749152184,0,0.277897059783507,0.016901195271378303,1.3859049319090706,6.754909671939744e-05,-0.7288566231480426,5.903845546269846
2025-04-09,1.1689723351765975,0.0033580161174479677,0,0.07201682512450744,0.018532818399849087,1.3862795684991196,7.592717957681068e-05,-0.7532965209015511,44.33679961322293
2025-04-11,1.1761963881055952,0.013139248840570003,0,0.5955746989136828,0.01996589644073552,1.3849025301767293,4.476381924835888e-05,-0.5945781154693954,5.5172622002015945
2025-04-15,1.278377083592274,0.023370546179059794,0,1.691939296867834,0.019424800963492986,1.374407230773095,1.9622794715091284e-05,-0.42092220970541017,4.76014489531297
2025-04-16,1.3074971811762137,0.0006662929390168642,0,0.06946049026829522,0.019974885776868376,1.3862785597671854,6.141377751485035e-06,-0.4222458425297737,54.14742971734623
2025-04-17,1.3247057835209817,0.0015094079393528118,0,0.2840387904853179,0.018926394824829777,1.385892605625281,5.116004901488405e-05,-0.4102438636249823,3.8919907992740197
2025-04-21,1.3289676848722032,0.0040794352237197885,0,0.0922933312331102,0.018416551827672455,1.386262251847039,5.916345793558716e-05,-0.40847298125873677,9.888775869241734
2025-04-22,1.3479652186354762,0.002477684191301818,0,0.18738472372768183,0.01822147083037001,1.3861788750510267,6.789101273632169e-05,-0.4579903471941249,312.3841084479176
2025-04-23,1.3077525882640957,0.00784548895125313,0,0.6877008339147935,0.016771439879626787,1.3843397423026762,9.805716150830445e-05,-0.4603774453677875,11.39379424295214
2025-04-24,1.3550034211474136,0.0021004795539831455,0,0.17436937863937188,0.01236461540817619,1.3862038513589812,8.774757747548086e-05,-0.4306453213132962,43.298508021651514
2025-04-25,1.3632290262171802,0.001743079532846424,0,0.06065342474612457,0.010405873572637201,1.38627580721087,6.948663151961814e-05,-0.4166162650180092,3.5662830617019825
2025-04-28,1.3699620078443748,0.0012845833316052187,0,0.4320907271038463,0.009902718878579424,1.3856285174548573,8.18025764429868e-05,-0.48350048963178266,1.9281235155980543
2025-04-29,1.4053298357684316,0.001733056394726426,0,0.1580971056574254,0.010899748461547966,1.386214039075103,6.0116171453647556e-05,-0.4599426994164412,2910.056994862478
2025-04-30,1.4240700838097373,0.00025069076510774455,0,0.2193036916295347,0.009050701497456265,1.3861280707700656,3.319747154049352e-05,-0.429578732739639,44134.95656346839
2025-05-02,1.4219726748256714,0.0009167777012286634,0,0.22133076243478797,0.007684370629945651,1.3860794552080655,3.0263578373731485e-05,-0.41396641955544256,823.1072061818747
2025-05-05,1.4606312466984028,0.0029857088105246362,0,0.146734734647151,0.0074694203774135276,1.3862319303780488,1.6062397211680665e-05,-0.41029390822606704,7.516011655592211
2025-05-06,1.4566827999520908,0.0016175686684351742,0,0.26291069050608734,0.007284776561902229,1.386072845570474,6.029445478369184e-06,-0.398110963870703,3.0048046541842024
2025-05-07,1.4325175774784298,0.006018948411724037,0,0.7683546187476047,0.00726525145494804,1.3841696954502862,5.85326969897835e-06,-0.4333783449197261,17.422783245997643
2025-05-08,1.4291676833810578,0.000700145147771852,0,0.07343533120223802,0.0069482440869657845,1.3862730293304824,1.3027061259556399e-06,-0.4191447794115772,2.062616292957111
2025-05-09,1.468023691876918,0.014024454347974674,0,1.0419701810381568,0.006951912078261607,1.3816656583299416,6.571324807940805e-06,-0.38443616639330436,1.5653525217438178
2025-05-12,1.2114337040087035,0.017019439544158736,1,0.6765273880058837,0.01005610731563615,1.3841734944990924,4.8319928817379626e-05,0.2670043133137622,1.1194838562495268
2025-05-13,1.175370307378543,0.0024362317791405226,0,0.08738343960869023,0.01448001050004722,1.3862609017842384,1.436781595701436e-05,0.2677408847017743,8.970821831753002
2025-05-14,1.123062213208667,0.001441334754866902,0,0.19934633296003776,0.0163924052473832,1.3861522428480424,1.9021314311284763e-05,0.22610726398964337,136.65990103189594
2025-05-15,1.144568368078294,0.0011162106062062123,0,0.026555847195197043,0.017693812669539313,1.3862906189335469,4.359209397846448e-05,0.17254814650741238,7.864244053273116
2025-05-16,1.094286087858816,0.00010177325488690824,0,0.18385006917194768,0.01918351361831189,1.3861990556768224,4.048852005966345e-05,0.1748311988889741,654.8065435534306
2025-05-19,1.1280491430388246,0.0005777562751593765,0,0.12765149291430652,0.01843435926398418,1.386245851500603,2.9273883906530172e-05,0.1845831448662259,53.412014867622936
2025-05-20,1.0870191347180047,0.002032372541016325,0,0.7825840832610547,0.018745265323921515,1.3840618319658329,1.9081215934080765e-05,0.18930174914660922,3.4958508492308553
2025-05-21,1.0890225978130508,0.002441913722706511,0,0.2087436787238641,0.01969779966026919,1.3861311249206612,2.502366558668465e-05,0.17098663280327267,14.701721987614585
2025-05-22,1.081010104729966,0.003209051160358376,0,0.22217617815032947,0.020613886598168218,1.386104927638059,2.1418731815771855e-05,0.19240894907081377,3.2094856609423665
2025-05-23,1.0480393911007149,0.0012102038351852213,0,0.16196319945164434,0.0172368205678128,1.38619751208846,5.235455140728991e-05,0.1495159868456084,3.22221153905402
2025-05-26,1.0461652700658124,0.00266007364650849,0,0.16132188564467845,0.011952501619698144,1.3862114599303645,2.9068364556788347e-06,0.11862557596362075,9.606130363662299
2025-05-27,1.0052367674957055,0.0017815040323411484,0,0.1679306204688276,0.011438060597242701,1.386175649941919,8.560639690748618e-06,0.12258942377507322,5.6141444212786675
2025-05-28,1.0643786829842738,0.0002537634445902175,0,0.07013082019797151,0.01052129644563819,1.38628071229084,2.9646900942453774e-06,0.11200001012841472,29.183011207695674
2025-05-29,1.047717103833529,0.0029307799334423595,0,0.22757744812934808,0.009261802429069047,1.3861082583887403,6.188237933835252e-06,0.09552657656385595,18.764637304342827
2025-05-30,1.0839470360946073,0.0008459862621076484,0,0.12723511625935335,0.009854023491140144,1.38624619864838,7.3506906641326485e-06,0.10876915351121035,10.31293617394347
2025-06-02,1.0712152975769447,0.0032780015981928264,0,0.2003071890917938,0.009231922930934467,1.3861477661632335,6.236453118035159e-06,0.15598847271668348,43.1196484927123
2025-06-03,1.042360292908466,0.0028160458230327653,0,0.2654635672725267,0.008111402099495332,1.3860098172393442,3.6139925814174387e-06,0.17640856083539136,1.6533510984678128
2025-06-04,1.1213172834650709,0.0007310851928466977,0,0.10050010798074896,0.007750280198410657,1.3862671316813784,4.776827430166419e-06,0.1541455716740721,8.382662583987385
2025-06-05,1.104875633459694,0.0028796607402494785,0,0.20525442780808784,0.005977469318450756,1.3861296680712383,3.296713136932472e-06,0.17450780851768838,3.605484386175627
2025-06-06,1.1079430862449213,8.89369568167248e-05,0,0.148532075658871,0.006081332192661089,1.386205462085728,3.4967335545050873e-06,0.17208575611964483,1.8749700602717645
2025-06-09,1.005987939177028,0.006261542188571444,0,1.3806141809339845,0.0053234311068369004,1.3809795039545714,2.300330332149766e-06,0.1544812452202116,12.93585674844534
2025-06-10,0.9107962059925103,0.003691970276648708,0,0.6118782992349789,0.00531324667488326,1.3851264557443783,5.592935955755007e-06,0.13836206103923096,89411.87579403413
2025-06-11,0.9140107518205137,0.001190340214776931,0,0.2053110688521953,0.004778658147571076,1.3861687769767608,7.502357778857592e-06,0.13929986047599985,68.11140079518859
2025-06-12,0.9369271543998341,0.0009163478965887164,0,0.23582550937024496,0.005332431021220167,1.3860692612402152,1.3176324277846846e-06,0.15428998266788152,2.180058764777027
2025-06-13,1.0214000664699523,0.01682329513309025,0,1.4661255907536677,0.005479010079501466,1.3775276126525187,8.205964710042163e-07,0.16280897785539075,3.5799393090501472
2025-06-16,0.9779658221439298,0.0005561066297648179,0,0.3282345807792083,0.006626259960642998,1.3859245335749517,6.427555747989157e-06,0.14649834204480477,2.797531456333248
2025-06-17,0.9489787138179009,0.0012558847031876076,0,0.3032028489263,0.0069247978179511095,1.3860124746382274,8.291973800618048e-06,0.20717575885940256,17.854875708129796
2025-06-18,0.9313785679749963,0.0026208108491036857,0,0.2686942274525562,0.006918139426027165,1.3860418420267095,5.1300472078437395e-06,0.22989872569877573,90.23614345744346
2025-06-19,0.9801309870163478,0.0003547607775716115,0,0.2130580706615403,0.006481004474366655,1.3861631295694528,1.0981860314698729e-06,0.28020332169050255,258.11496968543076
2025-06-20,0.9919389997486256,0.00022587768090902416,0,0.7293070621629419,0.007304316397029811,1.3843660298500127,3.0185884428870777e-06,0.2652355386824254,1.6207771620892544
2025-06-23,1.0060733090992229,0.006898847463640883,0,0.37621975098218047,0.008909348562378105,1.3857588151471687,3.688618192182949e-06,0.3331690168390562,6.747426756571739
2025-06-24,1.0269810853445318,0.008294864366764408,0,0.3744232922908218,0.009694980929349478,1.385698920504078,1.7001582075632544e-06,0.3210396641233182,24.641509195512093
2025-06-25,1.034319580429232,0.004223559826946784,0,0.314757418776459,0.00896965365982709,1.3860041308279718,3.1064239552548957e-06,0.2613367809470571,4.212160811150956
2025-06-26,0.9841138417612193,0.0009581250621321942,0,0.6739327935544518,0.009050279224778834,1.3847554231659447,1.9338196791249407e-05,0.23638216598446354,2.8602627296140595
2025-06-27,1.031266246363072,0.0010816642178494195,0,0.08219457430956362,0.008216384885423466,1.3862751523944226,2.4059234188654076e-05,0.20685483303697733,21.5098366831019
2025-06-30,0.9992929427681535,0.0009298193469317427,0,0.25018487008904405,0.007691289795954533,1.386095441819665,1.52818322210549e-05,0.23271299546528643,11.206215231580403
2025-07-01,1.0759931022125981,0.0013432507390020232,0,0.15722088518786878,0.008093135607921634,1.3862307527631987,1.762363849043084e-05,0.26240121722051307,257.8075020395744
2025-07-02,1.056052714476891,0.0018188899062933912,0,0.16691418581326586,0.008485287857152577,1.386196439349214,1.6868841376654656e-05,0.2621964225894404,15.873799366733689
2025-07-03,0.9872121099596765,0.002029072146460919,0,0.10082306108342538,0.007154973574786778,1.3862601595783202,1.6296127527090336e-05,0.2853368386705812,14.21666757534849
2025-07-04,1.0028268582749338,0.0009264964449514135,0,0.26066667870883803,0.005563934168807011,1.3860883006519331,7.738329565326807e-06,1.1444514650242383,9.095005444805462
2025-07-07,1.1020327299709178,0.00041447578346118745,0,0.19561471316416076,0.004860670545181782,1.386199870600434,9.884237928181045e-06,1.2434958684193607,151785.1449296132
2025-07-08,1.1057210031301277,0.0013146683108749807,0,0.417808707351074,0.004562445350343986,1.3858168492008751,9.61646802038957e-06,1.234188503693446,4.538513185432925
2025-07-09,1.1396821194376825,0.0003095940305608938,0,0.18156278567862524,0.004585825215202163,1.3862020654051885,4.299676619630251e-06,1.3448815649500663,5.269625996396737
2025-07-10,1.1221412032003644,0.0013944834596921582,0,0.5557339708118527,0.0039663779325984855,1.385368823936119,2.29144612450069e-06,1.445079529454654,1.6135096838446703
2025-07-11,1.0944144095252426,0.003941855402714032,0,0.1575011579259589,0.003431745941271808,1.386211907467513,6.549124883585374e-06,1.4569416478776582,1.4789020724569892
2025-07-14,0.883721194008531,1.3901148930218038e-05,0,0.1655780722865996,0.0034044111267586413,1.386210606497639,5.63811471104048e-06,1.588759875850319,14.527046232813934
2025-07-15,0.8848270008672717,0.00028698267502101025,0,0.058086331561588614,0.0037119535690896296,1.3862843631989854,5.128580167179596e-06,1.6575121748531008,5.872088750018074
2025-07-16,0.9002359705666756,3.170430933534633e-05,0,0.20865059659498486,0.003966913953879941,1.3861670349546766,3.553081380099303e-06,1.6651393176289724,280.98416985910967
2025-07-17,0.8909799146690712,0.0007414029085194965,0,0.5711436689332401,0.004029293382029031,1.3854196046845197,4.474405909641743e-06,1.7335102813410925,6.892391435555631
2025-07-18,0.8757431154738265,0.00011542960984538477,0,0.06839657017638462,0.0039777860397811485,1.3862784648749253,7.603793228288373e-06,1.7261721696066252,2.348755830498958
2025-07-21,0.8390625553821894,0.0012247830770052675,0,0.14316096094456365,0.004890020819417878,1.3862209966510122,6.500094095588587e-06,1.713691830406523,3.9077559237532866
2025-07-22,0.7861827541235757,0.0030224924428393306,0,0.5658047505349433,0.005096035366661589,1.3853303180484229,7.712612205114087e-06,1.8387489710387561,52.631423270986964
2025-07-23,0.6441922612937903,0.0031254538617107902,0,0.18543992871588844,0.005604656841683577,1.3861901543669573,5.002837306620115e-06,1.7809991404772259,2.8477607956859043
2025-07-24,0.6620004053525779,0.0009274240142852474,0,0.33893012004515766,0.006629345196193189,1.385913094743911,5.929370749265999e-06,1.7767059905789073,3.4855835934258175
2025-07-25,0.6309549000306147,0.0020670056780777725,0,0.35792562517958315,0.0063294758518679,1.3859020530951087,6.558502990869121e-06,1.7462725902144136,2.286011741542416
2025-07-28,0.6408961950220263,0.0021987669789320344,0,0.10381299293444403,0.005830930665425178,1.3862551237141494,8.823667918526697e-06,1.7885600818604817,5.080680782399064
2025-07-29,0.689135752855429,0.0028910226603834953,0,0.6243612420377611,0.0067308242389029,1.3849549470574634,8.424267615224505e-06,1.7257952827416185,7.250410408420679
2025-07-30,0.6457937707989424,0.0027881205010160735,0,0.4338961459103416,0.006692442053237466,1.385715099372653,8.068311262826555e-06,1.7262602590550284,104.0996760324068
2025-07-31,0.8171880383329831,0.008598533213099648,0,0.5609131827706929,0.007042067014737633,1.3848873288056232,7.751273954813139e-06,1.732793910411301,13.70249295958568
2025-08-01,0.8181572483561994,0.0013513950635808854,0,0.11972708236372774,0.006390546173675967,1.386244223251527,9.60101058548934e-06,1.7825723315731727,2.268524975883343
2025-08-04,0.8170666562851767,0.0012489951719103698,0,0.11665471241230241,0.007339674212357489,1.386252005235473,9.010809201129638e-06,0.2733947220697774,3.7919358108386474
2025-08-05,0.724123738169126,0.00010112654985053708,0,0.09042868672027754,0.0075440428627542005,1.386270123451018,1.0121888166531573e-05,0.42023639227484944,14.943959079165339
2025-08-06,0.7448767953679569,0.0003327661651820447,0,0.10085464155942499,0.006154625736626667,1.3862654200664437,1.4103735685399273e-05,0.4720845118589244,14.818364148456926
2025-08-07,0.7457189256040264,0.004486287807119242,0,0.1701225320113073,0.0062889432439339,1.3861788632616812,1.0078720826861351e-05,0.3238997006064487,159.91469341356427
2025-08-08,0.7464425785745228,0.002112331585029428,0,0.17420765681665432,0.007143100401496578,1.3861894569527502,1.0484484128145479e-05,0.30518274413262925,1.6604500631562107
2025-08-11,0.7484799793748237,0.0003364831166197268,0,0.408163039923115,0.007876816451280676,1.3857341482434418,2.408123166482524e-06,0.2556117787731392,2.333104127806414
2025-08-12,0.7433843375439498,0.00088308767377237,0,0.1895164918679957,0.008848258995442542,1.3861617776569404,7.965008796119428e-06,0.30790345061281504,12.537437809002832
2025-08-13,0.726272247527374,0.004026562648697337,0,0.3406226665295165,0.00934743323802231,1.385944145049098,5.924148182864804e-06,0.3074142424345716,7.5516433517507275
2025-08-14,0.7933232972994807,0.0004915882760408837,0,0.1703836637294376,0.009364469037515755,1.3862228879804155,3.4200489768327664e-06,0.2945746204514583,923.5406361117704
2025-08-18,0.8712876347733017,0.012382709485590039,0,1.0849347655947732,0.008789091989112988,1.3819699918258799,7.97054971114599e-06,0.2956728261818507,2.2901290957807543
2025-08-19,0.9092962626270377,0.0005786973381032772,0,0.09683554369604287,0.008390374864623065,1.3862678283730574,6.392585483982926e-06,0.3030368006119271,9.288619462663199
2025-08-20,0.9187713297810638,0.0005946212178894344,0,0.039811233517737035,0.008531400011016765,1.3862895422364772,9.700921695491983e-06,0.25927579143606966,19.557740544426785
2025-08-21,0.9187283112513189,0.0036439399280330147,0,0.7734455641405723,0.008255333773329999,1.3846242035256058,1.1879616235068649e-05,0.22469453420992733,71.59390896966859
2025-08-22,0.9151465061293103,0.0007816722223780314,0,0.44339899385014314,0.008196834180809099,1.3856726712502079,7.41897280594562e-06,0.2543493635584652,2.713058411683105
2025-08-25,0.9195191605878578,0.003173506128425837,0,0.24770442528559677,0.007519062038895344,1.386113303984557,1.3690400815020393e-05,0.1972135987498868,7.5143415064704
2025-08-26,0.913204064333518,0.0027372691541802854,0,0.3135637785257912,0.007649309491139422,1.3859755582969406,3.268351626891293e-06,0.16259624167547515,1.9256620062133363
2025-08-28,0.9105364340228309,0.0006577902123663387,0,0.5130338892334788,0.006800309479653977,1.385472847824629,3.7765362223359496e-07,0.14939381233385474,3.665093157938632
2025-08-29,0.8918915237677829,0.0013968900950518171,0,0.20618962035081748,0.0068742571775351,1.3861557588346856,5.211620844733772e-06,0.19872443462210876,30.26401778643572
2025-09-01,0.8923129789756865,0.00023944590333929767,0,0.8933983547326452,0.007059810282774399,1.383996482994291,1.8298710686739544e-07,0.20180663103806887,4.125518089543593
2025-09-02,0.7483733631065654,0.001134347698573919,0,0.14262600636863618,0.007522593171353422,1.3862210855679171,7.588452043633292e-06,0.22861414124380192,75.44219171771307
2025-09-03,0.7459806361748159,0.0015001350854260645,0,0.08038879038876678,0.008186748137474557,1.3862724796300323,6.893825644186293e-06,0.2228884579525329,6.016950355637127
2025-09-04,0.8968897379977387,0.010693126835848128,0,1.289936051452658,0.008547542588235512,1.380046696061217,8.062346679696842e-06,0.2162919996617843,179.30496007131742
2025-09-05,0.8954059400997615,0.0034124534769210024,0,0.34332085106164983,0.007506363605747333,1.385866849326845,8.67695531761716e-06,0.22700620851724074,1358.0949477629904
2025-09-08,0.868497275488501,0.0024866841167352862,0,0.20905876793213204,0.006234711582660746,1.3861635506141594,2.2695883069161495e-06,0.23211159265247241,21.334990211323525
2025-09-09,0.8426509594310043,0.003664559198170257,0,0.743709665471409,0.004938509512390433,1.3848131469761975,2.3097414117728965e-06,0.17619947257035876,3.202277039297753
2025-09-10,0.8448228967050263,0.004909812251540206,0,0.6392606763685187,0.004786833615372,1.3850443876896386,5.0202481234391756e-06,0.16244043934595057,1.975569687660989
2025-09-11,0.87513210385905,0.0011057847136450743,0,0.2708039476902651,0.004491557473775467,1.3861021284692219,6.894642048832138e-06,0.12275334377067776,21.30310293765385
2025-09-12,0.8872401202573867,0.0027535675810696964,0,0.26476253599666605,0.0035943145478996336,1.3861043644868762,8.121096469811925e-06,0.07371886662665338,2.906504724401285
2025-09-15,0.9586243774120132,0.00019510681654596858,0,0.040225205912362276,0.003170579658327622,1.3862903395350958,4.615992080688984e-06,0.08240096299409963,17.56184213641901
2025-09-16,0.8925424290364464,0.00017551436055163327,0,0.47017544697723723,0.003303564382571178,1.3856368917922153,7.064535899280766e-06,-0.045887232250801296,1.9030462086175663
2025-09-17,0.910248476332856,0.0014846872345977142,0,0.1716321743391975,0.0031293879338620775,1.3862288145829567,6.161391051091318e-06,-0.10978396172538053,6.327629592674832
2025-09-18,0.9083768830672732,0.00436470822876232,0,0.722096569003576,0.003081142803250422,1.3846776800858125,6.754222459034708e-06,-0.11436285646292418,6.95286378503492
2025-09-19,0.9216697313299368,0.0005272236678871915,0,0.08538630617072307,0.003798424938462022,1.3862734803156136,7.382299951993949e-06,-0.06666787278561319,6.204002752081797
2025-09-22,0.9247364353976648,0.00351828336090392,0,0.21250557978990356,0.0036410992680967224,1.3861444024294578,6.713144011408184e-06,-0.1473432013514418,4.555769742805922
2025-09-23,0.9244649010808829,0.00026384497598696557,0,0.17930772130213382,0.004005961120548733,1.3861907573563594,4.733726164999153e-06,-0.10737054077686305,39.42452253607855
2025-09-24,0.9327678575238837,0.0024165530647396226,0,0.11202113592612932,0.004037371538189156,1.3862589287911862,1.3915284900936113e-06,-0.10822708208065654,3.689663708396592
2025-09-25,0.9333661637331789,0.0008943807497303367,0,0.0785737368808806,0.003940952209818189,1.3862738815052227,2.1490932763678305e-06,-0.061013675464355877,2.371737585001422
2025-09-26,0.9362894553196486,0.002908861444170176,0,0.11813823186308277,0.0035819053012851113,1.3862463416144286,9.471745612357356e-06,-0.08611798957639191,1.9945310956636542
2025-09-29,0.9422900310367569,0.002990958171254082,0,0.21896258220169423,0.00360295854596941,1.3861345655915787,8.986412888937179e-06,-0.09673276624366536,244.0845705116537
2025-09-30,0.9421476509309609,0.0023130953633970406,0,0.26332974394967323,0.0032711603387142,1.3860843202320554,1.0635353851216676e-05,-0.06851421457910185,167.78348112044105
2025-10-01,0.9442822361295322,0.0003839469900404184,0,0.3535389403115082,0.004382474720907122,1.3858669078537191,1.0482926659568985e-05,-0.047643891027276127,2.6471273738422254
2025-10-03,0.949762726256309,0.003095019395720471,0,0.7916961624303558,0.004304128845505688,1.3844407747749916,1.0897947939843228e-05,-0.04716815357984022,33.298049256000326
2025-10-06,0.7721295096550747,0.0008954195632371965,0,0.20347601656800604,0.0047350937018885665,1.3861605997494844,5.857477798148275e-06,-0.08097366027369918,2.6700824656283113
2025-10-07,0.7260310471874867,0.00030502155497597847,0,0.29883350301753614,0.005011447974354556,1.386017265135497,2.161576373152934e-06,-0.12899160128366782,96.98789825652158
2025-10-08,0.72832778966119,0.0011377522691331436,0,0.1905742931444161,0.005069273434423478,1.3861736329069447,2.8565027493302956e-06,-0.1334073296095864,24.406859466578364
2025-10-09,0.7284582543152749,0.0011233096640944676,0,0.0513924879186154,0.005704212399094178,1.386286183705327,2.9335955471051738e-06,-0.18823051598540994,3.2945470801897
2025-10-10,0.7100597564475278,0.0005620871992925944,0,0.13981141282995613,0.005527996672228034,1.386234116116188,8.511067390934901e-06,-0.1873808642927369,6.385347996362372
2025-10-13,0.7088268867477967,0.004282335248296824,0,0.6879357888752955,0.005269186568931044,1.3848898459422303,9.37574991914446e-06,-0.15967851959573798,11.172959189096805
2025-10-14,0.7294954560541415,0.0019879729697433626,0,0.12937945118405647,0.005356971045809878,1.3862330647546028,8.932036509213735e-06,-0.16428157257299125,6.438060496338341
2025-10-15,0.6502296161650802,0.0014484829129496224,0,0.13634968770662206,0.005382552863257755,1.3862346471717677,1.2766185001262349e-05,-0.22463737947541862,2.242323538374002
2025-10-16,0.6508791184862581,0.0028135581743541664,0,0.22240488618012752,0.004988003392868422,1.3861280142499945,1.3866998926540043e-05,-0.1642773475455928,1.77980620147774
2025-10-17,0.4397125687824721,0.0015039922565068386,0,0.107119983370866,0.0050343763436291895,1.3862519980682495,1.5141583040490385e-05,-0.20843507155183552,8.26658096461746
2025-10-20,0.4215889067605015,0.004453339130822748,0,0.3316323104480991,0.004389547993988878,1.385959423776632,1.3629860104680408e-05,-0.2100864362297152,8.092256849088864
2025-10-21,0.39180466176199147,0.0022436788911315434,0,0.31120990951026734,0.004443693807339889,1.386025761910089,1.3555117392417847e-05,-0.254803869206522,213.48604156969898
2025-10-23,0.511684545616628,0.007264228687165438,0,0.7076627436020285,0.0035796369154522667,1.3844368025624776,1.3963223849734227e-05,-0.27024706691420225,203.31799641253372
2025-10-24,0.5129849558517046,0.0016863662067126755,0,0.18836988920429115,0.003947149353959456,1.386171011798231,1.1236988651507829e-05,-0.27191712764683706,4.753948810164771
2025-10-27,0.5031295924846332,0.0018609751223838792,0,0.14045136703900504,0.004383565588784111,1.3862347457337303,1.2842460577331772e-05,-0.2687033996479089,1.971428238816423
2025-10-28,0.5026733880981642,0.0010057243748354866,0,0.21292811220770094,0.00513916998430511,1.386134324800125,1.3068640008017216e-05,-0.24404931852287606,45.75654027448735
2025-10-29,0.5612834422732449,0.0017643444426172679,0,0.11642586144959034,0.004625004872456056,1.3862561316379511,1.5007975041849392e-05,-0.30825094826710964,3.9059498062726536
2025-10-30,0.5618088727188357,0.0026711110962185703,0,0.03979677160596284,0.005522853936352211,1.3862893597884645,1.1092508245801078e-05,-0.2921172089421235,2.7250627771927904
2025-10-31,0.5633971426983124,0.0005430375090155496,0,0.02589619499725474,0.005002438546332966,1.3862920060371704,2.5816261678634808e-06,-0.2260561972413965,4.056780393155602
2025-11-03,0.5680500741851774,0.000982128278126002,0,0.0766331088067536,0.005816215809051867,1.3862765294467514,9.609804056931522e-07,-0.2679997611462455,41.596291713586616
2025-11-04,0.5630024759369658,0.0007222013751032541,0,0.1368018849142591,0.006245949896091812,1.3862342472976492,4.483217634752826e-06,-0.2634955484543241,3.53362816014816
2025-11-06,0.5638877462532975,0.00016802880428668385,0,0.11650062568224717,0.006568981163594978,1.3862501865103025,6.5698617222903835e-06,-0.2255167539615742,11.688191891351314
2025-11-07,0.5660768892278362,0.0029797125700640843,0,0.14398251247920874,0.006363888109367011,1.3862198901439653,7.214069285318011e-06,-0.20345285736868718,199.69593154124385
2025-11-10,0.5820985482887742,0.00043922122051110444,0,0.16767517840056967,0.005649204906451522,1.3862093557723745,4.125696275730318e-06,-0.23309695609563957,6.472826897520422
2025-11-11,0.5994362438237096,0.0016663127977298146,0,0.2153680807903841,0.004953362547165023,1.3861162029564846,4.72224296975824e-06,-0.3010721930412955,3.903843933530046
2025-11-12,0.5998523336118945,0.0054086524531276004,0,0.4301568751126728,0.0045790352435467335,1.3857037818312252,1.2052952396589625e-06,-0.2930211935359418,1.9101038859754134
2025-11-13,0.5983174027938826,0.0011702479574616017,0,0.18935857413358287,0.004087520493369156,1.386173869921322,3.297432255627301e-06,-0.28931340850980086,4901.758699804813
2025-11-14,0.6059773433663718,0.004308093894258536,0,0.5794046065463292,0.0041231438627433005,1.3851686899209348,5.497649681091416e-07,-0.3347499342727987,58.351412757882294
2025-11-17,0.6512352720079764,0.0014712584547819632,0,0.04184665822517635,0.003584274134236533,1.386289610725514,4.486149693504358e-06,-0.3342146815391897,5.587434331818865
2025-11-18,0.6648323622385405,0.00032099634658085835,0,0.1942155691370276,0.003574352079691755,1.3861859342054745,2.4351417871576945e-06,-0.273611006641619,5.192102638339057
2025-11-19,0.6448548526151798,0.0003105967752675149,0,0.04473578494278309,0.004292212543474644,1.3862877106285703,6.597888762337018e-06,-0.29341354421038435,2.100941977440229
2025-11-20,0.6449000432782647,0.0030449232825614935,0,0.11431635298091634,0.0040020719469253665,1.3862522457728188,8.984249498230224e-06,-0.3282515285115452,3.218656924549329
2025-11-21,0.6336899347697216,0.0031585847571528117,0,0.362715988872235,0.004689857784602656,1.3859059976203265,8.99945319374122e-06,-0.2600920576032184,5.012800469276986
2025-11-24,0.5446149377938478,0.0020942484998665548,0,0.3044908644867755,0.004587377729817056,1.3859778730808499,6.698817668902098e-06,-0.15463565932006168,6.5619232580816655
2025-11-25,0.5285134217879301,0.0015012127997354981,0,0.20570271409633403,0.0044746863343216,1.3861633455622946,3.327181402113488e-06,-0.09188211591343545,12.874490548843916
2025-11-26,0.594449458278418,0.0016181477691188705,0,1.2794720251344258,0.005397255165326177,1.3807112153838412,7.000797479492812e-06,-0.0014146395388403726,1.5070697959163502
2025-11-27,0.5939066260259579,0.0021327584575206366,0,0.16915189091468522,0.006602901536708267,1.3862039598212272,7.138633864149623e-06,0.027477141442400564,1306.7949378257601
