Date,p_calm,p_crisis,p_calm_raw,p_crisis_raw,state,quality_flag
2007-09-03,0.9961914783405171,0.0038085216594829128,0.99619147834074,0.0038085216594829128,0,OK
2007-09-04,0.9963811582741049,0.0036188417258950943,0.996823744785834,0.0031762552141901858,0,OK
2007-09-05,0.9928899289743999,0.007110071025600118,0.9847437272756129,0.015256272724911844,0,OK
2007-09-06,0.994830460416946,0.005169539583054007,0.999358367116063,0.0006416328837797463,0,OK
2007-09-07,0.9962812472919479,0.0037187527080521005,0.9996664166676487,0.0003335833330476525,0,OK
2007-09-10,0.9973726912102601,0.002627308789739946,0.9999193936857075,8.060631367825155e-05,0,OK
2007-09-11,0.9981502102548759,0.0018497897451240615,0.9999644213584536,3.55786410203324e-05,0,OK
2007-09-12,0.9986957803028489,0.0013042196971511395,0.9999687770814052,3.122291854765506e-05,0,OK
2007-09-13,0.9990664683957116,0.0009335316042884769,0.9999314072799262,6.859272094226462e-05,0,OK
2007-09-14,0.9993378229464129,0.000662177053587078,0.9999709835655065,2.901643528381387e-05,0,OK
2007-09-17,0.9995248112978554,0.0004751887021446293,0.9999611174509221,3.888254877891568e-05,0,OK
2007-09-18,0.9994802345111751,0.0005197654888248848,0.9993762220096173,0.0006237779910788143,0,OK
2007-09-19,0.9995951325772287,0.00040486742277138165,0.9998632280648773,0.00013677193531320766,0,OK
2007-09-20,0.9997096408880661,0.0002903591119339172,0.9999768269474026,2.3173053313166798e-05,0,OK
2007-09-21,0.9997885780960478,0.0002114219039521404,0.9999727649153908,2.7235085327994568e-05,0,OK
2007-09-24,0.9998447624431873,0.0001552375568126776,0.9999758592533812,2.414074682059777e-05,0,OK
2007-09-25,0.9998834771842244,0.00011652281577555042,0.9999738115794093,2.6188420022253666e-05,0,OK
2007-09-26,0.9999089553900447,9.104460995531681e-05,0.9999684045367923,3.1595463041438435e-05,0,OK
2007-09-27,0.9999241114754122,7.588852458788824e-05,0.9999594756744454,4.052432539722159e-05,0,OK
2007-09-28,0.9999357866898649,6.421331013503372e-05,0.9999630288561646,3.697114307837316e-05,0,OK
2007-10-01,0.9999275168806012,7.248311939882411e-05,0.9999082206587651,9.177934101433502e-05,0,OK
2007-10-02,0.9999424169607645,5.7583039235516e-05,0.9999771838140035,2.281618552113042e-05,0,OK
2007-10-03,0.999950181484841,4.981851515895903e-05,0.9999682987077002,3.170129231365946e-05,0,OK
2007-10-04,0.99995484042068,4.515957932010528e-05,0.999965711271554,3.428872902944654e-05,0,OK
2007-10-05,0.9999593493611308,4.06506388691981e-05,0.9999698702223034,3.0129777817081382e-05,0,OK
2007-10-08,0.999859682378401,0.00014031762159905957,0.9996271260845621,0.000372873914635403,0,OK
2007-10-09,0.9998937178571213,0.00010628214287870162,0.9999731339747192,2.6866025864533104e-05,0,OK
2007-10-10,0.9999192991300445,8.070086995547514e-05,0.9999789887667295,2.1011233134613397e-05,0,OK
2007-10-11,0.9999350085385391,6.499146146093309e-05,0.9999716638243886,2.833617497366832e-05,0,OK
2007-10-12,0.9999448720184901,5.512798150989458e-05,0.9999678868052359,3.21131949574714e-05,0,OK
2007-10-15,0.9999449374737837,5.506252621636548e-05,0.9999450902029108,5.4909797198130926e-05,0,OK
2007-10-16,0.9999526542689136,4.7345731086490515e-05,0.9999706601240674,2.9339875783448957e-05,0,OK
2007-10-17,0.9999562979164418,4.3702083558159506e-05,0.9999647997603412,3.520023932538715e-05,0,OK
2007-10-18,0.9999492480815039,5.075191849608117e-05,0.9999327984667924,6.720153335123173e-05,0,OK
2007-10-19,0.9999540489368454,4.5951063154600006e-05,0.9999652509321497,3.4749067357810636e-05,0,OK
2007-10-22,0.9999464702465852,5.3529753414815665e-05,0.9999287866359126,7.121336402198554e-05,0,OK
2007-10-23,0.9999544255331321,4.557446686787206e-05,0.9999729878683314,2.7012131591670318e-05,0,OK
2007-10-24,0.9999570007303656,4.299926963434579e-05,0.9999630095246601,3.6990476089451164e-05,0,OK
2007-10-25,0.9999612400789808,3.8759921019240345e-05,0.9999711318925233,2.8868107583994307e-05,0,OK
2007-10-26,0.999961078024027,3.8921975972990605e-05,0.9999606998964001,3.930010419840788e-05,0,OK
2007-10-29,0.9999659597013849,3.404029861511429e-05,0.9999773502823103,2.2649718113402902e-05,0,OK
2007-10-30,0.9999667367120229,3.3263287977155634e-05,0.9999685497366821,3.1450263155252105e-05,0,OK
2007-10-31,0.999970803272629,2.9196727370962726e-05,0.9999802919133187,1.970808595651262e-05,0,OK
2007-11-01,0.9999559428379112,4.4057162088729796e-05,0.9999212684905825,7.873150976351963e-05,0,OK
2007-11-02,0.999960071431258,3.992856874205787e-05,0.9999697048156805,3.0295184266490037e-05,0,OK
2007-11-05,0.9999635737025908,3.642629740920983e-05,0.99997174566932,2.825433096589773e-05,0,OK
2007-11-06,0.9999649600654109,3.503993458909078e-05,0.9999681949121848,3.1805088008813004e-05,0,OK
2007-11-07,0.9999414055403554,5.8594459644583166e-05,0.9998864449821632,0.00011355501810739872,0,OK
2007-11-08,0.9999308127894909,6.918721050911815e-05,0.9999060963709695,9.390362919303315e-05,0,OK
2007-11-09,0.9996378748997161,0.000362125100283871,0.9989543531572836,0.0010456468430916277,0,OK
2007-11-12,0.9996770010667054,0.00032299893329457103,0.9997682954556676,0.00023170454365287112,0,OK
2007-11-13,0.9997139774786244,0.0002860225213755249,0.9998002557721928,0.00019974422689775058,0,OK
2007-11-14,0.9997483985176298,0.00025160148237026207,0.9998287142762069,0.0001712857246913155,0,OK
2007-11-15,0.9997541269060082,0.0002458730939918387,0.9997674931456435,0.00023250685444218424,0,OK
2007-11-16,0.9997634572993471,0.00023654270065287108,0.9997852282178182,0.00021477178286194665,0,OK
2007-11-19,0.9996908853829288,0.00030911461707122304,0.9995215509104127,0.00047844908871404434,0,OK
2007-11-20,0.9996567350249799,0.0003432649750201828,0.9995770508570281,0.0004229491435677555,0,OK
2007-11-21,0.9996625119804076,0.00033748801959241205,0.9996759915435619,0.00032400845692761383,0,OK
2007-11-22,0.9994418151756854,0.0005581848243145782,0.9989268559648458,0.001073144035332966,0,OK
2007-11-23,0.9936638151837766,0.006336184816223467,0.9801818152019606,0.01981818479734421,0,OK
2007-11-26,0.9942982095302187,0.005701790469781202,0.995778463005351,0.00422153699474925,0,OK
2007-11-27,0.9959255092299452,0.004074490770054871,0.9997225418625856,0.0002774581373600972,0,OK
2007-11-28,0.9971241756831234,0.0028758243168766377,0.9999210640741175,7.893592612742799e-05,0,OK
2007-11-29,0.9979787764501561,0.002021223549843908,0.9999728449069123,2.7155093434207325e-05,0,OK
2007-11-30,0.9985764502709137,0.0014235497290863153,0.9999710225198539,2.8977480651932457e-05,0,OK
2007-12-03,0.9989924910917922,0.0010075089082078306,0.9999632530074234,3.674699282469961e-05,0,OK
2007-12-04,0.9987787165754042,0.0012212834245958065,0.9982799093710477,0.0017200906295010833,0,OK
2007-12-05,0.9239446042461987,0.07605539575380131,0.7493316754778196,0.25066832452194754,0,OK
2007-12-06,0.945445550916931,0.05455444908306892,0.9956144264815754,0.004385573518026664,0,OK
2007-12-07,0.9617889305162793,0.038211069483720626,0.999923482914628,7.651708524127194e-05,0,OK
2007-12-10,0.9732006449546822,0.026799355045317847,0.9998279786449354,0.0001720213557113651,0,OK
2007-12-11,0.9809048909623234,0.019095109037676614,0.998881464980643,0.0011185350198470733,0,OK
2007-12-12,0.9751177593562367,0.024882240643763345,0.9616144522757161,0.03838554772463239,0,OK
2007-12-13,0.6827535021562542,0.3172464978437458,0.0005702353561519941,0.9994297646437048,0,OK
2007-12-14,0.7727708250071099,0.2272291749928901,0.9828112449929889,0.017188755007560216,0,OK
2007-12-17,0.839319564466592,0.16068043553340805,0.9945999565378736,0.0054000434612833225,0,OK
2007-12-18,0.8874609806697815,0.11253901933021854,0.9997909518099802,0.00020904818944302776,0,OK
2007-12-19,0.9212080839437944,0.07879191605620565,0.999951324917273,4.8675083508958e-05,0,OK
2007-12-20,0.9447958721455558,0.05520412785444423,0.9998340446169134,0.0001659553836675849,0,OK
2007-12-21,0.9572207661167786,0.04277923388322134,0.9862121853829586,0.01378781461703462,0,OK
2007-12-27,0.670054536281745,0.32994546371825495,3.023926086907482e-94,1.0,0,OK
2007-12-28,0.4690381753972216,0.5309618246027784,2.412409364146358e-96,1.0,1,OK
2007-12-31,0.3283267227780551,0.6716732772219449,1.4212787169832283e-97,1.0,1,OK
2008-01-03,0.22982870594463867,0.7701712940553613,1.0600719487625171e-105,1.0,1,OK
2008-01-04,0.16088009416124716,0.8391199058387528,1.1101922081335185e-100,1.0,1,OK
2008-01-07,0.11261606591287299,0.887383934087127,2.575729006926892e-100,1.0,1,OK
2008-01-08,0.07883124613901105,0.921168753860989,1.0012049772466864e-100,1.0,1,OK
2008-01-09,0.055181872297307866,0.9448181277026921,3.3679354452638623e-100,1.0,1,OK
2008-01-10,0.03862731060811564,0.9613726893918844,2.302306401963249e-100,1.0,1,OK
2008-01-11,0.027039117425680992,0.972960882574319,4.925913185899219e-100,1.0,1,OK
2008-01-14,0.01892738219797674,0.9810726178020233,3.195811099039858e-100,1.0,1,OK
2008-01-15,0.01324916753858374,0.9867508324614163,9.379491190994072e-196,1.0,1,OK
2008-01-16,0.009274417277008729,0.9907255827229913,6.176310565129431e-100,1.0,1,OK
2008-01-17,0.006492092093906221,0.9935079079060938,6.239542772135174e-102,1.0,1,OK
2008-01-18,0.004544464465734421,0.9954555355342656,5.679184657077699e-105,1.0,1,OK
2008-01-21,0.003181125126014095,0.9968188748739859,1.3895579838148795e-134,1.0,1,OK
2008-01-22,0.002226787588209822,0.9977732124117902,1.967034741375991e-120,1.0,1,OK
2008-01-23,0.0015587513117469864,0.998441248688253,1.899569557907021e-127,1.0,1,OK
2008-01-24,0.0010911259182229127,0.9989088740817771,5.767493827599539e-132,1.0,1,OK
2008-01-25,0.0007637881427560167,0.999236211857244,4.768148259348641e-132,1.0,1,OK
2008-01-28,0.0005346516999291673,0.9994653483000708,7.818259976410737e-13,1.0,1,OK
2008-01-29,0.00037425619322473125,0.9996257438067753,1.0770530788260515e-11,0.9999999999890861,1,OK
2008-01-30,0.0002619793467169007,0.9997380206532831,3.7596391397358323e-11,0.9999999999618012,1,OK
2008-01-31,0.00018432601149998007,0.9998156739885,3.134895959562704e-06,0.9999968651040061,1,OK
2008-02-01,0.00013169065102558442,0.9998683093489744,8.874809764002766e-06,0.9999911251900815,1,OK
2008-02-04,9.482219929002333e-05,0.99990517780071,8.795811457511285e-06,0.9999912041880933,1,OK
2008-02-05,6.6375540594521e-05,0.9999336244594055,4.449712091269092e-12,0.999999999996362,1,OK
2008-02-06,0.00012693247239581318,0.9998730675276042,0.00026823197996597367,0.9997317680200677,1,OK
2008-02-07,0.005871832655448439,0.9941281673445516,0.019276599748594105,0.9807234002507622,1,OK
2008-02-08,0.06818987847591995,0.93181012152408,0.21359865205781214,0.7864013479429799,1,OK
2008-02-11,0.26787390013061996,0.73212609986938,0.7338032839918478,0.2661967160084134,1,OK
2008-02-12,0.45518287922342626,0.5448171207765737,0.8922371637741661,0.10776283622669236,1,OK
2008-02-13,0.612802248087744,0.387197751912256,0.9805807754378454,0.01941922456218138,0,OK
2008-02-14,0.7277944649909391,0.27220553500906086,0.9961096377650066,0.0038903622349387742,0,OK
2008-02-15,0.8088707708277132,0.19112922917228684,0.9980488177793673,0.0019511822198142038,0,OK
2008-02-18,0.8659571514844258,0.13404284851557421,0.9991587063503131,0.0008412936499114899,0,OK
2008-02-19,0.9060725918558078,0.09392740814419223,0.9996752860555121,0.00032471394430096334,0,OK
2008-02-20,0.9342368793193654,0.06576312068063457,0.9999535500684831,4.644993233335413e-05,0,OK
2008-02-21,0.9539495531448593,0.046050446855140724,0.9999457920707897,5.420792898843516e-05,0,OK
2008-02-22,0.9677472612974297,0.0322527387025703,0.9999419136538208,5.808634657265207e-05,0,OK
2008-02-25,0.9774042405967709,0.02259575940322907,0.9999371922956669,6.280770476621872e-05,0,OK
2008-02-26,0.9835607341992623,0.016439265800737755,0.9979258859392403,0.00207411406159135,0,OK
2008-02-27,0.988452332342291,0.011547667657708975,0.9998660613430368,0.00013393865730848992,0,OK
2008-02-28,0.9918998982983566,0.008100101701643466,0.9999442188624454,5.5781137490611825e-05,0,OK
2008-02-29,0.9943080855812279,0.005691914418772156,0.9999271892416987,7.281075873910174e-05,0,OK
2008-03-03,0.9959953939521431,0.004004606047856956,0.9999324468179898,6.755318238815976e-05,0,OK
2008-03-04,0.997143826648787,0.0028561733512129876,0.9998235029411945,0.0001764970590437276,0,OK
2008-03-05,0.997969529673807,0.002030470326192927,0.9998961700649837,0.0001038299344794539,0,OK
2008-03-06,0.9985077353642563,0.0014922646357437546,0.9997635486427299,0.0002364513580290182,0,OK
2008-03-07,0.9989276739549392,0.0010723260450608066,0.9999075306668779,9.246933346726147e-05,0,OK
2008-03-10,0.9992203519507962,0.000779648049203852,0.999903267273583,9.673272553762496e-05,0,OK
2008-03-11,0.9994051029296559,0.0005948970703441056,0.9998361885462732,0.00016381145300469732,0,OK
2008-03-12,0.9995353566219225,0.0004646433780775018,0.9998392819032987,0.00016071809612209307,0,OK
2008-03-13,0.9995798200524262,0.0004201799475738355,0.9996835680560355,0.00031643194306528075,0,OK
2008-03-14,0.9995936423155862,0.00040635768441380236,0.9996258942631594,0.0003741057370403918,0,OK
2008-03-17,0.999313637927443,0.0006863620725570034,0.9986602943554785,0.0013397056448911395,0,OK
2008-03-18,0.998888983566017,0.0011110164339830798,0.9978981233896724,0.0021018766106439247,0,OK
2008-03-19,0.9990284416016879,0.000971558398312128,0.9993538436846058,0.0006461563150799075,0,OK
2008-03-25,0.9978742036397573,0.00212579636024264,0.9951809817281163,0.0048190182714138345,0,OK
2008-03-26,0.9984940493244934,0.0015059506755066157,0.9999403559229794,5.9644077789226016e-05,0,OK
2008-03-27,0.9989263355164657,0.0010736644835342795,0.9999350032981813,6.499670226549468e-05,0,OK
2008-03-28,0.9992367385854131,0.0007632614145869136,0.9999610124138308,3.8987587043060306e-05,0,OK
2008-03-31,0.9990587800497608,0.0009412199502391816,0.9986435434659626,0.001356456533427807,0,OK
2008-04-01,0.9861642192974506,0.013835780702549377,0.9560769108761781,0.0439230891246065,0,OK
2008-04-02,0.9901695838505173,0.009830416149482666,0.9995154344746342,0.00048456552566033715,0,OK
2008-04-03,0.9931041848860783,0.00689581511392168,0.9999515873028516,4.8412697612713625e-05,0,OK
2008-04-04,0.9951620391498771,0.0048379608501228945,0.9999636990982811,3.630090125906171e-05,0,OK
2008-04-07,0.9966038238501285,0.0033961761498714858,0.9999679881506189,3.201184928486515e-05,0,OK
2008-04-08,0.9976134572459497,0.0023865427540503067,0.9999692685025491,3.073149713422355e-05,0,OK
2008-04-09,0.9983166649358007,0.0016833350641992397,0.9999574828796766,4.251712121341686e-05,0,OK
2008-04-10,0.9987971373034962,0.0012028626965038438,0.9999182394942155,8.176050521458667e-05,0,OK
2008-04-11,0.9991002915324022,0.0008997084675978138,0.9998076514006836,0.00019234860015041055,0,OK
2008-04-14,0.9993563995177043,0.0006436004822957588,0.999953984815954,4.601518325763051e-05,0,OK
2008-04-15,0.9995270856036358,0.0004729143963642099,0.9999253531382023,7.464686252392918e-05,0,OK
2008-04-16,0.999651106782569,0.00034889321743099874,0.9999404895325235,5.951046658683949e-05,0,OK
2008-04-17,0.9997322008532815,0.000267799146718505,0.9999214203515191,7.85796483893529e-05,0,OK
2008-04-18,0.9997418359920334,0.00025816400796661995,0.9997643179827197,0.00023568201754555493,0,OK
2008-04-21,0.999802160914495,0.00019783908550493896,0.9999429190677808,5.708093309435008e-05,0,OK
2008-04-22,0.9998513262341525,0.00014867376584752975,0.9999660453139215,3.39546866469083e-05,0,OK
2008-04-23,0.9998785219468027,0.00012147805319724527,0.9999419786097992,5.802139034658151e-05,0,OK
2008-04-24,0.9999004071583781,9.959284162185667e-05,0.99995147265205,4.852734794594998e-05,0,OK
2008-04-25,0.9999224736239188,7.752637608113256e-05,0.9999739620441026,2.603795648610968e-05,0,OK
2008-04-28,0.9999396866544847,6.031334551528107e-05,0.999979850393363,2.0149607528294287e-05,0,OK
2008-04-29,0.999951111407338,4.888859266204951e-05,0.999977769164342,2.2230836004509223e-05,0,OK
2008-04-30,0.9999486325952673,5.1367404732659914e-05,0.9999428487005569,5.715129956408419e-05,0,OK
2008-05-02,0.9999494913340187,5.050866598136406e-05,0.9999514950572743,4.8504942228340416e-05,0,OK
2008-05-05,0.9999587418001425,4.125819985741629e-05,0.9999803262206023,1.9673778901538163e-05,0,OK
2008-05-06,0.9999613475771864,3.865242281367665e-05,0.9999674277235298,3.257227637828416e-05,0,OK
2008-05-07,0.9999640334776401,3.5966522359907215e-05,0.999970300578684,2.9699421301111884e-05,0,OK
2008-05-08,0.9999675380019789,3.2461998021086265e-05,0.9999757152256497,2.4284774563837392e-05,0,OK
2008-05-09,0.9999686303622977,3.13696377023122e-05,0.999971179203073,2.8820796958506047e-05,0,OK
2008-05-13,0.9999661555052651,3.384449473490871e-05,0.9999603808382402,3.9619161144300575e-05,0,OK
2008-05-14,0.9999616372845467,3.83627154533463e-05,0.9999510947699543,4.890523046303404e-05,0,OK
2008-05-15,0.9999649301316105,3.5069868389514484e-05,0.9999726134413662,2.738655857390692e-05,0,OK
2008-05-16,0.999967015918422,3.298408157803567e-05,0.9999718827535924,2.8117245684585115e-05,0,OK
2008-05-19,0.9999683698785361,3.1630121463949095e-05,0.9999715291193166,2.8470881197747082e-05,0,OK
2008-05-20,0.999947492099178,5.2507900822025315e-05,0.9998987772807592,0.00010122271932420316,0,OK
2008-05-21,0.9999388131463256,6.118685367443008e-05,0.9999185622566409,8.143774366337452e-05,0,OK
2008-05-22,0.9999360401478659,6.395985213416426e-05,0.9999295698172705,7.043018187354402e-05,0,OK
2008-05-23,0.9994295384492525,0.0005704615507474269,0.9982477011526314,0.0017522988475117064,0,OK
2008-05-26,0.999586517039487,0.0004134829605130027,0.9999528004161993,4.719958329934625e-05,0,OK
2008-05-27,0.9996910443180087,0.0003089556819912661,0.9999349413019593,6.505869877388083e-05,0,OK
2008-05-28,0.9997661692146763,0.00023383078532371058,0.9999414606409189,5.853935976608102e-05,0,OK
2008-05-29,0.9998219300081077,0.0001780699918923472,0.9999520385269037,4.7961473885832644e-05,0,OK
2008-05-30,0.9998598145780025,0.00014018542199742968,0.9999482119078489,5.1788092242622164e-05,0,OK
2008-06-02,0.9997533138779168,0.0002466861220831997,0.9995048122442719,0.0004951877556166632,0,OK
2008-06-03,0.9998013325892888,0.0001986674107112171,0.999913376249812,8.662375084325773e-05,0,OK
2008-06-04,0.999800609537497,0.0001993904625029511,0.9997989224164614,0.00020107758335033055,0,OK
2008-06-05,0.9998120582005297,0.00018794179947032312,0.9998387717479916,0.00016122825239419115,0,OK
2008-06-06,0.9998089443461635,0.00019105565383643674,0.9998016786862481,0.00019832131402403532,0,OK
2008-06-09,0.9998562489118651,0.00014375108813492559,0.9999666262322865,3.3373768164732954e-05,0,OK
2008-06-10,0.9998872732719629,0.00011272672803706994,0.9999596634447675,4.033655447540677e-05,0,OK
2008-06-11,0.9998901432886297,0.00010985671137030045,0.999896839994923,0.00010316000581450496,0,OK
2008-06-12,0.9999130901369848,8.690986301523633e-05,0.9999666327822487,3.3367216853420075e-05,0,OK
2008-06-13,0.9999237965550603,7.620344493973233e-05,0.9999487781973847,5.1221802763556336e-05,0,OK
2008-06-16,0.9999328812215672,6.711877843284918e-05,0.9999540787769892,4.592122325012182e-05,0,OK
2008-06-17,0.9999439975388892,5.600246111077706e-05,0.9999699356130043,3.0064387359275466e-05,0,OK
2008-06-18,0.9999498992990156,5.0100700984401796e-05,0.9999636700719023,3.632992735619286e-05,0,OK
2008-06-19,0.9999549311541586,4.5068845841448053e-05,0.9999666721493236,3.3327850507889324e-05,0,OK
2008-06-20,0.9999152669815324,8.473301846754484e-05,0.9998227172458556,0.000177282754595104,0,OK
2008-06-23,0.9998914333396101,0.00010856666038989456,0.9998358215089479,0.00016417849154204392,0,OK
2008-06-24,0.9938436278117653,0.0061563721882347275,0.9797320815794143,0.020267918419872674,0,OK
2008-06-25,0.6962022958171802,0.3037977041828198,0.0017058544965550093,0.9982941455035185,0,OK
2008-06-26,0.732760887798509,0.26723911220149094,0.8180642690883676,0.1819357309117236,0,OK
2008-06-27,0.8122315999697513,0.18776840003024872,0.9976632617030802,0.0023367382973502686,0,OK
2008-06-30,0.868527609552271,0.13147239044772893,0.999884965245177,0.00011503475518274239,0,OK
2008-07-01,0.9079406729351442,0.09205932706485578,0.9999044874944439,9.551250481845482e-05,0,OK
2008-07-02,0.935537244593497,0.06446275540650305,0.9999292451287564,7.075487034669326e-05,0,OK
2008-07-03,0.9547036754059431,0.04529632459405688,0.9994253473024316,0.000574652698349157,0,OK
2008-07-07,0.9668166316691409,0.03318336833085907,0.995080196282972,0.004919803716730833,0,OK
2008-07-08,0.9752200768284149,0.02477992317158509,0.9948281155337144,0.005171884466612477,0,OK
2008-07-09,0.9412921212548178,0.05870787874518224,0.862126891583061,0.13787310841690895,0,OK
2008-07-10,0.9578177466566283,0.042182253343371647,0.9963775392615029,0.00362246073914692,0,OK
2008-07-11,0.9695026487550008,0.030497351244999197,0.9967674203170528,0.0032325796821301555,0,OK
2008-07-14,0.9786227446672722,0.021377255332727874,0.9999029684625852,9.703153742812715e-05,0,OK
2008-07-15,0.98501129153065,0.014988708469349993,0.9999179008788843,8.209912146827163e-05,0,OK
2008-07-16,0.9894635844041788,0.010536415595821186,0.999852267775621,0.00014773222425397487,0,OK
2008-07-17,0.9925967411772025,0.007403258822797512,0.9999074403151199,9.255968574227375e-05,0,OK
2008-07-18,0.9941346620083326,0.005865337991667483,0.9977231439478828,0.0022768560523640843,0,OK
2008-07-21,0.9958669107039423,0.004133089296057659,0.9999088243279399,9.117567296806705e-05,0,OK
2008-07-22,0.9970826624842354,0.00291733751576457,0.9999194166376848,8.058336174736191e-05,0,OK
2008-07-23,0.9979479541930781,0.002052045806921835,0.9999669681800264,3.3031819622121945e-05,0,OK
2008-07-24,0.9985418556229931,0.001458144377006847,0.9999276256255939,7.23743738718749e-05,0,OK
2008-07-25,0.9989460798948763,0.0010539201051237273,0.9998892698632912,0.00011073013739644839,0,OK
2008-07-28,0.9992249605217045,0.0007750394782954582,0.9998756819851798,0.00012431801569616366,0,OK
2008-07-29,0.9994293377447515,0.0005706622552484893,0.9999062179317176,9.378206813889529e-05,0,OK
2008-07-30,0.9995906498327823,0.00040935016721767065,0.9999670447042047,3.295529514576058e-05,0,OK
2008-07-31,0.9996811385767737,0.0003188614232263318,0.9998922789797914,0.00010772102057987451,0,OK
2008-08-04,0.9979727019475493,0.002027298052450734,0.9939863498135082,0.0060136501873076734,0,OK
2008-08-05,0.9984704338000815,0.0015295661999185537,0.9996318081230926,0.00036819187734346695,0,OK
2008-08-06,0.9989197541689687,0.0010802458310312654,0.9999681683630602,3.1831636960926556e-05,0,OK
2008-08-07,0.9992274615637343,0.0007725384362656874,0.9999454454848457,5.455451514600578e-05,0,OK
2008-08-08,0.9994335546200824,0.0005664453799176227,0.9999144384190669,8.556158177213817e-05,0,OK
2008-08-11,0.9995671477637724,0.00043285223622753244,0.9998788650987842,0.00012113490095065521,0,OK
2008-08-12,0.9966813329340887,0.0033186670659113523,0.9899477649978237,0.010052235001840265,0,OK
2008-08-13,0.6976769330538621,0.3023230669461379,7.0171855770227395e-15,1.0,0,OK
2008-08-14,0.7824688451972526,0.21753115480274743,0.9803166401985506,0.019683359801502973,0,OK
2008-08-15,0.8470635289030224,0.15293647109697767,0.9977844575491323,0.0022155424501815986,0,OK
2008-08-18,0.885594141118729,0.11440585888127097,0.9754989029555808,0.024501097044622017,0,OK
2008-08-19,0.6199215075592209,0.38007849244077907,1.8695920875624056e-05,0.9999813040796313,0,OK
2008-08-20,0.7271932609359676,0.2728067390640324,0.9774940188150321,0.02250598118495687,0,OK
2008-08-21,0.8088449003719911,0.1911550996280089,0.9993653923894487,0.0006346076106207325,0,OK
2008-08-22,0.8661505178084218,0.13384948219157825,0.9998636251596887,0.0001363748399067148,0,OK
2008-08-25,0.9062874758938189,0.09371252410618118,0.999940378093319,5.962190692137169e-05,0,OK
2008-08-26,0.9343684688760795,0.0656315311239205,0.9998907858351399,0.00010921416531227303,0,OK
2008-08-27,0.9540219341343896,0.045978065865610374,0.9998800197377139,0.00011998026288673026,0,OK
2008-08-28,0.9677201078631079,0.0322798921368921,0.9996825132292865,0.00031748676988281436,0,OK
2008-08-29,0.9773920886742921,0.022607911325707993,0.9999600439002306,3.995609961175408e-05,0,OK
2008-09-01,0.9841559864294406,0.015844013570559437,0.9999384145241342,6.15854752128141e-05,0,OK
2008-09-02,0.9888559874289715,0.011144012571028459,0.9998226564278166,0.00017734357212285004,0,OK
2008-09-03,0.9921503954002381,0.007849604599761953,0.9998373473334655,0.00016265266680677305,0,OK
2008-09-04,0.99339196677121,0.006608033228789993,0.9962889666360336,0.003711033363188754,0,OK
2008-09-05,0.9953057901077895,0.004694209892210442,0.9997713778930615,0.00022862210685815646,0,OK
2008-09-08,0.9966725919954652,0.0033274080045348296,0.9998617964005759,0.0001382035999584004,0,OK
2008-09-09,0.9976511034240105,0.0023488965759895187,0.9999342967579229,6.570324271712804e-05,0,OK
2008-09-10,0.9983423451961443,0.0016576548038557083,0.9999552426646134,4.475733554348412e-05,0,OK
2008-09-11,0.9988178787680224,0.001182121231977595,0.9999274571029805,7.254289759533185e-05,0,OK
2008-09-12,0.9991538411353198,0.0008461588646802204,0.9999377533260475,6.224667431967972e-05,0,OK
2008-09-15,0.9992930137956876,0.0007069862043124307,0.9996177500034534,0.0003822499967875883,0,OK
2008-09-16,0.9992494171184486,0.0007505828815513467,0.9991476915384024,0.0008523084617754846,0,OK
2008-09-17,0.9950587377660153,0.004941262233984682,0.9852804859433082,0.014719514056329134,0,OK
2008-09-18,0.9733844200761985,0.026615579923801532,0.9228110121333045,0.07718898786670751,0,OK
2008-09-19,0.6813694028531885,0.31863059714681147,1.029333466362687e-06,0.9999989706671681,0,OK
2008-09-22,0.7482531154265906,0.25174688457340944,0.9043151114317696,0.09568488856880487,0,OK
2008-09-23,0.8207347178985791,0.17926528210142084,0.9898584570007295,0.010141543000114158,0,OK
2008-09-24,0.8663767673888876,0.13362323261111245,0.9728748828669523,0.027125117133726208,0,OK
2008-09-25,0.6554930048177259,0.3445069951822742,0.1634308921513575,0.8365691078483183,0,OK
2008-09-26,0.7224542415006554,0.27754575849934454,0.8786971270944921,0.12130287290584212,0,OK
2008-09-29,0.7703764005969204,0.2296235994030796,0.8821947718217387,0.1178052281784615,0,OK
2008-09-30,0.8357921614411559,0.1642078385588441,0.9884289367448642,0.011571063255628001,0,OK
2008-10-01,0.8847525069819147,0.11524749301808535,0.9989933132444533,0.0010066867563149435,0,OK
2008-10-02,0.9189855485095232,0.0810144514904768,0.9988626454072036,0.0011373545927235457,0,OK
2008-10-03,0.941032616761525,0.05896738323847493,0.9924757760168009,0.007524223983803924,0,OK
2008-10-06,0.9246194193185225,0.07538058068147743,0.8863219586176466,0.1136780413818166,0,OK
2008-10-07,0.898473344878983,0.101526655121017,0.8374658378538583,0.16253416214660932,0,OK
2008-10-08,0.7629024281051526,0.23709757189484737,0.4465702889661375,0.5534297110337849,0,OK
2008-10-09,0.5979513760538893,0.4020486239461107,0.2130655879346935,0.7869344120657251,0,OK
2008-10-10,0.42044440419035856,0.5795555958096414,0.006261469842695791,0.9937385301578802,1,OK
2008-10-13,0.2943327454990816,0.7056672545009184,7.220855243361719e-05,0.9999277914472314,1,OK
2008-10-14,0.20656154171808638,0.7934384582819136,0.0017620662298503849,0.9982379337709025,1,OK
2008-10-15,0.14468589110764873,0.8553141088923513,0.00030937301720800146,0.9996906269833729,1,OK
2008-10-16,0.10144674843530788,0.8985532515646921,0.0005554155331225719,0.9994445844668208,1,OK
2008-10-17,0.07140190561604953,0.9285980943839505,0.0012972723711813746,0.9987027276288869,1,OK
2008-10-20,0.050731718538789994,0.94926828146121,0.002501282025680615,0.9974987179748159,1,OK
2008-10-21,0.03997254378558712,0.9600274562144129,0.014867802694012233,0.9851321973052196,1,OK
2008-10-22,0.034505736826150324,0.9654942631738497,0.021749853921430775,0.9782501460792024,1,OK
2008-10-23,0.0865486915634548,0.9134513084365452,0.20798225261666445,0.7920177473828348,1,OK
2008-10-24,0.15075839516048062,0.8492416048395194,0.3005810368872512,0.699418963113126,1,OK
2008-10-28,0.3496085797370465,0.6503914202629535,0.8135923437494671,0.18640765625096636,1,OK
2008-10-29,0.5319804399895365,0.4680195600104635,0.9575147805794066,0.0424852194213204,0,OK
2008-10-30,0.6704520546043279,0.3295479453956721,0.9935524887060059,0.006447511294492236,0,OK
2008-10-31,0.768279236759421,0.231720763240579,0.9965426617872546,0.003457338212028381,0,OK
2008-11-03,0.8362517543015024,0.16374824569849755,0.9948542952338049,0.005145704766974205,0,OK
2008-11-04,0.8381503759045822,0.16184962409541778,0.8425804929777884,0.15741950702156499,0,OK
2008-11-05,0.8334275851267275,0.16657241487327243,0.8224077399775711,0.17759226002159995,0,OK
2008-11-06,0.5879840469515358,0.41201595304846417,0.015282457875765711,0.9847175421239117,0,OK
2008-11-07,0.4745467125172049,0.5254532874827951,0.2098595988374048,0.7901404011629009,1,OK
2008-11-10,0.40047968252740074,0.5995203174725993,0.22765661255039493,0.7723433874488091,1,OK
2008-11-11,0.28033613067601837,0.7196638693239816,1.1763565173148066e-06,0.9999988236438737,1,OK
2008-11-12,0.3952840943334037,0.6047159056665963,0.6634960095348252,0.3365039904660306,1,OK
2008-11-13,0.5672749777125969,0.43272502228740306,0.9685870389314091,0.03141296106928555,0,OK
2008-11-14,0.6951550240667157,0.3048449759332843,0.99354179889337,0.006458201107007284,0,OK
2008-11-17,0.7825846349862413,0.21741536501375874,0.9865870604653305,0.01341293953486576,0,OK
2008-11-18,0.8177721359617128,0.1822278640382872,0.8998763049036155,0.10012369509552037,0,OK
2008-11-19,0.5724404951797474,0.4275595048202526,2.2325126564235085e-11,0.9999999999781721,0,OK
2008-11-20,0.49930112331097753,0.5006988766890225,0.3286425889499217,0.6713574110494857,1,OK
2008-11-21,0.46219276427023137,0.5378072357297686,0.37560659317464523,0.624393406824843,1,OK
2008-11-24,0.4371068133779922,0.5628931866220078,0.3785729279618736,0.6214270720372327,1,OK
2008-11-25,0.5389215841479739,0.46107841585202614,0.776489382610532,0.2235106173887356,0,OK
2008-11-26,0.6564572160230113,0.3435427839769887,0.9307070237318857,0.06929297626856817,0,OK
2008-11-27,0.7472288114564429,0.252771188543557,0.9590292008005485,0.040970799198883086,0,OK
2008-11-28,0.801566130189832,0.19843386981016797,0.9283532072350891,0.07164679276559359,0,OK
2008-12-01,0.5610992431793622,0.4389007568206377,9.840154941052905e-06,0.9999901598450673,0,OK
2008-12-02,0.6209857627471661,0.3790142372528339,0.760720975072673,0.23927902492795838,0,OK
2008-12-03,0.7121450803883858,0.28785491961161425,0.9248501548839804,0.07514984511543513,0,OK
2008-12-04,0.7766948631073685,0.22330513689263148,0.9273110227854499,0.07268897721500502,0,OK
2008-12-05,0.7880860748721543,0.21191392512784568,0.8146655689905885,0.18533443101001218,0,OK
2008-12-08,0.552397102208443,0.44760289779155704,0.00245616599325259,0.9975438340068835,0,OK
2008-12-09,0.6434343735918316,0.35656562640816836,0.8558546734865532,0.1441453265135948,0,OK
2008-12-10,0.7497364855226105,0.2502635144773894,0.9977747466944712,0.0022252533055719262,0,OK
2008-12-11,0.8247793050952693,0.17522069490473072,0.9998792174307887,0.00012078256852717763,0,OK
2008-12-12,0.8771716372733442,0.12282836272665579,0.9994204123562401,0.0005795876444809854,0,OK
2008-12-15,0.9139522422459154,0.08604775775408462,0.9997736538477147,0.00022634615141856024,0,OK
2008-12-16,0.9396849538333713,0.06031504616662878,0.9997279475375822,0.0002720524625651647,0,OK
2008-12-17,0.9577020769560076,0.042297923043992325,0.9997420309095755,0.00025796909117394126,0,OK
2008-12-18,0.9703599965562616,0.029640003443738353,0.9998951422904286,0.00010485770981242646,0,OK
2008-12-19,0.9790539560681464,0.020946043931853665,0.9993398615966418,0.000660138404122719,0,OK
2008-12-22,0.9845280557591148,0.015471944240885199,0.9973009550376851,0.002699044961958781,0,OK
2008-12-23,0.9772466981685902,0.02275330183140978,0.9602568637902907,0.03974313620930048,0,OK
2008-12-29,0.6840726887180132,0.3159273112819868,1.7798313786688154e-126,1.0,0,OK
2008-12-30,0.4788508821026093,0.5211491178973907,5.085149561722185e-130,1.0,1,OK
2009-01-05,0.33519561747182647,0.6648043825281735,5.130928614576134e-283,1.0,1,OK
2009-01-06,0.2346369322302786,0.7653630677697214,2.549432168299721e-264,1.0,1,OK
2009-01-07,0.16424585256119517,0.8357541474388048,1.7279852334185927e-261,1.0,1,OK
2009-01-08,0.11497209679283671,0.8850279032071633,6.392468422393528e-259,1.0,1,OK
2009-01-09,0.08048046775498574,0.9195195322450143,1.8916188878769268e-257,1.0,1,OK
2009-01-12,0.05633632742849004,0.94366367257151,3.1114465701487554e-251,1.0,1,OK
2009-01-13,0.03943542919994303,0.960564570800057,1.4846135605858673e-248,1.0,1,OK
2009-01-14,0.027604800439960275,0.9723951995600397,2.8707655022672744e-255,1.0,1,OK
2009-01-15,0.019323360307972326,0.9806766396920277,7.120209366939648e-256,1.0,1,OK
2009-01-16,0.013526352215580628,0.9864736477844194,6.246736409340362e-254,1.0,1,OK
2009-01-19,0.009468446550906506,0.9905315534490935,3.496834208985967e-256,1.0,1,OK
2009-01-20,0.006627912585634554,0.9933720874143654,2.127928930308459e-258,1.0,1,OK
2009-01-21,0.004639538809944277,0.9953604611900557,3.357423139471313e-258,1.0,1,OK
2009-01-22,0.0032476771669609494,0.996752322833039,3.3189866286415636e-262,1.0,1,OK
2009-01-23,0.0022733740168727756,0.9977266259831272,9.400565341725103e-263,1.0,1,OK
2009-01-26,0.0015913618118110762,0.9984086381881889,1.954996299695623e-266,1.0,1,OK
2009-01-27,0.0011139532682677977,0.9988860467317322,4.404727696296732e-266,1.0,1,OK
2009-01-28,0.0007797672877876138,0.9992202327122124,6.002364196543299e-130,1.0,1,OK
2009-01-29,0.0005458371014512853,0.9994541628985487,2.8373019475504996e-128,1.0,1,OK
2009-01-30,0.0003820859710159663,0.999617914028984,1.1167886471765543e-125,1.0,1,OK
2009-02-02,0.2899059838977297,0.7100940161022703,0.9654617457271611,0.03453825427327158,1,OK
2009-02-03,0.5023217971279638,0.49767820287203623,0.9979586946654799,0.0020413053348235896,0,OK
2009-02-04,0.651542079940379,0.3484579200596209,0.99972273983558,0.000277260163985133,0,OK
2009-02-05,0.7559783223012068,0.24402167769879324,0.9996628878096454,0.0003371121901954351,0,OK
2009-02-06,0.8291216726181757,0.1708783273818243,0.999789490023928,0.00021050997556348105,0,OK
2009-02-09,0.880365206608519,0.11963479339148102,0.9999334525862047,6.654741401344428e-05,0,OK
2009-02-10,0.9161513119642657,0.08384868803573427,0.9996522244611609,0.00034777553899185975,0,OK
2009-02-11,0.9412908055209875,0.058709194479012475,0.9999496238207892,5.037617999497562e-05,0,OK
2009-02-12,0.9588264680668188,0.041173531933181226,0.9997430140075131,0.0002569859929083149,0,OK
2009-02-13,0.9711203930882704,0.028879606911729618,0.999806218139177,0.00019378186167587106,0,OK
2009-02-17,0.9795489266279689,0.02045107337203111,0.9992155048864282,0.0007844951127346058,0,OK
2009-02-18,0.9855183864232517,0.014481613576748252,0.9994471259448527,0.0005528740544215823,0,OK
2009-02-19,0.9897442023210852,0.010255797678914807,0.999604439415616,0.0003955605839701025,0,OK
2009-02-20,0.9900767186425773,0.009923281357422662,0.9908525900592597,0.009147409940607658,0,OK
2009-02-23,0.9921715317701825,0.007828468229817488,0.997059429068755,0.002940570932072087,0,OK
2009-02-24,0.9943462230063839,0.005653776993616176,0.999420502556732,0.000579497442479784,0,OK
2009-02-25,0.9954825482609037,0.004517451739096333,0.998133973855084,0.0018660261452167009,0,OK
2009-02-26,0.9964542410453625,0.0035457589546375413,0.9987215242096457,0.0012784757909003609,0,OK
2009-02-27,0.995959899126215,0.004040100873785005,0.9948064346474491,0.005193565351795754,0,OK
2009-03-02,0.9877402663169389,0.012259733683061085,0.9685611230947855,0.031438876904705274,0,OK
2009-03-03,0.9854975440018492,0.014502455998150768,0.9802645252658969,0.019735474733360035,0,OK
2009-03-04,0.9743661192587154,0.025633880741284584,0.9483927948587507,0.05160720514193016,0,OK
2009-03-05,0.9618473115878726,0.03815268841212739,0.9326367603561727,0.06736323964409395,0,OK
2009-03-06,0.9659820546856264,0.034017945314373584,0.9756297885808918,0.024370211419614696,0,OK
2009-03-09,0.9696792999075574,0.030320700092442636,0.9783062054257996,0.02169379457460376,0,OK
2009-03-10,0.9682653541225182,0.03173464587748173,0.9649661472909185,0.035033852709239616,0,OK
2009-03-11,0.9714177315655967,0.028582268434403285,0.9787732789325378,0.021226721067220254,0,OK
2009-03-12,0.9693203832037085,0.030679616796291498,0.9644265703594093,0.03557342964069733,0,OK
2009-03-13,0.9437213215751049,0.05627867842489509,0.8839901777750019,0.11600982222497014,0,OK
2009-03-16,0.6606222616417453,0.3393777383582547,5.7788464660848985e-05,0.9999422115360939,0,OK
2009-03-17,0.7519910318179712,0.24800896818202872,0.9651848288955857,0.03481517110416823,0,OK
2009-03-18,0.8249368320261923,0.17506316797380778,0.995143699179459,0.0048563008212922755,0,OK
2009-03-19,0.8750322851467395,0.12496771485326048,0.9919216757606815,0.008078324238650167,0,OK
2009-03-20,0.894089916812291,0.10591008318770896,0.9385577240316461,0.061442275968088794,0,OK
2009-03-23,0.6631674801173238,0.33683251988267615,0.12434846116206108,0.8756515388375996,0,OK
2009-03-24,0.7511516173365501,0.2488483826634499,0.9564479375145383,0.04355206248525541,0,OK
2009-03-25,0.8240729489953902,0.17592705100460976,0.994222722865458,0.00577727713398278,0,OK
2009-03-26,0.8764037671171995,0.12359623288280056,0.9985090094018663,0.0014909905985791099,0,OK
2009-03-27,0.9026265408937004,0.09737345910629953,0.9638130130396433,0.0361869869611305,0,OK
2009-03-30,0.7320920312389765,0.2679079687610235,0.3341781753770846,0.6658218246220463,0,OK
2009-03-31,0.5124644218672836,0.4875355781327164,1.2209878198137903e-26,1.0,0,OK
2009-04-01,0.37349395808844466,0.6265060419115553,0.04922954260538373,0.9507704573955132,1,OK
2009-04-02,0.26715470378823647,0.7328452962117635,0.019029777086842465,0.9809702229122493,1,OK
2009-04-03,0.47864527431275516,0.5213547256872448,0.9721232722033216,0.027876727796701486,1,OK
2009-04-06,0.6342213471223495,0.36577865287765055,0.997232183678262,0.002767816321930588,0,OK
2009-04-07,0.7438977360883179,0.25610226391168206,0.999809310341391,0.00019068965775566053,0,OK
2009-04-08,0.8205876868896875,0.17941231311031242,0.9995309054260887,0.0004690945737833141,0,OK
2009-04-09,0.8743494090359063,0.12565059096409373,0.9997934273765605,0.00020657262291679258,0,OK
2009-04-14,0.9119593623613048,0.08804063763869518,0.9997159201197574,0.0002840798794319547,0,OK
2009-04-15,0.9383314112545403,0.061668588745459614,0.999866192005379,0.00013380799457661773,0,OK
2009-04-16,0.9567279793140846,0.04327202068591541,0.9996533047857071,0.0003466952136456139,0,OK
2009-04-17,0.9696199340433115,0.030380065956688525,0.9997011617445815,0.00029883825515914224,0,OK
2009-04-20,0.9776336763701482,0.022366323629851838,0.996332408466921,0.00366759153389957,0,OK
2009-04-21,0.9836052534628752,0.016394746537124832,0.9975389333461105,0.002461066654095153,0,OK
2009-04-22,0.9857023009575809,0.014297699042419119,0.990595411777831,0.009404588221439124,0,OK
2009-04-23,0.970249997185845,0.029750002814154915,0.9341946217190011,0.06580537828153844,0,OK
2009-04-24,0.6791749981119461,0.3208250018880539,2.735370795308784e-10,0.9999999997271516,0,OK
2009-04-27,0.7603960384917748,0.2396039615082252,0.949911799377387,0.05008820062195824,0,OK
2009-04-28,0.8313829340515173,0.16861706594848264,0.9970190236902261,0.0029809763090834556,0,OK
2009-04-29,0.8818334227948302,0.11816657720516976,0.9995512298619434,0.00044877013743977606,0,OK
2009-04-30,0.9171835979873424,0.08281640201265766,0.9996673401027758,0.00033265989679611405,0,OK
2009-05-04,0.9417133417833097,0.05828665821669029,0.9989494106409504,0.0010505893594330879,0,OK
2009-05-05,0.9591529398786101,0.04084706012139,0.9998453354347795,0.00015466456568935123,0,OK
2009-05-06,0.9711584606992417,0.028841539300758275,0.999171342614486,0.0008286573859509295,0,OK
2009-05-07,0.9795249807355919,0.020475019264408142,0.9990468608199171,0.0009531391795911644,0,OK
2009-05-08,0.9855227996329484,0.014477200367051541,0.9995177103938903,0.0004822896065528053,0,OK
2009-05-11,0.9897146330482804,0.010285366951719596,0.9994955776837343,0.00050442231594506,0,OK
2009-05-12,0.9926274850263831,0.007372514973616883,0.9994241396410668,0.0005758603580438862,0,OK
2009-05-13,0.9943761397573923,0.005623860242607774,0.9984563341306196,0.0015436658702531868,0,OK
2009-05-14,0.9959635092327187,0.004036490767281315,0.9996673713426185,0.00033262865818624635,0,OK
2009-05-15,0.9970594608470378,0.002940539152962259,0.9996166812798509,0.0003833187195511288,0,OK
2009-05-18,0.9975502153735293,0.0024497846264707438,0.9986953092692988,0.0013046907313238754,0,OK
2009-05-19,0.9980663181140667,0.001933681885933329,0.9992705578421223,0.0007294421580126951,0,OK
2009-05-20,0.989478287955177,0.010521712044823035,0.9694395509172481,0.03056044908223235,0,OK
2009-05-22,0.7223683321222824,0.27763166787771765,0.09911176851291828,0.9008882314878051,0,OK
2009-05-25,0.7909795511738045,0.20902044882619555,0.9510723956265349,0.04892760437264409,0,OK
2009-05-26,0.8525218633654243,0.14747813663457565,0.9961205918133798,0.0038794081874625698,0,OK
2009-05-27,0.8967472451427408,0.10325275485725913,0.9999398026231969,6.019737685390514e-05,0,OK
2009-05-28,0.927531636330146,0.07246836366985396,0.9993618824342423,0.0006381175659085714,0,OK
2009-05-29,0.9420861306523769,0.05791386934762312,0.9760466174034004,0.023953382595751187,0,OK
2009-06-02,0.6617386831211789,0.33826131687882105,0.007594638882265441,0.992405361118283,0,OK
2009-06-03,0.7515981610444322,0.24840183895556783,0.9612702761985965,0.03872972380131039,0,OK
2009-06-04,0.8260114167415697,0.17398858325843022,0.9996423467012134,0.00035765329844247883,0,OK
2009-06-05,0.8781841975193311,0.12181580248066891,0.9999206860016215,7.931399922590355e-05,0,OK
2009-06-08,0.9147118864290138,0.08528811357098615,0.9999431605521532,5.683944839305481e-05,0,OK
2009-06-09,0.9402875170072617,0.05971248299273835,0.9999639883562501,3.601164349349171e-05,0,OK
2009-06-10,0.958181053819069,0.04181894618093094,0.9999326397124411,6.736028671365815e-05,0,OK
2009-06-11,0.9706923202830304,0.029307679716969626,0.9998852753654296,0.00011472463439323596,0,OK
2009-06-12,0.9787731824053818,0.021226817594618187,0.9976285273576897,0.0023714726424648395,0,OK
2009-06-15,0.9238334240504411,0.07616657594955883,0.7956406545553097,0.20435934544442036,0,OK
2009-06-16,0.9456646030071446,0.05433539699285539,0.9966040205731703,0.003395979427214023,0,OK
2009-06-17,0.9618720837512849,0.038127916248715185,0.9996895388210876,0.0003104611790547216,0,OK
2009-06-18,0.9731737681871122,0.026826231812887773,0.9995443652039041,0.0004556347959571435,0,OK
2009-06-19,0.9770462344388811,0.022953765561118958,0.9860819890257485,0.013918010973658392,0,OK
2009-06-22,0.6839323691025254,0.3160676308974746,1.665060151133566e-08,0.9999999833489711,0,OK
2009-06-23,0.7718075278298661,0.22819247217013394,0.9768495648597498,0.02315043513967242,0,OK
2009-06-24,0.8400171067086097,0.15998289329139032,0.9991727907598157,0.0008272092409885624,0,OK
2009-06-25,0.8879762515407045,0.11202374845929552,0.9998809228162037,0.0001190771844077166,0,OK
2009-06-26,0.9215496536328819,0.07845034636711813,0.9998875918472652,0.00011240815203757155,0,OK
2009-06-29,0.9449260867330634,0.05507391326693657,0.9994710973004433,0.0005289026998462615,0,OK
2009-06-30,0.9613984984678223,0.038601501532177625,0.9998341258485953,0.00016587415107342546,0,OK
2009-07-01,0.9729362222254967,0.02706377777450326,0.9998575776593257,0.00014242233992975816,0,OK
2009-07-02,0.9799255391159617,0.020074460884038317,0.9962339451936952,0.0037660548062867856,0,OK
2009-07-03,0.985896407912925,0.014103592087074965,0.9998284351055606,0.0001715648941604813,0,OK
2009-07-06,0.9901063366735307,0.009893663326469378,0.9999295037816948,7.049621838967506e-05,0,OK
2009-07-07,0.9930261841852651,0.006973815814734886,0.9998391617128921,0.00016083828735440617,0,OK
2009-07-08,0.9950949572335084,0.004905042766491642,0.9999220943453123,7.79056539240737e-05,0,OK
2009-07-09,0.9965468581936401,0.0034531418063599717,0.9999346271011269,6.537289938607657e-05,0,OK
2009-07-10,0.9975547385559613,0.002445261444038726,0.9999064594017704,9.354059862248774e-05,0,OK
2009-07-13,0.9981255616087132,0.0018744383912867718,0.9994574820646598,0.0005425179348655453,0,OK
2009-07-14,0.9986437572138727,0.0013562427861273478,0.9998528802918342,0.00014711970742202585,0,OK
2009-07-15,0.9978869718128817,0.0021130281871183923,0.9961211392111129,0.0038788607894308298,0,OK
2009-07-16,0.9984510373664793,0.0015489626335207045,0.9997671903252741,0.0002328096751261,0,OK
2009-07-17,0.9988968622282691,0.0011031377717309156,0.9999371202391112,6.287976088807536e-05,0,OK
2009-07-20,0.999217251894444,0.0007827481055560258,0.999964827782706,3.517221781461674e-05,0,OK
2009-07-21,0.9994283028961973,0.0005716971038026436,0.999920755234145,7.92447663780851e-05,0,OK
2009-07-22,0.9995787856179676,0.0004212143820323455,0.9999299119687833,7.008803123498313e-05,0,OK
2009-07-23,0.9996654392629928,0.0003345607370071784,0.9998676311019248,0.00013236889861512188,0,OK
2009-07-24,0.9997397467070586,0.00026025329294145484,0.999913130743921,8.686925678809992e-05,0,OK
2009-07-27,0.9997926004076625,0.00020739959233752965,0.9999159257096465,8.40742909283709e-05,0,OK
2009-07-28,0.9997829053501861,0.0002170946498138473,0.9997602835484987,0.00023971645059192194,0,OK
2009-07-29,0.9997747697184182,0.00022523028158179053,0.9997557865780284,0.00024421342237365814,0,OK
2009-07-30,0.9997860682884098,0.000213931711590208,0.9998124316188038,0.0001875683816098488,0,OK
2009-07-31,0.9998302691978136,0.0001697308021864009,0.9999334046535682,6.6595346910851e-05,0,OK
2009-08-03,0.9997968146263396,0.00020318537366041922,0.9997187539588365,0.0002812460404331286,0,OK
2009-08-04,0.9998197260327009,0.00018027396729911488,0.9998731859812396,0.00012681401912273814,0,OK
2009-08-05,0.9998301239209307,0.0001698760790693144,0.9998543856599089,0.00014561433986644656,0,OK
2009-08-06,0.9998521180628773,0.00014788193712263464,0.9999034377273375,9.656227258038188e-05,0,OK
2009-08-07,0.9998094007987913,0.00019059920120862762,0.9997097271829813,0.00029027281740927796,0,OK
2009-08-10,0.9998569738500429,0.0001430261499570595,0.9999679776371969,3.202236370340055e-05,0,OK
2009-08-11,0.9998453573381922,0.00015464266180781073,0.9998182521429867,0.00018174785612623027,0,OK
2009-08-12,0.999829268496142,0.00017073150385799488,0.9997917278653627,0.0002082721353084246,0,OK
2009-08-13,0.9998527749375017,0.00014722506249833988,0.9999076233012648,9.237669932581157e-05,0,OK
2009-08-14,0.9998383132091356,0.0001616867908643771,0.9998045691769889,0.00019543082371846403,0,OK
2009-08-17,0.9998438102474025,0.00015618975259747137,0.9998566366705159,0.0001433633299746913,0,OK
2009-08-18,0.9998785612677081,0.00012143873229188474,0.9999596469817587,4.035301824551598e-05,0,OK
2009-08-19,0.99988746778626,0.00011253221373994035,0.9999082496635272,9.17503371187368e-05,0,OK
2009-08-20,0.999842505750129,0.0001574942498709667,0.9997375943321581,0.00026240566751002827,0,OK
2009-08-21,0.9917648442388726,0.008235155761127457,0.9729169673795398,0.027083032620725936,0,OK
2009-08-24,0.9941516949811892,0.005848305018810817,0.9997210133800745,0.0002789866200719936,0,OK
2009-08-25,0.9955041979693265,0.0044958020306734734,0.99866003827429,0.0013399617250196727,0,OK
2009-08-26,0.996841908433536,0.003158091566463958,0.9999632328501238,3.676714997508824e-05,0,OK
2009-08-27,0.9977803721597053,0.002219627840294741,0.999970120853333,2.9879145899903222e-05,0,OK
2009-08-28,0.9984352441239903,0.0015647558760096662,0.9999632787069807,3.6721292677825195e-05,0,OK
2009-08-31,0.9988919824439653,0.0011080175560347141,0.9999577051907717,4.2294809426492275e-05,0,OK
2009-09-01,0.9984320526581683,0.001567947341831753,0.9973588831582832,0.0026411168420248437,0,OK
2009-09-02,0.9987792774288864,0.0012207225711135948,0.999589468560813,0.0004105314394378925,0,OK
2009-09-03,0.9954294611200863,0.004570538879913702,0.9876132230668161,0.01238677693378062,0,OK
2009-09-04,0.6968006227840604,0.3031993772159396,2.6562244265445725e-18,1.0,0,OK
2009-09-08,0.48778328385867087,0.5122167161413291,7.615969951185086e-05,0.9999238403005715,1,OK
2009-09-09,0.582765136727161,0.417234863272839,0.8043894600875569,0.19561053991302876,0,OK
2009-09-10,0.7071923306414594,0.2928076693585406,0.9975224497753017,0.002477550225177656,0,OK
2009-09-11,0.7950215654360213,0.2049784345639787,0.9999564466241829,4.355337666775449e-05,0,OK
2009-09-14,0.8564976811376083,0.14350231886239173,0.9999419511082756,5.8048892022082966e-05,0,OK
2009-09-15,0.899539133787064,0.10046086621293604,0.9999691899682792,3.081003087276588e-05,0,OK
2009-09-16,0.9296678292355119,0.07033217076448806,0.9999681186152849,3.188138477610038e-05,0,OK
2009-09-17,0.9507564739595714,0.04924352604042861,0.9999633116494885,3.668835095658636e-05,0,OK
2009-09-18,0.9655160741707585,0.03448392582924157,0.9999551413296166,4.4858669805168716e-05,0,OK
2009-09-21,0.9758522264175087,0.024147773582491334,0.9999699149935606,3.008500674079006e-05,0,OK
2009-09-22,0.9830870386938757,0.01691296130612426,0.9999682673384039,3.17326612677564e-05,0,OK
2009-09-23,0.9881537628791267,0.011846237120873283,0.9999761193116898,2.3880688621005855e-05,0,OK
2009-09-24,0.9916629727329573,0.00833702726704267,0.9998511290588831,0.00014887094143791035,0,OK
2009-09-25,0.9941568356409504,0.005843164359049674,0.9999758490927517,2.4150907066020986e-05,0,OK
2009-09-28,0.995866718508265,0.004133281491735028,0.9998564451984219,0.00014355480133418694,0,OK
2009-09-29,0.997098287416737,0.00290171258326295,0.999971948202631,2.8051796828103117e-05,0,OK
2009-09-30,0.9979429975295777,0.0020570024704222615,0.9999139877921895,8.601220712732311e-05,0,OK
2009-10-01,0.9985241124481237,0.001475887551876288,0.9998800472575406,0.00011995274193568342,0,OK
2009-10-02,0.9988817819902467,0.0011182180097532824,0.9997163442549564,0.0002836557447996033,0,OK
2009-10-05,0.9939816947880106,0.006018305211989409,0.9825481579835845,0.01745184201720704,0,OK
2009-10-06,0.6957871863516074,0.3042128136483926,3.8897197703629134e-23,1.0,0,OK
2009-10-07,0.7849115046879487,0.21508849531205126,0.9928682474735404,0.007131752527254856,0,OK
2009-10-08,0.8494124891236889,0.15058751087631103,0.9999147861401295,8.52138595838416e-05,0,OK
2009-10-09,0.8945787717795822,0.10542122822041773,0.9999667646436752,3.323535666674706e-05,0,OK
2009-10-12,0.9261564585221783,0.07384354147782167,0.9998377275878019,0.00016227241176419079,0,OK
2009-10-13,0.9450552409259607,0.05494475907403923,0.9891523998689798,0.010847600131880212,0,OK
2009-10-14,0.6620427959366875,0.33795720406331253,0.0016804242949133412,0.9983195757049503,0,OK
2009-10-15,0.7288904059972526,0.27110959400274737,0.8848681628047689,0.11513183719476196,0,OK
2009-10-16,0.7704542705489572,0.2295457294510428,0.8674366211704204,0.1325633788303988,0,OK
2009-10-19,0.5393180295289997,0.4606819704710003,1.3381665971902315e-07,0.9999998661842345,0,OK
2009-10-20,0.673619201937314,0.326380798062686,0.9869886042241428,0.013011395776619509,0,OK
2009-10-21,0.7714092811967825,0.2285907188032175,0.9995861328020468,0.0004138671977910222,0,OK
2009-10-22,0.8399748686355049,0.1600251313644951,0.9999612393257565,3.876067414286243e-05,0,OK
2009-10-23,0.8879517172716825,0.1120482827283175,0.9998976974220899,0.00010230257723649429,0,OK
2009-10-26,0.9213876972307145,0.0786123027692855,0.9994049838015983,0.0005950161982108905,0,OK
2009-10-27,0.9409203491986093,0.05907965080139061,0.9864965371242981,0.01350346287630253,0,OK
2009-10-28,0.6587686627893509,0.34123133721064913,0.00041472783513562926,0.9995852721655858,0,OK
2009-10-29,0.7068170904447297,0.2931829095552702,0.8189300883075151,0.1810699116927195,0,OK
2009-10-30,0.7461758584596949,0.25382414154030514,0.8380129838271471,0.16198701617205338,0,OK
2009-11-02,0.8209329954945449,0.17906700450545507,0.9953663152433989,0.004633684757471622,0,OK
2009-11-03,0.8746179756098333,0.12538202439016663,0.999882929211985,0.00011707078782695403,0,OK
2009-11-04,0.9122167402817775,0.08778325971822257,0.9999471911825796,5.28088170197431e-05,0,OK
2009-11-05,0.938137764960006,0.06186223503999396,0.9986201558752705,0.0013798441241272268,0,OK
2009-11-06,0.9515594120469194,0.04844058795308057,0.9828765885836362,0.017123411416949345,0,OK
2009-11-09,0.6660915884328436,0.3339084115671564,2.9277619152308816e-25,1.0,0,OK
2009-11-10,0.764559149555849,0.23544085044415095,0.9943167921766187,0.005683207823804967,0,OK
2009-11-11,0.8351687323746916,0.16483126762530845,0.9999244256178659,7.557438134264707e-05,0,OK
2009-11-12,0.8846064555422595,0.11539354445774054,0.9999611429339731,3.885706674878158e-05,0,OK
2009-11-13,0.9192160054913212,0.08078399450867883,0.999971622039749,2.83779608681791e-05,0,OK
2009-11-16,0.9434350565784795,0.05656494342152054,0.9999461757822475,5.382421815120434e-05,0,OK
2009-11-17,0.9603953611577114,0.03960463884228864,0.9999694051754029,3.0594824080883426e-05,0,OK
2009-11-18,0.9722651075675279,0.02773489243247204,0.9999611825245588,3.881747623331475e-05,0,OK
2009-11-19,0.9804916484321453,0.019508351567854732,0.9996869104498738,0.00031308955041434064,0,OK
2009-11-20,0.9863189002485476,0.013681099751452366,0.9999158211538373,8.417884651351147e-05,0,OK
2009-11-23,0.9903983327862806,0.00960166721371931,0.9999170087073096,8.299129234218582e-05,0,OK
2009-11-24,0.9932515925875872,0.0067484074124127946,0.9999091987910413,9.080120936425559e-05,0,OK
2009-11-25,0.9934705355256628,0.006529464474337239,0.993981402380923,0.006018597618827612,0,OK
2009-11-26,0.807541330827299,0.19245866917270102,0.37370651986402714,0.6262934801355499,0,OK
2009-11-27,0.8444098057919578,0.15559019420804227,0.9304362473766752,0.06956375262383847,0,OK
2009-11-30,0.8907177876418225,0.10928221235817745,0.9987697452917408,0.001230254708492885,0,OK
2009-12-01,0.9232499571134175,0.0767500428865825,0.9991583525474304,0.0008416474528609701,0,OK
2009-12-02,0.9462642721812078,0.05373572781879224,0.9999643406727767,3.565932728163388e-05,0,OK
2009-12-03,0.9623705173616038,0.03762948263839618,0.9999517561150993,4.824388413872476e-05,0,OK
2009-12-04,0.9736148714188096,0.02638512858119034,0.9998516975522888,0.00014830244771005274,0,OK
2009-12-07,0.9815226013970225,0.018477398602977455,0.9999739713461722,2.6028653814061592e-05,0,OK
2009-12-08,0.9870364752221935,0.01296352477780651,0.9999021808150543,9.781918574097193e-05,0,OK
2009-12-09,0.9909108926589163,0.009089107341083718,0.9999512000115396,4.8799988730538515e-05,0,OK
2009-12-10,0.9936265452510843,0.006373454748915669,0.9999630679666295,3.6932033856890746e-05,0,OK
2009-12-11,0.9955295792491103,0.004470420750889689,0.9999699919108543,3.0008088829068675e-05,0,OK
2009-12-14,0.9968634320044567,0.003136567995543298,0.9999757551005678,2.4244899735051417e-05,0,OK
2009-12-15,0.9977876639441026,0.0022123360558974005,0.9999442051371172,5.579486339030676e-05,0,OK
2009-12-16,0.9981324485477506,0.0018675514522493955,0.9989369459570666,0.0010630540437373847,0,OK
2009-12-17,0.9986758447559267,0.0013241552440732508,0.9999437692425427,5.6230758328913636e-05,0,OK
2009-12-18,0.9989895032768241,0.001010496723175903,0.9997213731595151,0.0002786268410820912,0,OK
2009-12-21,0.9953834180972262,0.0046165819027738616,0.9869692193446536,0.0130307806551691,0,OK
2009-12-22,0.9966435424359849,0.0033564575640151733,0.9995838325590464,0.0004161674402449013,0,OK
2009-12-23,0.9957878984454089,0.0042121015545911,0.9937913958015385,0.006208604199268261,0,OK
2009-12-28,0.6970515289117862,0.30294847108821377,1.0668340237407444e-102,1.0,0,OK
2009-12-29,0.48793607023825036,0.5120639297617496,1.0095677331248615e-100,1.0,1,OK
2009-12-30,0.34155524916677527,0.6584447508332247,8.574568069719834e-100,1.0,1,OK
2010-01-04,0.23908867441674275,0.7609113255832572,1.5526741309066863e-211,1.0,1,OK
2010-01-05,0.16736207209171994,0.8326379279082801,4.980318194460135e-208,1.0,1,OK
2010-01-06,0.117153450464204,0.882846549535796,2.9908234428844103e-203,1.0,1,OK
2010-01-07,0.08200741532494282,0.9179925846750572,9.397624512431025e-204,1.0,1,OK
2010-01-08,0.057405190727459976,0.94259480927254,1.078180009274498e-200,1.0,1,OK
2010-01-11,0.04018363350922205,0.959816366490778,6.5322034472721e-200,1.0,1,OK
2010-01-12,0.028128543456455546,0.9718714565435445,2.2439532247365737e-200,1.0,1,OK
2010-01-13,0.01968998041951897,0.980310019580481,9.921800147683769e-200,1.0,1,OK
2010-01-14,0.013782986293663368,0.9862170137063366,3.912405535795593e-200,1.0,1,OK
2010-01-15,0.009648090405564469,0.9903519095944355,8.707727029797546e-203,1.0,1,OK
2010-01-18,0.0067536632838951505,0.9932463367161048,1.4430170808445938e-201,1.0,1,OK
2010-01-19,0.004727564298726561,0.9952724357012734,7.775702331034824e-205,1.0,1,OK
2010-01-20,0.0033092950091087037,0.9966907049908913,3.666173342218633e-206,1.0,1,OK
2010-01-21,0.002316506506376159,0.9976834934936238,1.5999150382128298e-209,1.0,1,OK
2010-01-22,0.0016215545544633336,0.9983784454455367,1.3081857616034978e-210,1.0,1,OK
2010-01-25,0.0011350881881244668,0.9988649118118755,2.317105387556576e-212,1.0,1,OK
2010-01-26,0.0007945617316871267,0.9992054382683129,3.2343003801564054e-104,1.0,1,OK
2010-01-27,0.0005561932121811441,0.9994438067878189,1.1060598634080069e-103,1.0,1,OK
2010-01-28,0.0003893352485269119,0.9996106647514731,3.241101208409569e-107,1.0,1,OK
2010-01-29,0.00027253467396892717,0.9997274653260311,1.134623375292326e-104,1.0,1,OK
2010-02-01,0.2900044847160359,0.7099955152839641,0.9660457014802976,0.03395429851914123,1,OK
2010-02-02,0.5025160840723955,0.4974839159276046,0.9983764825697318,0.0016235174294324081,0,OK
2010-02-03,0.6517210605870424,0.3482789394129576,0.99986600578763,0.00013399421211473804,0,OK
2010-02-04,0.7552568710921395,0.24474312890786057,0.9968404289366245,0.0031595710626342345,0,OK
2010-02-05,0.8279734169797484,0.17202658302025162,0.9976453573847873,0.0023546426158307936,0,OK
2010-02-08,0.8795446272028066,0.12045537279719346,0.9998774510559464,0.00012254894339109646,0,OK
2010-02-09,0.9156673832306546,0.08433261676934539,0.9999538139625181,4.618603769993026e-05,0,OK
2010-02-10,0.9409548513716627,0.05904514862833735,0.9999589436999528,4.105629931861951e-05,0,OK
2010-02-11,0.958614771407296,0.041385228592703986,0.9998212514905006,0.00017874850955946863,0,OK
2010-02-12,0.9709939094277356,0.029006090572264408,0.9998785648091448,0.0001214351912387297,0,OK
2010-02-15,0.9796863224712817,0.02031367752871823,0.9999686195727673,3.138042711048761e-05,0,OK
2010-02-16,0.9857446308246735,0.014255369175326518,0.9998806836494274,0.00011931635074585999,0,OK
2010-02-17,0.9900038980027134,0.009996101997286668,0.9999421880852191,5.781191519368971e-05,0,OK
2010-02-18,0.9929899342046044,0.007010065795395683,0.999957352008962,4.2647990983385236e-05,0,OK
2010-02-19,0.9950552100148925,0.004944789985107503,0.9998741869046889,0.0001258130944350866,0,OK
2010-02-22,0.9965283597199279,0.0034716402800720764,0.9999657090324549,3.429096832274765e-05,0,OK
2010-02-23,0.9975197284264301,0.0024802715735699325,0.9998329220744939,0.00016707792506493084,0,OK
2010-02-24,0.998251441017005,0.0017485589829949945,0.999958770395592,4.122960498680667e-05,0,OK
2010-02-25,0.9987401510929681,0.001259848907031911,0.9998804746033908,0.00011952539645138296,0,OK
2010-02-26,0.9990885200457325,0.0009114799542675729,0.9999013809348277,9.86190644841178e-05,0,OK
2010-03-01,0.9993495394398207,0.0006504605601792302,0.9999585846935428,4.1415307306430766e-05,0,OK
2010-03-02,0.9995311432139706,0.00046885678602936,0.9999548853529349,4.5114646346329664e-05,0,OK
2010-03-03,0.9995802198827857,0.0004197801172143492,0.999694732109983,0.00030526788997932414,0,OK
2010-03-04,0.995485152263285,0.004514847736714956,0.9859299944836959,0.014070005515549707,0,OK
2010-03-05,0.7043892576452926,0.29561074235470736,0.02516550353656852,0.9748344964633563,0,OK
2010-03-08,0.743880548673009,0.256119451326991,0.8360268944034982,0.16397310559565278,0,OK
2010-03-09,0.8202235347326262,0.17977646526737381,0.9983571688715087,0.001642831128267101,0,OK
2010-03-10,0.8741386252764405,0.12586137472355946,0.9999405032123286,5.949678799258143e-05,0,OK
2010-03-11,0.9118880301058497,0.08811196989415031,0.9999699747073689,3.0025292195626132e-05,0,OK
2010-03-12,0.9383112542935159,0.06168874570648405,0.9999654440639328,3.455593526279457e-05,0,OK
2010-03-15,0.9567731888562078,0.043226811143792204,0.9998510361696532,0.00014896383084458573,0,OK
2010-03-16,0.9697337878072765,0.03026621219272348,0.9999751853597688,2.481464022979526e-05,0,OK
2010-03-17,0.9788079489490783,0.021192051050921746,0.9999809916140654,1.9008386717705694e-05,0,OK
2010-03-18,0.9851579729670797,0.014842027032920235,0.999974695676446,2.5304324250043885e-05,0,OK
2010-03-19,0.989591941198808,0.010408058801191986,0.9999378670731135,6.21329271594048e-05,0,OK
2010-03-22,0.992685144503473,0.007314855496527043,0.9999026188813497,9.73811189755135e-05,0,OK
2010-03-23,0.9948718556300865,0.005128144369913435,0.9999741815922499,2.5818407815018113e-05,0,OK
2010-03-24,0.9963940756565357,0.003605924343464294,0.9999459223852295,5.4077615082964905e-05,0,OK
2010-03-25,0.9974294927219719,0.002570507278028057,0.9998454658743495,0.00015453412534350511,0,OK
2010-03-26,0.9981939978393758,0.0018060021606241602,0.999977843113715,2.2156886681735064e-05,0,OK
2010-03-29,0.9987271692499429,0.0012728307500571433,0.9999712358738752,2.876412540077053e-05,0,OK
2010-03-30,0.9990966396950614,0.0009033603049386086,0.9999587374004851,4.1262599662027796e-05,0,OK
2010-03-31,0.9993040124750208,0.0006959875249792319,0.999787882295248,0.00021211770507401933,0,OK
2010-04-01,0.9934719588109869,0.006528041189013074,0.9798638335949491,0.02013616640509204,0,OK
2010-04-06,0.9953339580182464,0.004666041981753578,0.9996786228355203,0.0003213771648147564,0,OK
2010-04-07,0.9967198868361484,0.0032801131638515667,0.99995372074544,4.627925541354187e-05,0,OK
2010-04-08,0.997688466155417,0.0023115338445830703,0.9999484845675524,5.151543295657826e-05,0,OK
2010-04-09,0.9981806376859557,0.0018193623140443506,0.9993290379237725,0.0006709620761206712,0,OK
2010-04-12,0.9987105116666067,0.0012894883333932127,0.9999468842880281,5.311571187389092e-05,0,OK
2010-04-13,0.9990881331659932,0.0009118668340068355,0.9999692499985388,3.075000210528882e-05,0,OK
2010-04-14,0.9993547055902359,0.0006452944097641698,0.9999767079136826,2.329208653128325e-05,0,OK
2010-04-15,0.9995374798402027,0.0004625201597973153,0.9999639530909541,3.604690987465495e-05,0,OK
2010-04-16,0.9996339302679215,0.00036606973207852324,0.9998589812654499,0.00014101873406800847,0,OK
2010-04-19,0.9997262510857708,0.0002737489142291994,0.9999416663274964,5.833367258077717e-05,0,OK
2010-04-20,0.9983641163656948,0.0016358836343052738,0.9951858020196449,0.004814197981149447,0,OK
2010-04-21,0.8513700398248445,0.14862996017515548,0.508383861228827,0.49161613877047267,0,OK
2010-04-22,0.8905116099415257,0.10948839005847429,0.9818419402143164,0.01815805978621819,0,OK
2010-04-23,0.9232865422489952,0.07671345775100478,0.9997613842994504,0.00023861570024264918,0,OK
2010-04-26,0.9462749233352864,0.05372507666471358,0.9999144792027773,8.552079670078166e-05,0,OK
2010-04-27,0.9603796302754594,0.03962036972454059,0.9932906131363656,0.006709386864136955,0,OK
2010-04-28,0.9721878189761596,0.027812181023840418,0.99974025927789,0.0002597407222066839,0,OK
2010-04-29,0.9805078364390092,0.01949216356099076,0.9999212105184995,7.878948100823428e-05,0,OK
2010-04-30,0.986272613955395,0.013727386044604994,0.9997237614937473,0.0002762385063715446,0,OK
2010-05-03,0.9863612333352798,0.013638766664720142,0.9865680118887272,0.013431988111655488,0,OK
2010-05-04,0.6981068887353271,0.3018931112646729,0.025513418002161524,0.9744865819978961,0,OK
2010-05-05,0.5608306336281832,0.4391693663718168,0.2405193717120185,0.759480628288486,0,OK
2010-05-06,0.4587356288841242,0.5412643711158758,0.22051395114811084,0.7794860488520138,1,OK
2010-05-07,0.3388574241180371,0.6611425758819629,0.059141612997402754,0.940858387002833,1,OK
2010-05-10,0.23720019688262606,0.7627998031173739,6.647123035433175e-15,1.0,1,OK
2010-05-11,0.178038359940482,0.821961640059518,0.03999407374213352,0.960005926257854,1,OK
2010-05-12,0.17031833453611933,0.8296816654638807,0.1523049419251279,0.8476950580740605,1,OK
2010-05-14,0.21404881944228238,0.7859511805577176,0.3160866175573887,0.6839133824433374,1,OK
2010-05-17,0.421652342370715,0.578347657629285,0.9060605625369532,0.09393943746294191,1,OK
2010-05-18,0.5932704998498275,0.40672950015017256,0.9937128673017819,0.0062871326989103965,0,OK
2010-05-19,0.7150997199514014,0.2849002800485986,0.9993679001887686,0.0006320998115927914,0,OK
2010-05-20,0.8000010712860153,0.1999989287139847,0.9981042243997751,0.0018957755998856719,0,OK
2010-05-21,0.8597026059898814,0.14029739401011868,0.999006186965043,0.0009938130344313294,0,OK
2010-05-25,0.9009264861379176,0.09907351386208241,0.9971155398161111,0.0028844601833311555,0,OK
2010-05-26,0.930587479499177,0.06941252050082307,0.9997964640094957,0.00020353599121793832,0,OK
2010-05-27,0.9513035630034056,0.04869643699659443,0.9996410911790391,0.0003589088200609378,0,OK
2010-05-28,0.9658989782958549,0.03410102170414511,0.9999549473121965,4.50526884300474e-05,0,OK
2010-05-31,0.976107902778848,0.02389209722115201,0.999928726571705,7.127342750144185e-05,0,OK
2010-06-01,0.9831567668925358,0.016843233107464137,0.9996041164909371,0.0003958835088591044,0,OK
2010-06-02,0.9881514462569482,0.011848553743051844,0.9998056981073606,0.00019430189275649175,0,OK
2010-06-03,0.9916386849131118,0.008361315086888182,0.9997755751114132,0.00022442488917296971,0,OK
2010-06-04,0.9939466419488543,0.006053358051145755,0.9993318750324716,0.0006681249677467597,0,OK
2010-06-07,0.9956897443317146,0.004310255668285345,0.9997569832251194,0.00024301677494439019,0,OK
2010-06-08,0.9969097354591576,0.003090264540842353,0.9997563814225159,0.00024361857680870429,0,OK
2010-06-09,0.9977851392793741,0.002214860720625986,0.9998277481931881,0.00017225180678779678,0,OK
2010-06-10,0.9983637840030307,0.001636215996969332,0.9997139550255725,0.0002860449751038068,0,OK
2010-06-11,0.998838415847671,0.0011615841523290062,0.999945890152662,5.410984816824595e-05,0,OK
2010-06-14,0.9991306387216833,0.0008693612783167294,0.9998124920943149,0.00018750790562141727,0,OK
2010-06-15,0.9992042054435821,0.0007957945564178459,0.999375861127338,0.000624138871987118,0,OK
2010-06-16,0.9994155403670933,0.0005844596329066023,0.9999086551882764,9.134481138036723e-05,0,OK
2010-06-17,0.9995743463581082,0.0004256536418918218,0.9999448936700983,5.5106329524000735e-05,0,OK
2010-06-18,0.9996821625769018,0.0003178374230981846,0.9999337337541899,6.626624591303113e-05,0,OK
2010-06-21,0.9997572001711457,0.00024279982885436977,0.999932287890902,6.771210895213528e-05,0,OK
2010-06-22,0.9998141435794973,0.0001858564205026806,0.9999470115323189,5.298846768207267e-05,0,OK
2010-06-23,0.9998401383140745,0.00015986168592550576,0.9999007926954652,9.920730524543115e-05,0,OK
2010-06-24,0.999492735479787,0.0005072645202129391,0.9986821288666624,0.0013178711335502837,0,OK
2010-06-25,0.9993780975435905,0.000621902456409433,0.9991106090254369,0.0008893909742012519,0,OK
2010-06-28,0.9895567318060112,0.01044326819398873,0.9666402117518859,0.033359788248340426,0,OK
2010-06-29,0.692689712264208,0.3073102877357921,2.5227930897000376e-14,1.0,0,OK
2010-06-30,0.7812610142237096,0.21873898577629033,0.9879273854620264,0.012072614537452911,0,OK
2010-07-01,0.846757377932756,0.15324262206724404,0.9995822265865691,0.00041777341280270264,0,OK
2010-07-02,0.8927128641704196,0.10728713582958042,0.9999423320590117,5.766794169869652e-05,0,OK
2010-07-05,0.9248825688794067,0.07511743112059337,0.9999452131998657,5.4786799623588874e-05,0,OK
2010-07-06,0.9473772400141391,0.05262275998586081,0.9998648059945692,0.00013519400481816994,0,OK
2010-07-07,0.9630726770734447,0.03692732292655527,0.9996953635450663,0.0003046364548423351,0,OK
2010-07-08,0.9741405945799085,0.025859405420091464,0.9999657354287242,3.426457167593347e-05,0,OK
2010-07-09,0.9818914395715482,0.018108560428451794,0.9999767445527334,2.3255447959232486e-05,0,OK
2010-07-12,0.9873118116909197,0.012688188309080294,0.9999593466369368,4.0653363880125256e-05,0,OK
2010-07-13,0.9905642500383386,0.009435749961661404,0.9981532728482718,0.0018467271510173298,0,OK
2010-07-14,0.9933750180008348,0.006624981999165147,0.9999334765807163,6.652342000721717e-05,0,OK
2010-07-15,0.9953409181522244,0.004659081847775653,0.9999280185062216,7.198149453350361e-05,0,OK
2010-07-16,0.99668409021652,0.003315909783479948,0.9998181583656685,0.0001818416334566362,0,OK
2010-07-19,0.9976596599706068,0.002340340029393207,0.9999359893960375,6.401060319081113e-05,0,OK
2010-07-20,0.9983065848309216,0.0016934151690783925,0.9998160761710155,0.00018392382834382678,0,OK
2010-07-21,0.9986530319761526,0.00134696802384737,0.9994614086488619,0.0005385913516416517,0,OK
2010-07-22,0.9881702544416116,0.011829745558388503,0.9637104401934533,0.03628955980565115,0,OK
2010-07-23,0.9916113761501875,0.008388623849812593,0.9996406601369974,0.00035933986313547273,0,OK
2010-07-26,0.9941051813351504,0.005894818664849655,0.9999240600996291,7.593989993613233e-05,0,OK
2010-07-27,0.995864130230016,0.004135869769984052,0.9999683443174145,3.165568196431185e-05,0,OK
2010-07-28,0.9970941284071307,0.002905871592869248,0.9999641241534797,3.58758462680407e-05,0,OK
2010-07-29,0.9979383969192166,0.0020616030807834376,0.9999083567812659,9.164321924987968e-05,0,OK
2010-07-30,0.9980094121236752,0.0019905878763248003,0.9981751142673267,0.001824885732587981,0,OK
2010-08-02,0.9679594081534085,0.03204059184659151,0.8978427322229052,0.10215726777721384,0,OK
2010-08-03,0.9772357583077488,0.02276424169225122,0.9988805753345585,0.0011194246654572025,0,OK
2010-08-04,0.98404533937878,0.01595466062121992,0.9999343618771048,6.563812214690622e-05,0,OK
2010-08-05,0.9887424007285515,0.011257599271448591,0.9997022105446689,0.00029778945531548824,0,OK
2010-08-06,0.982425506191877,0.017574493808123016,0.9676860856055534,0.03231391439369668,0,OK
2010-08-09,0.6877359085685775,0.31226409143142253,0.0001268474476006676,0.9998731525524548,0,OK
2010-08-10,0.7051554174607164,0.29484458253928364,0.7458009382082822,0.25419906179095964,0,OK
2010-08-11,0.6896956290163312,0.31030437098366875,0.6536227893123197,0.34637721068723404,0,OK
2010-08-12,0.7816793112950624,0.21832068870493762,0.9963079032790189,0.0036920967212317303,0,OK
2010-08-13,0.846825328914148,0.15317467108585206,0.9988327033593316,0.0011672966413191004,0,OK
2010-08-16,0.8875002430212272,0.11249975697877276,0.9824083759373928,0.01759162406225441,0,OK
2010-08-17,0.62133033634663,0.37866966365336996,0.00026722077347872105,0.99973277922743,0,OK
2010-08-18,0.7324365488310918,0.2675634511689082,0.9916843779619059,0.008315622038497403,0,OK
2010-08-19,0.8125596777168068,0.18744032228319318,0.9995136451161754,0.0004863548831915716,0,OK
2010-08-20,0.8687504190066332,0.13124958099336684,0.9998621486829161,0.00013785131710534175,0,OK
2010-08-23,0.9081087470169007,0.09189125298309925,0.9999448457078111,5.5154292474867324e-05,0,OK
2010-08-24,0.9356526241702054,0.06434737582979459,0.9999216708612745,7.832913875041192e-05,0,OK
2010-08-25,0.9549245863551304,0.04507541364486956,0.999892498120783,0.00010750188004448253,0,OK
2010-08-26,0.9684334647690398,0.03156653523096026,0.9999541810686229,4.581893183853352e-05,0,OK
2010-08-27,0.9778659679321664,0.02213403206783359,0.9998751419799605,0.0001248580205380368,0,OK
2010-08-30,0.9844899569203233,0.015510043079676775,0.9999459312268589,5.406877397754125e-05,0,OK
2010-08-31,0.9891111134474405,0.01088888655255944,0.9998938120110547,0.00010618798928565844,0,OK
2010-09-01,0.9922980167796176,0.00770198322038239,0.9997341245552815,0.00026587544530260897,0,OK
2010-09-02,0.9945983223067247,0.0054016776932752485,0.9999657018695202,3.429813002525329e-05,0,OK
2010-09-03,0.996200460039855,0.0037995399601450483,0.9999387814172334,6.121858284124834e-05,0,OK
2010-09-06,0.9972525071953124,0.0027474928046875543,0.9997072838921373,0.00029271610862006796,0,OK
2010-09-07,0.998066702034581,0.0019332979654189595,0.9999664899927174,3.3510007125571965e-05,0,OK
2010-09-08,0.9986156759203831,0.0013843240796168462,0.9998966149873454,0.0001033850127452495,0,OK
2010-09-09,0.9990100955551486,0.0009899044448513623,0.9999304080362106,6.959196373190002e-05,0,OK
2010-09-10,0.9993005935935149,0.0006994064064851231,0.999978422349129,2.1577650297231503e-05,0,OK
2010-09-13,0.9995001021629285,0.0004998978370714794,0.9999656221586848,3.437784177297749e-05,0,OK
2010-09-14,0.9996428183468825,0.0003571816531174722,0.999975822776249,2.4177223891455345e-05,0,OK
2010-09-15,0.9997394210189772,0.00026057898102277644,0.9999648272533986,3.517274613515313e-05,0,OK
2010-09-16,0.999810696027961,0.00018930397203899968,0.9999770043820849,2.2995617743520602e-05,0,OK
2010-09-17,0.9998161248240669,0.0001838751759331374,0.999828792015594,0.00017120798501945878,0,OK
2010-09-20,0.9998502351682734,0.00014976483172651815,0.9999298259711769,7.01740285777399e-05,0,OK
2010-09-21,0.9998780831306369,0.00012191686936317599,0.9999430617102543,5.693829051537764e-05,0,OK
2010-09-22,0.999706567168211,0.00029343283178890543,0.9993063632550322,0.0006936367441156074,0,OK
2010-09-23,0.9997377936253435,0.00026220637465650733,0.9998106553593971,0.0001893446413475784,0,OK
2010-09-24,0.9997527999869723,0.0002472000130276738,0.9997878148305138,0.00021218516922706242,0,OK
2010-09-27,0.99981388955931,0.00018611044068990595,0.9999564318946483,4.356810523511427e-05,0,OK
2010-09-28,0.9998485796356543,0.0001514203643456442,0.9999295231471098,7.047685287570017e-05,0,OK
2010-09-29,0.9998525008974877,0.0001474991025123522,0.9998616505086981,0.00013834949156800425,0,OK
2010-09-30,0.9998607287208288,0.00013927127917122263,0.9998799269749327,0.00012007302470858701,0,OK
2010-10-01,0.999883674169786,0.00011632583021402316,0.9999372135510421,6.27864493138911e-05,0,OK
2010-10-04,0.9999037203698126,9.627963018745863e-05,0.9999504948367436,4.950516345880809e-05,0,OK
2010-10-05,0.9998964024114294,0.00010359758857057382,0.9998793271753585,0.0001206728247978426,0,OK
2010-10-06,0.9999193844999186,8.061550008143348e-05,0.9999730093736625,2.6990626940106045e-05,0,OK
2010-10-07,0.9999281622337821,7.183776621786959e-05,0.9999486436136238,5.135638720288718e-05,0,OK
2010-10-08,0.9999403839522958,5.961604770417931e-05,0.9999689012963209,3.1098704505568696e-05,0,OK
2010-10-11,0.9999417435689895,5.8256431010541655e-05,0.9999449160078764,5.508399205872047e-05,0,OK
2010-10-12,0.999443013593913,0.0005569864060870808,0.9982793103188232,0.0017206896812656722,0,OK
2010-10-13,0.9793194225449929,0.020680577455007086,0.9323643767643325,0.06763562323582042,0,OK
2010-10-14,0.9852600570928972,0.01473994290710274,0.9991215377039994,0.0008784622953259422,0,OK
2010-10-15,0.9896684729736637,0.010331527026336324,0.9999547766950541,4.522330454801752e-05,0,OK
2010-10-18,0.9927567951067364,0.007243204893263546,0.9999628800847138,3.7119916093733846e-05,0,OK
2010-10-19,0.9949196045621594,0.005080395437840605,0.9999661599572994,3.384004185374421e-05,0,OK
2010-10-20,0.9964223247273633,0.003577675272636741,0.9999286717803751,7.132822049439412e-05,0,OK
2010-10-21,0.9974776165293567,0.002522383470643305,0.9999399640669904,6.003593265862128e-05,0,OK
2010-10-22,0.9982276714986309,0.0017723285013690943,0.9999777997608831,2.2200239729269775e-05,0,OK
2010-10-25,0.9987460318703911,0.0012539681296089068,0.9999555394049449,4.4460595501802856e-05,0,OK
2010-10-26,0.9991144951022731,0.000885504897726838,0.9999742426432359,2.5757356668677727e-05,0,OK
2010-10-27,0.9993683978382477,0.0006316021617522841,0.9999608375557554,3.91624444783249e-05,0,OK
2010-10-28,0.9995506600518621,0.0004493399481379021,0.9999759385503131,2.4061449704344298e-05,0,OK
2010-10-29,0.9996732110189266,0.00032678898107343425,0.9999591632757244,4.083672458967601e-05,0,OK
2010-11-01,0.9997463199575698,0.0002536800424302296,0.9999169074816799,8.309251892941879e-05,0,OK
2010-11-02,0.9997926433437514,0.00020735665624862116,0.9999007312451881,9.926875515820157e-05,0,OK
2010-11-03,0.9998231939947504,0.00017680600524962474,0.9998944788474584,0.00010552115291863311,0,OK
2010-11-04,0.9998458112613624,0.00015418873863755903,0.9998985848839175,0.00010141511654273903,0,OK
2010-11-05,0.9998537476416383,0.0001462523583617914,0.9998722658625276,0.00012773413771833362,0,OK
2010-11-08,0.9998776227162898,0.0001223772837102513,0.99993333122404,6.666877618999108e-05,0,OK
2010-11-09,0.9998394805855133,0.00016051941448663878,0.9997504822795171,0.00024951771963154293,0,OK
2010-11-10,0.9998082712518993,0.00019172874810073626,0.9997354494740073,0.0002645505265336304,0,OK
2010-11-11,0.9997643043468362,0.00023569565316386228,0.9996617149013148,0.0003382850983111564,0,OK
2010-11-12,0.9997298167676464,0.0002701832323536645,0.9996493457500976,0.0003506542504632029,0,OK
2010-11-15,0.9997204545262323,0.00027954547376772554,0.9996986092954571,0.0003013907037338681,0,OK
2010-11-16,0.9993928753157062,0.0006071246842937923,0.998628523824598,0.0013714761755212817,0,OK
2010-11-17,0.9995459573774882,0.00045404262251181547,0.9999031488542841,9.685114502053612e-05,0,OK
2010-11-18,0.9995521675349961,0.0004478324650039428,0.9995666579033554,0.0004333420974855734,0,OK
2010-11-19,0.9995104951527276,0.0004895048472723909,0.999413259594227,0.00058674040589877,0,OK
2010-11-22,0.9923573189925663,0.0076426810074337595,0.9756665746183251,0.02433342538114362,0,OK
2010-11-23,0.8597599183791509,0.1402400816208491,0.5503659836145001,0.44963401638548495,0,OK
2010-11-24,0.8984775130160729,0.1015224869839271,0.9888185671691276,0.01118143283110911,0,OK
2010-11-25,0.9288715846793397,0.07112841532066028,0.9997910852267934,0.00020891477303772252,0,OK
2010-11-26,0.9501783281881584,0.049821671811841654,0.9998940630413444,0.00010593695793155131,0,OK
2010-11-29,0.9650339742853433,0.03496602571465664,0.9996971485118132,0.0003028514878916055,0,OK
2010-11-30,0.9754946211013681,0.02450537889863189,0.9999027970049262,9.720299457414946e-05,0,OK
2010-12-01,0.982498606460619,0.01750139353938094,0.9988412389655317,0.0011587610344620575,0,OK
2010-12-02,0.9876625661572848,0.012337433842715243,0.9997118054501223,0.00028819455049528404,0,OK
2010-12-03,0.9913546801036434,0.008645319896356597,0.9999696126448271,3.0387354853092703e-05,0,OK
2010-12-06,0.9939383108941313,0.006061689105868705,0.9999667827383806,3.321726139695776e-05,0,OK
2010-12-07,0.9957335487668754,0.004266451233124626,0.9999224371363206,7.75628633884416e-05,0,OK
2010-12-08,0.9969824087526981,0.0030175912473019394,0.9998964153866491,0.00010358461371567185,0,OK
2010-12-09,0.9978705270126692,0.0021294729873308463,0.9999428029519513,5.719704739829679e-05,0,OK
2010-12-10,0.9985034723044863,0.0014965276955137142,0.9999803446520595,1.9655347940406288e-05,0,OK
2010-12-13,0.9989462153360321,0.0010537846639678875,0.999979282409157,2.071759036095904e-05,0,OK
2010-12-14,0.9992554861854472,0.0007445138145527989,0.9999771181681759,2.2881832584258806e-05,0,OK
2010-12-15,0.9994718164450868,0.000528183554913227,0.9999765870501163,2.3412949087559437e-05,0,OK
2010-12-16,0.999622617738535,0.0003773822614649566,0.9999744874238218,2.5512576752325795e-05,0,OK
2010-12-17,0.9996784561698449,0.0003215438301551501,0.9998087458421802,0.00019125415709893498,0,OK
2010-12-20,0.9997634812846306,0.00023651871536944637,0.9999618732191935,3.8126780869470966e-05,0,OK
2010-12-21,0.999825704818857,0.0001742951811430129,0.9999708930661378,2.9106934614668158e-05,0,OK
2010-12-22,0.9998648857432221,0.00013511425677791627,0.9999563078995509,4.3692099926024196e-05,0,OK
2010-12-23,0.9998916522287298,0.0001083477712702064,0.9999541073610954,4.589263841888342e-05,0,OK
2010-12-27,0.9999005721897402,9.942781025983061e-05,0.9999213854314863,7.861456790228712e-05,0,OK
2010-12-28,0.999913003736427,8.699626357302848e-05,0.9999420106785412,5.7989321303823544e-05,0,OK
2010-12-29,0.9999324065553256,6.75934446744012e-05,0.9999776797993833,2.232020057760424e-05,0,OK
2010-12-30,0.9999318033012263,6.819669877367734e-05,0.9999303957079584,6.960429167198837e-05,0,OK
2011-01-03,0.9999427715030609,5.7228496939164374e-05,0.999968363974611,3.163602599196746e-05,0,OK
2011-01-04,0.9999490700110677,5.0929988932272694e-05,0.9999637665294105,3.623347024952545e-05,0,OK
2011-01-05,0.9999323524742942,6.764752570577397e-05,0.9998933448879044,0.0001066551115106103,0,OK
2011-01-06,0.9999405856302409,5.941436975909334e-05,0.999959796327506,4.02036725501719e-05,0,OK
2011-01-07,0.9999434239392777,5.657606072228741e-05,0.9999500466600432,4.99533396364069e-05,0,OK
2011-01-10,0.9996246131540321,0.0003753868459679925,0.9988807213213066,0.0011192786782079711,0,OK
2011-01-11,0.9967839817308658,0.0032160182691342533,0.990155841743632,0.009844158256522196,0,OK
2011-01-12,0.697748787211606,0.30225121278839395,6.775396212777731e-20,1.0,0,OK
2011-01-13,0.4884241510481242,0.5115758489518758,8.758634034921216e-15,1.0,1,OK
2011-01-14,0.6389524612439312,0.3610475387560687,0.9901851850333593,0.00981481496585218,0,OK
2011-01-17,0.747235906476154,0.25276409352384593,0.9998972786845465,0.00010272131532621339,0,OK
2011-01-18,0.8230406574044233,0.17695934259557672,0.9999184095703845,8.159042961518235e-05,0,OK
2011-01-19,0.8760834244424864,0.12391657555751352,0.9998498808639873,0.00015011913536605364,0,OK
2011-01-20,0.9132502243694627,0.08674977563053735,0.9999727575323138,2.724246759295375e-05,0,OK
2011-01-21,0.9392555244509927,0.06074447554900728,0.9999345579749562,6.54420254371459e-05,0,OK
2011-01-24,0.9574694287805093,0.04253057121949067,0.9999685388831138,3.146111728524248e-05,0,OK
2011-01-25,0.9702159453870431,0.029784054612956887,0.9999578174686069,4.218253104473261e-05,0,OK
2011-01-26,0.9791416085549972,0.020858391445002792,0.9999681559470339,3.184405310990901e-05,0,OK
2011-01-27,0.9853698995052285,0.014630100494771524,0.9999025783891329,9.742161089856851e-05,0,OK
2011-01-28,0.98971561043121,0.01028438956878999,0.999855602591059,0.00014439740816641673,0,OK
2011-01-31,0.992775414194601,0.007224585805398954,0.9999149563084716,8.504369081986918e-05,0,OK
2011-02-01,0.9949209680751343,0.0050790319248657095,0.9999272604626833,7.27395369548086e-05,0,OK
2011-02-02,0.9964349814378534,0.003565018562146634,0.9999676792834208,3.2320715802125325e-05,0,OK
2011-02-03,0.9974880579072716,0.0025119420927284183,0.9999452363361436,5.476366408591664e-05,0,OK
2011-02-04,0.9982287037252552,0.0017712962747448596,0.9999568773003714,4.312269944989001e-05,0,OK
2011-02-07,0.9987429887500012,0.0012570112499988282,0.9999429871413945,5.701285892475512e-05,0,OK
2011-02-08,0.9991073978237623,0.0008926021762376342,0.9999576856629276,4.231433746151536e-05,0,OK
2011-02-09,0.9993663344869144,0.0006336655130856867,0.9999705200350807,2.9479965731142685e-05,0,OK
2011-02-10,0.9994945594002023,0.000505440599797712,0.9997937508643344,0.00020624913545910466,0,OK
2011-02-11,0.9996192823778786,0.0003807176221214235,0.9999103026597249,8.969734087675019e-05,0,OK
2011-02-14,0.9997146851771206,0.00028531482287946633,0.9999372917081124,6.270829131489984e-05,0,OK
2011-02-15,0.99976310458574,0.00023689541425993052,0.9998760832062565,0.00012391679414768035,0,OK
2011-02-16,0.9997940533279109,0.0002059466720890533,0.9998662670595733,0.00013373294035700658,0,OK
2011-02-17,0.999825975453442,0.0001740245465580034,0.9999004604136764,9.953958698555353e-05,0,OK
2011-02-18,0.999840167732946,0.0001598322670539196,0.9998732830520354,0.00012671694821105752,0,OK
2011-02-21,0.9995662853241234,0.0004337146758766168,0.9989272263697985,0.0010727736297962435,0,OK
2011-02-22,0.9996540803565253,0.00034591964347474395,0.9998589354315633,0.000141064567870374,0,OK
2011-02-23,0.9996861554600761,0.00031384453992387587,0.9997609973691376,0.0002390026316385171,0,OK
2011-02-24,0.9997402260884471,0.00025977391155287467,0.9998663908870935,0.0001336091120205386,0,OK
2011-02-25,0.9997512370584832,0.0002487629415167613,0.999776929322441,0.00022307067809916348,0,OK
2011-02-28,0.9997223014711321,0.0002776985288679822,0.9996547850999482,0.00034521489935416427,0,OK
2011-03-01,0.9997145652224246,0.00028543477757541204,0.9996965139751669,0.00030348602455941505,0,OK
2011-03-02,0.9997809507857253,0.00021904921427477427,0.9999358504341522,6.414956657328622e-05,0,OK
2011-03-03,0.9998141004355912,0.00018589956440886408,0.9998914496194115,0.00010855038138840698,0,OK
2011-03-04,0.9998339211468064,0.00016607885319366885,0.9998801694735172,0.00011983052702488006,0,OK
2011-03-07,0.9998549268878976,0.00014507311210243347,0.9999039402838932,9.605971622288429e-05,0,OK
2011-03-08,0.9998731480154838,0.00012685198451626873,0.9999156639791122,8.433602014855104e-05,0,OK
2011-03-09,0.9998882600325927,0.00011173996740729222,0.9999235214051371,7.647859415301376e-05,0,OK
2011-03-10,0.9998867780046582,0.00011322199534176066,0.9998833199398067,0.00011668006052218704,0,OK
2011-03-11,0.9998989382943355,0.00010106170566447472,0.9999273123037494,7.268769641747419e-05,0,OK
2011-03-14,0.9998804661621575,0.00011953383784251621,0.9998373645201196,0.00016263547959127973,0,OK
2011-03-15,0.9998491013634527,0.0001508986365472393,0.9997759168337863,0.00022408316685825988,0,OK
2011-03-16,0.9997172419986007,0.00028275800139930453,0.9994095701480734,0.0005904298527207901,0,OK
2011-03-17,0.9996559922311625,0.0003440077688375284,0.9995130761077364,0.0004869238928600508,0,OK
2011-03-18,0.99462961647938,0.005370383520620029,0.9829014063926184,0.01709859360811253,0,OK
2011-03-21,0.696240731535566,0.303759268464434,2.738401990985804e-23,1.0,0,OK
2011-03-22,0.784925488638844,0.21507451136115593,0.9918565885470602,0.00814341145350705,0,OK
2011-03-23,0.8494131052112066,0.15058689478879342,0.9998842105462734,0.00011578945328086073,0,OK
2011-03-24,0.8945668446358793,0.10543315536412072,0.9999255699601284,7.443003988445288e-05,0,OK
2011-03-25,0.9261898055801798,0.07381019441982012,0.9999767144509782,2.3285549785425334e-05,0,OK
2011-03-28,0.9483263715074893,0.05167362849251064,0.999978358671324,2.164132878856044e-05,0,OK
2011-03-29,0.9638114120836833,0.03618858791631671,0.9999431734280473,5.68265718642048e-05,0,OK
2011-03-30,0.9741149621355493,0.025885037864450778,0.9981565789239325,0.0018434210767636027,0,OK
2011-03-31,0.9782019286737879,0.021798071326212188,0.9877381839303694,0.012261816070322153,0,OK
2011-04-01,0.723268003311931,0.276731996688069,0.12842217746840945,0.8715778225324017,0,OK
2011-04-04,0.8045719227780015,0.1954280772219985,0.9942810681996086,0.005718931801167392,0,OK
2011-04-05,0.8631735266622431,0.1368264733377569,0.999910602391422,8.939760785987636e-05,0,OK
2011-04-06,0.9042080580330611,0.09579194196693884,0.999955297897575,4.470210169671481e-05,0,OK
2011-04-07,0.9329366001906892,0.06706339980931077,0.9999698652256901,3.0134774845297523e-05,0,OK
2011-04-08,0.9530455964423467,0.046954403557653304,0.9999665876964638,3.341230378591456e-05,0,OK
2011-04-11,0.9671199564126456,0.032880043587354434,0.9999601296767091,3.987032332374736e-05,0,OK
2011-04-12,0.9769635985513566,0.023036401448643367,0.9999320968754071,6.790312498421531e-05,0,OK
2011-04-13,0.9838668918914671,0.016133108108532905,0.9999745763519488,2.5423648275169298e-05,0,OK
2011-04-14,0.9886975967738477,0.011302403226152271,0.9999692414986626,3.0758500597458525e-05,0,OK
2011-04-15,0.9920783446928643,0.007921655307135707,0.9999667565039682,3.324349609705907e-05,0,OK
2011-04-18,0.9944175569959574,0.005582443004042694,0.9998757190370259,0.00012428096349233336,0,OK
2011-04-19,0.9960834174384644,0.003916582561535547,0.9999704251375676,2.957486235220367e-05,0,OK
2011-04-20,0.9969422477229437,0.00305775227705628,0.9989461850539982,0.0010538149466046576,0,OK
2011-04-21,0.9978491520093062,0.002150847990693716,0.9999652620112293,3.473798918106617e-05,0,OK
2011-04-26,0.9982576459775564,0.0017423540224436207,0.9992107985704609,0.0007892014298600657,0,OK
2011-04-27,0.9987632116626263,0.0012367883373736999,0.999942864928653,5.713507221055134e-05,0,OK
2011-04-28,0.9991271174828344,0.0008728825171655416,0.9999762310640983,2.3768936679839113e-05,0,OK
2011-04-29,0.9993770001374745,0.0006229998625254207,0.999960059664782,3.994033503180569e-05,0,OK
2011-05-02,0.9987630974057732,0.0012369025942268169,0.9973306576981339,0.0026693423015300747,0,OK
2011-05-03,0.9991196001451269,0.0008803998548731435,0.9999514398699954,4.856012971457281e-05,0,OK
2011-05-04,0.9993646532402732,0.0006353467597267482,0.9999364437960802,6.355620438515913e-05,0,OK
2011-05-05,0.9995378871635243,0.00046211283647572363,0.999942099651071,5.790034888999992e-05,0,OK
2011-05-06,0.9996545540482809,0.00034544595171917916,0.9999267767795906,7.322322062057545e-05,0,OK
2011-05-09,0.9997453560589225,0.00025464394107759235,0.9999572274171474,4.277258291388984e-05,0,OK
2011-05-10,0.9998091942157348,0.00019080578426521722,0.9999581499149695,4.1850085036341976e-05,0,OK
2011-05-11,0.9998597700659279,0.00014022993407209155,0.9999777803836193,2.221961695479843e-05,0,OK
2011-05-12,0.9998839360254878,0.00011606397451223246,0.9999403232649732,5.967673553922791e-05,0,OK
2011-05-13,0.9998960565475795,0.00010394345242050204,0.9999243377655024,7.566223420646442e-05,0,OK
2011-05-16,0.9999164804038108,8.351959618922219e-05,0.9999641360692518,3.586393164956921e-05,0,OK
2011-05-17,0.9999253345133099,7.466548669010471e-05,0.9999459941022868,5.400589785883064e-05,0,OK
2011-05-18,0.9999353814428609,6.46185571391331e-05,0.9999588242791139,4.1175721520199366e-05,0,OK
2011-05-19,0.9999389554272239,6.10445727761451e-05,0.9999472947249075,5.270527592917309e-05,0,OK
2011-05-20,0.9998877269435787,0.00011227305642130499,0.9997681938159109,0.0002318061849266781,0,OK
2011-05-23,0.9989003178884098,0.0010996821115901519,0.9965963634254515,0.0034036365736507946,0,OK
2011-05-24,0.9992081003590997,0.0007918996409002692,0.9999262594570031,7.374054262387603e-05,0,OK
2011-05-25,0.9994274854804692,0.0005725145195307518,0.9999393840971994,6.061590300187839e-05,0,OK
2011-05-26,0.9995176496162467,0.000482350383753361,0.9997280325994866,0.0002719674002727825,0,OK
2011-05-27,0.9950261078677924,0.0049738921322075285,0.9845458437885117,0.015454156211933922,0,OK
2011-06-01,0.710702759168832,0.28929724083116803,0.04728161220540002,0.9527183877954094,0,OK
2011-06-03,0.7811690329059765,0.2188309670940235,0.9455903382921144,0.05440966170735301,0,OK
2011-06-06,0.8466564424445084,0.15334355755549156,0.9994603980341363,0.0005396019655837545,0,OK
2011-06-07,0.8926520527527638,0.10734794724723619,0.9999751434713022,2.4856527973669196e-05,0,OK
2011-06-08,0.9248490599744407,0.07515094002555932,0.9999754101576591,2.4589841646621196e-05,0,OK
2011-06-09,0.9473773082586467,0.0526226917413532,0.9999432209209816,5.6779078205601886e-05,0,OK
2011-06-10,0.9631498266769243,0.03685017332307571,0.9999523696526404,4.763034709492588e-05,0,OK
2011-06-14,0.9741955767421752,0.025804423257824824,0.9999689935616932,3.1006438906089744e-05,0,OK
2011-06-15,0.9818087222997182,0.018191277700281856,0.999572728600911,0.00042727139934826757,0,OK
2011-06-16,0.9872511537652326,0.012748846234767398,0.9999501605176415,4.9839481900328515e-05,0,OK
2011-06-17,0.9910218436775114,0.008978156322488537,0.999820120140114,0.00017987986050453254,0,OK
2011-06-20,0.9936998348059097,0.0063001651940902265,0.9999484807715171,5.151922782750206e-05,0,OK
2011-06-21,0.9954572679631715,0.004542732036828537,0.9995579453304665,0.00044205466988459587,0,OK
2011-06-22,0.9968119237323474,0.003188076267652551,0.9999727871937665,2.7212806241917984e-05,0,OK
2011-06-23,0.997728486158138,0.002271513841861973,0.9998671318191767,0.00013286818168395793,0,OK
2011-06-24,0.9983537280237562,0.0016462719762438108,0.9998126257104165,0.00018737428980143236,0,OK
2011-06-27,0.998833030108172,0.0011669698918279942,0.9999514016385145,4.859836152442232e-05,0,OK
2011-06-28,0.9991702279982269,0.0008297720017731158,0.9999570230751823,4.2976924978399854e-05,0,OK
2011-06-29,0.999407221765052,0.0005927782349479404,0.9999602072207766,3.979277902253129e-05,0,OK
2011-06-30,0.9995212509901142,0.0004787490098858043,0.9997873191811805,0.0002126808180741536,0,OK
2011-07-01,0.999647259821075,0.00035274017892495606,0.9999412804260154,5.8719573349643565e-05,0,OK
2011-07-04,0.9997472829842621,0.0002527170157379221,0.9999806703648669,1.9329634968176164e-05,0,OK
2011-07-05,0.9998156973171011,0.00018430268289887787,0.9999753307607272,2.4669239607774625e-05,0,OK
2011-07-06,0.9998613032065055,0.0001386967934945926,0.9999677169480177,3.228305155126032e-05,0,OK
2011-07-07,0.9998853688986753,0.00011463110132470902,0.9999415221810056,5.8477819594980706e-05,0,OK
2011-07-08,0.9994834538016635,0.0005165461983365658,0.9985456519086845,0.0014543480913642318,0,OK
2011-07-11,0.999572253771194,0.000427746228805987,0.9997794536997605,0.00022054629990130332,0,OK
2011-07-12,0.9985630832678493,0.0014369167321507655,0.9962083520927326,0.0037916479066219155,0,OK
2011-07-13,0.9917038879465639,0.008296112053436043,0.975699098863605,0.024300901136435026,0,OK
2011-07-15,0.6941928312749206,0.3058071687250794,3.657081303512631e-07,0.9999996342922473,0,OK
2011-07-18,0.48835104479149216,0.5116489552085078,0.008053542997716849,0.9919464570031742,1,OK
2011-07-20,0.34192824639080055,0.6580717536091995,0.00027505012267371775,0.99972494987748,1,OK
2011-07-22,0.23934977247356048,0.7606502275264395,2.478490107309876e-21,1.0,1,OK
2011-07-25,0.1675678218613863,0.8324321781386137,7.660376589016025e-05,0.9999233962336868,1,OK
2011-07-26,0.11732622031097129,0.8826737796890287,9.581669273766948e-05,0.9999041833066639,1,OK
2011-07-27,0.0821443533871864,0.9178556466128136,5.333056514884822e-05,0.9999466694349787,1,OK
2011-07-28,0.0575248968179598,0.9424751031820402,7.949815556294605e-05,0.9999205018435688,1,OK
2011-07-29,0.04029131944980058,0.9597086805501994,7.963892369530144e-05,0.9999203610759045,1,OK
2011-08-02,0.02820392361486035,0.9717960763851397,5.820292920992406e-15,1.0,1,OK
2011-08-03,0.01978633962810905,0.980213660371891,0.00014531032489258915,0.9998546896743106,1,OK
2011-08-04,0.013850648812949728,0.9861493511870503,7.035767477162324e-07,0.9999992964224221,1,OK
2011-08-05,0.009702671889125325,0.9902973281108747,2.4059067017890726e-05,0.9999759409331319,1,OK
2011-08-08,0.006793406550502645,0.9932065934494974,5.120759883388062e-06,0.999994879239617,1,OK
2011-08-09,0.004755475425850864,0.9952445245741491,3.0280230851267346e-07,0.9999996971983368,1,OK
2011-08-10,0.0033288340019028695,0.9966711659980971,4.012022107569802e-09,0.9999999959873094,1,OK
2011-08-11,0.002330184283182324,0.9976698157168177,1.6053019339407262e-09,0.9999999983938324,1,OK
2011-08-12,0.0016311298577000866,0.9983688701422999,2.865316527340885e-09,0.9999999971350917,1,OK
2011-08-15,0.001141809218340395,0.9988581907816596,6.105914318727558e-08,0.9999999389401656,1,OK
2011-08-16,0.0007992726334004052,0.9992007273665996,2.0601585367542854e-08,0.9999999793981262,1,OK
2011-08-17,0.0005595191421247092,0.9994404808578753,9.432845533329306e-08,0.999999905670852,1,OK
2011-08-18,0.00039626058822384014,0.9996037394117762,1.532396321385735e-05,0.9999846760375449,1,OK
2011-08-19,0.00029612916661614364,0.9997038708333839,6.248918341550071e-05,0.9999375108171351,1,OK
2011-08-22,0.0003962187263488737,0.9996037812736511,0.0006297610327637125,0.9993702389676083,1,OK
2011-08-23,0.015224092971512171,0.9847759070284878,0.049822466210583796,0.9501775337897737,1,OK
2011-08-24,0.18526412487570587,0.8147358751242941,0.5820241993185513,0.4179758006811756,1,OK
2011-08-25,0.3875863324847105,0.6124136675152895,0.8596714835721657,0.14032851642761202,1,OK
2011-08-26,0.563010339399681,0.43698966060031896,0.9723330222003721,0.02766697779872117,0,OK
2011-08-29,0.6935193458687801,0.30648065413122,0.99804036096271,0.0019596390366559847,0,OK
2011-08-30,0.7850294217636156,0.2149705782363844,0.9985529321851039,0.0014470678151014018,0,OK
2011-08-31,0.8462611090044472,0.15373889099555288,0.9891350458996859,0.010864954100279323,0,OK
2011-09-01,0.8628337206133465,0.13716627938665346,0.9015031477014688,0.09849685229922149,0,OK
2011-09-02,0.6039836044293426,0.3960163955706574,7.4307898235867395e-81,1.0,0,OK
2011-09-05,0.6331772269574877,0.3668227730425123,0.7012956795237772,0.2987043204768406,0,OK
2011-09-06,0.7217762431359269,0.27822375686407314,0.9285072808850844,0.07149271911438182,0,OK
2011-09-07,0.7926936888674978,0.20730631113250217,0.958167728908049,0.041832271092169956,0,OK
2011-09-08,0.8539786483249269,0.1460213516750731,0.9969768870596015,0.0030231129410720073,0,OK
2011-09-09,0.8959049560946798,0.10409504390532016,0.9937330075579931,0.0062669924425633105,0,OK
2011-09-12,0.9269560208294146,0.07304397917058537,0.9994085052101532,0.0005914947895375519,0,OK
2011-09-13,0.9482839148193284,0.05171608518067162,0.9980490007957284,0.0019509992042061853,0,OK
2011-09-14,0.9627452750051317,0.037254724994868316,0.9964884487712207,0.003511551227993943,0,OK
2011-09-15,0.9736926704156926,0.02630732958430735,0.9992365930406286,0.0007634069596651019,0,OK
2011-09-16,0.9815496126920616,0.018450387307938375,0.9998824780027492,0.00011752199641077651,0,OK
2011-09-19,0.9870467205028931,0.012953279497106925,0.9998733053954888,0.00012669460516687676,0,OK
2011-09-20,0.9903693508890768,0.009630649110923177,0.9981221551234205,0.001877844876494431,0,OK
2011-09-21,0.9922012972916855,0.0077987027083144915,0.9964758388984034,0.0035241611022275615,0,OK
2011-09-22,0.988414505234493,0.011585494765506934,0.9795786571019349,0.02042134289895597,0,OK
2011-09-23,0.9490566636242237,0.05094333637577628,0.8572216998676535,0.1427783001330714,0,OK
2011-09-26,0.8492037075242822,0.15079629247571774,0.616213476623699,0.3837865233755812,0,OK
2011-09-27,0.5944425952669976,0.4055574047330024,4.60955019925899e-24,1.0,0,OK
2011-09-28,0.7037599998460434,0.2962400001539566,0.9588339438640822,0.04116605613618291,0,OK
2011-09-29,0.7919646807063072,0.20803531929369284,0.9977756027139021,0.002224397286410862,0,OK
2011-09-30,0.8543335781647321,0.14566642183526787,0.9998610055681323,0.0001389944322762878,0,OK
2011-10-03,0.897712501644382,0.10228749835561798,0.9989299897632292,0.001070010236434945,0,OK
2011-10-04,0.9189311860034445,0.08106881399655555,0.9684414495079302,0.03155855049207657,0,OK
2011-10-05,0.6662544567563711,0.3337455432436289,0.07667542184701678,0.9233245781534666,0,OK
2011-10-06,0.46832355289514715,0.5316764471048528,0.006484777218926545,0.9935152227810421,1,OK
2011-10-07,0.6207241882710008,0.37927581172899916,0.9763256708143982,0.023674329185340667,0,OK
2011-10-10,0.7342276476635964,0.2657723523364036,0.9990690529126777,0.0009309470870141188,0,OK
2011-10-11,0.8139397421882323,0.1860602578117677,0.9999346294129113,6.537058761714915e-05,0,OK
2011-10-12,0.869689308842549,0.130310691157451,0.9997716310367121,0.00022836896404538753,0,OK
2011-10-13,0.9087413582252195,0.09125864177478049,0.9998628067846207,0.00013719321521596782,0,OK
2011-10-14,0.9360878002159132,0.06391219978408678,0.9998961648613953,0.00010383513913481196,0,OK
2011-10-17,0.9551329806111968,0.044867019388803164,0.9995717348666172,0.0004282651331413818,0,OK
2011-10-18,0.968567623985602,0.031432376014397974,0.9999151251927453,8.487480745253748e-05,0,OK
2011-10-19,0.977988381810447,0.022011618189553005,0.9999701500690683,2.98499315814171e-05,0,OK
2011-10-20,0.9845676998597533,0.015432300140246645,0.9999194419741657,8.055802519847136e-05,0,OK
2011-10-21,0.989112217066209,0.01088778293379102,0.9997160905470301,0.0002839094520612285,0,OK
2011-10-24,0.9922331100142124,0.007766889985787541,0.9995151935589924,0.0004848064404460921,0,OK
2011-10-25,0.9906888515840883,0.009311148415911765,0.9870855819134621,0.012914418086201623,0,OK
2011-10-26,0.9500523555299928,0.049947644470007206,0.8552338647378542,0.14476613526289658,0,OK
2011-10-27,0.6911937141807345,0.30880628581926556,0.08719021769886105,0.9128097823008684,0,OK
2011-10-28,0.7261481732803996,0.27385182671960034,0.807708577846419,0.1922914221537149,0,OK
2011-10-31,0.772524136914018,0.22747586308598197,0.8807347187265384,0.11926528127420584,0,OK
2011-11-01,0.8318809486914619,0.16811905130853808,0.9703801761716311,0.029619823827835623,0,OK
2011-11-02,0.8806519925311201,0.11934800746887983,0.9944510948236079,0.005548905176343979,0,OK
2011-11-03,0.915133134133364,0.08486686586663604,0.9955891312053836,0.004410868794733919,0,OK
2011-11-04,0.9404260868191887,0.059573913180811254,0.9994429764201435,0.0005570235805534176,0,OK
2011-11-07,0.9582454085465825,0.04175459145341751,0.9998238259112856,0.00017617408949877945,0,OK
2011-11-08,0.9707206440551842,0.02927935594481575,0.9998295269090801,0.00017047309141164586,0,OK
2011-11-09,0.9793254512056013,0.020674548794398628,0.9994033345558484,0.0005966654434253451,0,OK
2011-11-10,0.9853953139096058,0.014604686090394198,0.9995583268858177,0.0004416731143838691,0,OK
2011-11-11,0.9896786683280853,0.010321331671914733,0.999673161971639,0.0003268380287959886,0,OK
2011-11-14,0.9927240868092222,0.0072759131907778165,0.9998300632650342,0.0001699367347916774,0,OK
2011-11-15,0.9948874987180246,0.005112501281975403,0.9999354598385882,6.454016143644099e-05,0,OK
2011-11-16,0.9963858626244038,0.0036141373755962003,0.9998820450724041,0.00011795492737806121,0,OK
2011-11-17,0.9973661060684964,0.0026338939315036472,0.9996533407710279,0.00034665922862102367,0,OK
2011-11-18,0.9922675089162908,0.007732491083709248,0.9803707822285486,0.019629217772188984,0,OK
2011-11-21,0.6945872562414035,0.30541274375859645,1.2065376837808554e-15,1.0,0,OK
2011-11-22,0.7760515638206424,0.2239484361793576,0.9661349481714913,0.03386505182780039,0,OK
2011-11-23,0.8428129078643493,0.1571870921356507,0.9985893773000211,0.0014106227003346642,0,OK
2011-11-25,0.8898434449153002,0.11015655508469983,0.9995813647007123,0.0004186352991478124,0,OK
2011-11-28,0.9213941186886054,0.07860588131139458,0.9950123574928467,0.004987642507015629,0,OK
2011-11-29,0.9448237706088627,0.055176229391137345,0.9994929584219381,0.0005070415772038151,0,OK
2011-11-30,0.9604716654572912,0.03952833454270872,0.9969834201039812,0.0030165798963752615,0,OK
2011-12-01,0.972309536854643,0.02769046314535691,0.9999312367813888,6.87632182026981e-05,0,OK
2011-12-02,0.9806009302485089,0.01939906975149109,0.9999475148346949,5.248516580417993e-05,0,OK
2011-12-05,0.9864124115545012,0.013587588445498828,0.9999725346012518,2.7465398183550038e-05,0,OK
2011-12-06,0.9904766513930012,0.00952334860699879,0.9999598776821774,4.0122317165369224e-05,0,OK
2011-12-07,0.9931965736466277,0.006803426353372304,0.9995430589054507,0.0004569410949105028,0,OK
2011-12-08,0.9950678438923505,0.004932156107649507,0.999434141133122,0.0005658588676296496,0,OK
2011-12-09,0.9963495796431402,0.0036504203568598344,0.9993402963954139,0.0006597036050172657,0,OK
2011-12-12,0.9969732793400213,0.0030267206599787124,0.9984285786319504,0.0015714213672560942,0,OK
2011-12-13,0.9978612482148631,0.002138751785136858,0.9999331755889626,6.682441050586453e-05,0,OK
2011-12-14,0.9984744100239196,0.0015255899760804519,0.9999051209117512,9.487908828217183e-05,0,OK
2011-12-15,0.9989206000163717,0.001079399983628326,0.999961709998416,3.829000124003237e-05,0,OK
2011-12-16,0.9992253300141255,0.0007746699858744622,0.9999363666758342,6.363332444878043e-05,0,OK
2011-12-19,0.999424821583187,0.0005751784168129851,0.9998903019114225,0.0001096980890028722,0,OK
2011-12-20,0.9993927670108774,0.0006072329891226261,0.999317973009235,0.0006820269911784552,0,OK
2011-12-21,0.9995027481586448,0.0004972518413551481,0.999759370836987,0.00024062916323103274,0,OK
2011-12-22,0.99963961184633,0.0003603881536699557,0.9999589604503386,4.1039549071173515e-05,0,OK
2011-12-23,0.999725998566436,0.00027400143356399645,0.999927567580388,7.243241998342477e-05,0,OK
2011-12-27,0.9997660164655173,0.00023398353448265643,0.9998593915625809,0.00014060843662619637,0,OK
2011-12-28,0.9996952079759981,0.00030479202400192384,0.9995299881677435,0.00047001183288021445,0,OK
2011-12-29,0.9993770148510188,0.0006229851489811344,0.9986345642254358,0.0013654357739326258,0,OK
2011-12-30,0.9937927574334963,0.006207242566503725,0.9807628234591178,0.019237176540723103,0,OK
2012-01-03,0.6960118282260265,0.3039881717739735,0.0011896600761196244,0.9988103399247366,0,OK
2012-01-04,0.7796061389422471,0.22039386105775288,0.9746595306135392,0.02534046938657141,0,OK
2012-01-05,0.8453123533946642,0.15468764660533585,0.9986268537843604,0.0013731462163627907,0,OK
2012-01-06,0.8916621983073177,0.10833780169268226,0.999811836437253,0.00018816356315723429,0,OK
2012-01-09,0.9241447312075877,0.07585526879241228,0.9999373079743147,6.2692025115682e-05,0,OK
2012-01-10,0.9468237574705071,0.05317624252949295,0.9997414854173243,0.0002585145826811846,0,OK
2012-01-11,0.962765931073893,0.037234068926106985,0.9999643361491114,3.566385153974415e-05,0,OK
2012-01-12,0.973911937522677,0.026088062477322944,0.9999192859029089,8.071409682685499e-05,0,OK
2012-01-13,0.9816923906487447,0.018307609351255357,0.9998467812760041,0.00015321872376433045,0,OK
2012-01-16,0.9871605925470736,0.012839407452926468,0.9999197303099108,8.026969015906461e-05,0,OK
2012-01-17,0.991002376663404,0.008997623336596084,0.9999665396021732,3.3460398491861506e-05,0,OK
2012-01-18,0.9936851235325149,0.006314876467485125,0.9999448662266989,5.513377289288753e-05,0,OK
2012-01-19,0.9955603022778838,0.004439697722116117,0.9999357193498231,6.428064958843429e-05,0,OK
2012-01-20,0.9968839662593884,0.0031160337406116773,0.9999725155496803,2.748445043465146e-05,0,OK
2012-01-23,0.9978080349612958,0.0021919650387042366,0.9999641952661407,3.5804734253541714e-05,0,OK
2012-01-24,0.9984489596207144,0.001551040379285513,0.9999444504923946,5.5549507308491744e-05,0,OK
2012-01-25,0.9989013559442258,0.0010986440557742149,0.9999569473666431,4.305263424785255e-05,0,OK
2012-01-26,0.9992199375717195,0.0007800624282805915,0.9999632947025862,3.6705297462137375e-05,0,OK
2012-01-27,0.9994398646293894,0.0005601353706105715,0.9999530277646174,4.697223604719186e-05,0,OK
2012-01-30,0.9996010588474258,0.0003989411525741673,0.9999771786900272,2.28213104892243e-05,0,OK
2012-01-31,0.9997088499583506,0.0002911500416493571,0.9999603625508455,3.9637449491466685e-05,0,OK
2012-02-01,0.9994831642226427,0.0005168357773572489,0.9989565641734873,0.0010434358273423297,0,OK
2012-02-02,0.9996172061992444,0.0003827938007555584,0.9999299708107868,7.002918868494724e-05,0,OK
2012-02-03,0.9996806399202154,0.00031936007978458533,0.9998286519355699,0.00017134806418564827,0,OK
2012-02-06,0.9997569734405473,0.00024302655945271912,0.9999350849873269,6.491501201169804e-05,0,OK
2012-02-07,0.9998073218334652,0.00019267816653478455,0.9999248014163912,7.519858305960391e-05,0,OK
2012-02-08,0.9998473268453731,0.00015267315462687753,0.999940671873557,5.93281268417612e-05,0,OK
2012-02-09,0.9998755303786097,0.0001244696213903123,0.9999413386229845,5.866137717166019e-05,0,OK
2012-02-10,0.9998897779846597,0.00011022201534025294,0.9999230223982281,7.69776012234478e-05,0,OK
2012-02-13,0.9998163347266079,0.00018366527339204897,0.9996449671236546,0.0003550328755129064,0,OK
2012-02-14,0.9993780537271562,0.0006219462728438288,0.9983553980613397,0.0016446019382313152,0,OK
2012-02-15,0.9983082163682913,0.0016917836317087397,0.9958119291969015,0.004188070802393532,0,OK
2012-02-16,0.9947843544309118,0.005215645569088141,0.9865620099096125,0.013437990089640077,0,OK
2012-02-17,0.9882714503079663,0.011728549692033753,0.9730746740208188,0.026925325978906848,0,OK
2012-02-21,0.9643061777509515,0.03569382224904849,0.9083872084507606,0.09161279154874954,0,OK
2012-02-22,0.9666673340574953,0.03333266594250474,0.9721766987733773,0.02782330122723598,0,OK
2012-02-23,0.9759038464184017,0.02409615358159829,0.9974557085930054,0.00254429140614991,0,OK
2012-02-24,0.983098006718393,0.016901993281607,0.9998843807512441,0.00011561924829399817,0,OK
2012-02-27,0.9881228451995863,0.011877154800413776,0.9998474683214879,0.0001525316776295902,0,OK
2012-02-28,0.9916548636555015,0.008345136344498537,0.9998962400524308,0.00010375994736297731,0,OK
2012-02-29,0.9941119532347176,0.005888046765282447,0.9998451622537746,0.0001548377471115694,0,OK
2012-03-01,0.9958299541066051,0.004170045893394882,0.9998386228077017,0.00016137719232389749,0,OK
2012-03-02,0.9970721532828182,0.002927846717181874,0.9999706180266127,2.938197268485493e-05,0,OK
2012-03-05,0.9979300755120198,0.0020699244879801605,0.9999318940464169,6.810595317616307e-05,0,OK
2012-03-06,0.9975866146726612,0.002413385327338758,0.9967852060470429,0.0032147939525088197,0,OK
2012-03-07,0.9982883617615192,0.001711638238480799,0.999925771634682,7.422836447889449e-05,0,OK
2012-03-08,0.9985894000608613,0.001410599939138695,0.9992918227590296,0.0007081772406737859,0,OK
2012-03-09,0.9990039437426409,0.0009960562573591133,0.9999712123331918,2.878766654008951e-05,0,OK
2012-03-12,0.999295382274798,0.0007046177252020132,0.9999754055157123,2.4594483502112627e-05,0,OK
2012-03-13,0.9993994532090823,0.0006005467909176509,0.9996422853886482,0.0003577146109208059,0,OK
2012-03-14,0.9995706523089758,0.000429347691024258,0.9999701168753221,2.988312460634132e-05,0,OK
2012-03-15,0.9996891246014993,0.00031087539850068255,0.9999655599513877,3.4440049279006544e-05,0,OK
2012-03-16,0.9997753380291019,0.00022466197089809214,0.9999765026928233,2.3497306492047906e-05,0,OK
2012-03-19,0.999833051769382,0.00016694823061797772,0.9999677171626515,3.2282836631044086e-05,0,OK
2012-03-20,0.9998740232975991,0.0001259767024009296,0.999969623529329,3.037646989448407e-05,0,OK
2012-03-21,0.9998948429294547,0.00010515707054523679,0.9999434220697994,5.657792954862023e-05,0,OK
2012-03-22,0.9999103910695981,8.960893040190439e-05,0.9999466700624965,5.332993673412882e-05,0,OK
2012-03-23,0.999921608453512,7.839154648800725e-05,0.999947782348556,5.221765068891392e-05,0,OK
2012-03-26,0.9999353917643652,6.460823563477936e-05,0.9999675528222779,3.244717697724762e-05,0,OK
2012-03-27,0.9999417639061675,5.823609383244284e-05,0.9999566322367084,4.3367762960324306e-05,0,OK
2012-03-28,0.9999420255573248,5.797444267522468e-05,0.9999426360765088,5.736392330838232e-05,0,OK
2012-03-29,0.9999418066939113,5.8193306088670825e-05,0.9999412960120204,5.870398738671182e-05,0,OK
2012-03-30,0.9999503365824928,4.966341750717877e-05,0.9999702396552642,2.9760344150363975e-05,0,OK
2012-04-02,0.9998949819787604,0.00010501802123966938,0.9997658212370404,0.00023417876328214748,0,OK
2012-04-03,0.9967563475857012,0.003243652414298857,0.9894328673352866,0.010567132664770294,0,OK
2012-04-04,0.8277715527281044,0.1722284472718955,0.43347369806073005,0.5665263019396211,0,OK
2012-04-05,0.8752187510383325,0.12478124896166759,0.9859288804283914,0.014071119571135784,0,OK
2012-04-10,0.911551417479201,0.08844858252079901,0.9963276391747921,0.0036723608254389858,0,OK
2012-04-11,0.9380465322581905,0.061953467741809556,0.9998684667426989,0.00013153325750084866,0,OK
2012-04-12,0.9566090228337704,0.04339097716622959,0.9999215008427539,7.849915654301971e-05,0,OK
2012-04-13,0.9691807792090987,0.030819220790901308,0.9985148774187732,0.0014851225818019926,0,OK
2012-04-16,0.9723152223989675,0.0276847776010325,0.9796289231760731,0.020371076824671947,0,OK
2012-04-17,0.6816286078605556,0.3183713921394445,0.0033598406035832327,0.9966401593957391,0,OK
2012-04-18,0.7600894496912792,0.23991055030872074,0.9431647472958409,0.0568352527036987,0,OK
2012-04-19,0.8252802761668401,0.1747197238331599,0.9773922046096944,0.022607795390184614,0,OK
2012-04-20,0.8722125655127486,0.12778743448725144,0.9817212406532188,0.018278759346798425,0,OK
2012-04-23,0.9038831437122069,0.09611685628779307,0.977781159511403,0.022218840489056875,0,OK
2012-04-24,0.9306871802069073,0.06931281979309266,0.9932299320273642,0.0067700679721250665,0,OK
2012-04-25,0.9498336233118863,0.05016637668811372,0.9945086572227201,0.005491342776496206,0,OK
2012-04-26,0.962777961286706,0.037222038713294006,0.9929814165617774,0.007018583438714681,0,OK
2012-04-27,0.9710656724195189,0.028934327580481048,0.9904036650626835,0.009596334937250824,0,OK
2012-04-30,0.9763059981657951,0.023694001834204875,0.9885334249062055,0.0114665750928938,0,OK
2012-05-02,0.981325504507919,0.018674495492080945,0.9930376859732603,0.0069623140271251145,0,OK
2012-05-03,0.9849187274008103,0.015081272599189663,0.9933029141505898,0.006697085849110006,0,OK
2012-05-04,0.9872373656738154,0.012762634326184685,0.9926475216441314,0.007352478355839737,0,OK
2012-05-07,0.9894157216931153,0.010584278306884673,0.9944985524041293,0.0055014475951846425,0,OK
2012-05-08,0.9921062047828277,0.007893795217172296,0.998383998658093,0.0016160013411767524,0,OK
2012-05-09,0.9941586082264977,0.005841391773502285,0.9989475495946284,0.0010524504049389284,0,OK
2012-05-10,0.9956566751751984,0.004343324824801551,0.9991521647221281,0.0008478352778331713,0,OK
2012-05-11,0.9966785306468506,0.003321469353149314,0.9990628600813373,0.0009371399192940968,0,OK
2012-05-14,0.997447063347763,0.002552936652236947,0.9992403063168477,0.0007596936834414251,0,OK
2012-05-15,0.9976132142108428,0.0023867857891572003,0.9980008995571797,0.001999100441971124,0,OK
2012-05-16,0.9978499627795685,0.002150037220431467,0.998402376106434,0.0015976238934047552,0,OK
2012-05-18,0.9977305821226848,0.0022694178773151096,0.9974520272569617,0.0025479727433769432,0,OK
2012-05-21,0.998338147952224,0.0016618520477760586,0.9997558015537481,0.00024419844551827304,0,OK
2012-05-22,0.9987921497956591,0.0012078502043408354,0.9998514874301743,0.00014851256965864806,0,OK
2012-05-23,0.9990991949854058,0.000900805014594181,0.9998156337614977,0.00018436623851865423,0,OK
2012-05-24,0.9992927913804085,0.0007072086195915085,0.9997445163023534,0.0002554836979186061,0,OK
2012-05-25,0.9994516549965415,0.0005483450034585091,0.9998223367680759,0.00017766323248151038,0,OK
2012-05-29,0.9995814465998575,0.00041855340014251233,0.9998842936735612,0.00011570632573851999,0,OK
2012-05-30,0.9995975455636984,0.0004024544363016572,0.9996351098133939,0.000364890187339662,0,OK
2012-05-31,0.999658648358797,0.0003413516412029488,0.9998012215467598,0.00019877845263929593,0,OK
2012-06-01,0.9995982324208101,0.000401767579189857,0.9994572618991189,0.0005427381011593095,0,OK
2012-06-04,0.9996021336520545,0.0003978663479454757,0.9996112365242945,0.0003887634750419193,0,OK
2012-06-05,0.9996550284063224,0.00034497159367761273,0.9997784494994847,0.0002215505003859326,0,OK
2012-06-06,0.9983225453981033,0.0016774546018967476,0.9952134183782829,0.00478658162107473,0,OK
2012-06-07,0.998653098161987,0.00134690183801302,0.9994243879446947,0.0005756120556176564,0,OK
2012-06-08,0.9989400898653684,0.0010599101346315922,0.9996097371735148,0.0003902628267415945,0,OK
2012-06-11,0.9990834424780874,0.000916557521912524,0.9994179319086217,0.0005820680922346984,0,OK
2012-06-12,0.9993165698978141,0.0006834301021858427,0.9998605338770944,0.00013946612282358681,0,OK
2012-06-13,0.9994971380629902,0.0005028619370097722,0.9999184637809417,8.153621826560771e-05,0,OK
2012-06-14,0.9996265649621522,0.00037343503784782836,0.9999285610609373,7.143893980329278e-05,0,OK
2012-06-15,0.9997235131864743,0.0002764868135257005,0.9999497257099909,5.027429010740219e-05,0,OK
2012-06-18,0.9997218052027764,0.00027819479722356077,0.999717819907233,0.00028218009251856804,0,OK
2012-06-19,0.9997139582891202,0.00028604171087973936,0.9996956488230511,0.0003043511760774894,0,OK
2012-06-20,0.9997875299808842,0.00021247001911588886,0.999959197262154,4.0802738333571094e-05,0,OK
2012-06-21,0.9998224400448859,0.0001775599551141438,0.9999038968615126,9.610313911007201e-05,0,OK
2012-06-22,0.9998537726610829,0.0001462273389171432,0.9999268820986462,7.311790112414188e-05,0,OK
2012-06-25,0.999723794254361,0.00027620574563900086,0.9994205113046367,0.0005794886946566687,0,OK
2012-06-26,0.9997942883333151,0.00020571166668489386,0.999958774517252,4.122548245864426e-05,0,OK
2012-06-27,0.9996055709398934,0.00039442906010658953,0.9991652303555094,0.0008347696447572129,0,OK
2012-06-28,0.9996904945856578,0.0003095054143421799,0.9998886497586321,0.00011135024089189067,0,OK
2012-06-29,0.9991741107712833,0.0008258892287167399,0.9979692152036892,0.0020307847955907134,0,OK
2012-07-02,0.999371809742718,0.0006281902572819933,0.9998331073421833,0.0001668926572675844,0,OK
2012-07-03,0.999399006341239,0.0006009936587609889,0.9994624650712295,0.0005375349288786455,0,OK
2012-07-04,0.9995691242517771,0.00043087574822285287,0.9999660660424211,3.393395696720224e-05,0,OK
2012-07-05,0.9994809554762694,0.0005190445237306635,0.9992752283333393,0.0007247716665822217,0,OK
2012-07-06,0.9926393854876245,0.0073606145123755115,0.9766757221813447,0.02332427781921349,0,OK
2012-07-09,0.9947862894839558,0.005213710516044232,0.9997957321428494,0.0002042678579379149,0,OK
2012-07-10,0.9963364976765167,0.003663502323483377,0.9999536501264473,4.6349874174715864e-05,0,OK
2012-07-11,0.9974218840056306,0.002578115994369396,0.9999544521074893,4.554789310344032e-05,0,OK
2012-07-12,0.9981868494408407,0.0018131505591593201,0.9999717687898413,2.823121033580969e-05,0,OK
2012-07-13,0.9987178502521407,0.0012821497478593222,0.9999568521448331,4.314785482599383e-05,0,OK
2012-07-16,0.9990941765910442,0.0009058234089558152,0.9999722713825595,2.7728618180965828e-05,0,OK
2012-07-17,0.9993559795138767,0.0006440204861233159,0.9999668529999718,3.3146999514150913e-05,0,OK
2012-07-18,0.9995352536357693,0.0004647463642306207,0.9999535599196722,4.644007981433194e-05,0,OK
2012-07-19,0.9996164842451993,0.0003835157548006526,0.999806022333834,0.00019397766613072712,0,OK
2012-07-20,0.9943926287970312,0.005607371202968782,0.9822036327510362,0.01779636724869442,0,OK
2012-07-23,0.995948934425923,0.004051065574076942,0.999580314227362,0.00041968577332931296,0,OK
2012-07-24,0.9971023950210093,0.002897604978990766,0.9997938030767506,0.00020619692378968978,0,OK
2012-07-25,0.9979495022513076,0.002050497748692355,0.9999260857890793,7.391421132939708e-05,0,OK
2012-07-26,0.998393288089097,0.001606711910903037,0.999428788376607,0.0005712116227279616,0,OK
2012-07-27,0.9987955588043703,0.0012044411956296875,0.9997341904724811,0.00026580952665853855,0,OK
2012-07-30,0.9991265456253373,0.0008734543746627181,0.9998988482068923,0.00010115179240645651,0,OK
2012-07-31,0.9985375047544499,0.0014624952455500706,0.9971630760557738,0.002836923944287226,0,OK
2012-08-02,0.9207737292008693,0.07922627079913064,0.739324919574991,0.26067508042415194,0,OK
2012-08-03,0.6733831964023856,0.32661680359761436,0.09613861987255058,0.9038613801274098,0,OK
2012-08-06,0.523910222430063,0.476089777569937,0.17513994982823577,0.8248600501720232,0,OK
2012-08-07,0.36677774088536874,0.6332222591146313,0.0001352839479317152,0.9998647160522515,1,OK
2012-08-08,0.5519648530971953,0.44803514690280466,0.9840681149250237,0.015931885075209453,0,OK
2012-08-09,0.6861938650038235,0.31380613499617654,0.9993948927867108,0.0006051072140443064,0,OK
2012-08-10,0.7803005355992944,0.21969946440070565,0.9998827669880512,0.00011723301127362097,0,OK
2012-08-13,0.8461791169145458,0.1538208830854541,0.9998958066505141,0.00010419334986729632,0,OK
2012-08-14,0.8922858796350641,0.10771412036493588,0.9998683259823601,0.00013167401706005565,0,OK
2012-08-15,0.9245462066839103,0.07545379331608974,0.999820303132103,0.00017969686878209265,0,OK
2012-08-16,0.9470869613805822,0.05291303861941779,0.9996820556733157,0.00031794432718323874,0,OK
2012-08-17,0.9628285139511297,0.0371714860488703,0.9995588032815736,0.00044119671759283095,0,OK
2012-08-20,0.9737390827107956,0.02626091728920442,0.9991970764838704,0.0008029235166506996,0,OK
2012-08-21,0.9804753980471265,0.01952460195287353,0.996193467165655,0.00380653283476812,0,OK
2012-08-22,0.9796298366015087,0.020370163398491285,0.977656859895013,0.022343140104932716,0,OK
2012-08-23,0.9788505607458217,0.021149439254178292,0.977032250416693,0.022967749584114648,0,OK
2012-08-24,0.9825043511565761,0.01749564884342396,0.9910298621149334,0.008970137884997193,0,OK
2012-08-27,0.9873797788688877,0.012620221131112282,0.9987557768643023,0.0012442231357183663,0,OK
2012-08-28,0.9910984952860501,0.008901504713949869,0.9997755002586147,0.00022449974057090776,0,OK
2012-08-29,0.993702984600849,0.006297015399151001,0.9997801263357605,0.00021987366462030943,0,OK
2012-08-30,0.9955099116707574,0.004490088329242595,0.9997260748336524,0.0002739251661229803,0,OK
2012-08-31,0.9968232099089728,0.003176790091027222,0.9998875724644742,0.00011242753519135254,0,OK
2012-09-03,0.9977237332138249,0.0022762667861750607,0.9998249542577836,0.00017504574152001976,0,OK
2012-09-04,0.9967554370396755,0.0032445629603244453,0.9944960793004294,0.005503920700006343,0,OK
2012-09-05,0.9933194791865748,0.0066805208134252045,0.985302244195899,0.014697755803993646,0,OK
2012-09-06,0.6953236354306024,0.3046763645693976,9.209225868489231e-27,1.0,0,OK
2012-09-07,0.7829149580331927,0.2170850419668074,0.9872947107717769,0.012705289227430208,0,OK
2012-09-10,0.8480107294585751,0.1519892705414249,0.9999008627850893,9.913721553247104e-05,0,OK
2012-09-11,0.8935872412746806,0.10641275872531945,0.9999324355119155,6.756448774013465e-05,0,OK
2012-09-12,0.92550052981829,0.07449947018170998,0.9999648697525921,3.513024662120033e-05,0,OK
2012-09-13,0.9478363383552466,0.05216366164475338,0.999953224941102,4.677505852131965e-05,0,OK
2012-09-14,0.96347501482878,0.036524985171220097,0.9999652599340155,3.474006630910552e-05,0,OK
2012-09-17,0.974424234263573,0.02557576573642699,0.9999724129451324,2.758705524307152e-05,0,OK
2012-09-18,0.9820890366346385,0.017910963365361514,0.9999735755008042,2.6424499542074118e-05,0,OK
2012-09-19,0.9874542546406045,0.012545745359395509,0.999973096653698,2.690334547482904e-05,0,OK
2012-09-20,0.9912066181288931,0.00879338187110685,0.9999621329355457,3.7867065099981905e-05,0,OK
2012-09-21,0.9938318982469578,0.006168101753042134,0.9999575518564623,4.244814422446576e-05,0,OK
2012-09-24,0.9956599685591397,0.004340031440860244,0.9999254659544234,7.453404576916865e-05,0,OK
2012-09-25,0.994371195351786,0.005628804648214049,0.991364057868276,0.008635942132039592,0,OK
2012-09-26,0.7453376035633217,0.2546623964366784,0.164259222723026,0.8357407772764285,0,OK
2012-09-27,0.8081308172201638,0.19186918277983628,0.9546483157535209,0.04535168424720473,0,OK
2012-09-28,0.850184912628378,0.14981508737162194,0.9483111352470193,0.051688864752455176,0,OK
2012-10-01,0.8826967955058823,0.1173032044941177,0.9585578555538408,0.04144214444660782,0,OK
2012-10-02,0.9176409001628016,0.08235909983719834,0.9991771443631081,0.0008228556377198533,0,OK
2012-10-03,0.9423319286895456,0.05766807131045436,0.9999443285850474,5.56714147184049e-05,0,OK
2012-10-04,0.9589759533027774,0.041024046697222635,0.9978120107331521,0.002187989266348635,0,OK
2012-10-05,0.9142729805794004,0.0857270194205996,0.8099660442254439,0.19003395577514584,0,OK
2012-10-08,0.8342994103714597,0.1657005896285403,0.647694413219646,0.35230558678040197,0,OK
2012-10-09,0.8813880149806405,0.11861198501935954,0.991261425735455,0.00873857426460449,0,OK
2012-10-10,0.9169482988892093,0.0830517011107907,0.9999222946750362,7.77053241300721e-05,0,OK
2012-10-11,0.9418434310991632,0.05815656890083673,0.9999320729227624,6.792707761081666e-05,0,OK
2012-10-12,0.9592814634956136,0.0407185365043864,0.9999702057539492,2.9794246002291423e-05,0,OK
2012-10-15,0.9714852584029173,0.028514741597082626,0.9999607798523971,3.9220146707160276e-05,0,OK
2012-10-16,0.9798397230175462,0.020160276982453762,0.9993334737842414,0.0006665262149864158,0,OK
2012-10-17,0.9858797438621789,0.014120256137821061,0.9999731258331415,2.687416701142738e-05,0,OK
2012-10-18,0.9901093090943855,0.009890690905614497,0.9999782946370089,2.170536379918248e-05,0,OK
2012-10-19,0.9930680385824687,0.006931961417531243,0.9999717407218086,2.825927867031835e-05,0,OK
2012-10-22,0.9951390399279731,0.004860960072026867,0.999971376401326,2.8623599183326413e-05,0,OK
2012-10-23,0.9965667861038897,0.003433213896110276,0.9998981938482091,0.00010180615230489684,0,OK
2012-10-24,0.9975854136877832,0.0024145863122167805,0.9999622113837721,3.778861646529159e-05,0,OK
2012-10-25,0.9983004950072055,0.0016995049927945082,0.9999690180863672,3.098191414254025e-05,0,OK
2012-10-26,0.9987573468358558,0.0012426531641441722,0.9998233344361295,0.00017666556396005558,0,OK
2012-10-29,0.9973898233508535,0.0026101766491464983,0.9941989352191097,0.005801064780818593,0,OK
2012-10-30,0.7026715719643791,0.2973284280356209,0.01499565206241349,0.9850043479373943,0,OK
2012-10-31,0.7877230184255702,0.21227698157442978,0.9861763935013408,0.01382360649831728,0,OK
2012-11-01,0.8513268234769806,0.14867317652301937,0.9997357019302571,0.00026429806972841266,0,OK
2012-11-02,0.895917861427816,0.104082138572184,0.9999636166464879,3.6383353568185316e-05,0,OK
2012-11-05,0.9271164309106165,0.07288356908938354,0.9999130930377281,8.690696284916185e-05,0,OK
2012-11-06,0.9489742808793808,0.05102571912061911,0.9999759308070615,2.406919350212995e-05,0,OK
2012-11-07,0.9641254293781886,0.03587457062181146,0.9994781092092195,0.0005218907912602969,0,OK
2012-11-08,0.974876275204743,0.025123724795257082,0.9999615821338222,3.841786663021928e-05,0,OK
2012-11-09,0.9823919744911027,0.01760802550889731,0.9999286061595585,7.139384072450217e-05,0,OK
2012-11-12,0.9876669302187026,0.012333069781297425,0.9999751602492436,2.4839750231030275e-05,0,OK
2012-11-13,0.9913407858444157,0.008659214155584362,0.9999131156385264,8.688436225388283e-05,0,OK
2012-11-14,0.9939247951121746,0.006075204887825379,0.9999541500708263,4.5849929721087946e-05,0,OK
2012-11-15,0.9956664417860359,0.004333558213964131,0.9997302840257521,0.0002697159749545499,0,OK
2012-11-16,0.9908364493455682,0.009163550654431767,0.979566466984427,0.02043353301552292,0,OK
2012-11-19,0.8415958784907629,0.1584041215092371,0.49336787982866076,0.5066321201704496,0,OK
2012-11-20,0.8876179561006949,0.112382043899305,0.9950028038577835,0.004997196142796773,0,OK
2012-11-21,0.9213089479396817,0.0786910520603184,0.9999212622301139,7.873776934964771e-05,0,OK
2012-11-22,0.9449074789797552,0.055092521020244714,0.9999707180735522,2.928192673946657e-05,0,OK
2012-11-23,0.9614193050630384,0.03858069493696155,0.9999468992575159,5.310074263417236e-05,0,OK
2012-11-26,0.9729758231847596,0.027024176815240348,0.9999410321358401,5.896786455755388e-05,0,OK
2012-11-27,0.981008390433101,0.018991609566899097,0.9997510473459489,0.0002489526541028473,0,OK
2012-11-28,0.9827342131666813,0.01726578683331873,0.9867611328783225,0.013238867121631224,0,OK
2012-11-29,0.687914973440386,0.31208502655961395,3.4140785990202293e-06,0.9999965859209696,0,OK
2012-11-30,0.7780289873135429,0.22197101268645714,0.9882950196833693,0.011704980315757896,0,OK
2012-12-03,0.8445086626220281,0.1554913373779719,0.9996279050093593,0.0003720949915064305,0,OK
2012-12-04,0.8911421044812985,0.10885789551870147,0.9999534688198229,4.6531180403785835e-05,0,OK
2012-12-05,0.9237860643707703,0.07621393562922978,0.999955304112784,4.4695887129169215e-05,0,OK
2012-12-06,0.9466435514619483,0.0533564485380517,0.9999776880082993,2.2311991969539622e-05,0,OK
2012-12-07,0.9626434660421719,0.037356533957828154,0.9999766000628618,2.3399937306554377e-05,0,OK
2012-12-10,0.9738365456844418,0.026163454315558256,0.9999537315169968,4.626848359516368e-05,0,OK
2012-12-11,0.9816757806322228,0.018324219367777162,0.9999673288428536,3.26711562879518e-05,0,OK
2012-12-12,0.9871648489118444,0.01283515108815556,0.9999726748978799,2.7325102371827165e-05,0,OK
2012-12-13,0.9910082913213062,0.00899170867869384,0.9999763236102647,2.3676389949828048e-05,0,OK
2012-12-14,0.9936997310376989,0.006300268962301119,0.9999797570428932,2.0242957384771365e-05,0,OK
2012-12-17,0.9955834967424868,0.00441650325751316,0.9999789500539922,2.1049946341255523e-05,0,OK
2012-12-18,0.996901132712117,0.0030988672878829652,0.999975616640642,2.4383358745844534e-05,0,OK
2012-12-19,0.9978248653344589,0.0021751346655411057,0.9999802414537294,1.9758546743433672e-05,0,OK
2012-12-20,0.9984702003960692,0.0015297996039308477,0.9999759822068283,2.4017793506912342e-05,0,OK
2012-12-21,0.998918005406203,0.001081994593796959,0.9999628837625738,3.711623681788544e-05,0,OK
2012-12-27,0.9987188333244236,0.0012811666755764381,0.9982540984668863,0.0017459015330618896,0,OK
2012-12-28,0.9370860437956497,0.06291395620435022,0.7932762015626247,0.20672379843815572,0,OK
2013-01-03,0.6559602306569549,0.34403976934304514,1.4185821505908802e-26,1.0,0,OK
2013-01-04,0.7483610072242288,0.2516389927757711,0.963962819214807,0.03603718078546505,0,OK
2013-01-07,0.8234882870804023,0.1765117129195977,0.9987852734116919,0.0012147265885263834,0,OK
2013-01-08,0.8763927087244423,0.12360729127555774,0.9998363592268413,0.00016364077279787937,0,OK
2013-01-09,0.9134354289308015,0.0865645710691984,0.9998684427461098,0.00013155725435998715,0,OK
2013-01-10,0.9393676057990986,0.060632394200901434,0.9998760184909979,0.00012398150820852494,0,OK
2013-01-11,0.9575307271533153,0.04246927284668465,0.9999113436472798,8.865635351214333e-05,0,OK
2013-01-14,0.9702297550946771,0.029770244905322915,0.9998608202916359,0.0001391797088122114,0,OK
2013-01-15,0.979131282454107,0.020868717545893027,0.999901512958618,9.848704055663205e-05,0,OK
2013-01-16,0.9853671202032551,0.014632879796744883,0.9999174082843694,8.259171539921744e-05,0,OK
2013-01-17,0.9897231038924714,0.010276896107528586,0.9998870658347939,0.00011293416602389424,0,OK
2013-01-18,0.992785868029324,0.007214131970676008,0.9999323176821125,6.768231801999437e-05,0,OK
2013-01-21,0.9948982573694651,0.005101742630534888,0.9998271658296344,0.00017283417020560877,0,OK
2013-01-22,0.9964077023321901,0.0035922976678098477,0.9999297405792587,7.025942145142171e-05,0,OK
2013-01-23,0.9974648142406588,0.0025351857593411543,0.9999314086931841,6.859130624753805e-05,0,OK
2013-01-24,0.9982076520152136,0.001792347984786497,0.9999409401549744,5.905984415896343e-05,0,OK
2013-01-25,0.9987333285607561,0.0012666714392438644,0.999959907166813,4.0092832977721665e-05,0,OK
2013-01-28,0.9990978532880318,0.0009021467119682335,0.9999484109841297,5.1589014991761796e-05,0,OK
2013-01-29,0.9993441618669967,0.0006558381330032676,0.9999188818853059,8.111811541834742e-05,0,OK
2013-01-30,0.9989239041215706,0.001076095878429429,0.9979433027152381,0.0020566972844238062,0,OK
2013-01-31,0.9727572383817447,0.02724276161825531,0.911701684988352,0.08829831501118236,0,OK
2013-02-01,0.9791471277560111,0.020852872243988893,0.9940568696292907,0.005943130370700588,0,OK
2013-02-04,0.9812541475459744,0.018745852454025574,0.9861705270556009,0.013829472944111165,0,OK
2013-02-05,0.9868261557449308,0.013173844255069176,0.9998275082098149,0.00017249179083757938,0,OK
2013-02-06,0.9907517138382034,0.009248286161796678,0.9999113493893204,8.86506108275196e-05,0,OK
2013-02-07,0.9935088174448371,0.006491182555162889,0.9999420591936331,5.7940806350715715e-05,0,OK
2013-02-08,0.9954440560935319,0.004555943906468061,0.9999596129407463,4.038705951346425e-05,0,OK
2013-02-11,0.9968018634243008,0.0031981365756992767,0.9999700805293626,2.9919470572114105e-05,0,OK
2013-02-12,0.9977433347292085,0.0022566652707914484,0.9999401011068906,5.9898892673183367e-05,0,OK
2013-02-13,0.9984121802977951,0.0015878197022048547,0.9999728199583315,2.718004216946953e-05,0,OK
2013-02-14,0.9988726398181256,0.001127360181874374,0.9999470453655486,5.295463443658615e-05,0,OK
2013-02-15,0.9991902784641844,0.0008097215358155815,0.9999314353049928,6.856469501173225e-05,0,OK
2013-02-18,0.9986830762510014,0.0013169237489985847,0.9974996044196754,0.002500395579758926,0,OK
2013-02-19,0.9024123827867665,0.09758761721323352,0.677780764703104,0.32221923529644836,0,OK
2013-02-20,0.8522516118123823,0.1477483881876177,0.7352098128713074,0.2647901871278476,0,OK
2013-02-21,0.5965761282686677,0.4034238717313324,8.715449258872568e-44,1.0,0,OK
2013-02-22,0.4176032897880674,0.5823967102119326,1.8439340101725996e-15,1.0,1,OK
2013-02-25,0.5470966296436257,0.45290337035637424,0.8492477559734837,0.15075224402673798,0,OK
2013-02-26,0.6431942641067467,0.3568057358932532,0.867422077854642,0.13257792214597097,0,OK
2013-02-27,0.7493785249630851,0.25062147503691484,0.9971418002944997,0.002858199705458644,0,OK
2013-02-28,0.8245452782783095,0.17545472172169055,0.9999343693472039,6.563065283382615e-05,0,OK
2013-03-01,0.8771634300566531,0.12283656994334688,0.9999391175386776,6.0882460545030034e-05,0,OK
2013-03-04,0.9136336200555883,0.08636637994441165,0.9987307300527163,0.0012692699468961372,0,OK
2013-03-05,0.9117785722360421,0.08822142776395786,0.9074501273229612,0.09254987267623238,0,OK
2013-03-06,0.9375676256866537,0.062432374313346264,0.997742083738007,0.0022579162619192302,0,OK
2013-03-07,0.9562845730430765,0.043715426956923556,0.9999574502083786,4.254979193722605e-05,0,OK
2013-03-08,0.9693830119438583,0.030616988056141638,0.999946036045918,5.3963954317159156e-05,0,OK
2013-03-11,0.9785606966892018,0.021439303310798238,0.9999752944291298,2.4705571663643114e-05,0,OK
2013-03-12,0.9849860017499843,0.015013998250015698,0.9999783802258823,2.161977485644602e-05,0,OK
2013-03-13,0.9894833342627979,0.010516665737202158,0.9999771101266077,2.28898739705679e-05,0,OK
2013-03-14,0.99250853832311,0.007491461676889961,0.9995673477963867,0.00043265220282817093,0,OK
2013-03-15,0.9947400068892837,0.005259993110716292,0.9999467668766868,5.3233122977730026e-05,0,OK
2013-03-18,0.9962877038540263,0.0037122961459737105,0.9998989967723857,0.00010100322824102147,0,OK
2013-03-19,0.9973898551852325,0.002610144814767516,0.9999615416246664,3.8458375286396526e-05,0,OK
2013-03-20,0.9981656822528774,0.0018343177471226092,0.999975945411376,2.4054589284494083e-05,0,OK
2013-03-21,0.9987044595583244,0.0012955404416755707,0.9999616066037469,3.839339563248084e-05,0,OK
2013-03-22,0.99908301706182,0.0009169829381799861,0.9999663179039117,3.368209669028908e-05,0,OK
2013-03-25,0.99926575802631,0.0007342419736900377,0.9996921536100886,0.0003078463898801584,0,OK
2013-03-26,0.9994708422766996,0.00052915772330038,0.9999493721945034,5.0627805724512244e-05,0,OK
2013-03-27,0.9993561391655854,0.0006438608344145705,0.9990884985727789,0.0009115014270143486,0,OK
2013-03-28,0.9955519305689868,0.004448069431013163,0.9866754438443599,0.01332455615640988,0,OK
2013-04-02,0.6968863513982908,0.3031136486017092,9.818527900497981e-17,1.0,0,OK
2013-04-03,0.7836737656132189,0.2163262343867811,0.9861777321155879,0.013822267885282248,0,OK
2013-04-04,0.8483688774605913,0.15163112253940866,0.9993241384377447,0.0006758615622063023,0,OK
2013-04-05,0.8937244330332934,0.10627556696670665,0.9995540627032762,0.00044593729706864636,0,OK
2013-04-08,0.9255814718748359,0.0744185281251641,0.9999145625053708,8.543749489816196e-05,0,OK
2013-04-09,0.9478710880015921,0.052128911998407884,0.9998801922972802,0.00011980770264340246,0,OK
2013-04-10,0.9626987474354165,0.03730125256458348,0.9972966194470158,0.002703380552326537,0,OK
2013-04-11,0.9738633039948048,0.026136696005195182,0.9999139359663648,8.606403328916306e-05,0,OK
2013-04-12,0.9816840627651753,0.018315937234824713,0.9999324998961541,6.750010396029068e-05,0,OK
2013-04-15,0.9871677142088247,0.012832285791175306,0.9999629009113695,3.709908932669364e-05,0,OK
2013-04-16,0.9910065078580389,0.008993492141961061,0.9999636930394473,3.63069604611599e-05,0,OK
2013-04-17,0.993627678629857,0.006372321370142952,0.9997437437642708,0.0002562562359006967,0,OK
2013-04-18,0.9955283303411684,0.004471669658831618,0.9999631843340044,3.681566577183724e-05,0,OK
2013-04-19,0.9968461612183851,0.0031538387816149346,0.9999210999326635,7.890006810933998e-05,0,OK
2013-04-22,0.9952908865004749,0.004709113499525044,0.9916619121587158,0.0083380878413153,0,OK
2013-04-23,0.6967036205503325,0.30329637944966753,7.8114811816641e-21,1.0,0,OK
2013-04-24,0.7797830908941593,0.22021690910584066,0.9736351883630163,0.026364811636911335,0,OK
2013-04-25,0.8457818361125528,0.15421816388744725,0.9997789082889312,0.00022109171119599993,0,OK
2013-04-26,0.8920389923698582,0.10796100763014185,0.9999723569709172,2.7643029762612127e-05,0,OK
2013-04-29,0.9242120362802599,0.07578796371974009,0.9992824720713795,0.0007175279288026471,0,OK
2013-04-30,0.9469378645976236,0.053062135402376365,0.9999647973375326,3.5202661861035196e-05,0,OK
2013-05-02,0.9628353031357884,0.03716469686421161,0.9999293263918181,7.067360849385388e-05,0,OK
2013-05-03,0.973969914478971,0.02603008552102902,0.9999506742802755,4.932572026965286e-05,0,OK
2013-05-06,0.9817693936640649,0.018230606335935116,0.9999681784290272,3.182157071601167e-05,0,OK
2013-05-07,0.9872297672712954,0.012770232728704577,0.9999706390207718,2.9360978499985614e-05,0,OK
2013-05-08,0.9910526844516113,0.008947315548388627,0.9999728245384223,2.7175460984748156e-05,0,OK
2013-05-10,0.9937218573177536,0.006278142682246334,0.9999499273384873,5.007266124765033e-05,0,OK
2013-05-13,0.9955973983962702,0.004402601603729805,0.9999736609128362,2.633908719123826e-05,0,OK
2013-05-14,0.9969069734574273,0.0030930265425726856,0.9999626485996471,3.735139987274109e-05,0,OK
2013-05-15,0.9978260663772296,0.002173933622770407,0.9999706165241716,2.9383476565091758e-05,0,OK
2013-05-16,0.998469851518131,0.0015301484818690079,0.9999720168475488,2.79831530990761e-05,0,OK
2013-05-17,0.9989152740368314,0.0010847259631685893,0.9999545932473721,4.540675286761228e-05,0,OK
2013-05-21,0.9992325705264777,0.0007674294735222581,0.9999729290019693,2.70709976808186e-05,0,OK
2013-05-22,0.9994535574854678,0.0005464425145322015,0.9999691937225577,3.080627688873638e-05,0,OK
2013-05-23,0.9995421863414543,0.0004578136585457087,0.9997489870061597,0.00025101299457722565,0,OK
2013-05-24,0.9954908319259697,0.004509168074030384,0.9860376716232305,0.01396232837682796,0,OK
2013-05-27,0.6968435823481787,0.3031564176518213,3.5031655179745985e-28,1.0,0,OK
2013-05-28,0.7833096946103664,0.21669030538963363,0.9850639565550868,0.014936043444529193,0,OK
2013-05-29,0.8479429087825364,0.1520570912174636,0.9987537418514671,0.0012462581490669494,0,OK
2013-05-30,0.8935442142678952,0.10645578573210476,0.9999472604005682,5.273959960079099e-05,0,OK
2013-05-31,0.925471449679644,0.07452855032035603,0.9999683323070079,3.166769294233082e-05,0,OK
2013-06-03,0.9478112780203248,0.052188721979675126,0.9999375441480335,6.245585141968101e-05,0,OK
2013-06-04,0.9634595013491855,0.03654049865081458,0.9999720224498794,2.7977550139990993e-05,0,OK
2013-06-05,0.9744089729983936,0.025591027001606457,0.9999577401793726,4.22598201208381e-05,0,OK
2013-06-06,0.9820457129424672,0.01795428705753277,0.9998647728115948,0.00013522718802750174,0,OK
2013-06-07,0.987393747633865,0.012606252366135015,0.9998724952478314,0.00012750475287358446,0,OK
2013-06-10,0.9911666746782503,0.008833325321749698,0.9999701711159666,2.9828884850625032e-05,0,OK
2013-06-11,0.9938007127747419,0.006199287225258135,0.9999468016666456,5.319833344448797e-05,0,OK
2013-06-12,0.995646682439079,0.004353317560921044,0.9999539449891954,4.6055010801168945e-05,0,OK
2013-06-13,0.9969317098326271,0.0030682901673728274,0.9999301070835764,6.989291576032383e-05,0,OK
2013-06-14,0.9978438218480858,0.0021561781519141114,0.9999720832169791,2.7916782510441584e-05,0,OK
2013-06-17,0.9984703682883087,0.0015296317116912706,0.9999323099828515,6.7690017837976e-05,0,OK
2013-06-18,0.998912900705267,0.0010870992947330453,0.9999454763441367,5.4523655163852985e-05,0,OK
2013-06-19,0.9990508947216573,0.0009491052783426636,0.9993728807599827,0.0006271192400984397,0,OK
2013-06-20,0.9893188647893312,0.010681135210668876,0.9666107949472909,0.033389205052763375,0,OK
2013-06-21,0.9922030325069224,0.007796967493077518,0.998932757181798,0.0010672428186976831,0,OK
2013-06-24,0.9944939751603135,0.0055060248396865295,0.9998395080182922,0.00016049198177422517,0,OK
2013-06-25,0.9961247250238222,0.003875274976177836,0.999929808039019,7.019196132421913e-05,0,OK
2013-06-26,0.9972350290246845,0.002764970975315418,0.9998257383599048,0.0001742616399697767,0,OK
2013-06-27,0.9980382495727738,0.0019617504272262587,0.9999124308523908,8.756914835155419e-05,0,OK
2013-06-28,0.9985859473396963,0.0014140526603036762,0.9998639087960782,0.0001360912041509838,0,OK
2013-07-01,0.9989735234234368,0.0010264765765631767,0.9998778676190346,0.00012213238116867827,0,OK
2013-07-02,0.9992626183075496,0.0007373816924504292,0.9999371730374169,6.282696285401878e-05,0,OK
2013-07-03,0.9994427358562873,0.0005572641437127248,0.9998630101361253,0.00013698986332474794,0,OK
2013-07-04,0.9994643990762836,0.0005356009237163525,0.999514946589112,0.0004850534103914841,0,OK
2013-07-05,0.99954497515154,0.00045502484846005026,0.9997329859930987,0.00026701400619534506,0,OK
2013-07-08,0.9996538666286063,0.0003461333713936621,0.9999079467423216,9.205325823875656e-05,0,OK
2013-07-09,0.9997464654784346,0.0002535345215653621,0.9999625294621174,3.7470538632662214e-05,0,OK
2013-07-10,0.9998112310564758,0.00018876894352419117,0.9999623507385698,3.764926142812569e-05,0,OK
2013-07-11,0.9998429841535904,0.00015701584640961648,0.9999170747129589,8.292528647560888e-05,0,OK
2013-07-12,0.9998744034552802,0.0001255965447197862,0.9999477151585983,5.228484077684892e-05,0,OK
2013-07-15,0.9999051679161415,9.483208385847616e-05,0.9999769516580719,2.3048341848752712e-05,0,OK
2013-07-16,0.999901169955383,9.883004461697095e-05,0.9998918413799993,0.00010815861972012547,0,OK
2013-07-17,0.9999140064873356,8.599351266438391e-05,0.9999439583959078,5.604160477501418e-05,0,OK
2013-07-18,0.9997219836482619,0.0002780163517380515,0.9992739303570963,0.0007260696429099427,0,OK
2013-07-19,0.999797490869616,0.00020250913038394826,0.9999736743857359,2.6325613891040737e-05,0,OK
2013-07-22,0.9998524424157551,0.00014755758424488843,0.9999806626906991,1.9337309920415565e-05,0,OK
2013-07-23,0.9998904679975181,0.00010953200248185623,0.9999791943555272,2.0805645034781117e-05,0,OK
2013-07-24,0.9999166376930758,8.33623069241436e-05,0.9999777003153071,2.2299683956147518e-05,0,OK
2013-07-25,0.999931950947363,6.80490526369653e-05,0.999967681873578,3.2318125966882614e-05,0,OK
2013-07-26,0.9999426908296217,5.730917037829698e-05,0.9999677505545815,3.22494451080709e-05,0,OK
2013-07-29,0.9999497311016872,5.0268898312883403e-05,0.999966158403935,3.3841596826918395e-05,0,OK
2013-07-30,0.99989337456398,0.00010662543601996992,0.9997618759751109,0.0002381240240031718,0,OK
2013-07-31,0.9926150750185943,0.007384924981405713,0.9756323760797806,0.024367623920639115,0,OK
2013-08-02,0.6948307077227942,0.3051692922772058,5.173661665758236e-07,0.9999994826340727,0,OK
2013-08-05,0.7844181399509542,0.21558186004904578,0.9934554818161568,0.006544518183339117,0,OK
2013-08-06,0.8490592728291295,0.15094072717087048,0.999888582878204,0.00011141712179482968,0,OK
2013-08-07,0.8943331405328515,0.1056668594671485,0.9999721651747189,2.783482513058689e-05,0,OK
2013-08-08,0.9260263397333841,0.07397366026661593,0.9999771378673805,2.2862132039959362e-05,0,OK
2013-08-09,0.9482111040570806,0.05178889594291933,0.9999755541453299,2.4445854293926853e-05,0,OK
2013-08-12,0.9637388774184734,0.036261122581526625,0.9999703485949413,2.9651404943674104e-05,0,OK
2013-08-13,0.9746089655376384,0.025391034462361586,0.9999725044832529,2.7495517643171823e-05,0,OK
2013-08-14,0.9822199292438901,0.017780070756109843,0.9999788445584711,2.115544152244814e-05,0,OK
2013-08-15,0.9875431887890894,0.012456811210910535,0.9999641277276656,3.58722721121483e-05,0,OK
2013-08-16,0.9912499834398671,0.008750016560132886,0.9998991709576021,0.00010082904165170207,0,OK
2013-08-19,0.9916679072658361,0.008332092734163896,0.9926430628604436,0.007356937140236252,0,OK
2013-08-20,0.994135717611019,0.005864282388980934,0.999893941749437,0.00010605825022069073,0,OK
2013-08-21,0.9958641040121666,0.004135895987833322,0.9998970056150247,0.00010299438515556213,0,OK
2013-08-22,0.9970924369136572,0.002907563086342732,0.9999585470165575,4.1452982864689907e-05,0,OK
2013-08-23,0.9979552566785749,0.002044743321425094,0.999968502797319,3.149720328393936e-05,0,OK
2013-08-26,0.9985607447689684,0.0014392552310316352,0.9999735503139238,2.6449686780232192e-05,0,OK
2013-08-27,0.9989434659760678,0.0010565340239322395,0.9998364821267621,0.0001635178740336501,0,OK
2013-08-28,0.9992329640749628,0.0007670359250372716,0.9999084596393328,9.154036094901358e-05,0,OK
2013-08-29,0.9969860277925117,0.003013972207488301,0.9917431764675265,0.00825682353320737,0,OK
2013-08-30,0.6978902194547583,0.3021097805452418,1.1544944798193174e-24,1.0,0,OK
2013-09-03,0.48858938602297897,0.511410613977021,0.00022077468186404707,0.9997792253178392,1,OK
2013-09-04,0.637491703973255,0.362508296026745,0.9849304458564224,0.0150695541427677,0,OK
2013-09-05,0.7461984567616221,0.2538015432383779,0.999847546600672,0.00015245339885466,0,OK
2013-09-06,0.8223128674932427,0.17768713250675727,0.9999131591995384,8.684079964259362e-05,0,OK
2013-09-09,0.8746950655006274,0.1253049344993726,0.9969201941851533,0.0030798058154750774,0,OK
2013-09-10,0.7778428072602885,0.22215719273971146,0.5518542046991145,0.4481457953005021,0,OK
2013-09-11,0.8326270548177698,0.16737294518223025,0.9604569657855386,0.039543034214774134,0,OK
2013-09-12,0.8827573768701995,0.11724262312980055,0.9997281283250521,0.0002718716741312794,0,OK
2013-09-13,0.917922182572128,0.08207781742787197,0.9999733958767253,2.6604123371965226e-05,0,OK
2013-09-16,0.9425382132960725,0.057461786703927584,0.9999756183177093,2.4381681390702253e-05,0,OK
2013-09-17,0.9597682037718223,0.040231796228177706,0.999971514882492,2.8485118094666695e-05,0,OK
2013-09-18,0.9718260938779042,0.028173906122095763,0.9999611707925327,3.8829207904569744e-05,0,OK
2013-09-19,0.9802609758548235,0.019739024145176486,0.9999423671343812,5.763286569817536e-05,0,OK
2013-09-20,0.9861694668865771,0.013830533113422892,0.9999559459601866,4.405403933117405e-05,0,OK
2013-09-23,0.9902933166818245,0.009706683318175435,0.9999156328715606,8.43671292647009e-05,0,OK
2013-09-24,0.9931874708327627,0.00681252916723727,0.9999404971845565,5.950281504822247e-05,0,OK
2013-09-25,0.9952140746923701,0.0047859253076299344,0.999942817031943,5.7182968546154176e-05,0,OK
2013-09-26,0.9966389023395892,0.0033610976604107924,0.9999635001826598,3.649981689946175e-05,0,OK
2013-09-27,0.9976357450140613,0.002364254985938781,0.9999617112552897,3.828874550408858e-05,0,OK
2013-09-30,0.9983202422758478,0.0016797577241521387,0.9999174025532072,8.259744664997389e-05,0,OK
2013-10-01,0.9982263730597246,0.0017736269402753363,0.9980073448891911,0.0019926551112294643,0,OK
2013-10-02,0.9987419988407092,0.0012580011592907229,0.9999451256621628,5.487433699329204e-05,0,OK
2013-10-03,0.9990950803195815,0.0009049196804184512,0.9999189371035272,8.106289638315087e-05,0,OK
2013-10-04,0.9993437983535187,0.0006562016464812728,0.9999241404328363,7.585956729452346e-05,0,OK
2013-10-07,0.9994859443195582,0.0005140556804418201,0.9998176182405675,0.0001823817596830973,0,OK
2013-10-08,0.9990378165559854,0.0009621834440145833,0.9979921851072245,0.002007814892351031,0,OK
2013-10-09,0.9888698676771877,0.011130132322812313,0.9651446536266363,0.03485534637334035,0,OK
2013-10-10,0.6947747520875442,0.3052252479124557,0.008552815711943359,0.9914471842882904,0,OK
2013-10-11,0.7782250175766686,0.22177498242333138,0.9729423037177638,0.027057696282041327,0,OK
2013-10-14,0.8439726783387008,0.1560273216612992,0.9973838867831196,0.002616113216557502,0,OK
2013-10-15,0.8907420139476738,0.10925798605232612,0.9998704637014346,0.00012953629805558258,0,OK
2013-10-16,0.923428913345241,0.07657108665475901,0.9996983452723806,0.000301654727102441,0,OK
2013-10-17,0.946347874017919,0.05365212598208101,0.9998254489200492,0.0001745510791656821,0,OK
2013-10-18,0.9624034248353809,0.03759657516461908,0.9998663767427031,0.00013362325720792472,0,OK
2013-10-21,0.9736690750459542,0.026330924954045737,0.999955592204223,4.4407796041269154e-05,0,OK
2013-10-22,0.9815505058636431,0.018449494136356857,0.9999405111044541,5.9488895082806705e-05,0,OK
2013-10-23,0.9870700879484363,0.012929912051563668,0.9999491128125048,5.088718704623166e-05,0,OK
2013-10-24,0.9909241713890307,0.00907582861096932,0.9999170327505352,8.296724958251242e-05,0,OK
2013-10-25,0.9936276497432975,0.00637235025670242,0.9999357659038652,6.423409674632297e-05,0,OK
2013-10-28,0.9949171393350817,0.005082860664918249,0.9979259483826937,0.0020740516174218497,0,OK
2013-10-29,0.9496189895000444,0.050381010499955615,0.8439233065514123,0.15607669344837616,0,OK
2013-10-30,0.9640813678170229,0.03591863218297705,0.9978269172232769,0.002173082776693726,0,OK
2013-10-31,0.9745257603578905,0.025474239642109535,0.998896009620746,0.0011039903800853434,0,OK
2013-11-01,0.9821539541506754,0.017846045849324567,0.99995307300076,4.6926999492976953e-05,0,OK
2013-11-04,0.9875011941148069,0.012498805885193195,0.9999780873640489,2.1912635553330798e-05,0,OK
2013-11-05,0.991238428574539,0.008761571425461002,0.9999586423131044,4.1357686085888714e-05,0,OK
2013-11-06,0.9938601684563051,0.0061398315436949165,0.9999775615131496,2.2438486240717477e-05,0,OK
2013-11-07,0.9956549620138742,0.004345037986125829,0.9998428136482674,0.0001571863517979588,0,OK
2013-11-08,0.9969400353268646,0.0030599646731353566,0.9999385397247477,6.14602761575881e-05,0,OK
2013-11-11,0.9978460151669653,0.0021539848330347396,0.9999599681278006,4.003187279996812e-05,0,OK
2013-11-12,0.9984786204062369,0.001521379593763039,0.9999546992987393,4.530070212907102e-05,0,OK
2013-11-13,0.9989250378059312,0.0010749621940687347,0.9999666784046196,3.332159478202464e-05,0,OK
2013-11-14,0.9992241534409971,0.0007758465590028182,0.9999220899236936,7.79100771823467e-05,0,OK
2013-11-15,0.9994431686921161,0.0005568313078838938,0.9999542042778644,4.579572193973696e-05,0,OK
2013-11-18,0.9990679137472169,0.0009320862527831062,0.9981923188761499,0.0018076811242146021,0,OK
2013-11-19,0.9779069025777409,0.022093097422259064,0.928531209849003,0.0714687901510363,0,OK
2013-11-20,0.9843400154459775,0.015659984554022552,0.9993506121381587,0.0006493878614706885,0,OK
2013-11-21,0.9890240213990878,0.010975978600912128,0.99995336862364,4.663137698780748e-05,0,OK
2013-11-22,0.9923101411907984,0.007689858809201616,0.9999777540379625,2.224596187708829e-05,0,OK
2013-11-25,0.9946082981812785,0.005391701818721542,0.9999706644931518,2.9335507601372667e-05,0,OK
2013-11-26,0.9962129586868662,0.003787041313133816,0.9999571665327213,4.283346676245506e-05,0,OK
2013-11-27,0.997335567657889,0.002664432342110957,0.999954988590483,4.501140972428689e-05,0,OK
2013-11-28,0.9981160059491829,0.0018839940508171185,0.9999370286296558,6.297137113149537e-05,0,OK
2013-11-29,0.9984759079048277,0.0015240920951723213,0.9993156791346666,0.000684320865334461,0,OK
2013-12-02,0.9898286765815338,0.010171323418466192,0.9696518034931484,0.030348196506151892,0,OK
2013-12-03,0.6928800736070737,0.30711992639292635,8.663407114245175e-13,1.0,0,OK
2013-12-04,0.757796814311488,0.24220318568851193,0.9092692092888872,0.09073079071154504,0,OK
2013-12-05,0.8289614266679961,0.1710385733320039,0.9950121888339415,0.0049878111668185425,0,OK
2013-12-06,0.8802119525176183,0.11978804748238168,0.9997965128339659,0.00020348716659658201,0,OK
2013-12-09,0.916136271844522,0.08386372815547806,0.9999596836074519,4.031639270294242e-05,0,OK
2013-12-10,0.94126138672354,0.05873861327646005,0.9998866547751492,0.00011334522541804803,0,OK
2013-12-11,0.9588667482833614,0.041133251716638605,0.9999459252554396,5.407474372191274e-05,0,OK
2013-12-12,0.9711925372185394,0.0288074627814606,0.9999527114008825,4.728859937859203e-05,0,OK
2013-12-13,0.9797882599450853,0.02021174005491464,0.9998449463077139,0.00015505369297407167,0,OK
2013-12-16,0.9824211363736155,0.017578863626384465,0.988564514705946,0.01143548529314739,0,OK
2013-12-17,0.9868916046564522,0.013108395343547762,0.9973226973157999,0.0026773026835954557,0,OK
2013-12-18,0.99079779311528,0.009202206884719977,0.9999122328527451,8.776714745514692e-05,0,OK
2013-12-19,0.9935419657579104,0.0064580342420895885,0.9999450352578976,5.496474261868319e-05,0,OK
2013-12-20,0.9954616923601374,0.004538307639862618,0.9999410544316976,5.894556799968473e-05,0,OK
2013-12-23,0.9967982946112766,0.0032017053887234,0.9999170331979695,8.296680273189096e-05,0,OK
2013-12-27,0.9968687359163019,0.003131264083698081,0.9970330989613527,0.002966901038639005,0,OK
2013-12-30,0.9958082234691197,0.004191776530880326,0.9933336944257674,0.006666305574305566,0,OK
2014-01-03,0.7955800230202794,0.20441997697972056,0.3283808886399978,0.6716191113603478,0,OK
2014-01-06,0.8552595053943963,0.14474049460560368,0.9945116309348918,0.005488369065997642,0,OK
2014-01-07,0.8986411835502757,0.10135881644972428,0.9998650992469933,0.0001349007526723836,0,OK
2014-01-08,0.9290427632713024,0.07095723672869761,0.9999797826210047,2.0217379635424242e-05,0,OK
2014-01-09,0.9503180499883075,0.04968195001169252,0.9999603856620091,3.961433868066006e-05,0,OK
2014-01-10,0.9652155483845465,0.03478445161545354,0.9999763779749342,2.362202422926237e-05,0,OK
2014-01-13,0.9756403923639819,0.024359607636018025,0.9999650283156164,3.4971684001818484e-05,0,OK
2014-01-14,0.9829311597749787,0.017068840225021295,0.9999429503999041,5.704959936226354e-05,0,OK
2014-01-15,0.9878219887228282,0.012178011277171807,0.9992339229341305,0.0007660770655230037,0,OK
2014-01-16,0.9914643631289253,0.008535636871074762,0.999963236742618,3.676325684832602e-05,0,OK
2014-01-17,0.9940191894523065,0.005980810547693544,0.9999804508735015,1.9549126470704784e-05,0,OK
2014-01-20,0.995806958152612,0.0041930418473879886,0.9999784184529378,2.1581546675029727e-05,0,OK
2014-01-21,0.9970583577475042,0.0029416422524958055,0.9999782901351079,2.170986441404562e-05,0,OK
2014-01-22,0.9979321499572679,0.0020678500427321225,0.999970998446227,2.9001553283528987e-05,0,OK
2014-01-23,0.9985316646268452,0.001468335373154822,0.9999305321899752,6.946781080778787e-05,0,OK
2014-01-24,0.9985489226983298,0.00145107730167012,0.9985891915325911,0.0014108084682058154,0,OK
2014-01-27,0.9989618838218712,0.0010381161781287968,0.9999254597775958,7.45402231990432e-05,0,OK
2014-01-28,0.9992599863638726,0.0007400136361274284,0.9999555589618495,4.444103812423528e-05,0,OK
2014-01-29,0.9991613755891017,0.0008386244108983237,0.9989312837821893,0.0010687162186970795,0,OK
2014-01-30,0.9993368007913709,0.0006631992086291173,0.999746126263554,0.00025387373666763607,0,OK
2014-01-31,0.9994081442176008,0.0005918557823991839,0.9995746122123436,0.00042538778786267294,0,OK
2014-02-03,0.9995121397005505,0.00048786029944948225,0.99975479582783,0.00024520417256684504,0,OK
2014-02-04,0.9996307379825037,0.00036926201749630337,0.9999074673064244,9.253269293888612e-05,0,OK
2014-02-05,0.9997142884797954,0.0002857115202046312,0.9999092396400158,9.07603598573961e-05,0,OK
2014-02-06,0.9997692940352305,0.00023070596476950785,0.9998976403316743,0.00010235966875422013,0,OK
2014-02-07,0.9997968767295098,0.00020312327049020948,0.9998612363494616,0.00013876365050517994,0,OK
2014-02-10,0.9996865905083517,0.0003134094916482856,0.9994292559917299,0.0005707440076837966,0,OK
2014-02-11,0.9995112609524385,0.0004887390475614739,0.9991021586557443,0.0008978413446922467,0,OK
2014-02-12,0.9996437992715671,0.0003562007284329423,0.9999530553501152,4.694465046636859e-05,0,OK
2014-02-13,0.9997333490161339,0.00026665098386614416,0.9999422984205623,5.770157987694852e-05,0,OK
2014-02-14,0.9998003220671831,0.00019967793281698684,0.9999565925189791,4.3407480368953104e-05,0,OK
2014-02-18,0.999849266386116,0.00015073361388393987,0.9999634697975514,3.653020304016363e-05,0,OK
2014-02-19,0.9998863006418052,0.00011369935819482207,0.9999727139050425,2.7286094920213876e-05,0,OK
2014-02-20,0.9998873969857437,0.00011260301425626058,0.9998899551210005,0.00011004487839961713,0,OK
2014-02-21,0.9999124478094122,8.755219058777008e-05,0.9999708997307211,2.910026869462561e-05,0,OK
2014-02-24,0.9999296888306618,7.031116933815014e-05,0.99996991788021,3.0082119755703622e-05,0,OK
2014-02-25,0.9999444544898944,5.5545510105600525e-05,0.9999789076942596,2.109230522965146e-05,0,OK
2014-02-26,0.9999543436329572,4.565636704280318e-05,0.9999774183000617,2.2581699896276063e-05,0,OK
2014-02-27,0.9999087263523506,9.127364764943498e-05,0.9998022860302037,0.00019771396906490923,0,OK
2014-02-28,0.9951551479765227,0.0048448520234772655,0.9840634651000004,0.01593653490040887,0,OK
2014-03-03,0.6966086035835659,0.3033913964164341,1.1108997081425724e-39,1.0,0,OK
2014-03-04,0.4876260225084962,0.5123739774915038,2.962474381015413e-32,1.0,1,OK
2014-03-05,0.6339744328562158,0.36602556714378426,0.9754540570010368,0.02454594299910537,0,OK
2014-03-06,0.7435660544456055,0.25643394555439447,0.9992798381540674,0.0007201618458184215,0,OK
2014-03-07,0.8202938194764688,0.17970618052353116,0.9993252712155329,0.0006747287848501279,0,OK
2014-03-10,0.8741708745560474,0.1258291254439526,0.9998840030745616,0.00011599692493600832,0,OK
2014-03-11,0.91189976248802,0.08810023751198005,0.999933834328549,6.616567071078443e-05,0,OK
2014-03-12,0.9383069010163342,0.061693098983665824,0.99992355758207,7.644241759931042e-05,0,OK
2014-03-13,0.9567154242359958,0.04328457576400429,0.9996686450816665,0.0003313549181273691,0,OK
2014-03-14,0.9696617045100446,0.030338295489955404,0.999869691815354,0.0001303081838413483,0,OK
2014-03-17,0.9783145581822372,0.021685441817762757,0.9985045500841461,0.0014954499159799128,0,OK
2014-03-18,0.9847649215227299,0.01523507847727014,0.9998157693167047,0.00018423068278736616,0,OK
2014-03-19,0.9893259160145755,0.010674083985424436,0.9999682364947798,3.1763504451126176e-05,0,OK
2014-03-20,0.9925073500498333,0.007492649950166724,0.9999306961313901,6.93038678987317e-05,0,OK
2014-03-21,0.9947474307242198,0.005252569275780183,0.9999742856303061,2.5714368878256345e-05,0,OK
2014-03-24,0.9963089915037087,0.0036910084962913704,0.9999526333226388,4.736667748414297e-05,0,OK
2014-03-25,0.9974027035875122,0.0025972964124878497,0.9999546984493097,4.530155027963498e-05,0,OK
2014-03-26,0.9981706246920209,0.0018293753079790685,0.9999624406023618,3.755939745858015e-05,0,OK
2014-03-27,0.9987087092954101,0.0012912907045898668,0.9999642400371438,3.5759963348395834e-05,0,OK
2014-03-28,0.9989620669849392,0.0010379330150608057,0.9995532349270624,0.00044676507282632983,0,OK
2014-03-31,0.9992441259750555,0.0007558740249444372,0.9999022636182688,9.77363813395773e-05,0,OK
2014-04-01,0.9994640728024498,0.0005359271975502244,0.9999772820662981,2.2717933630394772e-05,0,OK
2014-04-02,0.9996171057485096,0.0003828942514904582,0.9999741826217714,2.581737735100375e-05,0,OK
2014-04-03,0.99972376652257,0.00027623347742994944,0.9999726416622143,2.7358337955429166e-05,0,OK
2014-04-04,0.9997956257568388,0.00020437424316122114,0.9999632973036455,3.670269653418849e-05,0,OK
2014-04-07,0.9996513966024357,0.0003486033975642949,0.999314861909734,0.0006851380911714671,0,OK
2014-04-08,0.9997403227540695,0.0002596772459305091,0.9999478171076289,5.218289211834244e-05,0,OK
2014-04-09,0.9998113276625387,0.00018867233746129174,0.9999770057826746,2.2994217699784608e-05,0,OK
2014-04-10,0.999845175077136,0.0001548249228640349,0.9999241523772336,7.584762213710244e-05,0,OK
2014-04-11,0.9998827644985282,0.00011723550147177326,0.9999704731483742,2.9526851556496106e-05,0,OK
2014-04-14,0.9999013614839593,9.863851604074193e-05,0.9999447544505123,5.524555003500218e-05,0,OK
2014-04-15,0.999736127404155,0.000263872595844999,0.9993505812172421,0.0006494187820549322,0,OK
2014-04-16,0.9839005184092153,0.016099481590784698,0.9469507640873929,0.053049235912310665,0,OK
2014-04-17,0.988598357610322,0.011401642389678028,0.999559982412819,0.0004400175870958029,0,OK
2014-04-22,0.9919755696123262,0.008024430387673769,0.9998557309495261,0.00014426904966383154,0,OK
2014-04-23,0.9939733112575908,0.006026688742409243,0.998634708430567,0.0013652915701253508,0,OK
2014-04-24,0.9957600915358303,0.004239908464169626,0.9999292455179926,7.07544816105215e-05,0,OK
2014-04-25,0.9970247003629585,0.002975299637041408,0.9999754542925336,2.454570707556671e-05,0,OK
2014-04-28,0.9979094737871863,0.0020905262128136553,0.9999739451097523,2.6054889615566107e-05,0,OK
2014-04-29,0.99818217655405,0.001817823445950047,0.9988184830094534,0.0011815169899349616,0,OK
2014-04-30,0.9987196257272106,0.0012803742727893264,0.9999736737982179,2.6326202080978936e-05,0,OK
2014-05-02,0.9990959932287782,0.0009040067712218101,0.9999741840660117,2.5815934230938984e-05,0,OK
2014-05-05,0.9993440315013848,0.0006559684986151865,0.9999227874702129,7.721252919973166e-05,0,OK
2014-05-06,0.9995294703714985,0.00047052962850142134,0.9999621610687899,3.7838931569302756e-05,0,OK
2014-05-07,0.9996596331380534,0.0003403668619466478,0.9999633462599496,3.665373998550952e-05,0,OK
2014-05-08,0.999750691614708,0.00024930838529196885,0.999963161393755,3.683860643105136e-05,0,OK
2014-05-09,0.9998190384781492,0.00018096152185074606,0.9999785144935102,2.14855071545596e-05,0,OK
2014-05-12,0.9998668947750372,0.00013310522496282252,0.9999785594670578,2.1440532224334274e-05,0,OK
2014-05-13,0.9999008873564884,9.9112643511574e-05,0.9999802033793963,1.9796620125327514e-05,0,OK
2014-05-14,0.9999229250225351,7.70749774648738e-05,0.9999743462429331,2.5653756689240035e-05,0,OK
2014-05-15,0.9999289508188192,7.1049181180855e-05,0.9999430110106318,5.698898985147785e-05,0,OK
2014-05-16,0.9999416297288798,5.8370271120174487e-05,0.9999712138520042,2.8786147645253298e-05,0,OK
2014-05-19,0.9999461685213422,5.38314786578151e-05,0.9999567590366064,4.324096291230987e-05,0,OK
2014-05-20,0.9999557739427111,4.422605728892417e-05,0.9999781865932084,2.1813407428178664e-05,0,OK
2014-05-21,0.9999540944574198,4.590554258021989e-05,0.9999501756581548,4.982434159324325e-05,0,OK
2014-05-22,0.99995997859209,4.002140791003412e-05,0.9999737082398761,2.6291760346267342e-05,0,OK
2014-05-23,0.9999606562045775,3.93437954224718e-05,0.9999622372997541,3.776269961815971e-05,0,OK
2014-05-26,0.9998690305306639,0.00013096946933614854,0.999655237291997,0.00034476270846806094,0,OK
2014-05-27,0.9999001835415888,9.981645841114161e-05,0.9999728739008165,2.7126099586125442e-05,0,OK
2014-05-28,0.9999211828944021,7.881710559789935e-05,0.9999701813838556,2.9818615700334085e-05,0,OK
2014-05-30,0.9999364613323217,6.353866767823463e-05,0.9999721110212753,2.788897919901695e-05,0,OK
2014-06-02,0.9999476995470462,5.2300452953760935e-05,0.9999739220473868,2.6077951929989005e-05,0,OK
2014-06-03,0.9999539592987621,4.604070123791897e-05,0.9999685653867748,3.143461390095438e-05,0,OK
2014-06-04,0.9999599902020373,4.000979796266919e-05,0.9999740623096497,2.593769032041971e-05,0,OK
2014-06-05,0.9999477581427293,5.224185727075528e-05,0.9999192166704871,8.078332898962286e-05,0,OK
2014-06-06,0.9999534318191617,4.656818083824726e-05,0.9999666703976952,3.332960249572855e-05,0,OK
2014-06-10,0.9999584372270738,4.1562772926264915e-05,0.9999701165115351,2.9883487798306114e-05,0,OK
2014-06-11,0.9999601022269559,3.989777304413629e-05,0.9999639872266983,3.601277331916949e-05,0,OK
2014-06-12,0.9999655950094112,3.4404990588835e-05,0.9999784115009104,2.158849819313199e-05,0,OK
2014-06-13,0.9999671422754914,3.2857724508581093e-05,0.999970752562401,2.9247436987988654e-05,0,OK
2014-06-16,0.9999695036935619,3.0496306438139997e-05,0.9999750136696343,2.4986330940444107e-05,0,OK
2014-06-17,0.9999721273438971,2.78726561029124e-05,0.9999782491941841,2.175080532071468e-05,0,OK
2014-06-18,0.9999734456422766,2.655435772334441e-05,0.999976521671713,2.3478328171019098e-05,0,OK
2014-06-19,0.9999747795642769,2.5220435723092446e-05,0.9999778920489039,2.2107951055837877e-05,0,OK
2014-06-20,0.9999763459508895,2.365404911048829e-05,0.999980000853508,1.9999147014411935e-05,0,OK
2014-06-23,0.9999704021897489,2.959781025116233e-05,0.9999565334134859,4.346658624606843e-05,0,OK
2014-06-24,0.9999718258299453,2.817417005470215e-05,0.9999751476566928,2.48523429296284e-05,0,OK
2014-06-25,0.9999709569635427,2.9043036457392545e-05,0.9999689296080109,3.107039139700347e-05,0,OK
2014-06-26,0.9999646320262678,3.5367973732140447e-05,0.9999498738392324,5.012616070655222e-05,0,OK
2014-06-27,0.9999527307005034,4.7269299496617865e-05,0.9999249609406917,7.503905961373184e-05,0,OK
2014-06-30,0.9977097025629444,0.002290297437055551,0.9924759702421398,0.007524029758026396,0,OK
2014-07-01,0.6987200485714739,0.30127995142852615,0.0010775225913026007,0.9989224774086242,0,OK
2014-07-02,0.7871033164648968,0.21289668353510321,0.9933309415502273,0.006669058450449741,0,OK
2014-07-03,0.850749243242158,0.14925075675784208,0.9992564057216481,0.0007435942775660944,0,OK
2014-07-04,0.895159264327781,0.10484073567221894,0.9987826468602115,0.001217353139098311,0,OK
2014-07-07,0.924709528349756,0.07529047165024402,0.9936601444006063,0.00633985559896923,0,OK
2014-07-08,0.8719541662647086,0.12804583373529138,0.7488583214004233,0.2511416786004019,0,OK
2014-07-09,0.9098118404737567,0.09018815952624332,0.9981464136278263,0.001853586371797885,0,OK
2014-07-10,0.9368327825642873,0.06316721743571274,0.9998816474428327,0.00011835255780807675,0,OK
2014-07-11,0.9557742302543998,0.044225769745600226,0.999970941531701,2.9058468671039883e-05,0,OK
2014-07-14,0.9690080597567571,0.030991940243242908,0.9998869952623405,0.00011300473774250339,0,OK
2014-07-15,0.9760050472117665,0.02399495278823345,0.9923313512729837,0.007668648726544725,0,OK
2014-07-16,0.6832035335470035,0.3167964664529965,1.6622456467512399e-09,0.9999999983374437,0,OK
2014-07-17,0.7739414764038735,0.22605852359612658,0.9856633430702624,0.014336656930096892,0,OK
2014-07-18,0.8417139150694419,0.158286084930558,0.9998496052884883,0.00015039471089805877,0,OK
2014-07-21,0.889026483934343,0.110973516065657,0.9994224779526365,0.0005775220475546474,0,OK
2014-07-22,0.9055601789657205,0.09443982103427949,0.9441388007053455,0.05586119929439865,0,OK
2014-07-23,0.9337611101358622,0.06623888986413781,0.9995632828658794,0.00043671713380726826,0,OK
2014-07-24,0.9536099629976096,0.046390037002390444,0.9999239530074908,7.604699164661217e-05,0,OK
2014-07-25,0.9675158141131804,0.03248418588681953,0.9999628000503352,3.719995048741472e-05,0,OK
2014-07-28,0.9772502424554862,0.02274975754451379,0.9999639085873456,3.609141246705843e-05,0,OK
2014-07-29,0.9840667638537782,0.015933236146221774,0.99997198045059,2.8019550207073628e-05,0,OK
2014-07-30,0.9888350327433518,0.011164967256648225,0.9999609934861653,3.900651430994791e-05,0,OK
2014-07-31,0.9920967860135071,0.007903213986492826,0.9997075436441994,0.0002924563561302279,0,OK
2014-08-04,0.9943472324310874,0.005652767568912685,0.9995982740723841,0.0004017259278923547,0,OK
2014-08-05,0.9960302987542878,0.003969701245712134,0.9999574535078849,4.2546491577515864e-05,0,OK
2014-08-06,0.9972043982914076,0.0027956017085924044,0.9999439638780346,5.603612197970202e-05,0,OK
2014-08-07,0.9980259453870484,0.0019740546129515886,0.9999428886105423,5.711138978968469e-05,0,OK
2014-08-08,0.9985873058142157,0.0014126941857842907,0.9998971468104572,0.00010285318906059567,0,OK
2014-08-11,0.9989870097785958,0.0010129902214041913,0.9999196523615613,8.034763785062609e-05,0,OK
2014-08-12,0.9992616282996396,0.000738371700360383,0.9999024048490013,9.759515125816363e-05,0,OK
2014-08-13,0.9994615265962122,0.0005384734037877895,0.9999279559556808,7.204404511840455e-05,0,OK
2014-08-14,0.9995795625572234,0.0004204374427766293,0.999854979799197,0.00014502020041725548,0,OK
2014-08-15,0.9996361247456927,0.00036387525430726133,0.9997681031857726,0.00023189681454540288,0,OK
2014-08-18,0.9997155688546322,0.000284431145367813,0.9999009384420932,9.906155784243352e-05,0,OK
2014-08-19,0.9997942560070574,0.00020574399294258488,0.9999778593623874,2.21406372837194e-05,0,OK
2014-08-20,0.9998495502411207,0.00015044975887936628,0.9999785701206504,2.1429879398522963e-05,0,OK
2014-08-21,0.9998840584342531,0.00011594156574686934,0.9999645775513475,3.5422448437709804e-05,0,OK
2014-08-22,0.9998988795231379,0.00010112047686201164,0.9999334620643278,6.653793613067702e-05,0,OK
2014-08-25,0.999660248443878,0.00033975155612195026,0.9991034425914922,0.0008965574077284738,0,OK
2014-08-26,0.9997445638025794,0.0002554361974206342,0.9999412996388723,5.870036045089684e-05,0,OK
2014-08-27,0.9998152948161925,0.0001847051838075279,0.9999803338474749,1.9666152043613198e-05,0,OK
2014-08-28,0.9998623773882982,0.0001376226117018489,0.9999722367226781,2.776327678859796e-05,0,OK
2014-08-29,0.999891919333051,0.000108080666948982,0.9999608505373744,3.914946252562592e-05,0,OK
2014-09-01,0.9999183337703141,8.166622968589696e-05,0.999979967457531,2.0032542738698555e-05,0,OK
2014-09-02,0.9999366937163643,6.330628363575385e-05,0.9999795335900503,2.0466409518753266e-05,0,OK
2014-09-03,0.9999468652701283,5.313472987162166e-05,0.9999705988950445,2.9401104421979905e-05,0,OK
2014-09-04,0.9999011065879533,9.889341204670503e-05,0.999794336329169,0.0002056636704552329,0,OK
2014-09-05,0.9999233804946179,7.661950538208848e-05,0.999975352942756,2.4647056497983253e-05,0,OK
2014-09-08,0.9999392206977556,6.0779302244310345e-05,0.9999761811722251,2.3818828256161364e-05,0,OK
2014-09-09,0.9999450522325033,5.4947767496727875e-05,0.9999586591471552,4.1340853085702123e-05,0,OK
2014-09-10,0.9999536837975137,4.631620248630489e-05,0.999973824115556,2.6175884128651285e-05,0,OK
2014-09-11,0.9999543196525494,4.5680347450599036e-05,0.9999558033140561,4.419668570061872e-05,0,OK
2014-09-12,0.9999595121818904,4.048781810960558e-05,0.9999716280840792,2.8371916313954208e-05,0,OK
2014-09-15,0.9999650966384444,3.490336155564575e-05,0.9999781270371583,2.1872962929739472e-05,0,OK
2014-09-16,0.9999686445203234,3.135547967661978e-05,0.9999769229114264,2.3077088625559205e-05,0,OK
2014-09-17,0.9999721069668838,2.789303311618417e-05,0.9999801860083916,1.981399114183442e-05,0,OK
2014-09-18,0.9999270602710671,7.293972893287069e-05,0.9998219513145722,0.0001780486858384726,0,OK
2014-09-19,0.9999395463385602,6.0453661439829664e-05,0.9999686804960883,3.1319503956067296e-05,0,OK
2014-09-22,0.9999473670544654,5.263294553459228e-05,0.9999656153922769,3.4384608422371723e-05,0,OK
2014-09-23,0.99931269701487,0.0006873029851300188,0.9978318002553858,0.002168199744186014,0,OK
2014-09-24,0.999487135597419,0.0005128644025810203,0.9998941589574121,0.00010584104330002415,0,OK
2014-09-25,0.9996179645259223,0.00038203547407769276,0.9999232320260978,7.676797423659524e-05,0,OK
2014-09-26,0.9997238566274509,0.00027614337254905586,0.9999709381975903,2.9061802315569906e-05,0,OK
2014-09-29,0.9997869958117948,0.00021300418820527654,0.9999343205760244,6.567942473645811e-05,0,OK
2014-09-30,0.999840654195391,0.0001593458046089289,0.999965857091307,3.414290955078449e-05,0,OK
2014-10-01,0.9998376435719744,0.00016235642802559517,0.9998306187847206,0.00016938121599781642,0,OK
2014-10-02,0.9967372273661624,0.0032627726338375525,0.9895029228867946,0.010497077114065454,0,OK
2014-10-03,0.9976661080082055,0.002333891991794485,0.9998334961736515,0.00016650382702732746,0,OK
2014-10-06,0.9983553331668923,0.0016446668331077296,0.999963525203765,3.647479617196814e-05,0,OK
2014-10-07,0.9986949104616178,0.0013050895383821494,0.9994872574833749,0.0005127425173557953,0,OK
2014-10-08,0.9990736084463648,0.0009263915536351612,0.9999572370773869,4.276292255885568e-05,0,OK
2014-10-09,0.9993275915105232,0.0006724084894768217,0.999920218660387,7.978133977402952e-05,0,OK
2014-10-10,0.9995167642866136,0.00048323571338632304,0.9999581674311044,4.1832569175159534e-05,0,OK
2014-10-13,0.999597470674905,0.000402529325095009,0.9997857855802956,0.0002142144190819431,0,OK
2014-10-14,0.9984720791079736,0.001527920892026399,0.9958461654519707,0.004153834548199642,0,OK
2014-10-15,0.9333348204427018,0.06666517955729824,0.7813478835563008,0.21865211644293256,0,OK
2014-10-16,0.9363277381590953,0.06367226184090469,0.9433112128313649,0.05668878716931974,0,OK
2014-10-17,0.9514568187967182,0.0485431812032818,0.9867580069503993,0.013241993048828385,0,OK
2014-10-20,0.965908876021836,0.03409112397816405,0.9996303428803579,0.000369657119555994,0,OK
2014-10-21,0.9759506510676156,0.024049348932384394,0.9993814595083096,0.0006185404922318742,0,OK
2014-10-22,0.9831519998503462,0.016848000149653826,0.9999551470100657,4.485298994917542e-05,0,OK
2014-10-23,0.9881460575081001,0.01185394249189986,0.9997988587100771,0.00020114129047394273,0,OK
2014-10-24,0.9916896454085031,0.008310354591496883,0.9999580171761439,4.1982823889940625e-05,0,OK
2014-10-27,0.9940918344741425,0.005908165525857506,0.9996969422936326,0.0003030577060322926,0,OK
2014-10-28,0.9958446786102105,0.004155321389789485,0.9999346482618664,6.53517389641064e-05,0,OK
2014-10-29,0.9970700146698294,0.002929985330170621,0.9999291321429549,7.086785772660328e-05,0,OK
2014-10-30,0.9978242308311044,0.0021757691688955587,0.9995840685401844,0.0004159314592537475,0,OK
2014-10-31,0.9984228546398707,0.0015771453601293593,0.9998196435270611,0.0001803564730082277,0,OK
2014-11-03,0.9988702995470494,0.0011297004529505872,0.9999143376629567,8.566233620011954e-05,0,OK
2014-11-04,0.9991447377412889,0.0008552622587111468,0.9997850935269492,0.00021490647215245267,0,OK
2014-11-05,0.9993783441378373,0.0006216558621626448,0.9999234257299787,7.65742702161403e-05,0,OK
2014-11-06,0.9995205959231298,0.0004794040768701642,0.9998525167548756,0.00014748324452104294,0,OK
2014-11-07,0.9996189723549103,0.0003810276450897423,0.9998485173623658,0.00015148263760209123,0,OK
2014-11-10,0.9997181759372907,0.0002818240627093026,0.9999496509623822,5.034903715494335e-05,0,OK
2014-11-11,0.9997842976433394,0.00021570235666053484,0.9999385816244131,6.141837588007678e-05,0,OK
2014-11-12,0.9997568312691871,0.00024316873081284493,0.9996927430632556,0.00030725693716823516,0,OK
2014-11-13,0.9997999658430105,0.000200034156989558,0.9999006131826759,9.938681806855523e-05,0,OK
2014-11-14,0.9998465096489364,0.00015349035106358044,0.9999551118633105,4.4888137236299454e-05,0,OK
2014-11-17,0.9998717364214149,0.00012826357858511468,0.999930598891323,6.940110946869464e-05,0,OK
2014-11-18,0.9998962910294015,0.00010370897059851644,0.9999535851151435,4.641488529645391e-05,0,OK
2014-11-19,0.9999016195248797,9.838047512032683e-05,0.9999140526808759,8.594731900455111e-05,0,OK
2014-11-20,0.9968615388454592,0.003138461154540723,0.9897680172606738,0.010231982739854982,0,OK
2014-11-21,0.6978030771961871,0.30219692280381294,1.3969216322931595e-11,0.9999999999854481,0,OK
2014-11-24,0.7859818345373824,0.21401816546261765,0.9917322683338495,0.008267731666495306,0,OK
2014-11-25,0.8501538012600074,0.14984619873999264,0.9998883902796198,0.00011160972053425754,0,OK
2014-11-26,0.8951015451619218,0.10489845483807828,0.9999796142660394,2.0385733611482264e-05,0,OK
2014-11-27,0.9265628398690309,0.07343716013096914,0.9999725275183017,2.747248104786134e-05,0,OK
2014-11-28,0.9485871220332825,0.05141287796671748,0.9999771137499517,2.288625013027351e-05,0,OK
2014-12-01,0.9639897320944141,0.03601026790558588,0.9999291555698784,7.084442961217068e-05,0,OK
2014-12-02,0.9747846024532423,0.025215397546757706,0.9999726332896351,2.7366709491960244e-05,0,OK
2014-12-03,0.9822837171366198,0.017716282863380197,0.9997816513969482,0.0002183486021660129,0,OK
2014-12-04,0.9779184578356309,0.022081542164369104,0.9677328527994996,0.03226714720000989,0,OK
2014-12-05,0.6845429726775638,0.31545702732243613,1.7397503302633786e-07,0.9999998260245926,0,OK
2014-12-08,0.5887688594738434,0.4112311405261566,0.3652959286646621,0.6347040713348379,0,OK
2014-12-09,0.41213820163169035,0.5878617983683097,2.199496117670444e-24,1.0,1,OK
2014-12-10,0.5718823703079072,0.42811762969209277,0.9446187638862501,0.05538123611425337,0,OK
2014-12-11,0.685272884970634,0.31472711502936607,0.9498507525175361,0.050149247483003714,0,OK
2014-12-12,0.4796990182497438,0.5203009817502562,2.6662568292150693e-05,0.9999733374323334,1,OK
2014-12-15,0.5722806319925529,0.4277193680074472,0.7883043973918765,0.2116956026075597,0,OK
2014-12-16,0.6605294994344231,0.339470500565577,0.8664435234659368,0.13355647653454658,0,OK
2014-12-17,0.7404468701459697,0.25955312985403034,0.9269207351400188,0.07307926486042148,0,OK
2014-12-18,0.8009878512218884,0.1990121487781116,0.9422501403985858,0.057749859600967866,0,OK
2014-12-19,0.8558578348307969,0.14414216516920306,0.9838877965851963,0.016112203415083157,0,OK
2014-12-22,0.8979169167630796,0.10208308323692036,0.9960547746047754,0.0039452253949273965,0,OK
2014-12-23,0.9247171046686682,0.07528289533133176,0.9872508764490282,0.012749123551625037,0,OK
2014-12-30,0.9052145938714657,0.09478540612853427,0.859708735345088,0.14029126465534014,0,OK
2015-01-05,0.8790679361208887,0.12093206387911122,0.818059068036,0.1819409319637908,0,OK
2015-01-07,0.8559524775952146,0.14404752240478536,0.8020164077017945,0.19798359229802506,0,OK
2015-01-08,0.738442204486898,0.261557795513102,0.46425156723428596,0.5357484327658408,0,OK
2015-01-09,0.7770008105471824,0.2229991894528176,0.8669708913537838,0.1330291086454874,0,OK
2015-01-12,0.8397671933725965,0.16023280662740347,0.9862220866327904,0.013777913368103812,0,OK
2015-01-13,0.8871960252461654,0.1128039747538346,0.9978632996179593,0.0021367003821739206,0,OK
2015-01-14,0.9208833671589698,0.07911663284103015,0.9994871649552,0.0005128350444864806,0,OK
2015-01-15,0.9436976567733857,0.05630234322661436,0.9969309992065758,0.003069000792977499,0,OK
2015-01-16,0.9605181530899297,0.03948184691007024,0.9997659778280943,0.00023402217146733015,0,OK
2015-01-19,0.9723453347894246,0.02765466521057532,0.999942092088151,5.790791175383779e-05,0,OK
2015-01-20,0.9806030495226024,0.01939695047739769,0.9998710505661635,0.00012894943331656782,0,OK
2015-01-21,0.9863110037689453,0.013688996231054714,0.9996295636772771,0.0003704363229211013,0,OK
2015-01-22,0.9903364584759439,0.009663541524056176,0.9997291861258937,0.00027081387439292705,0,OK
2015-01-23,0.9931862299518448,0.006813770048155205,0.9998356967285823,0.0001643032710529367,0,OK
2015-01-26,0.9951931006320882,0.004806899367911748,0.9998757988861958,0.0001242011140103478,0,OK
2015-01-27,0.9966015762730867,0.0033984237269133644,0.9998880194346007,0.00011198056458380342,0,OK
2015-01-28,0.997588436619907,0.002411563380092978,0.9998911107621591,0.00010888923751207768,0,OK
2015-01-29,0.9982876712856779,0.0017123287143221166,0.9999192188385474,8.078116085677314e-05,0,OK
2015-01-30,0.9987782416759103,0.0012217583240896114,0.9999229059191204,7.709408021376618e-05,0,OK
2015-02-02,0.9991321253883134,0.0008678746116866153,0.9999578540505792,4.214594941295812e-05,0,OK
2015-02-03,0.9993836832314601,0.0006163167685399132,0.9999706515314136,2.934846786427524e-05,0,OK
2015-02-04,0.9995594596800323,0.0004405403199676627,0.9999696047270069,3.0395273299078206e-05,0,OK
2015-02-05,0.9996738814903975,0.00032611850960252524,0.9999408657154135,5.913428541720456e-05,0,OK
2015-02-06,0.9997597947490714,0.00024020525092865967,0.9999602590198968,3.974098068964008e-05,0,OK
2015-02-09,0.9998163305602628,0.00018366943973721473,0.9999482474526996,5.175254695717654e-05,0,OK
2015-02-10,0.9998492841609811,0.0001507158390188957,0.9999261758951578,7.382410400948462e-05,0,OK
2015-02-11,0.9998826026984894,0.00011739730151062902,0.9999603459532252,3.965404732467347e-05,0,OK
2015-02-12,0.9998922105869191,0.00010778941308087934,0.9999146289928497,8.537100674479674e-05,0,OK
2015-02-13,0.9999181333420302,8.18666579698301e-05,0.9999786197707224,2.1380229377381867e-05,0,OK
2015-02-16,0.9999307007501512,6.929924984874647e-05,0.9999600247015648,3.9975297566218e-05,0,OK
2015-02-17,0.9999250352499826,7.496475001740194e-05,0.9999118157496982,8.818425041093138e-05,0,OK
2015-02-18,0.9999282203520271,7.177964797288076e-05,0.9999356522570763,6.434774320233138e-05,0,OK
2015-02-19,0.9999127842597921,8.721574020785737e-05,0.9998767667107328,0.00012323328875613613,0,OK
2015-02-20,0.9999233631911734,7.663680882658268e-05,0.9999480473651459,5.195263560360845e-05,0,OK
2015-02-23,0.99993229036629,6.770963370999184e-05,0.9999531204414164,4.687955843794654e-05,0,OK
2015-02-24,0.9999376595230725,6.234047692750517e-05,0.9999501875555717,4.981244443503627e-05,0,OK
2015-02-25,0.9999429171101956,5.7082889804491787e-05,0.9999551848142465,4.481518651746058e-05,0,OK
2015-02-26,0.9999362396924225,6.376030757747361e-05,0.9999206590517936,7.934094904776455e-05,0,OK
2015-02-27,0.99994202514771,5.797485229002574e-05,0.9999555245426434,4.447545661931406e-05,0,OK
2015-03-02,0.9999520773890025,4.7922610997491574e-05,0.9999755326181168,2.4467381314911858e-05,0,OK
2015-03-03,0.9999479521070749,5.204789292512022e-05,0.9999383264486387,6.167355075625372e-05,0,OK
2015-03-04,0.9999472917163266,5.2708283673447624e-05,0.9999457508037961,5.424919541954491e-05,0,OK
2015-03-05,0.9999547209333802,4.527906661978534e-05,0.9999720557728335,2.7944226827906686e-05,0,OK
2015-03-06,0.999960000540858,3.999945914197461e-05,0.9999723196244599,2.76803750270829e-05,0,OK
2015-03-09,0.9999586715428509,4.132845714907487e-05,0.9999555705482972,4.4429452498975475e-05,0,OK
2015-03-10,0.9992839699654044,0.0007160300345956353,0.9977096662838681,0.002290333715304276,0,OK
2015-03-11,0.9546875260430702,0.04531247395692988,0.8506291568914837,0.14937084310904314,0,OK
2015-03-12,0.9677343963022772,0.032265603697722786,0.9981770935728683,0.0018229064262395907,0,OK
2015-03-13,0.9773908658160868,0.022609134183913145,0.9999226280153755,7.737198502398599e-05,0,OK
2015-03-16,0.9841594166082994,0.015840583391700545,0.9999527017897971,4.729820987114587e-05,0,OK
2015-03-17,0.988892103531688,0.011107896468312038,0.9999350396865186,6.49603137388561e-05,0,OK
2015-03-18,0.9922169410972669,0.007783058902733099,0.999974895416457,2.5104583048911172e-05,0,OK
2015-03-19,0.9945432140901397,0.005456785909860328,0.9999711844070518,2.8815593157194956e-05,0,OK
2015-03-20,0.996167698749393,0.0038323012506069737,0.9999581629547588,4.183704568248096e-05,0,OK
2015-03-23,0.9973105471971989,0.002689452802801066,0.9999771935762969,2.2806424587280653e-05,0,OK
2015-03-24,0.9981014212351682,0.0018985787648318107,0.9999467939909188,5.3206009570215746e-05,0,OK
2015-03-25,0.9986614226791282,0.0013385773208718175,0.9999680927155209,3.190728496516751e-05,0,OK
2015-03-26,0.9990384425093621,0.0009615574906378188,0.99991815544741,8.18445534251555e-05,0,OK
2015-03-27,0.999315783235602,0.0006842167643979581,0.9999629115975359,3.7088403171616624e-05,0,OK
2015-03-30,0.9990274138262193,0.0009725861737806591,0.9983545518702415,0.0016454481290069617,0,OK
2015-03-31,0.9993010856987822,0.0006989143012177772,0.9999396534023006,6.034659857105275e-05,0,OK
2015-04-01,0.9994903030749237,0.0005096969250763302,0.9999318102858444,6.81897140796207e-05,0,OK
2015-04-02,0.9996362377463868,0.0003637622536132859,0.9999767519794944,2.3248020199515832e-05,0,OK
2015-04-07,0.999718418528798,0.00028158147120202915,0.999910173688583,8.982631224243e-05,0,OK
2015-04-08,0.9972352064714178,0.0027647935285821557,0.991441045004835,0.008558954995802451,0,OK
2015-04-09,0.7039186992075852,0.29608130079241474,0.019513515592062762,0.9804864844080241,0,OK
2015-04-10,0.4927435411711609,0.5072564588288391,1.5057525626027757e-06,0.9999984942471624,1,OK
2015-04-13,0.641561777480216,0.35843822251978397,0.98880432886833,0.011195671131988839,0,OK
2015-04-14,0.7489876606833394,0.25101233931666056,0.9996480548231461,0.000351945176039458,0,OK
2015-04-15,0.8227781779659661,0.17722182203403392,0.9949560516254136,0.005043948374571741,0,OK
2015-04-16,0.6192353988570392,0.3807646011429608,0.14430224760263985,0.8556977523971235,0,OK
2015-04-17,0.49813125075076625,0.5018687492492337,0.21555490516885237,0.7844450948305375,1,OK
2015-04-20,0.3486918755255364,0.6513081244744636,2.2440932345536485e-24,1.0,1,OK
2015-04-21,0.5408713039681395,0.45912869603186046,0.9892899703334831,0.010710029665786573,0,OK
2015-04-22,0.6785391842872235,0.32146081571277657,0.9997642383643168,0.00023576163491422376,0,OK
2015-04-23,0.7749554904574454,0.2250445095425546,0.9999268715219963,7.312847870339478e-05,0,OK
2015-04-24,0.8424572502795246,0.15754274972047544,0.9999613565314405,3.864346895743481e-05,0,OK
2015-04-27,0.8896167131413781,0.11038328685862189,0.9996554598195614,0.0003445401809636702,0,OK
2015-04-28,0.9226526612975763,0.07734733870242375,0.9997365403285617,0.00026345967129477537,0,OK
2015-04-29,0.9450311070733044,0.05496889292669555,0.9972474805496884,0.0027525194499964465,0,OK
2015-04-30,0.9613323164539778,0.03866768354602218,0.9993684716758985,0.0006315283244509717,0,OK
2015-05-04,0.9725987944803401,0.02740120551965982,0.9988872432079668,0.0011127567914809848,0,OK
2015-05-05,0.9791206706789,0.020879329321100086,0.9943383818089666,0.005661618191127375,0,OK
2015-05-06,0.9851713289646277,0.01482867103537236,0.999289531631044,0.0007104683686743378,0,OK
2015-05-07,0.9886921635053025,0.01130783649469752,0.9969074440996158,0.003092555899789567,0,OK
2015-05-08,0.986641946169993,0.013358053830007006,0.9818581057204279,0.01814189427906247,0,OK
2015-05-11,0.9904966857541617,0.009503314245838234,0.9994910781168974,0.0005089218827777661,0,OK
2015-05-12,0.9933256974606389,0.006674302539361086,0.9999267247748551,7.327522424774028e-05,0,OK
2015-05-13,0.9952741013207166,0.0047258986792834195,0.9998203769934474,0.00017962300576886454,0,OK
2015-05-15,0.9951712266676409,0.00482877333235909,0.9949311858104413,0.005068814189535653,0,OK
2015-05-18,0.9965452901354017,0.003454709864598314,0.9997514382277295,0.0002485617731565052,0,OK
2015-05-19,0.9964126891975951,0.003587310802404946,0.9961032870088786,0.0038967129906204217,0,OK
2015-05-20,0.9974713644175667,0.002528635582433325,0.9999416065971897,5.839340249954293e-05,0,OK
2015-05-21,0.9982233535629378,0.001776646437062261,0.999977994901391,2.200509786311199e-05,0,OK
2015-05-22,0.9987434243947851,0.0012565756052148164,0.9999569230023293,4.3076997570779595e-05,0,OK
2015-05-26,0.9990727577524443,0.0009272422475557246,0.9998412022528179,0.00015879774635117744,0,OK
2015-05-27,0.9993148784479348,0.0006851215520651867,0.999879826737012,0.0001201732625872652,0,OK
2015-05-28,0.9992868832378403,0.000713116762159652,0.9992215610809109,0.0007784389190467377,0,OK
2015-05-29,0.9875474771793986,0.012452522820601358,0.9601555297093555,0.039844470290298674,0,OK
2015-06-01,0.9910360052776238,0.008963994722376143,0.999175904174149,0.0008240958265173123,0,OK
2015-06-02,0.9936948038367912,0.006305196163208787,0.9998986671411927,0.00010133285848495771,0,OK
2015-06-03,0.9955666829263737,0.004433317073626246,0.9999344008027427,6.55991979336511e-05,0,OK
2015-06-04,0.9968654107096272,0.0031345892903728114,0.9998957755381239,0.00010422446278146422,0,OK
2015-06-05,0.9977895323616345,0.0022104676383655655,0.9999458162165653,5.4183783681993356e-05,0,OK
2015-06-08,0.9984356755659914,0.0015643244340086035,0.9999433430428223,5.66569571756923e-05,0,OK
2015-06-09,0.9988864474667487,0.0011135525332513318,0.9999382485679569,6.175143148436529e-05,0,OK
2015-06-10,0.9991413766342082,0.0008586233657918005,0.9997362113583069,0.0002637886417195606,0,OK
2015-06-11,0.9993712157035654,0.0006287842964346075,0.9999075068657839,9.24931346011574e-05,0,OK
2015-06-12,0.9995287506455418,0.0004712493544581833,0.9998963321765075,0.00010366782317986025,0,OK
2015-06-15,0.9996594862601291,0.0003405137398708223,0.9999645360271102,3.546397250031336e-05,0,OK
2015-06-16,0.9997307017387493,0.00026929826125061474,0.9998968711891925,0.00010312881113679725,0,OK
2015-06-17,0.999798699745439,0.00020130025456099694,0.9999573617601484,4.2638238951888814e-05,0,OK
2015-06-18,0.9998248517427841,0.00017514825721585902,0.9998858730696977,0.0001141269300772039,0,OK
2015-06-19,0.9994979889598059,0.0005020110401940633,0.9987353091320545,0.0012646908671432066,0,OK
2015-06-22,0.9719500959147173,0.028049904085282792,0.9076716788092295,0.09232832119048982,0,OK
2015-06-23,0.9796831864516939,0.02031681354830602,0.9977270643717115,0.00227293562869356,0,OK
2015-06-24,0.9857206372192594,0.01427936278074058,0.9998080223432001,0.00019197765642121856,0,OK
2015-06-25,0.9899375441957824,0.01006245580421758,0.9997769938076004,0.00022300619233058032,0,OK
2015-06-26,0.9928753855326903,0.007124614467309666,0.9997303486515644,0.0002696513478578701,0,OK
2015-06-29,0.9948770240286768,0.00512297597132321,0.9995475138521333,0.00045248614735481194,0,OK
2015-06-30,0.996340276294698,0.0036597237053019372,0.9997545315826006,0.0002454684179189678,0,OK
2015-07-01,0.9973735704546512,0.0026264295453486968,0.9997845901608368,0.00021540983879113565,0,OK
2015-07-02,0.9981070431864083,0.0018929568135916714,0.9998184795608404,0.00018152043949194588,0,OK
2015-07-03,0.9986545685487459,0.001345431451254141,0.9999321277270107,6.787227246657066e-05,0,OK
2015-07-06,0.9990027496318715,0.00099725036812849,0.9998151721599283,0.00018482784083530423,0,OK
2015-07-07,0.9988272431964293,0.0011727568035706183,0.9984177281798993,0.0015822718196022512,0,OK
2015-07-08,0.999120017261959,0.000879982738041072,0.9998031567486854,0.00019684325180546392,0,OK
2015-07-09,0.9989210400153192,0.0010789599846807883,0.998456759772821,0.0015432402268401263,0,OK
2015-07-10,0.9970411913192331,0.0029588086807669565,0.9926548776958518,0.007345122304968016,0,OK
2015-07-13,0.9978264606929483,0.002173539307051657,0.9996587558983064,0.0003412441017159589,0,OK
2015-07-14,0.9984612256040215,0.001538774395978474,0.9999423437289748,5.765627014104692e-05,0,OK
2015-07-15,0.9989098420678797,0.0010901579321202907,0.9999566138166017,4.338618311786315e-05,0,OK
2015-07-16,0.9992250991300357,0.0007749008699643979,0.9999606989414682,3.930105826731456e-05,0,OK
2015-07-17,0.9994511759669661,0.0005488240330339515,0.9999786885870795,2.131141352957658e-05,0,OK
2015-07-20,0.9996073898187015,0.0003926101812985877,0.9999718888052,2.8111193916072045e-05,0,OK
2015-07-21,0.9997142311932958,0.0002857688067041511,0.999963527733887,3.6472265983799255e-05,0,OK
2015-07-22,0.999752268241442,0.00024773175855801615,0.9998410213539652,0.00015897864621703455,0,OK
2015-07-23,0.9997976663527389,0.00020233364726113227,0.999903595278454,9.640472090173655e-05,0,OK
2015-07-24,0.9998385586539923,0.0001614413460076534,0.9999339740231583,6.602597641620277e-05,0,OK
2015-07-27,0.9995816259671467,0.00041837403285327224,0.998982116365114,0.0010178836354930497,0,OK
2015-07-28,0.9996861038983487,0.0003138961016512958,0.9999298857371571,7.011426218001765e-05,0,OK
2015-07-29,0.9997661683426443,0.0002338316573556834,0.9999529853786993,4.7014620665921145e-05,0,OK
2015-07-30,0.9997849688937641,0.0002150311062358873,0.9998288368460072,0.00017116315362302974,0,OK
2015-07-31,0.9998195593056278,0.00018044069437221804,0.9999002702663763,9.972973335698977e-05,0,OK
2015-08-03,0.9998502780241013,0.00014972197589865755,0.9999219550343206,7.804496612701646e-05,0,OK
2015-08-04,0.9998709775446979,0.00012902245530211327,0.9999192764267391,8.072357391017664e-05,0,OK
2015-08-05,0.9979937838053273,0.0020062161946726685,0.9936136650809316,0.006386334919870631,0,OK
2015-08-06,0.9985650625762581,0.001434937423741914,0.9998980463759363,0.00010195362490348767,0,OK
2015-08-07,0.9988913503853373,0.0011086496146627454,0.9996526886059346,0.00034731139347801893,0,OK
2015-08-10,0.9939925015685691,0.006007498431430841,0.98256185433024,0.017438145670556397,0,OK
2015-08-11,0.8150744402819394,0.18492555971806054,0.3975989639465406,0.6024010360535299,0,OK
2015-08-12,0.8400213439695388,0.1599786560304613,0.8982307859081643,0.10176921409272977,0,OK
2015-08-13,0.8871212451490907,0.11287875485090927,0.9970210145680753,0.0029789854319545775,0,OK
2015-08-14,0.9209490956529818,0.07905090434701822,0.9998807468281251,0.0001192531712724656,0,OK
2015-08-17,0.9446312018690532,0.05536879813094674,0.9998894497068822,0.00011055029344664188,0,OK
2015-08-18,0.961233200416146,0.038766799583854,0.9999711970268367,2.8802973970930992e-05,0,OK
2015-08-19,0.9726066491848324,0.027393350815167538,0.9991446963124434,0.0008553036882324688,0,OK
2015-08-20,0.9807913859929429,0.01920861400705708,0.9998891052120659,0.00011089478813267583,0,OK
2015-08-21,0.9863535468003289,0.013646453199671052,0.9993319220182973,0.0006680779824369883,0,OK
2015-08-24,0.9874803661299576,0.012519633870042448,0.9901096112326498,0.009890388767575711,0,OK
2015-08-25,0.9884002980208209,0.011599701979179188,0.9905468057666904,0.009453194233831586,0,OK
2015-08-26,0.9899910752645854,0.010008924735414627,0.9937028888341075,0.006297111166630658,0,OK
2015-08-27,0.9922189474754266,0.007781052524573427,0.9974173159667251,0.0025826840326106312,0,OK
2015-08-28,0.9942092612011578,0.005790738798842224,0.9988533265613794,0.001146673438802753,0,OK
2015-08-31,0.9957375314017288,0.004262468598271173,0.9993034952029624,0.0006965047969387212,0,OK
2015-09-01,0.9967259466281685,0.003274053371831478,0.9990322488229277,0.0009677511768055222,0,OK
2015-09-02,0.9976154387127469,0.0023845612872530324,0.9996909202429013,0.00030907975656999364,0,OK
2015-09-03,0.9982572708587168,0.001742729141283185,0.9997548791989548,0.0002451208006868744,0,OK
2015-09-04,0.9987379432024245,0.0012620567975755114,0.9998595120045858,0.00014048799559094038,0,OK
2015-09-07,0.9991044210944016,0.0008955789055983862,0.9999595361752209,4.046382431842784e-05,0,OK
2015-09-08,0.9993540018854757,0.0006459981145242205,0.9999363570649058,6.364293535116726e-05,0,OK
2015-09-09,0.9994582392430448,0.0005417607569551842,0.9997014597442531,0.0002985402559607661,0,OK
2015-09-10,0.9995964335630187,0.0004035664369812776,0.9999188869762442,8.111302370882923e-05,0,OK
2015-09-11,0.9994626749153662,0.0005373250846337646,0.999150571403787,0.000849428595822901,0,OK
2015-09-14,0.9996088469305117,0.00039115306948829884,0.999949914966341,5.0085034148878724e-05,0,OK
2015-09-15,0.999709634656314,0.00029036534368596044,0.9999448060160143,5.519398348050425e-05,0,OK
2015-09-16,0.9997873257721219,0.00021267422787805263,0.999968605043136,3.1394957659601045e-05,0,OK
2015-09-17,0.9998438991285146,0.00015610087148538784,0.9999759036265575,2.409637323583676e-05,0,OK
2015-09-18,0.9998314745169983,0.00016852548300175688,0.9998024837571071,0.000197516243206618,0,OK
2015-09-21,0.9988302585123107,0.0011697414876893312,0.99649408783528,0.0035059121652936715,0,OK
2015-09-22,0.9173459787287727,0.08265402127122731,0.7272159925667574,0.27278400743281594,0,OK
2015-09-23,0.9396929475411291,0.0603070524588709,0.9918358747697704,0.008164125230039286,0,OK
2015-09-24,0.9574603452633059,0.04253965473669405,0.9989176066151708,0.00108239338494806,0,OK
2015-09-25,0.9701850984098759,0.02981490159012414,0.9998761890856084,0.00012381091479435395,0,OK
2015-09-28,0.9790873619185101,0.02091263808148989,0.999859310105142,0.000140689894676646,0,OK
2015-09-29,0.9852907439587181,0.014709256041281973,0.999765302051863,0.000234697947463509,0,OK
2015-09-30,0.98967646877389,0.01032353122610993,0.9999098266766475,9.017332404182685e-05,0,OK
2015-10-01,0.9927008332598626,0.007299166740137456,0.9997576837279888,0.00024231627286835035,0,OK
2015-10-02,0.9948470203985147,0.005152979601485339,0.9998547903880359,0.00014520961129706807,0,OK
2015-10-05,0.9963185351754377,0.0036814648245623773,0.999752069654985,0.000247930345075466,0,OK
2015-10-06,0.9973943065952373,0.002605693404762636,0.9999044399087708,9.556009189657307e-05,0,OK
2015-10-07,0.9981586028358969,0.001841397164103187,0.9999419607301709,5.8039269231140465e-05,0,OK
2015-10-08,0.9987045599839943,0.0012954400160056483,0.999978459995941,2.15400037780578e-05,0,OK
2015-10-09,0.9990858821530377,0.0009141178469622486,0.9999756338806034,2.436611919431634e-05,0,OK
2015-10-12,0.9993525082922554,0.0006474917077445996,0.9999746359496231,2.536404957008516e-05,0,OK
2015-10-13,0.99953504233369,0.00046495766631010345,0.9999609550978921,3.904490296294582e-05,0,OK
2015-10-14,0.9996614703203276,0.00033852967967238425,0.9999564689549434,4.353104418437286e-05,0,OK
2015-10-15,0.9997495310664329,0.00025046893356707055,0.999955006141122,4.499385932133864e-05,0,OK
2015-10-16,0.9998156044955093,0.00018439550449063998,0.9999697758305158,3.0224169978968662e-05,0,OK
2015-10-19,0.9998597128765646,0.00014028712343537014,0.9999626324330734,3.7367567639740554e-05,0,OK
2015-10-20,0.9998859286901151,0.0001140713098849084,0.9999470989210378,5.290107826716436e-05,0,OK
2015-10-21,0.9999081566092421,9.184339075783345e-05,0.9999600217531008,3.997824612799193e-05,0,OK
2015-10-22,0.9998663258660302,0.00013367413396975653,0.999768720798794,0.0002312792014642438,0,OK
2015-10-23,0.9998886025421359,0.00011139745786416381,0.9999405814533245,5.941854695111415e-05,0,OK
2015-10-26,0.9999140073566121,8.599264338797278e-05,0.9999732852578339,2.6714742943527058e-05,0,OK
2015-10-27,0.999929179714104,7.082028589603335e-05,0.9999645818822079,3.5418118414841353e-05,0,OK
2015-10-28,0.9999403218606238,5.967813937628347e-05,0.9999663202030368,3.3679797496867115e-05,0,OK
2015-10-29,0.9999469995332548,5.300046674514885e-05,0.9999625807702492,3.741923060583475e-05,0,OK
2015-10-30,0.9999556890276379,4.4310972362099944e-05,0.9999759645139434,2.4035485468319166e-05,0,OK
2015-11-02,0.9999453883857243,5.4611614275682596e-05,0.9999213535543848,7.864644540737546e-05,0,OK
2015-11-03,0.9999538889970478,4.611100295211709e-05,0.9999737237572668,2.6276243197130935e-05,0,OK
2015-11-04,0.9999567367254908,4.326327450917641e-05,0.9999633814251834,3.661857480898149e-05,0,OK
2015-11-05,0.999954175762842,4.582423715808178e-05,0.9999482001832505,5.179981667219432e-05,0,OK
2015-11-06,0.9999371623811861,6.283761881387184e-05,0.9998974644897951,0.00010253550934404866,0,OK
2015-11-09,0.9998880486810717,0.00011195131892823265,0.9997734500470089,0.00022654995252840784,0,OK
2015-11-10,0.9999042430131215,9.575698687851483e-05,0.9999420297877357,5.7970212095839964e-05,0,OK
2015-11-11,0.9999171107086311,8.288929136894538e-05,0.9999471353316421,5.2864668513283306e-05,0,OK
2015-11-12,0.9999179267028657,8.207329713430014e-05,0.9999198306900638,8.016931058679459e-05,0,OK
2015-11-13,0.9999215262327406,7.847376725942832e-05,0.9999299251355248,7.007486421806074e-05,0,OK
2015-11-16,0.9999083422669242,9.165773307584033e-05,0.9998775796791207,0.00012242031998080166,0,OK
2015-11-17,0.9992696205696069,0.0007303794303931342,0.9977792699423358,0.00222073005746682,0,OK
2015-11-18,0.9994724659455692,0.0005275340544308005,0.9999457718228976,5.422817718535533e-05,0,OK
2015-11-19,0.9996200565184163,0.00037994348158365223,0.9999644345220117,3.55654782736395e-05,0,OK
2015-11-20,0.9997126401110519,0.0002873598889480901,0.9999286684936957,7.133150613177859e-05,0,OK
2015-11-23,0.9997796885768279,0.00022031142317209063,0.9999361349968292,6.38650030280919e-05,0,OK
2015-11-24,0.9997930572410189,0.00020694275898114998,0.9998242507906334,0.00017574920920228847,0,OK
2015-11-25,0.9997954098251082,0.00020459017489184617,0.9998008991877547,0.00019910081201680394,0,OK
2015-11-26,0.9998065768999796,0.00019342310002039444,0.9998326334073184,0.00016736659198700709,0,OK
2015-11-27,0.9998360501948944,0.00016394980510559914,0.9999048212162547,9.51787836377435e-05,0,OK
2015-11-30,0.9998315012891763,0.0001684987108237358,0.999820887175742,0.00017911282416605473,0,OK
2015-12-01,0.9997906922547349,0.00020930774526508624,0.999695471174619,0.0003045288256282372,0,OK
2015-12-02,0.9997836078214439,0.00021639217855601726,0.999767077477809,0.000232922522901523,0,OK
2015-12-03,0.9996732373354745,0.0003267626645254165,0.9994157062022709,0.0005842937984540148,0,OK
2015-12-04,0.9997558358416693,0.00024416415833076246,0.9999485656903038,5.1434310543236446e-05,0,OK
2015-12-07,0.9998135383007669,0.0001864616992330482,0.9999481773724863,5.182262800504825e-05,0,OK
2015-12-08,0.9998468679825305,0.00015313201746948733,0.999924637239492,7.536276002117875e-05,0,OK
2015-12-09,0.9998789934217827,0.00012100657821733996,0.9999539527795683,4.6047219962329446e-05,0,OK
2015-12-10,0.9999064226666413,9.357733335866271e-05,0.9999704242371945,2.957576202174914e-05,0,OK
2015-12-11,0.9999060446421275,9.395535787252589e-05,0.999905162584483,9.483741507154002e-05,0,OK
2015-12-14,0.9993415715267994,0.0006584284732005866,0.9980244675912198,0.001975532408966062,0,OK
2015-12-15,0.98992717500083,0.010072824999169954,0.9679602497743739,0.032039750226431817,0,OK
2015-12-16,0.9928407347004355,0.007159265299564492,0.9996390406666507,0.0003609593338184136,0,OK
2015-12-17,0.9949698144279643,0.005030185572035737,0.9999376671258715,6.233287446864276e-05,0,OK
2015-12-18,0.9964658934185797,0.0035341065814202886,0.999956744396194,4.3255603317578166e-05,0,OK
2015-12-21,0.9974937301763372,0.0025062698236627025,0.9998920159440969,0.00010798405556166897,0,OK
2015-12-22,0.9982295381083612,0.0017704618916387189,0.9999464232824821,5.357671691609134e-05,0,OK
2015-12-23,0.998720083860963,0.0012799161390370328,0.9998646906171265,0.00013530938296643243,0,OK
2015-12-28,0.9990943952800282,0.0009056047199717663,0.9999677885920619,3.221140881947786e-05,0,OK
2015-12-29,0.9992433170527177,0.0007566829472822974,0.9995908011881052,0.0004091988110068698,0,OK
2015-12-30,0.9994608078127767,0.0005391921872232775,0.9999682862534747,3.171374708556498e-05,0,OK
2016-01-04,0.9995230609898444,0.0004769390101555681,0.9996683184030991,0.0003316815969975795,0,OK
2016-01-05,0.9996428848245897,0.00035711517541020863,0.999922473771564,7.752622767103643e-05,0,OK
2016-01-06,0.9997318080460981,0.00026819195390188617,0.999939295563261,6.070443704913376e-05,0,OK
2016-01-07,0.9997623635796778,0.0002376364203221874,0.9998336598245353,0.0001663401753028903,0,OK
2016-01-08,0.9997925921041325,0.00020740789586746469,0.9998631253278626,0.0001368746721397784,0,OK
2016-01-11,0.9998139322338896,0.0001860677661104325,0.9998637258706767,0.00013627413001069077,0,OK
2016-01-12,0.9998341166435899,0.0001658833564100754,0.999881213599823,0.00011878640044257551,0,OK
2016-01-13,0.9998624566464628,0.00013754335353716383,0.9999285833201396,7.141668016703686e-05,0,OK
2016-01-14,0.999861349064668,0.00013865093533208398,0.9998587647071292,0.00014123529285356437,0,OK
2016-01-15,0.999857401845306,0.0001425981546939541,0.9998481916671411,0.00015180833320498432,0,OK
2016-01-18,0.999880749414898,0.00011925058510198341,0.9999352270775648,6.477292272071853e-05,0,OK
2016-01-19,0.9999047793721247,9.522062787531053e-05,0.9999608492732263,3.915072767974049e-05,0,OK
2016-01-20,0.9999033172026696,9.668279733046412e-05,0.9998999054735794,0.00010009452605915588,0,OK
2016-01-21,0.999879030911225,0.00012096908877497762,0.9998223628986728,0.0001776371021455091,0,OK
2016-01-22,0.9998770253911112,0.00012297460888880998,0.9998723458441912,0.00012765415582108552,0,OK
2016-01-25,0.9998946809561265,0.00010531904387345501,0.9999358772752573,6.412272550429342e-05,0,OK
2016-01-26,0.9998546097352122,0.00014539026478773218,0.9997611102195534,0.00023888978025437895,0,OK
2016-01-27,0.9998840995016828,0.00011590049831723928,0.9999529089574555,4.7091043219422575e-05,0,OK
2016-01-28,0.999859199341145,0.00014080065885506925,0.9998010989657957,0.00019890103344333924,0,OK
2016-01-29,0.9996718196880596,0.00032818031194036505,0.9992346004977664,0.0007653995024727219,0,OK
2016-02-01,0.9996555803147569,0.00034441968524316245,0.9996176884432905,0.0003823115562830232,0,OK
2016-02-02,0.9996072005295694,0.0003927994704305903,0.9994943143645723,0.000505685635867922,0,OK
2016-02-03,0.9994570955433763,0.0005429044566237972,0.999106850575347,0.0008931494244079469,0,OK
2016-02-04,0.9993889104298513,0.0006110895701486377,0.9992298118314376,0.0007701881683732657,0,OK
2016-02-05,0.9990391978239596,0.0009608021760404981,0.9982232017431009,0.0017767982564548396,0,OK
2016-02-08,0.9971667569394499,0.002833243060550143,0.9927977282087517,0.007202271791072649,0,OK
2016-02-09,0.9947040482064758,0.00529595179352416,0.9889577278294421,0.011042272170463534,0,OK
2016-02-10,0.9866991906557522,0.013300809344247768,0.9680211897036034,0.03197881029593619,0,OK
2016-02-11,0.9211295912479778,0.0788704087520222,0.7681338592970528,0.23186614070349587,0,OK
2016-02-12,0.905337842752642,0.09466215724735802,0.8684904295965409,0.1315095704031416,0,OK
2016-02-15,0.9195920109289402,0.08040798907105981,0.9528517366744513,0.04714826332636402,0,OK
2016-02-16,0.9200269738795948,0.0799730261204053,0.9210418874310426,0.07895811256887814,0,OK
2016-02-17,0.710127208510178,0.28987279148982203,0.220361089315647,0.7796389106851277,0,OK
2016-02-18,0.71228693610179,0.28771306389821005,0.7173263004828867,0.28267369951778226,0,OK
2016-02-19,0.7102184599162853,0.28978154008371465,0.7053920154842129,0.2946079845165587,0,OK
2016-02-22,0.5059393609651519,0.4940606390348481,0.02928813007871459,0.9707118699208263,0,OK
2016-02-23,0.6332797797767746,0.36672022022322537,0.9304074236699986,0.0695925763294391,0,OK
2016-02-24,0.7415749632696136,0.25842503673038647,0.994263724752914,0.005736275247095663,0,OK
2016-02-25,0.8190027835252426,0.18099721647475744,0.9996676974553588,0.00033230254495641645,0,OK
2016-02-26,0.8732603576141051,0.12673964238589489,0.9998613638211081,0.0001386361785488828,0,OK
2016-02-29,0.9111679509996775,0.08883204900032249,0.9996190022324699,0.0003809977673202748,0,OK
2016-03-01,0.9377410493108931,0.0622589506891069,0.9997449453706143,0.00025505462960386557,0,OK
2016-03-02,0.9564031521123316,0.04359684788766833,0.9999480586495699,5.194135097833742e-05,0,OK
2016-03-03,0.969473757069133,0.030526242930867028,0.9999718353011323,2.816469833066386e-05,0,OK
2016-03-04,0.9786221644003597,0.021377835599640297,0.9999684481729703,3.155182677792918e-05,0,OK
2016-03-07,0.9850270569699008,0.014972943030099196,0.9999718062981635,2.819370116996545e-05,0,OK
2016-03-08,0.9894874596035584,0.010512540396441531,0.9998950657481084,0.00010493425124031942,0,OK
2016-03-09,0.9915934428341646,0.008406557165835403,0.9965074037050772,0.0034925962944211035,0,OK
2016-03-10,0.9320650934548171,0.06793490654518292,0.7931656115705522,0.20683438843032714,0,OK
2016-03-11,0.6524455654211004,0.34755443457889956,9.923688393242519e-12,0.999999999990905,0,OK
2016-03-14,0.7543293060659224,0.2456706939340776,0.9920580342363151,0.00794196576282635,0,OK
2016-03-15,0.8280079368819581,0.1719920631180419,0.9999247421199787,7.525788062538047e-05,0,OK
2016-03-16,0.8795947375890386,0.12040526241096136,0.9999639392380303,3.606076110674416e-05,0,OK
2016-03-17,0.9155671549807526,0.0844328450192474,0.9995027955605472,0.0004972044385815396,0,OK
2016-03-18,0.9408774919854741,0.05912250801452585,0.9999349449960864,6.505500350890773e-05,0,OK
2016-03-21,0.9585829121045656,0.04141708789543445,0.9998955590482236,0.00010444095088784514,0,OK
2016-03-22,0.9708254352554514,0.02917456474454859,0.9993913226068908,0.0006086773924815907,0,OK
2016-03-23,0.9740793508822648,0.025920649117735214,0.9816718206778741,0.01832817932183735,0,OK
2016-03-24,0.6844108942738318,0.3155891057261681,0.008517828854257186,0.991482171145845,0,OK
2016-03-29,0.7756211171172537,0.22437888288274632,0.9884449704179155,0.011555029581428908,0,OK
2016-03-30,0.8428600511248271,0.1571399488751729,0.9997508971421144,0.0002491028575015964,0,OK
2016-03-31,0.8899826244129357,0.11001737558706427,0.9999352954180291,6.470458147748958e-05,0,OK
2016-04-01,0.9228976659581558,0.07710233404184424,0.999699429563695,0.0003005704363308866,0,OK
2016-04-04,0.9433126986918765,0.05668730130812346,0.9909477750700925,0.009052224929441636,0,OK
2016-04-05,0.8430691923693917,0.15693080763060832,0.6091676776173146,0.390832322383073,0,OK
2016-04-06,0.8887434757657002,0.11125652423429974,0.9953168036902122,0.004683196309579761,0,OK
2016-04-07,0.9220436205390715,0.07795637946092845,0.9997439583427663,0.00025604165639544997,0,OK
2016-04-08,0.9454181711201833,0.054581828879816705,0.999958789143143,4.1210857222633406e-05,0,OK
2016-04-11,0.96177001506202,0.03822998493797997,0.9999243175926176,7.568240702760646e-05,0,OK
2016-04-12,0.9732191144981381,0.026780885501861824,0.9999336798483749,6.632015091947776e-05,0,OK
2016-04-13,0.9808101199213619,0.01918988007863812,0.9985224659096921,0.0014775340911161443,0,OK
2016-04-14,0.9865493534517198,0.013450646548280244,0.9999408983552486,5.910164411186557e-05,0,OK
2016-04-15,0.9905787168970076,0.00942128310299242,0.9999805649364656,1.9435063987497026e-05,0,OK
2016-04-18,0.9933830225810194,0.006616977418980556,0.9999264025099803,7.35974896195444e-05,0,OK
2016-04-19,0.9952958274469669,0.004704172553033102,0.9997590388004168,0.00024096119915571076,0,OK
2016-04-20,0.9966806433420157,0.003319356657984317,0.9999118804308972,8.811956953715258e-05,0,OK
2016-04-21,0.9976667581000451,0.0023332418999549094,0.9999676925361493,3.230746455295847e-05,0,OK
2016-04-22,0.9983596581251332,0.0016403418748668303,0.9999764248510039,2.3575149661312474e-05,0,OK
2016-04-25,0.9988341212063403,0.001165878793659684,0.9999412017284253,5.879827084300955e-05,0,OK
2016-04-26,0.9991745931144458,0.0008254068855541641,0.9999690275666463,3.097243330795129e-05,0,OK
2016-04-27,0.9994157274076771,0.0005842725923228143,0.9999783740923825,2.1625908116331635e-05,0,OK
2016-04-28,0.9995418088084472,0.00045819119155282334,0.999835998744016,0.00016400125642284456,0,OK
2016-04-29,0.9988635568748648,0.0011364431251352015,0.9972809690302262,0.0027190309701607507,0,OK
2016-05-02,0.9967856078281808,0.003214392171819205,0.9919370600516912,0.008062939947415214,0,OK
2016-05-03,0.7089405778667648,0.29105942213323527,0.037302174624174615,0.9626978253765396,0,OK
2016-05-04,0.7914096086938585,0.20859039130614154,0.9838373472911549,0.016162652709589526,0,OK
2016-05-06,0.8538881504644538,0.14611184953554626,0.9996714145956899,0.0003285854041572781,0,OK
2016-05-09,0.8977095958014643,0.1022904041985358,0.9999596349205268,4.0365078844746254e-05,0,OK
2016-05-10,0.9283875416446052,0.07161245835539479,0.9999694152777611,3.058472139908477e-05,0,OK
2016-05-11,0.9498616765067857,0.050138323493214364,0.9999679911845962,3.20088147933794e-05,0,OK
2016-05-12,0.9648835109479794,0.035116489052020576,0.9999344579771063,6.554202256841649e-05,0,OK
2016-05-13,0.9753875230986513,0.02461247690134876,0.9998968847829173,0.00010311521644786858,0,OK
2016-05-17,0.9827156319352897,0.017284368064710346,0.999814552554067,0.00018544744588737608,0,OK
2016-05-18,0.9860166925806726,0.013983307419327429,0.993719167420011,0.006280832580100627,0,OK
2016-05-19,0.8784621133424871,0.12153788665751289,0.627501428452985,0.3724985715466123,0,OK
2016-05-20,0.6159606781035472,0.38403932189645285,0.003457329212213809,0.9965426707873128,0,OK
2016-05-23,0.727254526058612,0.27274547394138804,0.9869401712870876,0.01305982871290349,0,OK
2016-05-24,0.8087491019142621,0.19125089808573792,0.9989031122438997,0.0010968877558876996,0,OK
2016-05-25,0.8661051345431068,0.13389486545689328,0.9999358773443745,6.412265625578552e-05,0,OK
2016-05-26,0.9062494656554758,0.09375053434452421,0.999919571584917,8.042841566308674e-05,0,OK
2016-05-27,0.9343681416705891,0.06563185832941082,0.9999783857063789,2.1614294146254815e-05,0,OK
2016-05-30,0.954047842348373,0.045952157651626954,0.9999671439304494,3.285607013128436e-05,0,OK
2016-05-31,0.9678222680770006,0.03217773192299941,0.9999625947777625,3.7405222868474684e-05,0,OK
2016-06-01,0.9774625909833473,0.022537409016652712,0.9999566777640397,4.332223517709744e-05,0,OK
2016-06-02,0.984216427685536,0.015783572314464048,0.9999753799904622,2.4620009357168653e-05,0,OK
2016-06-03,0.9889127786434193,0.011087221356580693,0.9998709308793705,0.00012906912151953586,0,OK
2016-06-06,0.9922294824384519,0.007770517561548173,0.9999684579606435,3.154203980562774e-05,0,OK
2016-06-07,0.9945512550162554,0.005448744983744583,0.9999687243651018,3.127563553620715e-05,0,OK
2016-06-08,0.9961438865805158,0.00385611341948427,0.9998600268973671,0.00013997310287687336,0,OK
2016-06-09,0.9946641008164504,0.005335899183549598,0.9912112673663991,0.008788732633035364,0,OK
2016-06-10,0.6963126456445397,0.30368735435546035,0.00015925024360051766,0.9998407497565855,0,OK
2016-06-13,0.5008856405011899,0.49911435949881006,0.04488929516693005,0.9551107048332929,0,OK
2016-06-14,0.36406902571424204,0.635930974285758,0.04483025787846146,0.9551697421219697,1,OK
2016-06-15,0.5513760979790743,0.44862390202092567,0.9884259332643406,0.011574066736317222,0,OK
2016-06-16,0.685906559456635,0.31409344054336497,0.9998109695703782,0.0001890304290567714,0,OK
2016-06-17,0.7801223641443884,0.21987763585561165,0.9999592417491826,4.075825085402756e-05,0,OK
2016-06-20,0.8457467155283986,0.1542532844716013,0.9988702020901897,0.0011297979089105459,0,OK
2016-06-21,0.8919986116490984,0.10800138835090156,0.9999197025980132,8.029740260216915e-05,0,OK
2016-06-22,0.9243414346939118,0.07565856530608822,0.9998080217976081,0.00019197820152381872,0,OK
2016-06-23,0.941036000238558,0.05896399976144199,0.9799899865091847,0.02001001349060079,0,OK
2016-06-24,0.6617111036122276,0.3382888963877724,0.009953011484478674,0.9900469885158766,0,OK
2016-06-27,0.4649823575666102,0.5350176424333898,0.005948616793889015,0.9940513832064972,1,OK
2016-06-28,0.3298069402783046,0.6701930597216954,0.014397633271349542,0.9856023667277419,1,OK
2016-06-29,0.23103668282749545,0.7689633171725045,0.000572748776064591,0.9994272512243926,1,OK
2016-06-30,0.31192366297593577,0.6880763370240642,0.5006599499889746,0.49934005001103704,1,OK
2016-07-01,0.4984443000807882,0.5015556999192118,0.9336591199926825,0.06634088000788951,1,OK
2016-07-04,0.6464467808678029,0.35355321913219706,0.9917859027041205,0.00821409729582942,0,OK
2016-07-05,0.7520486239698732,0.24795137603012682,0.9984529245408311,0.0015470754586296047,0,OK
2016-07-06,0.8262953680263114,0.1737046319736886,0.9995377708244012,0.00046222917533271903,0,OK
2016-07-07,0.8783637019460724,0.1216362980539276,0.9998564810928439,0.0001435189078186667,0,OK
2016-07-08,0.9147522603001134,0.08524773969988665,0.9996588964600339,0.0003411035404577629,0,OK
2016-07-11,0.9402944860636269,0.059705513936373175,0.9998930128450338,0.0001069871548417482,0,OK
2016-07-12,0.9581562380147207,0.04184376198527929,0.9998336592334621,0.00016634076606023286,0,OK
2016-07-13,0.970683363492745,0.029316636507255005,0.9999133229416711,8.667705853168546e-05,0,OK
2016-07-14,0.9794336226502511,0.02056637734974892,0.99985089401863,0.00014910598223472733,0,OK
2016-07-15,0.985551597326308,0.01444840267369195,0.999826871569878,0.0001731284295590206,0,OK
2016-07-18,0.9898175724014003,0.010182427598599693,0.9997715142424407,0.00022848575671775912,0,OK
2016-07-19,0.9928218605942777,0.0071781394057223655,0.9998318663772285,0.00016813362234193642,0,OK
2016-07-20,0.9949184526779176,0.005081547322082413,0.9998105008727919,0.0001894991269225277,0,OK
2016-07-21,0.996379641469914,0.003620358530085986,0.9997890819850922,0.00021091801542765724,0,OK
2016-07-22,0.9974067786555622,0.0025932213444378517,0.9998034320895093,0.00019656791125887126,0,OK
2016-07-25,0.9981758929118306,0.001824107088169382,0.99997049284381,2.9507156876286196e-05,0,OK
2016-07-26,0.9987098906187449,0.001290109381255036,0.9999558852686428,4.411473178822893e-05,0,OK
2016-07-27,0.9990869913733197,0.0009130086266802566,0.9999668931346434,3.3106866005771384e-05,0,OK
2016-07-28,0.9993407249828621,0.0006592750171378933,0.9999327700724574,6.722992820571227e-05,0,OK
2016-07-29,0.9994724274983352,0.0005275725016647995,0.9997797333677538,0.0002202666322275805,0,OK
2016-08-02,0.9962041142053736,0.003795885794626388,0.9885780498560242,0.011421950144870095,0,OK
2016-08-03,0.9972740878142875,0.0027259121857124806,0.9997706929021114,0.0002293070982466979,0,OK
2016-08-04,0.998079041797922,0.0019209582020780942,0.9999572677606076,4.2732240264526824e-05,0,OK
2016-08-05,0.9985801659764391,0.0014198340235609067,0.9997494557258282,0.00025054427368746945,0,OK
2016-08-08,0.997498623480936,0.002501376519064029,0.9949750243253311,0.005024975675237982,0,OK
2016-08-09,0.8725197172761019,0.12748028272389805,0.5809022694642663,0.41909773053517746,0,OK
2016-08-10,0.908896369957903,0.09110363004209694,0.993775226215124,0.006224773784561073,0,OK
2016-08-11,0.9361678262651852,0.06383217373481472,0.9998012243147113,0.00019877568448953197,0,OK
2016-08-12,0.9553098372060218,0.04469016279397825,0.9999745294013891,2.5470598693174157e-05,0,OK
2016-08-15,0.9687091902448343,0.03129080975516574,0.9999743473361178,2.5652664603225177e-05,0,OK
2016-08-16,0.9780870977355155,0.02191290226448453,0.999968881881032,3.111811956171285e-05,0,OK
2016-08-17,0.9841726466505116,0.015827353349488423,0.9983722607847239,0.0016277392144975103,0,OK
2016-08-18,0.9889104616789853,0.011089538321014681,0.9999653634127331,3.463658790928254e-05,0,OK
2016-08-19,0.9922206498271082,0.007779350172891816,0.9999444221723033,5.5577827271800644e-05,0,OK
2016-08-22,0.9945426801194063,0.005457319880593678,0.9999607508006382,3.92491985646909e-05,0,OK
2016-08-23,0.9961734784472486,0.0038265215527514404,0.9999786745447807,2.132545445288648e-05,0,OK
2016-08-24,0.9973068557552264,0.002693144244773665,0.9999514028080678,4.8597192825524146e-05,0,OK
2016-08-25,0.9981080981167108,0.0018919018832892055,0.9999776636271096,2.2336373158800295e-05,0,OK
2016-08-26,0.9986609469496239,0.0013390530503760499,0.9999509275602693,4.90724402453537e-05,0,OK
2016-08-29,0.9990541370402158,0.000945862959784138,0.9999715805843389,2.8419415069677383e-05,0,OK
2016-08-30,0.9993300098003719,0.0006699901996281274,0.9999737129072802,2.628709259743583e-05,0,OK
2016-08-31,0.9995199182916706,0.0004800817083293281,0.9999630381053838,3.696189529879673e-05,0,OK
2016-09-01,0.9996525942099087,0.00034740579009130815,0.9999621713529668,3.78286475359283e-05,0,OK
2016-09-02,0.9997322957504204,0.0002677042495796065,0.9999182660110942,8.173398838563607e-05,0,OK
2016-09-05,0.9998057217623563,0.0001942782376437648,0.9999770491227394,2.2950876460134184e-05,0,OK
2016-09-06,0.9998545348481341,0.00014546515186586461,0.9999684320481381,3.156795171743095e-05,0,OK
2016-09-07,0.9998881602301022,0.00011183976989782725,0.9999666194549581,3.33805453057401e-05,0,OK
2016-09-08,0.9999057023043418,9.429769565812371e-05,0.9999466338101528,5.336618909881547e-05,0,OK
2016-09-09,0.9999235935443282,7.640645567172805e-05,0.999965339770328,3.466022903680485e-05,0,OK
2016-09-12,0.9999310187754067,6.898122459331622e-05,0.9999483443143339,5.165568541035531e-05,0,OK
2016-09-13,0.9999332031593103,6.679684068961111e-05,0.9999383000549117,6.16999449142992e-05,0,OK
2016-09-14,0.9999430024663468,5.6997533653229784e-05,0.9999658675155794,3.4132483901673375e-05,0,OK
2016-09-15,0.9999482484638957,5.1751536104266773e-05,0.9999604891256708,3.951087515668644e-05,0,OK
2016-09-16,0.999948311960736,5.1688039264030975e-05,0.9999484601197757,5.1539879970147465e-05,0,OK
2016-09-19,0.9999481035090491,5.189649095093712e-05,0.9999476171220193,5.2382878220384816e-05,0,OK
2016-09-20,0.9999545978354081,4.540216459187547e-05,0.9999697512639878,3.0248736420731625e-05,0,OK
2016-09-21,0.9999431072696062,5.689273039382425e-05,0.9999162959502487,8.370405059837141e-05,0,OK
2016-09-22,0.999937599314916,6.240068508400533e-05,0.9999247474201151,7.525257936109452e-05,0,OK
2016-09-23,0.9998967956350514,0.0001032043649486003,0.9998015870491914,0.0001984129512993219,0,OK
2016-09-26,0.992363130783917,0.007636869216082945,0.9747845794639888,0.025215420535396417,0,OK
2016-09-27,0.9945299467600865,0.005470053239913424,0.9995858507044989,0.00041414929551787584,0,OK
2016-09-28,0.9961617238759835,0.003838276124016509,0.9999692038121811,3.0796186923708304e-05,0,OK
2016-09-29,0.9972995995230419,0.002700400476958033,0.9999546426998117,4.535730048825536e-05,0,OK
2016-09-30,0.998067832355473,0.0019321676445269492,0.9998603756307309,0.0001396243688544211,0,OK
2016-10-03,0.9986402911717565,0.0013597088282435391,0.9999760284098694,2.3971590248916304e-05,0,OK
2016-10-04,0.9990356845470051,0.0009643154529949207,0.9999582690883556,4.173091074814485e-05,0,OK
2016-10-05,0.9993144291200022,0.0006855708799977181,0.999964833123071,3.5166876337578853e-05,0,OK
2016-10-06,0.9995114432988658,0.0004885567011342606,0.9999711430498823,2.8856950452859858e-05,0,OK
2016-10-07,0.9996497554043708,0.0003502445956291145,0.9999724836509404,2.751634945044034e-05,0,OK
2016-10-10,0.9997298005996409,0.00027019940035913397,0.9999165727227356,8.342727806251274e-05,0,OK
2016-10-11,0.9998028710395193,0.00019712896048075217,0.999973368732669,2.663126743119466e-05,0,OK
2016-10-12,0.9998549680893312,0.00014503191066884326,0.9999765278725022,2.3472127774389148e-05,0,OK
2016-10-13,0.9998899300452889,0.00011006995471108209,0.9999715079432451,2.8492057476306017e-05,0,OK
2016-10-14,0.9999091353813695,9.086461863055828e-05,0.999953947832145,4.605216777600273e-05,0,OK
2016-10-17,0.9999289127217532,7.10872782467693e-05,0.9999750598489845,2.4940150684595056e-05,0,OK
2016-10-18,0.9999248394877198,7.516051228021944e-05,0.9999153352754871,8.466472502493646e-05,0,OK
2016-10-19,0.9999407330406869,5.9266959313127835e-05,0.999977817997666,2.2182002389914088e-05,0,OK
2016-10-20,0.9999493645028573,5.06354971426344e-05,0.9999695045819563,3.0495418744816378e-05,0,OK
2016-10-21,0.9999582968201539,4.170317984612579e-05,0.9999791388938768,2.086110615427239e-05,0,OK
2016-10-24,0.9999641610261818,3.583897381814953e-05,0.9999778441741622,2.2155826419538258e-05,0,OK
2016-10-25,0.9999678674514875,3.21325485124983e-05,0.9999765157765068,2.3484222799312095e-05,0,OK
2016-10-26,0.9999682003703386,3.1799629661345265e-05,0.9999689771803827,3.102281900865487e-05,0,OK
2016-10-27,0.9999705816518861,2.9418348113894978e-05,0.9999761379758946,2.3862024503177654e-05,0,OK
2016-10-28,0.999968022692727,3.1977307273001764e-05,0.9999620517880476,3.794821197758428e-05,0,OK
2016-10-31,0.999914284113589,8.571588641106071e-05,0.9997888940958573,0.00021110590439986493,0,OK
2016-11-01,0.9935874503754624,0.006412549624537607,0.9788248383204292,0.021175161680166216,0,OK
2016-11-02,0.6955112152628237,0.30448878473717633,2.0349101771080804e-40,1.0,0,OK
2016-11-03,0.7720942137256094,0.22790578627439062,0.9507878768052247,0.049212123194557256,0,OK
2016-11-04,0.8278230197824775,0.1721769802175225,0.9578569005811652,0.04214309941816361,0,OK
2016-11-07,0.6380087053295375,0.36199129467046254,0.19510863827341168,0.8048913617273228,0,OK
2016-11-08,0.7426757233005201,0.25732427669947994,0.9868987652337026,0.01310123476718711,0,OK
2016-11-09,0.8192340500298442,0.18076594997015585,0.9978701457317136,0.0021298542683996845,0,OK
2016-11-10,0.8733778473399745,0.12662215266002552,0.9997133743976528,0.0002866256030548385,0,OK
2016-11-11,0.9113344711666151,0.08866552883338491,0.9998999267627195,0.00010007323789014122,0,OK
2016-11-14,0.937915300548011,0.062084699451988995,0.9999372357704218,6.276422873187296e-05,0,OK
2016-11-15,0.9565255263766953,0.04347447362330473,0.9999493866438238,5.061335637477545e-05,0,OK
2016-11-16,0.9695268014409636,0.03047319855903641,0.99986310992495,0.00013689007574368086,0,OK
2016-11-17,0.9786437231915877,0.021356276808412365,0.9999165406093385,8.345939028959219e-05,0,OK
2016-11-18,0.9850282840194687,0.01497171598053122,0.9999255926175932,7.440738214188425e-05,0,OK
2016-11-21,0.9895062256224771,0.010493774377522858,0.9999547560286314,4.524397050334417e-05,0,OK
2016-11-22,0.9926369248581853,0.007363075141814623,0.9999418897409564,5.811025849540959e-05,0,OK
2016-11-23,0.994834693611314,0.0051653063886859495,0.9999628207023729,3.717929805237936e-05,0,OK
2016-11-24,0.9963749738424071,0.003625026157592834,0.9999689610482663,3.103895170889864e-05,0,OK
2016-11-25,0.9974490953232601,0.002550904676739944,0.9999553787789643,4.4621221416534465e-05,0,OK
2016-11-28,0.9982020892338666,0.0017979107661334202,0.9999590750256044,4.0924974718197495e-05,0,OK
2016-11-29,0.9987302079026533,0.0012697920973466588,0.9999624847966884,3.751520351088251e-05,0,OK
2016-11-30,0.9990986534793995,0.0009013465206004294,0.9999583598248595,4.164017485922787e-05,0,OK
2016-12-01,0.9993607055745664,0.0006392944254336911,0.9999721604636675,2.7839536711301737e-05,0,OK
2016-12-02,0.9995391476370455,0.0004608523629544529,0.9999555124487208,4.4487550502897177e-05,0,OK
2016-12-05,0.9996256734109322,0.00037432658906782107,0.9998275668839302,0.00017243311666568015,0,OK
2016-12-06,0.9997019526217411,0.0002980473782589255,0.9998799374474161,0.00012006255303816916,0,OK
2016-12-07,0.9996067842746327,0.00039321572536727843,0.9993847247978299,0.0006152752019534354,0,OK
2016-12-08,0.9997113084185135,0.00028869158148642286,0.9999551980868174,4.480191243109321e-05,0,OK
2016-12-09,0.9997885080829645,0.00021149191703550123,0.9999686406341849,3.135936665001745e-05,0,OK
2016-12-12,0.9998459088975793,0.00015409110242066301,0.9999798441325276,2.0155868319373844e-05,0,OK
2016-12-13,0.9998798806219589,0.00012011937804115482,0.9999591479786483,4.0852021155635764e-05,0,OK
2016-12-14,0.9999099575735033,9.004242649672404e-05,0.999980137127659,1.9862872893052172e-05,0,OK
2016-12-15,0.9999026529849956,9.734701500441987e-05,0.9998856089444197,0.00011439105485571015,0,OK
2016-12-16,0.9999241577136279,7.584228637209052e-05,0.9999743354129481,2.5664586229988724e-05,0,OK
2016-12-19,0.9999387843262986,6.121567370141494e-05,0.9999729130898809,2.708691080317195e-05,0,OK
2016-12-20,0.9999153861743824,8.461382561767827e-05,0.9998607904861869,0.0001392095134222927,0,OK
2016-12-21,0.9999322470159137,6.775298408634651e-05,0.9999715889787364,2.8411020513239107e-05,0,OK
2016-12-22,0.999941384663959,5.861533604103806e-05,0.9999627058429261,3.7294157268651693e-05,0,OK
2016-12-23,0.9998422383457715,0.00015776165422849014,0.999610896936505,0.000389103063332545,0,OK
2016-12-27,0.9954457487653037,0.004554251234696297,0.9851872730781385,0.014812726922454512,0,OK
2016-12-28,0.9478245695064635,0.0521754304935365,0.8367084845687662,0.16329151543083031,0,OK
2016-12-29,0.8992289421389352,0.10077105786106474,0.7858391449472233,0.21416085505196403,0,OK
2016-12-30,0.8459494275438857,0.1540505724561143,0.7216305601547008,0.2783694398445633,0,OK
2017-01-03,0.7950257703159347,0.2049742296840653,0.676203903450726,0.3237960965492843,0,OK
2017-01-04,0.8178213232649304,0.1821786767350696,0.8710109468125814,0.12898905318741302,0,OK
2017-01-05,0.8684404207098761,0.13155957929012382,0.9865516480822655,0.013448351918583696,0,OK
2017-01-06,0.9077717691909278,0.09222823080907219,0.9995449156467254,0.00045508435328507813,0,OK
2017-01-09,0.9353944576442444,0.06460554235575557,0.999847397368081,0.00015260263135011168,0,OK
2017-01-10,0.9547608835993734,0.0452391164006266,0.9999492108274036,5.078917199234663e-05,0,OK
2017-01-11,0.9683082115804187,0.0316917884195813,0.9999186435370229,8.135646380894649e-05,0,OK
2017-01-12,0.9777870042494844,0.022212995750515642,0.9999041871443638,9.581285602910903e-05,0,OK
2017-01-13,0.9842814503439443,0.015718549656055705,0.9994351578969145,0.0005648421023158472,0,OK
2017-01-16,0.9886461516552361,0.011353848344763957,0.9988304547157132,0.0011695452850832122,0,OK
2017-01-17,0.9920368984739762,0.007963101526023777,0.9999486410507993,5.135894896335429e-05,0,OK
2017-01-18,0.9944159203813641,0.005584079618635907,0.9999669714977535,3.302850139754383e-05,0,OK
2017-01-19,0.996082622129306,0.003917377870694063,0.999971592874901,2.8407125496430424e-05,0,OK
2017-01-20,0.9972490734244712,0.0027509265755287435,0.9999707931137655,2.9206886809664776e-05,0,OK
2017-01-23,0.9980634130862732,0.001936586913726817,0.999963538963918,3.64610361889893e-05,0,OK
2017-01-24,0.9986362268474319,0.0013637731525680437,0.9999727922904361,2.7207709864239522e-05,0,OK
2017-01-25,0.999036144467224,0.00096385553277598,0.9999692855805159,3.071441992783145e-05,0,OK
2017-01-26,0.999315899940275,0.0006841000597250184,0.9999686627105672,3.133728927277488e-05,0,OK
2017-01-27,0.999473473353316,0.0005265266466839786,0.9998411446509358,0.00015885534958821938,0,OK
2017-01-30,0.9995939957701291,0.0004060042298709705,0.9998752147431861,0.00012478525730728494,0,OK
2017-01-31,0.9996735745518368,0.00032642544816317436,0.9998592583767254,0.00014074162417831662,0,OK
2017-02-01,0.9997512684321439,0.00024873156785615205,0.9999325541529469,6.744584713976664e-05,0,OK
2017-02-02,0.9998075474134394,0.00019245258656063434,0.9999388650365174,6.113496353775973e-05,0,OK
2017-02-03,0.9998471840087229,0.0001528159912771863,0.9999396693975282,6.0330602282474267e-05,0,OK
2017-02-06,0.9998729351983238,0.00012706480167619827,0.9999330213071467,6.697869260722627e-05,0,OK
2017-02-07,0.9998993193912789,0.00010068060872119413,0.9999608825084999,3.911749182618448e-05,0,OK
2017-02-08,0.9999148332793683,8.516672063173527e-05,0.9999510323507497,4.896764842299793e-05,0,OK
2017-02-09,0.9999264550151856,7.354498481435752e-05,0.9999535723991789,4.6427601240476135e-05,0,OK
2017-02-10,0.9999324514993597,6.754850064029372e-05,0.9999464432957504,5.3556704234144856e-05,0,OK
2017-02-13,0.9999381058717198,6.189412828016895e-05,0.9999512994071887,4.870059277321116e-05,0,OK
2017-02-14,0.9999468402166761,5.315978332389581e-05,0.9999672203546001,3.277964509259183e-05,0,OK
2017-02-15,0.9999547118634351,4.528813656494988e-05,0.9999730790390787,2.692096079407605e-05,0,OK
2017-02-16,0.9999599706030651,4.002939693493261e-05,0.9999722409953655,2.7759004464892306e-05,0,OK
2017-02-17,0.9999616008536734,3.839914632669196e-05,0.9999654047714824,3.459522824079711e-05,0,OK
2017-02-20,0.9999630199065922,3.698009340776894e-05,0.9999663310292971,3.3668969930281914e-05,0,OK
2017-02-21,0.9999591055595733,4.0894440426622505e-05,0.999949972083387,5.002791680394749e-05,0,OK
2017-02-22,0.999961793688021,3.8206311979043856e-05,0.9999680659881438,3.193401226802702e-05,0,OK
2017-02-23,0.9999647259664564,3.527403354365432e-05,0.9999715679499975,2.843205052774542e-05,0,OK
2017-02-24,0.9999578451259183,4.21548740816938e-05,0.9999417898314986,5.821016867045261e-05,0,OK
2017-02-27,0.9999631347251472,3.686527485280083e-05,0.9999754771239285,2.4522876652050587e-05,0,OK
2017-02-28,0.9998350687071887,0.00016493129281129382,0.999536247998827,0.00046375200138111083,0,OK
2017-03-01,0.9784668415146063,0.021533158485393708,0.9286076447325733,0.07139235526808602,0,OK
2017-03-02,0.9847679013623946,0.01523209863760544,0.9994703743403186,0.0005296256594328214,0,OK
2017-03-03,0.9893260224246286,0.01067397757537133,0.9999616382365776,3.8361763491744627e-05,0,OK
2017-03-06,0.9925216695607082,0.007478330439291758,0.9999781795447782,2.182045510609359e-05,0,OK
2017-03-07,0.9947588318466282,0.00524116815337178,0.9999788771795374,2.1122819558495662e-05,0,OK
2017-03-08,0.9963242295745467,0.003675770425453303,0.9999768242735502,2.317572697685773e-05,0,OK
2017-03-09,0.9974151063528351,0.0025848936471648872,0.9999604855023871,3.951449782525142e-05,0,OK
2017-03-10,0.9981802608109114,0.0018197391890885854,0.9999656212128428,3.4378786910547935e-05,0,OK
2017-03-13,0.998717230503125,0.0012827694968750199,0.9999701597858197,2.9840215043367254e-05,0,OK
2017-03-14,0.999093269969959,0.0009067300300410107,0.9999706953932378,2.930460742832282e-05,0,OK
2017-03-15,0.9993560772154353,0.0006439227845646938,0.9999692941222278,3.07058784532879e-05,0,OK
2017-03-16,0.999541130654804,0.00045886934519600734,0.9999729220136012,2.7077986669072337e-05,0,OK
2017-03-17,0.9996684459341716,0.00033155406582838367,0.999965514920219,3.448508063726191e-05,0,OK
2017-03-20,0.9997601886119412,0.0002398113880588966,0.9999742548592541,2.5745139930093478e-05,0,OK
2017-03-21,0.9998126601079644,0.000187339892035526,0.9999350935978637,6.490640131432799e-05,0,OK
2017-03-22,0.9998585604698597,0.00014143953014036326,0.9999656613147243,3.433868571831684e-05,0,OK
2017-03-23,0.9998890548890005,0.00011094511099951474,0.9999602085340347,3.979146633753489e-05,0,OK
2017-03-24,0.999911514745264,8.848525473602882e-05,0.9999639210760762,3.607892345456169e-05,0,OK
2017-03-27,0.9999264824273374,7.351757266262628e-05,0.9999614070191796,3.859298115802037e-05,0,OK
2017-03-28,0.9998920307373682,0.00010796926263174111,0.999811643460624,0.00018835653922634238,0,OK
2017-03-29,0.9999171120010969,8.288799890309553e-05,0.9999756349501431,2.436505020292253e-05,0,OK
2017-03-30,0.999935649482174,6.435051782607394e-05,0.9999789036052577,2.1096395313023577e-05,0,OK
2017-03-31,0.9999433195061558,5.668049384420201e-05,0.9999612162291247,3.8783771219834195e-05,0,OK
2017-04-03,0.9998397851899673,0.00016021481003273834,0.999598205118563,0.0004017948811393231,0,OK
2017-04-04,0.9998811968547571,0.00011880314524292444,0.999977824072956,2.2175927400025403e-05,0,OK
2017-04-05,0.9999080191272095,9.19808727905446e-05,0.9999706044300666,2.939557040165834e-05,0,OK
2017-04-06,0.9999218628710805,7.81371289194371e-05,0.999954164940383,4.5835059886852914e-05,0,OK
2017-04-07,0.9999389237232759,6.10762767241074e-05,0.9999787323783171,2.1267621601671467e-05,0,OK
2017-04-10,0.9999487359973829,5.1264002617070496e-05,0.9999716313035992,2.8368696367317732e-05,0,OK
2017-04-11,0.9999554099071423,4.4590092857772597e-05,0.9999709823631894,2.9017636752744167e-05,0,OK
2017-04-12,0.9999613073191949,3.869268080513484e-05,0.9999750679469234,2.49320526823134e-05,0,OK
2017-04-13,0.9999642061789045,3.579382109556423e-05,0.9999709701854088,2.9029815106566142e-05,0,OK
2017-04-18,0.999808887757838,0.00019111224216197646,0.999446478108378,0.0005535218913169384,0,OK
2017-04-19,0.9998586197666651,0.00014138023333485074,0.9999746611201604,2.5338879404890756e-05,0,OK
2017-04-20,0.9998615852581454,0.00013841474185462998,0.999868504738209,0.0001314952617341149,0,OK
2017-04-21,0.9977713054207901,0.0022286945792099446,0.9928939858007567,0.007106014199705678,0,OK
2017-04-24,0.6984410176957181,0.3015589823042819,3.6796704148312444e-06,0.9999963203294499,0,OK
2017-04-25,0.7870257992397676,0.21297420076023246,0.9937236228418426,0.006276377157450395,0,OK
2017-04-26,0.8508951406167357,0.14910485938326434,0.999923603829979,7.639617033871113e-05,0,OK
2017-04-27,0.8956165185377142,0.10438348146228585,0.9999664003541086,3.359964666938095e-05,0,OK
2017-04-28,0.9269193818776308,0.07308061812236923,0.9999593963369839,4.0603662563772385e-05,0,OK
2017-05-02,0.9487907154088029,0.05120928459119707,0.999823826980663,0.00017617301846206346,0,OK
2017-05-03,0.9598886956719977,0.04011130432800229,0.985783982952558,0.014216017047214502,0,OK
2017-05-04,0.735244267783418,0.264755732216582,0.21107393604372582,0.7889260639566014,0,OK
2017-05-05,0.8081554258052372,0.19184457419476272,0.97828146118861,0.02171853881051778,0,OK
2017-05-08,0.8655258487405603,0.13447415125943973,0.9993901689231418,0.0006098310770194814,0,OK
2017-05-09,0.9058291957119806,0.0941708042880194,0.9998703386457514,0.00012966135470529329,0,OK
2017-05-10,0.9340564018704874,0.06594359812951257,0.9999198829072455,8.011709299665778e-05,0,OK
2017-05-11,0.953796111990311,0.04620388800968901,0.999855435602858,0.0001445643967673845,0,OK
2017-05-12,0.9676220837594207,0.032377916240579244,0.999882684553844,0.00011731544598978185,0,OK
2017-05-15,0.97731255991951,0.022687440080489948,0.9999236709601134,7.632904028159625e-05,0,OK
2017-05-16,0.9840925085159355,0.01590749148406446,0.9999123885736856,8.761142573833353e-05,0,OK
2017-05-17,0.988780212243145,0.011219787756854992,0.9997181876068092,0.00028181239336623064,0,OK
2017-05-18,0.9920469743687355,0.007953025631264583,0.9996694193291908,0.0003305806715536304,0,OK
2017-05-19,0.9943346013293086,0.005665398670691365,0.9996723975714535,0.0003276024293538572,0,OK
2017-05-22,0.9959850497065477,0.004014950293452347,0.9998360959203229,0.00016390407989464204,0,OK
2017-05-23,0.9971238744106339,0.002876125589366108,0.9997811320526071,0.00021886794649821794,0,OK
2017-05-24,0.9979750211505586,0.0020249788494414453,0.9999610302101295,3.896978961723165e-05,0,OK
2017-05-26,0.9985507488370963,0.0014492511629037625,0.9998941134383835,0.00010588656098250257,0,OK
2017-05-29,0.9989630639594045,0.0010369360405955244,0.99992513257858,7.486742187630227e-05,0,OK
2017-05-30,0.9991852723010128,0.0008147276989871853,0.9997037584322129,0.0002962415685677277,0,OK
2017-05-31,0.999402265343513,0.0005977346564870272,0.9999085824426245,9.141755731999187e-05,0,OK
2017-06-01,0.9995613206384971,0.0004386793615028322,0.9999324496608781,6.755033987304396e-05,0,OK
2017-06-02,0.9996768386965377,0.00032316130346227634,0.9999463808313638,5.361916803431263e-05,0,OK
2017-06-06,0.9997468430804352,0.00025315691956485735,0.9999101866422619,8.981335713754656e-05,0,OK
2017-06-07,0.9998102689809342,0.00018973101906577902,0.9999582627494421,4.173725123459628e-05,0,OK
2017-06-08,0.999852808738864,0.00014719126113609205,0.9999520681731905,4.793182596682247e-05,0,OK
2017-06-09,0.9998840347331311,0.0001159652668688392,0.9999568953858033,4.310461357858256e-05,0,OK
2017-06-12,0.9998316779253009,0.00016832207469910285,0.9997095120408362,0.00029048795963638476,0,OK
2017-06-13,0.9998744012480064,0.00012559875199357072,0.9999740890008082,2.5910999013995753e-05,0,OK
2017-06-14,0.9999022794416694,9.772055833051643e-05,0.9999673285609194,3.267143978338973e-05,0,OK
2017-06-15,0.9999205915667402,7.940843325983369e-05,0.9999633198582866,3.668014142824062e-05,0,OK
2017-06-16,0.9999377621192038,6.223788079621738e-05,0.9999778267413543,2.217325838111271e-05,0,OK
2017-06-19,0.9999500107070033,4.9989292996739926e-05,0.9999785907457295,2.140925479795921e-05,0,OK
2017-06-20,0.9999570489568836,4.295104311635474e-05,0.9999734715392175,2.6528460062122656e-05,0,OK
2017-06-21,0.9999610668541249,3.8933145875140656e-05,0.9999704419481706,2.9558052312307803e-05,0,OK
2017-06-22,0.9999650789819813,3.4921018018734366e-05,0.9999744406133249,2.555938635378635e-05,0,OK
2017-06-23,0.9999694342238549,3.0565776145079836e-05,0.9999795964548585,2.0403545106552603e-05,0,OK
2017-06-26,0.999969560353997,3.043964600306476e-05,0.9999698546576802,3.014534233836293e-05,0,OK
2017-06-27,0.9999689717267289,3.102827327107931e-05,0.9999675982627978,3.24017368964466e-05,0,OK
2017-06-28,0.9999503261364898,4.967386351017669e-05,0.9999068197590376,9.318024073473725e-05,0,OK
2017-06-29,0.9999302752010881,6.972479891187548e-05,0.999883489684475,0.00011651031484917269,0,OK
2017-06-30,0.9998627460680016,0.00013725393199838778,0.9997051780902863,0.0002948219092002498,0,OK
2017-07-03,0.9960738252655911,0.003926174734408933,0.9872330100603537,0.01276698994003354,0,OK
2017-07-04,0.9972226513574117,0.002777348642588328,0.9999032455715012,9.675442834024832e-05,0,OK
2017-07-05,0.998050004657311,0.0019499953426890598,0.9999804956907062,1.9504309590767676e-05,0,OK
2017-07-06,0.9986250891888968,0.0013749108111031966,0.9999669530956456,3.3046904069515385e-05,0,OK
2017-07-07,0.9990276010629098,0.0009723989370901693,0.9999667954363238,3.32045643931058e-05,0,OK
2017-07-10,0.9993105300342059,0.000689469965794059,0.999970697634167,2.930236610313554e-05,0,OK
2017-07-11,0.9995056351470023,0.00049436485299769,0.9999608804094683,3.911958980616228e-05,0,OK
2017-07-12,0.9996421787613142,0.00035782123868572025,0.9999607805272157,3.921947195779095e-05,0,OK
2017-07-13,0.9997423794414664,0.00025762055853357027,0.9999761810285284,2.381897151188703e-05,0,OK
2017-07-14,0.9998126843261439,0.0001873156738561333,0.9999767290571232,2.3270942942113798e-05,0,OK
2017-07-17,0.999860015681029,0.00013998431897098058,0.999970455508336,2.954449090562426e-05,0,OK
2017-07-18,0.99989089857271,0.0001091014272900396,0.9999629586530476,3.704134670117733e-05,0,OK
2017-07-19,0.9999144651301772,8.553486982272474e-05,0.9999694537645815,3.0546235732323414e-05,0,OK
2017-07-20,0.999930002619463,6.999738053701644e-05,0.9999662567606442,3.374323887036377e-05,0,OK
2017-07-21,0.9999184919181958,8.150808180413763e-05,0.9998916336156973,0.00010836638476075377,0,OK
2017-07-24,0.9999305247487943,6.947525120574966e-05,0.9999586013529769,4.139864647617773e-05,0,OK
2017-07-25,0.9999370809387151,6.291906128489846e-05,0.999952378714414,4.762128480291231e-05,0,OK
2017-07-26,0.9999384854875026,6.151451249738833e-05,0.9999417627683311,5.823723199319801e-05,0,OK
2017-07-27,0.9999472229280595,5.277707194048789e-05,0.999967610289566,3.238971064105355e-05,0,OK
2017-07-28,0.9999559375317192,4.4062468280813776e-05,0.9999762716065903,2.3728393074907524e-05,0,OK
2017-07-31,0.9998175944916541,0.0001824055083459307,0.9994947940641606,0.000505205935164537,0,OK
2017-08-02,0.9802468916631277,0.019753108336872303,0.9345819183958656,0.06541808160343385,0,OK
2017-08-03,0.9860360618936488,0.0139639381063512,0.9995441257649077,0.00045587423513530087,0,OK
2017-08-04,0.990210149779535,0.009789850220464958,0.99994968818067,5.031182006372546e-05,0,OK
2017-08-07,0.9931407532694122,0.006859246730587843,0.9999788280787758,2.1171920874576203e-05,0,OK
2017-08-08,0.9951916397071827,0.004808360292817284,0.9999770413958498,2.295860468597961e-05,0,OK
2017-08-09,0.9966237417981236,0.0033762582018763594,0.9999653133431473,3.468665634753758e-05,0,OK
2017-08-10,0.9976284325530561,0.002371567446943883,0.9999727109820064,2.7289018768105447e-05,0,OK
2017-08-11,0.9983333251808579,0.0016666748191421056,0.9999780746459538,2.192535427129151e-05,0,OK
2017-08-14,0.9988252052232768,0.0011747947767232357,0.9999729253222533,2.7074677745873023e-05,0,OK
2017-08-15,0.9991710848678708,0.0008289151321292177,0.99997813737243,2.1862628076508962e-05,0,OK
2017-08-16,0.9994109486077476,0.0005890513922523749,0.9999706306682177,2.936933253974212e-05,0,OK
2017-08-17,0.9995806717921897,0.00041932820781027843,0.9999766925563129,2.330744411205336e-05,0,OK
2017-08-18,0.9996922161914497,0.00030778380855030256,0.9999524864571261,4.7513543610359015e-05,0,OK
2017-08-21,0.9997770140256268,0.00022298597437318433,0.9999748756390819,2.512436129324187e-05,0,OK
2017-08-22,0.9998245029445121,0.0001754970554878868,0.9999353104219019,6.468957808885922e-05,0,OK
2017-08-23,0.999864600115181,0.00013539988481902994,0.999958160180916,4.183981992503064e-05,0,OK
2017-08-24,0.99988962707254,0.00011037292745995746,0.9999480233066232,5.197669362212167e-05,0,OK
2017-08-25,0.9999136406350609,8.635936493906545e-05,0.9999696722804032,3.032771905698412e-05,0,OK
2017-08-28,0.9999305502015033,6.944979849665438e-05,0.9999700058566277,2.999414346436191e-05,0,OK
2017-08-29,0.9999262888124123,7.371118758765015e-05,0.9999163455717649,8.365442879997363e-05,0,OK
2017-08-30,0.9986255958629221,0.0013744041370779446,0.9955906456468404,0.004409354352555298,0,OK
2017-08-31,0.9990064886572294,0.0009935113427706162,0.9998952385103392,0.0001047614893868505,0,OK
2017-09-01,0.9992870251777318,0.0007129748222682076,0.99994161039138,5.8389607762587564e-05,0,OK
2017-09-04,0.9994768453822976,0.0005231546177023234,0.9999197591931444,8.02408070485935e-05,0,OK
2017-09-05,0.9995941796161385,0.00040582038386155,0.9998679594952307,0.00013204050489974554,0,OK
2017-09-06,0.9996838822164862,0.00031611778351386515,0.9998931882841764,0.00010681171603593385,0,OK
2017-09-07,0.9996513924261811,0.0003486075738189151,0.9995755829163195,0.0004244170845306983,0,OK
2017-09-08,0.9945391346807863,0.005460865319213763,0.9826105332749036,0.017389466725135076,0,OK
2017-09-11,0.7198993475035831,0.28010065249641697,0.07907317742265725,0.9209268225765579,0,OK
2017-09-12,0.7987696742832946,0.20123032571670543,0.9828004367691076,0.017199563230711843,0,OK
2017-09-13,0.8590041572105391,0.14099584278946084,0.999551284041685,0.00044871595922350236,0,OK
2017-09-14,0.9012874255812242,0.09871257441877584,0.9999483851121596,5.161488717755159e-05,0,OK
2017-09-15,0.9308871383553008,0.06911286164469917,0.9999531348289481,4.6865171853570606e-05,0,OK
2017-09-18,0.9516093378605985,0.04839066213940144,0.9999611367059954,3.886329370676108e-05,0,OK
2017-09-19,0.9661182887816274,0.03388171121837256,0.9999725075972772,2.7492402638490563e-05,0,OK
2017-09-20,0.9762756029350788,0.02372439706492123,0.999976002626313,2.3997373534803434e-05,0,OK
2017-09-21,0.9833858997371754,0.016614100262824623,0.9999765922759505,2.340772459921534e-05,0,OK
2017-09-22,0.9883640766525753,0.01163592334742467,0.9999798227889364,2.0177211491450976e-05,0,OK
2017-09-25,0.9918484974363312,0.008151502563668818,0.999978812597685,2.1187401571833822e-05,0,OK
2017-09-26,0.9942862785630128,0.005713721436987175,0.999974434525323,2.5565474730012042e-05,0,OK
2017-09-27,0.9959918651721937,0.004008134827806234,0.9999715672606202,2.8432739717370248e-05,0,OK
2017-09-28,0.9971695996783257,0.0028304003216742105,0.999917646859713,8.235314069948935e-05,0,OK
2017-09-29,0.9973130946696807,0.0026869053303193906,0.9976479163163583,0.002352083683824811,0,OK
2017-10-02,0.9980091328732256,0.001990867126774437,0.999633222014917,0.00036677798516954587,0,OK
2017-10-03,0.9985881161501069,0.001411883849893129,0.9999390771286512,6.0922870503410034e-05,0,OK
2017-10-04,0.9990021331713409,0.0009978668286591298,0.9999681728867429,3.1827112446465556e-05,0,OK
2017-10-05,0.9992593200864628,0.0007406799135372134,0.9998594228884495,0.0001405771115860753,0,OK
2017-10-06,0.9994716212030337,0.0005283787969662733,0.9999669904746433,3.300952496741299e-05,0,OK
2017-10-09,0.9996223495186518,0.0003776504813481429,0.9999740489222351,2.5951078239172166e-05,0,OK
2017-10-10,0.9997252867154734,0.0002747132845265344,0.9999654735087162,3.4526491942781285e-05,0,OK
2017-10-11,0.9997965814543254,0.00020341854567464975,0.9999629358455846,3.7064155020252294e-05,0,OK
2017-10-12,0.9998405397231884,0.0001594602768116001,0.999943109017657,5.6890982797817696e-05,0,OK
2017-10-13,0.9998766671442779,0.00012333285572212793,0.999960964459865,3.90355398466928e-05,0,OK
2017-10-16,0.9999000017424691,9.999825753092592e-05,0.9999544491390339,4.5550861751454594e-05,0,OK
2017-10-17,0.9999192298413607,8.07701586393112e-05,0.999964095405384,3.590459455887684e-05,0,OK
2017-10-18,0.9999170327976242,8.29672023757874e-05,0.9999119063619442,8.809363776089853e-05,0,OK
2017-10-19,0.9999302372643144,6.976273568557568e-05,0.9999610476862987,3.895231340841501e-05,0,OK
2017-10-20,0.9999385179391597,6.148206084033523e-05,0.9999578395138288,4.216048620144084e-05,0,OK
2017-10-23,0.9999446945735668,5.530542643317018e-05,0.999959106720198,4.089327948311841e-05,0,OK
2017-10-24,0.9999493196697405,5.0680330259475355e-05,0.9999601115602972,3.988843918752077e-05,0,OK
2017-10-25,0.9999525747424912,4.742525750875118e-05,0.9999601699129703,3.983008775706144e-05,0,OK
2017-10-26,0.9999555025598772,4.4497440122755214e-05,0.9999623341336408,3.766586622209797e-05,0,OK
2017-10-27,0.9999616426082039,3.8357391796179964e-05,0.9999759693868989,2.403061236750438e-05,0,OK
2017-10-30,0.9999623049249916,3.769507500839758e-05,0.9999638503308573,3.614966917023871e-05,0,OK
2017-10-31,0.9999645716773964,3.5428322603560904e-05,0.9999698607656625,3.0139233658941985e-05,0,OK
2017-11-01,0.9999646625483016,3.533745169833291e-05,0.9999648745800204,3.5125419586134256e-05,0,OK
2017-11-02,0.999968626732765,3.137326723503659e-05,0.9999778764968884,2.212350348734518e-05,0,OK
2017-11-03,0.9999709252743924,2.907472560767155e-05,0.999976288537342,2.371146181048646e-05,0,OK
2017-11-06,0.9999714468020913,2.8553197908742965e-05,0.9999726637004872,2.733629994457628e-05,0,OK
2017-11-07,0.9999701835500305,2.981644996944594e-05,0.9999672359610177,3.276403811108623e-05,0,OK
2017-11-08,0.9999729733922876,2.7026607712351025e-05,0.9999794830250001,2.051697577912956e-05,0,OK
2017-11-09,0.9999571697104074,4.283028959263773e-05,0.99992029445345,7.97055473133067e-05,0,OK
2017-11-10,0.9999638867642323,3.6113235767699144e-05,0.9999795598902802,2.044011017617578e-05,0,OK
2017-11-13,0.9999597000270541,4.029997294589821e-05,0.999949930974465,5.006902636169604e-05,0,OK
2017-11-14,0.9999598236734552,4.017632654481808e-05,0.9999601121823668,3.988781827563111e-05,0,OK
2017-11-15,0.9999615340326109,3.8465967389100295e-05,0.999965524869748,3.447512935909215e-05,0,OK
2017-11-16,0.9999660713725563,3.392862744369796e-05,0.9999766584983497,2.3341500904425857e-05,0,OK
2017-11-17,0.9999663908567838,3.3609143216127715e-05,0.9999671363200479,3.286368001846383e-05,0,OK
2017-11-20,0.9999664310209065,3.35689790934192e-05,0.9999665247378893,3.347526280709935e-05,0,OK
2017-11-21,0.9999638120976763,3.618790232373762e-05,0.9999577012764721,4.2298723194480606e-05,0,OK
2017-11-22,0.9999658059237201,3.4194076279969705e-05,0.9999704581839903,2.9541815511177912e-05,0,OK
2017-11-23,0.9999673929530051,3.2607046994968424e-05,0.9999710960212695,2.890397866329877e-05,0,OK
2017-11-24,0.9999706594967245,2.934050327556616e-05,0.9999782814314326,2.171856793029421e-05,0,OK
2017-11-27,0.9999722911757584,2.7708824241590487e-05,0.9999760984265526,2.3901573162313916e-05,0,OK
2017-11-28,0.9999719390662278,2.8060933772181518e-05,0.9999711174774486,2.8882522676893935e-05,0,OK
2017-11-29,0.9999646841487938,3.531585120620346e-05,0.9999477560073273,5.224399188558801e-05,0,OK
2017-11-30,0.9999558282836412,4.417171635883584e-05,0.999935164597509,6.483540171497805e-05,0,OK
2017-12-01,0.9998739802154313,0.00012601978456871864,0.9996830013893535,0.00031699861039177855,0,OK
2017-12-04,0.9998890239999811,0.00011097600001882308,0.999924126163947,7.587383606906679e-05,0,OK
2017-12-05,0.999852418219212,0.00014758178078804843,0.9997670047315458,0.00023299526924957427,0,OK
2017-12-06,0.9998050066728088,0.0001949933271911587,0.9996943797320621,0.0003056202687984161,0,OK
2017-12-07,0.9998150309741074,0.0001849690258926254,0.9998384210106855,0.00016157898952938102,0,OK
2017-12-08,0.9998214384796432,0.00017856152035680394,0.9998363893261901,0.00016361067410655396,0,OK
2017-12-11,0.9998300922747247,0.00016990772527530171,0.9998502844626863,0.0001497155367517966,0,OK
2017-12-12,0.9997646571419326,0.0002353428580673473,0.9996119751653646,0.00038802483458212037,0,OK
2017-12-13,0.9991257701225825,0.0008742298774175091,0.9976350337444528,0.0023649662559012204,0,OK
2017-12-14,0.9992946956552919,0.0007053043447080469,0.9996888552318426,0.00031114476838596837,0,OK
2017-12-15,0.999478364036132,0.0005216359638680156,0.999906923591834,9.307640857460938e-05,0,OK
2017-12-18,0.999088878863645,0.0009111211363550559,0.9981800801279297,0.00181991987215815,0,OK
2017-12-19,0.9992908413534356,0.0007091586465644517,0.999762087162253,0.000237912837053042,0,OK
2017-12-20,0.999478264582959,0.0005217354170410405,0.9999155854526899,8.441454815308118e-05,0,OK
2017-12-21,0.9996053698757891,0.0003946301242109087,0.9999019488929741,9.80511076072677e-05,0,OK
2017-12-22,0.9997137898662936,0.0002862101337064778,0.9999667698439931,3.323015586280591e-05,0,OK
2017-12-27,0.9997608926925774,0.00023910730742265245,0.9998707992870256,0.00012920071276039326,0,OK
2017-12-28,0.9957920238023938,0.004207976197606117,0.9865313297255154,0.013468670274700868,0,OK
2017-12-29,0.7296537460923338,0.27034625390766615,0.10866443143580223,0.8913355685644728,0,OK
2018-01-03,0.7999038973281701,0.20009610267182984,0.9638209168775518,0.03617908312154517,0,OK
2018-01-04,0.84847809350281,0.15152190649718994,0.9618178845765911,0.03818211542303028,0,OK
2018-01-05,0.5940080505941887,0.40599194940581124,0.000244617140794104,0.999755382859261,0,OK
2018-01-08,0.7136959642997334,0.28630403570026663,0.9929677629452197,0.007032237053996031,0,OK
2018-01-09,0.7995672161292846,0.20043278387071536,0.9999334703983827,6.652960176239092e-05,0,OK
2018-01-10,0.859691012852549,0.140308987147451,0.9999798718733763,2.0128126500798593e-05,0,OK
2018-01-11,0.9017766407436478,0.09822335925635212,0.9999764391570184,2.3560843788111385e-05,0,OK
2018-01-12,0.9312364144766938,0.06876358552330625,0.9999758865211935,2.4113479532577862e-05,0,OK
2018-01-15,0.9518596765503298,0.048140323449670216,0.9999806213895251,1.9378611186146543e-05,0,OK
2018-01-16,0.9662957666386116,0.03370423336138845,0.9999799768451474,2.0023155397664064e-05,0,OK
2018-01-17,0.9764010738879193,0.023598926112080677,0.9999801241366948,1.9875863695887286e-05,0,OK
2018-01-18,0.9834748562764167,0.016525143723583234,0.9999803485155171,1.965148375586794e-05,0,OK
2018-01-19,0.9884250371138875,0.011574962886112487,0.9999754590672636,2.4540932014081196e-05,0,OK
2018-01-22,0.9918900210608109,0.008109978939189121,0.9999749836043101,2.5016396367931484e-05,0,OK
2018-01-23,0.9943163488980293,0.005683651101970703,0.9999777805182215,2.221948179439574e-05,0,OK
2018-01-24,0.9959606355261788,0.004039364473821236,0.9997973043246615,0.00020269567480581073,0,OK
2018-01-25,0.997163687571234,0.0028363124287660714,0.9999708090094498,2.9190990304021543e-05,0,OK
2018-01-26,0.9980070305414088,0.0019929694585911575,0.9999748308057586,2.5169194849692695e-05,0,OK
2018-01-29,0.998597238129948,0.001402761870051916,0.9999743891699827,2.5610830127019256e-05,0,OK
2018-01-30,0.999010191502134,0.000989808497866035,0.9999737493697839,2.6250629432313397e-05,0,OK
2018-01-31,0.9993006731360851,0.0006993268639149039,0.999978463615652,2.153638469559826e-05,0,OK
2018-02-01,0.9994800341947836,0.0005199658052163815,0.9998985433315009,0.00010145666825316239,0,OK
2018-02-02,0.9994419637065268,0.0005580362934732147,0.9993531325669085,0.0006468674327391588,0,OK
2018-02-05,0.9994402757745768,0.0005597242254231173,0.9994363372658918,0.0005636627333062234,0,OK
2018-02-06,0.9993698417836132,0.0006301582163868253,0.9992054958039117,0.000794504195302144,0,OK
2018-02-07,0.9995060732109877,0.0004939267890122825,0.9998239465417853,0.0001760534584716829,0,OK
2018-02-08,0.9994129507185596,0.0005870492814403647,0.9991956649028693,0.0008043350971058898,0,OK
2018-02-09,0.9989919028528231,0.0010080971471768787,0.9980094578326237,0.001990542167228745,0,OK
2018-02-12,0.9990507071111263,0.0009492928888736811,0.9991879170471866,0.0008120829528328869,0,OK
2018-02-13,0.9992569218172493,0.0007430781827506527,0.9997380894640232,0.00026191053513025344,0,OK
2018-02-14,0.9991951060160176,0.0008048939839824594,0.9990508691469357,0.0009491308535233418,0,OK
2018-02-15,0.9993066579035421,0.0006933420964578797,0.999566945641003,0.0004330543589005269,0,OK
2018-02-16,0.9994255378227954,0.0005744621772045648,0.9997029243002045,0.00029707569894683015,0,OK
2018-02-19,0.9995131396620797,0.0004868603379203332,0.9997175439535197,0.00028245604625712627,0,OK
2018-02-20,0.9996248359273945,0.00037516407260550493,0.9998854605464246,0.00011453945353757243,0,OK
2018-02-21,0.99969449565139,0.0003055043486099867,0.9998570350067205,0.00014296499262044432,0,OK
2018-02-22,0.9997483409621158,0.00025165903788410725,0.9998739800206976,0.00012601997952372187,0,OK
2018-02-23,0.999793234574878,0.00020676542512201423,0.9998979863372197,0.00010201366201046388,0,OK
2018-02-26,0.9998147771823811,0.00018522281761895393,0.9998650432660539,0.00013495673344514662,0,OK
2018-02-27,0.9998522746704913,0.00014772532950873302,0.9999397688102201,6.023119058488421e-05,0,OK
2018-02-28,0.9998811225314145,0.00011887746858550909,0.9999484342077885,5.156579309798661e-05,0,OK
2018-03-01,0.9999033537857481,9.664621425191948e-05,0.9999552267127905,4.477328747354371e-05,0,OK
2018-03-02,0.9998587119006412,0.00014128809935873136,0.9997545475021253,0.0002454524979412925,0,OK
2018-03-05,0.999859378217681,0.000140621782319045,0.9998609329568959,0.00013906704255977682,0,OK
2018-03-06,0.9998891314344032,0.00011086856559681761,0.9999585556072883,4.1444393244953736e-05,0,OK
2018-03-07,0.9999088034640208,9.119653597919142e-05,0.9999547048664136,4.529513353806364e-05,0,OK
2018-03-08,0.9999220595472894,7.794045271064037e-05,0.9999529904079686,4.700959175068789e-05,0,OK
2018-03-09,0.9999379274248548,6.207257514526881e-05,0.9999749524730858,2.5047527492735197e-05,0,OK
2018-03-12,0.9999460642089587,5.393579104123866e-05,0.9999650500390473,3.494996146516831e-05,0,OK
2018-03-13,0.9999396292088752,6.037079112475252e-05,0.9999246142091842,7.538579131961821e-05,0,OK
2018-03-14,0.9999497292350047,5.02707649952879e-05,0.9999732959623006,2.670403735987045e-05,0,OK
2018-03-15,0.9999558548098801,4.4145190119860954e-05,0.9999701478172266,2.9852182077198104e-05,0,OK
2018-03-16,0.9999551454831321,4.485451686790033e-05,0.9999534903865769,4.6509612613325545e-05,0,OK
2018-03-19,0.9999551048542029,4.489514579714106e-05,0.9999550100535921,4.49899466320361e-05,0,OK
2018-03-20,0.9999566247351336,4.337526486644319e-05,0.999960171124369,3.982887602814816e-05,0,OK
2018-03-21,0.9999573215640474,4.267843595266974e-05,0.9999589474978468,4.105250182053172e-05,0,OK
2018-03-22,0.9999426841012646,5.731589873535239e-05,0.9999085300223248,9.14699785616119e-05,0,OK
2018-03-23,0.9999432308244244,5.6769175575583435e-05,0.9999445065123388,5.5493488202789236e-05,0,OK
2018-03-26,0.9999431853864851,5.681461351489543e-05,0.9999430793643603,5.69206353732901e-05,0,OK
2018-03-27,0.9999332422100269,6.675778997306896e-05,0.9999100414653973,8.995853504214051e-05,0,OK
2018-03-28,0.999918090759454,8.190924054597254e-05,0.9998827373747382,0.00011726262521608091,0,OK
2018-03-29,0.9999125611396348,8.743886036521428e-05,0.9998996586941934,0.00010034130661011168,0,OK
2018-04-03,0.9998368621931328,0.00016313780686711278,0.9996602313182904,0.0003397686820382093,0,OK
2018-04-04,0.9947720115626525,0.005227988437347549,0.9829540267583372,0.0170459732418019,0,OK
2018-04-05,0.8393933568189342,0.16060664318106574,0.4768431624164714,0.5231568375830749,0,OK
2018-04-06,0.8862981019772672,0.11370189802273278,0.9957425073466242,0.004257492653289228,0,OK
2018-04-09,0.9203932282560148,0.07960677174398527,0.9999485229062367,5.147709357439561e-05,0,OK
2018-04-10,0.9442661960709866,0.05573380392901337,0.9999697876390382,3.0212360745604963e-05,0,OK
2018-04-11,0.9609777937917009,0.03902220620829907,0.9999715218071874,2.847819329903295e-05,0,OK
2018-04-12,0.9726773343801525,0.02732266561984758,0.9999762624190929,2.373758012743751e-05,0,OK
2018-04-13,0.9808676054547546,0.019132394545245443,0.9999782379621689,2.176203784046277e-05,0,OK
2018-04-16,0.9865963251022254,0.013403674897774595,0.999963337612791,3.666238700928696e-05,0,OK
2018-04-17,0.9906087914113026,0.00939120858869736,0.9999712127988396,2.8787200850476988e-05,0,OK
2018-04-18,0.9934160149298761,0.006583985070123893,0.9999662031404664,3.3796860119141736e-05,0,OK
2018-04-19,0.9953764723749084,0.0046235276250915485,0.9999508730805736,4.912692001607755e-05,0,OK
2018-04-20,0.996746794259808,0.0032532057401919094,0.9999442119906868,5.578800875941855e-05,0,OK
2018-04-23,0.997693083572768,0.002306916427232031,0.9999010919696093,9.890803032564927e-05,0,OK
2018-04-24,0.9983755184871604,0.0016244815128395854,0.9999678666205589,3.213337925721197e-05,0,OK
2018-04-25,0.9988536546188388,0.0011463453811612332,0.9999693055924228,3.069440724507852e-05,0,OK
2018-04-26,0.999187802912545,0.0008121970874549156,0.999967482264152,3.251773547350794e-05,0,OK
2018-04-27,0.9994232127052836,0.0005767872947164022,0.9999725022223113,2.7497778326537648e-05,0,OK
2018-04-30,0.9995892845259713,0.0004107154740287121,0.9999767854408461,2.3214559090768604e-05,0,OK
2018-05-02,0.9996995746423102,0.0003004253576898015,0.9999569182476958,4.308175289901033e-05,0,OK
2018-05-03,0.9997833152818699,0.00021668471813004878,0.9999787101070847,2.1289892490625782e-05,0,OK
2018-05-04,0.9998372344069371,0.0001627655930629715,0.9999630456993839,3.695430123979125e-05,0,OK
2018-05-07,0.9998067787190176,0.00019322128098243866,0.9997357154472319,0.0002642845527945288,0,OK
2018-05-08,0.9997771722660899,0.00022282773391016516,0.9997080905417838,0.0002919094574081937,0,OK
2018-05-09,0.9998136823735779,0.00018631762642207073,0.9998988726243553,0.00010112737561651712,0,OK
2018-05-11,0.9998534837884939,0.00014651621150611903,0.9999463537571587,5.364624336889836e-05,0,OK
2018-05-14,0.9998851757935496,0.00011482420645033797,0.999959123805267,4.0876194653515514e-05,0,OK
2018-05-15,0.9999081481867833,9.18518132166704e-05,0.9999617504384598,3.824956233811271e-05,0,OK
2018-05-16,0.9999177190427415,8.228095725847652e-05,0.9999400510403885,5.994896002269084e-05,0,OK
2018-05-17,0.9992875209781112,0.0007124790218887788,0.9978170588281423,0.0021829411726928174,0,OK
2018-05-18,0.9994768607316726,0.0005231392683274048,0.9999186534897231,8.134651001753225e-05,0,OK
2018-05-22,0.9996172390937667,0.000382760906233377,0.9999447886056089,5.521139468064554e-05,0,OK
2018-05-23,0.9997188773574496,0.00028112264255038326,0.9999560333060323,4.396669395673127e-05,0,OK
2018-05-24,0.9997919245892267,0.00020807541077324173,0.9999623681292727,3.76318699599115e-05,0,OK
2018-05-25,0.9998429346037047,0.00015706539629533093,0.999961957969958,3.8042029180205784e-05,0,OK
2018-05-28,0.9998649068255453,0.0001350931744547159,0.9999161753431647,8.382465682661419e-05,0,OK
2018-05-29,0.9998668334106697,0.00013316658933031642,0.9998713287756748,0.00012867122404005099,0,OK
2018-05-30,0.9998671991954667,0.00013280080453320766,0.9998680526934014,0.0001319473066732872,0,OK
2018-05-31,0.999773445929822,0.0002265540701780561,0.9995546883095163,0.0004453116900160358,0,OK
2018-06-01,0.9997801439611411,0.00021985603885892827,0.9997957727016654,0.00020422729911429683,0,OK
2018-06-04,0.9997984876877638,0.00020151231223615261,0.99984128971595,0.00015871028344967611,0,OK
2018-06-05,0.9997617193507256,0.00023828064927439998,0.9996759265648572,0.0003240734356969772,0,OK
2018-06-06,0.9997692770284763,0.0002307229715236698,0.9997869116106112,0.00021308839010529947,0,OK
2018-06-07,0.9997629984232983,0.00023700157670166798,0.9997483483449137,0.0002516516554503304,0,OK
2018-06-08,0.999755607393986,0.000244392606014007,0.9997383616590847,0.00026163834107613133,0,OK
2018-06-11,0.9997095115898784,0.0002904884101215602,0.9996019547129071,0.0003980452863725178,0,OK
2018-06-12,0.9997829652136929,0.0002170347863070352,0.9999543570023269,4.564299740647689e-05,0,OK
2018-06-13,0.9998417289255823,0.00015827107441772906,0.9999788442528873,2.1155746676014834e-05,0,OK
2018-06-14,0.9998439709876978,0.00015602901230211852,0.9998492024666548,0.0001507975340323606,0,OK
2018-06-15,0.9998807683965379,0.00011923160346200795,0.9999666290170662,3.3370982835083346e-05,0,OK
2018-06-18,0.9999046058279728,9.539417202714775e-05,0.9999602265012972,3.97734986791406e-05,0,OK
2018-06-19,0.9999236357535207,7.636424647929912e-05,0.9999680389133515,3.196108686765235e-05,0,OK
2018-06-20,0.9999374973214955,6.250267850444975e-05,0.9999698409792923,3.015901989646788e-05,0,OK
2018-06-21,0.9997991975768236,0.0002008024231764841,0.9994764981724727,0.000523501827411231,0,OK
2018-06-22,0.991947119445397,0.008052880554603013,0.9736256038058972,0.02637439619459825,0,OK
2018-06-25,0.938630277016641,0.06136972298335893,0.8142243113489561,0.18577568865045607,0,OK
2018-06-26,0.9566190350019561,0.04338096499804384,0.9985928036346214,0.0014071963656419665,0,OK
2018-06-27,0.969601169295514,0.030398830704486002,0.9998928159805235,0.00010718401951771071,0,OK
2018-06-28,0.9787086856792029,0.021291314320797085,0.9999595572419039,4.0442758856283e-05,0,OK
2018-06-29,0.9850832418037221,0.014916758196277937,0.9999572060940469,4.27939057332587e-05,0,OK
2018-07-02,0.9895484426911679,0.010451557308832092,0.9999672447610001,3.275523812512548e-05,0,OK
2018-07-03,0.9926742592369099,0.007325740763090126,0.9999678311768709,3.216882302553914e-05,0,OK
2018-07-04,0.9948659675026847,0.005134032497315285,0.9999799534570502,2.004654384065675e-05,0,OK
2018-07-05,0.9963905697134223,0.003609430286577709,0.9999479748712733,5.2025128190033286e-05,0,OK
2018-07-06,0.9974646889676714,0.0025353110323286113,0.9999709672278179,2.9032772414050858e-05,0,OK
2018-07-09,0.9982195033385836,0.0017804966614163923,0.9999807368712932,1.9263129287881753e-05,0,OK
2018-07-10,0.9987466861355799,0.001253313864420043,0.9999767793291836,2.3220671428561775e-05,0,OK
2018-07-11,0.9989522966964908,0.0010477033035092241,0.9994320546715689,0.0005679453280506472,0,OK
2018-07-12,0.9992544863699574,0.0007455136300425996,0.9999595956082964,4.0404391953809125e-05,0,OK
2018-07-13,0.9994722015951912,0.0005277984048087982,0.9999802037868418,1.979621259659505e-05,0,OK
2018-07-16,0.9996248104783824,0.00037518952161761385,0.9999808978724137,1.910212750485041e-05,0,OK
2018-07-17,0.9997298837569117,0.00027011624308825833,0.9999750547395707,2.4945259853095522e-05,0,OK
2018-07-18,0.9997354451915307,0.00026455480846931956,0.9997484218717881,0.00025157812769179575,0,OK
2018-07-19,0.9998066986693896,0.0001933013306103971,0.9999729567844617,2.7043215606244733e-05,0,OK
2018-07-20,0.9998551936228599,0.00014480637714004907,0.9999683485136903,3.165148570923697e-05,0,OK
2018-07-23,0.9998922501926407,0.00010774980735927515,0.9999787155221009,2.1284477870802714e-05,0,OK
2018-07-24,0.9999000823132439,9.991768675614638e-05,0.999918357260519,8.164273868217927e-05,0,OK
2018-07-25,0.9975376162749823,0.0024623837250177384,0.9920251955195064,0.007974804480961453,0,OK
2018-07-26,0.6982763313924876,0.30172366860751243,2.5153238291907125e-29,1.0,0,OK
2018-07-27,0.7862614850667338,0.2137385149332662,0.9915601769736365,0.008439823026691674,0,OK
2018-07-30,0.8498718919914948,0.15012810800850515,0.9982961748168222,0.0017038251840626785,0,OK
2018-07-31,0.8948899118500315,0.1051100881499685,0.9999319581868926,6.804181338298662e-05,0,OK
2018-08-02,0.926410195824363,0.073589804175637,0.9999575250984454,4.247490219685486e-05,0,OK
2018-08-03,0.9484773921684664,0.051522607831533604,0.9999675169711607,3.2483028625675595e-05,0,OK
2018-08-06,0.9639137200470846,0.03608627995291539,0.9999318184307235,6.818156947289963e-05,0,OK
2018-08-07,0.9747094422222806,0.025290557777719325,0.9998994606315998,0.00010053936892850608,0,OK
2018-08-08,0.9822740935542651,0.017725906445734872,0.9999249466626965,7.505333777115499e-05,0,OK
2018-08-09,0.9875721906778899,0.012427809322110052,0.9999344172998944,6.558270031880963e-05,0,OK
2018-08-10,0.9912804162464116,0.0087195837535884,0.9999329425738294,6.705742703787603e-05,0,OK
2018-08-13,0.9938880333294111,0.006111966670588888,0.9999724731902202,2.75268102566944e-05,0,OK
2018-08-14,0.9957137329203634,0.004286267079636591,0.9999736986322266,2.6301367414562764e-05,0,OK
2018-08-15,0.9969807786516062,0.003019221348393836,0.9999372186911835,6.278130882740861e-05,0,OK
2018-08-16,0.9978774637237536,0.0021225362762463808,0.999969728892914,3.0271107902318864e-05,0,OK
2018-08-17,0.9985076414600719,0.0014923585399280843,0.9999780561781595,2.1943821852059413e-05,0,OK
2018-08-20,0.9989477179524082,0.001052282047591753,0.999974563100948,2.5436898806980206e-05,0,OK
2018-08-21,0.9992524848908222,0.0007475151091778098,0.9999636077464967,3.63922528786089e-05,0,OK
2018-08-22,0.9994687465921623,0.0005312534078376996,0.9999733572278675,2.664277137744253e-05,0,OK
2018-08-23,0.999621647945296,0.0003783520547040145,0.9999784177690125,2.1582230725416103e-05,0,OK
2018-08-24,0.9997289072245257,0.0002710927754743494,0.9999791788762495,2.0821123938464264e-05,0,OK
2018-08-27,0.9998042246891558,0.00019577531084420186,0.9999799654403122,2.0034560040524272e-05,0,OK
2018-08-28,0.9998562861251352,0.00014371387486476097,0.9999777628089344,2.2237190912732242e-05,0,OK
2018-08-29,0.9998933403933787,0.00010665960662131452,0.9999798003521551,2.0199647386606153e-05,0,OK
2018-08-30,0.9999137620649015,8.623793509856444e-05,0.9999614126323643,3.8587368212147596e-05,0,OK
2018-08-31,0.9990907066999873,0.000909293300012695,0.9971702441816567,0.0028297558181456664,0,OK
2018-09-03,0.999267868979658,0.0007321310203419673,0.999681247631772,0.00031875236777693613,0,OK
2018-09-04,0.9916039129669522,0.008396087033047893,0.9737213489369289,0.026278651062695054,0,OK
2018-09-05,0.6941227390768665,0.3058772609231335,2.4297559138592323e-21,1.0,0,OK
2018-09-06,0.7810003257586211,0.21899967424137887,0.9837146946832269,0.016285305317284778,0,OK
2018-09-07,0.8466466820629964,0.1533533179370036,0.9998215134400232,0.00017848656012800623,0,OK
2018-09-10,0.8926412409775615,0.10735875902243848,0.9999618784449509,3.812155511989828e-05,0,OK
2018-09-11,0.9248402431721808,0.07515975682781913,0.9999712482935776,2.875170704064408e-05,0,OK
2018-09-12,0.9473796118389962,0.052620388161003784,0.9999714720610642,2.8527938434646733e-05,0,OK
2018-09-13,0.9631583776086088,0.03684162239139126,0.9999754977380301,2.4502262295367894e-05,0,OK
2018-09-14,0.9742046297303564,0.0257953702696436,0.9999792180146304,2.078198556573808e-05,0,OK
2018-09-17,0.9819364957262523,0.01806350427374771,0.9999775163832172,2.2483616657301223e-05,0,OK
2018-09-18,0.9873464876992355,0.012653512300764455,0.9999698023032878,3.019769713686357e-05,0,OK
2018-09-19,0.9911363342194716,0.008863665780528444,0.9999793094333231,2.069056664441801e-05,0,OK
2018-09-20,0.9937818990973808,0.006218100902619221,0.9999548838123203,4.511618749770303e-05,0,OK
2018-09-21,0.9956408447030886,0.0043591552969114615,0.9999783844494843,2.1615550260023333e-05,0,OK
2018-09-24,0.9969423796909463,0.0030576203090536065,0.9999792946634348,2.070533738527849e-05,0,OK
2018-09-25,0.997847637563941,0.002152362436058971,0.9999599059335877,4.009406573815537e-05,0,OK
2018-09-26,0.9984810365018313,0.0015189634981687286,0.9999589673567579,4.103264309149612e-05,0,OK
2018-09-27,0.9989268156115022,0.0010731843884977798,0.9999669668667595,3.3033132598899526e-05,0,OK
2018-09-28,0.9992348157501187,0.000765184249881214,0.9999534827399011,4.6517259775894496e-05,0,OK
2018-10-01,0.999456283486284,0.0005437165137159573,0.9999730415379845,2.6958462663691753e-05,0,OK
2018-10-02,0.9996130192680451,0.0003869807319548722,0.9999787360926145,2.126390784567362e-05,0,OK
2018-10-03,0.9997213264543422,0.0002786735456578094,0.9999740432216702,2.5956777631329603e-05,0,OK
2018-10-04,0.9997871340376013,0.00021286596239865552,0.9999406850659044,5.931493479396318e-05,0,OK
2018-10-05,0.9998257737293391,0.00017422627066092792,0.9999159330104561,8.406698993956361e-05,0,OK
2018-10-08,0.9996768876949123,0.00032311230508777673,0.9993294869473369,0.0006705130520837573,0,OK
2018-10-09,0.9961337235199297,0.0038662764800703416,0.9878663404446496,0.01213365955502966,0,OK
2018-10-10,0.6972936064644965,0.30270639353550355,1.491968129978051e-12,0.999999999998181,0,OK
2018-10-11,0.7852796151178895,0.2147203848821105,0.9905803019762444,0.009419698024193502,0,OK
2018-10-12,0.8496365538371948,0.1503634461628052,0.9998027441813374,0.0001972558177595188,0,OK
2018-10-15,0.8947348578445928,0.10526514215540714,0.9999642338618956,3.576613814501692e-05,0,OK
2018-10-16,0.9262517974920669,0.07374820250793308,0.9997913233355306,0.0002086766638269793,0,OK
2018-10-17,0.9483626841031385,0.05163731589686153,0.999954752861914,4.524713769460113e-05,0,OK
2018-10-18,0.9638357378552003,0.03616426214479978,0.9999395299440342,6.047005665569446e-05,0,OK
2018-10-19,0.9746751421349994,0.02532485786500059,0.9999670854536822,3.291454546914979e-05,0,OK
2018-10-22,0.9822517403474352,0.01774825965256478,0.9999304695101379,6.953049021455696e-05,0,OK
2018-10-23,0.9875670321671501,0.012432967832849867,0.9999693797467094,3.062025351507145e-05,0,OK
2018-10-24,0.9912780663001105,0.008721933699889446,0.9999371459434534,6.285405631513393e-05,0,OK
2018-10-25,0.9938691477643673,0.00613085223563274,0.9999150045148679,8.499548570042784e-05,0,OK
2018-10-26,0.9956867968156263,0.004313203184373624,0.9999279779347654,7.202206476901984e-05,0,OK
2018-10-29,0.9969705260826605,0.00302947391733957,0.9999658943720416,3.410562759344649e-05,0,OK
2018-10-30,0.9978681292106021,0.0021318707893979365,0.9999625365086183,3.7463490867458344e-05,0,OK
2018-10-31,0.9984965505964694,0.0015034494035306078,0.9999628671630928,3.713283650684162e-05,0,OK
2018-11-01,0.9989287215769105,0.0010712784230894987,0.9999371205319502,6.28794687269111e-05,0,OK
2018-11-02,0.9991522333359621,0.0008477666640378129,0.9996737607728919,0.0003262392262505464,0,OK
2018-11-05,0.9993931857443641,0.0006068142556359074,0.9999554080306471,4.459196936479494e-05,0,OK
2018-11-06,0.9995561555946714,0.0004438444053286321,0.9999364185792141,6.358142127832302e-05,0,OK
2018-11-07,0.9996617105646751,0.000338289435324881,0.9999080054939102,9.199450531612857e-05,0,OK
2018-11-08,0.9997496710614197,0.00025032893858038645,0.9999549122200155,4.508777950989915e-05,0,OK
2018-11-09,0.9998082571339154,0.00019174286608458714,0.9999449579696512,5.5042030261055495e-05,0,OK
2018-11-12,0.9998327257500924,0.00016727424990763929,0.9998898191883401,0.00011018081216142773,0,OK
2018-11-13,0.9998735594197311,0.00012644058026890694,0.9999688379829087,3.116201777853148e-05,0,OK
2018-11-14,0.9998930362072271,0.00010696379277284673,0.9999384820445025,6.151795528203963e-05,0,OK
2018-11-15,0.9999050118889894,9.498811101065605e-05,0.999932955145841,6.704485356554448e-05,0,OK
2018-11-16,0.9999162757636262,8.372423637380406e-05,0.9999425581372869,5.744186222114946e-05,0,OK
2018-11-19,0.9999254901389245,7.450986107545416e-05,0.9999469903476722,5.300965204597107e-05,0,OK
2018-11-20,0.9999306721996711,6.932780032887397e-05,0.9999427636749415,5.7236325253520215e-05,0,OK
2018-11-21,0.9998241664016146,0.0001758335983854077,0.9995756528722362,0.0004243471271839865,0,OK
2018-11-22,0.9998695958876801,0.00013040411231989008,0.9999755980219206,2.4401978167015562e-05,0,OK
2018-11-23,0.9999017131817267,9.828681827329134e-05,0.9999766535344435,2.3346465497894337e-05,0,OK
2018-11-26,0.9999221509837997,7.78490162003728e-05,0.9999698391894607,3.016081136356286e-05,0,OK
2018-11-27,0.9999364765185824,6.352348141754206e-05,0.9999699027666817,3.0097233590937e-05,0,OK
2018-11-28,0.9999488005769847,5.119942301534545e-05,0.9999775567129443,2.244328674355339e-05,0,OK
2018-11-29,0.999956249847483,4.375015251705032e-05,0.9999736314787254,2.6368521354361676e-05,0,OK
2018-11-30,0.9999627497982779,3.725020172204905e-05,0.9999779163500653,2.2083649867046097e-05,0,OK
2018-12-03,0.9999614420390375,3.855796096257461e-05,0.9999583906008791,4.160939919046758e-05,0,OK
2018-12-04,0.9999242652950865,7.573470491351733e-05,0.9998375195583026,0.00016248044079905037,0,OK
2018-12-05,0.9999138462756726,8.615372432739052e-05,0.9998895352299499,0.000110464769626428,0,OK
2018-12-06,0.9996997320547736,0.0003002679452264336,0.9992001322053611,0.0007998677939908674,0,OK
2018-12-07,0.9997491414524572,0.0002508585475428549,0.9998644300476298,0.00013556995294783792,0,OK
2018-12-10,0.9998119698959583,0.0001880301040416274,0.9999585695965562,4.143040253876331e-05,0,OK
2018-12-11,0.9998544208918265,0.0001455791081734302,0.9999534732161157,4.6526784480970176e-05,0,OK
2018-12-12,0.9998801723991508,0.00011982760084919032,0.9999402592494636,5.9740750425963944e-05,0,OK
2018-12-13,0.9999088145787627,9.11854212372678e-05,0.9999756463312826,2.4353668809448635e-05,0,OK
2018-12-14,0.9999245241702365,7.547582976356774e-05,0.9999611798834888,3.882011632493429e-05,0,OK
2018-12-17,0.9999371436438529,6.285635614716313e-05,0.9999665890824875,3.3410917708885725e-05,0,OK
2018-12-18,0.999948852094987,5.114790501299368e-05,0.9999761718137475,2.3828185699931628e-05,0,OK
2018-12-19,0.999958363287681,4.163671231901888e-05,0.9999805560708837,1.9443929366411018e-05,0,OK
2018-12-20,0.9999622293051349,3.7770694865082526e-05,0.9999712500124732,2.8749987472564366e-05,0,OK
2018-12-21,0.9999535939849546,4.640601504536512e-05,0.9999334449051237,6.655509546602452e-05,0,OK
2018-12-27,0.9999265988232324,7.340117676755977e-05,0.9998636101132418,0.00013638988745268065,0,OK
2018-12-28,0.9999387080916302,6.129190836978294e-05,0.9999669630506457,3.3036948774970345e-05,0,OK
2019-01-03,0.9999454140655871,5.458593441282671e-05,0.9999610613372826,3.8938661846595526e-05,0,OK
2019-01-04,0.9996140344697937,0.0003859655302063239,0.9988408154123591,0.0011591845870578172,0,OK
2019-01-07,0.9997133775002973,0.0002866224997026502,0.9999451779043108,5.4822095194078204e-05,0,OK
2019-01-08,0.9997855791802325,0.000214420819767533,0.9999540497672598,4.5950233252259574e-05,0,OK
2019-01-09,0.9998418149025443,0.00015818509745569296,0.9999730315883807,2.6968412061399565e-05,0,OK
2019-01-10,0.9998809486761194,0.00011905132388060109,0.9999722608145242,2.7739185538720086e-05,0,OK
2019-01-11,0.999908819793648,9.118020635198333e-05,0.9999738524019203,2.6147598785208593e-05,0,OK
2019-01-14,0.9999279694249411,7.203057505891935e-05,0.9999726518973877,2.7348102041770063e-05,0,OK
2019-01-15,0.9999372142890653,6.278571093465895e-05,0.9999587856380948,4.121436131138471e-05,0,OK
2019-01-16,0.9999428649266058,5.7135073394206566e-05,0.9999560497471548,4.3950252466484355e-05,0,OK
2019-01-17,0.9988253883336147,0.001174611666385357,0.996217942949798,0.003782057050031374,0,OK
2019-01-18,0.8163058788602895,0.18369412113971054,0.39042702342258334,0.6095729765774692,0,OK
2019-01-21,0.8691236674150641,0.1308763325849359,0.9923651740430732,0.007634825957128387,0,OK
2019-01-22,0.9083512500461967,0.09164874995380337,0.9998822761859691,0.00011772381449417619,0,OK
2019-01-23,0.9358273933834158,0.06417260661658417,0.9999383945037511,6.160549640600665e-05,0,OK
2019-01-24,0.9550655473117763,0.04493445268822373,0.9999545731448143,4.5426855382716917e-05,0,OK
2019-01-25,0.9685231194473697,0.03147688055263031,0.9999241210966271,7.587890291231881e-05,0,OK
2019-01-28,0.9779532488064482,0.022046751193551845,0.9999568839775936,4.3116022368769494e-05,0,OK
2019-01-29,0.9845485962070248,0.015451403792975214,0.9999377401410142,6.225985829640923e-05,0,OK
2019-01-30,0.9891741827610276,0.010825817238972354,0.9999672180536539,3.278194629901455e-05,0,OK
2019-01-31,0.99240576993143,0.00759423006857001,0.999946139995558,5.386000429787875e-05,0,OK
2019-02-01,0.9946702326763438,0.005329767323656248,0.9999539790809443,4.602091885746875e-05,0,OK
2019-02-04,0.9960436498447496,0.003956350155250419,0.9992482899044464,0.0007517100956368207,0,OK
2019-02-05,0.9662848381409985,0.03371516185900145,0.8968476108326187,0.10315238916775385,0,OK
2019-02-06,0.9752367162157923,0.02476328378420768,0.9961244317231311,0.003875568276355553,0,OK
2019-02-07,0.9757369498545703,0.024263050145429732,0.9769041616787963,0.023095838321614524,0,OK
2019-02-08,0.98294748608707,0.017052513912929976,0.999772070629791,0.00022792937043055402,0,OK
2019-02-11,0.9880562717711265,0.011943728228873494,0.9999767717005192,2.3228299408366015e-05,0,OK
2019-02-12,0.9916323384491089,0.008367661550891102,0.9999764940309994,2.3505968932189805e-05,0,OK
2019-02-13,0.9941365239443926,0.005863476055607485,0.9999796234335592,2.0376566612379275e-05,0,OK
2019-02-14,0.9958796799888835,0.004120320011116522,0.9999470440923234,5.295590730427487e-05,0,OK
2019-02-15,0.9969035923079248,0.0030964076920752238,0.999292721052843,0.0007072789476455278,0,OK
2019-02-18,0.997802087476837,0.002197912523162983,0.9998985762045804,0.00010142379570108817,0,OK
2019-02-19,0.9984538541111068,0.0015461458888932791,0.9999746429252706,2.535707559730319e-05,0,OK
2019-02-20,0.9989084413950923,0.0010915586049077403,0.9999691450569966,3.0854942274816584e-05,0,OK
2019-02-21,0.9992267383398636,0.0007732616601363473,0.999969431211621,3.056878900309712e-05,0,OK
2019-02-22,0.9994493085037163,0.0005506914962837028,0.9999686388861908,3.136111396086571e-05,0,OK
2019-02-25,0.9995975304757095,0.0004024695242904223,0.9999433817432678,5.661825630610107e-05,0,OK
2019-02-26,0.9996978349901895,0.0003021650098105224,0.9999318788570711,6.81211426907561e-05,0,OK
2019-02-27,0.9997528798605696,0.0002471201394304126,0.9998813178919288,0.00011868210854348986,0,OK
2019-02-28,0.9984946521020412,0.0015053478979587173,0.9955587873320554,0.004441212667858095,0,OK
2019-03-01,0.9989149320192683,0.0010850679807317355,0.9998955851589085,0.0001044148405354447,0,OK
2019-03-04,0.9992244817395022,0.0007755182604977667,0.9999467644193629,5.323557995183935e-05,0,OK
2019-03-05,0.9994414871370692,0.0005585128629308072,0.9999478330647903,5.216693527456836e-05,0,OK
2019-03-06,0.9995998080315099,0.00040019196849004157,0.9999692234512051,3.077654812825523e-05,0,OK
2019-03-07,0.9997062397408463,0.00029376025915374003,0.9999545803967956,4.5419604035703325e-05,0,OK
2019-03-08,0.9997867410173932,0.00021325898260681934,0.9999745773287213,2.5422670664004466e-05,0,OK
2019-03-11,0.9998400849482701,0.00015991505172986857,0.9999645541199563,3.544587968365012e-05,0,OK
2019-03-12,0.9998792461156852,0.00012075388431478911,0.9999706221737867,2.937782701293705e-05,0,OK
2019-03-13,0.9999046916750797,9.530832492027493e-05,0.9999640646473781,3.593535299974188e-05,0,OK
2019-03-14,0.9999252088746995,7.47911253005179e-05,0.9999730823404556,2.6917659521084856e-05,0,OK
2019-03-15,0.9999338106494953,6.618935050477471e-05,0.9999538814566428,4.611854264804062e-05,0,OK
2019-03-18,0.9999457020634915,5.429793650841652e-05,0.9999734486969547,2.655130385024743e-05,0,OK
2019-03-19,0.9998951671767937,0.00010483282320623456,0.9997772524411601,0.00022274755883447666,0,OK
2019-03-20,0.9934212868749138,0.006578713125086224,0.9783155661701692,0.02168443382947287,0,OK
2019-03-21,0.9953425058334066,0.004657494166593422,0.9998253500697805,0.0001746499301102168,0,OK
2019-03-22,0.9965916440114292,0.003408355988570796,0.9995062997600701,0.0004937002398513361,0,OK
2019-03-25,0.9976052654791834,0.0023947345208166298,0.9999703822379723,2.9617762723575492e-05,0,OK
2019-03-26,0.9983151899406355,0.0016848100593645143,0.9999716803512582,2.831964930957833e-05,0,OK
2019-03-27,0.9988127115180133,0.0011872884819866265,0.9999735951981201,2.6404801438221702e-05,0,OK
2019-03-28,0.9991624981703813,0.0008375018296187646,0.9999786670252389,2.13329740937534e-05,0,OK
2019-03-29,0.99932580761885,0.0006741923811499955,0.9997068629994527,0.0002931370013895343,0,OK
2019-04-01,0.9994852867609416,0.0005147132390583566,0.9998574047599222,0.00014259524084453304,0,OK
2019-04-02,0.9976433228879681,0.002356677112031877,0.993345407183676,0.006654592815636759,0,OK
2019-04-03,0.6983503260215778,0.3016496739784223,2.6538113121914763e-14,1.0,0,OK
2019-04-04,0.7871181052212957,0.21288189477870437,0.9942429233540603,0.005757076646029283,0,OK
2019-04-05,0.850965860432518,0.14903413956748202,0.9999439559258586,5.604407462988122e-05,0,OK
2019-04-08,0.8956642074489501,0.10433579255104987,0.999960350487786,3.9649512708230797e-05,0,OK
2019-04-09,0.9269519444703035,0.07304805552969654,0.999956664187691,4.3335813205403275e-05,0,OK
2019-04-10,0.9488586240187071,0.05114137598129283,0.9999742096312481,2.579036835082964e-05,0,OK
2019-04-11,0.9641922404459504,0.03580775955404962,0.9999706787754377,2.9321223815494857e-05,0,OK
2019-04-12,0.9749213362283727,0.025078663771627263,0.999955893053574,4.410694597509947e-05,0,OK
2019-04-15,0.982432806466007,0.01756719353399309,0.9999595703544683,4.042964618002915e-05,0,OK
2019-04-16,0.9876901411736438,0.012309858826356112,0.9999572554920484,4.274450853650131e-05,0,OK
2019-04-17,0.9913752675830405,0.008624732416959525,0.9999738958709933,2.610412836749174e-05,0,OK
2019-04-18,0.9939473823824343,0.006052617617565717,0.9999489835817116,5.101641898016576e-05,0,OK
2019-04-23,0.9957526517571067,0.0042473482428932565,0.9999649469641637,3.505303532418186e-05,0,OK
2019-04-24,0.99702092877667,0.0029790712233299693,0.999980241822977,1.975817768229959e-05,0,OK
2019-04-25,0.9979069431941499,0.0020930568058501525,0.9999743101678424,2.568983173057985e-05,0,OK
2019-04-26,0.9985276600060837,0.001472339993916246,0.9999759992339792,2.4000766070464403e-05,0,OK
2019-04-29,0.9989613202308328,0.0010386797691671423,0.9999731940888867,2.6805911419233994e-05,0,OK
2019-04-30,0.999263449239193,0.0007365507608070776,0.9999684169255377,3.158307463359334e-05,0,OK
2019-05-02,0.9994769421119579,0.0005230578880420774,0.9999750921479743,2.4907851590410355e-05,0,OK
2019-05-03,0.9996211277813,0.00037887221870000606,0.9999575610092284,4.2438990235172874e-05,0,OK
2019-05-06,0.9997200623561063,0.00027993764389364425,0.9999509096968511,4.909030267879999e-05,0,OK
2019-05-07,0.9997571800861527,0.00024281991384736136,0.9998437881227995,0.0001562118770727013,0,OK
2019-05-08,0.9998048673519496,0.0001951326480503768,0.9999161376386759,8.386236119074621e-05,0,OK
2019-05-09,0.9991330523924594,0.0008669476075405361,0.9975654841544301,0.0024345158463509077,0,OK
2019-05-10,0.9993768774144957,0.000623122585504389,0.9999458024657507,5.4197534086712725e-05,0,OK
2019-05-13,0.9995414494671507,0.0004585505328492967,0.9999254509234156,7.454907665408128e-05,0,OK
2019-05-14,0.9994256166143479,0.000574383385652118,0.9991553399582802,0.0008446600421920347,0,OK
2019-05-15,0.9995632751788326,0.0004367248211673599,0.9998844784960749,0.00011552150403625756,0,OK
2019-05-16,0.999575347345954,0.0004246526540460098,0.9996035157367605,0.0003964842640961929,0,OK
2019-05-17,0.9996878365692639,0.0003121634307361061,0.9999503114244063,4.968857634633087e-05,0,OK
2019-05-20,0.9997639779377209,0.00023602206227909053,0.9999416411305064,5.8358869212721025e-05,0,OK
2019-05-21,0.9998217240443887,0.00017827595561123807,0.9999564649606166,4.353504005291566e-05,0,OK
2019-05-22,0.9998274682869281,0.0001725317130718702,0.9998408715203585,0.0001591284804800119,0,OK
2019-05-23,0.9957994276671767,0.004200572332823302,0.9864006662205481,0.013599333778909978,0,OK
2019-05-24,0.997017584407381,0.002982415592619076,0.9998599501340306,0.00014004986547588196,0,OK
2019-05-27,0.9979053945463875,0.0020946054536125527,0.9999769515380214,2.3048462597331772e-05,0,OK
2019-05-28,0.9985250430450705,0.0014749569549295197,0.999970889542858,2.91104580024429e-05,0,OK
2019-05-29,0.9989582949633337,0.0010417050366663128,0.9999692161063519,3.078389405216396e-05,0,OK
2019-05-31,0.9992508592018539,0.0007491407981461137,0.9999335090911706,6.64909082656495e-05,0,OK
2019-06-03,0.9994607542726368,0.0005392457273631476,0.9999505094370489,4.94905622028935e-05,0,OK
2019-06-04,0.9995924515093448,0.00040754849065511006,0.9998997450620608,0.00010025493833635579,0,OK
2019-06-05,0.9997063389042555,0.00029366109574451704,0.9999720761594972,2.7923840953133417e-05,0,OK
2019-06-06,0.9997806429580082,0.00021935704199187094,0.999954019084138,4.598091656903002e-05,0,OK
2019-06-07,0.9998304900277911,0.00016950997220890827,0.9999467998568474,5.3200142715328744e-05,0,OK
2019-06-11,0.9998724030237891,0.00012759697621092213,0.9999702000152086,2.9799985548954472e-05,0,OK
2019-06-12,0.9999039633692032,9.603663079685834e-05,0.9999776041747708,2.2395824830709483e-05,0,OK
2019-06-13,0.9999264854596681,7.35145403319363e-05,0.9999790370034971,2.0962995913784922e-05,0,OK
2019-06-14,0.9999423944290968,5.7605570903199445e-05,0.9999795153568739,2.0484642236146787e-05,0,OK
2019-06-17,0.999953604263144,4.6395736856013345e-05,0.999979760542558,2.0239457412579114e-05,0,OK
2019-06-18,0.9999369628102832,6.303718971673486e-05,0.9998981327527584,0.00010186724639175173,0,OK
2019-06-19,0.9999441637359463,5.583626405371497e-05,0.9999609658949916,3.903410417333522e-05,0,OK
2019-06-20,0.9999500412649857,4.9958735014395524e-05,0.9999637554994586,3.624450058931682e-05,0,OK
2019-06-21,0.9999539564165639,4.604358343606717e-05,0.999963091770865,3.690822975330103e-05,0,OK
2019-06-24,0.999956808540056,4.319145994404513e-05,0.9999634634949833,3.653650512932703e-05,0,OK
2019-06-25,0.9999362803995766,6.371960042335464e-05,0.9998883814057611,0.00011161859487507682,0,OK
2019-06-26,0.9999313388359554,6.86611640446067e-05,0.9999198085201798,8.019147916086153e-05,0,OK
2019-06-27,0.9999038754506916,9.612454930835895e-05,0.9998397942176607,0.00016020578159044754,0,OK
2019-06-28,0.9989001691939899,0.0010998308060100094,0.9965581879276205,0.0034418120716471936,0,OK
2019-07-01,0.9991588313851003,0.0008411686148996793,0.9997623764982938,0.00023762350230890921,0,OK
2019-07-02,0.9993807736466622,0.0006192263533377545,0.999898638924251,0.00010136107635993002,0,OK
2019-07-03,0.9989321232936179,0.0010678767063820554,0.9978852724702696,0.0021147275301520913,0,OK
2019-07-04,0.9992248231956743,0.0007751768043257111,0.9999077896343119,9.221036619424114e-05,0,OK
2019-07-05,0.9994427149875427,0.0005572850124573845,0.9999511291690001,4.887083143128909e-05,0,OK
2019-07-08,0.9995968373770405,0.0004031626229595275,0.9999564562862339,4.35437141311944e-05,0,OK
2019-07-09,0.9997074991369461,0.00029250086305385024,0.9999657099091777,3.4290089940603324e-05,0,OK
2019-07-10,0.9997858235574633,0.00021417644253669637,0.9999685805384804,3.141946133000407e-05,0,OK
2019-07-11,0.9998387305524773,0.0001612694475227208,0.9999621802074723,3.781979249011116e-05,0,OK
2019-07-12,0.9998714169889509,0.0001285830110491189,0.9999476853414645,5.2314659277381196e-05,0,OK
2019-07-15,0.9998945465706118,0.00010545342938815492,0.9999485155942757,5.148440551257229e-05,0,OK
2019-07-16,0.9999072575015117,9.274249848831192e-05,0.9999369163396039,6.308365972201163e-05,0,OK
2019-07-17,0.999925203671307,7.47963286930537e-05,0.9999670780670094,3.292193250411782e-05,0,OK
2019-07-18,0.9999411008125636,5.889918743644737e-05,0.9999781941418497,2.1805857837699284e-05,0,OK
2019-07-19,0.9999505688922615,4.9431107738500895e-05,0.9999726610775762,2.733892177662578e-05,0,OK
2019-07-22,0.9999569715854898,4.302841451022541e-05,0.9999719112036062,2.8088796977582626e-05,0,OK
2019-07-23,0.9999621242206073,3.787577939275486e-05,0.9999741470359821,2.5852964118656925e-05,0,OK
2019-07-24,0.9999673436232066,3.2656376793365504e-05,0.9999795222288751,2.0477770728123664e-05,0,OK
2019-07-25,0.9999486303749484,5.136962505158319e-05,0.999904966128633,9.503387098742445e-05,0,OK
2019-07-26,0.9999525401960859,4.745980391412531e-05,0.9999616631121226,3.833688792672363e-05,0,OK
2019-07-29,0.9999546431935846,4.5356806415324536e-05,0.9999595501881483,4.044981225145607e-05,0,OK
2019-07-30,0.9994948149095544,0.0005051850904455795,0.9984218822470402,0.0015781177531828412,0,OK
2019-07-31,0.9963351361465245,0.0036648638534755077,0.9889625523658213,0.011037447633878674,0,OK
2019-08-02,0.7766816779200763,0.22331832207992378,0.2641569420581585,0.7358430579416364,0,OK
2019-08-05,0.7980321647465954,0.20196783525340456,0.8478499673413392,0.15215003265819302,0,OK
2019-08-06,0.8517787115946109,0.14822128840538906,0.9771873209071911,0.022812679093352953,0,OK
2019-08-07,0.8945907110237795,0.10540928897622048,0.9944853763579846,0.005514623641493798,0,OK
2019-08-08,0.9237045825377009,0.07629541746229909,0.9916369494038579,0.008363050596482532,0,OK
2019-08-09,0.9463481561137095,0.053651843886290525,0.9991831611251716,0.0008168388756038747,0,OK
2019-08-12,0.9622916711139528,0.0377083288860473,0.9994932061136125,0.0005067938854797576,0,OK
2019-08-13,0.9733923083224935,0.026607691677506526,0.999293795143135,0.0007062048575780581,0,OK
2019-08-14,0.9805970960046406,0.01940290399535933,0.9974082672632433,0.0025917327370158713,0,OK
2019-08-15,0.9852376932054804,0.014762306794519607,0.996065753341205,0.003934246659226922,0,OK
2019-08-16,0.986505705486499,0.013494294513500997,0.9894644008080611,0.01053559919112424,0,OK
2019-08-19,0.9902197087005314,0.009780291299468592,0.9988857162005985,0.0011142838000596528,0,OK
2019-08-20,0.9930131706623446,0.006986829337655424,0.9995312485738873,0.0004687514267580341,0,OK
2019-08-21,0.9947356724170279,0.0052643275829721255,0.9987548431783051,0.0012451568220444285,0,OK
2019-08-22,0.9962521023523684,0.003747897647631625,0.9997904388677646,0.00020956113183712418,0,OK
2019-08-23,0.9973265153784925,0.002673484621507517,0.9998334791052785,0.0001665208938846006,0,OK
2019-08-26,0.9981070454575807,0.0018929545424192977,0.9999282823080323,7.171769121345302e-05,0,OK
2019-08-27,0.99866345209929,0.0013365479007100157,0.9999617342628059,3.8265736721691086e-05,0,OK
2019-08-28,0.999053703340245,0.0009462966597549863,0.9999642895682741,3.571043085991796e-05,0,OK
2019-08-29,0.9993027510108191,0.0006972489891809079,0.9998838622429219,0.00011613775784139174,0,OK
2019-08-30,0.9995015396476884,0.0004984603523115742,0.9999653798012601,3.462019961646218e-05,0,OK
2019-09-02,0.9996442304167715,0.0003557695832284222,0.9999771755450664,2.282445536773418e-05,0,OK
2019-09-03,0.9997445920927039,0.00025540790729609874,0.9999787693357585,2.123066345401066e-05,0,OK
2019-09-04,0.999812986586463,0.00018701341353696927,0.9999725737393726,2.742626143233384e-05,0,OK
2019-09-05,0.9998200914896934,0.0001799085103065893,0.9998366695975476,0.00016333040276903608,0,OK
2019-09-06,0.9998600900853962,0.00013990991460375917,0.9999534201422948,4.6579857963822236e-05,0,OK
2019-09-09,0.9998863963123811,0.00011360368761887123,0.9999477775084779,5.222249132079935e-05,0,OK
2019-09-10,0.9999033900190528,9.660998094721871e-05,0.9999430420008075,5.695799871336286e-05,0,OK
2019-09-11,0.9999123119231969,8.768807680314836e-05,0.9999331296989277,6.687030046698425e-05,0,OK
2019-09-12,0.9999266513348793,7.334866512067328e-05,0.9999601099614693,3.989003786156475e-05,0,OK
2019-09-13,0.9999394861095766,6.051389042340642e-05,0.9999694339163755,3.0566082796450426e-05,0,OK
2019-09-16,0.9998120032342218,0.00018799676577822396,0.999514543191227,0.00048545680827279824,0,OK
2019-09-17,0.9998592244641511,0.0001407755358488491,0.9999694073344773,3.0592666013641164e-05,0,OK
2019-09-18,0.9998913619534031,0.00010863804659687722,0.9999663494277556,3.3650571675609566e-05,0,OK
2019-09-19,0.999908300828636,9.169917136398221e-05,0.9999478248706706,5.2175129153893886e-05,0,OK
2019-09-20,0.9999236342320795,7.636576792049628e-05,0.9999594121742817,4.058782655236247e-05,0,OK
2019-09-23,0.9999390141067189,6.098589328111145e-05,0.9999749004803964,2.509951912254685e-05,0,OK
2019-09-24,0.9999514666164188,4.853338358120584e-05,0.9999805224729842,1.9477527614759432e-05,0,OK
2019-09-25,0.9999552942253067,4.470577469331056e-05,0.9999642253129511,3.577468728822157e-05,0,OK
2019-09-26,0.999962219402279,3.778059772094643e-05,0.9999783781486412,2.16218514520968e-05,0,OK
2019-09-27,0.9999639324283679,3.606757163210029e-05,0.9999679294900904,3.207051075812596e-05,0,OK
2019-09-30,0.9999659815926951,3.401840730492797e-05,0.9999707629758108,2.9237023874859224e-05,0,OK
2019-10-01,0.9998866331090649,0.00011336689093506655,0.9997014866481674,0.0002985133527387233,0,OK
2019-10-02,0.9952371834996067,0.0047628165003933565,0.9843884677439357,0.015611532255796035,0,OK
2019-10-03,0.9965524553539424,0.0034475446460576027,0.999621423013367,0.0003785769859408442,0,OK
2019-10-04,0.9975393261708875,0.0024606738291125608,0.9998420247441127,0.00015797525624079752,0,OK
2019-10-07,0.9982501532360254,0.001749846763974654,0.9999087497216192,9.125027865287226e-05,0,OK
2019-10-08,0.9987254577486838,0.0012745422513162114,0.9998345016113649,0.00016549838844651227,0,OK
2019-10-09,0.9988996879583888,0.001100312041611157,0.9993062251150086,0.0006937748856326968,0,OK
2019-10-10,0.99376736080324,0.00623263919675996,0.9817919307746875,0.0182080692254405,0,OK
2019-10-11,0.7935569549323223,0.20644304506767777,0.326399341234038,0.673600658766486,0,OK
2019-10-14,0.8510873471128486,0.14891265288715133,0.9853249288678888,0.014675071132589607,0,OK
2019-10-15,0.8956914474714297,0.1043085525285703,0.9997676816418951,0.00023231835854791198,0,OK
2019-10-16,0.926974039150279,0.07302596084972104,0.9999667530680114,3.324693240609989e-05,0,OK
2019-10-17,0.9488631815286528,0.051136818471347247,0.9999378470782057,6.21529218083975e-05,0,OK
2019-10-18,0.9641962359215134,0.03580376407848662,0.9999733628374814,2.663716181184727e-05,0,OK
2019-10-21,0.9749274561537605,0.02507254384623948,0.9999669700298774,3.302997099616234e-05,0,OK
2019-10-22,0.9824393935787751,0.017560606421224915,0.9999672475712467,3.2752429524273646e-05,0,OK
2019-10-23,0.9876994052691038,0.01230059473089616,0.9999727658794288,2.723412012906899e-05,0,OK
2019-10-24,0.9913748951821313,0.00862510481786869,0.999951038313105,4.8961687471257216e-05,0,OK
2019-10-25,0.9939486119872484,0.00605138801275167,0.9999539511989394,4.604880081196105e-05,0,OK
2019-10-28,0.995753583454146,0.004246416545853991,0.9999651835427554,3.481645642607284e-05,0,OK
2019-10-29,0.9970034421029279,0.00299655789707214,0.9999197789494221,8.022104991448924e-05,0,OK
2019-10-30,0.9978883958943743,0.0021116041056257334,0.9999532880752728,4.6711925584118966e-05,0,OK
2019-10-31,0.998510765235784,0.0014892347642160425,0.9999629603664721,3.7039634260097584e-05,0,OK
2019-11-01,0.9989508873579156,0.0010491126420844462,0.9999778389756058,2.216102377738886e-05,0,OK
2019-11-04,0.9992563304263561,0.0007436695736439512,0.9999690309189398,3.096908061612974e-05,0,OK
2019-11-05,0.9994671503619263,0.000532849638073609,0.9999590635446132,4.093645507614365e-05,0,OK
2019-11-06,0.9996178675191743,0.00038213248082575625,0.9999695408860594,3.045911391409984e-05,0,OK
2019-11-07,0.9997024354205181,0.0002975645794819469,0.9998997605237396,0.00010023947634639196,0,OK
2019-11-08,0.9997830216028004,0.00021697839719962556,0.9999710560283063,2.894397187420914e-05,0,OK
2019-11-11,0.9998421543713744,0.00015784562862559056,0.9999801308322618,1.9869168619508895e-05,0,OK
2019-11-12,0.9998824268630511,0.00011757313694889934,0.9999763960097884,2.3603989703286485e-05,0,OK
2019-11-13,0.9999106765904987,8.932340950126379e-05,0.9999765926215504,2.340737879011417e-05,0,OK
2019-11-14,0.9999303270851323,6.967291486766465e-05,0.999976178240084,2.3821760722600006e-05,0,OK
2019-11-15,0.9999396050523927,6.039494760729838e-05,0.9999612536424674,3.8746357333110426e-05,0,OK
2019-11-18,0.9999488495122136,5.1150487786336344e-05,0.9999704199190415,2.958008153742494e-05,0,OK
2019-11-19,0.99995525402782,4.4745972179922725e-05,0.999970197897968,2.98021024316243e-05,0,OK
2019-11-20,0.999959356916268,4.0643083731929664e-05,0.9999689303228515,3.1069677353279196e-05,0,OK
2019-11-21,0.9999645038269042,3.549617309585292e-05,0.9999765132845498,2.34867149450072e-05,0,OK
2019-11-22,0.9999661150550505,3.3884944949546565e-05,0.9999698745877464,3.0125412608165066e-05,0,OK
2019-11-25,0.9999690550862694,3.094491373058662e-05,0.9999759151586725,2.408484088634676e-05,0,OK
2019-11-26,0.9999724336227208,2.7566377279163568e-05,0.9999803168748187,1.9683125559176454e-05,0,OK
2019-11-27,0.9999744749831112,2.5525016888771405e-05,0.9999792381577006,2.0761842644523026e-05,0,OK
2019-11-28,0.9999726567668898,2.734323311018224e-05,0.9999684142626213,3.158573762680753e-05,0,OK
2019-11-29,0.9999457799709466,5.4220029053447615e-05,0.9998830674462801,0.00011693255292106684,0,OK
2019-12-02,0.995436145133942,0.004563854866058024,0.9849136638471279,0.015086336152402038,0,OK
2019-12-03,0.971456229470972,0.028543770529027974,0.9155030929237851,0.08449690707595786,0,OK
2019-12-04,0.8622611060615384,0.1377388939384616,0.607472484773184,0.39252751522714,0,OK
2019-12-05,0.7559132040703889,0.2440867959296111,0.5077680994235504,0.49223190057562666,0,OK
2019-12-06,0.5291392428492723,0.4708607571507277,6.051655112064881e-18,1.0,0,OK
2019-12-09,0.3708406935509927,0.6291593064490073,0.0014774118545673913,0.9985225881449934,1,OK
2019-12-10,0.4729714238141979,0.5270285761858021,0.7112764610943006,0.2887235389049901,1,OK
2019-12-11,0.6225842204795589,0.37741577952044114,0.97168074603246,0.02831925396793218,0,OK
2019-12-12,0.734707044636903,0.26529295536309705,0.9963269676708835,0.0036730323292942556,0,OK
2019-12-13,0.8140759943404707,0.1859240056595293,0.999270210316008,0.0007297896845378893,0,OK
2019-12-16,0.8696456512909142,0.13035434870908577,0.999308184174489,0.0006918158247175883,0,OK
2019-12-17,0.907610017502599,0.09238998249740103,0.9961935386625085,0.003806461336803345,0,OK
2019-12-18,0.9339830175745149,0.06601698242548519,0.9955200177416975,0.004479982257681571,0,OK
2019-12-19,0.9410378826304918,0.05896211736950816,0.9574992344283937,0.042500765572228434,0,OK
2019-12-20,0.7572429914558596,0.2427570085441404,0.32838824538121364,0.6716117546182824,0,OK
2019-12-23,0.6430918418736555,0.35690815812634447,0.37673915951515585,0.6232608404848208,0,OK
2019-12-27,0.5599101436861439,0.4400898563138561,0.36581951458167855,0.63418048541805,0,OK
2019-12-30,0.4290421387490907,0.5709578612509093,0.12368346056302426,0.8763165394373668,1,OK
2020-01-03,0.3148500377551524,0.6851499622448476,0.0484018021021497,0.9515981978973701,1,OK
2020-01-06,0.4837858907422089,0.5162141092577911,0.8779695477117921,0.12203045228799266,1,OK
2020-01-07,0.6363849249757418,0.3636150750242581,0.9924493381878854,0.007550661812681132,0,OK
2020-01-08,0.7453933852222181,0.25460661477778196,0.99974645913054,0.0002535408693376518,0,OK
2020-01-09,0.8217595148602157,0.17824048513978424,0.9999471506831011,5.284931778961957e-05,0,OK
2020-01-10,0.875211993565891,0.124788006434109,0.9999344438790436,6.555612086682655e-05,0,OK
2020-01-13,0.9126326349068089,0.08736736509319111,0.9999474647023415,5.253529771602417e-05,0,OK
2020-01-14,0.9388200816094274,0.061179918390572526,0.9999241239158467,7.587608446251258e-05,0,OK
2020-01-15,0.9571605804236869,0.04283941957631309,0.9999550776569319,4.49223430410866e-05,0,OK
2020-01-16,0.9700031904913713,0.029996809508628732,0.9999692806493871,3.071935069856387e-05,0,OK
2020-01-17,0.9789899559011248,0.02101004409887518,0.9999590751911257,4.092480945023084e-05,0,OK
2020-01-20,0.985274164912178,0.014725835087821939,0.9999373192713497,6.268072869771404e-05,0,OK
2020-01-21,0.9896669580597296,0.010333041940270378,0.9999168087369558,8.319126265007202e-05,0,OK
2020-01-22,0.9927428973438942,0.007257102656105788,0.9999200890077186,7.991099305507915e-05,0,OK
2020-01-23,0.9948857725210324,0.005114227478967629,0.9998858146013206,0.00011418539897859455,0,OK
2020-01-24,0.9946038534543127,0.005396146545687295,0.9939460422988324,0.006053957701366516,0,OK
2020-01-27,0.9011578780219475,0.09884212197805255,0.6831172686797446,0.31688273132023814,0,OK
2020-01-28,0.9269841821638763,0.07301581783612367,0.9872455584958789,0.01275444150495629,0,OK
2020-01-29,0.9488451758630475,0.051154824136952486,0.9998541611602153,0.00014583883888641836,0,OK
2020-01-30,0.9641802113541671,0.03581978864583294,0.9999619608329384,3.803916655401518e-05,0,OK
2020-01-31,0.974766108717516,0.025233891282483985,0.9994665358984484,0.0005334641013364236,0,OK
2020-02-03,0.9823278858275875,0.017672114172412542,0.9999720324176625,2.796758224584553e-05,0,OK
2020-02-04,0.9874378210885574,0.012562178911442623,0.999361003363585,0.0006389966358461466,0,OK
2020-02-05,0.9911866580722889,0.008813341927711056,0.9999339443683136,6.605563233739951e-05,0,OK
2020-02-06,0.9938193773153178,0.006180622684682205,0.999962388883161,3.76111176148867e-05,0,OK
2020-02-07,0.9956662836936813,0.004333716306318685,0.9999757319090155,2.426809013714025e-05,0,OK
2020-02-10,0.9969495495014432,0.0030504504985568314,0.999943836386763,5.616361377917293e-05,0,OK
2020-02-11,0.9978549075245374,0.0021450924754625638,0.9999674095778827,3.259042157593895e-05,0,OK
2020-02-12,0.9982977444678849,0.0017022555321150794,0.9993310306694917,0.0006689693309709493,0,OK
2020-02-13,0.998749368103196,0.0012506318968039144,0.9998031565850085,0.0001968434144111969,0,OK
2020-02-14,0.9990651167088413,0.0009348832911586468,0.9998018634552998,0.00019813654465302273,0,OK
2020-02-17,0.9983409244200157,0.0016590755799843872,0.9966511424125579,0.003348857587244448,0,OK
2020-02-18,0.9887523138274334,0.011247686172566503,0.966378889111055,0.03362111088859144,0,OK
2020-02-19,0.6921266196792035,0.30787338032079653,1.70348108301301e-13,1.0,0,OK
2020-02-20,0.48606096886749506,0.5139390311325049,0.0052411169743338355,0.9947588830264913,1,OK
2020-02-21,0.3515054023912034,0.6484945976087966,0.03754241394702451,0.9624575860534771,1,OK
2020-02-24,0.24709490079926077,0.7529050992007392,0.003470397084604736,0.9965296029152723,1,OK
2020-02-25,0.1730105717665953,0.8269894282334047,0.00014713735742710897,0.999852862642958,1,OK
2020-02-26,0.12110767998468752,0.8788923200153125,9.324938620680995e-07,0.999999067506431,1,OK
2020-02-27,0.08477538306696908,0.9152246169330309,2.359165935210493e-08,0.9999999764077078,1,OK
2020-02-28,0.059342768222730324,0.9406572317772697,2.5307511353665207e-10,0.9999999997471605,1,OK
2020-03-02,0.041539937756456924,0.9584600622435431,1.4957591108325577e-12,0.999999999998181,1,OK
2020-03-03,0.029077956429519825,0.9709220435704802,4.1930776816975596e-13,1.0,1,OK
2020-03-04,0.020354569500663944,0.9796454304993361,1.9560266480576426e-13,1.0,1,OK
2020-03-05,0.014248198650464783,0.9857518013495352,1.9518931401041784e-14,1.0,1,OK
2020-03-06,0.009973739055325392,0.9900262609446746,3.818633027633539e-15,1.0,1,OK
2020-03-09,0.006981617338727819,0.9930183826612722,7.085398312974128e-21,1.0,1,OK
2020-03-10,0.004887132137109562,0.9951128678628904,9.503999058594906e-19,1.0,1,OK
2020-03-11,0.0034209924959767157,0.9965790075040233,5.651221036715584e-17,1.0,1,OK
2020-03-12,0.00239469474718379,0.9976053052528162,7.497485365676886e-28,1.0,1,OK
2020-03-13,0.0016762863230286307,0.9983237136769714,1.7664956998039183e-22,1.0,1,OK
2020-03-16,0.0011734004261201303,0.9988265995738799,1.942325807243822e-20,1.0,1,OK
2020-03-17,0.0008213802982841578,0.9991786197017158,3.825158192378333e-14,1.0,1,OK
2020-03-18,0.0005749665896953582,0.9994250334103046,1.2691231383755951e-09,0.9999999987303454,1,OK
2020-03-19,0.0006993239740693546,0.9993006760259306,0.0009894912050201214,0.9990105087957245,1,OK
2020-03-20,0.013016808792121193,0.9869831912078788,0.04175760670139248,0.9582423932990916,1,OK
2020-03-23,0.044844626039562074,0.9551553739604379,0.11910953295002312,0.8808904670497427,1,OK
2020-03-24,0.07529596226828617,0.9247040377317138,0.14634908013596648,0.853650919864691,1,OK
2020-03-25,0.26277841954317227,0.7372215804568277,0.7002374865187151,0.29976251348209365,1,OK
2020-03-26,0.4623540088554924,0.5376459911445076,0.9280303839182568,0.07196961608242759,1,OK
2020-03-27,0.6221428162882278,0.37785718371177224,0.9949833669643633,0.005016633035389816,0,OK
2020-03-30,0.7351244830336598,0.2648755169663402,0.9987483721066194,0.0012516278936654192,0,OK
2020-03-31,0.8144878336267195,0.18551216637328047,0.9996689850109289,0.0003310149894744618,0,OK
2020-04-01,0.8700796741874914,0.1299203258125085,0.9997939688289119,0.00020603117070732484,0,OK
2020-04-02,0.9089638974225409,0.09103610257745912,0.9996937516380604,0.0003062483623439014,0,OK
2020-04-03,0.9359020674357389,0.06409793256426106,0.9987577974673492,0.0012422025334655946,0,OK
2020-04-06,0.948350080416003,0.05164991958399697,0.9773954440363708,0.022604555963380752,0,OK
2020-04-07,0.9619789675452188,0.03802103245478113,0.9937797041805446,0.006220295819944184,0,OK
2020-04-08,0.9723186345350429,0.02768136546495715,0.9964445241773676,0.003555475822034516,0,OK
2020-04-09,0.9798555959238608,0.020144404076139173,0.9974418391650396,0.002558160835563902,0,OK
2020-04-14,0.9852841745334125,0.014715825466587493,0.9979508579560834,0.002049142044300246,0,OK
2020-04-15,0.9869976041332429,0.013002395866757135,0.9909956065334504,0.00900439346715297,0,OK
2020-04-16,0.9907652095597823,0.0092347904402177,0.999556288888657,0.0004437111116256898,0,OK
2020-04-17,0.9934930898827864,0.006506910117213615,0.9998581439702828,0.0001418560302040835,0,OK
2020-04-20,0.995336563912625,0.004663436087374953,0.999638003315587,0.00036199668441807376,0,OK
2020-04-21,0.9958332441036696,0.004166755896330451,0.9969921645492661,0.0030078354505599487,0,OK
2020-04-22,0.9964954290141883,0.003504570985811726,0.9980405271394521,0.0019594728612680333,0,OK
2020-04-23,0.9972365029773578,0.0027634970226421965,0.9989656755583474,0.001034324441913295,0,OK
2020-04-24,0.992078347706023,0.007921652293976985,0.9800426520737718,0.01995734792709149,0,OK
2020-04-27,0.6944548433942161,0.30554515660578385,1.0914991297977858e-72,1.0,0,OK
2020-04-28,0.7789808326256583,0.2210191673743417,0.9762081408323307,0.023791859167643464,0,OK
2020-04-29,0.8450792877236801,0.15492071227631987,0.9993090162848253,0.0006909837142690069,0,OK
2020-04-30,0.8914802673874141,0.10851973261258581,0.9997492199365994,0.00025078006387299493,0,OK
2020-05-04,0.9239784365104036,0.07602156348959639,0.9998074977965826,0.0001925022026210959,0,OK
2020-05-05,0.9466308602391269,0.05336913976087315,0.9994865156056028,0.0005134843938522683,0,OK
2020-05-06,0.9618575711699052,0.038142428830094784,0.9973865633412506,0.002613436658278605,0,OK
2020-05-07,0.9388768911991919,0.061123108800808054,0.8852553046006607,0.11474469539913902,0,OK
2020-05-08,0.9569497684961773,0.04305023150382268,0.9991198155216817,0.000880184477523483,0,OK
2020-05-11,0.9698246564784309,0.0301753435215691,0.999866061770442,0.00013393822964409088,0,OK
2020-05-12,0.9788617662460777,0.021138233753922344,0.9999483557042572,5.164429607991647e-05,0,OK
2020-05-13,0.9843594645019198,0.015640535498080147,0.9971874270990413,0.0028125729011150313,0,OK
2020-05-14,0.9889572707548724,0.011042729245127593,0.9996854853443058,0.0003145146549049708,0,OK
2020-05-15,0.9922383963075903,0.007761603692409721,0.9998943559313147,0.00010564406940135331,0,OK
2020-05-18,0.993594501058637,0.006405498941362948,0.9967587454786018,0.0032412545222538116,0,OK
2020-05-19,0.9954451278272541,0.004554872172745909,0.9997632569531348,0.00023674304597282297,0,OK
2020-05-20,0.9967709821590782,0.0032290178409218207,0.9998646422658376,0.00013535773333228204,0,OK
2020-05-22,0.9975620538278847,0.0024379461721153886,0.9994078877214898,0.0005921122782337136,0,OK
2020-05-25,0.9981739471597658,0.001826052840234132,0.9996016982666114,0.00039830173251119975,0,OK
2020-05-26,0.9987093592927966,0.0012906407072033816,0.9999586542706462,4.134573013163045e-05,0,OK
2020-05-27,0.9990750475240756,0.0009249524759244428,0.9999283200639071,7.167993627358576e-05,0,OK
2020-05-28,0.9993362155494021,0.0006637844505979302,0.9999456076079962,5.43923915027344e-05,0,OK
2020-05-29,0.9992243754297893,0.0007756245702107722,0.998963415151264,0.0010365848493074038,0,OK
2020-06-02,0.9833032540567517,0.01669674594324836,0.9461539708524691,0.05384602914700274,0,OK
2020-06-03,0.8149967305990187,0.18500326940098136,0.42228150919838836,0.5777184908023584,0,OK
2020-06-04,0.7297932038284896,0.27020679617151044,0.5309849746976447,0.469015025302745,0,OK
2020-06-05,0.5108667903121009,0.48913320968789903,3.849210707238698e-05,0.9999615078928058,0,OK
2020-06-08,0.6544064427665925,0.34559355723340746,0.9893322984935458,0.010667701506260504,0,OK
2020-06-09,0.7578947574545185,0.24210524254548146,0.9993674917257429,0.0006325082736541841,0,OK
2020-06-10,0.8304835569115997,0.1695164430884003,0.9998574223106671,0.00014257768854430096,0,OK
2020-06-11,0.8806818607795533,0.11931813922044668,0.9978112364721909,0.002188763528554912,0,OK
2020-06-12,0.9163832020189588,0.08361679798104114,0.9996863315778882,0.00031366842242828714,0,OK
2020-06-15,0.9414038473576771,0.05859615264232283,0.9997853531482849,0.00021464685198013272,0,OK
2020-06-16,0.9589250975292571,0.04107490247074281,0.9998080145957929,0.00019198540372276435,0,OK
2020-06-17,0.9712327769079155,0.02876722309208444,0.9999506954577247,4.93045418815803e-05,0,OK
2020-06-18,0.9798485394831382,0.02015146051686175,0.9999519854913559,4.801450800880999e-05,0,OK
2020-06-19,0.9858823006098317,0.01411769939016825,0.9999610765725446,3.8923427883416266e-05,0,OK
2020-06-22,0.9901046012052684,0.009895398794731555,0.9999566359272778,4.3364072045936606e-05,0,OK
2020-06-23,0.9930449102526123,0.006955089747387638,0.9999056313628218,9.436863691850274e-05,0,OK
2020-06-24,0.9943822210403938,0.005617778959606213,0.99750261287842,0.0024973871214495585,0,OK
2020-06-25,0.9959760446103809,0.004023955389619076,0.9996949662734096,0.0003050337263157562,0,OK
2020-06-26,0.9971329934617121,0.0028670065382878146,0.9998325407816975,0.00016745921851487163,0,OK
2020-06-29,0.9979143493120793,0.0020856506879206997,0.999737512962838,0.0002624870370640976,0,OK
2020-06-30,0.9985229216121366,0.0014770783878633622,0.9999429236459157,5.7076354396242516e-05,0,OK
2020-07-01,0.9989203378514964,0.001079662148503665,0.9998476424104296,0.00015235758999770517,0,OK
2020-07-02,0.9991633609570063,0.0008366390429936771,0.9997304148703859,0.00026958513013703903,0,OK
2020-07-03,0.9993815088771031,0.0006184911228969409,0.9998905206900416,0.00010947930933788974,0,OK
2020-07-06,0.9995475307305813,0.00045246926941866494,0.9999349150556501,6.508494463602122e-05,0,OK
2020-07-07,0.9996737359792965,0.0003262640207034161,0.9999682148931481,3.1785107034502255e-05,0,OK
2020-07-08,0.999757201606471,0.0002427983935290532,0.9999519547373602,4.804526345553984e-05,0,OK
2020-07-09,0.9998054166568271,0.00019458334317293496,0.9999179184416042,8.208155900865908e-05,0,OK
2020-07-10,0.9998456085162098,0.00015439148379012746,0.9999393895210971,6.061047856357658e-05,0,OK
2020-07-13,0.9998736276202895,0.00012637237971052081,0.9999390055303171,6.099447019143864e-05,0,OK
2020-07-14,0.9998660563331664,0.00013394366683365608,0.9998483899960238,0.0001516100034543051,0,OK
2020-07-15,0.9998351437472013,0.0001648562527987707,0.999763014379247,0.00023698562005070484,0,OK
2020-07-16,0.9998625092633759,0.0001374907366240032,0.9999263621350261,7.363786554954581e-05,0,OK
2020-07-17,0.9998961597393596,0.00010384026064040812,0.9999746775161156,2.532248334535296e-05,0,OK
2020-07-20,0.9999071879178801,9.281208211988436e-05,0.9999329203345375,6.70796655719956e-05,0,OK
2020-07-21,0.9999092482822745,9.07517177256006e-05,0.9999140557983557,8.59442008056052e-05,0,OK
2020-07-22,0.9999278891677787,7.211083222121796e-05,0.9999713845665359,2.8615432710991793e-05,0,OK
2020-07-23,0.9999402346534253,5.97653465746752e-05,0.9999690407866518,3.0959213399408766e-05,0,OK
2020-07-24,0.9999437144118466,5.6285588153431666e-05,0.9999518338476833,4.8166151837196766e-05,0,OK
2020-07-27,0.9999539380674877,4.606193251237512e-05,0.9999777932635971,2.220673601657652e-05,0,OK
2020-07-28,0.9999590570002359,4.094299976403886e-05,0.999971001176451,2.8998823351254257e-05,0,OK
2020-07-29,0.9999652586805178,3.474131948226345e-05,0.9999797292674877,2.0270732158120834e-05,0,OK
2020-07-30,0.9998920956668635,0.00010790433313646477,0.9997213819682448,0.00027861803166293454,0,OK
2020-07-31,0.999894993179147,0.00010500682085302739,0.9999017540419465,9.82459588583402e-05,0,OK
2020-08-03,0.9998883574755465,0.00011164252445346556,0.9998728741678353,0.000127125832854488,0,OK
2020-08-04,0.9999088083133496,9.119168665044145e-05,0.9999565269345273,4.347306511005188e-05,0,OK
2020-08-05,0.9999244914461001,7.550855389993388e-05,0.9999610854234026,3.8914577482082865e-05,0,OK
2020-08-06,0.9999281337569343,7.186624306561854e-05,0.9999366324824277,6.336751778554944e-05,0,OK
2020-08-07,0.9999392830057571,6.071699424287609e-05,0.9999652979204713,3.470208032314372e-05,0,OK
2020-08-10,0.9999475447321656,5.2455267834337254e-05,0.9999668220945477,3.31779062144133e-05,0,OK
2020-08-11,0.9999387344706663,6.126552933375942e-05,0.9999181771934676,8.18228061657445e-05,0,OK
2020-08-12,0.9999351483737428,6.485162625721589e-05,0.9999267808138137,7.321918574528102e-05,0,OK
2020-08-13,0.9999426105429455,5.738945705442659e-05,0.999960022271492,3.9977728914584894e-05,0,OK
2020-08-14,0.9999326384822542,6.736151774579262e-05,0.9999093703407393,9.062965935898e-05,0,OK
2020-08-17,0.9999438365432153,5.6163456784677036e-05,0.9999699653525874,3.0034647875407345e-05,0,OK
2020-08-18,0.9999440469965951,5.595300340488781e-05,0.999944538053684,5.546194551871296e-05,0,OK
2020-08-19,0.999949129123068,5.087087693205163e-05,0.9999609874182533,3.9012581828767205e-05,0,OK
2020-08-20,0.9999520041098127,4.799589018733281e-05,0.9999587124122402,4.128758778298889e-05,0,OK
2020-08-21,0.9999336757687033,6.632423129668952e-05,0.9998909096402335,0.00010909036055185519,0,OK
2020-08-24,0.9997006558627961,0.0002993441372039133,0.9991569427495358,0.0008430572509874356,0,OK
2020-08-25,0.9997657412471869,0.00023425875281318337,0.9999176071435321,8.239285590148019e-05,0,OK
2020-08-26,0.9998238602796731,0.0001761397203269437,0.9999594713563396,4.052864452571781e-05,0,OK
2020-08-27,0.9998682414603333,0.00013175853966676198,0.9999717975490712,2.8202451459671346e-05,0,OK
2020-08-28,0.9998884031615621,0.0001115968384378529,0.9999354471319485,6.455286890373172e-05,0,OK
2020-08-31,0.9998516503872196,0.00014834961278045129,0.9997658939141121,0.00023410608624651423,0,OK
2020-09-01,0.9998572951041096,0.0001427048958903943,0.9998704661094646,0.0001295338898135947,0,OK
2020-09-02,0.9998588222227411,0.00014117777725883114,0.9998623854990855,0.0001376145004518505,0,OK
2020-09-03,0.9998393507635805,0.00016064923641945214,0.9997939173584819,0.00020608264112756782,0,OK
2020-09-04,0.9998528536504655,0.00014714634953445673,0.9998843603863747,0.00011563961346946752,0,OK
2020-09-07,0.9998161148065248,0.00018388519347524532,0.999730390837103,0.0002696091626704187,0,OK
2020-09-08,0.9998133265465386,0.0001866734534613114,0.9998068206064844,0.00019317939342879895,0,OK
2020-09-09,0.9997530179516575,0.00024698204834250727,0.9996122978962078,0.00038770210306529775,0,OK
2020-09-10,0.999817921787298,0.00018207821270195085,0.9999693640711388,3.063592954065256e-05,0,OK
2020-09-11,0.9998642866282752,0.00013571337172475117,0.9999724712566876,2.752874277795201e-05,0,OK
2020-09-14,0.9998962829307059,0.00010371706929411581,0.9999709409696496,2.9059030289299986e-05,0,OK
2020-09-15,0.9999190280743261,8.097192567391004e-05,0.9999721000767213,2.7899923893429926e-05,0,OK
2020-09-16,0.9999356520800948,6.434791990521405e-05,0.9999744414263924,2.5558573111590095e-05,0,OK
2020-09-17,0.9999427126599871,5.728734001289615e-05,0.9999591873472474,4.0812653597487725e-05,0,OK
2020-09-18,0.999915217962152,8.478203784802285e-05,0.9998510636668576,0.00014893633279665182,0,OK
2020-09-21,0.9960814063287283,0.003918593671271668,0.9871358458512784,0.012864154149260173,0,OK
2020-09-22,0.9971765272233386,0.002823472776661349,0.9997318093109634,0.0002681906892372715,0,OK
2020-09-23,0.998000774898907,0.00199922510109291,0.9999240194755867,7.598052476655196e-05,0,OK
2020-09-24,0.9985748451189582,0.0014251548810417691,0.9999143422991634,8.565770092244091e-05,0,OK
2020-09-25,0.9970441224557006,0.0029558775442993933,0.9934724362418669,0.006527563758567183,0,OK
2020-09-28,0.8880133793502311,0.11198662064976897,0.6336083121038691,0.3663916878958647,0,OK
2020-09-29,0.920927206602194,0.07907279339780601,0.9977261368560343,0.0022738631432257642,0,OK
2020-09-30,0.9446340293167331,0.05536597068326683,0.9999499489833775,5.005101600874827e-05,0,OK
2020-10-01,0.9612310652984782,0.03876893470152172,0.9999574825886506,4.2517410783136944e-05,0,OK
2020-10-02,0.972846973915292,0.02715302608470801,0.9999507606871085,4.9239312142695596e-05,0,OK
2020-10-05,0.9809867588443326,0.019013241155667347,0.9999795903449977,2.0409654572467315e-05,0,OK
2020-10-06,0.9866812666442237,0.013318733355776236,0.9999684515107105,3.154848936364549e-05,0,OK
2020-10-07,0.9906708750476747,0.00932912495232524,0.9999799613222027,2.0038677606251793e-05,0,OK
2020-10-08,0.9934628409111528,0.006537159088847237,0.9999774279259364,2.257207406522922e-05,0,OK
2020-10-09,0.9954176828906942,0.004582317109305761,0.9999789808433781,2.101915704232089e-05,0,OK
2020-10-12,0.9967834843650182,0.003216515634981814,0.9999703544719218,2.9645528225937713e-05,0,OK
2020-10-13,0.9977373073456466,0.00226269265435337,0.9999628942995884,3.710569955366733e-05,0,OK
2020-10-14,0.998407517258744,0.00159248274125602,0.9999713403900053,2.8659610695536734e-05,0,OK
2020-10-15,0.998809504874896,0.0011904951251040371,0.9997474759792941,0.0002525240207494103,0,OK
2020-10-16,0.9991352918229991,0.0008647081770009131,0.9998954613677864,0.00010453863142695756,0,OK
2020-10-19,0.9993648594410672,0.0006351405589327848,0.9999005172168813,9.948278344048544e-05,0,OK
2020-10-20,0.9995454470035604,0.00045455299643958356,0.9999668179819492,3.318201728878091e-05,0,OK
2020-10-21,0.9995756792845758,0.0004243207154241668,0.9996462212742092,0.00035377872638819435,0,OK
2020-10-22,0.9995021256683626,0.0004978743316374273,0.9993305005635287,0.0006694994361350354,0,OK
2020-10-23,0.9901567538737919,0.009843246126208075,0.96835088635382,0.03164911364687292,0,OK
2020-10-26,0.6931098628927318,0.3068901371072682,4.5060359769456516e-07,0.9999995493964084,0,OK
2020-10-27,0.7759118429986146,0.22408815700138537,0.9691164632460271,0.030883536754325473,0,OK
2020-10-28,0.8416322115653018,0.15836778843469823,0.994979738220405,0.005020261779094929,0,OK
2020-10-29,0.8889415003839656,0.11105849961603444,0.9993298409616934,0.0006701590391523051,0,OK
2020-10-30,0.9214493855975034,0.07855061440249657,0.9973011177624768,0.0026988822375748987,0,OK
2020-11-02,0.9207815237931831,0.07921847620681693,0.9192231795827506,0.08077682041689782,0,OK
2020-11-03,0.6453206206785336,0.3546793793214664,0.002578513411453354,0.9974214865889819,0,OK
2020-11-04,0.6258389429645687,0.37416105703543134,0.5803816949647738,0.4196183050346829,0,OK
2020-11-05,0.7230264033764658,0.27697359662353416,0.949797144336651,0.05020285566244086,0,OK
2020-11-06,0.8040782711460077,0.19592172885399226,0.9931992959415392,0.006800704058394496,0,OK
2020-11-09,0.8579239651135283,0.1420760348864717,0.9835639177041163,0.016436082295590394,0,OK
2020-11-10,0.9001453138008801,0.09985468619911986,0.9986617940714616,0.0013382059286322866,0,OK
2020-11-11,0.9300566875186642,0.06994331248133573,0.9998498928602404,0.00015010713983945698,0,OK
2020-11-12,0.951026803516569,0.04897319648343107,0.9999570741774946,4.29258216535408e-05,0,OK
2020-11-13,0.9657031215540853,0.03429687844591467,0.9999478636422264,5.213635837641519e-05,0,OK
2020-11-16,0.9759728139823987,0.02402718601760134,0.9999354296489511,6.45703515369077e-05,0,OK
2020-11-17,0.9831625721730164,0.01683742782698362,0.9999386746181768,6.132538220894036e-05,0,OK
2020-11-18,0.9881907518461488,0.011809248153851214,0.9999231710837195,7.682891654227228e-05,0,OK
2020-11-19,0.9917020400170659,0.008297959982934177,0.9998950457486,0.00010495425079442394,0,OK
2020-11-20,0.9941283364928115,0.00587166350718851,0.9997896949354351,0.00021030506378195567,0,OK
2020-11-23,0.9956986959821148,0.004301304017885155,0.9993628681232418,0.0006371318761773269,0,OK
2020-11-24,0.9937160118473232,0.006283988152676812,0.9890897488668359,0.010910251133857346,0,OK
2020-11-25,0.9952039135922782,0.004796086407721772,0.9986756843303992,0.001324315669493346,0,OK
2020-11-26,0.9964859948281632,0.00351400517183677,0.9994775177118693,0.0005224822881050991,0,OK
2020-11-27,0.9972959565003819,0.0027040434996180463,0.999185867068154,0.000814132931107692,0,OK
2020-11-30,0.9977903419386714,0.0022096580613285926,0.9989439079612682,0.0010560920386532007,0,OK
2020-12-01,0.9982521868377181,0.0017478131622818765,0.9993298249362298,0.0006701750645062063,0,OK
2020-12-02,0.9981849878047514,0.0018150121952486258,0.9980281900602569,0.001971809938837708,0,OK
2020-12-03,0.9949860225520489,0.005013977447951071,0.9875217702952631,0.01247822970425678,0,OK
2020-12-04,0.8634808853445695,0.1365191146554306,0.5566355651929155,0.4433644348062162,0,OK
2020-12-07,0.8980086284108927,0.10199137158910733,0.9785733622331186,0.021426637767686395,0,OK
2020-12-08,0.9285353278268939,0.07146467217310612,0.9997642931302694,0.00023570686910332018,0,OK
2020-12-09,0.9499472290486296,0.050052770951370375,0.9999083318997716,9.166810065365195e-05,0,OK
2020-12-10,0.964941989708005,0.03505801029199497,0.9999297645791378,7.023542011901573e-05,0,OK
2020-12-11,0.9754363860626996,0.024563613937300388,0.9999233108896078,7.668910967970505e-05,0,OK
2020-12-14,0.9827798852227455,0.01722011477725449,0.9999147165969986,8.528340381406494e-05,0,OK
2020-12-15,0.9879111432217044,0.012088856778295602,0.9998840785520495,0.00011592144739152762,0,OK
2020-12-16,0.9915113724516254,0.008488627548374638,0.999911907322286,8.80926785590554e-05,0,OK
2020-12-17,0.9940428097218215,0.005957190278178501,0.9999494966852999,5.050331438751836e-05,0,OK
2020-12-18,0.9958069879837023,0.004193012016297719,0.9999234039274226,7.659607190922677e-05,0,OK
2020-12-21,0.9970282432044205,0.002971756795579478,0.9998778387188234,0.0001221612805702501,0,OK
2020-12-22,0.9978848228402243,0.002115177159775679,0.9998835086579618,0.00011649134290014839,0,OK
2020-12-23,0.9984940440588935,0.0015059559411064987,0.99991556023635,8.443976421174533e-05,0,OK
2020-12-28,0.9989393457600871,0.0010606542399128724,0.9999783830634443,2.1616937127744726e-05,0,OK
2020-12-29,0.999249954273949,0.0007500457260509435,0.9999747074722939,2.5292527039776446e-05,0,OK
2020-12-30,0.99946855964329,0.0005314403567100329,0.9999786388387808,2.136116158124169e-05,0,OK
2021-01-04,0.9996141692430339,0.00038583075696612074,0.9999539249757771,4.607502423032571e-05,0,OK
2021-01-05,0.9997207418938703,0.00027925810612972957,0.9999694114125268,3.058858751148356e-05,0,OK
2021-01-06,0.9997898831656604,0.00021011683433963253,0.99995121280023,4.8787200162739504e-05,0,OK
2021-01-07,0.9998461039919232,0.00015389600807679901,0.9999772859206492,2.27140801301875e-05,0,OK
2021-01-08,0.9998865469379409,0.0001134530620591745,0.9999809138119136,1.908618801805066e-05,0,OK
2021-01-11,0.9999126377110654,8.736228893456748e-05,0.999973516181491,2.6483818310484428e-05,0,OK
2021-01-12,0.9999323167885542,6.768321144576728e-05,0.9999782346353097,2.1765363971900104e-05,0,OK
2021-01-13,0.9999467928217013,5.320717829867475e-05,0.9999805702332598,1.9429767622125538e-05,0,OK
2021-01-14,0.9999566298441898,4.3370155810261984e-05,0.9999795828963882,2.0417103337298873e-05,0,OK
2021-01-15,0.9999567803806837,4.321961931630076e-05,0.999957131633267,4.286836749705791e-05,0,OK
2021-01-18,0.9999627121324843,3.7287867515656124e-05,0.9999765528866578,2.3447113314151988e-05,0,OK
2021-01-19,0.9999147690273968,8.523097260314266e-05,0.9998029017820588,0.00019709821780727795,0,OK
2021-01-20,0.9999329095694086,6.709043059142491e-05,0.9999752375016265,2.4762499230750175e-05,0,OK
2021-01-21,0.9999440992337493,5.590076625069749e-05,0.9999702084514301,2.9791549455666858e-05,0,OK
2021-01-22,0.999948950118452,5.104988154800986e-05,0.999960268849325,3.973115057507208e-05,0,OK
2021-01-25,0.9999346394789357,6.536052106430314e-05,0.9999012479870996,9.875201326898749e-05,0,OK
2021-01-26,0.9999421634131244,5.783658687561154e-05,0.9999597192600265,4.028074043533114e-05,0,OK
2021-01-27,0.9998928008230925,0.00010719917690752567,0.9997776214465168,0.00022237855364865868,0,OK
2021-01-28,0.9998209304476995,0.0001790695523004995,0.9996532329059876,0.0003467670948841052,0,OK
2021-01-29,0.9995669704612943,0.0004330295387057325,0.9989743971604979,0.0010256028403179429,0,OK
2021-02-01,0.999682001395523,0.00031799860447702074,0.9999504069093338,4.9593091276693314e-05,0,OK
2021-02-02,0.9997010763535683,0.0002989236464317,0.9997455845897927,0.00025441541099261827,0,OK
2021-02-03,0.9990705761568657,0.0009294238431342766,0.997599409031485,0.002400590968773622,0,OK
2021-02-04,0.9244324071508782,0.07556759284912185,0.7502766794697353,0.24972332052975954,0,OK
2021-02-05,0.9464899849398213,0.053510015060178766,0.9979576664481367,0.0020423335526449098,0,OK
2021-02-08,0.9625298474620155,0.03747015253798449,0.999956193346429,4.380665286452167e-05,0,OK
2021-02-09,0.9737617740341249,0.026238225965875116,0.9999696027025332,3.0397297619910634e-05,0,OK
2021-02-10,0.981614841702257,0.018385158297743044,0.999938666260433,6.133373876821218e-05,0,OK
2021-02-11,0.987118267861267,0.012881732138733054,0.9999595955664614,4.0404434376414146e-05,0,OK
2021-02-12,0.9909649118513338,0.00903508814866612,0.9999404144945842,5.9585505176609596e-05,0,OK
2021-02-15,0.993662794918854,0.006337205081146,0.9999578554093072,4.2144590265723366e-05,0,OK
2021-02-16,0.9955501622475668,0.0044498377524331955,0.9999540193478793,4.5980652103319494e-05,0,OK
2021-02-17,0.9968699745050088,0.0031300254949912045,0.9999495364391253,5.046356095989165e-05,0,OK
2021-02-18,0.9977923081425676,0.0022076918574324114,0.9999444199641728,5.558003646189539e-05,0,OK
2021-02-19,0.9984417233158676,0.0015582766841324396,0.9999570253870185,4.2974613099172605e-05,0,OK
2021-02-22,0.998884560818929,0.001115439181071031,0.9999178483253208,8.21516739277438e-05,0,OK
2021-02-23,0.9991991443924005,0.0008008556075994593,0.9999331727297023,6.682726949912557e-05,0,OK
2021-02-24,0.9994312380647056,0.0005687619352943915,0.9999727899676498,2.7210033249233528e-05,0,OK
2021-02-25,0.9995923310665374,0.0004076689334626024,0.9999682147367199,3.1785262521761153e-05,0,OK
2021-02-26,0.9996958462390086,0.0003041537609913816,0.9999373816405887,6.261835855853334e-05,0,OK
2021-03-01,0.9996155766514636,0.0003844233485364024,0.999428280946791,0.0005717190528081174,0,OK
2021-03-02,0.9997193564276557,0.0002806435723442826,0.9999615092388061,3.8490761229336516e-05,0,OK
2021-03-03,0.9997909580879848,0.00020904191201518967,0.9999580286280204,4.197137124730614e-05,0,OK
2021-03-04,0.9998175306801358,0.0001824693198641775,0.9998795333947862,0.00012046660484514909,0,OK
2021-03-05,0.9966673890182113,0.0033326109817887733,0.989317058472912,0.010682941526279497,0,OK
2021-03-08,0.7705308738283085,0.2294691261716914,0.24287900505116766,0.7571209949481309,0,OK
2021-03-09,0.6788067327673153,0.3211932672326847,0.4647837369588144,0.5352162630416692,0,OK
2021-03-10,0.4900296188219859,0.5099703811780141,0.04954968628305949,0.9504503137171161,1,OK
2021-03-11,0.3577915647275117,0.6422084352724883,0.049236105173960217,0.9507638948262614,1,OK
2021-03-12,0.548696752575365,0.45130324742463496,0.9941421908872866,0.00585780911297738,0,OK
2021-03-15,0.6840673497422127,0.3159326502577873,0.9999320764640942,6.792353514271189e-05,0,OK
2021-03-16,0.778840910861428,0.22115908913857202,0.9999792201391658,2.077986040315053e-05,0,OK
2021-03-17,0.8451800184050289,0.1548199815949711,0.9999712693404991,2.873065990223193e-05,0,OK
2021-03-18,0.8916156381184845,0.1083843618815154,0.9999654174494,3.458255011877948e-05,0,OK
2021-03-19,0.9241187976521003,0.07588120234789973,0.9999595032310185,4.0496769463204165e-05,0,OK
2021-03-22,0.9468731163545776,0.05312688364542237,0.9999665266604967,3.3473339641851566e-05,0,OK
2021-03-23,0.962801525359586,0.03719847464041402,0.9999678130384924,3.21869620612213e-05,0,OK
2021-03-24,0.9739538257748541,0.02604617422514586,0.9999758600773635,2.4139922853487185e-05,0,OK
2021-03-25,0.9817505936412791,0.01824940635872083,0.9999430519955851,5.694800372909275e-05,0,OK
2021-03-26,0.9872159488336908,0.012784051166309165,0.9999684442822747,3.1555717348615186e-05,0,OK
2021-03-29,0.9910266262805778,0.008973373719422216,0.9999182069897142,8.179301001933307e-05,0,OK
2021-03-30,0.9918426499245311,0.008157350075468944,0.993746705094392,0.006253294906244645,0,OK
2021-03-31,0.9942407205585799,0.00575927944142007,0.999836218703815,0.0001637812953060298,0,OK
2021-04-01,0.9958952782015962,0.004104721798403772,0.999755912701419,0.00024408729803241432,0,OK
2021-04-06,0.9970643554507074,0.0029356445492926347,0.9997922023646121,0.00020779763469997974,0,OK
2021-04-07,0.9945650571222233,0.005434942877776695,0.988733361023258,0.011266638977572836,0,OK
2021-04-08,0.6961955399855564,0.30380446001444367,3.721676836746609e-21,1.0,0,OK
2021-04-09,0.7849248733847335,0.21507512661526654,0.9919599846499034,0.00804001535051991,0,OK
2021-04-12,0.8491583098806393,0.1508416901193607,0.9990363283706025,0.0009636716289137296,0,OK
2021-04-13,0.8944034635771274,0.1055965364228726,0.9999754888688551,2.451113106708515e-05,0,OK
2021-04-14,0.9260742497426664,0.07392575025733367,0.9999727507949607,2.724920440950277e-05,0,OK
2021-04-15,0.9482450147091763,0.05175498529082364,0.9999767996304532,2.3200368966920867e-05,0,OK
2021-04-16,0.9637127697763244,0.03628723022367558,0.9998041982666703,0.00019580173366344193,0,OK
2021-04-19,0.9745809902853095,0.02541900971469046,0.999940171472102,5.9828527058509315e-05,0,OK
2021-04-20,0.9818176720783783,0.018182327921621715,0.9987032629280314,0.0012967370711279849,0,OK
2021-04-21,0.9870784756705568,0.012921524329443199,0.9993536840514597,0.0006463159476933304,0,OK
2021-04-22,0.9815760535622619,0.018423946437738193,0.9687370686428756,0.03126293135709318,0,OK
2021-04-23,0.9869100004783997,0.013089999521600244,0.999355876615387,0.000644123383945031,0,OK
2021-04-26,0.9908202250165711,0.009179774983428977,0.9999440822730651,5.591772769602032e-05,0,OK
2021-04-27,0.9935648383233491,0.006435161676650941,0.9999689360397576,3.1063960835522315e-05,0,OK
2021-04-28,0.9954864991653533,0.004513500834646707,0.9999703744638418,2.96255366368273e-05,0,OK
2021-04-29,0.99681271200614,0.0031872879938600143,0.9999072086355417,9.279136535773219e-05,0,OK
2021-04-30,0.9977409546817113,0.002259045318288692,0.9999068542584143,9.314574195560792e-05,0,OK
2021-05-03,0.9978044166959363,0.0021955833040636762,0.997952494728376,0.002047505270871973,0,OK
2021-05-04,0.9507027647639439,0.04929723523605617,0.8407989102566302,0.15920108974403865,0,OK
2021-05-05,0.6654919353347607,0.3345080646652393,2.868761806322386e-29,1.0,0,OK
2021-05-06,0.6537078816982052,0.34629211830179485,0.6262117565460443,0.3737882434537579,0,OK
2021-05-07,0.6761173775543049,0.3238826224456951,0.728406201218258,0.27159379878146245,0,OK
2021-05-10,0.7681199396545524,0.23188006034544756,0.9827925845556272,0.01720741544487004,0,OK
2021-05-11,0.8350650141112906,0.16493498588870936,0.9912701878429026,0.00872981215632029,0,OK
2021-05-12,0.884114936647115,0.11588506335288494,0.9985647558977034,0.001435244102627972,0,OK
2021-05-14,0.9187391206120094,0.08126087938799062,0.9995288831971381,0.000471116803237223,0,OK
2021-05-17,0.9430911258757575,0.05690887412424253,0.9999124714905129,8.752850883034832e-05,0,OK
2021-05-18,0.9601303367413483,0.039869663258651676,0.999888495427304,0.00011150457227301375,0,OK
2021-05-19,0.9718933399814342,0.028106660018565814,0.9993403475407381,0.0006596524583654747,0,OK
2021-05-20,0.9802638453237578,0.01973615467624224,0.9997950244552458,0.00020497554415391264,0,OK
2021-05-21,0.9861482402666811,0.013851759733318902,0.9998784951339442,0.00012150486649777796,0,OK
2021-05-25,0.9902201235926171,0.009779876407382876,0.9997211846865425,0.00027881531353214845,0,OK
2021-05-26,0.9931165732857816,0.006883426714218366,0.9998749559024082,0.0001250440968345114,0,OK
2021-05-27,0.9951580984746284,0.004841901525371586,0.9999216572490243,7.834275139576564e-05,0,OK
2021-05-28,0.9965935887867051,0.0034064112132949327,0.9999430661810756,5.693381844940917e-05,0,OK
2021-05-31,0.9976018701798645,0.002398129820135585,0.9999545267645116,4.5473236097107566e-05,0,OK
2021-06-01,0.9983078729590552,0.001692127040944798,0.9999552127763178,4.478722283296242e-05,0,OK
2021-06-02,0.9988015790290828,0.0011984209709172118,0.9999535598596483,4.6440140852844155e-05,0,OK
2021-06-03,0.9991472436912955,0.0008527563087044894,0.999953794569349,4.62054302081371e-05,0,OK
2021-06-04,0.9993927820788572,0.000607217921142865,0.9999657049835233,3.4295016832408015e-05,0,OK
2021-06-07,0.9995675334606448,0.0004324665393552525,0.9999752866840643,2.471331518415691e-05,0,OK
2021-06-08,0.9996893748505946,0.0003106251494053305,0.9999736714263181,2.632857285551241e-05,0,OK
2021-06-09,0.9997741373541086,0.0002258626458914166,0.9999719165294575,2.808347102561761e-05,0,OK
2021-06-10,0.9998295638373624,0.0001704361626375372,0.9999588922974241,4.1107701711818586e-05,0,OK
2021-06-11,0.9989969958341439,0.0010030041658561195,0.9970543371608105,0.0029456628400328115,0,OK
2021-06-14,0.999286506446773,0.0007134935532270445,0.9999620312087828,3.7968790425869695e-05,0,OK
2021-06-15,0.9994831553269821,0.0005168446730179357,0.9999420027136484,5.7997285863348266e-05,0,OK
2021-06-16,0.9996311713436835,0.00036882865631646415,0.999976542049373,2.3457950679697233e-05,0,OK
2021-06-17,0.9997339706953886,0.0002660293046113965,0.9999738358495496,2.6164150632905257e-05,0,OK
2021-06-18,0.999783271558512,0.0002167284414880311,0.9998983069050857,0.00010169309420017856,0,OK
2021-06-21,0.9998342549201199,0.00016574507988013906,0.9999532160975891,4.678390279505766e-05,0,OK
2021-06-22,0.9998774749273297,0.00012252507267033268,0.9999783216102177,2.1678389180784426e-05,0,OK
2021-06-23,0.9998656952620506,0.00013430473794939183,0.9998382093763882,0.0001617906236005298,0,OK
2021-06-24,0.9997842617450383,0.00021573825496164022,0.9995942502049563,0.0004057497946568865,0,OK
2021-06-25,0.9998424282478753,0.00015757175212468915,0.999978150088707,2.1849912171803423e-05,0,OK
2021-06-28,0.9998812171775064,0.0001187828224936091,0.9999717246805945,2.8275320021089038e-05,0,OK
2021-06-29,0.9999103863418103,8.961365818970997e-05,0.999978447725303,2.155227481394534e-05,0,OK
2021-06-30,0.9999230655753037,7.693442469627571e-05,0.9999526504530697,4.734954654492913e-05,0,OK
2021-07-01,0.9999350277194358,6.497228056422839e-05,0.9999629393888446,3.706061092278463e-05,0,OK
2021-07-02,0.9999478171455196,5.218285448041656e-05,0.999977659139763,2.2340860284855654e-05,0,OK
2021-07-05,0.9999566969623798,4.330303762026772e-05,0.9999774165356818,2.2583464946587104e-05,0,OK
2021-07-06,0.9999589562194622,4.104378053779859e-05,0.999964227819429,3.577218067870397e-05,0,OK
2021-07-07,0.9998394791477371,0.00016052085226287848,0.999560699314096,0.00043930068628806495,0,OK
2021-07-08,0.984835373867689,0.015164626132310923,0.9498257948811029,0.050174205119089696,0,OK
2021-07-09,0.6893847617073824,0.3106152382926176,3.681691070136058e-61,1.0,0,OK
2021-07-12,0.7758806838356095,0.2241193161643905,0.9777045021344332,0.02229549786519394,0,OK
2021-07-13,0.8428597495274326,0.15714025047256744,0.9991442361419929,0.000855763858313669,0,OK
2021-07-14,0.889967751664809,0.11003224833519099,0.999886423318641,0.00011357668131259842,0,OK
2021-07-15,0.9229635893559722,0.07703641064402773,0.9999538773022626,4.612269798020352e-05,0,OK
2021-07-16,0.9460466936192473,0.05395330638075271,0.9999072702335414,9.272976644430979e-05,0,OK
2021-07-19,0.9619722251082737,0.038027774891726276,0.9991317985818403,0.0008682014173312905,0,OK
2021-07-20,0.969743328607359,0.030256671392641033,0.9878759034391214,0.012124096561442142,0,OK
2021-07-21,0.7965984217296872,0.20340157827031283,0.39259363901439653,0.6074063609848804,0,OK
2021-07-22,0.7983400238546519,0.2016599761453482,0.8024037621462691,0.1975962378537641,0,OK
2021-07-23,0.7692217876123795,0.23077821238762047,0.7012792363800727,0.2987207636195891,0,OK
2021-07-26,0.8371917155560535,0.16280828444394643,0.9957882140908726,0.004211785908707116,0,OK
2021-07-27,0.8859894086884339,0.11401059131156611,0.9998506926647229,0.0001493073360120633,0,OK
2021-07-28,0.9191906156562015,0.08080938434379849,0.9966600985816031,0.003339901419007363,0,OK
2021-07-29,0.9434124776670985,0.05658752233290155,0.9999301556926719,6.984430747536078e-05,0,OK
2021-07-30,0.9603745871345151,0.0396254128654849,0.9999528425583765,4.715744151273478e-05,0,OK
2021-08-02,0.9722532969740247,0.02774670302597525,0.9999702866001656,2.9713400452747827e-05,0,OK
2021-08-03,0.9805685178702933,0.01943148212970674,0.9999706999624053,2.9300038413543004e-05,0,OK
2021-08-04,0.9863850350125746,0.013614964987425409,0.9999569083437253,4.3091655435639836e-05,0,OK
2021-08-05,0.9904504591911245,0.009549540808875483,0.9999364489416741,6.355105892565575e-05,0,OK
2021-08-06,0.9933040017764961,0.00669599822350386,0.9999622678085116,3.773219097007668e-05,0,OK
2021-08-09,0.9953021286987249,0.004697871301275035,0.999964424850789,3.557514940777582e-05,0,OK
2021-08-10,0.9967006425457374,0.0032993574542625323,0.9999638415218102,3.6158477900027076e-05,0,OK
2021-08-11,0.9976822563133069,0.0023177436866931717,0.9999726884380672,2.7311562364663914e-05,0,OK
2021-08-12,0.9983708087839349,0.0016291912160650874,0.9999774312145949,2.25687845995579e-05,0,OK
2021-08-13,0.9988518443341702,0.0011481556658298738,0.9999742606180263,2.573938194770889e-05,0,OK
2021-08-16,0.9991899364830634,0.0008100635169365932,0.9999788181636745,2.1181836185605477e-05,0,OK
2021-08-17,0.9994223743480225,0.0005776256519774783,0.9999647293661128,3.527063373954346e-05,0,OK
2021-08-18,0.999580898008925,0.0004191019910750305,0.9999507865518646,4.921344896931903e-05,0,OK
2021-08-19,0.9996762854887518,0.00032371451124818627,0.9998988562751132,0.0001011437249855499,0,OK
2021-08-20,0.9997639581130182,0.0002360418869818275,0.9999685275693557,3.1472430360323766e-05,0,OK
2021-08-23,0.9998249117218577,0.0001750882781423004,0.9999671368093399,3.286319085007052e-05,0,OK
2021-08-24,0.9998712321892098,0.00012876781079016475,0.9999793132804061,2.0686720301848235e-05,0,OK
2021-08-25,0.9998968601974118,0.0001031398025882117,0.9999566588837479,4.33411167836546e-05,0,OK
2021-08-26,0.9999176147866276,8.238521337244573e-05,0.9999660421617199,3.39578385356585e-05,0,OK
2021-08-27,0.9999345157095575,6.548429044251756e-05,0.9999739511959322,2.60488036060185e-05,0,OK
2021-08-30,0.9999110828141626,8.891718583740703e-05,0.9998564060575713,0.00014359394175881583,0,OK
2021-08-31,0.9999150363170707,8.496368292932737e-05,0.9999242611572875,7.573884281047481e-05,0,OK
2021-09-01,0.9999149973288853,8.500267111470264e-05,0.9999149063559964,8.509364354724496e-05,0,OK
2021-09-02,0.9999097113170373,9.028868296270986e-05,0.9998973772891131,0.00010262271060806007,0,OK
2021-09-03,0.9998443113293751,0.00015568867062482652,0.9996917113590559,0.000308288641836432,0,OK
2021-09-06,0.9996906566529884,0.0003093433470116007,0.9993321290755219,0.0006678709252474073,0,OK
2021-09-07,0.9997482020783353,0.0002517979216647762,0.9998824747380469,0.0001175252625221856,0,OK
2021-09-08,0.9997592995805292,0.00024070041947072497,0.9997851937517357,0.0002148062476846055,0,OK
2021-09-09,0.9997319853204604,0.00026801467953967644,0.9996682520465565,0.00033174795303389667,0,OK
2021-09-10,0.9997227555269139,0.00027724447308610713,0.999701219342036,0.0002987806580277787,0,OK
2021-09-13,0.9997521181297436,0.0002478818702564274,0.9998206308696952,0.000179369130320508,0,OK
2021-09-14,0.9997714116494519,0.00022858835054802342,0.9998164298612543,0.00018357013789508089,0,OK
2021-09-15,0.9997009218392434,0.0002990781607566278,0.9995364456149365,0.0004635543845767047,0,OK
2021-09-16,0.9997413558104032,0.0002586441895967959,0.9998357017427122,0.00016429825689052142,0,OK
2021-09-17,0.9996010891715955,0.0003989108284045213,0.9992738003483518,0.000726199652289214,0,OK
2021-09-20,0.9994742976146525,0.0005257023853475419,0.9991784506486282,0.0008215493515479237,0,OK
2021-09-21,0.9992962427184617,0.0007037572815382683,0.9988807812934908,0.001119218705983297,0,OK
2021-09-22,0.9979283748628556,0.002071625137144413,0.9947366831995016,0.005263316800225418,0,OK
2021-09-23,0.998517158346847,0.001482841653152992,0.9998909864768798,0.00010901352383967562,0,OK
2021-09-24,0.9989027701350782,0.0010972298649217303,0.9998025309742021,0.00019746902571545304,0,OK
2021-09-27,0.9949720331713334,0.005027966828666571,0.9858003135892077,0.014199686410737869,0,OK
2021-09-28,0.6964890131054283,0.3035109868945717,2.8632951123057757e-05,0.9999713670483503,0,OK
2021-09-29,0.7851154679652124,0.21488453203478758,0.9919105293054845,0.008089470695291348,0,OK
2021-09-30,0.8495200336827107,0.15047996631728927,0.999797353689303,0.000202646309793239,0,OK
2021-10-01,0.894614829465957,0.10538517053404296,0.9998360196262273,0.0001639803731349024,0,OK
2021-10-04,0.9239065634778277,0.07609343652217226,0.9922539428395705,0.007746057161140619,0,OK
2021-10-05,0.6484586397457515,0.35154136025424854,0.0057468177045832255,0.99425318229576,0,OK
2021-10-06,0.5036317332358378,0.49636826676416224,0.16570228471329856,0.8342977152872944,0,OK
2021-10-07,0.35254221969066646,0.6474577803093335,2.1419255895472955e-08,0.9999999785814,1,OK
2021-10-08,0.5442441774315081,0.45575582256849195,0.9915487454933579,0.00845125450652828,0,OK
2021-10-11,0.6809439708720388,0.31905602912796116,0.9999101555658008,8.984443338933525e-05,0,OK
2021-10-12,0.7766219609849084,0.2233780390150916,0.9998706045821122,0.00012939541839603334,0,OK
2021-10-13,0.8405512655258262,0.15944873447417385,0.9897196427881801,0.010280357212032465,0,OK
2021-10-14,0.6545059204659001,0.34549407953409994,0.2204001153261944,0.7795998846739275,0,OK
2021-10-15,0.7563267696462443,0.2436732303537557,0.9939087510670201,0.006091248932952595,0,OK
2021-10-18,0.8294057161296506,0.17059428387034942,0.9999232579246999,7.674207573484107e-05,0,OK
2021-10-19,0.8805775351147554,0.11942246488524451,0.999978446079153,2.1553919999730747e-05,0,OK
2021-10-20,0.9163981206579759,0.08360187934202415,0.9999794869248334,2.0513074509992196e-05,0,OK
2021-10-21,0.9414723466231938,0.05852765337680626,0.9999788738745035,2.1126124631196294e-05,0,OK
2021-10-22,0.9590187570728307,0.040981242927169335,0.9999603814548532,3.9618544683198256e-05,0,OK
2021-10-25,0.971302301655463,0.028697698344536896,0.9999639056807055,3.609431839454364e-05,0,OK
2021-10-26,0.9798890413350115,0.020110958664988493,0.9999247672547019,7.523274604222207e-05,0,OK
2021-10-27,0.9859140896244886,0.014085910375511447,0.9999725356325905,2.7464366731675843e-05,0,OK
2021-10-28,0.9901215208411687,0.009878479158831366,0.9999388603474494,6.113965324451162e-05,0,OK
2021-10-29,0.9930658069983294,0.006934193001670618,0.9999358080325924,6.419196829554093e-05,0,OK
2021-11-01,0.9951365787422666,0.00486342125773343,0.9999683794773674,3.162052187999217e-05,0,OK
2021-11-02,0.9964867014034595,0.003513298596540491,0.9996369876128075,0.0003630123870903002,0,OK
2021-11-03,0.9902683083882557,0.009731691611744248,0.9757587246869258,0.02424127531388635,0,OK
2021-11-04,0.9931349057433615,0.0068650942566385355,0.9998236329050625,0.00017636709472520666,0,OK
2021-11-05,0.9951869620690591,0.004813037930940886,0.9999750934958118,2.4906504313039203e-05,0,OK
2021-11-08,0.9966215822040044,0.003378417795995558,0.9999690291854967,3.0970814456460414e-05,0,OK
2021-11-09,0.9976284288388663,0.0023715711611337464,0.9999777376528707,2.2262346456186132e-05,0,OK
2021-11-10,0.9983337142499752,0.001666285750024775,0.9999793802087389,2.0619790770508682e-05,0,OK
2021-11-11,0.9988265397444666,0.0011734602555334415,0.9999764658991709,2.3534101720330735e-05,0,OK
2021-11-12,0.9989987459135438,0.0010012540864562543,0.9994005603071908,0.0005994396919428178,0,OK
2021-11-15,0.981045412362194,0.01895458763780598,0.9391543007430551,0.06084569925762202,0,OK
2021-11-16,0.9865515285103565,0.013448471489643475,0.9993991328557167,0.000600867143930964,0,OK
2021-11-17,0.9905669459953739,0.009433054004626117,0.9999362534600499,6.374653958561373e-05,0,OK
2021-11-18,0.9933892468029497,0.006610753197050269,0.9999746153537288,2.5384646039958278e-05,0,OK
2021-11-19,0.9953558642681698,0.004644135731830158,0.9999446383544776,5.5361646316564626e-05,0,OK
2021-11-22,0.9967404900846316,0.0032595099153684376,0.9999712836555344,2.8716343624423913e-05,0,OK
2021-11-23,0.9977036647192258,0.0022963352807742563,0.999951072199219,4.892780005450137e-05,0,OK
2021-11-24,0.9983088299070054,0.0016911700929945908,0.9997208820111301,0.0002791179881753716,0,OK
2021-11-25,0.995449435070365,0.004550564929635039,0.9887775137842356,0.011222486215129418,0,OK
2021-11-26,0.696814607924936,0.303185392075064,1.1253086346171001e-08,0.9999999887477317,0,OK
2021-11-29,0.5022860173784998,0.49771398262150024,0.04838597277022408,0.9516140272298517,0,OK
2021-11-30,0.3614357248252118,0.6385642751747882,0.032785042200107826,0.967214957799127,1,OK
2021-12-01,0.2530856835611459,0.7469143164388541,0.00026892061086345885,0.9997310793883412,1,OK
2021-12-02,0.17769076124035155,0.8223092387596485,0.0017692758249834828,0.9982307241748353,1,OK
2021-12-03,0.12450348219014773,0.8754965178098523,0.00039983107333472963,0.9996001689269948,1,OK
2021-12-06,0.08725206085659098,0.912747939143409,0.00033207774560238594,0.9996679222550418,1,OK
2021-12-07,0.061076442599613756,0.9389235574003862,9.263859557620078e-25,1.0,1,OK
2021-12-08,0.056046191166794435,0.9439538088332056,0.044308937824275446,0.9556910621764508,1,OK
2021-12-09,0.08772092194952463,0.9122790780504754,0.16162862710871392,0.8383713728907716,1,OK
2021-12-10,0.2296601456596703,0.7703398543403297,0.5608516676498542,0.4391483323499902,1,OK
2021-12-13,0.4188719061874414,0.5811280938125586,0.8603660140853383,0.13963398591442608,1,OK
2021-12-14,0.5755668950513155,0.4244331049486844,0.9411885357344039,0.05881146426631142,0,OK
2021-12-15,0.7024821113998372,0.29751788860016276,0.9986176162131245,0.0013823837869457207,0,OK
2021-12-16,0.7917003194773397,0.20829968052266037,0.9998761383257199,0.00012386167515487275,0,OK
2021-12-17,0.8541782020609745,0.14582179793902553,0.9999599280898095,4.007191054422663e-05,0,OK
2021-12-20,0.8979006482385714,0.10209935176142865,0.9999196893204569,8.031068036928376e-05,0,OK
2021-12-21,0.9284046264928055,0.07159537350719447,0.9995805757519329,0.0004194242473147678,0,OK
2021-12-22,0.9498731331535719,0.05012686684642813,0.9999663153628691,3.368463797333133e-05,0,OK
2021-12-23,0.9647453163881986,0.03525468361180144,0.9994470772683395,0.000552922731005836,0,OK
2021-12-27,0.9753001434696086,0.024699856530391414,0.9999280733266174,7.192667376802911e-05,0,OK
2021-12-28,0.9827018887567768,0.017298111243223207,0.9999726277600587,2.7372239830732562e-05,0,OK
2021-12-29,0.9878790392120179,0.012120960787982079,0.9999590569401331,4.0943059086116985e-05,0,OK
2021-12-30,0.9915078794254687,0.008492120574531343,0.9999751732565137,2.4826743146292668e-05,0,OK
2022-01-03,0.9940454576129748,0.005954542387025244,0.9999664733840818,3.352661617768057e-05,0,OK
2022-01-04,0.995824892988448,0.004175107011551988,0.9999769088636955,2.3091135447724268e-05,0,OK
2022-01-05,0.9970693187422308,0.002930681257769171,0.9999729788336552,2.7021165609266786e-05,0,OK
2022-01-06,0.9979389742989047,0.0020610257010952927,0.999968170598527,3.182940218957639e-05,0,OK
2022-01-07,0.9985461986478937,0.0014538013521062582,0.9999630554615393,3.694453779851147e-05,0,OK
2022-01-10,0.9989602427696971,0.00103975723030292,0.9999263457198557,7.365427942846409e-05,0,OK
2022-01-11,0.9992645314579598,0.0007354685420402061,0.9999745383978815,2.546160276054039e-05,0,OK
2022-01-12,0.9994764876233582,0.0005235123766418595,0.999971052008456,2.8947990712384145e-05,0,OK
2022-01-13,0.9996271296372975,0.0003728703627024732,0.9999786276704246,2.1372330177238758e-05,0,OK
2022-01-14,0.999730537861048,0.00026946213895200283,0.9999718237163151,2.8176283534238645e-05,0,OK
2022-01-17,0.9998042641717657,0.0001957358282343283,0.999976292229803,2.370776989308781e-05,0,OK
2022-01-18,0.9998526022759103,0.00014739772408965877,0.9999653911859206,3.460881441876316e-05,0,OK
2022-01-19,0.9998840664505413,0.0001159335494587457,0.9999574828578496,4.251714198661524e-05,0,OK
2022-01-20,0.9999053256377394,9.46743622605761e-05,0.9999549304072708,4.506959213151374e-05,0,OK
2022-01-21,0.9999143838975046,8.56161024953478e-05,0.9999355198377209,6.448016304314845e-05,0,OK
2022-01-24,0.9996687357265066,0.000331264273493444,0.9990955566603213,0.0009044433391556684,0,OK
2022-01-25,0.9997257881527241,0.0002742118472759699,0.9998589104803682,0.000141089519435197,0,OK
2022-01-26,0.9997696894084012,0.0002303105915988479,0.9998721256709248,0.00012787432835223005,0,OK
2022-01-27,0.9997108820366588,0.00028911796334113676,0.9995736648351761,0.0004263351640731442,0,OK
2022-01-28,0.999651353553678,0.0003486464463220917,0.9995124537601271,0.00048754623994431984,0,OK
2022-01-31,0.9997301486858616,0.0002698513141383162,0.9999140039943535,8.599600570950682e-05,0,OK
2022-02-01,0.9997949554449551,0.00020504455504483657,0.9999461712168299,5.382878382671749e-05,0,OK
2022-02-02,0.9998361862228974,0.00016381377710256186,0.9999323913716641,6.76086285705876e-05,0,OK
2022-02-03,0.9995544789570023,0.00044552104299762385,0.9988971620036161,0.0011028379967527686,0,OK
2022-02-04,0.9996477473247305,0.00035225267526952595,0.9998653735154479,0.00013462648390396426,0,OK
2022-02-07,0.9997396174716634,0.00026038252833655596,0.9999539811472211,4.6018852159625964e-05,0,OK
2022-02-08,0.9997880444439846,0.000211955556015355,0.9999010407119215,9.895928726588614e-05,0,OK
2022-02-09,0.9977331178690814,0.002266882130918654,0.9929382891942836,0.00706171080569302,0,OK
2022-02-10,0.9983781498526543,0.0016218501473457781,0.9998832244812919,0.00011677551900906808,0,OK
2022-02-11,0.9988557441389596,0.0011442558610404358,0.9999701308065457,2.9869192994638064e-05,0,OK
2022-02-14,0.9991669817310628,0.0008330182689372607,0.9998932027799735,0.00010679722069651899,0,OK
2022-02-15,0.9993624413983351,0.000637558601664959,0.9998185139553241,0.00018148604469625515,0,OK
2022-02-16,0.9995429565128191,0.00045704348718095223,0.9999641584474761,3.5841553384936383e-05,0,OK
2022-02-17,0.9996674683553713,0.00033253164462864875,0.9999579959876261,4.2004012006607364e-05,0,OK
2022-02-18,0.9997523905208139,0.00024760947918613764,0.9999505422408997,4.945775982027841e-05,0,OK
2022-02-21,0.9997571228213823,0.00024287717861770378,0.9997681648552199,0.00023183514395802484,0,OK
2022-02-22,0.9997655939285257,0.00023440607147426793,0.9997853598443662,0.00021464015480625093,0,OK
2022-02-23,0.9992837409106861,0.0007162590893139672,0.9981594172031639,0.0018405827976065987,0,OK
2022-02-24,0.9759609436302937,0.02403905636970626,0.9215410833100273,0.0784589166906216,0,OK
2022-02-25,0.6974348562932882,0.30256514370671184,0.04754065250708651,0.9524593474930582,0,OK
2022-02-28,0.5117587755662706,0.4882412244337294,0.07851458720270413,0.9214854127967705,0,OK
2022-03-01,0.35823115392874194,0.6417688460712581,3.677439632415682e-08,0.9999999632254919,1,OK
2022-03-02,0.5229678027235031,0.4770321972764969,0.9073533165785127,0.09264668342205448,0,OK
2022-03-03,0.6619417968110634,0.33805820318893665,0.9862144496814684,0.013785550317962681,0,OK
2022-03-04,0.7557493444340857,0.2442506555659143,0.9746336222214801,0.025366377778862206,0,OK
2022-03-07,0.8240257737595054,0.17597422624049458,0.9833374421849861,0.01666255781451531,0,OK
2022-03-08,0.8721492786367084,0.12785072136329156,0.9844374566841885,0.015562543316484528,0,OK
2022-03-09,0.9020359724804026,0.09796402751959743,0.9717715914498005,0.02822840855097784,0,OK
2022-03-10,0.9305129572191594,0.06948704278084065,0.9969592549422135,0.003040745057074877,0,OK
2022-03-11,0.9510912856751448,0.04890871432485523,0.9991073854059521,0.0008926145942225955,0,OK
2022-03-14,0.965731308599214,0.03426869140078608,0.9998913620882338,0.00010863791129140838,0,OK
2022-03-15,0.9759628500823402,0.024037149917659775,0.999836446876875,0.00016355312369839328,0,OK
2022-03-16,0.9831133695417085,0.016886630458291554,0.9997979149467535,0.0002020850530990463,0,OK
2022-03-17,0.9881565828136818,0.011843417186318258,0.9999240804489372,7.591955171390651e-05,0,OK
2022-03-18,0.9916460040303031,0.008353995969696838,0.9997879868685955,0.0002120131309135307,0,OK
2022-03-21,0.9941425933497562,0.00585740665024382,0.9999679684279484,3.203157152011313e-05,0,OK
2022-03-22,0.9958873257105703,0.004112674289429794,0.9999583678862849,4.163211419706672e-05,0,OK
2022-03-23,0.997084582043895,0.002915417956104931,0.9998781801542282,0.0001218198450135853,0,OK
2022-03-24,0.9979313460669439,0.0020686539330561004,0.999907128787501,9.287121260883078e-05,0,OK
2022-03-25,0.9984938579462246,0.0015061420537754017,0.9998063856647492,0.00019361433545377204,0,OK
2022-03-28,0.9987675894074388,0.0012324105925611397,0.9994062961495777,0.0005937038497278618,0,OK
2022-03-29,0.9989556992611414,0.0010443007388586814,0.9993946222540018,0.0006053777468862791,0,OK
2022-03-30,0.9991330954531954,0.0008669045468046354,0.999547019901916,0.00045298009867852826,0,OK
2022-03-31,0.999174208633359,0.0008257913666409767,0.9992701393872069,0.0007298606129257732,0,OK
2022-04-01,0.9991151507049366,0.0008848492950633716,0.9989773488717549,0.00102265112804896,0,OK
2022-04-04,0.9989892324339915,0.0010107675660085103,0.9986954231348079,0.001304576864880501,0,OK
2022-04-05,0.9991340665540114,0.0008659334459885989,0.9994720128339761,0.0005279871659421391,0,OK
2022-04-06,0.9992428458126955,0.0007571541873044891,0.9994966640822579,0.0005033359170415668,0,OK
2022-04-07,0.9994333819144484,0.0005666180855515774,0.9998779661525737,0.0001220338481281168,0,OK
2022-04-08,0.9995902050926755,0.0004097949073244691,0.9999561258412349,4.3874158127883035e-05,0,OK
2022-04-11,0.9997030954449219,0.00029690455507814964,0.9999665062666704,3.3493733170071054e-05,0,OK
2022-04-12,0.9997694280112909,0.00023057198870911347,0.9999242039998765,7.57960005146958e-05,0,OK
2022-04-13,0.999827596643356,0.0001724033566440184,0.9999633234506589,3.667654849212993e-05,0,OK
2022-04-14,0.999872755867887,0.00012724413211296075,0.9999781273918534,2.1872608207159644e-05,0,OK
2022-04-19,0.9998990083210756,0.00010099167892445402,0.9999602640455648,3.9735954817938315e-05,0,OK
2022-04-20,0.9997886667776351,0.00021133322236490564,0.9995312031768319,0.0004687968237259594,0,OK
2022-04-21,0.9961523615411979,0.0038476384588020445,0.9876676493228858,0.012332350677155369,0,OK
2022-04-22,0.6976250400537853,0.3023749599462146,0.0010612899164068911,0.9989387100835107,0,OK
2022-04-25,0.7816004182305305,0.21839958176946944,0.9775429673096414,0.02245703269039742,0,OK
2022-04-26,0.8467886302655552,0.15321136973444485,0.9988944583469478,0.0011055416527208663,0,OK
2022-04-27,0.8927221758929778,0.10727782410702227,0.9999004490242986,9.955097636959509e-05,0,OK
2022-04-28,0.9248828229127135,0.07511717708728653,0.9999243326254273,7.566737456979137e-05,0,OK
2022-04-29,0.9474016167518776,0.05259838324812234,0.9999454690431113,5.4530956739226466e-05,0,OK
2022-05-02,0.9631529888033332,0.03684701119666675,0.9999061902565709,9.380974327038901e-05,0,OK
2022-05-03,0.9741933932896577,0.025806606710342298,0.999954337090759,4.566290891857847e-05,0,OK
2022-05-04,0.9819210424916299,0.01807895750837006,0.9999522239621774,4.7776037101511646e-05,0,OK
2022-05-05,0.9872772173303396,0.0127227826696604,0.9997749586198587,0.00022504137933786208,0,OK
2022-05-06,0.9910665481123503,0.008933451887649754,0.9999083199373751,9.168006295824818e-05,0,OK
2022-05-09,0.9931278466577681,0.0068721533422318945,0.9979375432630624,0.00206245673625689,0,OK
2022-05-10,0.9951407629774849,0.004859237022515137,0.999837567722773,0.00016243227650937286,0,OK
2022-05-11,0.9965704036951831,0.0034295963048168966,0.9999062320366576,9.376796352100276e-05,0,OK
2022-05-12,0.9975593576195619,0.0024406423804381057,0.9998669167759259,0.00013308322355426084,0,OK
2022-05-13,0.9980329171154676,0.0019670828845324007,0.9991378892725156,0.0008621107274190889,0,OK
2022-05-16,0.9986126920944481,0.001387307905551866,0.9999655003779003,3.449962126395277e-05,0,OK
2022-05-17,0.9990160889779363,0.000983911022063693,0.9999573483729572,4.265162725795565e-05,0,OK
2022-05-18,0.999282082467035,0.0007179175329650478,0.9999027339412392,9.726605840154272e-05,0,OK
2022-05-19,0.9994725581459128,0.0005274418540871401,0.9999170013973979,8.29986033720223e-05,0,OK
2022-05-20,0.999439415618302,0.0005605843816980084,0.9993620830534705,0.0006379169461233678,0,OK
2022-05-23,0.9940489735933716,0.005951026406628407,0.9814712755354985,0.018528724464799338,0,OK
2022-05-24,0.7016670969373802,0.29833290306261984,0.019442718073984053,0.9805572819266,0,OK
2022-05-25,0.5543487182586089,0.4456512817413911,0.21060583467467617,0.789394165325191,0,OK
2022-05-27,0.3934181613633022,0.6065818386366978,0.017913528607403178,0.9820864713924135,1,OK
2022-05-30,0.5735279544152454,0.42647204558475454,0.9937841382032959,0.006215861796886905,0,OK
2022-05-31,0.7014436456643118,0.29855635433568817,0.9999135919123636,8.640808786662897e-05,0,OK
2022-06-01,0.7909970615178086,0.2090029384821914,0.9999550318422861,4.496815736566104e-05,0,OK
2022-06-02,0.8535676437828147,0.14643235621718534,0.9995656690678715,0.0004343309321711595,0,OK
2022-06-03,0.8966276901795299,0.10337230982047009,0.9971011317720759,0.00289886822813454,0,OK
2022-06-07,0.8817755826774228,0.11822441732257717,0.8471206651717641,0.15287933482749372,0,OK
2022-06-08,0.913773912952901,0.08622608704709898,0.9884366835956595,0.011563316404316565,0,OK
2022-06-09,0.9323226562762854,0.06767734372371456,0.9756030573640243,0.024396942635817608,0,OK
2022-06-10,0.6526260460669474,0.3473739539330526,6.222445412603246e-07,0.9999993777548415,0,OK
2022-06-13,0.6972057803673968,0.3027942196326033,0.8012251604020777,0.19877483959822154,0,OK
2022-06-14,0.7856960591940557,0.2143039408059443,0.992173376456863,0.007826623543740082,0,OK
2022-06-15,0.8492692544882099,0.1507307455117901,0.9976067101747069,0.00239328982543033,0,OK
2022-06-16,0.8786547099207401,0.1213452900792599,0.9472207725969416,0.052779227403356076,0,OK
2022-06-17,0.9147644736025818,0.08523552639741813,0.9990205888605003,0.0009794111397873576,0,OK
2022-06-20,0.9403174054187282,0.05968259458127174,0.9999409129899725,5.9087010263501094e-05,0,OK
2022-06-21,0.9582086004751623,0.04179139952483767,0.9999547222733539,4.5277726491529126e-05,0,OK
2022-06-22,0.9707064211586284,0.02929357884137167,0.9998680027541819,0.00013199724661768256,0,OK
2022-06-23,0.9790337756533743,0.02096622434662565,0.9984642694749958,0.001535730525551607,0,OK
2022-06-24,0.9540177098661624,0.04598229013383754,0.8956468896956146,0.10435311030399862,0,OK
2022-06-27,0.9671991318294395,0.03280086817056047,0.9979557830772887,0.002044216922913999,0,OK
2022-06-28,0.977014376001105,0.02298562399889503,0.9999166124024985,8.338759834233665e-05,0,OK
2022-06-29,0.9839014856220977,0.016098514377902377,0.9999714080708446,2.859192891951761e-05,0,OK
2022-06-30,0.9887018116302037,0.011298188369796297,0.999902572316119,9.742768421544864e-05,0,OK
2022-07-01,0.992072173818982,0.007927826181017924,0.9999363522594417,6.364774053505531e-05,0,OK
2022-07-04,0.9944342574731088,0.005565742526891275,0.9999457859993323,5.421400059576227e-05,0,OK
2022-07-05,0.9954297827326237,0.004570217267376263,0.9977526750043629,0.002247324995174569,0,OK
2022-07-06,0.9967729194697564,0.0032270805302436066,0.9999069051890124,9.30948102674092e-05,0,OK
2022-07-07,0.9976860555221728,0.0023139444778271998,0.9998167063114765,0.00018329368885558532,0,OK
2022-07-08,0.998366299483259,0.0016337005167410333,0.9999535353917395,4.6464607539978484e-05,0,OK
2022-07-11,0.9988438028285815,0.001156197171418502,0.9999579773001142,4.202269899926312e-05,0,OK
2022-07-12,0.9991690213558966,0.0008309786441034149,0.9999278645871543,7.213541370154501e-05,0,OK
2022-07-13,0.9993944871256208,0.0006055128743791167,0.9999205739207531,7.942607835575478e-05,0,OK
2022-07-14,0.9995373846570101,0.0004626153429899072,0.9998708122311006,0.00012918776974841833,0,OK
2022-07-15,0.9995946461180016,0.000405353881998376,0.9997282561943457,0.0002717438063514699,0,OK
2022-07-18,0.9996951822370738,0.00030481776292622315,0.9999297665144066,7.023348509119993e-05,0,OK
2022-07-19,0.9997262735606862,0.0002737264393137852,0.9997988199824898,0.0002011800175514299,0,OK
2022-07-20,0.9997954083352145,0.00020459166478553148,0.9999567228093618,4.327719088627288e-05,0,OK
2022-07-21,0.9998444871316229,0.00015551286837709726,0.9999590043225635,4.099567675741747e-05,0,OK
2022-07-22,0.9998804260007071,0.00011957399929285384,0.999964283362104,3.571663809628592e-05,0,OK
2022-07-25,0.9999068231236747,9.317687632526755e-05,0.9999684164107799,3.158358940089951e-05,0,OK
2022-07-26,0.9999261769825402,7.382301745979534e-05,0.9999713359863582,2.8664013440360213e-05,0,OK
2022-07-27,0.9999414085340541,5.859146594586462e-05,0.9999769488205138,2.305117908002627e-05,0,OK
2022-07-28,0.9999447110662782,5.528893372171399e-05,0.9999524169750348,4.758302519869589e-05,0,OK
2022-07-29,0.9999526171266955,4.738287330457368e-05,0.9999710646009552,2.8935398997912956e-05,0,OK
2022-08-02,0.9999598820364658,4.011796353417321e-05,0.9999768334919749,2.316650740323877e-05,0,OK
2022-08-03,0.999954446814164,4.5553185835974324e-05,0.9999417646290489,5.823537120684359e-05,0,OK
2022-08-04,0.9999579107027923,4.208929720773253e-05,0.9999659931088807,3.400689040850168e-05,0,OK
2022-08-05,0.9999613495216378,3.865047836217362e-05,0.9999693734313716,3.062656772253618e-05,0,OK
2022-08-08,0.9999658509378078,3.414906219226301e-05,0.9999763542413215,2.3645757795804936e-05,0,OK
2022-08-09,0.9999622437086427,3.7756291357320454e-05,0.9999538268403684,4.617315940912117e-05,0,OK
2022-08-10,0.9999541407727572,4.585922724279736e-05,0.9999352339219786,6.476607764224349e-05,0,OK
2022-08-11,0.9999609757991309,3.9024200869120664e-05,0.9999769241937843,2.3075805997208386e-05,0,OK
2022-08-12,0.9999657238069406,3.427619305943197e-05,0.9999768024916571,2.3197508170158356e-05,0,OK
2022-08-15,0.9999696416189914,3.0358381008657915e-05,0.999978783179793,2.1216819556851794e-05,0,OK
2022-08-16,0.9999725453816783,2.7454618321640042e-05,0.9999793208272371,2.067917205193167e-05,0,OK
2022-08-17,0.9999583368856844,4.1663114315600725e-05,0.9999251837283715,7.481627163484233e-05,0,OK
2022-08-18,0.9999511231116864,4.88768883135121e-05,0.9999342909720977,6.570902764197198e-05,0,OK
2022-08-19,0.9997290770364394,0.00027092296356056895,0.9992109695277736,0.0007890304724703684,0,OK
2022-08-22,0.9997637981053912,0.00023620189460886256,0.9998448139331073,0.00015518606705488104,0,OK
2022-08-23,0.9998180359883759,0.00018196401162410007,0.9999445910488214,5.5408951326320985e-05,0,OK
2022-08-24,0.9998525420371898,0.00014745796281020348,0.9999330561511933,6.694384891111148e-05,0,OK
2022-08-25,0.9998752575458758,0.00012474245412424196,0.9999282603998765,7.173960052366508e-05,0,OK
2022-08-26,0.9998667460996711,0.00013325390032891212,0.9998468860592079,0.00015311394147314255,0,OK
2022-08-29,0.9998903361738187,0.00010966382618123009,0.9999453796810392,5.462031983663868e-05,0,OK
2022-08-30,0.999898861626797,0.00010113837320301201,0.9999187543499423,8.124564958716985e-05,0,OK
2022-08-31,0.9997810248201578,0.00021897517984209634,0.9995060722714135,0.0004939277286666265,0,OK
2022-09-01,0.9973375921222342,0.0026624078777657927,0.9916362491597959,0.008363750839587751,0,OK
2022-09-02,0.9518445049362907,0.048155495063709364,0.8456939681691823,0.15430603183091104,0,OK
2022-09-05,0.9651697774704934,0.034830222529506585,0.9962620800508979,0.003737919949700111,0,OK
2022-09-06,0.9755993795670399,0.024400620432960058,0.9999351177924906,6.488220768483601e-05,0,OK
2022-09-07,0.9829091595552304,0.017090840444769596,0.9999653128611319,3.4687138991859216e-05,0,OK
2022-09-08,0.9880083954040165,0.011991604595983512,0.9999066123844883,9.33876154826512e-05,0,OK
2022-09-09,0.9915788542500341,0.008421145749965893,0.999909924891404,9.007510925811545e-05,0,OK
2022-09-12,0.9940690463414017,0.005930953658598264,0.9998794945549477,0.00012050544540713079,0,OK
2022-09-13,0.9958044676621427,0.004195532337857351,0.9998537840769388,0.0001462159227952236,0,OK
2022-09-14,0.9970533714620922,0.002946628537907872,0.9999674803288102,3.251967135908885e-05,0,OK
2022-09-15,0.9979238368498318,0.0020761631501681984,0.9999549227551272,4.507724544229377e-05,0,OK
2022-09-16,0.9985298831326722,0.001470116867327755,0.9999439911267882,5.600887403338729e-05,0,OK
2022-09-19,0.9989353027548448,0.0010646972451552425,0.9998812818729387,0.00011871812675271397,0,OK
2022-09-20,0.9992076878961307,0.0007923121038693285,0.9998432532253586,0.00015674677420219596,0,OK
2022-09-21,0.9993834781062596,0.0006165218937403946,0.9997936552634257,0.00020634473677288238,0,OK
2022-09-22,0.9994933209948534,0.0005066790051465732,0.9997496210687413,0.00025037893176099,0,OK
2022-09-23,0.9994464990443084,0.0005535009556916709,0.9993372478272541,0.0006627521736302324,0,OK
2022-09-26,0.9994853421542864,0.0005146578457135306,0.9995759760768167,0.00042402392243120346,0,OK
2022-09-27,0.9994249148850198,0.0005750851149801714,0.999283917923897,0.0007160820766023332,0,OK
2022-09-28,0.9992961202964772,0.0007038797035227883,0.9989955995901295,0.001004400410122228,0,OK
2022-09-29,0.9992351781240844,0.0007648218759156818,0.9990929797222284,0.0009070202781657668,0,OK
2022-09-30,0.9994136981647052,0.0005863018352948498,0.9998302449257501,0.00016975507384624154,0,OK
2022-10-03,0.9993862164873859,0.000613783512614068,0.9993220925727512,0.0006779074263589105,0,OK
2022-10-04,0.9978370571523545,0.0021629428476454635,0.9942223520365806,0.00577764796271872,0,OK
2022-10-05,0.9984134760632163,0.0015865239367837138,0.99975845352174,0.00024154647810629875,0,OK
2022-10-06,0.9988540589421483,0.0011459410578517294,0.9998820856601843,0.00011791434034376582,0,OK
2022-10-07,0.9991670592960314,0.0008329407039685331,0.9998973934546319,0.00010260654490774181,0,OK
2022-10-10,0.9993954213867289,0.0006045786132711523,0.9999282662656965,7.173373497726403e-05,0,OK
2022-10-11,0.9995578702842233,0.00044212971577671983,0.9999369177110353,6.308228828971071e-05,0,OK
2022-10-12,0.9996684157157089,0.00033158428429115616,0.9999263550560407,7.364494415817443e-05,0,OK
2022-10-13,0.9996705834304093,0.00032941656959078135,0.9996756414306988,0.0003243585686232402,0,OK
2022-10-14,0.999683619672007,0.0003163803279929398,0.9997140375695249,0.0002859624309313095,0,OK
2022-10-17,0.9997287014422583,0.0002712985577416776,0.9998338922400087,0.00016610776048873262,0,OK
2022-10-18,0.9997734602656676,0.00022653973433236317,0.9998778975195686,0.0001221024797106295,0,OK
2022-10-19,0.9998306108284373,0.0001693891715627094,0.9999639621419192,3.6037858433517305e-05,0,OK
2022-10-20,0.9998627501970594,0.00013724980294060334,0.9999377420562908,6.225794282235595e-05,0,OK
2022-10-21,0.9998801445709752,0.00011985542902485469,0.9999207314436493,7.926855655477456e-05,0,OK
2022-10-24,0.9998911921483999,0.00010880785160003817,0.9999169698296386,8.303017094213299e-05,0,OK
2022-10-25,0.9998841388178682,0.00011586118213175957,0.9998676810465821,0.00013231895337244282,0,OK
2022-10-26,0.9999055841035545,9.441589644549998e-05,0.9999556231038432,4.437689651089432e-05,0,OK
2022-10-27,0.9999180653423688,8.193465763112613e-05,0.9999471882323346,5.281176706425382e-05,0,OK
2022-10-28,0.9999227147533222,7.72852466778158e-05,0.9999335633789389,6.643662112009175e-05,0,OK
2022-10-31,0.9999390255563285,6.097444367149354e-05,0.9999770840974656,2.2915903323408262e-05,0,OK
2022-11-01,0.9999462101213542,5.3789878645811344e-05,0.9999629741066093,3.702589358588623e-05,0,OK
2022-11-02,0.9999362216472423,6.377835275768362e-05,0.999912915206968,8.708479235205229e-05,0,OK
2022-11-03,0.9999322558737859,6.774412621418545e-05,0.9999230024017981,7.699759761268972e-05,0,OK
2022-11-04,0.9999150652074935,8.493479250653118e-05,0.9998749536525997,0.00012504634718867128,0,OK
2022-11-07,0.9999207430491323,7.925695086777138e-05,0.9999339913460696,6.600865371066516e-05,0,OK
2022-11-08,0.9999334802714056,6.651972859444003e-05,0.9999632004569331,3.679954329000026e-05,0,OK
2022-11-09,0.9999175804607232,8.24195392767781e-05,0.9998804809017982,0.0001195190975355669,0,OK
2022-11-10,0.994981675376979,0.005018324623020961,0.9834645635148115,0.016535436485090725,0,OK
2022-11-11,0.99633223346284,0.0036677665371600957,0.9994835356627411,0.0005164643368180771,0,OK
2022-11-14,0.9974233138080237,0.0025766861919762824,0.9999691679464533,3.08320532140528e-05,0,OK
2022-11-15,0.998189250850763,0.0018107491492369468,0.9999764372835035,2.3562716178497887e-05,0,OK
2022-11-16,0.9987231374858051,0.0012768625141949199,0.9999688729682613,3.112703243019108e-05,0,OK
2022-11-17,0.9990926657441712,0.0009073342558287538,0.9999548983472091,4.510165297436648e-05,0,OK
2022-11-18,0.9993562861178681,0.0006437138821319628,0.9999714003239902,2.859967683945068e-05,0,OK
2022-11-21,0.9995434161433391,0.00045658385666097094,0.999980052870109,1.9947130561990097e-05,0,OK
2022-11-22,0.9996715337582288,0.00032846624177118214,0.9999704748599927,2.95251403616749e-05,0,OK
2022-11-23,0.9997638088834279,0.00023619111657208617,0.9999791175084647,2.0882491107528946e-05,0,OK
2022-11-24,0.9998274568545534,0.00017254314544659936,0.9999759687866469,2.40312128204635e-05,0,OK
2022-11-25,0.9998695465601857,0.00013045343981435634,0.999967755873135,3.224412667245602e-05,0,OK
2022-11-28,0.999897381498928,0.00010261850107195919,0.9999623296900171,3.7670310673032544e-05,0,OK
2022-11-29,0.9999165390354573,8.346096454266979e-05,0.9999612399532836,3.876004597432788e-05,0,OK
2022-11-30,0.9999260771387541,7.392286124589218e-05,0.9999483327134189,5.166728688674443e-05,0,OK
2022-12-01,0.9999348827698479,6.511723015209745e-05,0.9999554292427558,4.4570757599909736e-05,0,OK
2022-12-02,0.999933878771148,6.612122885194641e-05,0.9999315361082977,6.846389248492734e-05,0,OK
2022-12-05,0.9999444332389252,5.556676107479216e-05,0.9999690603310881,3.09396695947656e-05,0,OK
2022-12-06,0.9999529540643958,4.7045935604267584e-05,0.9999728359904685,2.7164009506376917e-05,0,OK
2022-12-07,0.9999589232742361,4.107672576393175e-05,0.9999728514296312,2.714856946981484e-05,0,OK
2022-12-08,0.9999638822869713,3.611771302867611e-05,0.9999754533175793,2.454668331307961e-05,0,OK
2022-12-09,0.9999576605160159,4.23394839841429e-05,0.999943143050832,5.685694954689875e-05,0,OK
2022-12-12,0.9999531788090363,4.68211909636129e-05,0.9999427214931736,5.72785072490429e-05,0,OK
2022-12-13,0.99985007241625,0.00014992758374994913,0.9996094908330359,0.00039050916691806697,0,OK
2022-12-14,0.9976794009723431,0.0023205990276568994,0.9926145009360213,0.007385499063439782,0,OK
2022-12-15,0.7164296533462127,0.28357034665378733,0.0601802422181224,0.9398197577814251,0,OK
2022-12-16,0.7982452361476426,0.2017547638523573,0.9891482626841905,0.010851737315687263,0,OK
2022-12-19,0.8585379811424427,0.14146201885755733,0.9992210527966301,0.0007789472030240968,0,OK
2022-12-20,0.89706515751207,0.10293484248792999,0.9869619023744411,0.013038097625466202,0,OK
2022-12-21,0.6338292636343623,0.3661707363656377,0.019612177919021024,0.9803878220802891,0,OK
2022-12-22,0.7357867147758301,0.2642132852241698,0.9736874341062796,0.02631256589407805,0,OK
2022-12-23,0.8149683685136487,0.18503163148635127,0.9997255605681282,0.00027443943144133385,0,OK
2022-12-27,0.8704658009496758,0.12953419905032412,0.9999598099675592,4.019003292745345e-05,0,OK
2022-12-28,0.9092670994636861,0.09073290053631385,0.9998034626625298,0.0001965373369565458,0,OK
2022-12-29,0.9308240481279922,0.06917595187200776,0.9811235950122106,0.018876404988626888,0,OK
2022-12-30,0.65160016494974,0.34839983505026,7.77708680101513e-05,0.9999222291328486,0,OK
2023-01-03,0.49017462133044265,0.5098253786695573,0.11351501955180394,0.8864849804479178,1,OK
2023-01-04,0.3431222365509381,0.6568777634490619,5.399177264046744e-09,0.9999999946012395,1,OK
2023-01-05,0.5371192430441571,0.4628807569558428,0.9897789248612644,0.010221075138331726,0,OK
2023-01-06,0.6755938540786139,0.3244061459213861,0.9987012798251312,0.0012987201743204697,0,OK
2023-01-09,0.7728995132884718,0.2271004867115282,0.9999460514446514,5.3948555193056844e-05,0,OK
2023-01-10,0.8410088457395579,0.15899115426044202,0.9999306214579585,6.937854124098232e-05,0,OK
2023-01-11,0.8886934862695628,0.11130651373043715,0.9999576475057833,4.235249375913287e-05,0,OK
2023-01-12,0.9220762469052309,0.07792375309476902,0.9999693550546846,3.064494487675514e-05,0,OK
2023-01-13,0.945444432470115,0.05455556752988497,0.9999701987874274,2.9801211822192468e-05,0,OK
2023-01-16,0.9618031949865047,0.03819680501349535,0.9999736408571875,2.6359141919587e-05,0,OK
2023-01-17,0.9732521353485772,0.026747864651422742,0.9999663295268625,3.367047325333523e-05,0,OK
2023-01-18,0.9812170128217341,0.018782987178265917,0.9998017269253745,0.00019827307423333842,0,OK
2023-01-19,0.9827003755979998,0.01729962440200014,0.9861615554091742,0.013838444590713341,0,OK
2023-01-20,0.9878560763032787,0.01214392369672132,0.9998860446153938,0.00011395538440407509,0,OK
2023-01-23,0.9914908334352333,0.00850916656476679,0.9999719334092053,2.8066590206219535e-05,0,OK
2023-01-24,0.9940373823053811,0.00596261769461891,0.9999793296691617,2.067033094052749e-05,0,OK
2023-01-25,0.9958180659150492,0.004181934084950831,0.999972994338302,2.700566239198001e-05,0,OK
2023-01-26,0.9970657774161718,0.0029342225838282993,0.9999771042514065,2.2895747875724864e-05,0,OK
2023-01-27,0.9979392298777636,0.0020607701222364137,0.9999772856223417,2.271437852201355e-05,0,OK
2023-01-30,0.9985453082972631,0.0014546917027369393,0.9999594912752854,4.0508723904832575e-05,0,OK
2023-01-31,0.9989710250840917,0.0010289749159082863,0.9999643642533147,3.563574664142926e-05,0,OK
2023-02-01,0.9990020280509173,0.000997971949082637,0.9990743683068716,0.0009256316931561217,0,OK
2023-02-02,0.9522054143676808,0.047794585632319204,0.8430133157731874,0.15698668422653786,0,OK
2023-02-03,0.9659915948152875,0.03400840518471245,0.9981593491928705,0.0018406508069633827,0,OK
2023-02-06,0.9761735936079858,0.023826406392014183,0.9999315907906526,6.840920905156691e-05,0,OK
2023-02-07,0.9833141131407221,0.01668588685927786,0.9999753253839272,2.4674616226436785e-05,0,OK
2023-02-08,0.9883103119862936,0.011689688013706444,0.9999681092932615,3.189070737314152e-05,0,OK
2023-02-09,0.9918083945477925,0.008191605452207491,0.9999705871920108,2.9412808709936947e-05,0,OK
2023-02-10,0.9942384275256437,0.005761572474356269,0.9999085044733181,9.149552603675225e-05,0,OK
2023-02-13,0.9952248041560826,0.004775195843917423,0.9975263496271455,0.0024736503728934487,0,OK
2023-02-14,0.9966328662416436,0.0033671337583563686,0.9999183444413284,8.165555871390835e-05,0,OK
2023-02-15,0.9975379140669888,0.0024620859330112405,0.999649692326148,0.0003503076738726094,0,OK
2023-02-16,0.9982627701803557,0.0017372298196443548,0.9999541011113346,4.589888845495565e-05,0,OK
2023-02-17,0.9987679370357515,0.0012320629642484883,0.9999466596984476,5.334030165813347e-05,0,OK
2023-02-20,0.9991265259598822,0.0008734740401178198,0.9999632334503682,3.6766550479593644e-05,0,OK
2023-02-21,0.9993681280985856,0.0006318719014144038,0.9999318664214878,6.813357777310005e-05,0,OK
2023-02-22,0.9995359061608355,0.0004640938391644569,0.9999273883065187,7.261169391458092e-05,0,OK
2023-02-23,0.9996609512345652,0.0003390487654348309,0.9999527230727856,4.7276926732370354e-05,0,OK
2023-02-24,0.9997249927218076,0.00027500727819238305,0.9998744228579793,0.00012557714129333804,0,OK
2023-02-27,0.9997932583109576,0.00020674168904247174,0.9999525446856687,4.745531435934535e-05,0,OK
2023-02-28,0.999844889924354,0.00015511007564592463,0.9999653636892099,3.46363110539814e-05,0,OK
2023-03-01,0.9998759552826121,0.0001240447173878833,0.9999484411177729,5.155888145245353e-05,0,OK
2023-03-02,0.9998906447524648,0.00010935524753523805,0.9999249201820177,7.507981787906579e-05,0,OK
2023-03-03,0.9998242975183593,0.00017570248164069208,0.9996694873059948,0.0003305126945534182,0,OK
2023-03-06,0.9998688941715271,0.00013110582847291656,0.9999729530283502,2.7046971081440345e-05,0,OK
2023-03-07,0.999896927796012,0.00010307220398794506,0.9999623395867656,3.766041352301158e-05,0,OK
2023-03-08,0.9999154081902044,8.459180979554588e-05,0.9999585291093492,4.147089001328111e-05,0,OK
2023-03-09,0.9999312874903507,6.87125096493647e-05,0.9999683391898458,3.166080930827533e-05,0,OK
2023-03-10,0.9999363370201486,6.366297985135484e-05,0.9999481192569695,5.188074365599851e-05,0,OK
2023-03-13,0.9998480976495088,0.0001519023504912069,0.9996422057854186,0.00035779421531752844,0,OK
2023-03-14,0.9998435493105965,0.00015645068940356026,0.9998329365203129,0.00016706348019905148,0,OK
2023-03-15,0.9986187294026638,0.0013812705973362087,0.9957608162846845,0.004239183715845722,0,OK
2023-03-16,0.9981257553444507,0.0018742446555493134,0.9969754825412972,0.0030245174580465577,0,OK
2023-03-17,0.9955998757351108,0.004400124264889224,0.9897061566464566,0.010293843353349017,0,OK
2023-03-20,0.9916208502686837,0.008379149731316213,0.9823364575144707,0.017663542486312522,0,OK
2023-03-21,0.9933825013903438,0.006617498609656254,0.9974930206743361,0.0025069793257830146,0,OK
2023-03-22,0.9951072379730567,0.004892762026943284,0.9991316233326293,0.0008683766672796875,0,OK
2023-03-23,0.9963977130332757,0.0036022869667242355,0.9994088215071518,0.0005911784928797913,0,OK
2023-03-24,0.9970133368025532,0.002986663197446785,0.9984497922645016,0.0015502077357994026,0,OK
2023-03-27,0.9965006686635094,0.0034993313364906527,0.9953044430062504,0.004695556994259678,0,OK
2023-03-28,0.9800689680535821,0.019931031946417887,0.9417283332963375,0.05827166670291477,0,OK
2023-03-29,0.6863527062952114,0.3136472937047886,0.0010147621916340493,0.9989852378076536,0,OK
2023-03-30,0.7473207563041968,0.25267924369580325,0.8895795396588836,0.11042046034150411,0,OK
2023-03-31,0.8203333258406296,0.1796666741593705,0.9906959880915269,0.009304011907694091,0,OK
2023-04-03,0.8738277404222607,0.12617225957773928,0.99864804111196,0.0013519588872665648,0,OK
2023-04-04,0.9112520503888922,0.0887479496111078,0.9985754403103848,0.0014245596889676754,0,OK
2023-04-05,0.9351058600467851,0.06489413995321493,0.9907647492492928,0.009235250751464906,0,OK
2023-04-06,0.9295898142186443,0.07041018578135569,0.9167190406189389,0.0832809593803508,0,OK
2023-04-11,0.8458191243075117,0.15418087569248828,0.6503541811807027,0.34964581881846435,0,OK
2023-04-12,0.6935158224612166,0.30648417753878343,0.3381414514861165,0.6618585485134723,0,OK
2023-04-13,0.4854610757228517,0.5145389242771483,4.315006865370824e-14,1.0,1,OK
2023-04-14,0.5411012570138263,0.4588987429861737,0.6709283466929234,0.3290716533072331,0,OK
2023-04-17,0.6690455112434133,0.3309544887565867,0.967582104446233,0.03241789555421705,0,OK
2023-04-18,0.7677076909358799,0.23229230906412013,0.99791944355116,0.002080556448364935,0,OK
2023-04-19,0.8373717729648246,0.16262822703517543,0.9999212976994339,7.87023009711968e-05,0,OK
2023-04-20,0.8861542283102445,0.11384577168975549,0.9999799574496518,2.0042550442322184e-05,0,OK
2023-04-21,0.9202980350801312,0.07970196491986876,0.9999669175428544,3.308245679974083e-05,0,OK
2023-04-24,0.9442027297872716,0.05579727021272838,0.9999803507710195,1.9649229400836632e-05,0,OK
2023-04-25,0.9609361824511599,0.03906381754884013,0.9999809053337658,1.90946664342105e-05,0,OK
2023-04-26,0.9726434373465092,0.0273565626534908,0.9999603654356484,3.9634564342378676e-05,0,OK
2023-04-27,0.9808375724348642,0.01916242756513576,0.9999572209745625,4.2779025640665486e-05,0,OK
2023-04-28,0.9865702649231551,0.013429735076844824,0.9999465473964008,5.345260416596959e-05,0,OK
2023-05-02,0.9905823266729841,0.009417673327015881,0.9999438040887827,5.6195910748351246e-05,0,OK
2023-05-03,0.9933199588877681,0.006680041112231884,0.999707767389045,0.0002922326110692247,0,OK
2023-05-04,0.9864314711123542,0.013568528887645807,0.970358332969736,0.029641667030278294,0,OK
2023-05-05,0.6905020297786479,0.30949797022135206,8.304650499489231e-60,1.0,0,OK
2023-05-08,0.781643779798875,0.21835622020112497,0.9943078631799479,0.005692136820595168,0,OK
2023-05-09,0.847132213490157,0.15286778650984298,0.9999385587702152,6.144123018507144e-05,0,OK
2023-05-10,0.8929848072590778,0.10701519274092222,0.9999741927205399,2.5807280107118204e-05,0,OK
2023-05-11,0.9250796863498064,0.07492031365019354,0.9999677375619593,3.226243849331284e-05,0,OK
2023-05-12,0.9475463892400421,0.05245361075995791,0.9999686959842982,3.1304016074789575e-05,0,OK
2023-05-15,0.9632751453192454,0.03672485468075459,0.9999755761709344,2.442382928019893e-05,0,OK
2023-05-16,0.9742857958632578,0.025714204136742243,0.9999773137996668,2.268620071343275e-05,0,OK
2023-05-17,0.9819922709189318,0.01800772908106815,0.9999740460483063,2.5953951161935978e-05,0,OK
2023-05-19,0.9873497952728452,0.01265020472715478,0.9998506854316822,0.00014931456802359073,0,OK
2023-05-22,0.9893462278692828,0.01065377213071717,0.9940045705945366,0.005995429405696079,0,OK
2023-05-23,0.6925423595084981,0.307457640491502,8.421268279882456e-13,1.0,0,OK
2023-05-24,0.7764042922948535,0.22359570770514645,0.9720821354622727,0.027917864536983607,0,OK
2023-05-25,0.8434306771729096,0.1565693228270904,0.9998255752213644,0.00017442477829299487,0,OK
2023-05-26,0.8903872424208712,0.1096127575791288,0.99995256133227,4.743866721844183e-05,0,OK
2023-05-30,0.9232562498007593,0.0767437501992407,0.9999506003547386,4.939964616849861e-05,0,OK
2023-05-31,0.9458725178160845,0.05412748218391545,0.9986438098516868,0.0013561901481565126,0,OK
2023-06-01,0.9618718458439369,0.03812815415606305,0.9992036112413549,0.0007963887577407739,0,OK
2023-06-02,0.9515283923521783,0.04847160764782169,0.9273936675388905,0.0726063324619252,0,OK
2023-06-05,0.9658897733986617,0.03411022660133838,0.9993996625072542,0.000600337492877321,0,OK
2023-06-06,0.976115877454883,0.023884122545116942,0.9999767869196502,2.3213080600251716e-05,0,OK
2023-06-07,0.9832753435370102,0.016724656462989786,0.9999807643957109,1.923560469310047e-05,0,OK
2023-06-08,0.9882858866082015,0.011714113391798496,0.9999771537740794,2.2846225685489673e-05,0,OK
2023-06-09,0.9917941146458692,0.008205885354130759,0.9999799800665131,2.001993290603935e-05,0,OK
2023-06-12,0.9942447934083807,0.005755206591619365,0.9999630438549968,3.695614575944761e-05,0,OK
2023-06-13,0.9959594159631231,0.004040584036876945,0.9999602019240902,3.979807581129807e-05,0,OK
2023-06-14,0.9971642860239862,0.002835713976013745,0.9999756494998849,2.435050066627931e-05,0,OK
2023-06-15,0.9980052207900852,0.001994779209914792,0.9999674019110922,3.25980890172354e-05,0,OK
2023-06-16,0.9985893189255892,0.0014106810744107965,0.9999522145748216,4.778542490147426e-05,0,OK
2023-06-19,0.9990035203858665,0.000996479614133485,0.9999699904593443,3.0009540153091485e-05,0,OK
2023-06-20,0.9992958666468658,0.000704133353134235,0.9999780079232496,2.199207746931851e-05,0,OK
2023-06-21,0.9994993630972002,0.0005006369027997762,0.9999741881477185,2.5811852019372268e-05,0,OK
2023-06-22,0.9996283525006232,0.0003716474993767465,0.9999293277759712,7.067222472301066e-05,0,OK
2023-06-23,0.9997299147424488,0.0002700852575512812,0.9999668933074416,3.310669329186208e-05,0,OK
2023-06-26,0.9997991151467137,0.00020088485328624645,0.9999605827562742,3.941724333449885e-05,0,OK
2023-06-27,0.9998414914017474,0.0001585085982526395,0.9999403693299507,5.9630669840890034e-05,0,OK
2023-06-28,0.9998459423935221,0.00015405760647793035,0.9998563280414092,0.00014367195900360908,0,OK
2023-06-29,0.9998584439888221,0.00014155601117792467,0.9998876143783731,0.0001123856221445781,0,OK
2023-06-30,0.999862779409319,0.0001372205906810388,0.9998728953909245,0.0001271046095216384,0,OK
2023-07-03,0.999854983490306,0.00014501650969399142,0.9998367930121964,0.00016320698739088094,0,OK
2023-07-04,0.999855873319837,0.00014412668016295147,0.9998579495879304,0.0001420504112571916,0,OK
2023-07-05,0.9991113117945404,0.0008886882054596746,0.9973740015696775,0.0026259984311520286,0,OK
2023-07-06,0.9815717403350379,0.018428259664962116,0.9406460735965,0.059353926403801154,0,OK
2023-07-07,0.9869425526578862,0.013057447342113806,0.9994744480776989,0.0005255519221344171,0,OK
2023-07-10,0.9908496125388587,0.009150387461141225,0.999966085594075,3.391440553854139e-05,0,OK
2023-07-11,0.993577637432501,0.006422362567498992,0.9999430288502633,5.697114900044888e-05,0,OK
2023-07-12,0.9949340248351916,0.005065975164808453,0.9980989287748214,0.0019010712251971958,0,OK
2023-07-13,0.9964337873828456,0.0035662126171543754,0.9999332333271053,6.676667262819489e-05,0,OK
2023-07-14,0.9974966613696126,0.0025033386303874704,0.9999767006724545,2.329932793135948e-05,0,OK
2023-07-17,0.9982384904109064,0.0017615095890936346,0.9999694248398959,3.05751594080185e-05,0,OK
2023-07-18,0.9987564288700983,0.0012435711299016875,0.9999649519407443,3.5048058453811385e-05,0,OK
2023-07-19,0.9991190729221567,0.0008809270778432978,0.9999652423777399,3.4757623040388615e-05,0,OK
2023-07-20,0.9993770211238139,0.0006229788761861066,0.9999789002602066,2.109973898599392e-05,0,OK
2023-07-21,0.9995572912440649,0.00044270875593508996,0.9999779215249759,2.2078475349384628e-05,0,OK
2023-07-24,0.9996800237568995,0.0003199762431005531,0.9999663996210804,3.360037981996723e-05,0,OK
2023-07-25,0.9997131562931825,0.0002868437068175547,0.9997904655449289,0.0002095344554905584,0,OK
2023-07-26,0.9917100544685816,0.008289945531418402,0.9730361502113243,0.026963849788820382,0,OK
2023-07-27,0.6941970381427409,0.305802961857259,4.893317738009432e-11,0.9999999999508873,0,OK
2023-07-28,0.778690586749021,0.22130941325097894,0.975842200163822,0.0241577998363254,0,OK
2023-07-31,0.8418286152017885,0.1581713847982115,0.9891506815919312,0.010849318408420804,0,OK
2023-08-02,0.8366072809477685,0.16339271905223157,0.82442416768896,0.17557583231161175,0,OK
2023-08-03,0.8846653458333374,0.11533465416666257,0.9968008305665845,0.0031991694336682137,0,OK
2023-08-04,0.919225814692862,0.08077418530713794,0.9998669086988691,0.00013309130158048859,0,OK
2023-08-07,0.9434508484626734,0.05654915153732664,0.9999759272582986,2.4072741100293532e-05,0,OK
2023-08-08,0.960402120615943,0.03959787938405696,0.9999550889741757,4.491102642772077e-05,0,OK
2023-08-09,0.9722685147481178,0.027731485251882203,0.9999567677237242,4.323227680777282e-05,0,OK
2023-08-10,0.9805725199268417,0.019427480073158285,0.99994853200981,5.1467989469154974e-05,0,OK
2023-08-11,0.9863721430744635,0.013627856925536428,0.9999045970853692,9.540291441876532e-05,0,OK
2023-08-14,0.9904524691322221,0.009547530867777964,0.9999732299329317,2.6770066341551904e-05,0,OK
2023-08-15,0.9933005292931911,0.0066994707068088405,0.9999460030021213,5.3996997880884195e-05,0,OK
2023-08-16,0.9950507210281739,0.004949278971826059,0.9991345017432035,0.0008654982568662396,0,OK
2023-08-17,0.9559176063913748,0.044082393608625196,0.864607005573,0.13539299442782318,0,OK
2023-08-18,0.9686974091202866,0.03130259087971347,0.9985169488210803,0.0014830511789194472,0,OK
2023-08-21,0.9780723217964475,0.021927678203552434,0.999947118041243,5.288195917670551e-05,0,OK
2023-08-22,0.9846379768883654,0.015362023111634546,0.9999578387698935,4.216123049281177e-05,0,OK
2023-08-23,0.9892387863899951,0.010761213610004901,0.9999740085599085,2.5991439535732384e-05,0,OK
2023-08-24,0.992433134034653,0.007566865965346987,0.9998866118718724,0.00011338812781185769,0,OK
2023-08-25,0.9946885123359459,0.005311487664054079,0.9999510617059826,4.893829437062819e-05,0,OK
2023-08-28,0.9961492301143783,0.0038507698856217196,0.9995575715970911,0.00044242840261288175,0,OK
2023-08-29,0.9972937063893293,0.002706293610670614,0.9999641510317222,3.584896911803513e-05,0,OK
2023-08-30,0.9980905734987648,0.0019094265012352118,0.9999499300868426,5.0069912552606754e-05,0,OK
2023-08-31,0.9986424099140764,0.0013575900859236114,0.9999300282158927,6.997178352987767e-05,0,OK
2023-09-01,0.9990309321029481,0.0009690678970519203,0.9999374838777669,6.25161230179747e-05,0,OK
2023-09-04,0.9992968060963177,0.0007031939036823698,0.9999171787468925,8.282125248675242e-05,0,OK
2023-09-05,0.9994803003827654,0.0005196996172346127,0.9999084537172456,9.154628218984604e-05,0,OK
2023-09-06,0.9996051823088368,0.0003948176911632493,0.999896573469568,0.00010342653033006827,0,OK
2023-09-07,0.9996998249428548,0.0003001750571452202,0.999920657754957,7.93422444364856e-05,0,OK
2023-09-08,0.9997462839692818,0.0002537160307182569,0.9998546883648285,0.00014531163572200918,0,OK
2023-09-11,0.9997967758019837,0.00020322419801631876,0.9999145900788945,8.54099217117965e-05,0,OK
2023-09-12,0.9998248745072219,0.00017512549277814347,0.9998904381533429,0.00010956184722240119,0,OK
2023-09-13,0.999847413983498,0.00015258601650206677,0.9999000060954626,9.999390519122118e-05,0,OK
2023-09-14,0.9998373912975663,0.00016260870243367095,0.9998140050308228,0.0001859949696074141,0,OK
2023-09-15,0.9998518627861028,0.0001481372138972117,0.9998856295930443,0.00011437040731214016,0,OK
2023-09-18,0.9998672364448461,0.00013276355515391458,0.9999031083147568,9.689168475288805e-05,0,OK
2023-09-19,0.9998905089620559,0.00010949103794405519,0.9999448115017836,5.5188497787716606e-05,0,OK
2023-09-20,0.9998987546062964,0.00010124539370355998,0.9999179944436594,8.200555714240456e-05,0,OK
2023-09-21,0.999885491147172,0.00011450885282802533,0.9998545430759858,0.00014545692411844453,0,OK
2023-09-22,0.9998337082762184,0.0001662917237815848,0.9997128815765707,0.0002871184226732235,0,OK
2023-09-25,0.9997583993096316,0.0002416006903684033,0.999582678387605,0.0004173216124043133,0,OK
2023-09-26,0.9997511153995466,0.0002488846004533758,0.9997341196089458,0.0002658803906516451,0,OK
2023-09-27,0.9997747673174774,0.00022523268252258734,0.9998299551263099,0.00017004487401741422,0,OK
2023-09-28,0.9997578168182745,0.00024218318172552708,0.9997182656540177,0.0002817343465323865,0,OK
2023-09-29,0.9997067879369206,0.00029321206307941013,0.9995877205474943,0.00041227945290513716,0,OK
2023-10-02,0.9996970721084715,0.000302927891528479,0.9996744018413259,0.0003255981579096397,0,OK
2023-10-03,0.9997383034668464,0.0002616965331535412,0.9998345099700566,0.00016549003027868623,0,OK
2023-10-04,0.9997839430424855,0.0002160569575144505,0.9998904353851443,0.0001095646143565723,0,OK
2023-10-05,0.9998348429999934,0.00016515700000668305,0.9999536095666834,4.6390432488559086e-05,0,OK
2023-10-06,0.9997586241927849,0.00024137580721507056,0.9995807803097052,0.000419219690701308,0,OK
2023-10-09,0.993098763624073,0.006901236375927009,0.9775590889640475,0.022440911036254865,0,OK
2023-10-10,0.6968668868456166,0.3031331131543834,0.005659174363069944,0.9943408256374483,0,OK
2023-10-11,0.7776487212963101,0.22235127870368993,0.9661396683477335,0.0338603316520718,0,OK
2023-10-12,0.836832061328237,0.1631679386717631,0.974926521402961,0.025073478597267204,0,OK
2023-10-13,0.7964123257961369,0.2035876742038632,0.7020996095552805,0.2979003904454301,0,OK
2023-10-16,0.8553088913587813,0.1446911086412187,0.9927342110040659,0.007265788995048326,0,OK
2023-10-17,0.8986314132986617,0.1013685867013383,0.9997172978246934,0.00028270217495074065,0,OK
2023-10-18,0.9289919850574737,0.07100801494252626,0.9998333191609067,0.00016668083863148527,0,OK
2023-10-19,0.9502445807620579,0.04975541923794216,0.9998339707400098,0.00016602926057926627,0,OK
2023-10-20,0.9645587218549666,0.035441278145033346,0.9979583844057657,0.002041615594912777,0,OK
2023-10-23,0.9751171621218628,0.02488283787813711,0.9997535227446178,0.0002464772553792268,0,OK
2023-10-24,0.9825320875299068,0.017467912470093164,0.9998335801478684,0.00016641985132396326,0,OK
2023-10-25,0.987732853162471,0.012267146837529098,0.9998679729721625,0.0001320270282129463,0,OK
2023-10-26,0.9913256793791115,0.008674320620888448,0.9997089405514398,0.0002910594487269317,0,OK
2023-10-27,0.9938340489088642,0.0061659510911358465,0.9996869111445101,0.0003130888550464463,0,OK
2023-10-30,0.9956427117551047,0.00435728824489538,0.9998629250627364,0.00013707493700095786,0,OK
2023-10-31,0.9968703609453444,0.003129639054655548,0.9997348757221088,0.00026512427742927366,0,OK
2023-11-01,0.9977276697843018,0.002272330215698144,0.9997280570746071,0.0002719429247975365,0,OK
2023-11-02,0.9983195517530493,0.0016804482469507003,0.999700609680949,0.0002993903198733317,0,OK
2023-11-03,0.9987809508434301,0.0012190491565698459,0.9998575487215077,0.00014245127901451948,0,OK
2023-11-06,0.9990883665615641,0.0009116334384359415,0.9998056699039544,0.00019433009612349804,0,OK
2023-11-07,0.99933700124719,0.0006629987528099645,0.9999171488470027,8.285115301601805e-05,0,OK
2023-11-08,0.9994457827743743,0.0005542172256256632,0.9996996063381594,0.0003003936621956268,0,OK
2023-11-09,0.9995566210527884,0.00044337894721155997,0.9998152437021106,0.00018475629757865261,0,OK
2023-11-10,0.9996535027628327,0.0003464972371672794,0.9998795600870591,0.00012043991373062475,0,OK
2023-11-13,0.9994916984016364,0.0005083015983635364,0.9991141548927572,0.0008858451078214695,0,OK
2023-11-14,0.9996152485249851,0.00038475147501496813,0.9999035321456017,9.646785386830895e-05,0,OK
2023-11-15,0.9997186713080299,0.0002813286919701065,0.9999599911352768,4.000886486542937e-05,0,OK
2023-11-16,0.9997927297514154,0.00020727024858455484,0.999965532785717,3.44672140182677e-05,0,OK
2023-11-17,0.9998421736143149,0.00015782638568510494,0.9999575426273019,4.245737225305519e-05,0,OK
2023-11-20,0.9998821488498286,0.00011785115017137976,0.999975424399996,2.4575600639354413e-05,0,OK
2023-11-21,0.9999037837725996,9.621622740041462e-05,0.9999542652585123,4.5734740934829305e-05,0,OK
2023-11-22,0.9999084978189092,9.15021810907486e-05,0.9999194972597151,8.050273970152793e-05,0,OK
2023-11-23,0.9997466009517029,0.00025339904829708683,0.9993688415956343,0.0006311584051118761,0,OK
2023-11-24,0.9997152394936859,0.00028476050631414274,0.9996420627585528,0.00035793724168727323,0,OK
2023-11-27,0.9997135553708251,0.0002864446291749385,0.9997096257510281,0.00029037424918346204,0,OK
2023-11-28,0.9996904663616796,0.0003095336383204791,0.9996365920062995,0.0003634079929934072,0,OK
2023-11-29,0.9997018424200812,0.00029815757991874623,0.9997283865568127,0.00027161344364803614,0,OK
2023-11-30,0.9997053336301559,0.00029466636984415125,0.9997134797869733,0.0002865202130034297,0,OK
2023-12-01,0.9986941913412474,0.0013058086587525977,0.9963348593329365,0.00366514066620564,0,OK
2023-12-04,0.9990500277761895,0.0009499722238104974,0.9998803127908976,0.00011968720894559674,0,OK
2023-12-05,0.9992687204277413,0.0007312795722587077,0.9997790032810216,0.0002209967186378652,0,OK
2023-12-06,0.9994669632496751,0.0005330367503249176,0.9999295298350624,7.047016581274078e-05,0,OK
2023-12-07,0.999609561739146,0.00039043826085400463,0.9999422915488169,5.770845208854116e-05,0,OK
2023-12-08,0.99970508295965,0.0002949170403500495,0.9999279658066177,7.203419250748758e-05,0,OK
2023-12-11,0.9997854088143713,0.00021459118562869165,0.9999728358085744,2.7164191278856763e-05,0,OK
2023-12-12,0.999842053836944,0.00015794616305593042,0.9999742255560897,2.5774443719487603e-05,0,OK
2023-12-13,0.9998836639190596,0.00011633608094037874,0.9999807541113428,1.9245889337424863e-05,0,OK
2023-12-14,0.9999025810863131,9.741891368682387e-05,0.999946721142453,5.32788567618625e-05,0,OK
2023-12-15,0.9999221308389764,7.786916102359341e-05,0.9999677469276336,3.225307147605568e-05,0,OK
2023-12-18,0.999937149159507,6.28508404929878e-05,0.9999721919076624,2.7808092588241407e-05,0,OK
2023-12-19,0.9999462976520646,5.37023479353922e-05,0.9999676441344062,3.2355865301002486e-05,0,OK
2023-12-20,0.9999556897474863,4.431025251367732e-05,0.9999776046367836,2.2395363196342594e-05,0,OK
2023-12-21,0.99995769783921,4.2302160790072855e-05,0.9999623833863819,3.761661343499578e-05,0,OK
2023-12-22,0.9999644120690444,3.558793095557345e-05,0.9999800786046581,1.992139467507485e-05,0,OK
2023-12-27,0.9999691999409264,3.0800059073675066e-05,0.9999803716416942,1.9628358015912173e-05,0,OK
2023-12-28,0.999969592221829,3.0407778170997585e-05,0.9999705075444487,2.9492456064750135e-05,0,OK
2023-12-29,0.9999709097769044,2.9090223095574676e-05,0.999973984071491,2.6015927919587885e-05,0,OK
2024-01-03,0.9999658392394278,3.416076057218398e-05,0.9999540079851751,4.5992014684272356e-05,0,OK
2024-01-04,0.9999676808939737,3.2319106026295647e-05,0.999971978087789,2.8021912085889547e-05,0,OK
2024-01-05,0.9999648021742437,3.5197825756297665e-05,0.9999580851616588,4.1914838459635725e-05,0,OK
2024-01-08,0.9999628461544317,3.715384556836301e-05,0.9999582821081385,4.171789179651547e-05,0,OK
2024-01-09,0.9999635478373825,3.645216261753872e-05,0.9999651850979372,3.481490239894871e-05,0,OK
2024-01-10,0.9999655333830487,3.446661695132592e-05,0.9999701663230726,2.983367706349607e-05,0,OK
2024-01-11,0.9999531691216785,4.683087832143041e-05,0.9999243191786563,7.568082151834087e-05,0,OK
2024-01-12,0.9999580799652221,4.192003477785871e-05,0.9999695385996593,3.0461399842858085e-05,0,OK
2024-01-15,0.9999613511688757,3.864883112420468e-05,0.9999689839777353,3.101602259901194e-05,0,OK
2024-01-16,0.9999618229232409,3.817707675907926e-05,0.9999629236842723,3.7076316573786624e-05,0,OK
2024-01-17,0.9999650428494208,3.4957150579176485e-05,0.9999725560101693,2.7443989492736697e-05,0,OK
2024-01-18,0.9999687721787732,3.122782122673321e-05,0.9999774739471495,2.2526052737698883e-05,0,OK
2024-01-19,0.9999703834444552,2.961655554475961e-05,0.9999741430652308,2.5856935620154565e-05,0,OK
2024-01-22,0.9999518987448318,4.810125516822098e-05,0.9999087677788984,9.123222095629751e-05,0,OK
2024-01-23,0.9974570755147489,0.0025429244852510626,0.9916358213114765,0.008364178688777694,0,OK
2024-01-24,0.6982199528603243,0.3017800471396757,2.4889876704544845e-39,1.0,0,OK
2024-01-25,0.5916823872240193,0.40831761277598067,0.3430947340732546,0.656905265927359,0,OK
2024-01-26,0.43062214925117126,0.5693778507488287,0.05481492731454238,0.9451850726854746,1,OK
2024-01-29,0.598778950284405,0.401221049715595,0.9911448193615023,0.008855180638049754,0,OK
2024-01-30,0.719114681926976,0.280885318073024,0.9998980557591459,0.00010194424035842511,0,OK
2024-01-31,0.8033740965524624,0.19662590344753764,0.9999793973450848,2.060265473615579e-05,0,OK
2024-02-01,0.8623559289499618,0.1376440710500382,0.9999802045435264,1.979545587292449e-05,0,OK
2024-02-02,0.9036421263888873,0.0963578736111127,0.9999765870792194,2.3412920286525996e-05,0,OK
2024-02-05,0.9325437118521429,0.06745628814785705,0.9999807446000303,1.925540026057248e-05,0,OK
2024-02-06,0.9527745663490736,0.047225433650926324,0.999979893508001,2.010649142130932e-05,0,OK
2024-02-07,0.9669345021762247,0.03306549782377535,0.999974352440071,2.5647560423078214e-05,0,OK
2024-02-08,0.9768473344110326,0.023152665588967468,0.999977276292957,2.2723707749067447e-05,0,OK
2024-02-09,0.9837867999366777,0.016213200063322275,0.9999788861633363,2.1113836816828643e-05,0,OK
2024-02-12,0.9885260709232325,0.011473929076767479,0.9995843698923206,0.0004156301081396198,0,OK
2024-02-13,0.9919547559347688,0.008045244065231208,0.9999550209615808,4.497903831324138e-05,0,OK
2024-02-14,0.9943612187526543,0.00563878124734579,0.9999762986615971,2.3701338946483018e-05,0,OK
2024-02-15,0.9960445866878552,0.003955413312144724,0.99997244520402,2.7554796675569157e-05,0,OK
2024-02-16,0.9972247877030338,0.0027752122969662276,0.9999785900708988,2.1409928216404324e-05,0,OK
2024-02-19,0.9980509780796861,0.001949021920313908,0.9999787556245076,2.1244374791828847e-05,0,OK
2024-02-20,0.9986265011050812,0.0013734988949187735,0.9999693881647346,3.0611835663460545e-05,0,OK
2024-02-21,0.9990279765565575,0.0009720234434424626,0.9999647526101588,3.52473899977372e-05,0,OK
2024-02-22,0.9993108244750183,0.0006891755249817254,0.999970802950573,2.9197048573338767e-05,0,OK
2024-02-23,0.9995109433490403,0.0004890566509596467,0.999977887388756,2.211261157479653e-05,0,OK
2024-02-26,0.9996482498547898,0.0003517501452101152,0.999968631701408,3.13682984612084e-05,0,OK
2024-02-27,0.9997400230540129,0.00025997694598716494,0.9999541605186224,4.5839481133614306e-05,0,OK
2024-02-28,0.9998068766340767,0.00019312336592323026,0.9999628683217461,3.7131679107382715e-05,0,OK
2024-02-29,0.9998588615946656,0.00014113840533437006,0.999980159835472,1.9840163960363014e-05,0,OK
2024-03-01,0.9998949814380473,0.00010501856195270503,0.9999792610728536,2.073892739548665e-05,0,OK
2024-03-04,0.9999201876811291,7.981231887083799e-05,0.9999790022487958,2.0997751679814935e-05,0,OK
2024-03-05,0.9999366395601899,6.336043981018488e-05,0.9999750272771541,2.4972722001994287e-05,0,OK
2024-03-06,0.999946190500763,5.380949923691888e-05,0.9999684760280955,3.1523971232631554e-05,0,OK
2024-03-07,0.9997563356056514,0.00024366439434866705,0.9993133408506943,0.0006866591496094128,0,OK
2024-03-08,0.9998085369160221,0.000191463083977869,0.9999303399743662,6.966002644600685e-05,0,OK
2024-03-11,0.9996338198902075,0.0003661801097924869,0.999226146829201,0.0007738531700265955,0,OK
2024-03-12,0.9997160607498107,0.0002839392501893482,0.9999079560892478,9.204391111535811e-05,0,OK
2024-03-13,0.9997920787521298,0.0002079212478701612,0.9999694540901706,3.0545909125391566e-05,0,OK
2024-03-14,0.9998430845220649,0.00015691547793507336,0.9999620979849885,3.7902014753201764e-05,0,OK
2024-03-15,0.9998728381443552,0.00012716185564476225,0.9999422632633455,5.7736736967369635e-05,0,OK
2024-03-18,0.9998641976475269,0.00013580235247310482,0.9998440364888576,0.00015596351173923748,0,OK
2024-03-19,0.9971694886081793,0.002830511391820628,0.9908818341823546,0.00911816581696485,0,OK
2024-03-20,0.9978126114704401,0.0021873885295598536,0.999313231482715,0.000686768517618048,0,OK
2024-03-21,0.9946907647905529,0.005309235209447111,0.9874064558707011,0.012593544129184045,0,OK
2024-03-22,0.9962100426177508,0.0037899573822491664,0.9997550242150821,0.0002449757854539627,0,OK
2024-03-25,0.9973300534230007,0.0026699465769992837,0.9999434119677039,5.658803141622522e-05,0,OK
2024-03-26,0.9981210017164576,0.0018789982835423812,0.9999665477346027,3.345226547627608e-05,0,OK
2024-03-27,0.9986750547431237,0.0013249452568763402,0.9999678451389845,3.2154861322244834e-05,0,OK
2024-03-28,0.9990644372085734,0.0009355627914266184,0.9999729962954818,2.700370537726789e-05,0,OK
2024-04-02,0.9993304018058694,0.0006695981941305871,0.9999509858669339,4.9014133773181106e-05,0,OK
2024-04-03,0.9995104531092662,0.0004895468907337623,0.9999305728179199,6.942718280783771e-05,0,OK
2024-04-04,0.9996497901241165,0.00035020987588349196,0.9999749098261294,2.5090174566194496e-05,0,OK
2024-04-05,0.9997467694572474,0.00025323054275265506,0.9999730545670544,2.694543211403572e-05,0,OK
2024-04-08,0.9998154509432581,0.0001845490567419462,0.999975707744328,2.4292256050292277e-05,0,OK
2024-04-09,0.9998620067373323,0.0001379932626677158,0.9999706369235386,2.936307649451162e-05,0,OK
2024-04-10,0.9998893356871337,0.0001106643128663267,0.9999531032364023,4.689676332975214e-05,0,OK
2024-04-11,0.9999115420910314,8.84579089685932e-05,0.999963357033429,3.664296654054833e-05,0,OK
2024-04-12,0.9999117348751869,8.826512481305618e-05,0.9999121847046849,8.781529511680316e-05,0,OK
2024-04-15,0.999916892080072,8.310791992799507e-05,0.99992892555862,7.107444186285248e-05,0,OK
2024-04-16,0.9999288042210897,7.119577891033745e-05,0.9999565992162074,4.340078320246966e-05,0,OK
2024-04-17,0.9999290025961247,7.099740387525447e-05,0.9999294654710226,7.05345287933942e-05,0,OK
2024-04-18,0.9999375188183642,6.248118163580778e-05,0.9999573900042119,4.2609996410432196e-05,0,OK
2024-04-19,0.9999054117487759,9.458825122413329e-05,0.9998304952526195,0.00016950474693022615,0,OK
2024-04-22,0.9972185569791058,0.0027814430208942444,0.9909492291830914,0.00905077081679117,0,OK
2024-04-23,0.7391152742692144,0.2608847257307855,0.13687428127946635,0.8631257187205319,0,OK
2024-04-24,0.814870163511761,0.18512983648823902,0.9916315717438071,0.008368428255630533,0,OK
2024-04-25,0.8702683205348434,0.12973167946515668,0.999530686922513,0.00046931307796453263,0,OK
2024-04-26,0.9091694743802812,0.09083052561971879,0.9999388333534786,6.11666470304051e-05,0,OK
2024-04-29,0.9364052869965708,0.06359471300342927,0.9999555164339493,4.448356542041056e-05,0,OK
2024-04-30,0.9550108682666337,0.04498913173336629,0.9984238912306239,0.0015761087698860313,0,OK
2024-05-02,0.9684983926228375,0.0315016073771625,0.999969282786634,3.071721268697363e-05,0,OK
2024-05-03,0.9779406509575481,0.022059349042451926,0.9999725870721994,2.741292812727166e-05,0,OK
2024-05-06,0.984303469746576,0.015696530253424018,0.9991500469203958,0.0008499530790255682,0,OK
2024-05-07,0.9667923817791486,0.03320761822085143,0.9259331765226428,0.07406682347818205,0,OK
2024-05-08,0.9766029057959674,0.02339709420403259,0.9994941285015196,0.0005058714981219732,0,OK
2024-05-10,0.983611863867496,0.01638813613250401,0.9999660993669957,3.390063227066623e-05,0,OK
2024-05-13,0.9885195276867734,0.011480472313226554,0.9999707432658181,2.925673491249829e-05,0,OK
2024-05-14,0.9919542780695985,0.008045721930401498,0.9999686956296063,3.130437047636228e-05,0,OK
2024-05-15,0.9943563394670554,0.005643660532944642,0.9999611493947724,3.88506055453135e-05,0,OK
2024-05-16,0.9960414657966054,0.003958534203394595,0.999973427231631,2.6572767777819036e-05,0,OK
2024-05-17,0.9972216411877298,0.00277835881227014,0.9999753837665911,2.4616232979744095e-05,0,OK
2024-05-21,0.9980485337893064,0.001951466210693617,0.9999779498587487,2.2050140348397354e-05,0,OK
2024-05-22,0.9986258325349474,0.0013741674650525409,0.9999728629417027,2.7137058556696917e-05,0,OK
2024-05-23,0.9990306241845394,0.000969375815460653,0.999975138034478,2.4861966412914563e-05,0,OK
2024-05-24,0.9993122625906298,0.0006877374093702173,0.9999694188719742,3.05811284925343e-05,0,OK
2024-05-27,0.9995111216678625,0.0004888783321375473,0.9999751261822378,2.487381859465039e-05,0,OK
2024-05-28,0.9996429997032453,0.0003570002967546649,0.9999507151200309,4.9284880861272674e-05,0,OK
2024-05-29,0.999628317415153,0.0003716825848469424,0.9995940587431076,0.0004059412570622565,0,OK
2024-05-30,0.9997324632762435,0.0002675367237564101,0.999975470284696,2.4529714545168167e-05,0,OK
2024-05-31,0.9998070034179675,0.0001929965820325316,0.9999809304153321,1.906958467681517e-05,0,OK
2024-06-03,0.9998563527550645,0.00014364724493552718,0.9999715012077193,2.8498791709183594e-05,0,OK
2024-06-04,0.9998900109978394,0.00010998900216059254,0.999968546897329,3.1453102352411735e-05,0,OK
2024-06-05,0.9998929421206033,0.00010705787939663307,0.9998997814072826,0.00010021859294739429,0,OK
2024-06-06,0.9999175321558346,8.246784416540176e-05,0.9999749089039249,2.5091095292528707e-05,0,OK
2024-06-07,0.9999337843745751,6.6215625424853e-05,0.9999717062183743,2.8293781696905903e-05,0,OK
2024-06-10,0.9999420510551029,5.794894489708421e-05,0.9999613399756389,3.866002366562372e-05,0,OK
2024-06-11,0.9998626428974053,0.00013735710259471043,0.9996773571956526,0.00032264280388917164,0,OK
2024-06-12,0.9959823692962956,0.004017630703704413,0.9869283975611572,0.013071602439627053,0,OK
2024-06-13,0.9335250704402865,0.06647492955971349,0.787791373110449,0.21220862689040132,0,OK
2024-06-14,0.9474417241121904,0.05255827588780961,0.9799139160136193,0.020086083986700577,0,OK
2024-06-17,0.9631136645787342,0.036886335421265806,0.9996815256666379,0.0003184743326636037,0,OK
2024-06-18,0.9741225918891592,0.025877408110840855,0.9998100889462134,0.00018991105318264366,0,OK
2024-06-19,0.9769037879217095,0.02309621207829047,0.983393245330518,0.01660675466900624,0,OK
2024-06-20,0.6838352160277151,0.31616478397228487,8.548275081971873e-06,0.9999914517249385,0,OK
2024-06-21,0.7757024064692436,0.22429759353075637,0.9900591841660739,0.009940815833856665,0,OK
2024-06-24,0.8429637392419248,0.15703626075807522,0.9999068490456763,9.31509551525242e-05,0,OK
2024-06-25,0.8900630870587031,0.10993691294129689,0.9999615652979033,3.843470214747819e-05,0,OK
2024-06-26,0.9230258131566806,0.07697418684331932,0.9999388407181161,6.11592813716304e-05,0,OK
2024-06-27,0.946111033432525,0.053888966567475036,0.9999765474098091,2.3452590505061293e-05,0,OK
2024-06-28,0.9622699407922194,0.03773005920778066,0.9999740579641967,2.5942035160466044e-05,0,OK
2024-07-01,0.9735735446454348,0.026426455354565212,0.9999486203026531,5.1379697062516605e-05,0,OK
2024-07-02,0.9814922837112396,0.01850771628876039,0.999969341530913,3.065846854914349e-05,0,OK
2024-07-03,0.9870382046012823,0.012961795398717654,0.9999786866771814,2.1313321951268383e-05,0,OK
2024-07-04,0.9909132542462706,0.009086745753729418,0.9999550367515178,4.4963248756866495e-05,0,OK
2024-07-05,0.9936283965505317,0.00637160344946833,0.9999637285939429,3.627140619246102e-05,0,OK
2024-07-08,0.995520062639514,0.0044799373604860705,0.9999339501796009,6.60498195274647e-05,0,OK
2024-07-09,0.9968405795364164,0.0031594204635836407,0.9999217856287032,7.821437081130619e-05,0,OK
2024-07-10,0.9977787500871631,0.002221249912836912,0.9999678147064519,3.21852944278795e-05,0,OK
2024-07-11,0.998436820233935,0.001563179766065027,0.9999723172434687,2.7682756930628206e-05,0,OK
2024-07-12,0.9988624868419476,0.0011375131580524554,0.9998557089265613,0.00014429107268978833,0,OK
2024-07-15,0.9991937053348078,0.0008062946651922714,0.9999665484840012,3.345151518517566e-05,0,OK
2024-07-16,0.9994283662051937,0.0005716337948063354,0.9999759082357655,2.4091763905818088e-05,0,OK
2024-07-17,0.9995925464165238,0.0004074535834761874,0.9999756335768395,2.4366423705842046e-05,0,OK
2024-07-18,0.9997043184600547,0.0002956815399453293,0.9999651198948963,3.488010503999365e-05,0,OK
2024-07-19,0.9996806787625354,0.0003193212374645386,0.9996255194679423,0.00037448053167602716,0,OK
2024-07-22,0.9997633753747638,0.00023662462523619328,0.9999563341373269,4.366586337005423e-05,0,OK
2024-07-23,0.9998272707925044,0.00017272920749561088,0.9999763601001478,2.3639899434252058e-05,0,OK
2024-07-24,0.9998706251430327,0.00012937485696729736,0.9999717852948853,2.821470573456586e-05,0,OK
2024-07-25,0.999895467079832,0.00010453292016798218,0.9999534315995754,4.656840096958013e-05,0,OK
2024-07-26,0.9997448275525884,0.00025517244741157704,0.9993933353226709,0.0006066646776466317,0,OK
2024-07-29,0.9998021984952875,0.00019780150471252037,0.9999360640280359,6.393597174805479e-05,0,OK
2024-07-30,0.999850897998409,0.00014910200159097016,0.999964530171991,3.5469827640686456e-05,0,OK
2024-07-31,0.9991982950966958,0.0008017049033042037,0.9976755549925369,0.0023244450073017487,0,OK
2024-08-02,0.909393229565078,0.09060677043492209,0.6998480766588738,0.3001519233420305,0,OK
2024-08-05,0.9320375593101936,0.06796244068980635,0.984874328714826,0.015125671284536272,0,OK
2024-08-06,0.9523618328554438,0.04763816714455614,0.999785137793456,0.0002148622056389961,0,OK
2024-08-07,0.9666361712712586,0.033363828728741454,0.9999429609076065,5.703909184051836e-05,0,OK
2024-08-08,0.9766265631680359,0.02337343683196409,0.9999374775935514,6.252240615023602e-05,0,OK
2024-08-09,0.9836284517138565,0.016371548286143508,0.9999661916539366,3.3808345895484705e-05,0,OK
2024-08-12,0.9885308292277996,0.011469170772200487,0.9999697100942279,3.0289906333434502e-05,0,OK
2024-08-13,0.9919632266531582,0.008036773346841832,0.9999721539791508,2.7846021004974795e-05,0,OK
2024-08-14,0.9943440001567397,0.005655999843260237,0.9998991383318606,0.00010086166823651612,0,OK
2024-08-15,0.9960036412079343,0.00399635879206568,0.9998761369943845,0.00012386300594504794,0,OK
2024-08-16,0.9971927498724055,0.0028072501275945376,0.999967336757018,3.2663243828538817e-05,0,OK
2024-08-19,0.9980242462023855,0.0019757537976144877,0.9999644043060348,3.559569432770485e-05,0,OK
2024-08-20,0.9986044995748832,0.001395500425116798,0.999958424110727,4.1575889288855514e-05,0,OK
2024-08-21,0.9989638892359071,0.0010361107640928908,0.9998024651125113,0.00019753488837044066,0,OK
2024-08-22,0.9992459659554509,0.0007540340445491492,0.9999041449678608,9.585503228041914e-05,0,OK
2024-08-23,0.9993929652359975,0.0006070347640024618,0.999735963557312,0.0002640364427268581,0,OK
2024-08-26,0.9972839892346073,0.0027160107653927683,0.992363045231116,0.007636954768636816,0,OK
2024-08-27,0.9832413558229911,0.016758644177008907,0.950475211195426,0.049524788804113234,0,OK
2024-08-28,0.9176052657511196,0.08239473424888046,0.7644543889167054,0.2355456110832474,0,OK
2024-08-29,0.6425821941249104,0.3574178058750897,0.0008616936631304303,0.9991383063362447,0,OK
2024-08-30,0.6131837482528077,0.38681625174719225,0.5445873745517593,0.45541262544876476,0,OK
2024-09-02,0.7257140702621852,0.2742859297378149,0.9882848216171911,0.011715178382601277,0,OK
2024-09-03,0.8078764411920829,0.19212355880791715,0.9995886400279815,0.0004113599714890872,0,OK
2024-09-04,0.8655050274692462,0.13449497253075385,0.9999717287822997,2.82712173728667e-05,0,OK
2024-09-05,0.9058431799021447,0.09415682009785525,0.9999655355795884,3.4464421091864036e-05,0,OK
2024-09-06,0.934074145689828,0.06592585431017194,0.9999463991948964,5.360080557753861e-05,0,OK
2024-09-09,0.9538426027219464,0.0461573972780536,0.9999690024635514,3.099753644414143e-05,0,OK
2024-09-10,0.9676770291406729,0.03232297085932712,0.9999573574511462,4.264254896536983e-05,0,OK
2024-09-11,0.9773651115318194,0.022634888468180656,0.999970637110889,2.9362888838915766e-05,0,OK
2024-09-12,0.9841475307264124,0.01585246927358759,0.9999731755138651,2.6824486203775784e-05,0,OK
2024-09-13,0.9888967051141678,0.011103294885832131,0.9999781120180914,2.1887981069393038e-05,0,OK
2024-09-16,0.9922216759554783,0.007778324044521687,0.9999799412518761,2.0058748130654686e-05,0,OK
2024-09-17,0.9945469729143571,0.005453027085642834,0.999972665817733,2.7334181592178035e-05,0,OK
2024-09-18,0.9961722094936595,0.0038277905063405717,0.9999644281794212,3.5571821301960044e-05,0,OK
2024-09-19,0.9966604112756483,0.0033395887243516404,0.9977995487671621,0.0022004512330441343,0,OK
2024-09-20,0.9935351920941957,0.006464807905804308,0.9862430140042708,0.013756985995860532,0,OK
2024-09-23,0.9954440460741114,0.004555953925888564,0.9998980386933084,0.00010196130608516306,0,OK
2024-09-24,0.9967719850390138,0.003228014960986205,0.9998705092903178,0.00012949070954736613,0,OK
2024-09-25,0.9947384611685629,0.005261538831437148,0.9899935721372304,0.010006427862489349,0,OK
2024-09-26,0.6998742267077991,0.30012577329220097,0.011857679632110067,0.9881423203673166,0,OK
2024-09-27,0.5993958502817769,0.4006041497182231,0.36494630528855987,0.6350536947122748,0,OK
2024-09-30,0.6706852813692934,0.32931471863070655,0.8370272872407329,0.16297271275983463,0,OK
2024-10-01,0.768201404073993,0.23179859592600707,0.9957390237180597,0.004260976281708367,0,OK
2024-10-02,0.8377098724851261,0.16229012751487393,0.9998962987778683,0.00010370122222987586,0,OK
2024-10-03,0.8863813102925685,0.1136186897074315,0.99994799850963,5.200149006588159e-05,0,OK
2024-10-04,0.9204384628965367,0.0795615371034632,0.9999051523063488,9.484769420384757e-05,0,OK
2024-10-07,0.9442785426043983,0.05572145739560175,0.9999053952566614,9.460474392504815e-05,0,OK
2024-10-08,0.9609523503557497,0.03904764964425034,0.9998579017753119,0.0001420982244303891,0,OK
2024-10-09,0.9725913028110618,0.027408697188938267,0.9997488585395544,0.0002511414598767742,0,OK
2024-10-10,0.9807828273763218,0.019217172623678162,0.9998963846943829,0.00010361530473792924,0,OK
2024-10-11,0.9864388043212791,0.013561195678720913,0.9996360838600196,0.00036391614048733237,0,OK
2024-10-14,0.9894991887964211,0.010500811203578955,0.996640085905298,0.0033599140949143857,0,OK
2024-10-15,0.9652875997181763,0.03471240028182363,0.9087938918697821,0.09120610813106121,0,OK
2024-10-16,0.9735277609612915,0.026472239038708562,0.9927548038612051,0.007245196138106731,0,OK
2024-10-17,0.9813884006922389,0.018611599307761163,0.9997298933977398,0.000270106602217232,0,OK
2024-10-18,0.9869253690406744,0.013074630959325567,0.9998449618540246,0.00015503814630917748,0,OK
2024-10-21,0.990827586941049,0.009172413058950994,0.9999327620421592,6.723795807699187e-05,0,OK
2024-10-22,0.9935575612664318,0.00644243873356819,0.9999275013594209,7.249864100831431e-05,0,OK
2024-10-23,0.9954653940096079,0.004534605990392091,0.9999170037436995,8.299625631452565e-05,0,OK
2024-10-24,0.9967358715968144,0.003264128403185566,0.9997003193008123,0.0002996806997036752,0,OK
2024-10-25,0.9976588783490582,0.002341121650941823,0.9998125607701154,0.00018743922903975712,0,OK
2024-10-28,0.9982893248012308,0.001710675198769235,0.9997603665236363,0.00023963347703319737,0,OK
2024-10-29,0.9987134111125854,0.0012865888874146175,0.9997029458397334,0.00029705416092051063,0,OK
2024-10-30,0.998949793949942,0.001050206050057965,0.9995013539038187,0.0004986460962257769,0,OK
2024-10-31,0.9991121956880817,0.0008878043119182359,0.9994911330769639,0.0005088669229255347,0,OK
2024-11-01,0.9992128892978693,0.000787110702130706,0.9994478410544633,0.0005521589459598033,0,OK
2024-11-04,0.9992977256763945,0.0007022743236055054,0.9994956772268101,0.0005043227737133704,0,OK
2024-11-05,0.9994157004946698,0.0005842995053302439,0.999690975070301,0.00030902492935463413,0,OK
2024-11-06,0.9995137343489475,0.0004862656510524803,0.9997424800095966,0.0002575199910710319,0,OK
2024-11-07,0.9996493348672337,0.0003506651327662862,0.9999657360762623,3.426392343183336e-05,0,OK
2024-11-08,0.9997151732513173,0.0002848267486826926,0.9998687961475047,0.00013120385248764096,0,OK
2024-11-11,0.9974155640151712,0.002584435984828784,0.9920498091306995,0.007950190869169664,0,OK
2024-11-12,0.6990816935500863,0.30091830644991374,0.002969329132381305,0.9970306708684453,0,OK
2024-11-13,0.785303947909085,0.21469605209091502,0.9864892080792531,0.0135107919199181,0,OK
2024-11-14,0.8495901286521051,0.15040987134789488,0.9995912170517506,0.00040878294751461636,0,OK
2024-11-15,0.8947007438534347,0.10529925614656538,0.9999588459896775,4.115401012989896e-05,0,OK
2024-11-18,0.9262792004011643,0.0737207995988357,0.9999622656785554,3.773432079982491e-05,0,OK
2024-11-19,0.9483686839687072,0.05163131603129282,0.9999108122931498,8.918770702608392e-05,0,OK
2024-11-20,0.9638429161701397,0.03615708382986022,0.9999494579737044,5.0542026517501165e-05,0,OK
2024-11-21,0.9746784233324605,0.025321576667539484,0.9999612733777379,3.872662212443134e-05,0,OK
2024-11-22,0.9822598246699424,0.017740175330057565,0.9999497611239346,5.023887593308711e-05,0,OK
2024-11-25,0.987574582293388,0.01242541770661194,0.999975683414117,2.4316585238820742e-05,0,OK
2024-11-26,0.9912935363900659,0.008706463609934136,0.9999710959485121,2.8904051019259136e-05,0,OK
2024-11-27,0.9938985494449034,0.006101450555096592,0.999976913240083,2.3086760475660125e-05,0,OK
2024-11-28,0.9957188514101775,0.004281148589822588,0.99996622266302,3.377733751657891e-05,0,OK
2024-11-29,0.9969932888102432,0.0030067111897568635,0.9999669760778175,3.30239229368415e-05,0,OK
2024-12-02,0.9978784316573586,0.0021215683426414273,0.999943764968158,5.6235032705409866e-05,0,OK
2024-12-03,0.998508236345729,0.0014917636542710003,0.9999777806182637,2.2219381406671022e-05,0,OK
2024-12-04,0.9989467661031379,0.001053233896862043,0.9999700022042065,2.9997796241142404e-05,0,OK
2024-12-05,0.9987921371098152,0.0012078628901847797,0.998431336125579,0.0015686638746044987,0,OK
2024-12-06,0.9991373856730276,0.0008626143269724043,0.9999429656530792,5.703434614352833e-05,0,OK
2024-12-09,0.9993865861575054,0.0006134138424945971,0.9999680539540943,3.194604537971404e-05,0,OK
2024-12-10,0.9993393408813851,0.000660659118614865,0.9992291019034564,0.0007708980962288234,0,OK
2024-12-11,0.9995270035100566,0.000472996489943344,0.9999648829761806,3.5117023043128416e-05,0,OK
2024-12-12,0.9996593439860312,0.00034065601396877785,0.9999681384307239,3.1861570028123525e-05,0,OK
2024-12-13,0.9997529397518718,0.00024706024812813047,0.99997132987291,2.867012783328665e-05,0,OK
2024-12-16,0.9998086423691596,0.00019135763084045438,0.9999386151426916,6.138485716921022e-05,0,OK
2024-12-17,0.999848889390949,0.00015111060905109648,0.9999427991086466,5.7200891542594776e-05,0,OK
2024-12-18,0.9998859610831533,0.00011403891684671661,0.9999724616981616,2.7538301703163554e-05,0,OK
2024-12-19,0.9999003034833376,9.969651666238814e-05,0.9999337690838994,6.62309162322884e-05,0,OK
2024-12-20,0.9999139842039794,8.601579602059901e-05,0.9999459058860691,5.409411452309105e-05,0,OK
2024-12-23,0.99993292393816,6.707606183994157e-05,0.9999771166511734,2.288334875174085e-05,0,OK
2024-12-27,0.9998341707198386,0.00016582928016134642,0.9996037465441163,0.0003962534562446245,0,OK
2024-12-30,0.9974712969733489,0.0025287030266510626,0.9919579248975614,0.008042075101793734,0,OK
2025-01-03,0.6988575537103845,0.3011424462896155,0.0020921527627106836,0.9979078472365326,0,OK
2025-01-06,0.4892002875972692,0.5107997124027308,2.2088021180017795e-46,1.0,1,OK
2025-01-07,0.6381252248136255,0.36187477518637445,0.9856167449849376,0.014383255014876316,0,OK
2025-01-08,0.7466297041955324,0.25337029580446757,0.9998068227524772,0.00019317724668498938,0,OK
2025-01-09,0.8226288791114857,0.17737112088851428,0.9999602872494909,3.9712751289983494e-05,0,OK
2025-01-10,0.8758225255545982,0.12417747444540184,0.9999410339219823,5.8966078139468634e-05,0,OK
2025-01-13,0.9130607951596525,0.08693920484034745,0.9999500909047512,4.990909522057962e-05,0,OK
2025-01-14,0.9390670656224498,0.06093293437755024,0.9997483633696224,0.00025163663102342813,0,OK
2025-01-15,0.9518149535322543,0.0481850464677457,0.9815600253219494,0.018439974678201774,0,OK
2025-01-16,0.666270467472578,0.333729532527422,2.2687645098495105e-17,1.0,0,OK
2025-01-17,0.7644668710065206,0.23553312899347942,0.9935918125854292,0.006408187414280184,0,OK
2025-01-20,0.8351101506799363,0.16488984932006365,0.9999444699181225,5.5530082093536964e-05,0,OK
2025-01-21,0.8845671090943461,0.11543289090565387,0.999966678728389,3.332127203109424e-05,0,OK
2025-01-22,0.919182912675685,0.08081708732431508,0.9999531210325602,4.6878967857913356e-05,0,OK
2025-01-23,0.9434206980704158,0.05657930192958411,0.9999755306572943,2.446934187849783e-05,0,OK
2025-01-24,0.9603877015159827,0.03961229848401728,0.999977376222331,2.26237776946996e-05,0,OK
2025-01-27,0.9722579916991133,0.02774200830088668,0.9999553354598467,4.4664540248614004e-05,0,OK
2025-01-28,0.980574634389141,0.019425365610858964,0.9999801339990594,1.9866000794300107e-05,0,OK
2025-01-29,0.9863902865350482,0.013609713464951807,0.999960141541504,3.985845783510795e-05,0,OK
2025-01-30,0.9902268686619571,0.009773131338042966,0.9991788936249686,0.000821106375255674,0,OK
2025-01-31,0.9931510423609032,0.006848957639096797,0.9999741143259419,2.5885674889073805e-05,0,OK
2025-02-03,0.9951654994967152,0.004834500503284802,0.9998658994801325,0.00013410051972348097,0,OK
2025-02-04,0.9966030890093616,0.0033969109906384033,0.9999574645395863,4.2535461130139016e-05,0,OK
2025-02-05,0.997611249969034,0.0023887500309659315,0.9999636255410226,3.6374458396830166e-05,0,OK
2025-02-06,0.9974865684378513,0.0025134315621486844,0.9971956448644078,0.002804355134908442,0,OK
2025-02-07,0.9982275163129195,0.0017724836870804917,0.9999563946888419,4.3605311921375495e-05,0,OK
2025-02-10,0.9987524380312094,0.0012475619687906153,0.9999772553732355,2.2744626114236972e-05,0,OK
2025-02-11,0.9991051800673362,0.0008948199326638261,0.9999282448177124,7.175518170131787e-05,0,OK
2025-02-12,0.9972775691209158,0.0027224308790841987,0.9930131435794278,0.0069868564207317355,0,OK
2025-02-13,0.6980970270964432,0.30190297290355683,9.095705424117811e-06,0.9999909042939931,0,OK
2025-02-14,0.787002457667878,0.212997542332122,0.9944484623353113,0.0055515376654407655,0,OK
2025-02-17,0.8508835485261159,0.14911645147388405,0.9999394271955416,6.057280466217638e-05,0,OK
2025-02-18,0.8956122413418929,0.10438775865810714,0.99997919124512,2.0808754627666556e-05,0,OK
2025-02-19,0.9269159767318988,0.0730840232681012,0.9999580259760452,4.1974024754053863e-05,0,OK
2025-02-20,0.948830901150411,0.05116909884958895,0.9999657247934577,3.427520639370287e-05,0,OK
2025-02-21,0.9641757677186933,0.035824232281306705,0.9999804563776559,1.9543621981478426e-05,0,OK
2025-02-24,0.9749146130286632,0.025085386971336773,0.9999719187522002,2.808124807360533e-05,0,OK
2025-02-25,0.9824214579838707,0.01757854201612927,0.9999374295461327,6.2570453978432e-05,0,OK
2025-02-26,0.9872817098309876,0.012718290169012417,0.9986222974741792,0.0013777025257397607,0,OK
2025-02-27,0.9910839238481314,0.008916076151868655,0.9999557565553633,4.4243445199877136e-05,0,OK
2025-02-28,0.9937448476891902,0.006255152310809754,0.9999536699852533,4.633001500565275e-05,0,OK
2025-03-03,0.9955933953217503,0.004406604678249719,0.9999066731312437,9.332686894297161e-05,0,OK
2025-03-04,0.9968440641551024,0.0031559358448975737,0.9997622914334673,0.0002377085670759027,0,OK
2025-03-05,0.9977681797647152,0.002231820235284819,0.9999244495212183,7.555047952172546e-05,0,OK
2025-03-06,0.9984227745132719,0.001577225486728163,0.9999501622601465,4.983774009596549e-05,0,OK
2025-03-07,0.9988873657975775,0.0011126342024224921,0.999971412127075,2.8587872375927037e-05,0,OK
2025-03-10,0.9991876440050804,0.0008123559949195273,0.9998882931564315,0.00011170684407927574,0,OK
2025-03-11,0.9993970511829128,0.0006029488170872573,0.9998856679311374,0.00011433206881196114,0,OK
2025-03-12,0.9995662298529403,0.00043377014705968245,0.9999609800825553,3.90199169953413e-05,0,OK
2025-03-13,0.9996862167920413,0.0003137832079586735,0.9999661863172021,3.381368338965277e-05,0,OK
2025-03-14,0.9997653681923968,0.0002346318076031831,0.9999500547923386,4.9945206773705624e-05,0,OK
2025-03-17,0.9998283756023353,0.00017162439766467262,0.9999753928922364,2.4607107808148256e-05,0,OK
2025-03-18,0.9998726295661572,0.00012737043384276623,0.9999758888148838,2.4111184924984712e-05,0,OK
2025-03-19,0.9999022891176297,9.771088237027408e-05,0.9999714947377584,2.8505262267792372e-05,0,OK
2025-03-20,0.9999192416577567,8.075834224328222e-05,0.9999587975847248,4.1202415280301225e-05,0,OK
2025-03-21,0.9999361835301007,6.381646989924319e-05,0.9999757145653726,2.42854344298188e-05,0,OK
2025-03-24,0.9999412049800769,5.8795019923141765e-05,0.9999529216970574,4.7078303312238456e-05,0,OK
2025-03-25,0.9999450016739689,5.4998326031103784e-05,0.999953860626537,4.61393736163485e-05,0,OK
2025-03-26,0.9999393504715888,6.0649528411187e-05,0.9999261643326959,7.383566729804785e-05,0,OK
2025-03-27,0.9999463316516645,5.366834833552586e-05,0.9999626210720901,3.737892815898319e-05,0,OK
2025-03-28,0.9999530842821546,4.69157178454242e-05,0.9999688404202786,3.115958003518703e-05,0,OK
2025-03-31,0.999951180551421,4.881944857901441e-05,0.9999467385128764,5.326148695739154e-05,0,OK
2025-04-01,0.9999081837637693,9.181623623070441e-05,0.9998078579254093,0.00019214207408464775,0,OK
2025-04-02,0.996597122098686,0.0034028779013139418,0.9888713115464202,0.011128688453174829,0,OK
2025-04-03,0.8149046170319556,0.18509538296804443,0.3909554385432309,0.6090445614570822,0,OK
2025-04-04,0.6781467279580722,0.3218532720419278,0.35904498678503943,0.6409550132143224,0,OK
2025-04-07,0.4968860401909756,0.5031139598090244,0.0739444354018218,0.9260555645989167,1,OK
2025-04-08,0.36461800552009427,0.6353819944799057,0.05599259128843466,0.9440074087119625,1,OK
2025-04-09,0.26478964240839753,0.7352103575916025,0.03185679514824731,0.9681432048522283,1,OK
2025-04-10,0.18535974936811805,0.814640250631882,2.333227475449329e-05,0.9999766677258676,1,OK
2025-04-11,0.12975659858489752,0.8702434014151025,1.5913424478117588e-05,0.9999840865759506,1,OK
2025-04-14,0.0908477584088705,0.9091522415911295,6.0464665120326914e-05,0.9999395353351928,1,OK
2025-04-15,0.06360474566367336,0.9363952543363266,3.771592526224499e-05,0.9999622840751202,1,OK
2025-04-16,0.04458674236608107,0.9554132576339189,0.00021140133764678507,0.9997885986616344,1,OK
2025-04-17,0.03134941232777133,0.9686505876722287,0.00046230890487241195,0.9995376910949514,1,OK
2025-04-22,0.02207138973165146,0.9779286102683485,0.00042267033982603807,0.9995773296592951,1,OK
2025-04-23,0.01558141550755543,0.9844185844924446,0.00043814231880084595,0.999561857682002,1,OK
2025-04-24,0.011370499288261282,0.9886295007117387,0.0015450281102853901,0.9984549718900917,1,OK
2025-04-25,0.008220301136263153,0.9917796988637368,0.0008698387813393659,0.9991301612183993,1,OK
2025-04-28,0.0057934081396642245,0.9942065918603358,0.00013065781447551913,0.9998693421857336,1,OK
2025-04-29,0.004085524140076124,0.9959144758599239,0.0001004614740638923,0.9998995385256298,1,OK
2025-04-30,0.002903581955984058,0.9970964180440159,0.00014571686049897692,0.999854283140231,1,OK
2025-05-02,0.002034873111103841,0.9979651268888962,7.885806332412906e-06,0.9999921141936168,1,OK
2025-05-05,0.001448709594018105,0.9985512904059819,8.099472110217923e-05,0.9999190052791823,1,OK
2025-05-06,0.0010411275968007505,0.9989588724031992,9.010293640299541e-05,0.9999098970633733,1,OK
2025-05-07,0.0007768247360832037,0.9992231752639168,0.00016011806166687265,0.9998398819389247,1,OK
2025-05-08,0.005549366028718361,0.9944506339712816,0.016685295711188403,0.9833147042884665,1,OK
2025-05-09,0.12616288610174886,0.8738371138982511,0.40759443293866804,0.5924055670611802,1,OK
2025-05-12,0.2962054818227279,0.7037945181772721,0.6929715385043975,0.30702846149498786,1,OK
2025-05-13,0.47421277096271586,0.5257872290372841,0.8895631122892441,0.11043688771064551,1,OK
2025-05-14,0.6316160260430117,0.36838397395698824,0.9988902878977444,0.0011097121029646087,0,OK
2025-05-15,0.7421221549574857,0.2578778450425143,0.9999697890905479,3.0210908741929136e-05,0,OK
2025-05-16,0.8194795647816739,0.18052043521832606,0.999980187705475,1.9812295220163548e-05,0,OK
2025-05-19,0.8736286882488518,0.1263713117511483,0.9999766430063787,2.3356994400161235e-05,0,OK
2025-05-20,0.9115328900986573,0.08846710990134266,0.9999760277477732,2.3972251796169154e-05,0,OK
2025-05-21,0.9380657671678088,0.06193423283219122,0.9999758136633324,2.41863375045319e-05,0,OK
2025-05-22,0.9566373677916014,0.04336263220839866,0.9999711025803557,2.8897419549359055e-05,0,OK
2025-05-23,0.9695576838507879,0.030442316149212147,0.9997050879895748,0.0002949120111102954,0,OK
2025-05-26,0.978682600206837,0.021317399793163085,0.9999740717044864,2.5928295715275126e-05,0,OK
2025-05-27,0.9850694658147321,0.014930534185267881,0.9999721522329696,2.7847766845740167e-05,0,OK
2025-05-28,0.9895404551947525,0.010459544805247417,0.9999727637476313,2.723625186633417e-05,0,OK
2025-05-30,0.9926714897612856,0.007328510238714367,0.9999772370837131,2.276291680391826e-05,0,OK
2025-06-02,0.9948609169638571,0.005139083036142827,0.999969580436961,3.0419563475901685e-05,0,OK
2025-06-03,0.9963933306675559,0.003606669332444104,0.9999689626434705,3.1037357147085426e-05,0,OK
2025-06-04,0.9974696102722033,0.0025303897277967305,0.9999809293494246,1.9070650286192595e-05,0,OK
2025-06-05,0.9982225307199565,0.001777469280043535,0.9999793450975111,2.0654901952745617e-05,0,OK
2025-06-06,0.9987457148483775,0.0012542851516224739,0.9999664778149915,3.352218530666449e-05,0,OK
2025-06-10,0.999116207072476,0.0008837929275241024,0.9999806889291142,1.931107129456922e-05,0,OK
2025-06-11,0.999374338308623,0.0006256616913770444,0.9999766445270183,2.3355473700575634e-05,0,OK
2025-06-12,0.9995549149417507,0.00044508505824925065,0.999976260418252,2.3739580951065304e-05,0,OK
2025-06-13,0.999677011749602,0.00032298825039800535,0.9999619043008998,3.8095698745099786e-05,0,OK
2025-06-16,0.999650893577228,0.00034910642277198394,0.9995899511752582,0.0004100488249779341,0,OK
2025-06-17,0.9997292573917934,0.0002707426082066338,0.9999121062931222,8.789370755415015e-05,0,OK
2025-06-18,0.9974155860799174,0.002584413920082623,0.9920170196846901,0.007982980314459933,0,OK
2025-06-19,0.6981909102559422,0.30180908974405785,3.221695407524688e-26,1.0,0,OK
2025-06-20,0.7860032383501231,0.21399676164987694,0.9908986705698013,0.009101329430121456,0,OK
2025-06-23,0.8501739219698863,0.14982607803011366,0.9999055170828717,9.448291733273288e-05,0,OK
2025-06-24,0.895106732841948,0.10489326715805203,0.9999499582106489,5.004178990826124e-05,0,OK
2025-06-25,0.9263140710710818,0.07368592892891823,0.9991311936061661,0.0008688063942727242,0,OK
2025-06-26,0.9478405206497594,0.052159479350240574,0.9980689030009025,0.0019310969999927175,0,OK
2025-06-27,0.9604955406397395,0.03950445936026046,0.9900239206167857,0.00997607938364021,0,OK
2025-06-30,0.9712080419688125,0.028791958031187472,0.996203878403535,0.0037961215966838447,0,OK
2025-07-01,0.979136822013518,0.02086317798648199,0.9976373087845408,0.0023626912155025313,0,OK
2025-07-02,0.9836354434506003,0.016364556549399712,0.9941322268028868,0.005867773196207738,0,OK
2025-07-03,0.9791925039735437,0.020807496026456263,0.968825645194455,0.031174354806254894,0,OK
2025-07-04,0.9299585467559288,0.07004145324407116,0.8150793132488516,0.18492068675183926,0,OK
2025-07-07,0.7181762445801596,0.28182375541984034,0.2240175395025722,0.7759824604966352,0,OK
2025-07-08,0.5911490237576736,0.40885097624232636,0.2947521751716768,0.7052478248281271,0,OK
2025-07-09,0.5034334072713886,0.4965665927286113,0.298763635469257,0.701236364529943,0,OK
2025-07-10,0.5278004359566921,0.4721995640433079,0.5846568362215188,0.41534316377759983,0,OK
2025-07-11,0.5669219716287446,0.43307802837125536,0.6582055548643354,0.34179444513646623,0,OK
2025-07-14,0.5906632796448346,0.4093367203551654,0.6460596650154716,0.35394033498428884,0,OK
2025-07-15,0.5990400388498609,0.4009599611501391,0.61858581032876,0.38141418967174445,0,OK
2025-07-16,0.5680534438009613,0.43194655619903866,0.4957513886875512,0.5042486113131377,0,OK
2025-07-17,0.39765178736631734,0.6023482126336827,4.792235239756638e-05,0.9999520776478521,1,OK
2025-07-18,0.47127159766872273,0.5287284023312773,0.6430511550404805,0.35694884495899804,1,OK
2025-07-21,0.5926308037115835,0.4073691962884165,0.875802284478535,0.12419771552174146,0,OK
2025-07-22,0.6986828857894755,0.30131711421052454,0.946137743971206,0.053862256028776714,0,OK
2025-07-23,0.7798191082070802,0.2201808917929198,0.9691369605149102,0.030863039485175478,0,OK
2025-07-24,0.8403166276523275,0.15968337234767255,0.9814775063582132,0.018522493642095617,0,OK
2025-07-25,0.8855409772531274,0.11445902274687254,0.9910644596552092,0.008935540345005872,0,OK
2025-07-28,0.9193545058280596,0.08064549417194042,0.9982527391697044,0.0017472608304321688,0,OK
2025-07-29,0.9433071853041641,0.05669281469583584,0.9991967707482942,0.0008032292515918447,0,OK
2025-07-30,0.9587610976494279,0.04123890235057213,0.994820226454271,0.005179773544956799,0,OK
2025-07-31,0.9337947137193874,0.06620528628061265,0.8755398178825916,0.12446018211737385,0,OK
2025-08-04,0.6536562996035712,0.3463437003964288,1.2155726484380994e-26,1.0,0,OK
2025-08-05,0.7542185587009156,0.24578144129908444,0.9888638299281504,0.011136170071947695,0,OK
2025-08-06,0.8278901963602541,0.17210980363974587,0.9997906842325964,0.0002093157679559222,0,OK
2025-08-07,0.8794867765398746,0.12051322346012543,0.9998787969586037,0.00012120304101111453,0,OK
2025-08-08,0.9156204798007254,0.08437952019927462,0.9999324540752672,6.754592395610671e-05,0,OK
2025-08-11,0.9409154755202448,0.05908452447975524,0.9999371321982146,6.286780087670293e-05,0,OK
2025-08-12,0.9586231493979818,0.04137685060201822,0.9999410551119595,5.8944887298495186e-05,0,OK
2025-08-13,0.970958305736194,0.02904169426380602,0.9997403371922512,0.00025966280797755115,0,OK
2025-08-14,0.9794165211863225,0.020583478813677537,0.9991523572370588,0.00084764276337776,0,OK
2025-08-15,0.9855295183342686,0.01447048166573135,0.9997931783465499,0.00020682165385691738,0,OK
2025-08-18,0.9898097045149075,0.010190295485092548,0.9997968056026121,0.000203194396935344,0,OK
2025-08-19,0.992615126652137,0.007384873347863003,0.9991611116385565,0.0008388883609940687,0,OK
2025-08-20,0.9947490996737376,0.005250900326262404,0.9997283700576046,0.00027162994252767235,0,OK
2025-08-21,0.9960998897172101,0.003900110282789939,0.9992517331517928,0.0007482668480208541,0,OK
2025-08-22,0.9954962024214764,0.004503797578523604,0.9940875987306425,0.005912401268568825,0,OK
2025-08-25,0.9845474265105008,0.015452573489499197,0.959000282718544,0.04099971728177558,0,OK
2025-08-26,0.9869508213579941,0.013049178642005995,0.9925587426693518,0.007441257331188528,0,OK
2025-08-27,0.9906806759021648,0.009319324097835204,0.9993836698392129,0.0006163301614366932,0,OK
2025-08-28,0.9933832536722603,0.006616746327739632,0.9996892684686535,0.00031073153084996584,0,OK
2025-08-29,0.9947775794050164,0.005222420594983569,0.998031006115086,0.0019689938852194212,0,OK
2025-09-01,0.9842526592745746,0.015747340725425402,0.9596945123039939,0.040305487696456345,0,OK
2025-09-02,0.6889771494666448,0.31102285053335527,9.599148008287299e-07,0.9999990400851917,0,OK
2025-09-03,0.7789489564321036,0.22105104356789643,0.9888831726846684,0.011116827315159129,0,OK
2025-09-04,0.8451989485473622,0.15480105145263778,0.999782263482541,0.0002177365170343605,0,OK
2025-09-05,0.8915946244664122,0.10840537553358773,0.9998512016112084,0.00014879838913760688,0,OK
2025-09-08,0.9240592959524386,0.07594070404756134,0.9998101960861719,0.00018980391349976704,0,OK
2025-09-09,0.9468214928773743,0.05317850712262575,0.9999332857014094,6.671429777604606e-05,0,OK
2025-09-10,0.9627544308614588,0.03724556913854115,0.9999312861580998,6.871384234377018e-05,0,OK
2025-09-11,0.9739105976934358,0.026089402306564164,0.9999416536353288,5.8346365284535537e-05,0,OK
2025-09-12,0.9817228557420065,0.01827714425799359,0.9999514578552894,4.85421446622561e-05,0,OK
2025-09-15,0.9871432372763996,0.012856762723600333,0.9997907941893193,0.0002092058100160702,0,OK
2025-09-16,0.9906049085550106,0.00939509144498939,0.9986821415392098,0.0013178584615638586,0,OK
2025-09-17,0.9933975805063001,0.0066024194936999065,0.9999138150594582,8.618494069111439e-05,0,OK
2025-09-18,0.9950523571772687,0.004947642822731267,0.9989135027427974,0.001086497257137776,0,OK
2025-09-19,0.9965145600468888,0.0034854399531112907,0.9999263667421869,7.363325733134713e-05,0,OK
2025-09-22,0.9975430841570277,0.002456915842972295,0.9999429737471204,5.702625264797209e-05,0,OK
2025-09-23,0.9982566571808427,0.0017433428191573782,0.9999216609030877,7.833909692257279e-05,0,OK
2025-09-24,0.9987648842017635,0.0012351157982365415,0.9999507472508956,4.925274942125593e-05,0,OK
2025-09-25,0.9990706469524755,0.0009293530475244653,0.9997840933710234,0.00021590662919628774,0,OK
2025-09-26,0.9962166798581333,0.003783320141866652,0.9895574233049917,0.010442576695331754,0,OK
2025-09-29,0.9972427208867051,0.002757279113294885,0.9996368166207914,0.00036318337996076234,0,OK
2025-09-30,0.998030818532983,0.0019691814670169667,0.9998697130401945,0.00013028695903515838,0,OK
2025-10-01,0.9985554974312403,0.001444502568759755,0.9997797481947079,0.00022025180615959484,0,OK
2025-10-02,0.9989701139117357,0.001029886088264241,0.9999375523657144,6.244763377470858e-05,0,OK
2025-10-03,0.9992668294175698,0.0007331705824301837,0.999959165598479,4.083440215071658e-05,0,OK
2025-10-06,0.9994634826707048,0.0005365173292951493,0.9999223402608262,7.765973864673588e-05,0,OK
2025-10-07,0.9995363666567927,0.0004636333432073196,0.9997064292904715,0.0002935707090023835,0,OK
2025-10-08,0.9956509509675348,0.004349049032465237,0.9865849810260028,0.013415018974067043,0,OK
2025-10-09,0.9968679467399024,0.0031320532600975465,0.9997076035423705,0.0002923964579062688,0,OK
2025-10-10,0.9977778115540368,0.0022221884459632303,0.9999008294535947,9.917054631649257e-05,0,OK
2025-10-13,0.9984373081973373,0.0015626918026626984,0.9999761336977336,2.3866301628124785e-05,0,OK
2025-10-14,0.9988819604589246,0.0011180395410753403,0.9999194824034058,8.051759737150463e-05,0,OK
2025-10-15,0.9992086249564739,0.0007913750435260911,0.9999708421177289,2.9157882577843086e-05,0,OK
2025-10-16,0.9994366336718629,0.0005633663281371752,0.9999686540069757,3.134599222970474e-05,0,OK
2025-10-17,0.9995943232975633,0.00040567670243668764,0.999962265756769,3.773424246888344e-05,0,OK
2025-10-20,0.9996905353763522,0.0003094646236478244,0.9999150302277359,8.496977314047709e-05,0,OK
2025-10-21,0.9997773666966467,0.0002226333033532687,0.9999799731108369,2.0026889332638708e-05,0,OK
2025-10-22,0.9998362565849399,0.00016374341506004443,0.9999736663241872,2.63336757091878e-05,0,OK
2025-10-23,0.999877390356194,0.0001226096438059873,0.9999733691564823,2.6630844213187374e-05,0,OK
2025-10-24,0.9999068908058387,9.310919416131457e-05,0.9999757251880127,2.427481165707819e-05,0,OK
2025-10-27,0.9999285779124176,7.142208758239946e-05,0.9999791811608527,2.0818838898264223e-05,0,OK
2025-10-28,0.9999423040252025,5.769597479758146e-05,0.9999743316222716,2.566837829967284e-05,0,OK
2025-10-29,0.9999535912427016,4.640875729843455e-05,0.999979928082657,2.0071916467091755e-05,0,OK
2025-10-30,0.999961277779135,3.8722220864986856e-05,0.999979213030703,2.0786969186942253e-05,0,OK
2025-10-31,0.9999670316495929,3.29683504070985e-05,0.9999804573471582,1.9542652672025678e-05,0,OK
2025-11-03,0.9999705137011901,2.9486298809892044e-05,0.9999786384877234,2.1361511749743646e-05,0,OK
2025-11-04,0.9999589193622023,4.1080637797779745e-05,0.99993186590493,6.81340954361844e-05,0,OK
2025-11-05,0.9998801939463707,0.00011980605362931433,0.9996965013097507,0.0003034986905695617,0,OK
2025-11-06,0.9999031308290521,9.686917094782498e-05,0.9999566502220958,4.334977802434991e-05,0,OK
2025-11-07,0.9999206198587466,7.9380141253454e-05,0.9999614275947938,3.857240529992172e-05,0,OK
2025-11-10,0.9999340151852437,6.59848147562667e-05,0.9999652709476138,3.4729052929496336e-05,0,OK
2025-11-11,0.999751118110903,0.0002488818890969681,0.9993243582703945,0.0006756417292252714,0,OK
2025-11-12,0.9998166379934339,0.00018336200656608208,0.9999695177201162,3.0482280660681484e-05,0,OK
2025-11-13,0.9998613574141392,0.0001386425858607721,0.9999657027298727,3.429727088171553e-05,0,OK
2025-11-14,0.9998892421700936,0.00011075782990643902,0.9999543066004324,4.5693399346328505e-05,0,OK
2025-11-17,0.9999142873543593,8.571264564070279e-05,0.9999727261174043,2.727388235398495e-05,0,OK
2025-11-18,0.9999298027110083,7.019728899169596e-05,0.9999660052102057,3.399479014401338e-05,0,OK
2025-11-19,0.9999412707183184,5.872928168162256e-05,0.9999680294021599,3.197059795811797e-05,0,OK
2025-11-20,0.999936659262295,6.334073770494466e-05,0.9999258991982235,7.410080175936289e-05,0,OK
2025-11-21,0.999945366917231,5.463308276903589e-05,0.9999656847788821,3.431522125191545e-05,0,OK
2025-11-24,0.9999532793659613,4.672063403867468e-05,0.9999717417458707,2.8258253667831853e-05,0,OK
2025-11-25,0.9999359709364934,6.402906350658925e-05,0.9998955846005371,0.00010441539893172325,0,OK
2025-11-26,0.999439327960373,0.0005606720396269299,0.9982804943488881,0.0017195056505743913,0,OK
2025-11-27,0.9994949566276216,0.0005050433723784148,0.9996247568515796,0.0003752431487985464,0,OK
