Date,abs_return,p_evt
1990-08-02,0.0227047936937571,0.0
1990-08-03,0.024836151075243,0.0
1990-08-06,0.052166644586038,0.0
1990-08-07,0.0211943237333998,0.0
1990-08-08,0.0308233984158274,0.0
1990-08-09,0.0130055550990337,0.0
1990-08-10,0.0011242272122809,0.0
1990-08-13,0.0325836198623105,0.0
1990-08-14,0.005243239509852,0.0
1990-08-16,0.0064046798262422,0.0
1990-08-17,0.0342418341133854,0.0
1990-08-20,0.0329700192375698,0.0
1990-08-21,0.0411841540296071,0.0
1990-08-22,0.0255441730474259,0.0
1990-08-23,0.0210265790461062,0.0
1990-08-24,0.0403840364284198,0.0
1990-08-27,0.0500556704672005,0.0
1990-08-28,0.0118344576470027,0.0
1990-08-29,0.0106572944739879,0.0
1990-08-30,0.014615869656637,0.0
1990-08-31,0.0193384286108105,0.0
1990-09-03,0.0275962323009939,0.0
1990-09-04,0.014089053880449,0.0
1990-09-05,0.0104327426773386,0.0
1990-09-06,0.0178631174206315,0.0
1990-09-07,0.0061958066852518,0.0
1990-09-10,0.0262130217377584,0.0
1990-09-11,0.0048250998317569,0.0
1990-09-12,0.0036341651142195,0.0
1990-09-13,0.0012143292324019,0.0
1990-09-14,0.0190131455802582,0.0
1990-09-17,0.0068344472302971,0.0
1990-09-18,0.0150756624054472,0.0
1990-09-19,0.0063492276786587,0.0
1990-09-20,0.0192932029346788,0.0
1990-09-21,0.0019461569554859,0.0
1990-09-24,0.0262654626101863,0.0
1990-09-25,0.0120483385161744,0.0
1990-09-26,0.0093834468657976,0.0
1990-09-27,0.0165402381439938,0.0
1990-09-28,0.0165402381439939,0.0
1990-10-01,0.0276333372175181,0.0
1990-10-02,0.0205530677381621,0.0
1990-10-03,0.0038216607022569,0.0
1990-10-04,0.0089744192073337,0.0
1990-10-05,0.000644122405523,0.0
1990-10-08,0.0216707014516291,0.0
1990-10-09,0.0223152390182544,0.0
1990-10-10,0.0071174677688639,0.0
1990-10-11,0.0012978587156,0.0
1990-10-12,0.0211749971364585,0.0
1990-10-15,0.0151231615742208,0.0
1990-10-16,0.0018744147943503,0.0
1990-10-17,0.0087011114527361,0.0
1990-10-18,0.0190014910965997,0.0
1990-10-19,0.0018231545615151,0.0
1990-10-22,0.0024360547978811,0.0
1990-10-23,0.0217137602237842,0.0
1990-10-24,0.0053843982912343,0.0
1990-10-25,0.0126775015137788,0.0
1990-10-26,0.017157283618578,0.0
1990-10-29,0.0061614489440486,0.0
1990-10-30,0.0092564684372767,0.0
1990-10-31,0.0196445850742634,0.0
1990-11-02,0.0036540844556425,0.0
1990-11-05,0.0116601505173999,0.0
1990-11-06,0.0043303501012208,0.0
1990-11-07,0.0187740182441967,0.0
1990-11-08,0.0082461615386584,0.0
1990-11-09,0.0019090047159241,0.0
1990-11-12,0.0151422451567346,0.0
1990-11-13,0.0081073097634961,0.0
1990-11-14,0.0068557451445544,0.0
1990-11-15,0.0006255865077343,0.0
1990-11-16,0.0087227967403537,0.0
1990-11-19,0.0129431699038915,0.0
1990-11-20,0.0,0.0
1990-11-21,0.0036809857514272,0.0
1990-11-22,0.0073484715247918,0.0
1990-11-23,0.0006099420744144,0.0
1990-11-26,0.0203271550807315,0.0
1990-11-27,0.0006224712308055,0.0
1990-11-28,0.0031181815099923,0.0
1990-11-29,0.0037406527407979,0.0
1990-11-30,0.0012453301733963,0.0
1990-12-03,0.024616627635356,0.0
1990-12-04,0.0006077180375428,0.0
1990-12-05,0.0084695001135737,0.0
1990-12-06,0.0196845007825462,0.0
1990-12-07,0.0011820332345549,0.0
1990-12-10,0.0095069046394135,0.0
1990-12-11,0.0059880418446225,0.0
1990-12-12,0.0018001805041478,0.0
1990-12-13,0.0054102927282475,0.0
1990-12-14,0.0145722068590907,0.0
1990-12-17,0.0178961888246468,0.0
1990-12-18,0.0093838661689201,0.0
1990-12-19,0.0012578618010708,0.0
1990-12-20,0.0229163433880288,0.0
1990-12-21,0.0070580979565692,0.0
1990-12-26,0.0174141775666605,0.0
1990-12-27,0.0052185376095335,0.0
1990-12-28,0.0131667471612134,0.0
1991-01-02,0.0026542815848728,0.0
1991-01-03,0.0223399566559031,0.0
1991-01-04,0.0051847167341868,0.0
1991-01-07,0.0255333020051647,0.0
1991-01-08,0.0033211588149268,0.0
1991-01-09,0.0320813109901895,0.0
1991-01-10,0.0294235021166686,0.0
1991-01-11,0.0079947128017086,0.0
1991-01-14,0.0367888898252646,0.0
1991-01-15,0.0110422101956827,0.0
1991-01-16,0.0,0.0
1991-01-17,0.0683062940483779,0.0
1991-01-18,0.0,0.0
1991-01-21,0.0044972770948956,0.0
1991-01-22,0.0032247689990145,0.0
1991-01-23,0.0169385157280412,0.0
1991-01-24,0.020163284727056,0.0
1991-01-25,0.0064185072727894,0.0
1991-01-28,0.001278772552777,0.0
1991-01-29,0.0070535720466608,0.0
1991-01-30,0.0178576174000064,0.0
1991-01-31,0.0012650223065867,0.0
1991-02-01,0.0012666246151929,0.0
1991-02-04,0.0018993358036525,0.0
1991-02-05,0.015689057297235,0.0
1991-02-06,0.004993768180487,0.0
1991-02-07,0.0,0.0
1991-02-08,0.0149071083491381,0.0
1991-02-11,0.0092053426957766,0.0
1991-02-12,0.0067422872633789,0.0
1991-02-13,0.0061312270549363,0.0
1991-02-14,0.009732436918231,0.0
1991-02-15,0.0108369513298774,0.0
1991-02-18,0.0148591144037499,0.0
1991-02-19,0.003533572581311,0.0
1991-02-20,0.0047142102627264,0.0
1991-02-21,0.0099912673635702,0.0
1991-02-22,0.0040852114007699,0.0
1991-02-25,0.016175973739052,0.0
1991-02-26,0.0190922779348401,0.0
1991-02-27,0.0110369984745218,0.0
1991-02-28,0.0166145328559882,0.0
1991-03-01,0.0074137778981409,0.0
1991-03-04,0.0108170710298486,0.0
1991-03-05,0.0190695627203507,0.0
1991-03-06,0.0115991358433519,0.0
1991-03-07,0.0060224655064676,0.0
1991-03-08,0.0021857932199802,0.0
1991-03-11,0.0171038652305362,0.0
1991-03-12,0.0011135858611798,0.0
1991-03-13,0.0078300176327175,0.0
1991-03-14,0.0194612758715769,0.0
1991-03-15,0.0088496152769825,0.0
1991-03-18,0.0122975278104061,0.0
1991-03-19,0.0210294763056608,0.0
1991-03-20,0.0062983317281476,0.0
1991-03-21,0.0107863662864968,0.0
1991-03-22,0.0005644933821928,0.0
1991-03-25,0.0005641749091816,0.0
1991-03-26,0.0011273958353081,0.0
1991-03-27,0.0123181848740428,0.0
1991-03-28,0.0105176723776795,0.0
1991-04-02,0.006038997216768,0.0
1991-04-03,0.0135908588281179,0.0
1991-04-04,0.0086768440256889,0.0
1991-04-05,0.0086768440256888,0.0
1991-04-08,0.0027034350068847,0.0
1991-04-09,0.0005415651364424,0.0
1991-04-10,0.0158343466666263,0.0
1991-04-11,0.0043931976204207,0.0
1991-04-12,0.0021941862889839,0.0
1991-04-15,0.0005489980922957,0.0
1991-04-16,0.0104828546165863,0.0
1991-04-17,0.0143174251875484,0.0
1991-04-18,0.007133089229627,0.0
1991-04-19,0.0138621571005267,0.0
1991-04-22,0.0134909297410154,0.0
1991-04-23,0.0084531357110581,0.0
1991-04-24,0.0,0.0
1991-04-25,0.0028097798761033,0.0
1991-04-26,0.0016896652851264,0.0
1991-04-29,0.0128817239140342,0.0
1991-04-30,0.0100671991177238,0.0
1991-05-02,0.0249804829684415,0.0
1991-05-03,0.0043763745997987,0.0
1991-05-06,0.0021857932199802,0.0
1991-05-07,0.0010934938213712,0.0
1991-05-10,0.0110318476415053,0.0
1991-05-13,0.0085758496816351,0.0
1991-05-14,0.0158790318133127,0.0
1991-05-15,0.0016628794035195,0.0
1991-05-16,0.0130620353555834,0.0
1991-05-17,0.0003831884439188,0.0
1991-05-21,0.0033332320288557,0.0
1991-05-22,0.0010916435921978,0.0
1991-05-23,0.0095479351131183,0.0
1991-05-24,0.0049191213432162,0.0
1991-05-27,0.001830158170182,0.0
1991-05-28,0.0041161613707812,0.0
1991-05-29,0.0171860534836752,0.0
1991-05-30,0.0064986847243917,0.0
1991-05-31,0.0133555598832554,0.0
1991-06-03,0.0020925036977867,0.0
1991-06-04,0.0077481702362979,0.0
1991-06-05,0.0062463050308918,0.0
1991-06-06,0.0005366534350636,0.0
1991-06-07,0.0061350016658915,0.0
1991-06-10,0.0033524153220708,0.0
1991-06-11,0.0153183502448243,0.0
1991-06-12,0.0149934419921886,0.0
1991-06-13,0.0001623815058897,0.0
1991-06-14,0.0059372983234056,0.0
1991-06-17,0.007183162233111,0.0
1991-06-18,0.0077813200829574,0.0
1991-06-19,0.0178576312172515,0.0
1991-06-20,0.0025056390638272,0.0
1991-06-21,0.0071661138689707,0.0
1991-06-24,0.017308231991799,0.0
1991-06-25,5.6306826983867846e-05,0.0
1991-06-26,0.0084842137880353,0.0
1991-06-27,0.0042511046024814,0.0
1991-06-28,0.0116055600903598,0.0
1991-07-01,0.0143168409886759,0.0
1991-07-02,0.0126587837011844,0.0
1991-07-03,0.0187406378505197,0.0
1991-07-04,0.0057791961932964,0.0
1991-07-05,0.0087433526294636,0.0
1991-07-08,0.0051201174840974,0.0
1991-07-09,0.0117143249135338,0.0
1991-07-10,0.0131162705440872,0.0
1991-07-11,0.0019365640217632,0.0
1991-07-12,0.0001710508364055,0.0
1991-07-15,0.003130249189332,0.0
1991-07-16,0.0024464773493788,0.0
1991-07-17,0.0014799499536391,0.0
1991-07-18,0.0003413218773062,0.0
1991-07-19,0.0034081259912867,0.0
1991-07-22,0.0003969890090891,0.0
1991-07-23,0.0034544165842772,0.0
1991-07-24,0.0051874664801857,0.0
1991-07-25,0.0011241640369115,0.0
1991-07-26,0.0069902898489599,0.0
1991-07-29,0.0055593102253894,0.0
1991-07-30,0.0007398201095016,0.0
1991-07-31,0.0010822342945019,0.0
1991-08-01,0.0068721540688074,0.0
1991-08-02,0.0001698405596466,0.0
1991-08-05,0.002437187075188,0.0
1991-08-06,0.001533322962372,0.0
1991-08-07,0.0129311066686221,0.0
1991-08-08,0.0039754667758185,0.0
1991-08-09,0.0033585254071343,0.0
1991-08-12,0.001739653944563,0.0
1991-08-13,0.0158255971041383,0.0
1991-08-14,0.0063376805175498,0.0
1991-08-19,0.0757532057293864,0.0
1991-08-20,0.0223266581801029,0.0
1991-08-21,0.0382596322916733,0.0
1991-08-22,0.014507425628752,0.0
1991-08-23,0.0078848486641672,0.0
1991-08-26,0.0107950948137917,0.0
1991-08-27,0.0019983659625312,0.0
1991-08-28,0.0011347280192309,0.0
1991-08-29,0.0031809717313038,0.0
1991-08-30,0.00354653657937,0.0
1991-09-02,0.0004292337732331,0.0
1991-09-03,0.0051917323233825,0.0
1991-09-04,0.006641643237902,0.0
1991-09-05,0.0042364467939539,0.0
1991-09-06,0.0044514443257877,0.0
1991-09-09,0.0024217647338636,0.0
1991-09-10,0.0083324929200202,0.0
1991-09-11,0.001140330605966,0.0
1991-09-12,0.0100438103106969,0.0
1991-09-13,0.008027013931101,0.0
1991-09-16,0.0011187097484484,0.0
1991-09-17,5.322521575412775e-05,0.0
1991-09-18,0.0048028268227204,0.0
1991-09-19,0.0058669963250947,0.0
1991-09-20,0.0027085045649954,0.0
1991-09-23,0.0015368849021579,0.0
1991-09-24,0.0016960324517607,0.0
1991-09-25,0.0038797459339228,0.0
1991-09-26,0.0007458046398106,0.0
1991-09-27,0.0038826997336562,0.0
1991-09-30,0.0017001774478157,0.0
1991-10-01,0.0036093716616044,0.0
1991-10-02,0.0048330951072325,0.0
1991-10-03,0.0059807265199247,0.0
1991-10-04,0.0081742596441525,0.0
1991-10-07,0.0044919836474606,0.0
1991-10-08,0.0024379024776022,0.0
1991-10-09,0.002546365277749,0.0
1991-10-10,0.0001084628001468,0.0
1991-10-11,0.0053298253612051,0.0
1991-10-14,0.0002181633985927,0.0
1991-10-15,0.0127362639103505,0.0
1991-10-16,0.0034943453639119,0.0
1991-10-17,0.0042485876175625,0.0
1991-10-18,0.0046777789338685,0.0
1991-10-21,0.0098108443717232,0.0
1991-10-22,0.0049961823542943,0.0
1991-10-23,0.0034904181849221,0.0
1991-10-24,0.0006553529299955,0.0
1991-10-25,0.001745621881673,0.0
1991-10-28,0.0093846069116788,0.0
1991-10-29,0.0012425657303343,0.0
1991-10-30,0.0064662363920948,0.0
1991-10-31,0.0027430957936022,0.0
1991-11-04,0.0082202352299666,0.0
1991-11-05,0.0029281142156868,0.0
1991-11-06,0.0058648274693611,0.0
1991-11-07,0.0013606555195928,0.0
1991-11-08,0.0102809196497898,0.0
1991-11-12,0.0004305967925117,0.0
1991-11-13,0.0062614775211926,0.0
1991-11-14,0.0116815318533912,0.0
1991-11-15,0.0028405565620011,0.0
1991-11-18,0.029908208970378,0.0
1991-11-19,0.0241798722384726,0.0
1991-11-20,0.0009068614785801,0.0
1991-11-21,0.0014166314877987,0.0
1991-11-22,0.0140851134373781,0.0
1991-11-25,0.0011479080316622,0.0
1991-11-26,0.0146345184015959,0.0
1991-11-27,0.0062944864657424,0.0
1991-11-28,0.0017080395625424,0.0
1991-11-29,0.008699232647976,0.0
1991-12-02,0.0179212581431375,0.0
1991-12-03,0.0078111165694973,0.0
1991-12-04,0.004831025266616,0.0
1991-12-05,0.0062626837324609,0.0
1991-12-06,0.0103279270906275,0.0
1991-12-09,0.0133171637083875,0.0
1991-12-10,0.0160594910466669,0.0
1991-12-11,0.0053008204376582,0.0
1991-12-12,0.0156761924657709,0.0
1991-12-13,0.0099408974360677,0.0
1991-12-16,0.0050220186224447,0.0
1991-12-17,0.008742847148452,0.0
1991-12-18,0.0032183533189791,0.0
1991-12-19,0.0129780022525282,0.0
1991-12-20,0.0214248610922251,0.0
1991-12-23,0.0090796300463299,0.0
1991-12-24,0.0393125312574368,0.0
1991-12-26,0.013678039164921,0.0
1991-12-27,0.001045567505598,0.0
1991-12-30,0.0122453291169661,0.0
1991-12-31,0.0135706991558777,0.0
1992-01-02,0.0089885272756679,0.0
1992-01-03,0.0115903939336771,0.0
1992-01-06,0.0097248730887749,0.0
1992-01-07,0.0049911914719921,0.0
1992-01-08,0.00387174658439,0.0
1992-01-09,0.0266903805011942,0.0
1992-01-10,0.0019066821092178,0.0
1992-01-13,0.0071551635650772,0.0
1992-01-14,0.0106323072872498,0.0
1992-01-15,0.0160330149660634,0.0
1992-01-16,0.0071777182533812,0.0
1992-01-17,0.0,0.0
1992-01-20,0.0030595409280305,0.0
1992-01-21,0.0010712947480443,0.0
1992-01-22,0.0143429478441208,0.0
1992-01-23,0.001413096787454,0.0
1992-01-24,0.0060728231508385,0.0
1992-01-27,0.010432458584513,0.0
1992-01-28,0.0113301707385293,0.0
1992-01-29,0.0058352508381964,0.0
1992-01-30,0.0030371416295966,0.0
1992-01-31,0.0007468390332798,0.0
1992-02-03,0.0098063902906709,0.0
1992-02-04,0.000269287735571,0.0
1992-02-05,0.0049969470798,0.0
1992-02-06,0.002790938484084,0.0
1992-02-07,0.0005373166606721,0.0
1992-02-10,0.00214638419621,0.0
1992-02-11,0.0008043542915037,0.0
1992-02-12,0.0013420299047062,0.0
1992-02-13,0.0079720197015524,0.0
1992-02-14,0.0060936817216224,0.0
1992-02-17,0.0090735038713512,0.0
1992-02-18,0.0158662243914896,0.0
1992-02-19,0.0016721047174201,0.0
1992-02-20,0.0185180520433317,0.0
1992-02-21,0.005723683508154,0.0
1992-02-24,0.0071593773515401,0.0
1992-02-25,0.0117049682416149,0.0
1992-02-26,0.0141305840495761,0.0
1992-02-27,0.0019160588427656,0.0
1992-02-28,0.0008567223262447,0.0
1992-03-02,0.0018672626681431,0.0
1992-03-03,0.0020689285322452,0.0
1992-03-04,0.0021651745568684,0.0
1992-03-05,0.0076241694595775,0.0
1992-03-06,0.0030965153543109,0.0
1992-03-09,0.0047677226849226,0.0
1992-03-10,0.0088660977040033,0.0
1992-03-11,0.0130747334450314,0.0
1992-03-12,0.013402395530349,0.0
1992-03-13,0.0027256705010461,0.0
1992-03-16,0.0092356896981172,0.0
1992-03-17,0.0074365270857102,0.0
1992-03-18,0.0079550110633733,0.0
1992-03-19,0.0032205893768778,0.0
1992-03-20,0.0015099971276571,0.0
1992-03-23,0.0181407295844312,0.0
1992-03-24,0.0061890610773692,0.0
1992-03-25,0.0167341661518913,0.0
1992-03-26,0.0033651761381994,0.0
1992-03-27,0.0058575439932595,0.0
1992-03-30,0.0104984019969526,0.0
1992-03-31,0.0007205107551045,0.0
1992-04-01,0.0073892850510867,0.0
1992-04-02,0.0071833204681589,0.0
1992-04-03,0.0003603630593084,0.0
1992-04-06,0.016388419199734,0.0
1992-04-07,0.0003037697227616,0.0
1992-04-08,0.0349774376744623,0.0
1992-04-09,0.0187484268118769,0.0
1992-04-10,0.0155706749339466,0.0
1992-04-13,0.0054858301292976,0.0
1992-04-14,0.0045736433912657,0.0
1992-04-15,0.0092859119653655,0.0
1992-04-16,0.0062989955091375,0.0
1992-04-21,0.0011115411924803,0.0
1992-04-22,0.0016649063042783,0.0
1992-04-23,0.0028269874395386,0.0
1992-04-24,0.0034317716385755,0.0
1992-04-27,0.0054262941888462,0.0
1992-04-28,0.0054468938173581,0.0
1992-04-29,0.014889091676942,0.0
1992-04-30,0.0027533208242522,0.0
1992-05-04,0.0051562960148504,0.0
1992-05-05,0.0025926632246508,0.0
1992-05-06,0.0001465165775812,0.0
1992-05-07,0.0078820783440377,0.0
1992-05-11,0.0068101873911615,0.0
1992-05-12,0.0067131700358637,0.0
1992-05-13,0.0050525497890668,0.0
1992-05-14,0.0177882689504607,0.0
1992-05-15,0.0034644924531444,0.0
1992-05-18,0.0135442727077999,0.0
1992-05-19,0.013989047699438,0.0
1992-05-20,0.0037988517013091,0.0
1992-05-21,0.0069177070326246,0.0
1992-05-22,0.0139345550146134,0.0
1992-05-25,0.0005866320914321,0.0
1992-05-26,0.0081945909343781,0.0
1992-05-27,0.0076662838988086,0.0
1992-05-29,0.0094876795732601,0.0
1992-06-01,0.0078505472080403,0.0
1992-06-02,0.003710762939665,0.0
1992-06-03,0.0160800223037554,0.0
1992-06-04,0.0011536296342131,0.0
1992-06-05,0.0066893491378328,0.0
1992-06-09,0.0098383190098579,0.0
1992-06-10,0.0043412822399655,0.0
1992-06-11,0.0128269124226996,0.0
1992-06-12,0.0002592621348378,0.0
1992-06-15,0.0053037110480209,0.0
1992-06-16,0.0069100411740324,0.0
1992-06-17,0.0117703432492351,0.0
1992-06-18,0.0089460153347109,0.0
1992-06-19,0.0116142752107372,0.0
1992-06-22,0.01479089787611,0.0
1992-06-23,0.0052887788507858,0.0
1992-06-24,0.0020023860478659,0.0
1992-06-25,0.0108381244206548,0.0
1992-06-26,0.0026071554410723,0.0
1992-06-29,0.0041856388193033,0.0
1992-06-30,0.0035190420512688,0.0
1992-07-01,0.0104192142750161,0.0
1992-07-02,0.0039420594230063,0.0
1992-07-03,0.0053764871742734,0.0
1992-07-06,0.0080488564824769,0.0
1992-07-07,0.0056569558771449,0.0
1992-07-08,0.0167971571410335,0.0
1992-07-09,0.0075480192470391,0.0
1992-07-10,0.0012899197568559,0.0
1992-07-15,0.0032860080019844,0.0
1992-07-16,0.0011338090869089,0.0
1992-07-17,0.027047858745964,0.0
1992-07-20,0.0189937769953585,0.0
1992-07-21,0.0029457185964671,0.0
1992-07-22,0.020171420083325,0.0
1992-07-23,0.0041015485337796,0.0
1992-07-24,0.0,0.0
1992-07-27,0.0119199398903894,0.0
1992-07-28,0.0077176500937912,0.0
1992-07-29,0.0182607302342632,0.0
1992-07-30,0.0106021863931921,0.0
1992-07-31,0.0157750847108172,0.0
1992-08-03,0.0167843636460153,0.0
1992-08-04,0.001791686465789,0.0
1992-08-05,0.0058010116297219,0.0
1992-08-06,0.0023386341271676,0.0
1992-08-07,0.0092409156652485,0.0
1992-08-10,0.0125126035373071,0.0
1992-08-11,0.0099628091990704,0.0
1992-08-12,0.0044407773246544,0.0
1992-08-13,0.0044605149535201,0.0
1992-08-14,0.0178951093556354,0.0
1992-08-17,0.0021647774064461,0.0
1992-08-18,0.0117918353490739,0.0
1992-08-19,0.0014405488505393,0.0
1992-08-20,0.0057830373305343,0.0
1992-08-21,0.0115328233417859,0.0
1992-08-24,0.0317450003292249,0.0
1992-08-25,0.0131055671202813,0.0
1992-08-26,6.001958104038398e-05,0.0
1992-08-27,0.0118019648535968,0.0
1992-08-28,5.924303676329378e-05,0.0
1992-08-31,0.0015419144124276,0.0
1992-09-01,0.0063708192733506,0.0
1992-09-02,0.0219763531885978,0.0
1992-09-03,0.0395824604683278,0.0
1992-09-04,0.0008428150519972,0.0
1992-09-07,0.0001686472892778,0.0
1992-09-08,0.0088062085638458,0.0
1992-09-09,0.0039198472822691,0.0
1992-09-10,0.0098555894562813,0.0
1992-09-11,0.0155475696030039,0.0
1992-09-14,0.0389645416446066,0.0
1992-09-15,0.0201635086952331,0.0
1992-09-16,0.012770789180943,0.0
1992-09-17,0.0038249730977499,0.0
1992-09-18,0.0161691462677353,0.0
1992-09-21,0.030630622670107,0.0
1992-09-22,0.0036623469820802,0.0
1992-09-23,0.0021301722209866,0.0
1992-09-24,0.0003279988996896,0.0
1992-09-25,0.0076232332149376,0.0
1992-09-28,0.0405168873611304,0.0
1992-09-29,0.0219299654813783,0.0
1992-09-30,0.0027676468059144,0.0
1992-10-01,0.0073395604139665,0.0
1992-10-02,0.0238909907912214,0.0
1992-10-05,0.0439010772554424,0.0
1992-10-06,0.0009306654929532,0.0
1992-10-07,0.0255317090702109,0.0
1992-10-08,0.0118387689535737,0.0
1992-10-09,0.0099664461017603,0.0
1992-10-12,0.0013283863962653,0.0
1992-10-13,0.0179634795226121,0.0
1992-10-14,0.0102595299975655,0.0
1992-10-15,0.0107900768261067,0.0
1992-10-16,0.0085692102314042,0.0
1992-10-19,0.0089134228994237,0.0
1992-10-20,0.0306146785627325,0.0
1992-10-21,0.0052700846783025,0.0
1992-10-22,0.0049234078081348,0.0
1992-10-23,0.0204176681861239,0.0
1992-10-26,0.0024313301324221,0.0
1992-10-27,0.002143772049986,0.0
1992-10-28,0.0139600357071595,0.0
1992-10-29,0.0109171388422015,0.0
1992-10-30,0.0066219686532497,0.0
1992-11-03,0.0252188013569785,0.0
1992-11-04,0.0095795503787947,0.0
1992-11-05,0.0003325069849491,0.0
1992-11-06,0.0061695862050324,0.0
1992-11-09,0.0038544440956733,0.0
1992-11-10,0.0065826685252221,0.0
1992-11-12,0.0127073533129399,0.0
1992-11-13,0.0136530052893928,0.0
1992-11-16,0.0135035516839817,0.0
1992-11-17,0.0046930774074255,0.0
1992-11-18,0.0029515705831365,0.0
1992-11-19,0.0211984972924472,0.0
1992-11-20,0.0011025112642965,0.0
1992-11-23,0.0290693621569428,0.0
1992-11-24,0.0269792686983865,0.0
1992-11-25,0.0002324642135642,0.0
1992-11-26,0.0108071392719847,0.0
1992-11-27,0.0057316602604796,0.0
1992-11-30,0.0123258914138328,0.0
1992-12-01,0.0117295303229911,0.0
1992-12-02,0.005034130641592,0.0
1992-12-03,0.008987681711673,0.0
1992-12-04,0.0098853522663424,0.0
1992-12-07,0.0038652399776972,0.0
1992-12-08,0.0127726880179049,0.0
1992-12-09,0.0142252697801785,0.0
1992-12-10,0.0121887382390194,0.0
1992-12-11,0.0061221488069601,0.0
1992-12-14,0.0116672197614789,0.0
1992-12-15,0.0037323116552808,0.0
1992-12-16,0.0046532312347549,0.0
1992-12-17,0.0008640802647084,0.0
1992-12-18,0.0142479593561889,0.0
1992-12-21,0.014775857060537,0.0
1992-12-22,0.0211047104298906,0.0
1992-12-23,0.0018104785239569,0.0
1992-12-24,0.0182283255065106,0.0
1992-12-28,0.001562471389847,0.0
1992-12-29,0.0068673743041482,0.0
1992-12-30,0.006167727416612,0.0
1992-12-31,0.0005381262432632,0.0
1993-01-04,0.0079440949248057,0.0
1993-01-05,0.0041690811036351,0.0
1993-01-06,0.0047433932727491,0.0
1993-01-07,0.0081531596510356,0.0
1993-01-08,0.0043818066049269,0.0
1993-01-11,0.0207250003603681,0.0
1993-01-12,0.0098577121220634,0.0
1993-01-13,0.0079904588707746,0.0
1993-01-14,0.0117123480551426,0.0
1993-01-15,0.0130007757118329,0.0
1993-01-18,0.005675955031565,0.0
1993-01-19,0.0001088110441493,0.0
1993-01-20,0.0103377933339449,0.0
1993-01-21,0.0036354199533511,0.0
1993-01-22,0.0045147207100142,0.0
1993-01-25,0.022499073904616,0.0
1993-01-26,0.0071098696546591,0.0
1993-01-27,0.0085154302636987,0.0
1993-01-28,0.0017987363882231,0.0
1993-01-29,0.0047286873674909,0.0
1993-02-01,0.0077008184369712,0.0
1993-02-02,0.0007836250179154,0.0
1993-02-03,0.020380572792877,0.0
1993-02-04,0.0164745054422653,0.0
1993-02-05,0.0285991569782016,0.0
1993-02-08,0.0018358735202521,0.0
1993-02-09,0.005580711435751,0.0
1993-02-10,0.0004224147249038,0.0
1993-02-11,0.0064755427410298,0.0
1993-02-12,0.0033529078220567,0.0
1993-02-15,0.0065591209836663,0.0
1993-02-16,0.0112768482544653,0.0
1993-02-17,0.0141681631875864,0.0
1993-02-18,0.0112228765054109,0.0
1993-02-19,0.0055387212573458,0.0
1993-02-22,0.0112925953919185,0.0
1993-02-23,0.0077370692469107,0.0
1993-02-24,0.0047723240430509,0.0
1993-02-25,0.0045151686908595,0.0
1993-02-26,0.0199074752986331,0.0
1993-03-01,0.0075832617793789,0.0
1993-03-02,0.0013498745338589,0.0
1993-03-03,0.0031526279796538,0.0
1993-03-04,0.0042189426435134,0.0
1993-03-05,0.0041688333345422,0.0
1993-03-08,0.0046007348172224,0.0
1993-03-09,0.0026905359248796,0.0
1993-03-10,0.0086454784333823,0.0
1993-03-11,0.001758220108364,0.0
1993-03-12,0.0119877378962558,0.0
1993-03-15,0.0105285691570147,0.0
1993-03-16,0.0054022553518168,0.0
1993-03-17,0.0040582411512139,0.0
1993-03-18,0.0019334740840227,0.0
1993-03-19,0.0004075436040692,0.0
1993-03-22,0.0119939430335788,0.0
1993-03-23,0.0066298083486024,0.0
1993-03-24,0.0012286396851491,0.0
1993-03-25,0.0236613914406798,0.0
1993-03-26,0.0121177605009806,0.0
1993-03-29,0.0039904358391918,0.0
1993-03-30,0.0009828493473897,0.0
1993-03-31,0.0022127710186661,0.0
1993-04-01,0.0126323725219657,0.0
1993-04-02,0.0075562574904932,0.0
1993-04-05,0.0081201291748786,0.0
1993-04-06,0.0103779760936491,0.0
1993-04-07,0.0056794305852374,0.0
1993-04-08,0.0014606386017397,0.0
1993-04-13,0.0155808151555632,0.0
1993-04-14,0.0013387636420638,0.0
1993-04-15,0.0133868376910944,0.0
1993-04-16,0.0009559150724481,0.0
1993-04-19,0.008999922648879,0.0
1993-04-20,0.0100046647464804,0.0
1993-04-21,0.0089663715653144,0.0
1993-04-22,0.0065008873599612,0.0
1993-04-23,0.0144521044243552,0.0
1993-04-26,0.0026121952389768,0.0
1993-04-27,0.0082313821515544,0.0
1993-04-28,0.0078038461577781,0.0
1993-04-29,0.0113381787496155,0.0
1993-04-30,0.0095347517504646,0.0
1993-05-03,0.0010319918356558,0.0
1993-05-04,0.0069419666953488,0.0
1993-05-05,0.0014026721046065,0.0
1993-05-06,0.003015521030294,0.0
1993-05-07,0.0220587632214259,0.0
1993-05-10,0.0007455266554182,0.0
1993-05-11,0.0121661609794698,0.0
1993-05-12,0.0097660957631665,0.0
1993-05-13,0.0038373832139979,0.0
1993-05-14,0.0151144872323898,0.0
1993-05-17,0.0086782561370015,0.0
1993-05-18,0.0058119569988825,0.0
1993-05-19,0.005212856827798,0.0
1993-05-24,0.0133039521590748,0.0
1993-05-25,0.0158297515556695,0.0
1993-05-26,0.0003701976357893,0.0
1993-05-27,0.007483540154015,0.0
1993-05-28,0.0083832640924421,0.0
1993-06-01,0.0084540726000722,0.0
1993-06-02,0.0016005978564393,0.0
1993-06-03,0.0042204428698144,0.0
1993-06-04,0.0043996601155155,0.0
1993-06-07,0.0150499550127915,0.0
1993-06-08,0.0030674483514902,0.0
1993-06-09,0.0112894688243058,0.0
1993-06-10,0.0020907388454681,0.0
1993-06-11,0.0048022189066068,0.0
1993-06-14,0.0018763559748929,0.0
1993-06-15,0.009909129788303,0.0
1993-06-16,0.0109519914685299,0.0
1993-06-17,0.0096882219528604,0.0
1993-06-18,0.0052485292077866,0.0
1993-06-21,0.0098450605547243,0.0
1993-06-22,0.0031569945517882,0.0
1993-06-23,0.0036619559976313,0.0
1993-06-24,0.0107024213409399,0.0
1993-06-25,0.0012741776590909,0.0
1993-06-28,0.0152844469481491,0.0
1993-06-29,0.0068036044223872,0.0
1993-06-30,0.0028358633231846,0.0
1993-07-01,0.0059510733933118,0.0
1993-07-02,0.0097401705478291,0.0
1993-07-05,0.0081725623536219,0.0
1993-07-06,0.0050252410748058,0.0
1993-07-07,0.0044343559041291,0.0
1993-07-08,0.0187055088123159,0.0
1993-07-09,0.0026726153879943,0.0
1993-07-12,0.0032680589983084,0.0
1993-07-13,0.0005020836699919,0.0
1993-07-15,0.0142126035539197,0.0
1993-07-16,0.0059929325266141,0.0
1993-07-19,0.0034372610295356,0.0
1993-07-20,0.0067339951388311,0.0
1993-07-21,0.0106745436499184,0.0
1993-07-22,0.0093018923787794,0.0
1993-07-23,0.0147956592002809,0.0
1993-07-26,0.0055983107868078,0.0
1993-07-27,0.0040456443233238,0.0
1993-07-28,0.0043133659204643,0.0
1993-07-29,0.02310374780343,0.0
1993-07-30,0.0242132712853463,0.0
1993-08-02,0.0204520159377197,0.0
1993-08-03,0.0086800723870649,0.0
1993-08-04,0.0043685707237355,0.0
1993-08-05,0.006592926693735,0.0
1993-08-06,0.0161781677754174,0.0
1993-08-09,0.0052701885848682,0.0
1993-08-10,0.000607740856556,0.0
1993-08-11,0.0128158579085091,0.0
1993-08-12,0.0025408279431034,0.0
1993-08-13,0.0064502428601697,0.0
1993-08-17,0.0054617931161679,0.0
1993-08-18,0.0114031625630622,0.0
1993-08-19,0.0100466415533848,0.0
1993-08-20,0.005155375458025,0.0
1993-08-23,0.0079253407605407,0.0
1993-08-24,0.0056673432852621,0.0
1993-08-25,0.0167655861047662,0.0
1993-08-26,0.0066007063467543,0.0
1993-08-27,0.0047274005137961,0.0
1993-08-30,0.0099326721270175,0.0
1993-08-31,0.0048844785038129,0.0
1993-09-01,0.0111606721490445,0.0
1993-09-02,0.0031070642713529,0.0
1993-09-03,0.0133605593291991,0.0
1993-09-06,0.0008807873825684,0.0
1993-09-07,0.0096384937906103,0.0
1993-09-08,0.003703169007888,0.0
1993-09-09,0.0097211155569337,0.0
1993-09-10,0.0001897687993023,0.0
1993-09-13,0.0050621966470064,0.0
1993-09-14,0.0070535415694943,0.0
1993-09-15,0.0263985781871542,0.0
1993-09-16,0.0013961641494604,0.0
1993-09-17,0.0114489055810161,0.0
1993-09-20,0.0037556927014942,0.0
1993-09-21,0.0061878442974235,0.0
1993-09-22,0.006899175832955,0.0
1993-09-23,0.0108762401441387,0.0
1993-09-24,0.0169157050631441,0.0
1993-09-27,0.0076169078417912,0.0
1993-09-28,0.0053918222098976,0.0
1993-09-29,0.003202436922619,0.0
1993-09-30,0.00575281010835,0.0
1993-10-01,0.0009925335777552,0.0
1993-10-04,0.0056531927425477,0.0
1993-10-05,0.0140410925620366,0.0
1993-10-06,0.0026368535193686,0.0
1993-10-07,0.0079316253585076,0.0
1993-10-08,0.0041823567672804,0.0
1993-10-11,0.0082419743298657,0.0
1993-10-12,0.0055326703552729,0.0
1993-10-13,0.000188118325489,0.0
1993-10-14,0.0063190565067137,0.0
1993-10-15,0.0119441591022695,0.0
1993-10-18,0.0026608568354031,0.0
1993-10-19,0.0010717093502811,0.0
1993-10-20,0.0011170130757661,0.0
1993-10-21,0.0229926904258835,0.0
1993-10-22,0.01453223166133,0.0
1993-10-25,0.001883555723177,0.0
1993-10-26,0.0077961907233472,0.0
1993-10-27,0.0083590813609476,0.0
1993-10-28,0.0018231545615151,0.0
1993-10-29,0.006395636236405,0.0
1993-11-02,0.0056530007682416,0.0
1993-11-03,0.0006911009668261,0.0
1993-11-04,0.0163450665115152,0.0
1993-11-05,0.026086373686451,0.0
1993-11-08,0.0018244033979575,0.0
1993-11-09,0.013388414408822,0.0
1993-11-10,0.0121899770555939,0.0
1993-11-12,0.0045886288761537,0.0
1993-11-15,0.0099649685626369,0.0
1993-11-16,0.0009447778548967,0.0
1993-11-17,0.0150569689000412,0.0
1993-11-18,0.0007910981594092,0.0
1993-11-19,0.002095509440967,0.0
1993-11-22,0.0296156053598972,0.0
1993-11-23,0.0053441774698438,0.0
1993-11-24,0.000434515022183,0.0
1993-11-25,0.0228225731483539,0.0
1993-11-26,0.0010380728993048,0.0
1993-11-29,0.0006132450406622,0.0
1993-11-30,0.0043504825098704,0.0
1993-12-01,0.0205911927239343,0.0
1993-12-02,0.003013097655654,0.0
1993-12-03,0.0128309621931847,0.0
1993-12-06,0.0007771028384906,0.0
1993-12-07,0.0048592070477068,0.0
1993-12-08,0.0133292475104384,0.0
1993-12-09,0.0027621787585135,0.0
1993-12-10,0.0060323596863261,0.0
1993-12-13,0.0008192467089017,0.0
1993-12-14,0.018287611464801,0.0
1993-12-15,0.0028247095804091,0.0
1993-12-16,0.0010641231429023,0.0
1993-12-17,0.0165724884173512,0.0
1993-12-20,0.0122629190079951,0.0
1993-12-21,0.0034239335262864,0.0
1993-12-22,0.004457826052197,0.0
1993-12-23,0.0076978320435465,0.0
1993-12-24,0.0037824052214179,0.0
1993-12-27,0.0110864840451447,0.0
1993-12-28,0.0052849587838752,0.0
1993-12-29,0.0076102004534562,0.0
1993-12-30,0.0003067875785473,0.0
1993-12-31,0.0057150550238322,0.0
1994-01-03,0.0098272907431226,0.0
1994-01-04,0.0071415003972094,0.0
1994-01-05,0.0109198681730457,0.0
1994-01-06,0.0112715843600647,0.0
1994-01-07,0.0141840153152299,0.0
1994-01-10,0.0041946701928282,0.0
1994-01-11,0.0060233369329339,0.0
1994-01-12,0.0214176863715448,0.0
1994-01-13,0.0131008918736177,0.0
1994-01-14,0.0044745218773759,0.0
1994-01-17,0.012230256026126,0.0
1994-01-18,0.0056221885868264,0.0
1994-01-19,0.0120742050712622,0.0
1994-01-20,0.0074572446382095,0.0
1994-01-21,0.0061309218112767,0.0
1994-01-24,0.0135002603674719,0.0
1994-01-25,0.0016693242267696,0.0
1994-01-26,0.0017979058758109,0.0
1994-01-27,0.0006135348282512,0.0
1994-01-28,0.0140178828911996,0.0
1994-01-31,0.0091230307593779,0.0
1994-02-01,0.0013287841070686,0.0
1994-02-02,0.01049670576926,0.0
1994-02-03,0.0144938953393203,0.0
1994-02-04,0.0030959567416531,0.0
1994-02-07,0.0182401578294542,0.0
1994-02-08,0.0055809190800425,0.0
1994-02-09,0.0009561909952788,0.0
1994-02-10,0.0023049211793057,0.0
1994-02-11,0.0094928206791468,0.0
1994-02-14,0.0028529436347235,0.0
1994-02-15,0.0103975283120209,0.0
1994-02-16,0.0,0.0
1994-02-17,0.0102221331681975,0.0
1994-02-18,0.0129716808247333,0.0
1994-02-21,0.0163872472386297,0.0
1994-02-22,0.0051779760674992,0.0
1994-02-23,0.0112980633776398,0.0
1994-02-24,0.0195956994156284,0.0
1994-02-25,0.0042202992891912,0.0
1994-02-28,0.0176246237048723,0.0
1994-03-01,0.0248814055056499,0.0
1994-03-02,0.0177462700799467,0.0
1994-03-04,0.0157286865466639,0.0
1994-03-07,0.0187337595947364,0.0
1994-03-08,0.0015778918829952,0.0
1994-03-09,0.0075632487183937,0.0
1994-03-10,0.006888175102487,0.0
1994-03-11,0.0044041255887766,0.0
1994-03-14,0.0182237389564516,0.0
1994-03-15,0.0194484726154227,0.0
1994-03-16,0.0070204007344427,0.0
1994-03-17,0.0022715064465791,0.0
1994-03-18,0.0118593497614399,0.0
1994-03-21,0.0084087736226404,0.0
1994-03-22,0.0009083890547682,0.0
1994-03-23,0.0002272262551961,0.0
1994-03-24,0.0218717839159039,0.0
1994-03-25,0.0074606329786811,0.0
1994-03-28,0.0036905987387698,0.0
1994-03-29,0.009887893367974,0.0
1994-03-30,0.0187774403741716,0.0
1994-03-31,0.0009601998403348,0.0
1994-04-05,0.0087993235249736,0.0
1994-04-06,0.0131963141648114,0.0
1994-04-07,0.0040490913726719,0.0
1994-04-08,0.0022671692415056,0.0
1994-04-11,0.0143191570329088,0.0
1994-04-12,0.0015370872005776,0.0
1994-04-13,0.0017669405608497,0.0
1994-04-14,0.0061982277836785,0.0
1994-04-15,0.0095378391030117,0.0
1994-04-18,0.0002314975482675,0.0
1994-04-19,0.0112196410319138,0.0
1994-04-20,0.0157127111273286,0.0
1994-04-21,0.0051016637679432,0.0
1994-04-22,0.0204397500373266,0.0
1994-04-25,0.0088909922833301,0.0
1994-04-26,0.0068750759044223,0.0
1994-04-27,0.0076668818691658,0.0
1994-04-28,0.0013961282665317,0.0
1994-04-29,0.0072747585820058,0.0
1994-05-02,0.0092827059640971,0.0
1994-05-03,0.0032987985804132,0.0
1994-05-04,0.0173127971388096,0.0
1994-05-05,0.0097579878624967,0.0
1994-05-06,0.0020367283631412,0.0
1994-05-09,0.0087491480796961,0.0
1994-05-10,0.0118949912111206,0.0
1994-05-11,0.0053895845520214,0.0
1994-05-13,0.0047207956881562,0.0
1994-05-16,0.0003657533272902,0.0
1994-05-17,0.0033766412843751,0.0
1994-05-18,0.0051150784236374,0.0
1994-05-19,0.0085530010864794,0.0
1994-05-20,0.0046287809233014,0.0
1994-05-24,0.0103061764088918,0.0
1994-05-25,0.0231891022620767,0.0
1994-05-26,0.003591700027988,0.0
1994-05-27,0.0198915227607777,0.0
1994-05-30,0.0008773878753266,0.0
1994-05-31,0.0110720195606369,0.0
1994-06-01,0.0250412493728672,0.0
1994-06-02,0.0138950711486524,0.0
1994-06-03,0.0169424056849962,0.0
1994-06-06,0.0022064781845315,0.0
1994-06-07,0.0066487970927268,0.0
1994-06-08,0.011350126837303,0.0
1994-06-09,0.00903030482979,0.0
1994-06-10,0.0038033551014975,0.0
1994-06-13,0.0215094332168545,0.0
1994-06-14,0.0072046305059132,0.0
1994-06-15,0.0129346869171596,0.0
1994-06-16,0.012074215622932,0.0
1994-06-17,0.0035062677679294,0.0
1994-06-20,0.0171924005403728,0.0
1994-06-21,0.0064315425530125,0.0
1994-06-22,0.0137614183025075,0.0
1994-06-23,0.0114109121970074,0.0
1994-06-24,0.0166410496422327,0.0
1994-06-27,0.0024092483320509,0.0
1994-06-28,0.0074009162284359,0.0
1994-06-29,0.0054374695656776,0.0
1994-06-30,0.0231444901147599,0.0
1994-07-01,0.0101464258405825,0.0
1994-07-04,0.003583793135785,0.0
1994-07-05,0.0066757706474178,0.0
1994-07-06,0.0054675662186355,0.0
1994-07-07,0.0166942028262567,0.0
1994-07-08,0.0,0.0
1994-07-11,0.0149850369100371,0.0
1994-07-12,0.0039569789773584,0.0
1994-07-13,0.0165959845528494,0.0
1994-07-18,0.0252532361683763,0.0
1994-07-19,0.0133420692452951,0.0
1994-07-20,0.0041992726044977,0.0
1994-07-21,0.0049298929162538,0.0
1994-07-22,0.0060559006098539,0.0
1994-07-25,0.0089730554681077,0.0
1994-07-26,0.0082193566240258,0.0
1994-07-27,0.0102118722419286,0.0
1994-07-28,0.0011194904725278,0.0
1994-07-29,0.0104642453582534,0.0
1994-08-01,0.0026057546069299,0.0
1994-08-02,0.0227390388633689,0.0
1994-08-03,0.0010396254408593,0.0
1994-08-04,0.0087855248695609,0.0
1994-08-05,0.005043353258225,0.0
1994-08-08,0.0003797639957874,0.0
1994-08-09,0.0152127161003322,0.0
1994-08-10,0.0049774422958351,0.0
1994-08-11,0.0123322597800246,0.0
1994-08-12,0.0157693889007247,0.0
1994-08-16,0.0026869819526393,0.0
1994-08-17,0.011167767127718,0.0
1994-08-18,0.0121123715393666,0.0
1994-08-19,0.0045864535555459,0.0
1994-08-22,0.0144445366384803,0.0
1994-08-23,0.0140946662044074,0.0
1994-08-24,0.0028451306758446,0.0
1994-08-25,0.0100179130448085,0.0
1994-08-26,0.0177056134642381,0.0
1994-08-29,0.0060899645232378,0.0
1994-08-30,0.0072056537611535,0.0
1994-08-31,0.0042136860081214,0.0
1994-09-01,0.0166670876849917,0.0
1994-09-02,0.0071511659401411,0.0
1994-09-05,0.0110487728148112,0.0
1994-09-06,0.0185372642132556,0.0
1994-09-07,0.001375526215027,0.0
1994-09-08,0.0097275431965879,0.0
1994-09-09,0.0175987324901617,0.0
1994-09-12,0.0091940577929006,0.0
1994-09-13,0.0013210588464413,0.0
1994-09-14,0.0084134804202256,0.0
1994-09-15,0.0124168426309501,0.0
1994-09-16,0.0270141611840924,0.0
1994-09-19,0.0008836653840124,0.0
1994-09-20,0.0018739142005995,0.0
1994-09-21,0.0115814723859373,0.0
1994-09-22,0.0011589703959326,0.0
1994-09-23,0.0146338974216067,0.0
1994-09-26,0.012898052700215,0.0
1994-09-27,0.0007360159868276,0.0
1994-09-28,0.0019441201638196,0.0
1994-09-29,0.0152335798939616,0.0
1994-09-30,0.0016509643777962,0.0
1994-10-03,0.0142013583122657,0.0
1994-10-04,0.0124971063039958,0.0
1994-10-05,0.0228593841094447,0.0
1994-10-06,0.0052759488766818,0.0
1994-10-07,0.0070274357147114,0.0
1994-10-10,0.0223196330002086,0.0
1994-10-11,0.0108454424891763,0.0
1994-10-12,0.000469117008311,0.0
1994-10-13,0.0193619392209213,0.0
1994-10-14,0.0116238390119794,0.0
1994-10-17,0.0138565406174292,0.0
1994-10-18,0.0040999000021853,0.0
1994-10-19,0.011814981071764,0.0
1994-10-20,0.0047546763933009,0.0
1994-10-21,0.0136408902188661,0.0
1994-10-24,0.0002714661941516,0.0
1994-10-25,0.0093835664911202,0.0
1994-10-26,0.0038841239993557,0.0
1994-10-27,0.0144191438805778,0.0
1994-10-28,0.0252949224127364,0.0
1994-11-02,0.0169876686992934,0.0
1994-11-03,0.0198172789071709,0.0
1994-11-04,0.0107214392149045,0.0
1994-11-07,0.0133411620083233,0.0
1994-11-08,0.0080468740782564,0.0
1994-11-09,0.0115901459224886,0.0
1994-11-10,0.0023122585353136,0.0
1994-11-14,0.0037537253630921,0.0
1994-11-15,0.0068795961334008,0.0
1994-11-16,0.0022024998694873,0.0
1994-11-17,0.0117080799260375,0.0
1994-11-18,0.0005189413712722,0.0
1994-11-21,0.0006745966120734,0.0
1994-11-22,0.0085435110733372,0.0
1994-11-23,0.0096202864854252,0.0
1994-11-24,0.0217365663268317,0.0
1994-11-25,0.0057723570641667,0.0
1994-11-28,0.0033347900071123,0.0
1994-11-29,0.0063714244602602,0.0
1994-11-30,0.0183360300383179,0.0
1994-12-01,0.0060407931812805,0.0
1994-12-02,0.0094763176030186,0.0
1994-12-05,0.0045495984967535,0.0
1994-12-06,0.0023841293815506,0.0
1994-12-07,0.000406239884843,0.0
1994-12-08,0.008002322651834,0.0
1994-12-09,0.0087893324651386,0.0
1994-12-12,0.0091798227545734,0.0
1994-12-13,0.0011469468613114,0.0
1994-12-14,0.006809984384999,0.0
1994-12-15,0.0004661769080017,0.0
1994-12-16,0.0035795045327535,0.0
1994-12-19,0.0020247778317529,0.0
1994-12-20,0.0017649633312468,0.0
1994-12-21,0.0083817095335498,0.0
1994-12-22,0.0057539080770702,0.0
1994-12-23,0.0011276019502693,0.0
1994-12-26,0.0085280492194896,0.0
1994-12-27,0.0054045793369421,0.0
1994-12-28,0.0145220899164767,0.0
1994-12-29,0.0175829216639882,0.0
1994-12-30,0.0068867148992443,0.0
1995-01-03,0.0024953283488425,0.0
1995-01-04,0.0083956583161375,0.0
1995-01-05,0.0160605834355496,0.0
1995-01-06,0.0079300153807677,0.0
1995-01-09,0.0118382832907307,0.0
1995-01-10,0.002685719039905,0.0
1995-01-11,0.0054472403848892,0.0
1995-01-12,0.0027076806676655,0.0
1995-01-13,0.0053541267837394,0.0
1995-01-16,0.0100891961231583,0.0
1995-01-17,0.008526219494656,0.0
1995-01-18,0.0018293475170855,0.0
1995-01-19,0.0125495632459545,0.0
1995-01-20,0.0130398114376842,0.0
1995-01-23,0.0225881714918445,0.0
1995-01-24,0.0041654450004768,0.0
1995-01-25,0.0124489000627223,0.0
1995-01-26,0.0131174987749837,0.0
1995-01-27,0.0067026254447585,0.0
1995-01-30,0.0003859138142311,0.0
1995-01-31,0.0085842189636384,0.0
1995-02-01,0.0164937538407921,0.0
1995-02-02,0.0064217532709259,0.0
1995-02-03,0.0143777514763775,0.0
1995-02-06,0.0159916996155157,0.0
1995-02-07,0.0009084576025588,0.0
1995-02-08,0.0104803043176157,0.0
1995-02-09,0.0126166007655425,0.0
1995-02-10,0.0026710844102655,0.0
1995-02-13,0.0103778583388422,0.0
1995-02-14,0.0032378205821534,0.0
1995-02-15,0.0031199857628192,0.0
1995-02-16,0.0145530033257814,0.0
1995-02-17,0.0068352966058574,0.0
1995-02-20,0.0112010711754983,0.0
1995-02-21,0.001884819274709,0.0
1995-02-22,0.0006647929174891,0.0
1995-02-23,0.0124471373134719,0.0
1995-02-24,0.0117269761972782,0.0
1995-02-27,0.0019401874734136,0.0
1995-02-28,0.0141378270165916,0.0
1995-03-01,0.017572203230093,0.0
1995-03-02,0.0005531279451251,0.0
1995-03-03,0.0067729528465819,0.0
1995-03-06,0.0122741640955016,0.0
1995-03-07,0.0140267912488796,0.0
1995-03-08,0.00467854632427,0.0
1995-03-09,0.0170503128949953,0.0
1995-03-10,0.0092214360006999,0.0
1995-03-13,0.0122948396320818,0.0
1995-03-14,0.0270441315771644,0.0
1995-03-15,0.0173342375571902,0.0
1995-03-16,0.0267863438229582,0.0
1995-03-17,0.001678509831808,0.0
1995-03-20,0.012665387948178,0.0
1995-03-21,0.0012136997282744,0.0
1995-03-22,0.0023128768036104,0.0
1995-03-23,0.0123421048812663,0.0
1995-03-24,0.0119570190995573,0.0
1995-03-27,0.0102918336757304,0.0
1995-03-28,0.0005989032427239,0.0
1995-03-29,0.0082394619121196,0.0
1995-03-30,0.0216807634230335,0.0
1995-03-31,0.017855237844198,0.0
1995-04-03,0.0024170818804116,0.0
1995-04-04,0.0100353402152324,0.0
1995-04-05,0.0052720116895279,0.0
1995-04-06,0.0091945729574612,0.0
1995-04-07,0.0053817854308659,0.0
1995-04-10,0.0103140045028197,0.0
1995-04-11,0.006186343317388,0.0
1995-04-12,0.0013899155103196,0.0
1995-04-13,0.004902728270685,0.0
1995-04-18,0.0135947420825824,0.0
1995-04-19,0.01029338063265,0.0
1995-04-20,0.003779703474892,0.0
1995-04-21,0.0243556150464109,0.0
1995-04-24,0.0051470255047289,0.0
1995-04-25,0.0141809768235145,0.0
1995-04-26,0.0018517445331027,0.0
1995-04-27,0.0058348595489046,0.0
1995-04-28,0.0064943727415074,0.0
1995-05-02,0.0095451387658961,0.0
1995-05-03,0.0175029806939711,0.0
1995-05-04,0.0127130218479415,0.0
1995-05-05,0.0097067712149085,0.0
1995-05-09,0.0313091772786449,0.0
1995-05-10,0.0040146589757698,0.0
1995-05-11,0.0034497569599241,0.0
1995-05-12,0.0068144575466331,0.0
1995-05-15,0.0128718842232976,0.0
1995-05-16,0.0049088701600838,0.0
1995-05-17,0.0016974054718234,0.0
1995-05-18,0.0074602435591347,0.0
1995-05-19,0.0122874898325565,0.0
1995-05-22,0.0070976216842702,0.0
1995-05-23,0.0071993572951198,0.0
1995-05-24,0.0023434028331042,0.0
1995-05-26,0.0214452140153805,0.0
1995-05-29,0.0045231682757052,0.0
1995-05-30,0.0002593966382909,0.0
1995-05-31,0.0106831201624856,0.0
1995-06-01,0.0065493729135666,0.0
1995-06-02,0.0053406702253894,0.0
1995-06-06,0.0027430802091043,0.0
1995-06-07,0.0044662952040743,0.0
1995-06-08,0.0119719204593604,0.0
1995-06-09,0.0281708519420316,0.0
1995-06-12,0.0056770803700363,0.0
1995-06-13,0.0078317111090364,0.0
1995-06-14,0.0152499209297372,0.0
1995-06-15,0.0141571160044093,0.0
1995-06-16,0.0082076689279579,0.0
1995-06-19,0.0070095094387111,0.0
1995-06-20,0.0116923858352908,0.0
1995-06-21,0.003527379055101,0.0
1995-06-22,0.0117033218470066,0.0
1995-06-23,0.0157582383762956,0.0
1995-06-26,0.0038446650797797,0.0
1995-06-27,0.0130686621752689,0.0
1995-06-28,0.006518483933332,0.0
1995-06-29,0.0019316288467604,0.0
1995-06-30,0.0016663403350016,0.0
1995-07-03,0.0111810191665466,0.0
1995-07-04,0.005147167610632,0.0
1995-07-05,0.0096914400484213,0.0
1995-07-06,0.0096385275155069,0.0
1995-07-07,0.031927326076149,0.0
1995-07-10,0.0007179244386975,0.0
1995-07-11,0.006085898136266,0.0
1995-07-12,0.0002038757813587,0.0
1995-07-13,0.0068541968308657,0.0
1995-07-17,0.0016410851069154,0.0
1995-07-18,0.0115965737149405,0.0
1995-07-19,0.0011398121537116,0.0
1995-07-20,0.0131871953091144,0.0
1995-07-21,0.0015728219461274,0.0
1995-07-24,0.0092296059549724,0.0
1995-07-25,0.0076010982321859,0.0
1995-07-26,0.0006179263581906,0.0
1995-07-27,0.0027760784742778,0.0
1995-07-28,0.007782127712689,0.0
1995-07-31,0.006644567981564,0.0
1995-08-01,0.0011464648417581,0.0
1995-08-02,0.0217657520444937,0.0
1995-08-03,0.0047049033588701,0.0
1995-08-04,0.0032242033706188,0.0
1995-08-07,0.0034292809918401,0.0
1995-08-08,0.0022022117346481,0.0
1995-08-09,0.0056433559763236,0.0
1995-08-10,0.0028256589162136,0.0
1995-08-11,0.0015402786200766,0.0
1995-08-16,0.0123578518978043,0.0
1995-08-17,0.0015745110946504,0.0
1995-08-18,0.0021833143462674,0.0
1995-08-21,0.0064712302815338,0.0
1995-08-22,0.0106898579547503,0.0
1995-08-23,0.0030096813107191,0.0
1995-08-24,0.0093415827689436,0.0
1995-08-25,0.0007221575468603,0.0
1995-08-28,0.0249236093585142,0.0
1995-08-29,0.0049609688375797,0.0
1995-08-30,0.0114634060543501,0.0
1995-08-31,0.0199754326433075,0.0
1995-09-01,0.0009030694370668,0.0
1995-09-04,0.0099414118276474,0.0
1995-09-05,0.0010518013065374,0.0
1995-09-06,0.0093470703723103,0.0
1995-09-07,0.012331717813388,0.0
1995-09-08,0.0036592231555805,0.0
1995-09-11,0.0079471646611797,0.0
1995-09-12,0.0020837367571482,0.0
1995-09-13,0.0130443421601189,0.0
1995-09-14,0.0030601653149048,0.0
1995-09-15,0.0065741008341091,0.0
1995-09-18,0.0044246941267256,0.0
1995-09-19,0.0057535979767795,0.0
1995-09-20,0.0099832401243369,0.0
1995-09-21,0.0053258991421364,0.0
1995-09-22,0.0346849638324806,0.0
1995-09-25,0.0055133515404332,0.0
1995-09-26,0.0086815625231624,0.0
1995-09-27,0.0135807632243336,0.0
1995-09-28,0.0135980479697556,0.0
1995-09-29,0.0116986985665678,0.0
1995-10-02,0.0043148610246479,0.0
1995-10-03,0.0111689330727475,0.0
1995-10-04,0.0017755501884083,0.0
1995-10-05,0.0019976564618846,0.0
1995-10-06,0.0051524680846496,0.0
1995-10-09,0.013295345011332,0.0
1995-10-10,0.00432133078526,0.0
1995-10-11,0.0091815807378454,0.0
1995-10-12,0.0052248599895013,0.0
1995-10-13,0.0072912115949745,0.0
1995-10-16,0.0146918789576838,0.0
1995-10-17,0.0060501271187028,0.0
1995-10-18,0.0050698622832195,0.0
1995-10-19,0.007596353049886,0.0
1995-10-20,0.0094912648788717,0.0
1995-10-23,0.0113236960170227,0.0
1995-10-24,0.0017995393657466,0.0
1995-10-25,0.0228774850064419,0.0
1995-10-26,0.005684740531523,0.0
1995-10-27,0.0066924037410103,0.0
1995-10-30,0.0299086788840953,0.0
1995-10-31,0.0103621856005466,0.0
1995-11-02,0.0080709535045016,0.0
1995-11-03,0.0018575313918892,0.0
1995-11-06,0.0051987969046304,0.0
1995-11-07,0.0189136338192793,0.0
1995-11-08,0.004780213866025,0.0
1995-11-09,0.0073678427104895,0.0
1995-11-10,0.0069331480586914,0.0
1995-11-13,0.000870091221967,0.0
1995-11-14,0.0,0.0
1995-11-15,0.0199284889828051,0.0
1995-11-16,0.0158191934624768,0.0
1995-11-17,0.0076931434752933,0.0
1995-11-20,0.0048251508165964,0.0
1995-11-21,0.00452814874315,0.0
1995-11-22,0.0013872457507008,0.0
1995-11-23,0.0044888786265787,0.0
1995-11-24,0.0127193777630942,0.0
1995-11-27,0.0006347604722113,0.0
1995-11-28,0.0103721572901835,0.0
1995-11-29,0.0069750254129239,0.0
1995-11-30,0.0157372464418345,0.0
1995-12-01,0.0040557022958165,0.0
1995-12-04,0.0255868006960103,0.0
1995-12-05,0.022286286164893,0.0
1995-12-06,0.0109051271208794,0.0
1995-12-07,0.0065189277368978,0.0
1995-12-08,0.0051308474470351,0.0
1995-12-11,0.0036158992407688,0.0
1995-12-12,0.0003785054374645,0.0
1995-12-13,0.0082005375984039,0.0
1995-12-14,0.0222183161619661,0.0
1995-12-15,0.0084085603569309,0.0
1995-12-18,0.021088910432092,0.0
1995-12-19,0.0056738791963021,0.0
1995-12-20,0.0115341535546201,0.0
1995-12-21,0.0017460028789065,0.0
1995-12-22,0.0210375089542714,0.0
1995-12-26,0.0035828349258902,0.0
1995-12-27,0.0055026177054149,0.0
1995-12-28,0.0011181682161746,0.0
1995-12-29,0.0037855477651461,0.0
1996-01-02,0.0192578293973628,0.0
1996-01-03,0.0179679629425398,0.0
1996-01-04,0.0060916243179995,0.0
1996-01-05,0.0070150202417872,0.0
1996-01-08,0.0005737556462064,0.0
1996-01-09,0.0001565012165796,0.0
1996-01-10,0.0032406850453405,0.0
1996-01-11,0.0064075593029283,0.0
1996-01-12,0.0050978700191573,0.0
1996-01-15,0.0087683488861268,0.0
1996-01-16,0.0142914601506017,0.0
1996-01-17,0.0070953180446274,0.0
1996-01-18,0.0030055418314014,0.0
1996-01-19,0.0021404927222937,0.0
1996-01-22,0.0050527191626281,0.0
1996-01-23,0.0104411640736497,0.0
1996-01-24,0.0061338943842241,0.0
1996-01-25,0.0021559226175718,0.0
1996-01-26,0.0084250800436463,0.0
1996-01-29,0.0070933065040956,0.0
1996-01-30,0.0112456754325288,0.0
1996-01-31,0.0088964700598281,0.0
1996-02-01,0.0015327068361802,0.0
1996-02-02,0.0009391417285442,0.0
1996-02-05,0.0182648803564737,0.0
1996-02-06,0.001459462492962,0.0
1996-02-07,0.002618437020467,0.0
1996-02-08,0.0137583577315879,0.0
1996-02-09,0.0022977365222708,0.0
1996-02-12,0.003563795735016,0.0
1996-02-13,0.007896825474301,0.0
1996-02-14,0.0136560864830011,0.0
1996-02-15,0.003978950720357,0.0
1996-02-16,0.0059744101507932,0.0
1996-02-19,0.0065773059626246,0.0
1996-02-20,0.0037705304369023,0.0
1996-02-21,0.0023260031385891,0.0
1996-02-22,0.0084315054557827,0.0
1996-02-23,0.0120096986428755,0.0
1996-02-26,0.0081264095956532,0.0
1996-02-27,0.0069116377707957,0.0
1996-02-28,0.0112807885486232,0.0
1996-02-29,0.0030593977640423,0.0
1996-03-01,0.013173794485393,0.0
1996-03-04,0.000942295094522,0.0
1996-03-05,0.0066713501290399,0.0
1996-03-06,0.0019961082286622,0.0
1996-03-07,0.0010463518098416,0.0
1996-03-08,0.0163176709601744,0.0
1996-03-11,0.0135564074963683,0.0
1996-03-12,0.0086576417237636,0.0
1996-03-13,0.006294558583939,0.0
1996-03-14,0.0092661861699476,0.0
1996-03-15,0.0062875856103952,0.0
1996-03-18,0.0076116045285566,0.0
1996-03-19,0.0011189417774919,0.0
1996-03-20,0.0013208524431149,0.0
1996-03-21,0.0035979340275931,0.0
1996-03-22,0.0012654064751857,0.0
1996-03-25,0.0147808351165503,0.0
1996-03-26,0.0020937996186938,0.0
1996-03-27,0.0111428663147326,0.0
1996-03-28,0.005184556731102,0.0
1996-03-29,0.0122024976671339,0.0
1996-04-01,0.0052678145631076,0.0
1996-04-02,0.0071739545132702,0.0
1996-04-03,0.0030959305373091,0.0
1996-04-04,0.0053153060633452,0.0
1996-04-09,0.0032236904529245,0.0
1996-04-10,0.0058434650420967,0.0
1996-04-11,0.0102727011503699,0.0
1996-04-12,0.0010609333546143,0.0
1996-04-15,0.0028398192093102,0.0
1996-04-16,0.0079944658940956,0.0
1996-04-17,0.0106414341318376,0.0
1996-04-18,0.005238964225085,0.0
1996-04-19,0.0031111668029126,0.0
1996-04-22,0.0114042575973479,0.0
1996-04-23,0.0021284151348262,0.0
1996-04-24,0.0047708446095351,0.0
1996-04-25,0.0026897245483359,0.0
1996-04-26,0.010341354269451,0.0
1996-04-29,0.0035603211985628,0.0
1996-04-30,0.0074808650890423,0.0
1996-05-02,0.0046689784004802,0.0
1996-05-03,0.010065531917287,0.0
1996-05-06,0.0118884852396503,0.0
1996-05-07,0.0032102523470856,0.0
1996-05-09,0.0008155003841669,0.0
1996-05-10,0.0139996319231164,0.0
1996-05-13,0.0065944906035363,0.0
1996-05-14,0.0100404325891615,0.0
1996-05-15,0.0011773848747592,0.0
1996-05-17,0.0057725396420076,0.0
1996-05-20,0.0076570214095219,0.0
1996-05-21,0.0042819882432857,0.0
1996-05-22,0.0123784777556425,0.0
1996-05-23,0.0052157538819676,0.0
1996-05-24,0.0015121930998433,0.0
1996-05-28,0.0071519392489215,0.0
1996-05-29,0.0074352364590473,0.0
1996-05-30,0.0041179541389154,0.0
1996-05-31,0.0008060663290541,0.0
1996-06-03,0.0051994820731499,0.0
1996-06-04,0.004773099217229,0.0
1996-06-05,0.0020821048811938,0.0
1996-06-06,0.0083793031073183,0.0
1996-06-07,0.0147339043999362,0.0
1996-06-10,0.0089041265613654,0.0
1996-06-11,0.0078435228126534,0.0
1996-06-12,9.3548783445773e-05,0.0
1996-06-13,0.0052070471379376,0.0
1996-06-14,0.0067956383955512,0.0
1996-06-17,0.000568051122076,0.0
1996-06-18,0.0024165937389008,0.0
1996-06-19,0.0034215456192615,0.0
1996-06-20,0.0112978621601617,0.0
1996-06-21,0.0034123280328402,0.0
1996-06-24,0.0064088154350448,0.0
1996-06-25,0.0098671600780099,0.0
1996-06-26,0.0024103107703657,0.0
1996-06-27,0.0001893646728474,0.0
1996-06-28,0.0050984622558318,0.0
1996-07-01,0.0023099137406958,0.0
1996-07-02,0.0033092262215695,0.0
1996-07-03,0.0010411999362022,0.0
1996-07-04,0.0060366381584941,0.0
1996-07-05,0.0132527495113384,0.0
1996-07-08,0.009430621357553,0.0
1996-07-09,0.0012031668234418,0.0
1996-07-10,0.0025489034781109,0.0
1996-07-11,0.0040911665850147,0.0
1996-07-12,0.0110572439301935,0.0
1996-07-15,0.0103430235802939,0.0
1996-07-16,0.019906106411969,0.0
1996-07-17,0.00281081127702,0.0
1996-07-18,0.0060963976381526,0.0
1996-07-19,0.0072498503319149,0.0
1996-07-22,0.0164431618053665,0.0
1996-07-23,0.0111097666944344,0.0
1996-07-24,0.0142775974671744,0.0
1996-07-25,0.0104867464642719,0.0
1996-07-26,0.0059934793548521,0.0
1996-07-29,0.0009174561439284,0.0
1996-07-30,0.0037663035461664,0.0
1996-07-31,0.0138232572642662,0.0
1996-08-01,0.0069898930705516,0.0
1996-08-02,0.0066942951190403,0.0
1996-08-05,0.0050538051894322,0.0
1996-08-06,0.0069283279478213,0.0
1996-08-07,0.0013013503619577,0.0
1996-08-08,0.0003505536935159,0.0
1996-08-09,0.0060259295795359,0.0
1996-08-12,0.0036331018297876,0.0
1996-08-13,0.001212501137971,0.0
1996-08-14,0.0005555292144175,0.0
1996-08-19,0.0033789533393825,0.0
1996-08-20,0.0165276999799274,0.0
1996-08-21,0.0093038175177855,0.0
1996-08-22,0.0085607098252627,0.0
1996-08-23,0.0014856635860232,0.0
1996-08-26,0.0001979730813218,0.0
1996-08-27,0.0011886017641198,0.0
1996-08-28,0.0075107794170108,0.0
1996-08-29,0.0127121665784706,0.0
1996-08-30,0.0035459234188506,0.0
1996-09-02,0.0032424916713946,0.0
1996-09-03,0.0028365815551542,0.0
1996-09-04,0.0067742153631585,0.0
1996-09-05,0.0057271708133268,0.0
1996-09-06,0.0042989807054643,0.0
1996-09-09,0.0077017098908335,0.0
1996-09-10,0.0107326387783982,0.0
1996-09-11,0.0019606888531453,0.0
1996-09-12,0.0133058756417998,0.0
1996-09-13,0.0072362710025242,0.0
1996-09-16,0.0027840698787529,0.0
1996-09-17,0.0025437603476572,0.0
1996-09-18,0.0039483638837989,0.0
1996-09-19,0.0046209938576582,0.0
1996-09-20,0.0013455952798118,0.0
1996-09-23,0.0059807741346588,0.0
1996-09-24,0.0069420815867224,0.0
1996-09-25,0.0104662490230895,0.0
1996-09-26,0.0003328319995075,0.0
1996-09-27,0.0014247722114152,0.0
1996-09-30,0.0121230524493087,0.0
1996-10-01,0.0045113317378295,0.0
1996-10-02,0.0087222581839581,0.0
1996-10-03,0.0026648375837737,0.0
1996-10-04,0.0077410633374239,0.0
1996-10-07,0.0005110487313085,0.0
1996-10-08,0.0045906283208652,0.0
1996-10-09,0.0068706685933117,0.0
1996-10-10,0.0051840731605631,0.0
1996-10-11,0.0053704565417096,0.0
1996-10-14,0.0016314357177034,0.0
1996-10-15,0.0114567687114357,0.0
1996-10-16,0.0045299368937213,0.0
1996-10-17,0.0031454065209932,0.0
1996-10-18,0.0091483926601142,0.0
1996-10-21,0.0022907418785495,0.0
1996-10-22,0.0021120598622427,0.0
1996-10-23,0.0123484955920956,0.0
1996-10-24,0.0012557589430694,0.0
1996-10-25,0.0050068740143676,0.0
1996-10-28,0.0055648448854222,0.0
1996-10-29,0.0115526890070616,0.0
1996-10-30,0.0004234336464866,0.0
1996-10-31,0.0073617433227822,0.0
1996-11-04,0.0007938689520799,0.0
1996-11-05,0.0208346132668829,0.0
1996-11-06,0.0118618219062496,0.0
1996-11-07,0.0007230649927602,0.0
1996-11-08,0.0029885001441907,0.0
1996-11-12,0.0107797747833449,0.0
1996-11-13,0.0053528438333846,0.0
1996-11-14,0.0004509176349196,0.0
1996-11-15,0.0099137730900924,0.0
1996-11-18,0.0051464613148843,0.0
1996-11-19,0.0050572053710086,0.0
1996-11-20,0.0029955070180418,0.0
1996-11-21,8.963300319415389e-05,0.0
1996-11-22,0.0097570005589395,0.0
1996-11-25,0.0095310685724044,0.0
1996-11-26,0.0008786960339502,0.0
1996-11-27,0.0018918365877245,0.0
1996-11-28,0.0085506208551269,0.0
1996-11-29,0.0110291618839238,0.0
1996-12-02,0.0012516008166969,0.0
1996-12-03,0.013068720276563,0.0
1996-12-04,0.0173477432428313,0.0
1996-12-05,0.0070416492580396,0.0
1996-12-06,0.0228546298909497,0.0
1996-12-09,0.0067164036117374,0.0
1996-12-10,0.0019524973064932,0.0
1996-12-11,0.017067565035683,0.0
1996-12-12,0.0005423017858559,0.0
1996-12-13,0.0039407571381205,0.0
1996-12-16,0.0086761481041335,0.0
1996-12-17,0.0130881320160887,0.0
1996-12-18,0.0114219398879612,0.0
1996-12-19,0.0133407161675916,0.0
1996-12-20,0.0131650819750849,0.0
1996-12-23,0.0038984269500549,0.0
1996-12-24,0.0009614138002941,0.0
1996-12-26,0.0061827822327218,0.0
1996-12-27,0.0013880244867455,0.0
1996-12-30,0.0050156181811741,0.0
1996-12-31,0.0012516008166969,0.0
1997-01-02,0.0256754987206951,0.0
1997-01-03,0.0113662832345935,0.0
1997-01-06,0.0104151294861591,0.0
1997-01-07,0.0021699514225797,0.0
1997-01-08,0.0129068099394776,0.0
1997-01-09,0.0074775485763047,0.0
1997-01-10,0.0092375874802687,0.0
1997-01-13,0.0144176053437845,0.0
1997-01-14,0.0171310599062217,0.0
1997-01-15,0.0058871998887357,0.0
1997-01-16,0.0082572922675779,0.0
1997-01-17,0.0071593131236456,0.0
1997-01-20,0.0078655808860876,0.0
1997-01-21,0.0015779923072999,0.0
1997-01-22,0.013436892592009,0.0
1997-01-23,0.0076675805490505,0.0
1997-01-24,0.0126749588700351,0.0
1997-01-27,0.002014142020442,0.0
1997-01-28,0.019358106589658,0.0
1997-01-29,0.0071951677292628,0.0
1997-01-30,0.0153381952285741,0.0
1997-01-31,0.005378820257338,0.0
1997-02-03,0.0031839554435434,0.0
1997-02-04,0.0021948648137945,0.0
1997-02-05,0.0151457776140874,0.0
1997-02-06,0.0067062445894075,0.0
1997-02-07,0.0151674190645227,0.0
1997-02-10,0.0008088342969194,0.0
1997-02-11,0.0051375505324496,0.0
1997-02-12,0.0066391376323247,0.0
1997-02-13,0.0111330620931165,0.0
1997-02-14,0.0003805320024461,0.0
1997-02-17,0.0026986837823319,0.0
1997-02-18,0.0064737469046485,0.0
1997-02-19,0.0087102025881082,0.0
1997-02-20,0.0075822791328913,0.0
1997-02-21,0.0048267522061784,0.0
1997-02-24,0.0019879763945398,0.0
1997-02-25,0.0153801818185133,0.0
1997-02-26,0.0021113657253621,0.0
1997-02-27,0.0103984238171713,0.0
1997-02-28,0.0082486734091279,0.0
1997-03-03,0.0028801309667016,0.0
1997-03-04,0.0195740835745703,0.0
1997-03-05,0.0054532940447077,0.0
1997-03-06,0.0121900270225195,0.0
1997-03-07,0.0034769034025044,0.0
1997-03-10,0.0003322205268211,0.0
1997-03-11,0.0085258330200924,0.0
1997-03-12,0.0167049064868853,0.0
1997-03-13,0.0036405870642339,0.0
1997-03-14,0.0051158758338285,0.0
1997-03-17,0.0218580331255991,0.0
1997-03-18,0.0055787772986153,0.0
1997-03-19,0.008818827407445,0.0
1997-03-20,0.0167366677943143,0.0
1997-03-21,0.012994326229653,0.0
1997-03-24,0.0030195317952253,0.0
1997-03-25,0.017296149199701,0.0
1997-03-26,0.0092547227375637,0.0
1997-03-27,0.0030157975687456,0.0
1997-04-01,0.0285978837245969,0.0
1997-04-02,0.0201489569207191,0.0
1997-04-03,0.0062639154523053,0.0
1997-04-04,0.0013909589922731,0.0
1997-04-07,0.0213355236799976,0.0
1997-04-08,0.0026012675970546,0.0
1997-04-09,0.014856177834635,0.0
1997-04-10,0.0036742606694364,0.0
1997-04-11,0.0128894238903608,0.0
1997-04-14,0.0033069455223254,0.0
1997-04-15,0.0210160618014707,0.0
1997-04-16,0.0001525878880781,0.0
1997-04-17,0.0022153665843008,0.0
1997-04-18,0.0261887799092491,0.0
1997-04-21,0.0098220406783966,0.0
1997-04-22,0.0031762444438698,0.0
1997-04-23,0.0074877620613016,0.0
1997-04-24,0.0024441022112261,0.0
1997-04-25,0.0013790116378007,0.0
1997-04-28,0.0055046730951372,0.0
1997-04-29,0.0204151520899907,0.0
1997-04-30,0.0139633347362256,0.0
1997-05-02,0.0059681557681994,0.0
1997-05-05,0.0065689692792054,0.0
1997-05-06,0.0078503029319257,0.0
1997-05-07,0.003248172365945,0.0
1997-05-09,0.0035625545794779,0.0
1997-05-12,0.0222273822586748,0.0
1997-05-13,0.0097918638682156,0.0
1997-05-14,0.0200217812825216,0.0
1997-05-15,0.0005044147835557,0.0
1997-05-16,0.0029854701797098,0.0
1997-05-20,0.0119956456272968,0.0
1997-05-21,0.0127495378252199,0.0
1997-05-22,0.0161722568674965,0.0
1997-05-23,0.0077026692417217,0.0
1997-05-26,0.039949181830225,0.0
1997-05-27,0.0095971112076442,0.0
1997-05-28,0.0368998252140923,0.0
1997-05-29,0.001549667161071,0.0
1997-05-30,0.001820593288299,0.0
1997-06-02,0.0067883540612503,0.0
1997-06-03,0.0088021999619961,0.0
1997-06-04,0.0041445343632264,0.0
1997-06-05,0.020840737782818,0.0
1997-06-06,0.0104988383456543,0.0
1997-06-09,0.0122469748864759,0.0
1997-06-10,0.0082237307077147,0.0
1997-06-11,0.0119395495571222,0.0
1997-06-12,0.0234960309988672,0.0
1997-06-13,0.0173111458266353,0.0
1997-06-16,0.0044965095658738,0.0
1997-06-17,0.0119817227913555,0.0
1997-06-18,0.0039534158768425,0.0
1997-06-19,0.0043704772241932,0.0
1997-06-20,0.0063310305810959,0.0
1997-06-23,0.0018480078712508,0.0
1997-06-24,0.0081486290644594,0.0
1997-06-25,0.0292295867237171,0.0
1997-06-26,0.0090957736321917,0.0
1997-06-27,0.0008989723705911,0.0
1997-06-30,0.0113754034429696,0.0
1997-07-01,0.0295421412753904,0.0
1997-07-02,0.0117879557520422,0.0
1997-07-03,0.0094074071018955,0.0
1997-07-04,0.0008515712002308,0.0
1997-07-07,0.0044881076599842,0.0
1997-07-08,0.0060910106966774,0.0
1997-07-09,0.0070743946188518,0.0
1997-07-10,0.0073133306504293,0.0
1997-07-11,0.0042584422552874,0.0
1997-07-15,0.0030887295876954,0.0
1997-07-16,0.0125618534796062,0.0
1997-07-17,0.009888050786985,0.0
1997-07-18,0.0280724296116368,0.0
1997-07-21,0.0009041711312064,0.0
1997-07-22,0.0162206753612673,0.0
1997-07-23,0.0278179842060692,0.0
1997-07-24,0.0100385651435677,0.0
1997-07-25,0.0174688254554989,0.0
1997-07-28,0.0012235087789713,0.0
1997-07-29,0.0004631798928508,0.0
1997-07-30,0.0150013317455311,0.0
1997-07-31,0.0020829632734605,0.0
1997-08-01,0.0085548589985072,0.0
1997-08-04,0.0189019343730197,0.0
1997-08-05,0.0027774818114852,0.0
1997-08-06,0.0176049183369127,0.0
1997-08-07,0.0063019050948627,0.0
1997-08-08,0.0198268395522084,0.0
1997-08-11,0.0043146534449508,0.0
1997-08-12,0.0050819886414611,0.0
1997-08-13,0.0251930037584144,0.0
1997-08-14,0.0007526604595967,0.0
1997-08-18,0.0178529750324592,0.0
1997-08-19,0.0227693052980466,0.0
1997-08-20,0.0145721782908892,0.0
1997-08-21,0.0074455317952115,0.0
1997-08-22,0.0180849098876353,0.0
1997-08-25,0.0019300528044532,0.0
1997-08-26,0.0101597808962092,0.0
1997-08-27,0.000836057301356,0.0
1997-08-28,0.0151930256813399,0.0
1997-08-29,0.0206833368956513,0.0
1997-09-01,0.0126609113798354,0.0
1997-09-02,0.0403057533436235,0.0
1997-09-03,0.0010960239481322,0.0
1997-09-04,0.0030795576091548,0.0
1997-09-05,0.0008544818088053,0.0
1997-09-08,0.0055920978464628,0.0
1997-09-09,0.0072347691950093,0.0
1997-09-10,0.0155672864452851,0.0
1997-09-11,0.0108426786914504,0.0
1997-09-12,0.0033464284970125,0.0
1997-09-15,0.0225034345784631,0.0
1997-09-16,0.0143857798739415,0.0
1997-09-17,0.0011555254955764,0.0
1997-09-18,0.0116170099215816,0.0
1997-09-19,0.0004029656852799,0.0
1997-09-22,0.0134454288866179,0.0
1997-09-23,0.0067501707727778,0.0
1997-09-24,0.0088027276815642,0.0
1997-09-25,0.0060705927824423,0.0
1997-09-26,0.0066098737359196,0.0
1997-09-29,0.0011381189218267,0.0
1997-09-30,0.006436268086372,0.0
1997-10-01,0.0153716755083332,0.0
1997-10-02,0.0009169166149199,0.0
1997-10-03,0.013634841869288,0.0
1997-10-06,0.0051847167341868,0.0
1997-10-07,0.004428275624143,0.0
1997-10-08,0.0132382009462841,0.0
1997-10-09,0.0211878484744143,0.0
1997-10-10,0.0018931860921484,0.0
1997-10-13,0.01604593161309,0.0
1997-10-14,0.000133180920786,0.0
1997-10-15,0.0034363884924766,0.0
1997-10-16,0.0002338979105435,0.0
1997-10-17,0.0117294201014605,0.0
1997-10-20,0.003827480724397,0.0
1997-10-21,0.014554025800994,0.0
1997-10-22,0.0106927060087627,0.0
1997-10-23,0.0348101166530629,0.0
1997-10-24,0.0027690311876081,0.0
1997-10-27,0.0282651148159085,0.0
1997-10-28,0.043652836535504,0.0
1997-10-29,0.0609773093121296,0.0
1997-10-30,0.028251991480155,0.0
1997-10-31,7.299086302905834e-05,0.0
1997-11-03,0.017622061764973,0.0
1997-11-04,0.0047098175779394,0.0
1997-11-05,0.0169728769095677,0.0
1997-11-06,0.0144893344863045,0.0
1997-11-07,0.0272202304562383,0.0
1997-11-12,0.0046653288959486,0.0
1997-11-13,0.0022983221964505,0.0
1997-11-14,0.0006667341816579,0.0
1997-11-17,0.0270855202274339,0.0
1997-11-18,0.0034560108873223,0.0
1997-11-19,0.0028708839497197,0.0
1997-11-20,0.0109056475736307,0.0
1997-11-21,0.0142535277301921,0.0
1997-11-24,0.020903960810328,0.0
1997-11-25,0.0057973076159547,0.0
1997-11-26,0.009074696909826,0.0
1997-11-27,0.0061340270613809,0.0
1997-11-28,0.0089383368715909,0.0
1997-12-01,0.0222081564706876,0.0
1997-12-02,0.0018519458799169,0.0
1997-12-03,0.0036798924898353,0.0
1997-12-04,0.004160331211511,0.0
1997-12-05,0.0015108000916405,0.0
1997-12-08,0.0076678231336666,0.0
1997-12-09,0.0091312105421375,0.0
1997-12-10,0.0092335342179896,0.0
1997-12-11,0.036006442068568,0.0
1997-12-12,0.0006361945547841,0.0
1997-12-15,0.0028225682438131,0.0
1997-12-16,0.0257034939282477,0.0
1997-12-17,0.0065110564511863,0.0
1997-12-18,0.0004146484601901,0.0
1997-12-19,0.0250476937958279,0.0
1997-12-22,0.0164427869350468,0.0
1997-12-23,0.0040503751091943,0.0
1997-12-24,0.0055825131737955,0.0
1997-12-26,0.0003478744785753,0.0
1997-12-29,0.0221520086408547,0.0
1997-12-30,0.012172593242597,0.0
1997-12-31,0.0078334300959904,0.0
1998-01-02,0.0131842541112091,0.0
1998-01-05,0.0111594376300224,0.0
1998-01-06,0.0114885798935663,0.0
1998-01-07,0.010257518466729,0.0
1998-01-08,0.0173783392907182,0.0
1998-01-09,0.0119496387821295,0.0
1998-01-12,0.0198197686264903,0.0
1998-01-13,0.0140148348042253,0.0
1998-01-14,0.005804933822265,0.0
1998-01-15,0.0044424772454337,0.0
1998-01-16,0.0146561366180583,0.0
1998-01-19,0.0036557878636323,0.0
1998-01-20,0.0071056121542001,0.0
1998-01-21,0.0033963641209592,0.0
1998-01-22,0.0031737042658054,0.0
1998-01-23,0.0075234271371912,0.0
1998-01-26,0.0114972855832135,0.0
1998-01-27,0.0170181719747801,0.0
1998-01-28,0.0118236800912861,0.0
1998-01-29,0.0146255477557976,0.0
1998-01-30,0.0121475186435689,0.0
1998-02-02,0.0048430505716811,0.0
1998-02-03,0.0002822824584793,0.0
1998-02-04,0.0069554637612477,0.0
1998-02-05,0.0073318185203154,0.0
1998-02-06,0.0084604264417308,0.0
1998-02-09,0.0013048191448147,0.0
1998-02-10,0.0046154143904323,0.0
1998-02-11,0.0012971221251687,0.0
1998-02-12,0.0191010369881924,0.0
1998-02-13,0.0028273454804804,0.0
1998-02-16,0.0116643495024857,0.0
1998-02-17,0.0170318620037832,0.0
1998-02-18,0.0003657161300106,0.0
1998-02-19,0.0095219412033371,0.0
1998-02-20,0.0036541479193432,0.0
1998-02-23,0.0033659762501972,0.0
1998-02-24,0.0034272658438831,0.0
1998-02-25,0.0259903903610258,0.0
1998-02-26,0.0144698157622952,0.0
1998-02-27,0.0073032346491623,0.0
1998-03-02,0.0072213135510522,0.0
1998-03-03,0.0092690559586219,0.0
1998-03-04,0.0098879160453971,0.0
1998-03-05,0.0042791229041077,0.0
1998-03-06,0.0254120092012158,0.0
1998-03-09,0.0121842976479859,0.0
1998-03-10,0.0012486599246235,0.0
1998-03-11,0.0050701584604314,0.0
1998-03-12,0.003622931980742,0.0
1998-03-13,0.0038489472494251,0.0
1998-03-16,0.0162783163451485,0.0
1998-03-17,0.0173567636633138,0.0
1998-03-18,0.0024064242981873,0.0
1998-03-19,0.0098622145759995,0.0
1998-03-20,5.420493816261956e-05,0.0
1998-03-23,0.0023883318958976,0.0
1998-03-24,0.0157445091968511,0.0
1998-03-25,0.0212255763179451,0.0
1998-03-26,0.0091812292010759,0.0
1998-03-27,0.0069528598093867,0.0
1998-03-30,0.0026279843066251,0.0
1998-03-31,0.0195694076857922,0.0
1998-04-01,0.0020622284263903,0.0
1998-04-02,0.0134542273618747,0.0
1998-04-03,0.0009913452666013,0.0
1998-04-06,0.0138407140736917,0.0
1998-04-07,0.0211665546537618,0.0
1998-04-08,0.0075606353750405,0.0
1998-04-09,0.0053035750480569,0.0
1998-04-14,0.0069052988815528,0.0
1998-04-15,0.004360041058914,0.0
1998-04-16,0.010012423159015,0.0
1998-04-17,0.0040740102569975,0.0
1998-04-20,0.0062215045499741,0.0
1998-04-21,0.0065323554492655,0.0
1998-04-22,0.0065752441915583,0.0
1998-04-23,0.0033955002242628,0.0
1998-04-24,0.0087770958878312,0.0
1998-04-27,0.0265591227143367,0.0
1998-04-28,0.0235271148597099,0.0
1998-04-29,0.0115296516118335,0.0
1998-04-30,0.0386109388159623,0.0
1998-05-04,0.0237638322590762,0.0
1998-05-05,0.0074099329889565,0.0
1998-05-06,0.0006436703835604,0.0
1998-05-07,0.0104637668481334,0.0
1998-05-11,0.0279890756353394,0.0
1998-05-12,0.0074732436740413,0.0
1998-05-13,0.0081003482189799,0.0
1998-05-14,0.0019373216114261,0.0
1998-05-15,0.0054360117182442,0.0
1998-05-18,0.0113213219122519,0.0
1998-05-19,0.0089653278384383,0.0
1998-05-20,0.0167102752618829,0.0
1998-05-22,0.0004594162455532,0.0
1998-05-25,0.0144465352311557,0.0
1998-05-26,0.0017435334351108,0.0
1998-05-27,0.0242251457114834,0.0
1998-05-28,0.0006100863829822,0.0
1998-05-29,0.0065143552621638,0.0
1998-06-02,0.0112745485027999,0.0
1998-06-03,0.0151502375057372,0.0
1998-06-04,0.0073388971422542,0.0
1998-06-05,0.0159009580424816,0.0
1998-06-08,0.0046558212911812,0.0
1998-06-09,0.0006471740612324,0.0
1998-06-10,0.0016028221641381,0.0
1998-06-11,0.0160455059089498,0.0
1998-06-12,0.0221800478720323,0.0
1998-06-15,0.0112785266104985,0.0
1998-06-16,0.0019828757528229,0.0
1998-06-17,0.0196497632781062,0.0
1998-06-18,0.0099814099183679,0.0
1998-06-19,0.0061760634407176,0.0
1998-06-22,0.002157649103625,0.0
1998-06-23,0.0114800824560391,0.0
1998-06-24,0.0149648183356939,0.0
1998-06-25,0.0186028598844633,0.0
1998-06-26,0.002824426662485,0.0
1998-06-29,0.0076891371469974,0.0
1998-06-30,0.0105991715510301,0.0
1998-07-01,0.0135231500746736,0.0
1998-07-02,0.0020182231934854,0.0
1998-07-03,0.0122224916808676,0.0
1998-07-06,0.001560032922577,0.0
1998-07-07,0.0050877626884886,0.0
1998-07-08,0.0015727692622841,0.0
1998-07-09,0.0047880364512327,0.0
1998-07-10,0.0146536016780753,0.0
1998-07-15,0.0204525876183471,0.0
1998-07-16,0.0031784433232624,0.0
1998-07-17,0.0069398818377803,0.0
1998-07-20,0.0044693353816043,0.0
1998-07-21,0.0107767999033583,0.0
1998-07-22,0.0238731945069306,0.0
1998-07-23,0.0037299003526813,0.0
1998-07-24,0.0072216629850441,0.0
1998-07-27,0.0157896258769519,0.0
1998-07-28,0.0041587901312203,0.0
1998-07-29,0.0040766895742704,0.0
1998-07-30,0.0140223928050814,0.0
1998-07-31,0.0048549824378591,0.0
1998-08-03,0.0198934622925239,0.0
1998-08-04,0.0115807921131254,0.0
1998-08-05,0.0178163955297575,0.0
1998-08-06,0.0019659727647655,0.0
1998-08-07,0.0182990112421494,0.0
1998-08-10,0.0256687940118551,0.0
1998-08-11,0.024012665395717,0.0
1998-08-12,0.025597924112744,0.0
1998-08-13,0.0015169547064303,0.0
1998-08-14,0.0108777081177439,0.0
1998-08-17,0.0027823662735956,0.0
1998-08-18,0.0344030248160977,0.0
1998-08-19,0.0005989147380222,0.0
1998-08-20,0.0093095147360977,0.0
1998-08-21,0.0358168071358977,0.0
1998-08-24,0.0015860713576241,0.0
1998-08-25,0.02306943534097,0.0
1998-08-26,0.0292498769483919,0.0
1998-08-27,0.0437552990318719,0.0
1998-08-28,0.009838266072956,0.0
1998-08-31,0.0150547410338814,0.0
1998-09-01,0.0320987201487557,0.0
1998-09-02,0.0226095139176964,0.0
1998-09-03,0.022562913698292,0.0
1998-09-04,0.0120728661852526,0.0
1998-09-07,0.0012456095071012,0.0
1998-09-08,0.0289094917344972,0.0
1998-09-09,0.0109995354539234,0.0
1998-09-10,0.047014100401214,0.0
1998-09-11,0.003072124531038,0.0
1998-09-14,0.0374285183365864,0.0
1998-09-15,0.0045354156591365,0.0
1998-09-16,0.0084337967713246,0.0
1998-09-17,0.0562717345566431,0.0
1998-09-18,0.0171780809443415,0.0
1998-09-21,0.0360122378740755,0.0
1998-09-22,0.0015932966987959,0.0
1998-09-23,0.0223880393756639,0.0
1998-09-24,0.0125352739456945,0.0
1998-09-25,0.0210834907027657,0.0
1998-09-28,0.0081374904399592,0.0
1998-09-29,0.0001767404199186,0.0
1998-09-30,0.0425772335580026,0.0
1998-10-01,0.0513072652273544,0.0
1998-10-02,0.0003718462910001,0.0
1998-10-05,0.0196881942774784,0.0
1998-10-06,0.0512147947374506,0.0
1998-10-07,0.012444492258052,0.0
1998-10-08,0.0454775302630212,0.0
1998-10-09,0.043930007284002,0.0
1998-10-12,0.0536359724761419,0.0
1998-10-13,0.0047476779337492,0.0
1998-10-14,0.0247576805684984,0.0
1998-10-15,0.0003629083062348,0.0
1998-10-16,0.0082460784682567,0.0
1998-10-19,0.0015474289535679,0.0
1998-10-20,0.0282166670395687,0.0
1998-10-21,0.014925345898421,0.0
1998-10-22,0.0057887004739212,0.0
1998-10-23,0.0079710437431643,0.0
1998-10-26,0.0162850352171093,0.0
1998-10-27,0.0289353593956982,0.0
1998-10-28,0.016226097636987,0.0
1998-10-29,0.0029153302124446,0.0
1998-10-30,0.0112755893984432,0.0
1998-11-02,0.013160561725776,0.0
1998-11-03,0.0039254416095117,0.0
1998-11-04,0.0276635109834088,0.0
1998-11-05,0.0241703726817084,0.0
1998-11-06,0.0021016705527809,0.0
1998-11-09,0.0009227314688541,0.0
1998-11-10,0.0113829381402944,0.0
1998-11-12,0.0043603322294644,0.0
1998-11-13,0.0005616037334111,0.0
1998-11-16,0.0165982242170391,0.0
1998-11-17,0.0056150914982831,0.0
1998-11-18,0.0030301729537487,0.0
1998-11-19,0.0257581288894287,0.0
1998-11-20,0.0255531455754498,0.0
1998-11-23,0.0112729313024988,0.0
1998-11-24,0.0016733944979324,0.0
1998-11-25,0.0027207471162452,0.0
1998-11-26,0.0169190926942106,0.0
1998-11-27,0.0090028059363083,0.0
1998-11-30,0.0276013531687175,0.0
1998-12-01,0.0411756411223254,0.0
1998-12-02,0.0104740304877824,0.0
1998-12-03,0.0178565051395815,0.0
1998-12-04,0.0061495676879782,0.0
1998-12-07,0.0086899902653505,0.0
1998-12-08,0.0015418190451345,0.0
1998-12-09,0.0019103683682473,0.0
1998-12-10,0.0068195925364002,0.0
1998-12-11,0.0137775371138013,0.0
1998-12-14,0.0088301668945152,0.0
1998-12-15,0.0028758618725452,0.0
1998-12-16,0.0091340319693043,0.0
1998-12-17,0.0117180751045152,0.0
1998-12-18,0.0159292775430829,0.0
1998-12-21,0.029759516700166,0.0
1998-12-22,0.0044754343802267,0.0
1998-12-23,0.013506170400511,0.0
1998-12-28,0.0001756307597896,0.0
1998-12-29,0.0046366739123941,0.0
1998-12-30,0.0131636810219238,0.0
1999-01-04,0.0506501429569285,0.0
1999-01-05,0.0127644281060342,0.0
1999-01-06,0.0221394332441006,0.0
1999-01-07,0.0150492499485222,0.0
1999-01-08,0.0034803819121479,0.0
1999-01-11,0.0103039556889079,0.0
1999-01-12,0.024379042233673,0.0
1999-01-13,0.0352370051819053,0.0
1999-01-14,0.0096383722424375,0.0
1999-01-15,0.0143447396522057,0.0
1999-01-18,0.0236092687559053,0.0
1999-01-19,0.0086336685741232,0.0
1999-01-20,0.0178236192612584,0.0
1999-01-21,0.008624168966192,0.0
1999-01-22,0.0329636541520793,0.0
1999-01-25,0.0077991630187891,0.0
1999-01-26,0.0050430489914475,0.0
1999-01-27,0.0065660219746231,0.0
1999-01-28,0.0244824566751927,0.0
1999-01-29,0.012336444577194,0.0
1999-02-01,0.0121838404256877,0.0
1999-02-02,0.0141213624883778,0.0
1999-02-03,0.0129810460250988,0.0
1999-02-04,0.0051266881094231,0.0
1999-02-05,0.0048396475456987,0.0
1999-02-08,0.00161907177511,0.0
1999-02-09,0.0282056874684791,0.0
1999-02-10,0.0090941296395238,0.0
1999-02-11,0.0174410667253283,0.0
1999-02-12,0.0029461283082451,0.0
1999-02-15,0.0011888018716677,0.0
1999-02-16,0.0031708944774474,0.0
1999-02-17,0.0166293101469691,0.0
1999-02-18,0.0134383566090667,0.0
1999-02-19,0.0222949983053294,0.0
1999-02-22,0.0085290858270687,0.0
1999-02-23,0.0100529355722636,0.0
1999-02-24,0.001365528281698,0.0
1999-02-25,0.0146161422941254,0.0
1999-02-26,0.0144615017254192,0.0
1999-03-01,0.0149885803169807,0.0
1999-03-02,0.0041035797459585,0.0
1999-03-03,0.011044724597063,0.0
1999-03-04,0.0207196055808765,0.0
1999-03-05,0.0245423261467891,0.0
1999-03-08,0.0032490123782765,0.0
1999-03-09,0.0038797688521296,0.0
1999-03-10,0.0006032734543574,0.0
1999-03-11,0.0052882941159865,0.0
1999-03-12,0.0022370243657957,0.0
1999-03-15,0.0024139129199339,0.0
1999-03-16,0.0002938505294851,0.0
1999-03-17,0.0039108782114847,0.0
1999-03-18,0.0042390938892787,0.0
1999-03-19,0.0160728792813174,0.0
1999-03-22,0.0053678689409108,0.0
1999-03-23,0.0284172232998384,0.0
1999-03-24,0.0052374235773624,0.0
1999-03-25,0.0192436007752617,0.0
1999-03-26,0.0051618987892481,0.0
1999-03-29,0.0091760930101555,0.0
1999-03-30,0.0028135125934905,0.0
1999-03-31,0.0134056783724365,0.0
1999-04-01,0.0075869464904164,0.0
1999-04-06,0.0174897817433457,0.0
1999-04-07,0.0031452683767268,0.0
1999-04-08,0.0029276322214486,0.0
1999-04-09,0.0074627761089962,0.0
1999-04-12,0.0018674026699763,0.0
1999-04-13,0.002845581531202,0.0
1999-04-14,0.0041645300372713,0.0
1999-04-15,0.0089192451106404,0.0
1999-04-16,0.0022597521417693,0.0
1999-04-19,0.018071327877853,0.0
1999-04-20,0.0292098889762439,0.0
1999-04-21,0.0089715430880655,0.0
1999-04-22,5.825163410554135e-05,0.0
1999-04-23,0.00687843674269,0.0
1999-04-26,0.0051410346878116,0.0
1999-04-27,0.0245582584218318,0.0
1999-04-28,0.0037007638609248,0.0
1999-04-29,0.0007249775736956,0.0
1999-04-30,0.0077067204618819,0.0
1999-05-03,0.0084740428686017,0.0
1999-05-04,0.0009660739064437,0.0
1999-05-05,0.0159835633120219,0.0
1999-05-06,0.0080285550264838,0.0
1999-05-07,0.0101314069507125,0.0
1999-05-10,0.0133362582662103,0.0
1999-05-11,0.0006508073957784,0.0
1999-05-12,0.0011051547766404,0.0
1999-05-13,0.0139307104792362,0.0
1999-05-14,0.021065506530885,0.0
1999-05-17,0.0174720753507737,0.0
1999-05-18,0.014903961054538,0.0
1999-05-19,0.0145410465597684,0.0
1999-05-20,0.0104572308945609,0.0
1999-05-21,0.0053923408407241,0.0
1999-05-25,0.0055518492832754,0.0
1999-05-26,0.0006629116055983,0.0
1999-05-27,0.01154546686093,0.0
1999-05-28,0.0026384158691878,0.0
1999-05-31,0.0083657583057053,0.0
1999-06-01,0.0086786891009263,0.0
1999-06-02,0.0003824073864467,0.0
1999-06-03,0.009038310450511,0.0
1999-06-04,0.0023612589549869,0.0
1999-06-07,0.0137146348839284,0.0
1999-06-08,0.0007580372253371,0.0
1999-06-09,0.0033545011186075,0.0
1999-06-10,0.009405525104648,0.0
1999-06-11,0.0011041276241937,0.0
1999-06-14,0.0030691057375248,0.0
1999-06-15,0.0104180847411335,0.0
1999-06-16,0.0142857087815566,0.0
1999-06-17,0.0060107982240384,0.0
1999-06-18,0.0068057105875229,0.0
1999-06-21,0.0012173910714534,0.0
1999-06-22,0.0015522856535246,0.0
1999-06-23,0.0125016610082133,0.0
1999-06-24,0.0106440858117745,0.0
1999-06-25,0.0039136030852519,0.0
1999-06-28,0.0108848609087597,0.0
1999-06-29,0.0086074428582305,0.0
1999-06-30,0.0072518437208599,0.0
1999-07-01,0.0158872657027308,0.0
1999-07-02,0.0024724266486827,0.0
1999-07-05,0.0165630960349229,0.0
1999-07-06,0.0011352247614082,0.0
1999-07-07,0.0064800889607803,0.0
1999-07-08,0.0066866081379678,0.0
1999-07-09,0.0035995873276481,0.0
1999-07-12,0.0031040919700882,0.0
1999-07-13,0.0146119908863081,0.0
1999-07-15,0.0153388680617843,0.0
1999-07-16,0.0019050520002869,0.0
1999-07-19,0.0082022722496426,0.0
1999-07-20,0.0153683574370895,0.0
1999-07-21,0.0103961647569358,0.0
1999-07-22,0.0026026938796842,0.0
1999-07-23,0.0110011229960388,0.0
1999-07-26,0.0100811679258421,0.0
1999-07-27,0.0068487815358304,0.0
1999-07-28,0.0005849561879783,0.0
1999-07-29,0.0280060708549868,0.0
1999-07-30,0.0174166812411179,0.0
1999-08-02,0.0009566153249386,0.0
1999-08-03,0.0052951281283516,0.0
1999-08-04,0.0065775996817374,0.0
1999-08-05,0.0199612076801141,0.0
1999-08-06,0.0040310481445131,0.0
1999-08-09,0.0162651246197481,0.0
1999-08-10,0.0111381831801002,0.0
1999-08-11,0.005543651805588,0.0
1999-08-12,0.0224014752871108,0.0
1999-08-13,0.0155957927470129,0.0
1999-08-16,0.0055032485425352,0.0
1999-08-17,0.0046987836074238,0.0
1999-08-18,0.0001094394108979,0.0
1999-08-19,0.0158325987987222,0.0
1999-08-20,0.01421053276403,0.0
1999-08-23,0.0034266129816535,0.0
1999-08-24,0.0117527435563033,0.0
1999-08-25,0.0193754509623175,0.0
1999-08-26,3.027168627703828e-05,0.0
1999-08-27,0.0028774240173967,0.0
1999-08-30,0.0031676893255383,0.0
1999-08-31,0.014755806576009,0.0
1999-09-01,0.0095764762619734,0.0
1999-09-02,0.0180274842072776,0.0
1999-09-03,0.0264073488156135,0.0
1999-09-06,0.0009271709406245,0.0
1999-09-07,0.0025438983774337,0.0
1999-09-08,0.0001452239931366,0.0
1999-09-09,0.0078336093146817,0.0
1999-09-10,0.0059305585235392,0.0
1999-09-13,0.0060662640925563,0.0
1999-09-14,0.0041192534266463,0.0
1999-09-15,0.0075582296274567,0.0
1999-09-16,0.00461598319005,0.0
1999-09-17,0.0008120781204503,0.0
1999-09-20,0.0077579256498953,0.0
1999-09-21,0.0145395873184644,0.0
1999-09-22,0.0097615006956487,0.0
1999-09-23,0.0072241159593451,0.0
1999-09-24,0.0132072338658121,0.0
1999-09-27,0.0121982715562075,0.0
1999-09-28,0.0115268625772538,0.0
1999-09-29,0.0019473172251179,0.0
1999-09-30,0.0123465861926262,0.0
1999-10-01,0.0089368661907627,0.0
1999-10-04,0.011507993086338,0.0
1999-10-05,0.0124974285708883,0.0
1999-10-06,0.0065414158875856,0.0
1999-10-07,0.0107144671451874,0.0
1999-10-08,0.0042961143505205,0.0
1999-10-11,8.892617819863168e-05,0.0
1999-10-12,0.0136044750197006,0.0
1999-10-13,0.0120264046338599,0.0
1999-10-14,0.0041844630216734,0.0
1999-10-15,0.0130018601823959,0.0
1999-10-18,0.0064570118020621,0.0
1999-10-19,0.0211091072811432,0.0
1999-10-20,0.0029163665655065,0.0
1999-10-21,0.0053506597040699,0.0
1999-10-22,0.0162521086903885,0.0
1999-10-25,0.0018230339881056,0.0
1999-10-26,0.0079587829208628,0.0
1999-10-27,0.002454900483227,0.0
1999-10-28,0.0113453535669185,0.0
1999-10-29,0.0290560048429385,0.0
1999-11-02,0.0020230436229386,0.0
1999-11-03,0.0039362552785567,0.0
1999-11-04,0.0052527992417443,0.0
1999-11-05,0.0064840619618575,0.0
1999-11-08,0.0037851297585868,0.0
1999-11-09,0.0005584361431602,0.0
1999-11-10,0.0108007642993544,0.0
1999-11-11,0.0157604809721258,0.0
1999-11-12,0.0018357147387557,0.0
1999-11-15,0.0070971995435119,0.0
1999-11-16,0.0024842735025908,0.0
1999-11-17,0.0024649428386173,0.0
1999-11-18,0.0130655041625918,0.0
1999-11-19,0.003216103588787,0.0
1999-11-22,0.0221443909089537,0.0
1999-11-23,0.0009533516395581,0.0
1999-11-24,0.0070603432111576,0.0
1999-11-25,0.0309682354516115,0.0
1999-11-26,0.0082589917702485,0.0
1999-11-29,0.0042856423536406,0.0
1999-11-30,0.0060267921373246,0.0
1999-12-01,0.007421450966212,0.0
1999-12-02,0.0050710296448346,0.0
1999-12-03,0.0210426062012754,0.0
1999-12-06,0.0076371902834906,0.0
1999-12-07,0.0044437748462189,0.0
1999-12-08,0.0085994432731636,0.0
1999-12-09,0.0111457202428339,0.0
1999-12-10,0.0122434407513278,0.0
1999-12-13,0.0099229938758179,0.0
1999-12-14,0.0051729582706551,0.0
1999-12-15,0.0061904785021235,0.0
1999-12-16,0.0018121072070984,0.0
1999-12-17,0.0068390664638031,0.0
1999-12-20,0.0033945593194159,0.0
1999-12-21,0.0014715140224504,0.0
1999-12-22,0.0165107655917109,0.0
1999-12-23,0.0193899402285304,0.0
1999-12-24,0.0209177982728935,0.0
1999-12-27,0.003085453137719,0.0
1999-12-28,0.0012674365795936,0.0
1999-12-29,0.0018294179648314,0.0
1999-12-30,0.0204430840149576,0.0
2000-01-03,0.0068964194135336,0.0
2000-01-04,0.042346794471735,0.0
2000-01-05,0.0344949281813784,0.0
2000-01-06,0.0054146237065539,0.0
2000-01-07,0.0162883096168693,0.0
2000-01-10,0.0190445278568869,0.0
2000-01-11,0.0057229565716833,0.0
2000-01-12,0.0056089430421013,0.0
2000-01-13,0.0090481019498714,0.0
2000-01-14,0.0270052353816443,0.0
2000-01-17,0.0095166321377962,0.0
2000-01-18,0.0294973751459921,0.0
2000-01-19,0.0041493406003652,0.0
2000-01-20,0.0106135710737425,0.0
2000-01-21,0.004989960369217,0.0
2000-01-24,0.0016777858884683,0.0
2000-01-25,0.0165412855573515,0.0
2000-01-26,0.0086839048960836,0.0
2000-01-27,0.0074162664408059,0.0
2000-01-28,0.0074784851050665,0.0
2000-01-31,0.0125083928330792,0.0
2000-02-01,0.0198742792693608,0.0
2000-02-02,0.0295987138069533,0.0
2000-02-03,0.0335350829622725,0.0
2000-02-04,0.0202898445673376,0.0
2000-02-07,0.0115616963485653,0.0
2000-02-08,0.0150516032831747,0.0
2000-02-09,0.0041466395648394,0.0
2000-02-10,0.0102700576249834,0.0
2000-02-11,0.0127240992537947,0.0
2000-02-14,0.002977214588887,0.0
2000-02-15,0.0284285233496949,0.0
2000-02-16,0.0076382685502559,0.0
2000-02-17,0.0178166982719959,0.0
2000-02-18,0.015099674785478,0.0
2000-02-21,0.0158674035136475,0.0
2000-02-22,0.000665470318063,0.0
2000-02-23,0.011328580235034,0.0
2000-02-24,0.0078496965004552,0.0
2000-02-25,0.0179113928347748,0.0
2000-02-28,0.0139791665945252,0.0
2000-02-29,0.0143539483689935,0.0
2000-03-01,0.0105019675185415,0.0
2000-03-02,0.0347501975661213,0.0
2000-03-03,0.0056282501294058,0.0
2000-03-06,0.0048805453607463,0.0
2000-03-07,0.0160353366862936,0.0
2000-03-08,0.0151533742201108,0.0
2000-03-09,0.0122898634267226,0.0
2000-03-10,0.0134301627375458,0.0
2000-03-13,0.0269879812643755,0.0
2000-03-14,0.0021154930908173,0.0
2000-03-15,0.025746126250727,0.0
2000-03-16,0.0111814803039175,0.0
2000-03-17,0.0072834348066607,0.0
2000-03-20,0.00762123976564,0.0
2000-03-21,0.0049930980471061,0.0
2000-03-22,0.0065999524677113,0.0
2000-03-23,0.0017501328040265,0.0
2000-03-24,0.0151911374419279,0.0
2000-03-27,0.0135139925867633,0.0
2000-03-28,0.0113217176149136,0.0
2000-03-29,0.0028887421915669,0.0
2000-03-30,0.0299040418212284,0.0
2000-03-31,0.004407992354577,0.0
2000-04-03,0.0250940636156878,0.0
2000-04-04,0.0148429479689561,0.0
2000-04-05,0.0301844944623764,0.0
2000-04-06,0.0305187520288309,0.0
2000-04-07,0.0134090130506899,0.0
2000-04-10,0.0089734891966567,0.0
2000-04-11,0.0163915216520554,0.0
2000-04-12,0.0036351253216708,0.0
2000-04-13,0.0041013520388564,0.0
2000-04-14,0.0322216164567385,0.0
2000-04-17,0.0008526827647855,0.0
2000-04-18,0.0142368139965732,0.0
2000-04-19,0.0030891975422867,0.0
2000-04-20,0.0109750268315171,0.0
2000-04-25,0.0136651495245624,0.0
2000-04-26,0.011105328330815,0.0
2000-04-27,0.0226314444597351,0.0
2000-04-28,0.0271355532762637,0.0
2000-05-02,0.0219834008380193,0.0
2000-05-03,0.0195051064741766,0.0
2000-05-04,0.0086778047888263,0.0
2000-05-05,0.008286840327389,0.0
2000-05-08,0.0047993066948521,0.0
2000-05-09,0.0224799475392688,0.0
2000-05-10,0.0168246575498549,0.0
2000-05-11,0.0184748907511839,0.0
2000-05-12,0.0107784941793215,0.0
2000-05-15,0.0088774982087036,0.0
2000-05-16,0.0255032278545876,0.0
2000-05-17,0.0160398217911917,0.0
2000-05-18,0.0001673131610232,0.0
2000-05-19,0.0404735831077088,0.0
2000-05-22,0.0165793970761365,0.0
2000-05-23,0.0088853539438711,0.0
2000-05-24,0.0199519350213244,0.0
2000-05-25,0.0168733264053287,0.0
2000-05-26,8.324689004987183e-05,0.0
2000-05-29,0.0123202883135591,0.0
2000-05-30,0.019211188623494,0.0
2000-05-31,0.015805145011299,0.0
2000-06-01,0.0266330187218503,0.0
2000-06-02,0.0111217570281495,0.0
2000-06-05,0.0025897297376332,0.0
2000-06-06,0.0100392805412548,0.0
2000-06-07,0.0139470684640115,0.0
2000-06-08,0.0038642110457847,0.0
2000-06-09,0.0038843790518505,0.0
2000-06-13,0.0024782305415226,0.0
2000-06-14,0.0114544434587303,0.0
2000-06-15,0.0144990782751324,0.0
2000-06-16,0.008746939309844,0.0
2000-06-19,0.0075455656762599,0.0
2000-06-20,0.007620168652924,0.0
2000-06-21,0.0098363098118824,0.0
2000-06-22,0.0024495344901312,0.0
2000-06-23,0.0108248322913055,0.0
2000-06-26,0.0062307364815815,0.0
2000-06-27,0.0027625742009838,0.0
2000-06-28,0.0060519259517136,0.0
2000-06-29,0.0318488973241422,0.0
2000-06-30,0.0071174791303364,0.0
2000-07-03,0.0095608797402759,0.0
2000-07-04,0.0021071979191274,0.0
2000-07-05,0.0049500232946973,0.0
2000-07-06,0.0013517387253559,0.0
2000-07-07,0.0172048041705312,0.0
2000-07-10,0.0120353778310946,0.0
2000-07-11,0.0004515684630923,0.0
2000-07-12,0.0070868746030643,0.0
2000-07-13,0.0051652566744487,0.0
2000-07-17,0.0074134657719236,0.0
2000-07-18,0.0159454626923153,0.0
2000-07-19,0.0029870427527447,0.0
2000-07-20,0.0105155709452088,0.0
2000-07-21,0.0152982324477317,0.0
2000-07-24,0.0059305528086629,0.0
2000-07-25,0.0059630343132816,0.0
2000-07-26,0.0044902514991363,0.0
2000-07-27,0.0028497451276559,0.0
2000-07-28,0.0148231564527569,0.0
2000-07-31,0.0195666005755518,0.0
2000-08-01,0.0015602858585058,0.0
2000-08-02,0.0003643923386946,0.0
2000-08-03,0.0271622672870958,0.0
2000-08-04,0.0166073721111582,0.0
2000-08-07,0.0088888424223939,0.0
2000-08-08,0.0020533927297296,0.0
2000-08-09,0.0057607315801124,0.0
2000-08-10,0.0011635270462925,0.0
2000-08-11,0.0014547690322463,0.0
2000-08-14,0.0085638454374986,0.0
2000-08-15,0.0041144648530904,0.0
2000-08-16,0.0071273208827019,0.0
2000-08-17,0.007318704901352,0.0
2000-08-18,0.0061966497230338,0.0
2000-08-21,0.0034513553006722,0.0
2000-08-22,0.0088527009360085,0.0
2000-08-23,0.0018454691614556,0.0
2000-08-24,0.0061356492214811,0.0
2000-08-25,0.020400382615713,0.0
2000-08-28,0.0030143793441441,0.0
2000-08-29,0.0028636445204443,0.0
2000-08-30,9.494329794658149e-05,0.0
2000-08-31,0.0013876574673555,0.0
2000-09-01,0.0280156893578737,0.0
2000-09-04,0.0158229857899407,0.0
2000-09-05,0.0095174366664452,0.0
2000-09-06,0.0087845451280225,0.0
2000-09-07,0.005527008567734,0.0
2000-09-08,0.0193685833852997,0.0
2000-09-11,0.0042382055330965,0.0
2000-09-12,0.0034084178056852,0.0
2000-09-13,0.019434195841633,0.0
2000-09-14,0.0104522891799342,0.0
2000-09-15,0.0035103070936188,0.0
2000-09-18,0.0140475493116564,0.0
2000-09-19,0.001159994162508,0.0
2000-09-20,0.0192532206129242,0.0
2000-09-21,0.0238017198066155,0.0
2000-09-22,0.0006089590208468,0.0
2000-09-25,0.0123384767452097,0.0
2000-09-26,0.0066854707533449,0.0
2000-09-27,0.004079645144973,0.0
2000-09-28,0.0013871237865487,0.0
2000-09-29,0.0070601507664356,0.0
2000-10-02,0.0130964462296665,0.0
2000-10-03,0.0080300454563512,0.0
2000-10-04,0.0164300627528159,0.0
2000-10-05,0.0061736341555458,0.0
2000-10-06,0.0121825902690034,0.0
2000-10-09,0.0239895815140756,0.0
2000-10-10,0.0054254225778883,0.0
2000-10-11,0.0309427432260532,0.0
2000-10-12,0.0057890172938273,0.0
2000-10-13,0.0121959725678876,0.0
2000-10-16,0.0039219253504799,0.0
2000-10-17,0.0034372407814065,0.0
2000-10-18,0.0216260341433665,0.0
2000-10-19,0.0215156101594226,0.0
2000-10-20,0.013582478742666,0.0
2000-10-23,0.0053358040727487,0.0
2000-10-24,0.0226140270389239,0.0
2000-10-25,0.0072753282476458,0.0
2000-10-26,0.0111290914497414,0.0
2000-10-27,0.0096992915664663,0.0
2000-10-30,0.0044421812305042,0.0
2000-10-31,0.0158844274866261,0.0
2000-11-01,0.0017787006147711,0.0
2000-11-02,0.0013645876988736,0.0
2000-11-03,0.000217221930747,0.0
2000-11-06,0.0073216704138428,0.0
2000-11-07,0.0053114846822067,0.0
2000-11-08,0.0078666727438751,0.0
2000-11-09,0.0102926201085864,0.0
2000-11-10,0.0199158287778617,0.0
2000-11-13,0.0180157962983771,0.0
2000-11-14,0.030702746285518,0.0
2000-11-15,0.0121012425388239,0.0
2000-11-16,0.0029749668015457,0.0
2000-11-17,0.0194687276653829,0.0
2000-11-20,0.0230038408108774,0.0
2000-11-21,0.0097878844742927,0.0
2000-11-22,0.0226723491263724,0.0
2000-11-23,0.0180605324837218,0.0
2000-11-24,0.0151838669537187,0.0
2000-11-27,0.0041698879161062,0.0
2000-11-28,0.0166842551146662,0.0
2000-11-29,0.0014130924475403,0.0
2000-11-30,0.022116642583929,0.0
2000-12-01,7.083355780652863e-05,0.0
2000-12-04,0.0233782183275433,0.0
2000-12-05,0.0345144509047225,0.0
2000-12-06,0.0016109848777679,0.0
2000-12-07,9.194589459698334e-05,0.0
2000-12-08,0.007609912610038,0.0
2000-12-11,0.0230613125713276,0.0
2000-12-12,0.0049844854798693,0.0
2000-12-13,0.0142168041821992,0.0
2000-12-14,0.0095451387581061,0.0
2000-12-15,0.0112574699580511,0.0
2000-12-18,0.0081777673324108,0.0
2000-12-19,0.0120493640339915,0.0
2000-12-20,0.0328485715425844,0.0
2000-12-21,0.0012806495661188,0.0
2000-12-22,0.0042988563304746,0.0
2000-12-27,0.0126143205954077,0.0
2000-12-28,0.0107746911184329,0.0
2000-12-29,0.0009824959656202,0.0
2001-01-02,0.021752080018836,0.0
2001-01-03,0.020004255095907,0.0
2001-01-04,0.0229470886765927,0.0
2001-01-05,0.0100173921291169,0.0
2001-01-08,0.0043896355049847,0.0
2001-01-09,0.0122167061555147,0.0
2001-01-10,0.0017390202651751,0.0
2001-01-11,0.0087054304902788,0.0
2001-01-12,0.0228073844512632,0.0
2001-01-15,0.0001645498798673,0.0
2001-01-16,0.0123692224580565,0.0
2001-01-17,0.0210247221025762,0.0
2001-01-18,0.0040751381512123,0.0
2001-01-19,0.0024654567781125,0.0
2001-01-22,0.0063145228412435,0.0
2001-01-23,0.0073414401465677,0.0
2001-01-24,0.0103219973870998,0.0
2001-01-25,0.0058065818512387,0.0
2001-01-26,0.0015277961151496,0.0
2001-01-29,0.0063859616725168,0.0
2001-01-30,0.0049555165529924,0.0
2001-01-31,0.0136529124065823,0.0
2001-02-01,0.0166028813860222,0.0
2001-02-02,0.0125107435297913,0.0
2001-02-05,0.0004944064193484,0.0
2001-02-06,0.004943528043338,0.0
2001-02-07,0.0172713234174287,0.0
2001-02-08,0.0036995641623409,0.0
2001-02-09,0.0106393230859242,0.0
2001-02-12,0.008214965136075,0.0
2001-02-13,0.0035570203950473,0.0
2001-02-14,0.0166563881284215,0.0
2001-02-15,0.0106267774444297,0.0
2001-02-16,0.0193640028038674,0.0
2001-02-19,0.0018568868187874,0.0
2001-02-20,0.0064687515657981,0.0
2001-02-21,0.0134936952009983,0.0
2001-02-22,0.0040066745324477,0.0
2001-02-23,0.0240635813162556,0.0
2001-02-26,0.0171843993907861,0.0
2001-02-27,0.004175802725033,0.0
2001-02-28,0.0130086472666532,0.0
2001-03-01,0.0048819924260847,0.0
2001-03-02,0.0092954143520807,0.0
2001-03-05,0.0144289080213296,0.0
2001-03-06,0.0163404355244816,0.0
2001-03-07,0.0048259827214863,0.0
2001-03-08,0.0082437047593754,0.0
2001-03-09,0.0129115270163643,0.0
2001-03-12,0.0238418185939615,0.0
2001-03-13,0.01064893512334,0.0
2001-03-14,0.0138553086547953,0.0
2001-03-15,0.0120781005964199,0.0
2001-03-16,0.0141778463742825,0.0
2001-03-19,0.011064404085974,0.0
2001-03-20,0.0176307314832381,0.0
2001-03-21,0.0225631172853593,0.0
2001-03-22,0.0404052187080142,0.0
2001-03-23,0.0258424177245967,0.0
2001-03-26,0.0344756520740304,0.0
2001-03-27,0.0213900078262656,0.0
2001-03-28,0.0164012291225966,0.0
2001-03-29,0.001453141839529,0.0
2001-03-30,0.0043585804821888,0.0
2001-04-02,0.0057800155043995,0.0
2001-04-03,0.0404343856866344,0.0
2001-04-04,0.0134621002831045,0.0
2001-04-05,0.0169577892495943,0.0
2001-04-06,0.0036608320955709,0.0
2001-04-09,0.0084298761743913,0.0
2001-04-10,0.0281554509056612,0.0
2001-04-11,0.0056673649182469,0.0
2001-04-12,0.0020830874078658,0.0
2001-04-17,0.0059232763713148,0.0
2001-04-18,0.030262163427261,0.0
2001-04-19,0.0045571271386553,0.0
2001-04-20,0.0056197176140327,0.0
2001-04-23,0.0096790036243573,0.0
2001-04-24,0.0050973890605716,0.0
2001-04-25,0.0030631335764891,0.0
2001-04-26,0.0135710173959821,0.0
2001-04-27,0.0170455907662561,0.0
2001-04-30,0.0114230147789159,0.0
2001-05-02,0.0119719593489065,0.0
2001-05-03,0.0210054037320899,0.0
2001-05-04,0.0002785801379999,0.0
2001-05-07,0.0078455653368725,0.0
2001-05-08,0.0033426093468749,0.0
2001-05-09,0.0045145093497961,0.0
2001-05-10,0.0206124286829491,0.0
2001-05-11,0.0070182816663704,0.0
2001-05-14,0.0143883078198831,0.0
2001-05-15,0.0102267813851657,0.0
2001-05-16,0.0038746394302317,0.0
2001-05-17,0.0125881683783594,0.0
2001-05-18,0.0081187834443261,0.0
2001-05-21,0.0024445472079291,0.0
2001-05-22,0.0073033929738674,0.0
2001-05-23,0.0110790279635476,0.0
2001-05-24,0.0045591468596644,0.0
2001-05-25,0.013263684995483,0.0
2001-05-28,0.004358125733759,0.0
2001-05-29,0.0114903338053888,0.0
2001-05-30,0.0178404846199157,0.0
2001-05-31,0.0018204268584861,0.0
2001-06-01,0.0039460284440448,0.0
2001-06-05,0.0152638293405023,0.0
2001-06-06,0.0035921614507991,0.0
2001-06-07,0.0078722906154329,0.0
2001-06-08,0.0024712332698132,0.0
2001-06-11,0.003952698022919,0.0
2001-06-12,0.0198564215291854,0.0
2001-06-13,0.0078177077121864,0.0
2001-06-14,0.0106210092934044,0.0
2001-06-15,0.0100997797389709,0.0
2001-06-18,0.0160632246258338,0.0
2001-06-19,0.0075543877101375,0.0
2001-06-20,0.0055776807417094,0.0
2001-06-21,0.0068934639776628,0.0
2001-06-22,0.0094392416011921,0.0
2001-06-25,0.0057304507914837,0.0
2001-06-26,0.0238225004265236,0.0
2001-06-27,0.0065054035650414,0.0
2001-06-28,0.0148835556897541,0.0
2001-06-29,0.0177185816677925,0.0
2001-07-02,0.0135301001386202,0.0
2001-07-03,0.0172785633638596,0.0
2001-07-04,0.0059050685127057,0.0
2001-07-05,0.0099622154383123,0.0
2001-07-06,0.0245923446320366,0.0
2001-07-09,0.0055871309639048,0.0
2001-07-10,0.0107933166503689,0.0
2001-07-11,0.0118770107773968,0.0
2001-07-12,0.0094673606353937,0.0
2001-07-13,0.0127792195725188,0.0
2001-07-16,0.0004937238854274,0.0
2001-07-17,0.008842853544315,0.0
2001-07-18,0.0225562249442419,0.0
2001-07-19,0.0128376618964222,0.0
2001-07-20,0.0101294279422304,0.0
2001-07-23,0.0063761959436659,0.0
2001-07-24,0.0115321900084771,0.0
2001-07-25,0.0171220601192779,0.0
2001-07-26,0.0143420275236011,0.0
2001-07-27,0.0254935497663647,0.0
2001-07-30,0.0133110637054309,0.0
2001-07-31,0.0102379943400267,0.0
2001-08-01,0.0051132959897134,0.0
2001-08-02,0.0044861357867447,0.0
2001-08-03,0.0113460133451075,0.0
2001-08-06,0.006924478732776,0.0
2001-08-07,0.002891891838679,0.0
2001-08-08,0.013028897839638,0.0
2001-08-09,0.019835554455806,0.0
2001-08-10,0.0086868012949249,0.0
2001-08-13,0.0152219325014823,0.0
2001-08-14,0.0085581987190559,0.0
2001-08-15,0.0057939033788274,0.0
2001-08-16,0.0104619963324601,0.0
2001-08-17,0.0217917746331599,0.0
2001-08-20,0.0029387317703359,0.0
2001-08-21,0.0090253233237635,0.0
2001-08-22,0.0047123454692582,0.0
2001-08-23,0.0005487914217318,0.0
2001-08-24,0.022015982274225,0.0
2001-08-27,0.0021929627309826,0.0
2001-08-28,0.0185305367593016,0.0
2001-08-29,0.0039727947539165,0.0
2001-08-30,0.0274728070753723,0.0
2001-08-31,0.0030937847844641,0.0
2001-09-03,0.0127781858536337,0.0
2001-09-04,0.0094973245037135,0.0
2001-09-05,0.0221564367904795,0.0
2001-09-06,0.0200640730185845,0.0
2001-09-07,0.0151202049825178,0.0
2001-09-10,0.0067679433647644,0.0
2001-09-12,0.0133375357374923,0.0
2001-09-13,9.471129973409176e-05,0.0
2001-09-14,0.0509572915914364,0.0
2001-09-17,0.0267449732597802,0.0
2001-09-18,0.0113404849657196,0.0
2001-09-19,0.0206773785554929,0.0
2001-09-20,0.0395351942676582,0.0
2001-09-21,0.023085651608058,0.0
2001-09-24,0.0554622188732518,0.0
2001-09-25,0.0107316695608408,0.0
2001-09-26,0.0184509994145044,0.0
2001-09-27,0.0094383185852407,0.0
2001-09-28,0.0162603697680909,0.0
2001-10-01,0.018420542240377,0.0
2001-10-02,0.0099612448257279,0.0
2001-10-03,0.0050589127553111,0.0
2001-10-04,0.0417454203020106,0.0
2001-10-05,0.007425383772651,0.0
2001-10-08,0.0017872674460982,0.0
2001-10-09,0.0011402926567228,0.0
2001-10-10,0.0335256915707197,0.0
2001-10-11,0.0026127678468611,0.0
2001-10-12,0.0014305543997712,0.0
2001-10-15,0.0287641737003944,0.0
2001-10-16,0.022196554246673,0.0
2001-10-17,0.0236294322520462,0.0
2001-10-18,0.0167828582927797,0.0
2001-10-19,0.0170177017161701,0.0
2001-10-22,0.017755126624569,0.0
2001-10-23,0.0260260406422554,0.0
2001-10-24,0.0068418867203053,0.0
2001-10-25,0.0243446502434996,0.0
2001-10-26,0.0226223448353526,0.0
2001-10-29,0.0215289394980692,0.0
2001-10-30,0.0304151915793321,0.0
2001-10-31,0.0207985091229877,0.0
2001-11-01,0.0058909736145771,0.0
2001-11-02,0.0005631559775628,0.0
2001-11-05,0.0261885884916522,0.0
2001-11-06,0.0052866611587978,0.0
2001-11-07,0.0070531212153325,0.0
2001-11-08,0.0175974740647897,0.0
2001-11-09,0.0129325420508594,0.0
2001-11-12,0.0309780428009044,0.0
2001-11-13,0.0422998856073623,0.0
2001-11-14,0.0020588355844103,0.0
2001-11-15,0.0004785517929973,0.0
2001-11-16,0.0021866848174879,0.0
2001-11-19,0.0158290699907363,0.0
2001-11-20,0.0144740241637586,0.0
2001-11-21,0.0079755705572836,0.0
2001-11-22,0.0093417334349032,0.0
2001-11-23,0.0056640782976999,0.0
2001-11-26,0.0020660403726721,0.0
2001-11-27,0.0173613918833139,0.0
2001-11-28,0.0090289226951439,0.0
2001-11-29,8.32531281086836e-05,0.0
2001-11-30,0.0067676065688815,0.0
2001-12-03,0.0027338611367894,0.0
2001-12-04,0.0145448596083192,0.0
2001-12-05,0.0322202200769702,0.0
2001-12-06,0.0003911706530786,0.0
2001-12-07,0.0078178238226087,0.0
2001-12-10,0.0188390691958892,0.0
2001-12-11,0.0009552016135592,0.0
2001-12-12,0.0091055456733225,0.0
2001-12-13,0.0224235836219291,0.0
2001-12-14,0.0161454126534231,0.0
2001-12-17,0.0328974206018685,0.0
2001-12-18,0.0011309920946328,0.0
2001-12-19,0.0027224309461927,0.0
2001-12-20,0.0092640064241723,0.0
2001-12-21,0.0162717325919199,0.0
2001-12-24,0.0006132916534986,0.0
2001-12-27,0.019588773208454,0.0
2001-12-28,0.0072528234358154,0.0
2002-01-02,0.0095905223349436,0.0
2002-01-03,0.0217594784527067,0.0
2002-01-04,0.0003395654470974,0.0
2002-01-07,0.0144652151645349,0.0
2002-01-08,0.0103337390921166,0.0
2002-01-09,0.0041332043597427,0.0
2002-01-10,0.0157079883787851,0.0
2002-01-11,0.0086371022386958,0.0
2002-01-14,0.0223615769209976,0.0
2002-01-15,0.0143664763918908,0.0
2002-01-16,0.0207790914954132,0.0
2002-01-17,0.0112661223811855,0.0
2002-01-18,0.0060037310432288,0.0
2002-01-21,0.0056466466736205,0.0
2002-01-22,0.0051677829744135,0.0
2002-01-23,0.000919321185173,0.0
2002-01-24,0.0127829697639917,0.0
2002-01-25,0.0052844344269376,0.0
2002-01-28,0.010827973687682,0.0
2002-01-29,0.0126604708818479,0.0
2002-01-30,0.0154966988113912,0.0
2002-01-31,0.012312532350831,0.0
2002-02-01,0.0014152193003002,0.0
2002-02-04,0.0131074650844138,0.0
2002-02-05,0.020629576507259,0.0
2002-02-06,0.0079100112655434,0.0
2002-02-07,0.0050971452423873,0.0
2002-02-08,0.0007888910286893,0.0
2002-02-11,0.0125217439779719,0.0
2002-02-12,0.0035115637110439,0.0
2002-02-13,0.0060902924988955,0.0
2002-02-14,0.0147516051343234,0.0
2002-02-15,0.0118802707379936,0.0
2002-02-18,0.0068661490127336,0.0
2002-02-19,0.0210831063887993,0.0
2002-02-20,0.0040892141961611,0.0
2002-02-21,0.0113134657386084,0.0
2002-02-22,0.009849575436299,0.0
2002-02-25,0.0140903468706847,0.0
2002-02-26,0.0081931278840653,0.0
2002-02-27,0.0191322770927183,0.0
2002-02-28,0.0086142667537154,0.0
2002-03-01,0.0052360413971845,0.0
2002-03-04,0.0266173366017684,0.0
2002-03-05,0.0058096353353631,0.0
2002-03-06,0.0016120028070704,0.0
2002-03-07,0.0061620992453279,0.0
2002-03-08,0.0027277532334809,0.0
2002-03-11,0.0091928831873345,0.0
2002-03-12,0.0079016538339323,0.0
2002-03-13,0.0059243371284416,0.0
2002-03-14,0.0050867305088478,0.0
2002-03-15,0.0090836886497196,0.0
2002-03-18,0.0081353629589711,0.0
2002-03-19,0.0041248365963653,0.0
2002-03-20,0.0088943330228784,0.0
2002-03-21,0.005204864501543,0.0
2002-03-22,0.0047203689077172,0.0
2002-03-25,0.002874879457185,0.0
2002-03-26,0.0086172646052789,0.0
2002-03-27,0.0010527482920099,0.0
2002-03-28,0.013923174375818,0.0
2002-04-02,0.013030277868308,0.0
2002-04-03,0.0010647745848219,0.0
2002-04-04,0.020490110392794,0.0
2002-04-05,0.0049944521038916,0.0
2002-04-08,0.0187364100390354,0.0
2002-04-09,0.0072012517641782,0.0
2002-04-10,0.0128916978530499,0.0
2002-04-11,0.0179156244931132,0.0
2002-04-12,0.0060046218926913,0.0
2002-04-15,0.0076248352906772,0.0
2002-04-16,0.0211517747638908,0.0
2002-04-17,0.0003132717328679,0.0
2002-04-18,0.0018440255190395,0.0
2002-04-19,0.0038258590479858,0.0
2002-04-22,0.0102467787976811,0.0
2002-04-23,0.0006774480509357,0.0
2002-04-24,0.0076012940440383,0.0
2002-04-25,0.0160310298458498,0.0
2002-04-26,0.0006533019162329,0.0
2002-04-29,0.0051106764303973,0.0
2002-04-30,0.0072776469819696,0.0
2002-05-02,0.0092703914415525,0.0
2002-05-03,0.015186365742569,0.0
2002-05-06,0.0028295339984077,0.0
2002-05-07,0.0163583164926882,0.0
2002-05-08,0.0247403245990883,0.0
2002-05-09,0.0039040865703669,0.0
2002-05-10,0.0130831242969548,0.0
2002-05-13,0.0104651361972104,0.0
2002-05-14,0.0162610320587839,0.0
2002-05-15,0.005415766971608,0.0
2002-05-16,0.0010987603667577,0.0
2002-05-17,0.0052574223189784,0.0
2002-05-20,0.0095413253416573,0.0
2002-05-21,0.0003522303352009,0.0
2002-05-22,0.0167123797722779,0.0
2002-05-23,0.0035302336404966,0.0
2002-05-24,0.0009585571361495,0.0
2002-05-27,0.0053528318413461,0.0
2002-05-28,0.0048596548260487,0.0
2002-05-29,0.0010881942702227,0.0
2002-05-30,0.0173849744022996,0.0
2002-05-31,0.0033978646166014,0.0
2002-06-03,0.0111719362869073,0.0
2002-06-04,0.0388978110997432,0.0
2002-06-05,0.003346712644792,0.0
2002-06-06,0.0045661300515675,0.0
2002-06-07,0.0191939461970829,0.0
2002-06-10,0.0011609199566349,0.0
2002-06-11,0.0207597712350089,0.0
2002-06-12,0.0257861045348451,0.0
2002-06-13,0.0119140808892669,0.0
2002-06-14,0.0292980310395826,0.0
2002-06-17,0.0426094954953187,0.0
2002-06-18,0.0013549544896213,0.0
2002-06-19,0.0174677991162092,0.0
2002-06-20,0.0266531410263405,0.0
2002-06-21,0.0085277624209631,0.0
2002-06-24,0.0348928290915682,0.0
2002-06-25,0.026135058664166,0.0
2002-06-26,0.0174814653893278,0.0
2002-06-27,0.0111905118736637,0.0
2002-06-28,0.0406323745187351,0.0
2002-07-01,0.0001590364113112,0.0
2002-07-02,0.0423775104734982,0.0
2002-07-03,0.0305309722107672,0.0
2002-07-04,0.0201632972225428,0.0
2002-07-05,0.043959759881783,0.0
2002-07-08,0.001276914907715,0.0
2002-07-09,0.0102484269760767,0.0
2002-07-10,0.0435176744122164,0.0
2002-07-11,0.0402593778941017,0.0
2002-07-12,0.0003530000155155,0.0
2002-07-15,0.0554765250102175,0.0
2002-07-16,0.0017857076052382,0.0
2002-07-17,0.0364222741892468,0.0
2002-07-18,0.0209452296409139,0.0
2002-07-19,0.0554915258408224,0.0
2002-07-22,0.0538769056733944,0.0
2002-07-23,0.0255743678157446,0.0
2002-07-24,0.015251728420809,0.0
2002-07-25,0.0408356302396728,0.0
2002-07-26,0.0072253007296551,0.0
2002-07-29,0.0680093798834204,0.0
2002-07-30,0.0047168726038523,0.0
2002-07-31,0.010457367607073,0.0
2002-08-01,0.0524962967663971,0.0
2002-08-02,0.0014369717905915,0.0
2002-08-05,0.0408783037842892,0.0
2002-08-06,0.0529516372918721,0.0
2002-08-07,0.0043567958075859,0.0
2002-08-08,0.0354266362464822,0.0
2002-08-09,0.0174043589807372,0.0
2002-08-12,0.0245154214514961,0.0
2002-08-13,0.0076362471249213,0.0
2002-08-14,0.0450744432980956,0.0
2002-08-15,0.0405749735371605,0.0
2002-08-16,0.000272605789627,0.0
2002-08-19,0.034638147098004,0.0
2002-08-20,0.0151121097214486,0.0
2002-08-21,0.0128765676750918,0.0
2002-08-22,0.0303479120966126,0.0
2002-08-23,0.0186865682856256,0.0
2002-08-26,0.0156662227883891,0.0
2002-08-27,0.0281822315458332,0.0
2002-08-28,0.0431411200699142,0.0
2002-08-29,0.0260608217639524,0.0
2002-08-30,0.0102837706368695,0.0
2002-09-02,0.0281538022183795,0.0
2002-09-03,0.0456874851965563,0.0
2002-09-04,0.0133752103355547,0.0
2002-09-05,0.0092929144162251,0.0
2002-09-06,0.0336013523023107,0.0
2002-09-09,0.0145352520296384,0.0
2002-09-10,0.0307187594697658,0.0
2002-09-11,0.029085243401614,0.0
2002-09-12,0.0467574855032115,0.0
2002-09-13,0.0267818545227169,0.0
2002-09-16,0.0045156316973812,0.0
2002-09-17,0.0093113053703717,0.0
2002-09-18,0.0365934098822475,0.0
2002-09-19,0.0248994166042373,0.0
2002-09-20,0.012499256328431,0.0
2002-09-23,0.0339549948607939,0.0
2002-09-24,0.0186022639956971,0.0
2002-09-25,0.015401303548067,0.0
2002-09-26,0.0612981095430101,0.0
2002-09-27,0.0037009441606396,0.0
2002-09-30,0.0604482096345907,0.0
2002-10-01,0.0182345459587848,0.0
2002-10-02,0.0389275157659629,0.0
2002-10-03,0.0275100759650112,0.0
2002-10-04,0.0338191647571238,0.0
2002-10-07,0.0117612335637601,0.0
2002-10-08,0.0144923684262315,0.0
2002-10-09,0.0141218154090471,0.0
2002-10-10,0.0377073131746712,0.0
2002-10-11,0.0507952563795302,0.0
2002-10-14,0.0058747062750245,0.0
2002-10-15,0.0672669948372185,0.0
2002-10-16,0.0059574054745301,0.0
2002-10-17,0.0369212268151133,0.0
2002-10-18,0.008230267136426,0.0
2002-10-21,1.9024186082449413e-05,0.0
2002-10-22,0.011443344213524,0.0
2002-10-23,0.042137748225566,0.0
2002-10-24,0.0273282163912889,0.0
2002-10-25,0.0059523890476569,0.0
2002-10-28,0.0207106822746413,0.0
2002-10-29,0.0511912644222139,0.0
2002-10-30,0.0393846121009589,0.0
2002-10-31,0.0211163839850459,0.0
2002-11-01,0.0129500029219315,0.0
2002-11-04,0.0345030458313336,0.0
2002-11-05,0.008883357220445,0.0
2002-11-06,0.0106900240654885,0.0
2002-11-07,0.031985921074464,0.0
2002-11-08,0.0173556731372276,0.0
2002-11-11,0.0014659912684759,0.0
2002-11-12,0.0035761181446367,0.0
2002-11-13,0.0097812334054475,0.0
2002-11-14,0.0368091017205277,0.0
2002-11-15,0.0043700962572806,0.0
2002-11-18,0.0144661419985468,0.0
2002-11-19,0.0097844370087646,0.0
2002-11-20,0.0074967947396538,0.0
2002-11-21,0.0424262643083225,0.0
2002-11-22,0.0047332489424665,0.0
2002-11-25,0.0030599611591737,0.0
2002-11-26,0.024726063515631,0.0
2002-11-27,0.0301970635951427,0.0
2002-11-28,0.0048857987595155,0.0
2002-11-29,0.0010035357852725,0.0
2002-12-02,0.008419119024437,0.0
2002-12-03,0.0234636634923677,0.0
2002-12-04,0.0069821437273016,0.0
2002-12-05,0.0131492416559172,0.0
2002-12-06,0.0087424298109333,0.0
2002-12-09,0.0222626828094059,0.0
2002-12-10,0.0086668714443605,0.0
2002-12-11,0.0149509443032524,0.0
2002-12-12,0.0166451854523493,0.0
2002-12-13,0.0194975935543082,0.0
2002-12-16,0.0310390146678903,0.0
2002-12-17,0.0111653317999974,0.0
2002-12-18,0.0196982607445711,0.0
2002-12-19,0.0075608463110412,0.0
2002-12-20,0.0093335715674264,0.0
2002-12-23,0.0015460800604623,0.0
2002-12-24,0.0020555009717645,0.0
2002-12-27,0.0227972111966793,0.0
2002-12-30,0.0044094425127637,0.0
2002-12-31,0.0127345134991325,0.0
2003-01-02,0.0419015043108225,0.0
2003-01-03,0.0022372713989728,0.0
2003-01-06,0.0069989695333487,0.0
2003-01-07,0.0154697852549983,0.0
2003-01-08,0.0213913978909406,0.0
2003-01-09,0.0186353165390728,0.0
2003-01-10,0.0024839436786524,0.0
2003-01-13,0.0030616965983178,0.0
2003-01-14,0.00132725757725,0.0
2003-01-15,0.0124813958710216,0.0
2003-01-16,0.0025266414433226,0.0
2003-01-17,0.0276362066397199,0.0
2003-01-20,0.0121310894570229,0.0
2003-01-21,0.0092076692481808,0.0
2003-01-22,0.0205991013806506,0.0
2003-01-23,0.004585102939105,0.0
2003-01-24,0.0066602634960822,0.0
2003-01-27,0.036116747576369,0.0
2003-01-28,0.0015332933613725,0.0
2003-01-29,0.0141772335625237,0.0
2003-01-30,0.025749603936616,0.0
2003-01-31,0.0081169141361885,0.0
2003-02-03,0.0067541881428205,0.0
2003-02-04,0.0323977282084894,0.0
2003-02-05,0.0073485632867076,0.0
2003-02-06,0.0169351639097392,0.0
2003-02-07,0.0140322356378033,0.0
2003-02-10,0.0087629410453505,0.0
2003-02-11,0.0247888850904497,0.0
2003-02-12,0.0253805964709639,0.0
2003-02-13,0.0043297699341277,0.0
2003-02-14,0.0247399481984059,0.0
2003-02-17,0.0190448326928842,0.0
2003-02-18,0.0194172713501171,0.0
2003-02-19,0.0274050990303868,0.0
2003-02-20,0.0193166466621951,0.0
2003-02-21,0.0089949660073455,0.0
2003-02-24,0.0157497483077653,0.0
2003-02-25,0.0373934075423144,0.0
2003-02-26,0.0092851009710139,0.0
2003-02-27,0.0212981772958113,0.0
2003-02-28,0.0139932551172621,0.0
2003-03-03,0.0029657226320493,0.0
2003-03-04,0.0315953426697224,0.0
2003-03-05,0.0079791768999518,0.0
2003-03-06,0.0077662363587327,0.0
2003-03-07,0.0228902611676431,0.0
2003-03-10,0.0240945383099635,0.0
2003-03-11,0.0080647788651288,0.0
2003-03-12,0.0369206120094199,0.0
2003-03-13,0.0612040802573312,0.0
2003-03-14,0.0700228746045231,0.0
2003-03-17,0.0329262518136482,0.0
2003-03-18,0.0130951140014367,0.0
2003-03-19,0.0151940814243508,0.0
2003-03-20,0.0152154830163593,0.0
2003-03-21,0.0337204351038272,0.0
2003-03-24,0.058344612253584,0.0
2003-03-25,0.0249675955637474,0.0
2003-03-26,0.002948045988644,0.0
2003-03-27,0.0234911967156991,0.0
2003-03-28,0.0037244214236413,0.0
2003-03-31,0.0428135631646526,0.0
2003-04-01,0.0063120331867359,0.0
2003-04-02,0.0404745574522532,0.0
2003-04-03,0.0161989960859885,0.0
2003-04-04,0.0175135399352796,0.0
2003-04-07,0.0338536192593754,0.0
2003-04-08,0.0144687882779984,0.0
2003-04-09,0.0018956824904097,0.0
2003-04-10,0.0278955735749114,0.0
2003-04-11,0.0104698248286029,0.0
2003-04-14,0.0128968407236578,0.0
2003-04-15,0.0160583245627652,0.0
2003-04-16,0.0090636886297049,0.0
2003-04-17,0.0011910019585542,0.0
2003-04-22,0.0055012738218756,0.0
2003-04-23,0.0163582397879594,0.0
2003-04-24,0.0203323851585486,0.0
2003-04-25,0.0125829849997769,0.0
2003-04-28,0.0284839279385182,0.0
2003-04-29,0.0029777504085764,0.0
2003-04-30,0.0043667687041517,0.0
2003-05-02,0.0031943683267164,0.0
2003-05-05,0.0111086776089552,0.0
2003-05-06,0.0202657470031833,0.0
2003-05-07,0.0110500136270145,0.0
2003-05-08,0.0284400158119194,0.0
2003-05-09,0.009724024442025,0.0
2003-05-12,0.0017738786292338,0.0
2003-05-13,0.0003374809910599,0.0
2003-05-14,0.0006074818679778,0.0
2003-05-15,0.0114640366232514,0.0
2003-05-16,0.0003705194674731,0.0
2003-05-19,0.0435335176403891,0.0
2003-05-20,0.0034711093571222,0.0
2003-05-21,0.001368401290546,0.0
2003-05-22,0.0076308375928904,0.0
2003-05-23,0.0021067782057078,0.0
2003-05-26,0.0040257833517674,0.0
2003-05-27,0.0020598800710366,0.0
2003-05-28,0.0199079814488949,0.0
2003-05-29,0.0066128027532226,0.0
2003-05-30,0.0075727030769974,0.0
2003-06-02,0.018732141144077,0.0
2003-06-03,0.0029272528975621,0.0
2003-06-04,0.0080089382221033,0.0
2003-06-05,0.0097673518969914,0.0
2003-06-06,0.0193043989739049,0.0
2003-06-09,0.0123545042043562,0.0
2003-06-10,0.0093239782402413,0.0
2003-06-11,0.0122629114967886,0.0
2003-06-12,0.0096461446962745,0.0
2003-06-13,0.0138060910123409,0.0
2003-06-16,0.0208651732111183,0.0
2003-06-17,0.0082381708994051,0.0
2003-06-18,0.0041093087505205,0.0
2003-06-19,0.0153698746921408,0.0
2003-06-20,0.0079308412317333,0.0
2003-06-23,0.0224660533600342,0.0
2003-06-24,0.0051104001066593,0.0
2003-06-25,0.0017256374967343,0.0
2003-06-26,0.0016870111366303,0.0
2003-06-27,0.0017899647470104,0.0
2003-06-30,0.0080476580133408,0.0
2003-07-01,0.0233236521131801,0.0
2003-07-02,0.0216913653911849,0.0
2003-07-03,0.0042196405604251,0.0
2003-07-04,0.0063882827423901,0.0
2003-07-07,0.035110637236225,0.0
2003-07-08,0.0013270016416875,0.0
2003-07-09,0.0120421340448698,0.0
2003-07-10,0.0133533566497328,0.0
2003-07-11,0.0128245706406975,0.0
2003-07-14,0.0164213094909062,0.0
2003-07-15,0.0034225010465899,0.0
2003-07-16,0.0090395184931586,0.0
2003-07-17,0.0067992450638774,0.0
2003-07-18,5.117973982465308e-05,0.0
2003-07-21,0.0155068514064718,0.0
2003-07-22,0.0037449533422873,0.0
2003-07-23,0.001038560263039,0.0
2003-07-24,0.0215977910043696,0.0
2003-07-25,0.0151738219711377,0.0
2003-07-28,0.0177268420974267,0.0
2003-07-29,0.007147294141789,0.0
2003-07-30,0.0095394530607797,0.0
2003-07-31,0.0118319760703206,0.0
2003-08-01,0.0127402269761339,0.0
2003-08-04,0.008755285028655,0.0
2003-08-05,0.014411913559404,0.0
2003-08-06,0.0194692691383657,0.0
2003-08-07,0.0014097367491584,0.0
2003-08-08,0.0110959378497998,0.0
2003-08-11,0.0071862948892737,0.0
2003-08-12,0.0062252233642903,0.0
2003-08-13,5.296577118711534e-05,0.0
2003-08-14,0.0165821055458273,0.0
2003-08-15,0.005354010933817,0.0
2003-08-18,0.0066471835087193,0.0
2003-08-19,0.0029099213199426,0.0
2003-08-20,0.0092125302905018,0.0
2003-08-21,0.0079189070901179,0.0
2003-08-22,0.0068029423060642,0.0
2003-08-25,0.0113680658902289,0.0
2003-08-26,0.0105895617002828,0.0
2003-08-27,0.0071382017337731,0.0
2003-08-28,0.013003402027396,0.0
2003-08-29,0.0034758510984115,0.0
2003-09-01,0.0141233297399012,0.0
2003-09-02,0.0016095064497434,0.0
2003-09-03,0.017343181923056,0.0
2003-09-04,0.0035384952468959,0.0
2003-09-05,0.0052737977084972,0.0
2003-09-08,0.004989365915639,0.0
2003-09-09,0.0101578066073565,0.0
2003-09-10,0.0138875314715649,0.0
2003-09-11,0.0058529914690338,0.0
2003-09-12,0.0077022335170208,0.0
2003-09-15,0.0047441128457047,0.0
2003-09-16,0.0142906366409391,0.0
2003-09-17,0.0022181845712658,0.0
2003-09-18,0.0061919023097875,0.0
2003-09-19,0.0121881758271682,0.0
2003-09-22,0.027249854750957,0.0
2003-09-23,0.0051641397267404,0.0
2003-09-24,0.0006922119850798,0.0
2003-09-25,0.0102367238305537,0.0
2003-09-26,0.0042746731735305,0.0
2003-09-29,0.0087582107971393,0.0
2003-09-30,0.0169904528725103,0.0
2003-10-01,0.0177115029933117,0.0
2003-10-02,0.0006046199341094,0.0
2003-10-03,0.0318767578722814,0.0
2003-10-06,0.0045608586293865,0.0
2003-10-07,0.0081425355470381,0.0
2003-10-08,0.0018882221808303,0.0
2003-10-09,0.0232394180329198,0.0
2003-10-10,0.005691331821089,0.0
2003-10-13,0.0162668536607996,0.0
2003-10-14,0.0046054169156382,0.0
2003-10-15,0.0089526240224062,0.0
2003-10-16,0.0051957244982787,0.0
2003-10-17,0.0011234993241911,0.0
2003-10-20,0.0015136130931753,0.0
2003-10-21,0.0013388674987988,0.0
2003-10-22,0.0181823483854171,0.0
2003-10-23,0.0116980078170873,0.0
2003-10-24,0.0006063738826849,0.0
2003-10-27,0.0122688064128329,0.0
2003-10-28,0.0136844284330749,0.0
2003-10-29,0.0044053736621114,0.0
2003-10-30,0.0060436130994157,0.0
2003-10-31,0.0041890544080208,0.0
2003-11-03,0.0193392716315113,0.0
2003-11-04,0.0041550930430652,0.0
2003-11-05,0.0092578486355452,0.0
2003-11-06,0.005563198990485,0.0
2003-11-07,0.0119296689978082,0.0
2003-11-10,0.0081241046628531,0.0
2003-11-11,0.0056036510764146,0.0
2003-11-12,0.0014668996567324,0.0
2003-11-13,0.0004396506250936,0.0
2003-11-14,0.0105085531747556,0.0
2003-11-17,0.0262357464289602,0.0
2003-11-18,0.0019010488042545,0.0
2003-11-19,0.0028493483849938,0.0
2003-11-20,0.0056960699659904,0.0
2003-11-21,0.012474614253507,0.0
2003-11-24,0.0135525174234861,0.0
2003-11-25,0.0017861424792629,0.0
2003-11-26,0.0008663292592815,0.0
2003-11-27,0.0048109722931154,0.0
2003-11-28,0.0020039161358232,0.0
2003-12-01,0.0189360674331434,0.0
2003-12-02,0.0052857304595467,0.0
2003-12-03,0.0086237212202356,0.0
2003-12-04,0.0015374435269461,0.0
2003-12-05,0.0113351554502626,0.0
2003-12-08,0.0064509277179953,0.0
2003-12-09,0.0061559075982309,0.0
2003-12-10,0.0050094649022869,0.0
2003-12-11,0.0084120537128816,0.0
2003-12-12,0.0007783225333462,0.0
2003-12-15,0.0056945326180327,0.0
2003-12-16,0.0010949730944472,0.0
2003-12-17,0.0019321068933921,0.0
2003-12-18,0.0066847094408825,0.0
2003-12-19,0.0003340128863,0.0
2003-12-22,0.0017090301198383,0.0
2003-12-23,0.0011520706840871,0.0
2003-12-24,0.0029128102594057,0.0
2003-12-29,0.0029838895211029,0.0
2003-12-30,0.0023801226313606,0.0
2003-12-31,0.0081049257502959,0.0
2004-01-02,0.0108741191290128,0.0
2004-01-05,0.0031894118836068,0.0
2004-01-06,0.0034619079862363,0.0
2004-01-07,0.0090260618238534,0.0
2004-01-08,0.0081663368278622,0.0
2004-01-09,0.0050031095699138,0.0
2004-01-12,0.0041205823962546,0.0
2004-01-13,0.0045065107119247,0.0
2004-01-14,0.0101187351897149,0.0
2004-01-15,0.0039836732009914,0.0
2004-01-16,0.0122844374516548,0.0
2004-01-19,0.0049363016563765,0.0
2004-01-20,0.0081032773727088,0.0
2004-01-21,0.0044134978810042,0.0
2004-01-22,0.0052144087326739,0.0
2004-01-23,0.0006063073127543,0.0
2004-01-26,0.0047876180544309,0.0
2004-01-27,0.0058862341261764,0.0
2004-01-28,0.0025310255217194,0.0
2004-01-29,0.0120749048439201,0.0
2004-01-30,0.0065363764232385,0.0
2004-02-02,0.0072787954257341,0.0
2004-02-03,0.0073420059613277,0.0
2004-02-04,0.0084573572715091,0.0
2004-02-05,0.0007592230177828,0.0
2004-02-06,0.0039833783978477,0.0
2004-02-09,0.0107047129478016,0.0
2004-02-10,0.0012874674105394,0.0
2004-02-11,0.0025591526488792,0.0
2004-02-12,0.0010082224452778,0.0
2004-02-13,0.0087902379037201,0.0
2004-02-16,0.0078418232590236,0.0
2004-02-17,0.0069765612779046,0.0
2004-02-18,0.0014029581005768,0.0
2004-02-19,0.0134704121186001,0.0
2004-02-20,0.00695089650232,0.0
2004-02-23,0.0005707407077179,0.0
2004-02-24,0.0128693887113692,0.0
2004-02-25,0.0051962640598199,0.0
2004-02-26,0.0031980385198286,0.0
2004-02-27,0.0029435651085088,0.0
2004-03-01,0.0062695425652228,0.0
2004-03-02,0.0096865305317136,0.0
2004-03-03,0.0071184181640979,0.0
2004-03-04,0.004891537601071,0.0
2004-03-05,0.0041999873048187,0.0
2004-03-08,0.0053748362183872,0.0
2004-03-09,0.0117978052401003,0.0
2004-03-10,0.0056196868599946,0.0
2004-03-11,0.0301622849793643,0.0
2004-03-12,0.0042007879662464,0.0
2004-03-15,0.0243087034267334,0.0
2004-03-16,0.003965430732597,0.0
2004-03-17,0.0187745018421747,0.0
2004-03-18,0.0182339791219249,0.0
2004-03-19,0.0064693291814292,0.0
2004-03-22,0.020709599588313,0.0
2004-03-23,0.0001949226585344,0.0
2004-03-24,0.0060807404205402,0.0
2004-03-25,0.0146570691366462,0.0
2004-03-26,0.0061400822724852,0.0
2004-03-29,0.0115657928793236,0.0
2004-03-30,0.0038818053914574,0.0
2004-03-31,0.0014160524405073,0.0
2004-04-01,0.0122684779562993,0.0
2004-04-02,0.0188753163265841,0.0
2004-04-05,0.0109798831906604,0.0
2004-04-06,0.0093234097337227,0.0
2004-04-07,0.0030879741386363,0.0
2004-04-08,0.0014850286968711,0.0
2004-04-13,0.0092031931207151,0.0
2004-04-14,0.0115267247195765,0.0
2004-04-15,0.0023261885872704,0.0
2004-04-16,0.0077144422532076,0.0
2004-04-19,0.0021774883730762,0.0
2004-04-20,0.0079820988631524,0.0
2004-04-21,0.0080569072010623,0.0
2004-04-22,0.0112637228310596,0.0
2004-04-23,0.0068132292019118,0.0
2004-04-26,0.0068132292019118,0.0
2004-04-27,0.0009144095427576,0.0
2004-04-28,0.015857103930566,0.0
2004-04-29,0.0089585825766269,0.0
2004-04-30,0.0041039005409654,0.0
2004-05-03,0.0084555966650879,0.0
2004-05-04,0.0012664788134266,0.0
2004-05-05,0.0076956476496449,0.0
2004-05-06,0.0201076018052697,0.0
2004-05-07,0.0005363643167319,0.0
2004-05-10,0.0277071544827716,0.0
2004-05-11,0.0148219453640996,0.0
2004-05-12,0.0117338651916056,0.0
2004-05-13,0.0139026675293716,0.0
2004-05-14,0.0030426017150752,0.0
2004-05-17,0.014041042393759,0.0
2004-05-18,0.004526688749396,0.0
2004-05-19,0.0205707323088384,0.0
2004-05-20,0.0091959186788359,0.0
2004-05-21,0.0008175018505379,0.0
2004-05-24,0.0060255933029364,0.0
2004-05-25,0.0050529613104768,0.0
2004-05-26,0.0135866838174662,0.0
2004-05-27,0.0053003058181041,0.0
2004-05-28,0.007458388324948,0.0
2004-05-31,0.0048076222129975,0.0
2004-06-01,0.0123827449732104,0.0
2004-06-02,0.0059856891030344,0.0
2004-06-03,0.0022299920508395,0.0
2004-06-04,0.0121036554894057,0.0
2004-06-07,0.0062955465166489,0.0
2004-06-08,0.0003303872413752,0.0
2004-06-09,0.0065124131349009,0.0
2004-06-10,0.003262823632189,0.0
2004-06-11,0.0032385371723378,0.0
2004-06-14,0.0142328483398599,0.0
2004-06-15,0.0099120067124153,0.0
2004-06-16,0.0083997148731765,0.0
2004-06-17,0.0009633474148249,0.0
2004-06-18,0.0061187710585341,0.0
2004-06-21,0.0001657153160217,0.0
2004-06-22,0.0107411618962276,0.0
2004-06-23,0.0053419522389053,0.0
2004-06-24,0.0095267258506569,0.0
2004-06-25,0.003566257604701,0.0
2004-06-28,0.0077722911644935,0.0
2004-06-29,0.0040116890115169,0.0
2004-06-30,0.0062728250064536,0.0
2004-07-01,0.0045078908249624,0.0
2004-07-02,0.0084148040429203,0.0
2004-07-05,0.0008462692757063,0.0
2004-07-06,0.0074841890782562,0.0
2004-07-07,7.649945181899437e-05,0.0
2004-07-08,0.002730944122205,0.0
2004-07-09,0.0005259464887365,0.0
2004-07-12,0.0046037908534933,0.0
2004-07-13,0.0012452566587303,0.0
2004-07-14,0.0020342246324839,0.0
2004-07-15,0.0105245143518037,0.0
2004-07-16,4.158635232536983e-05,0.0
2004-07-19,0.0049340502849407,0.0
2004-07-20,0.004099997195106,0.0
2004-07-21,0.0083038875945066,0.0
2004-07-22,0.0179275546451413,0.0
2004-07-23,0.0015546075063691,0.0
2004-07-26,0.0097692099151792,0.0
2004-07-27,0.0091551264359836,0.0
2004-07-28,0.0030303324928229,0.0
2004-07-29,0.0188018956294016,0.0
2004-07-30,0.0009079985458834,0.0
2004-08-02,0.0064119077627999,0.0
2004-08-03,0.00742588477389,0.0
2004-08-04,0.0119091259372504,0.0
2004-08-05,0.0042596771217415,0.0
2004-08-06,0.0263843890743918,0.0
2004-08-09,0.0089212409638539,0.0
2004-08-10,0.0101731113699755,0.0
2004-08-11,0.0085589108569789,0.0
2004-08-12,0.002492425606455,0.0
2004-08-13,0.0026908737559627,0.0
2004-08-16,0.0090951859453151,0.0
2004-08-17,0.0046667871786544,0.0
2004-08-18,0.0023605829000017,0.0
2004-08-19,0.0008298004813682,0.0
2004-08-20,0.0018072596841305,0.0
2004-08-23,0.0144985773207534,0.0
2004-08-24,0.0013056504703487,0.0
2004-08-25,0.0002448320001201,0.0
2004-08-26,0.0095722804392307,0.0
2004-08-27,0.0053303296759162,0.0
2004-08-30,0.0034395080212162,0.0
2004-08-31,0.0117357149368927,0.0
2004-09-01,0.0052584026414908,0.0
2004-09-02,0.005561208525169,0.0
2004-09-03,0.008921454420011,0.0
2004-09-06,0.0019321758025215,0.0
2004-09-07,0.0024771332372555,0.0
2004-09-08,0.0012472928565175,0.0
2004-09-09,0.0069663383543921,0.0
2004-09-10,0.0069826693635001,0.0
2004-09-13,0.0129110885225829,0.0
2004-09-14,0.0046734562164428,0.0
2004-09-15,0.0043730323052957,0.0
2004-09-16,4.609340382713075e-05,0.0
2004-09-17,0.0093126866482051,0.0
2004-09-20,0.0060647029692299,0.0
2004-09-21,0.0073841840400137,0.0
2004-09-22,0.0105156487552966,0.0
2004-09-23,0.0106219905098964,0.0
2004-09-24,0.0055714620010511,0.0
2004-09-27,0.0045236320141867,0.0
2004-09-28,0.0028780641359056,0.0
2004-09-29,0.004135968311309,0.0
2004-09-30,0.0114867318330198,0.0
2004-10-01,0.0242998250835145,0.0
2004-10-04,0.0098437673153566,0.0
2004-10-05,0.0008437853896472,0.0
2004-10-06,0.0014996763945751,0.0
2004-10-07,0.0015658409795843,0.0
2004-10-08,0.005557178122896,0.0
2004-10-11,0.0027406650046597,0.0
2004-10-12,0.0101894635333633,0.0
2004-10-13,0.0012106902058387,0.0
2004-10-14,0.0079818441339512,0.0
2004-10-15,0.0015840483987443,0.0
2004-10-18,0.00298747824898,0.0
2004-10-19,0.0110729258753046,0.0
2004-10-20,0.0094703370215911,0.0
2004-10-21,0.0059430268096846,0.0
2004-10-22,9.766022334343016e-05,0.0
2004-10-25,0.021411838086026,0.0
2004-10-26,0.0028829968530123,0.0
2004-10-27,0.0161447635317298,0.0
2004-10-28,0.0117376870753404,0.0
2004-10-29,0.0040384296748994,0.0
2004-11-01,0.0073244252564033,0.0
2004-11-02,0.008472157372569,0.0
2004-11-03,0.0010854482397826,0.0
2004-11-04,0.0019860875430823,0.0
2004-11-05,0.0049155495471119,0.0
2004-11-08,0.001058483982175,0.0
2004-11-09,0.001868322865786,0.0
2004-11-10,0.003963014642497,0.0
2004-11-11,0.0128317949153642,0.0
2004-11-12,0.0003442653697918,0.0
2004-11-15,0.0036938361804716,0.0
2004-11-16,0.007012270293091,0.0
2004-11-17,0.0130578437702984,0.0
2004-11-18,0.0035832852558641,0.0
2004-11-19,0.0082866273755658,0.0
2004-11-22,0.006478282798803,0.0
2004-11-23,0.0015461546570894,0.0
2004-11-24,0.0051427448195386,0.0
2004-11-25,0.0097615808499869,0.0
2004-11-26,0.0040608401521905,0.0
2004-11-29,0.0004204373139354,0.0
2004-11-30,0.0071300603717173,0.0
2004-12-01,0.0113795516425634,0.0
2004-12-02,0.0038747893963388,0.0
2004-12-03,0.007357528568885,0.0
2004-12-06,0.0042697272870484,0.0
2004-12-07,0.005310531037761,0.0
2004-12-08,0.0032819675172198,0.0
2004-12-09,0.0073327222875112,0.0
2004-12-10,0.0055775280076092,0.0
2004-12-13,0.0099071940331031,0.0
2004-12-14,0.0022177398667239,0.0
2004-12-15,0.0029931317670774,0.0
2004-12-16,0.0020174093232476,0.0
2004-12-17,0.0174047721313409,0.0
2004-12-20,0.0050926249733728,0.0
2004-12-21,0.001590107721892,0.0
2004-12-22,0.0095351871365219,0.0
2004-12-23,0.0035484776840261,0.0
2004-12-24,0.0008060457956825,0.0
2004-12-27,0.0013271650585931,0.0
2004-12-28,0.0018685299555455,0.0
2004-12-29,0.0006089485373983,0.0
2004-12-30,0.0002064082892121,0.0
2004-12-31,0.0017753806566691,0.0
2005-01-03,0.0089933495811927,0.0
2005-01-04,0.0019743851343503,0.0
2005-01-05,0.0088240377036132,0.0
2005-01-06,0.0070571298104281,0.0
2005-01-07,0.0055543868347466,0.0
2005-01-10,3.60744058267967e-05,0.0
2005-01-11,0.0074623840097148,0.0
2005-01-12,0.0085713612888812,0.0
2005-01-13,0.0046979504970594,0.0
2005-01-14,0.0053299027260051,0.0
2005-01-17,0.0069389380889225,0.0
2005-01-18,0.0016553745841157,0.0
2005-01-19,0.0015521662363156,0.0
2005-01-20,0.0068910966607853,0.0
2005-01-21,0.0030532867780423,0.0
2005-01-24,0.0014228359352258,0.0
2005-01-25,0.0086227816547987,0.0
2005-01-26,0.0005720202974374,0.0
2005-01-27,0.0029801865340486,0.0
2005-01-28,0.0054239974990533,0.0
2005-01-31,0.0111356805434824,0.0
2005-02-01,0.0064919144642066,0.0
2005-02-02,0.0031783572911246,0.0
2005-02-03,0.0057812652744895,0.0
2005-02-04,0.0073717216880324,0.0
2005-02-07,0.0060176916200518,0.0
2005-02-08,0.0002837949660526,0.0
2005-02-09,0.0028048710722317,0.0
2005-02-10,0.0001889171094904,0.0
2005-02-11,0.0116137990770106,0.0
2005-02-14,0.0011558036963092,0.0
2005-02-15,0.0045607058960071,0.0
2005-02-16,0.005331192845997,0.0
2005-02-17,0.0008784106219737,0.0
2005-02-18,0.0058547583824188,0.0
2005-02-21,0.0015897142899814,0.0
2005-02-22,0.0050567497129734,0.0
2005-02-23,0.0063011859960178,0.0
2005-02-24,0.0001206760339167,0.0
2005-02-25,0.0142035443621249,0.0
2005-02-28,0.0018383543866804,0.0
2005-03-01,0.006884359490272,0.0
2005-03-02,0.0019069422684811,0.0
2005-03-03,0.0003372381203833,0.0
2005-03-04,0.0074157679152981,0.0
2005-03-07,0.0040050694468018,0.0
2005-03-08,0.005521573509529,0.0
2005-03-09,0.0045853322054407,0.0
2005-03-10,0.0070278715426437,0.0
2005-03-11,0.0027128597920279,0.0
2005-03-14,0.0001555702191329,0.0
2005-03-15,0.0071841065997586,0.0
2005-03-16,0.0144102975174383,0.0
2005-03-17,0.0031472952194781,0.0
2005-03-18,0.0046270826422863,0.0
2005-03-21,0.004396475434447,0.0
2005-03-22,0.0035098095134482,0.0
2005-03-23,0.0036561350934518,0.0
2005-03-24,0.011318510974718,0.0
2005-03-29,0.0008185932167532,0.0
2005-03-30,0.0041834706363821,0.0
2005-03-31,0.0007795794304627,0.0
2005-04-01,0.0030192119181054,0.0
2005-04-04,0.0068270417309885,0.0
2005-04-05,0.0087515878727593,0.0
2005-04-06,0.0046492958148412,0.0
2005-04-07,0.0042228520918524,0.0
2005-04-08,1.9416032055059736e-05,0.0
2005-04-11,0.0016185382283068,0.0
2005-04-12,0.0050667186079708,0.0
2005-04-13,0.0048796951532969,0.0
2005-04-14,0.0013952997665371,0.0
2005-04-15,0.0193610517138329,0.0
2005-04-18,0.0207201817574968,0.0
2005-04-19,0.0032355531448889,0.0
2005-04-20,0.0031267043193891,0.0
2005-04-21,0.0002531312334568,0.0
2005-04-22,0.0073532488599798,0.0
2005-04-25,0.0032333484962313,0.0
2005-04-26,7.52038138002786e-06,0.0
2005-04-27,0.0165039519702117,0.0
2005-04-28,0.0041407666159978,0.0
2005-04-29,6.647180132884382e-05,0.0
2005-05-02,0.0068938882289138,0.0
2005-05-03,0.0043472048943653,0.0
2005-05-04,0.0079813383900206,0.0
2005-05-05,0.0079231822390282,0.0
2005-05-06,0.0035043364038424,0.0
2005-05-09,0.0032954080947665,0.0
2005-05-10,0.0049722914539111,0.0
2005-05-11,0.0051931299340952,0.0
2005-05-12,0.0090354736454355,0.0
2005-05-13,0.0005576595995308,0.0
2005-05-16,0.0017212668593884,0.0
2005-05-17,0.0011949452685049,0.0
2005-05-18,0.0165759815537013,0.0
2005-05-19,0.0031449649372558,0.0
2005-05-20,0.0024932781568152,0.0
2005-05-23,0.0054026074680827,0.0
2005-05-24,0.0039681816272691,0.0
2005-05-25,0.0004364708744632,0.0
2005-05-26,0.0089856851913593,0.0
2005-05-27,0.0013180881401651,0.0
2005-05-30,0.0007354903716637,0.0
2005-05-31,0.0034255899944195,0.0
2005-06-01,0.0138621711945115,0.0
2005-06-02,0.0013083556825789,0.0
2005-06-03,0.0050921545816087,0.0
2005-06-06,0.003851278008754,0.0
2005-06-07,0.0082308987424427,0.0
2005-06-08,0.0022485725852788,0.0
2005-06-09,0.0042378464527642,0.0
2005-06-10,0.0072897490069538,0.0
2005-06-13,0.0046235379872498,0.0
2005-06-14,0.001368847318074,0.0
2005-06-15,0.0031926086071724,0.0
2005-06-16,0.0001887898065646,0.0
2005-06-17,0.0085082593704729,0.0
2005-06-20,0.0065389441885906,0.0
2005-06-21,0.0068018536914612,0.0
2005-06-22,0.0017818671099326,0.0
2005-06-23,0.002510204386729,0.0
2005-06-24,0.0095521622970559,0.0
2005-06-27,0.0100963316560161,0.0
2005-06-28,0.0087763631687338,0.0
2005-06-29,0.0089126792301572,0.0
2005-06-30,0.00059797103671,0.0
2005-07-01,0.0094765177148569,0.0
2005-07-04,0.0011764449437345,0.0
2005-07-05,0.0027825803017165,0.0
2005-07-06,0.0063755404092153,0.0
2005-07-07,0.0139593084637031,0.0
2005-07-08,0.0187050622965991,0.0
2005-07-11,0.0049293349910103,0.0
2005-07-12,0.0018019616329022,0.0
2005-07-13,0.0068936286970077,0.0
2005-07-14,0.0062562062166445,0.0
2005-07-15,0.0006610068684872,0.0
2005-07-18,0.002357680270268,0.0
2005-07-19,0.0138331109495112,0.0
2005-07-20,0.0013253652864826,0.0
2005-07-21,0.0016440479029245,0.0
2005-07-22,0.0022938433474611,0.0
2005-07-25,0.0014936337712741,0.0
2005-07-26,0.000303143099281,0.0
2005-07-27,0.0027897519015139,0.0
2005-07-28,0.0065494572113953,0.0
2005-07-29,0.0023602279859565,0.0
2005-08-01,0.0011516685941028,0.0
2005-08-02,0.0103703882283601,0.0
2005-08-03,0.0017446972647323,0.0
2005-08-04,0.008154597355649,0.0
2005-08-05,0.0083935641391222,0.0
2005-08-08,0.0043574935773308,0.0
2005-08-09,0.0113472345963559,0.0
2005-08-10,0.0078547267374067,0.0
2005-08-11,0.0039861378940333,0.0
2005-08-12,0.0072605797742568,0.0
2005-08-15,0.0022139863363946,0.0
2005-08-16,0.0049399457774234,0.0
2005-08-17,0.0011120735864246,0.0
2005-08-18,0.002155667635112,0.0
2005-08-19,0.0129695189648362,0.0
2005-08-22,0.0004368165696716,0.0
2005-08-23,0.0110687334193669,0.0
2005-08-24,0.0027378182502044,0.0
2005-08-25,0.0104330659968598,0.0
2005-08-26,0.0082121108696536,0.0
2005-08-29,0.0042669843613156,0.0
2005-08-30,0.0010575592182895,0.0
2005-08-31,0.0097533001126611,0.0
2005-09-01,0.0056191028169814,0.0
2005-09-02,0.0043491946139936,0.0
2005-09-05,0.0056909116823535,0.0
2005-09-06,0.0095388074913361,0.0
2005-09-07,0.0030451040314512,0.0
2005-09-08,0.0045240707638289,0.0
2005-09-09,0.0057471303509534,0.0
2005-09-12,3.108998441841351e-05,0.0
2005-09-13,0.0085877957553909,0.0
2005-09-14,0.0038145102412063,0.0
2005-09-15,0.0020022667758844,0.0
2005-09-16,0.006697210090515,0.0
2005-09-19,0.0008452549751695,0.0
2005-09-20,0.0057803063881268,0.0
2005-09-21,0.0141648454091852,0.0
2005-09-22,0.0044660656110133,0.0
2005-09-23,0.0065096372098759,0.0
2005-09-26,0.0198411053163789,0.0
2005-09-27,0.0044153540987758,0.0
2005-09-28,0.0115521941254144,0.0
2005-09-29,0.004525811012146,0.0
2005-09-30,0.004610626569939,0.0
2005-10-03,0.0048836904606759,0.0
2005-10-04,0.0059745355529479,0.0
2005-10-05,0.0121438630753985,0.0
2005-10-06,0.0125310805780329,0.0
2005-10-07,0.0017891336449782,0.0
2005-10-10,0.0016393092201955,0.0
2005-10-11,0.0029628259622408,0.0
2005-10-12,0.0076407217085938,0.0
2005-10-13,0.0099987529856964,0.0
2005-10-14,0.0026808889601802,0.0
2005-10-17,0.0015783773033189,0.0
2005-10-18,0.0062723616262062,0.0
2005-10-19,0.0194773140852345,0.0
2005-10-20,0.0035525377464461,0.0
2005-10-21,0.005513235397845,0.0
2005-10-24,0.0126189890756433,0.0
2005-10-25,0.0056650775155745,0.0
2005-10-26,0.0035665220510403,0.0
2005-10-27,0.0174399383779427,0.0
2005-10-28,0.0022394239569975,0.0
2005-10-31,0.025047122171084,0.0
2005-11-01,0.0003833067219506,0.0
2005-11-02,0.0011506922691183,0.0
2005-11-03,0.0162056371652229,0.0
2005-11-04,0.0007376797167456,0.0
2005-11-07,0.0010996478644648,0.0
2005-11-08,6.613581292788141e-06,0.0
2005-11-09,0.005207163814081,0.0
2005-11-10,0.0001629469798658,0.0
2005-11-11,0.0126422038914572,0.0
2005-11-14,0.0026329215781234,0.0
2005-11-15,0.0011659759585323,0.0
2005-11-16,0.0068512827007672,0.0
2005-11-17,0.0024460252955609,0.0
2005-11-18,0.007280197742386,0.0
2005-11-21,0.0065954934289598,0.0
2005-11-22,0.0012151651574211,0.0
2005-11-23,0.0060591001084421,0.0
2005-11-24,0.0047436515278399,0.0
2005-11-25,0.0029693418759347,0.0
2005-11-28,0.0054861728305397,0.0
2005-11-29,0.0029288242763705,0.0
2005-11-30,0.0046569542254787,0.0
2005-12-01,0.0150047967464682,0.0
2005-12-02,0.005600649371314,0.0
2005-12-05,0.0025684346813028,0.0
2005-12-06,0.0057163317538183,0.0
2005-12-07,0.0035597613675877,0.0
2005-12-08,0.00200419924133,0.0
2005-12-09,0.0019120073497092,0.0
2005-12-12,0.0025969450759522,0.0
2005-12-13,0.0043281880567786,0.0
2005-12-14,0.0039601481451054,0.0
2005-12-15,0.0003658456874043,0.0
2005-12-16,0.0066691480088837,0.0
2005-12-19,0.0020321357372348,0.0
2005-12-20,0.0018343919773134,0.0
2005-12-21,0.0103492345621538,0.0
2005-12-22,9.473438161308188e-05,0.0
2005-12-23,0.0012156585445674,0.0
2005-12-27,0.0024434780050255,0.0
2005-12-28,0.002613753707869,0.0
2005-12-29,0.0033578697784576,0.0
2005-12-30,0.0121627176750543,0.0
2006-01-02,0.0083821637887647,0.0
2006-01-03,0.0046286885522711,0.0
2006-01-04,0.0128003492970164,0.0
2006-01-05,0.0007091821922722,0.0
2006-01-06,0.0066088194317854,0.0
2006-01-09,0.0016300036482699,0.0
2006-01-10,0.0027030191895959,0.0
2006-01-11,0.005857036312694,0.0
2006-01-12,5.11209261626003e-05,0.0
2006-01-13,0.0081534969274824,0.0
2006-01-16,0.0011456221453862,0.0
2006-01-17,0.0101312140596351,0.0
2006-01-18,0.0073180097902547,0.0
2006-01-19,0.0087626708687351,0.0
2006-01-20,0.008471407643139,0.0
2006-01-23,0.0045120675552486,0.0
2006-01-24,0.0007726927471276,0.0
2006-01-25,0.0089483236456464,0.0
2006-01-26,0.0176926968278621,0.0
2006-01-27,0.0162881867877957,0.0
2006-01-30,0.0040047111850742,0.0
2006-01-31,0.0022661505457549,0.0
2006-02-01,0.0103344514612573,0.0
2006-02-02,0.0144050000411888,0.0
2006-02-03,0.0019603616216928,0.0
2006-02-06,0.0006017361897367,0.0
2006-02-07,0.0001641457826011,0.0
2006-02-08,0.0082030684957676,0.0
2006-02-09,0.012315913005564,0.0
2006-02-10,0.0091056498439896,0.0
2006-02-13,0.0094324152160136,0.0
2006-02-14,0.0008025206528904,0.0
2006-02-15,0.0055076069950239,0.0
2006-02-16,0.0078731188258347,0.0
2006-02-17,0.005396566556629,0.0
2006-02-20,0.004020081428845,0.0
2006-02-21,0.0024048127407417,0.0
2006-02-22,0.0099008676449666,0.0
2006-02-23,0.0002400242244201,0.0
2006-02-24,0.0066361582967241,0.0
2006-02-27,0.0012939769375348,0.0
2006-02-28,0.0158856749574754,0.0
2006-03-01,0.0113660652240478,0.0
2006-03-02,0.0096397819883876,0.0
2006-03-03,0.0039886956802696,0.0
2006-03-06,0.0043141252240643,0.0
2006-03-07,0.0037009705574584,0.0
2006-03-08,0.0045574931291468,0.0
2006-03-09,0.007683456668378,0.0
2006-03-10,0.0121921736637791,0.0
2006-03-13,0.0075073891735434,0.0
2006-03-14,0.0018954121480304,0.0
2006-03-15,0.0021024750684519,0.0
2006-03-16,0.0003745702022202,0.0
2006-03-17,0.0029356562672462,0.0
2006-03-20,0.0005000807605428,0.0
2006-03-21,0.0019539667442998,0.0
2006-03-22,0.0089371585777708,0.0
2006-03-23,0.0,0.0
2006-03-24,0.0045960035469953,0.0
2006-03-27,0.0108409128383367,0.0
2006-03-28,0.0024145061575891,0.0
2006-03-29,0.005858499219072,0.0
2006-03-30,0.011487283101598,0.0
2006-03-31,0.0036803581642356,0.0
2006-04-03,0.0065691926032588,0.0
2006-04-04,0.0094541143842225,0.0
2006-04-05,0.0029193384764312,0.0
2006-04-06,0.0002547215371573,0.0
2006-04-07,0.0091177787204484,0.0
2006-04-10,0.0029541206044859,0.0
2006-04-11,0.0150776225281583,0.0
2006-04-12,0.0053914655487464,0.0
2006-04-13,0.0034375216426798,0.0
2006-04-18,0.0013040828329546,0.0
2006-04-19,0.0121260024575613,0.0
2006-04-20,0.0093874746456711,0.0
2006-04-21,0.0087177343559076,0.0
2006-04-24,0.0059080702022324,0.0
2006-04-25,0.0026585451384112,0.0
2006-04-26,0.0032380904497103,0.0
2006-04-27,0.0074088820616475,0.0
2006-04-28,0.0048356225629365,0.0
2006-05-02,0.0101232149446441,0.0
2006-05-03,0.0090560105048583,0.0
2006-05-04,0.0076259721421878,0.0
2006-05-05,0.0100189441870379,0.0
2006-05-08,0.000756945020231,0.0
2006-05-09,0.0056218088213015,0.0
2006-05-10,0.0064039340185815,0.0
2006-05-11,0.0029086013824719,0.0
2006-05-12,0.0216056674108003,0.0
2006-05-15,0.0167595858822224,0.0
2006-05-16,0.0033193303622486,0.0
2006-05-17,0.032272323342682,0.0
2006-05-18,0.002364456730323,0.0
2006-05-19,0.0072828773940421,0.0
2006-05-22,0.0268654989857526,0.0
2006-05-23,0.0242247709339713,0.0
2006-05-24,0.012551193297102,0.0
2006-05-25,0.0161945312980071,0.0
2006-05-26,0.0191228829499789,0.0
2006-05-29,0.005918269217105,0.0
2006-05-30,0.0245137674287253,0.0
2006-05-31,0.0073921087234836,0.0
2006-06-01,0.0034644256114482,0.0
2006-06-02,0.0025053346067054,0.0
2006-06-05,0.0088419581034316,0.0
2006-06-06,0.0243208619317218,0.0
2006-06-07,0.0055805949277203,0.0
2006-06-08,0.029538072031786,0.0
2006-06-09,0.0177397203164776,0.0
2006-06-12,0.0094823788194369,0.0
2006-06-13,0.0226094486444621,0.0
2006-06-14,0.0004656981365014,0.0
2006-06-15,0.0233714926484227,0.0
2006-06-16,0.0063039723152906,0.0
2006-06-19,0.0072432846802805,0.0
2006-06-20,0.008716337954732,0.0
2006-06-21,0.0009030887792805,0.0
2006-06-22,0.0059636841814057,0.0
2006-06-23,0.0029809736460422,0.0
2006-06-26,0.0033557463440795,0.0
2006-06-27,0.0063200569134649,0.0
2006-06-28,0.0005782496059053,0.0
2006-06-29,0.0220385337572921,0.0
2006-06-30,0.0173835627410996,0.0
2006-07-03,0.0029477803929642,0.0
2006-07-04,0.0006542758274446,0.0
2006-07-05,0.0126359970780984,0.0
2006-07-06,0.009132654939707,0.0
2006-07-07,0.0025685555835352,0.0
2006-07-10,0.0057909722140863,0.0
2006-07-11,0.0137600912784023,0.0
2006-07-12,0.0055478045209164,0.0
2006-07-13,0.0182173067057967,0.0
2006-07-14,0.0148923486796103,0.0
2006-07-17,0.0064443365276279,0.0
2006-07-18,0.0032768951789931,0.0
2006-07-19,0.0233804750769828,0.0
2006-07-20,0.0038098892721591,0.0
2006-07-21,0.00960193323208,0.0
2006-07-24,0.019804534751343,0.0
2006-07-25,0.003694124532461,0.0
2006-07-26,0.0020007626458719,0.0
2006-07-27,0.0117074410213915,0.0
2006-07-28,0.0054437956095833,0.0
2006-07-31,0.0038035466194013,0.0
2006-08-01,0.0122901914059463,0.0
2006-08-02,0.0156442462988972,0.0
2006-08-03,0.008505569991542,0.0
2006-08-04,0.0114259858917439,0.0
2006-08-07,0.0169270615283873,0.0
2006-08-08,0.0023397858816367,0.0
2006-08-09,0.0114479653295856,0.0
2006-08-10,0.009700292810566,0.0
2006-08-11,0.0017827228281793,0.0
2006-08-14,0.012242457635765,0.0
2006-08-15,0.0134011408170206,0.0
2006-08-16,0.0043482942928446,0.0
2006-08-17,0.0014646327030452,0.0
2006-08-18,0.0017800453772262,0.0
2006-08-21,0.0060623250010832,0.0
2006-08-22,0.0046282154555745,0.0
2006-08-23,0.0089315703819264,0.0
2006-08-24,0.0059084828095143,0.0
2006-08-25,0.0003365059132097,0.0
2006-08-28,0.0072888066569635,0.0
2006-08-29,0.002289260483164,0.0
2006-08-30,0.0043449698381975,0.0
2006-08-31,0.0034306743104741,0.0
2006-09-01,0.0035580408842687,0.0
2006-09-04,0.0038106581002386,0.0
2006-09-05,0.0058577407567991,0.0
2006-09-06,0.0111447529323749,0.0
2006-09-07,0.0108948210099384,0.0
2006-09-08,0.0026604383532286,0.0
2006-09-11,0.0030122301763987,0.0
2006-09-12,0.0132873703205773,0.0
2006-09-13,0.002330491508178,0.0
2006-09-14,0.0027441801686808,0.0
2006-09-15,0.0040958939608869,0.0
2006-09-18,0.0004042189122453,0.0
2006-09-19,0.0060352666587384,0.0
2006-09-20,0.0148905664706164,0.0
2006-09-21,0.0029957718555148,0.0
2006-09-22,0.0128248902633037,0.0
2006-09-25,0.0008825515175429,0.0
2006-09-26,0.0141038503579655,0.0
2006-09-27,0.0044941202707614,0.0
2006-09-28,0.0013169916368921,0.0
2006-09-29,0.0,0.0
2006-10-02,0.0013113108238056,0.0
2006-10-03,0.0044614472132592,0.0
2006-10-04,0.0070177021814207,0.0
2006-10-05,0.006065402966217,0.0
2006-10-06,0.0012240995944401,0.0
2006-10-09,0.0005072823871779,0.0
2006-10-10,0.0047288271817382,0.0
2006-10-11,0.0006401033356154,0.0
2006-10-12,0.0090532109701228,0.0
2006-10-13,0.0015454947111203,0.0
2006-10-16,0.0016313715383949,0.0
2006-10-17,0.0110606283139946,0.0
2006-10-18,0.0109337684288372,0.0
2006-10-19,0.0002891148814559,0.0
2006-10-20,0.0029081961679464,0.0
2006-10-23,0.0067599070097873,0.0
2006-10-24,0.0013442650358735,0.0
2006-10-25,0.0032770032672548,0.0
2006-10-26,0.0021205202998348,0.0
2006-10-27,0.0069734136925134,0.0
2006-10-30,0.00628352849491,0.0
2006-10-31,0.0025207837948939,0.0
2006-11-01,0.0041288733195018,0.0
2006-11-02,0.0113830344806542,0.0
2006-11-03,0.004927507583473,0.0
2006-11-06,0.0123033775059167,0.0
2006-11-07,0.0065349800052635,0.0
2006-11-08,0.0001139553708359,0.0
2006-11-09,0.0021018184032864,0.0
2006-11-10,0.0002019250282446,0.0
2006-11-13,0.0078734767974962,0.0
2006-11-14,0.0026042655335408,0.0
2006-11-15,0.0064162234893357,0.0
2006-11-16,0.0010546317549249,0.0
2006-11-17,0.0120618473926376,0.0
2006-11-20,0.0027592549792063,0.0
2006-11-21,0.0008447545173523,0.0
2006-11-22,0.0012573248831039,0.0
2006-11-23,0.0050803606161666,0.0
2006-11-24,0.0065468803143541,0.0
2006-11-27,0.015107639879051,0.0
2006-11-28,0.0004540165708935,0.0
2006-11-29,0.0140371585185481,0.0
2006-11-30,0.0100123001440146,0.0
2006-12-01,0.0139092184467156,0.0
2006-12-04,0.0079677684091007,0.0
2006-12-05,0.0119391876446831,0.0
2006-12-06,0.0016936627113858,0.0
2006-12-07,0.0053290520355984,0.0
2006-12-08,0.0009198226220269,0.0
2006-12-11,0.0080283497150557,0.0
2006-12-12,0.0001363936741001,0.0
2006-12-13,0.0089942379837422,0.0
2006-12-14,0.0061408767661264,0.0
2006-12-15,0.0057984885384924,0.0
2006-12-18,0.0020412496730105,0.0
2006-12-19,0.0082723539190182,0.0
2006-12-20,0.0053931709426788,0.0
2006-12-21,0.0007310394127968,0.0
2006-12-22,0.0102971533509725,0.0
2006-12-27,0.0156579909864396,0.0
2006-12-28,0.0012010622540391,0.0
2006-12-29,0.0015168962929282,0.0
2007-01-02,0.0136120030580045,0.0
2007-01-03,0.0012094155673498,0.0
2007-01-04,0.0065012840597366,0.0
2007-01-05,0.0103157107222378,0.0
2007-01-08,0.0002246743105793,0.0
2007-01-09,0.0026131825213521,0.0
2007-01-10,0.0056329367299749,0.0
2007-01-11,0.0194124231035563,0.0
2007-01-12,0.0013930740667273,0.0
2007-01-15,0.0023931595878274,0.0
2007-01-16,0.0070465189514914,0.0
2007-01-17,0.0053365858783114,0.0
2007-01-18,0.0012125314660252,0.0
2007-01-19,0.0106825624143307,0.0
2007-01-22,0.0062388826432802,0.0
2007-01-23,0.0008444687973993,0.0
2007-01-24,0.0112387540855008,0.0
2007-01-25,0.0051354541864088,0.0
2007-01-26,0.0048072988305271,0.0
2007-01-29,0.0066774735929866,0.0
2007-01-30,0.0045963652826824,0.0
2007-01-31,0.0066252449093177,0.0
2007-02-01,0.0095719028979221,0.0
2007-02-02,0.0026543934782624,0.0
2007-02-05,0.0006708789078804,0.0
2007-02-06,0.0007624793810845,0.0
2007-02-07,0.0046082194452111,0.0
2007-02-08,0.0066677883613477,0.0
2007-02-09,0.0048162059278812,0.0
2007-02-12,0.0085565601492423,0.0
2007-02-13,0.0068404922706616,0.0
2007-02-14,0.0075645344171616,0.0
2007-02-15,0.0008666170512433,0.0
2007-02-16,0.0012750989288625,0.0
2007-02-19,0.004594251263939,0.0
2007-02-20,0.0046186930156138,0.0
2007-02-21,0.0033117350989787,0.0
2007-02-22,0.0023328049326482,0.0
2007-02-23,0.001491569032199,0.0
2007-02-26,0.0080426390954364,0.0
2007-02-27,0.030687100672607,0.0
2007-02-28,0.0129803164008066,0.0
2007-03-01,0.0105552508075527,0.0
2007-03-02,0.0061930542655024,0.0
2007-03-05,0.0073397926355792,0.0
2007-03-06,0.0096284848423754,0.0
2007-03-07,0.0032940926738477,0.0
2007-03-08,0.0126038401122055,0.0
2007-03-09,0.0024552454645185,0.0
2007-03-12,0.0075712454284189,0.0
2007-03-13,0.0115528462903302,0.0
2007-03-14,0.0254870139782916,0.0
2007-03-15,0.0175241742157678,0.0
2007-03-16,0.0014277637193663,0.0
2007-03-19,0.0141666897301105,0.0
2007-03-20,0.0080859652204604,0.0
2007-03-21,0.0001980552788338,0.0
2007-03-22,0.0173310955844164,0.0
2007-03-23,0.0064772760597886,0.0
2007-03-26,0.0104273419411532,0.0
2007-03-27,0.0019277811286976,0.0
2007-03-28,0.0061707356537587,0.0
2007-03-29,0.0140986410497233,0.0
2007-03-30,0.0004669702708364,0.0
2007-04-02,0.0020213101048596,0.0
2007-04-03,0.0116840900713055,0.0
2007-04-04,0.0047331847838723,0.0
2007-04-05,0.0004128983934782,0.0
2007-04-10,0.0043258485866331,0.0
2007-04-11,0.0024917291959739,0.0
2007-04-12,0.0005182187368362,0.0
2007-04-13,0.0070027886640989,0.0
2007-04-16,0.0124674927577465,0.0
2007-04-17,0.0006535908189352,0.0
2007-04-18,0.0037950738208637,0.0
2007-04-19,0.0011847685972232,0.0
2007-04-20,0.0186715866152336,0.0
2007-04-23,0.0036403006108037,0.0
2007-04-24,0.0053019038485499,0.0
2007-04-25,0.0103606823465589,0.0
2007-04-26,0.000486073439178,0.0
2007-04-27,0.0023022629423794,0.0
2007-04-30,0.0049231429155685,0.0
2007-05-02,0.0050358961482865,0.0
2007-05-03,0.002359417311839,0.0
2007-05-04,0.0106933356517466,0.0
2007-05-07,0.0004365460804614,0.0
2007-05-08,0.0061508224459614,0.0
2007-05-09,0.0028760661137124,0.0
2007-05-10,0.0064437991177278,0.0
2007-05-11,0.0062785407243959,0.0
2007-05-14,0.0040092561939439,0.0
2007-05-15,0.0038654398021946,0.0
2007-05-16,0.0052785141676117,0.0
2007-05-17,0.0015093255753156,0.0
2007-05-18,0.0122262868721097,0.0
2007-05-21,0.0018423324283415,0.0
2007-05-22,3.119001159778527e-05,0.0
2007-05-23,0.004992668708512,0.0
2007-05-24,0.011815903776553,0.0
2007-05-25,0.0015166576878536,0.0
2007-05-28,0.0023052242140867,0.0
2007-05-29,0.0024868501878578,0.0
2007-05-30,0.0023540428688196,0.0
2007-05-31,0.0101844012718567,0.0
2007-06-01,0.0104546452169762,0.0
2007-06-04,0.0068879370489062,0.0
2007-06-05,0.0077464601610051,0.0
2007-06-06,0.0167002051638561,0.0
2007-06-07,0.0147251109828154,0.0
2007-06-08,0.001223089958004,0.0
2007-06-11,0.0096081225860616,0.0
2007-06-12,0.0070837941142172,0.0
2007-06-13,0.0061035602739494,0.0
2007-06-14,0.0188562880970747,0.0
2007-06-15,0.0095536226395672,0.0
2007-06-18,0.0029739595207125,0.0
2007-06-19,0.0025462979230584,0.0
2007-06-20,0.0035544942227631,0.0
2007-06-21,0.0104759814057081,0.0
2007-06-22,0.0010852099857205,0.0
2007-06-25,0.0033926080349639,0.0
2007-06-26,0.0082786296310273,0.0
2007-06-27,0.001965517595303,0.0
2007-06-28,0.0108203675428581,0.0
2007-06-29,0.0080622522395752,0.0
2007-07-02,0.0046317344039923,0.0
2007-07-03,0.0070911089669498,0.0
2007-07-04,0.0046417605082055,0.0
2007-07-05,0.0063417764846717,0.0
2007-07-06,0.0070974441176547,0.0
2007-07-09,0.000322791571487,0.0
2007-07-10,0.0140947210386168,0.0
2007-07-11,0.0030166251543057,0.0
2007-07-12,0.0168475208600805,0.0
2007-07-13,0.0024400870196326,0.0
2007-07-16,0.001248025520985,0.0
2007-07-17,0.0043174785679767,0.0
2007-07-18,0.0170716354674803,0.0
2007-07-19,0.0115293665052018,0.0
2007-07-20,0.0180230955567524,0.0
2007-07-23,0.008691114053768,0.0
2007-07-24,0.0170673095819818,0.0
2007-07-25,0.0119819002248815,0.0
2007-07-26,0.0281564484336455,0.0
2007-07-27,0.0054933996132243,0.0
2007-07-30,0.000425125668229,0.0
2007-07-31,0.018376611303161,0.0
2007-08-01,0.0169713937413408,0.0
2007-08-02,0.0048992889235851,0.0
2007-08-03,0.014925806577244,0.0
2007-08-06,0.0116613665124064,0.0
2007-08-07,0.0156744194386244,0.0
2007-08-08,0.0226735573439109,0.0
2007-08-09,0.0218945777000644,0.0
2007-08-10,0.0318176185981902,0.0
2007-08-13,0.0219015636731086,0.0
2007-08-14,0.0164051690625128,0.0
2007-08-15,0.0065815986478787,0.0
2007-08-16,0.033108524223058,0.0
2007-08-17,0.0184705116573808,0.0
2007-08-20,0.0066431476423833,0.0
2007-08-21,0.0035865477557685,0.0
2007-08-22,0.0181756112110439,0.0
2007-08-23,0.000934683987805,0.0
2007-08-24,0.0083027626954337,0.0
2007-08-27,0.0037921744521611,0.0
2007-08-28,0.0210352387967057,0.0
2007-08-29,0.0083408352437891,0.0
2007-08-30,0.0130502532696799,0.0
2007-08-31,0.0124691044859848,0.0
2007-09-03,0.0020205426482355,0.0
2007-09-04,0.00378845628152,0.0
2007-09-05,0.0215916255332449,0.0
2007-09-06,0.0045057462440379,0.0
2007-09-07,0.0266253111420709,0.0
2007-09-10,0.0080747075166067,0.0
2007-09-11,0.017028780448341,0.0
2007-09-12,0.0052917129556162,0.0
2007-09-13,0.0104679579675142,0.0
2007-09-14,0.0048717900199694,0.0
2007-09-17,0.0181362549193929,0.0
2007-09-18,0.0200175544979856,0.0
2007-09-19,0.0321777748919089,0.0
2007-09-20,0.0073663392692502,0.0
2007-09-21,0.0020879292930741,0.0
2007-09-24,0.0014323828665225,0.0
2007-09-25,0.008981890452518,0.0
2007-09-26,0.0086796545695679,0.0
2007-09-27,0.0074579433727113,0.0
2007-09-28,0.003088496303583,0.0
2007-10-01,0.0100218570946863,0.0
2007-10-02,0.0044951792196567,0.0
2007-10-03,0.0011908468780311,0.0
2007-10-04,0.0003083464512946,0.0
2007-10-05,0.0066709262728222,0.0
2007-10-08,0.0023714152677018,0.0
2007-10-09,0.0055648685255185,0.0
2007-10-10,0.0040066889808102,0.0
2007-10-11,0.004160193585771,0.0
2007-10-12,0.0032254640028723,0.0
2007-10-15,0.0062671274377585,0.0
2007-10-16,0.0057124399727994,0.0
2007-10-17,0.0076666172724997,0.0
2007-10-18,0.0089003508534718,0.0
2007-10-19,0.0046508433717114,0.0
2007-10-22,0.0138945750054983,0.0
2007-10-23,0.0077034611617877,0.0
2007-10-24,0.0053393151528596,0.0
2007-10-25,0.0149771246485425,0.0
2007-10-26,0.0059835408525172,0.0
2007-10-29,0.0071051130057333,0.0
2007-10-30,0.0055428720484672,0.0
2007-10-31,0.0075559012898093,0.0
2007-11-01,0.0202151432072321,0.0
2007-11-02,0.0018338470582289,0.0
2007-11-05,0.0062779125972124,0.0
2007-11-06,0.0043531256279382,0.0
2007-11-07,0.0045994173262622,0.0
2007-11-08,0.0091191114506547,0.0
2007-11-09,0.0192640479463595,0.0
2007-11-12,0.002057894053101,0.0
2007-11-13,0.0006050127353178,0.0
2007-11-14,0.0133944836441212,0.0
2007-11-15,0.0093909384022771,0.0
2007-11-16,0.0067660723108953,0.0
2007-11-19,0.0166229455187562,0.0
2007-11-20,0.0135496465303729,0.0
2007-11-21,0.0230319882731983,0.0
2007-11-22,0.0064460729036272,0.0
2007-11-23,0.0192137629198698,0.0
2007-11-26,0.0114358806748969,0.0
2007-11-27,0.0044471188830014,0.0
2007-11-28,0.0231089228174356,0.0
2007-11-29,0.0066133128922658,0.0
2007-11-30,0.0128605944357546,0.0
2007-12-03,0.0072760949185179,0.0
2007-12-04,0.0147184242536455,0.0
2007-12-05,0.0199644450821955,0.0
2007-12-06,0.0025924592825107,0.0
2007-12-07,0.0078982540605416,0.0
2007-12-10,0.0056095783841468,0.0
2007-12-11,0.0045592422022258,0.0
2007-12-12,0.0032368235069981,0.0
2007-12-13,0.0268953171677495,0.0
2007-12-14,0.0025811658755175,0.0
2007-12-17,0.0162733860585005,0.0
2007-12-18,0.0009995720495733,0.0
2007-12-19,0.002171423269745,0.0
2007-12-20,0.0025489048166205,0.0
2007-12-21,0.0164333399116108,0.0
2007-12-24,0.0020521919515111,0.0
2007-12-27,0.0023484226054269,0.0
2007-12-28,4.086823392136744e-05,0.0
2007-12-31,0.0023431262686842,0.0
2008-01-02,0.0114149759559643,0.0
2008-01-03,0.0007713799004121,0.0
2008-01-04,0.0180649344888655,0.0
2008-01-07,0.0011083027877716,0.0
2008-01-08,0.0078257409478393,0.0
2008-01-09,0.01102371511042,0.0
2008-01-10,0.0064581675439969,0.0
2008-01-11,0.0053881396021326,0.0
2008-01-14,0.0059582260601947,0.0
2008-01-15,0.0286644776307948,0.0
2008-01-16,0.0048547590283429,0.0
2008-01-17,0.0131570257525796,0.0
2008-01-18,0.0126232235969318,0.0
2008-01-21,0.0707736580041101,0.0
2008-01-22,0.0204638295032281,0.0
2008-01-23,0.0434235886068049,0.0
2008-01-24,0.0583349669367361,0.0
2008-01-25,0.0075908390973043,0.0
2008-01-28,0.0061318360044058,0.0
2008-01-29,0.0190307621673149,0.0
2008-01-30,0.0138321579055787,0.0
2008-01-31,0.0007758689813161,0.0
2008-02-01,0.0219894456402574,0.0
2008-02-04,0.0008882747829769,0.0
2008-02-05,0.0403685956327225,0.0
2008-02-06,0.0082496279704345,0.0
2008-02-07,0.019419507141384,0.0
2008-02-08,0.0029999445367765,0.0
2008-02-11,0.005738666193366,0.0
2008-02-12,0.033186487755575,0.0
2008-02-13,0.0030300714106623,0.0
2008-02-14,0.0006691339218159,0.0
2008-02-15,0.0180390967000759,0.0
2008-02-18,0.0186871947920244,0.0
2008-02-19,0.0049304953937057,0.0
2008-02-20,0.0150580696351603,0.0
2008-02-21,0.0095206791981352,0.0
2008-02-22,0.0070843787865861,0.0
2008-02-25,0.0194406393337839,0.0
2008-02-26,0.0108792552537674,0.0
2008-02-27,0.0008549683026412,0.0
2008-02-28,0.0210683650241645,0.0
2008-02-29,0.0154457653675845,0.0
2008-03-03,0.0100700289191597,0.0
2008-03-04,0.0141743630631134,0.0
2008-03-05,0.0170714383873961,0.0
2008-03-06,0.0166139533257209,0.0
2008-03-07,0.0127117516114863,0.0
2008-03-10,0.0113151671722624,0.0
2008-03-11,0.0132034149495287,0.0
2008-03-12,0.0148875069460478,0.0
2008-03-13,0.0143474264756996,0.0
2008-03-14,0.0082495885954286,0.0
2008-03-17,0.0357139744232127,0.0
2008-03-18,0.0336299780770936,0.0
2008-03-19,0.0058301925215476,0.0
2008-03-20,0.0048912719132405,0.0
2008-03-25,0.0343160888490611,0.0
2008-03-26,0.0032704367287741,0.0
2008-03-27,0.009120678783499,0.0
2008-03-28,0.0050151428771795,0.0
2008-03-31,0.0023715664635864,0.0
2008-04-01,0.0332066479289701,0.0
2008-04-02,0.0094028827118175,0.0
2008-04-03,0.0049184773270414,0.0
2008-04-04,0.0026581071710029,0.0
2008-04-07,0.0088813348482266,0.0
2008-04-08,0.0064744504001227,0.0
2008-04-09,0.0077076467097091,0.0
2008-04-10,0.003194921505681,0.0
2008-04-11,0.0127344616141096,0.0
2008-04-14,0.006574377390471,0.0
2008-04-15,0.0029725984235253,0.0
2008-04-16,0.0154468863989041,0.0
2008-04-17,0.0014489793654238,0.0
2008-04-18,0.0202676983671035,0.0
2008-04-21,0.0104011544507279,0.0
2008-04-22,0.0077093295207867,0.0
2008-04-23,0.0146702515269817,0.0
2008-04-24,0.0030584978783721,0.0
2008-04-25,0.0098227144483349,0.0
2008-04-28,0.0069142858750465,0.0
2008-04-29,0.0071372549798389,0.0
2008-04-30,0.0038982689886577,0.0
2008-05-02,0.0145379283415383,0.0
2008-05-05,0.0012533415041382,0.0
2008-05-06,0.0044416779375819,0.0
2008-05-07,0.0067990287417056,0.0
2008-05-08,0.0038950191239656,0.0
2008-05-09,0.0189739498255775,0.0
2008-05-12,0.0031498998673971,0.0
2008-05-13,0.0045033121517954,0.0
2008-05-14,0.0112535140323243,0.0
2008-05-15,0.0004488455243336,0.0
2008-05-16,0.0040511470835481,0.0
2008-05-19,0.0125362072709564,0.0
2008-05-20,0.0171074851966139,0.0
2008-05-21,0.005421341067601,0.0
2008-05-22,0.0002367532536225,0.0
2008-05-23,0.019066096664168,0.0
2008-05-26,0.0008245513154794,0.0
2008-05-27,0.0063548597647416,0.0
2008-05-28,0.0130700305016362,0.0
2008-05-29,0.0009631114366282,0.0
2008-05-30,0.0076835598222637,0.0
2008-06-02,0.0158945817118267,0.0
2008-06-03,0.0097793685018972,0.0
2008-06-04,0.0138686259084566,0.0
2008-06-05,0.0016309634460325,0.0
2008-06-06,0.0230345907685861,0.0
2008-06-09,0.0008463128518984,0.0
2008-06-10,0.0080121688143214,0.0
2008-06-11,0.0212638081063568,0.0
2008-06-12,0.0024406724244001,0.0
2008-06-13,0.0021379864936459,0.0
2008-06-16,0.0052589982084778,0.0
2008-06-17,0.0061193745359729,0.0
2008-06-18,0.0145256710977175,0.0
2008-06-19,0.005941265465139,0.0
2008-06-20,0.0180475580321625,0.0
2008-06-23,0.0004656205462943,0.0
2008-06-24,0.0083717367953409,0.0
2008-06-25,0.0138803400055097,0.0
2008-06-26,0.0245703503522005,0.0
2008-06-27,0.006543931152069,0.0
2008-06-30,0.0084985908690188,0.0
2008-07-01,0.0213407132387331,0.0
2008-07-02,0.0103570238368233,0.0
2008-07-03,0.0109972562943249,0.0
2008-07-04,0.0181167145078952,0.0
2008-07-07,0.0177942882769649,0.0
2008-07-08,0.0155441580346106,0.0
2008-07-09,0.0148692897432821,0.0
2008-07-10,0.0252253067914362,0.0
2008-07-11,0.0314276408132462,0.0
2008-07-14,0.0101635680029331,0.0
2008-07-15,0.0198404997423866,0.0
2008-07-16,0.0125528447651875,0.0
2008-07-17,0.0272346028917609,0.0
2008-07-18,0.0172125342654584,0.0
2008-07-21,0.0064407046822641,0.0
2008-07-22,2.7645800427006868e-05,0.0
2008-07-23,0.0186544944146263,0.0
2008-07-24,0.0138752642578527,0.0
2008-07-25,0.0066909983267902,0.0
2008-07-28,0.012119711747323,0.0
2008-07-29,0.0009161338349695,0.0
2008-07-30,0.0183606127316803,0.0
2008-07-31,0.0018628517939836,0.0
2008-08-01,0.0179223151233525,0.0
2008-08-04,0.0078441541645195,0.0
2008-08-05,0.0243973007903187,0.0
2008-08-06,0.0140312939693719,0.0
2008-08-07,0.0020436437909847,0.0
2008-08-08,0.0076922591637529,0.0
2008-08-11,0.0103297438913017,0.0
2008-08-12,0.0044187594726811,0.0
2008-08-13,0.0258962877705361,0.0
2008-08-14,0.0040662305857199,0.0
2008-08-15,0.0073716823439123,0.0
2008-08-18,0.0010739220210823,0.0
2008-08-19,0.0264316675856285,0.0
2008-08-20,0.0076058236556428,0.0
2008-08-21,0.0141309993074726,0.0
2008-08-22,0.0220203431261954,0.0
2008-08-25,0.0101824651714069,0.0
2008-08-26,0.0029067139227785,0.0
2008-08-27,0.001036482647699,0.0
2008-08-28,0.0200152592840968,0.0
2008-08-29,0.0047204135234786,0.0
2008-09-01,0.0023384780195343,0.0
2008-09-02,0.0148573275344727,0.0
2008-09-03,0.0204631885873102,0.0
2008-09-04,0.0327118261191026,0.0
2008-09-05,0.0252580837653037,0.0
2008-09-08,0.0336268543510313,0.0
2008-09-09,0.0108509139992076,0.0
2008-09-10,0.0022571275759662,0.0
2008-09-11,0.0081077267401751,0.0
2008-09-12,0.0194816140756932,0.0
2008-09-15,0.038512653731375,0.0
2008-09-16,0.0197600072362462,0.0
2008-09-17,0.021587159603774,0.0
2008-09-18,0.0106183853000048,0.0
2008-09-19,0.0886786069283218,0.0
2008-09-22,0.0237156288306422,0.0
2008-09-23,0.0200142142241168,0.0
2008-09-24,0.0061252149440316,0.0
2008-09-25,0.0269205340742823,0.0
2008-09-26,0.0151203690737836,0.0
2008-09-29,0.0517310174593969,0.0
2008-09-30,0.0196911575013834,0.0
2008-10-01,0.0055498943010109,0.0
2008-10-02,0.0227652779196991,0.0
2008-10-03,0.0292088224021816,0.0
2008-10-06,0.0947153733352824,0.0
2008-10-07,0.0054378013060593,0.0
2008-10-08,0.0651292516888565,0.0
2008-10-09,0.0156179382709295,0.0
2008-10-10,0.0804792225368461,0.0
2008-10-13,0.1059458993406878,0.0
2008-10-14,0.0271021471562543,0.0
2008-10-15,0.0706326093596548,0.0
2008-10-16,0.0609966348964323,0.0
2008-10-17,0.045752643451215,0.0
2008-10-20,0.0349940003101336,0.0
2008-10-21,0.0077672956783773,0.0
2008-10-22,0.0523387717526291,0.0
2008-10-23,0.0038402496724469,0.0
2008-10-24,0.0360027185424977,0.0
2008-10-27,0.0403942830949223,0.0
2008-10-28,0.0153894161566059,0.0
2008-10-29,0.0883276038846449,0.0
2008-10-30,0.0015417621999788,0.0
2008-10-31,0.0229890509279949,0.0
2008-11-03,0.0116607647445012,0.0
2008-11-04,0.0451992047951634,0.0
2008-11-05,0.0199700114591767,0.0
2008-11-06,0.0659334369944397,0.0
2008-11-07,0.0238826105265664,0.0
2008-11-10,0.0105034843536533,0.0
2008-11-11,0.0495091253441316,0.0
2008-11-12,0.0311879718647096,0.0
2008-11-13,0.0109174412942924,0.0
2008-11-14,0.0067094428877971,0.0
2008-11-17,0.0338148974870596,0.0
2008-11-18,0.0110541825107221,0.0
2008-11-19,0.0410855746432485,0.0
2008-11-20,0.0354237710074575,0.0
2008-11-21,0.0338365021088347,0.0
2008-11-24,0.0961693136101287,0.0
2008-11-25,0.0117368588795419,0.0
2008-11-26,0.0124495753861773,0.0
2008-11-27,0.0250906571278163,0.0
2008-11-28,0.0037739664954511,0.0
2008-12-01,0.0574797471497882,0.0
2008-12-02,0.0232534578213339,0.0
2008-12-03,0.004351582667362,0.0
2008-12-04,0.0017351948850676,0.0
2008-12-05,0.0563314037891387,0.0
2008-12-08,0.0832716876923935,0.0
2008-12-09,0.0153762893451541,0.0
2008-12-10,0.0068025754194086,0.0
2008-12-11,0.0042798840861667,0.0
2008-12-12,0.0283864511728828,0.0
2008-12-15,0.0087323731339913,0.0
2008-12-16,0.0205061468273774,0.0
2008-12-17,0.0029998853599469,0.0
2008-12-18,0.0023996107116051,0.0
2008-12-19,0.002554161263303,0.0
2008-12-22,0.0233778110286407,0.0
2008-12-23,0.0073092796132019,0.0
2008-12-24,0.0039073528706943,0.0
2008-12-29,0.0046454933924239,0.0
2008-12-30,0.0272266206447072,0.0
2008-12-31,0.0002610955275041,0.0
2009-01-02,0.0401170698874189,0.0
2009-01-05,0.0030493541663998,0.0
2009-01-06,0.0107458989052871,0.0
2009-01-07,0.0148705135631353,0.0
2009-01-08,0.0065243527131772,0.0
2009-01-09,0.0074972317034453,0.0
2009-01-12,0.0163104687547605,0.0
2009-01-13,0.0149692893556863,0.0
2009-01-14,0.0466940703086818,0.0
2009-01-15,0.0185591410901562,0.0
2009-01-16,0.0069421206395188,0.0
2009-01-19,0.0090104094723797,0.0
2009-01-20,0.0217794708860687,0.0
2009-01-21,0.0067606046044474,0.0
2009-01-22,0.0124499503472517,0.0
2009-01-23,0.0071625010071105,0.0
2009-01-26,0.0366067375237571,0.0
2009-01-27,0.0002842985077449,0.0
2009-01-28,0.0402937101178488,0.0
2009-01-29,0.0217762869551771,0.0
2009-01-30,0.0119760972251342,0.0
2009-02-02,0.0148614172134704,0.0
2009-02-03,0.0177054520861056,0.0
2009-02-04,0.0286235575794036,0.0
2009-02-05,0.0008801395643799,0.0
2009-02-06,0.0182584710178074,0.0
2009-02-09,0.0038608977890679,0.0
2009-02-10,0.037082598377118,0.0
2009-02-11,0.0023047064206546,0.0
2009-02-12,0.0211554109899085,0.0
2009-02-13,0.0112442962683228,0.0
2009-02-16,0.0119597592880096,0.0
2009-02-17,0.02980631307979,0.0
2009-02-18,0.0004034968136159,0.0
2009-02-19,0.0005115904315784,0.0
2009-02-20,0.0434166675780777,0.0
2009-02-23,0.008279781587151,0.0
2009-02-24,0.007292291124889,0.0
2009-02-25,0.0041184845598793,0.0
2009-02-26,0.0176124653256521,0.0
2009-02-27,0.0155529547653677,0.0
2009-03-02,0.0458147475033884,0.0
2009-03-03,0.0104790132048983,0.0
2009-03-04,0.0463274260889078,0.0
2009-03-05,0.0404416540360587,0.0
2009-03-06,0.0137852423532542,0.0
2009-03-09,0.0059995004138736,0.0
2009-03-10,0.0557314683804375,0.0
2009-03-11,0.0039416522599485,0.0
2009-03-12,0.0074696205553414,0.0
2009-03-13,0.00421487140698,0.0
2009-03-16,0.0313016255953986,0.0
2009-03-17,0.0087714705977434,0.0
2009-03-18,0.0025110065111459,0.0
2009-03-19,0.0060137114049806,0.0
2009-03-20,0.0050824722486722,0.0
2009-03-23,0.0277121405427734,0.0
2009-03-24,0.0016782238674206,0.0
2009-03-25,0.0066091044443203,0.0
2009-03-26,0.0004770125534115,0.0
2009-03-27,0.0179501528827125,0.0
2009-03-30,0.0436331433342435,0.0
2009-03-31,0.0318482109829939,0.0
2009-04-01,0.0114293095203672,0.0
2009-04-02,0.0522953763407234,0.0
2009-04-03,0.0111986342360967,0.0
2009-04-06,0.0098464035775066,0.0
2009-04-07,0.0094101033303044,0.0
2009-04-08,0.0064395923380899,0.0
2009-04-09,0.0180217636038559,0.0
2009-04-14,0.0087172617795603,0.0
2009-04-15,0.0048379904999753,0.0
2009-04-16,0.0174110103767441,0.0
2009-04-17,0.0175465519727712,0.0
2009-04-20,0.0404453020810949,0.0
2009-04-21,0.0015277739671397,0.0
2009-04-22,0.0171027706672093,0.0
2009-04-23,0.0055088831303143,0.0
2009-04-24,0.0308395346348132,0.0
2009-04-27,0.0001354220967574,0.0
2009-04-28,0.0167096860159232,0.0
2009-04-29,0.0213757651809039,0.0
2009-04-30,0.0136728564997824,0.0
2009-05-04,0.0244219921631516,0.0
2009-05-05,0.0040136309384913,0.0
2009-05-06,0.0179800249013426,0.0
2009-05-07,0.0097903898268928,0.0
2009-05-08,0.0186078019646808,0.0
2009-05-11,0.0194847295205169,0.0
2009-05-12,0.0054229910088691,0.0
2009-05-13,0.0245000334971805,0.0
2009-05-14,0.0010746663443354,0.0
2009-05-15,0.0040345742353924,0.0
2009-05-18,0.0238036208944091,0.0
2009-05-19,0.0090701486101053,0.0
2009-05-20,0.0086375516418685,0.0
2009-05-21,0.0263665342346605,0.0
2009-05-22,0.0032767868565243,0.0
2009-05-25,0.0025339669644692,0.0
2009-05-26,0.0104301197705759,0.0
2009-05-27,0.0075461766922283,0.0
2009-05-28,0.0095022048835106,0.0
2009-05-29,0.0042651662522169,0.0
2009-06-01,0.0305981352423592,0.0
2009-06-02,0.0004291364412264,0.0
2009-06-03,0.0204532570950908,0.0
2009-06-04,0.0007188891883028,0.0
2009-06-05,0.0081250467174355,0.0
2009-06-08,0.0149021607613408,0.0
2009-06-09,0.0021468729274208,0.0
2009-06-10,0.0056080119941063,0.0
2009-06-11,0.0059155964553712,0.0
2009-06-12,0.0026422304392556,0.0
2009-06-15,0.0325614996603976,0.0
2009-06-16,0.0017502454685825,0.0
2009-06-17,0.0165680070109303,0.0
2009-06-18,0.0103601651308449,0.0
2009-06-19,0.0084828446149937,0.0
2009-06-22,0.0309015714684635,0.0
2009-06-23,0.002060853114118,0.0
2009-06-24,0.0215636628173978,0.0
2009-06-25,0.0068243457808888,0.0
2009-06-26,0.0106058576422941,0.0
2009-06-29,0.0202271029069825,0.0
2009-06-30,0.0168109366829247,0.0
2009-07-01,0.0240863494229332,0.0
2009-07-02,0.031767578159293,0.0
2009-07-03,0.0009942712383991,0.0
2009-07-06,0.0120453199601567,0.0
2009-07-07,0.0109579707377929,0.0
2009-07-08,0.012828935012564,0.0
2009-07-09,0.0053780520243027,0.0
2009-07-10,0.0142587066438751,0.0
2009-07-13,0.022860289989852,0.0
2009-07-14,0.0097132426350107,0.0
2009-07-15,0.0285955511009168,0.0
2009-07-16,0.0089186387092172,0.0
2009-07-17,0.005852188705622,0.0
2009-07-20,0.0161744153136859,0.0
2009-07-21,0.0097204228124519,0.0
2009-07-22,0.0006598635201319,0.0
2009-07-23,0.0205583106516047,0.0
2009-07-24,0.0021572222762437,0.0
2009-07-27,0.0017540656922954,0.0
2009-07-28,0.0123492837891806,0.0
2009-07-29,0.0103486865010605,0.0
2009-07-30,0.0205473312853951,0.0
2009-07-31,0.0026873502538048,0.0
2009-08-03,0.0149277124018528,0.0
2009-08-04,0.0004112443689587,0.0
2009-08-05,0.0051450278642764,0.0
2009-08-06,0.005564906762768,0.0
2009-08-07,0.0123762117708535,0.0
2009-08-10,0.0047254883703847,0.0
2009-08-11,0.0138953687958081,0.0
2009-08-12,0.0146654874515661,0.0
2009-08-13,0.0048779405729214,0.0
2009-08-14,0.0082967096557684,0.0
2009-08-17,0.0218607449516088,0.0
2009-08-18,0.0090243075085535,0.0
2009-08-19,0.0001013916804997,0.0
2009-08-20,0.0158090315811098,0.0
2009-08-21,0.031034079140275,0.0
2009-08-24,0.0100055769871061,0.0
2009-08-25,0.007757038405852,0.0
2009-08-26,0.003339260875831,0.0
2009-08-27,0.0054149128469243,0.0
2009-08-28,0.0121526608469102,0.0
2009-08-31,0.0107804443371073,0.0
2009-09-01,0.0193733547334023,0.0
2009-09-02,0.0028812869795642,0.0
2009-09-03,0.0055060794176259,0.0
2009-09-04,0.0126534942406817,0.0
2009-09-07,0.0149128866283724,0.0
2009-09-08,0.0022231664068979,0.0
2009-09-09,0.012683627952996,0.0
2009-09-10,0.0004909447663251,0.0
2009-09-11,0.0078002576329216,0.0
2009-09-14,0.0011465502980623,0.0
2009-09-15,0.0057732013630143,0.0
2009-09-16,0.0162784662842163,0.0
2009-09-17,0.0056163860049506,0.0
2009-09-18,0.0019391432107037,0.0
2009-09-21,0.0041047638213689,0.0
2009-09-22,0.0029755348325912,0.0
2009-09-23,0.0004525599315182,0.0
2009-09-24,0.0167361888533422,0.0
2009-09-25,0.0051271108896672,0.0
2009-09-28,0.0227028575469113,0.0
2009-09-29,0.0028537156475314,0.0
2009-09-30,0.0049123328853768,0.0
2009-10-01,0.0198617773832929,0.0
2009-10-02,0.0192308981593539,0.0
2009-10-05,0.0068561132038949,0.0
2009-10-06,0.0255748360586737,0.0
2009-10-07,0.0036670017949311,0.0
2009-10-08,0.0133278928120614,0.0
2009-10-09,0.0018931253244154,0.0
2009-10-12,0.0120831982726027,0.0
2009-10-13,0.0116148953680436,0.0
2009-10-14,0.0211562801180859,0.0
2009-10-15,0.000298759095765,0.0
2009-10-16,0.0145837998399638,0.0
2009-10-19,0.0167776846382226,0.0
2009-10-20,0.0053865838168831,0.0
2009-10-21,0.0004570936088752,0.0
2009-10-22,0.0136132583529888,0.0
2009-10-23,0.0033057989250422,0.0
2009-10-26,0.0168924069284686,0.0
2009-10-27,0.0001335398769466,0.0
2009-10-28,0.0216457814460213,0.0
2009-10-29,0.0136194438670017,0.0
2009-10-30,0.0290471911141268,0.0
2009-11-02,0.0087676461717598,0.0
2009-11-03,0.0152860611178147,0.0
2009-11-04,0.0237323504215171,0.0
2009-11-05,0.010407897123795,0.0
2009-11-06,0.0003883326691549,0.0
2009-11-09,0.0208741722986236,0.0
2009-11-10,2.6442107393747607e-05,0.0
2009-11-11,0.0075789522124232,0.0
2009-11-12,0.0016582115745451,0.0
2009-11-13,0.0005411181975706,0.0
2009-11-16,0.0149040797953196,0.0
2009-11-17,0.0088661210995719,0.0
2009-11-18,0.0002351105210417,0.0
2009-11-19,0.0179067885042741,0.0
2009-11-20,0.0082407925683306,0.0
2009-11-23,0.0222241777413601,0.0
2009-11-24,0.0075153271978677,0.0
2009-11-25,0.0064631528042346,0.0
2009-11-26,0.0347051834682222,0.0
2009-11-27,0.0114098783158199,0.0
2009-11-30,0.0111598784803883,0.0
2009-12-01,0.0256429017101988,0.0
2009-12-02,0.0053303977347416,0.0
2009-12-03,0.0008400719212916,0.0
2009-12-04,0.0124280140375476,0.0
2009-12-07,0.0017094710238494,0.0
2009-12-08,0.0143602431780174,0.0
2009-12-09,0.0074006180424545,0.0
2009-12-10,0.0108500903492676,0.0
2009-12-11,0.0014048983496275,0.0
2009-12-14,0.0070001362616066,0.0
2009-12-15,0.000952477646086,0.0
2009-12-16,0.0108251295092741,0.0
2009-12-17,0.0116783736212021,0.0
2009-12-18,0.0095420754030614,0.0
2009-12-21,0.0202498583596712,0.0
2009-12-22,0.0067743718690762,0.0
2009-12-23,0.003168119296178,0.0
2009-12-24,0.0005061636294759,0.0
2009-12-28,0.0087584396754201,0.0
2009-12-29,0.0032451950517873,0.0
2009-12-30,0.0062010312160582,0.0
2009-12-31,0.0002108983857218,0.0
2010-01-04,0.0195319322198448,0.0
2010-01-05,0.0002641271865005,0.0
2010-01-06,0.0011854711419304,0.0
2010-01-07,0.0017731191654213,0.0
2010-01-08,0.005040901659356,0.0
2010-01-11,0.0005068611392934,0.0
2010-01-12,0.0107023995982034,0.0
2010-01-13,0.0002024916117536,0.0
2010-01-14,0.0037197498362909,0.0
2010-01-15,0.0154053189910211,0.0
2010-01-18,0.0058196190844066,0.0
2010-01-19,0.0080655093935576,0.0
2010-01-20,0.0203367220005134,0.0
2010-01-21,0.0171456124805868,0.0
2010-01-22,0.0107719917782306,0.0
2010-01-25,0.0102412642069606,0.0
2010-01-26,0.006638660849279,0.0
2010-01-27,0.012486217082002,0.0
2010-01-28,0.0190672758971148,0.0
2010-01-29,0.0136427039416507,0.0
2010-02-01,0.0060121861025573,0.0
2010-02-02,0.0132346656712253,0.0
2010-02-03,0.0049068975253263,0.0
2010-02-04,0.0278579744161888,0.0
2010-02-05,0.0346070153473843,0.0
2010-02-08,0.012135088970004,0.0
2010-02-09,0.0015207668860574,0.0
2010-02-10,0.0063049135133563,0.0
2010-02-11,0.005201106855893,0.0
2010-02-12,0.0049003347790131,0.0
2010-02-15,0.0028161766512888,0.0
2010-02-16,0.0164383837135718,0.0
2010-02-17,0.015193157481995,0.0
2010-02-18,0.0060538110734698,0.0
2010-02-19,0.0057759617940478,0.0
2010-02-22,0.0034120890018613,0.0
2010-02-23,0.013301774022642,0.0
2010-02-24,0.0023225593064152,0.0
2010-02-25,0.0203664816411593,0.0
2010-02-26,0.0185131842250979,0.0
2010-03-01,0.0162446011341493,0.0
2010-03-02,0.0111799902550278,0.0
2010-03-03,0.0079954277267421,0.0
2010-03-04,0.0036788560087085,0.0
2010-03-05,0.0211952146936329,0.0
2010-03-08,0.00176092138293,0.0
2010-03-09,0.0016560902896695,0.0
2010-03-10,0.0085414112131184,0.0
2010-03-11,0.0037091430663562,0.0
2010-03-12,0.0003945977144956,0.0
2010-03-15,0.0093345636231174,0.0
2010-03-16,0.0122711370894199,0.0
2010-03-17,0.0047968499040029,0.0
2010-03-18,0.0049923575432466,0.0
2010-03-19,0.0032402383601027,0.0
2010-03-22,0.0006519585566399,0.0
2010-03-23,0.0062305621042115,0.0
2010-03-24,0.000693461271552,0.0
2010-03-25,0.012746857713361,0.0
2010-03-26,0.0028913416639228,0.0
2010-03-29,0.0029363181655391,0.0
2010-03-30,0.0033174502585607,0.0
2010-03-31,0.0033662123411472,0.0
2010-04-01,0.0150397854945355,0.0
2010-04-06,0.0048737848347328,0.0
2010-04-07,0.0066750084174422,0.0
2010-04-08,0.0121194249260291,0.0
2010-04-09,0.017955415281513,0.0
2010-04-12,9.884919049250732e-06,0.0
2010-04-13,0.0045802821031831,0.0
2010-04-14,0.0063562504087648,0.0
2010-04-15,0.001957309202064,0.0
2010-04-16,0.0196273747035176,0.0
2010-04-19,0.0040617648701055,0.0
2010-04-20,0.0140502722822333,0.0
2010-04-21,0.0122385394142676,0.0
2010-04-22,0.0134190506893971,0.0
2010-04-23,0.0067675006474568,0.0
2010-04-26,0.0115969702276575,0.0
2010-04-27,0.038972029538605,0.0
2010-04-28,0.0150954428178518,0.0
2010-04-29,0.0140596934929684,0.0
2010-04-30,0.0061716910699551,0.0
2010-05-03,0.0030004720144825,0.0
2010-05-04,0.0370285851543053,0.0
2010-05-05,0.0145416030391911,0.0
2010-05-06,0.0222251541494464,0.0
2010-05-07,0.0470736136242419,0.0
2010-05-10,0.0922079653456992,0.0
2010-05-11,0.0073083550404208,0.0
2010-05-12,0.0109519829916479,0.0
2010-05-13,0.0006242331370667,0.0
2010-05-14,0.0469593340313969,0.0
2010-05-17,0.0047326302274888,0.0
2010-05-18,0.0206043757721301,0.0
2010-05-19,0.0296417535058344,0.0
2010-05-20,0.0227969945672067,0.0
2010-05-21,0.0005187124877256,0.0
2010-05-24,5.536302633658364e-05,0.0
2010-05-25,0.0294717134380856,0.0
2010-05-26,0.0229391137433832,0.0
2010-05-27,0.0336696504468,0.0
2010-05-28,0.0029117807931716,0.0
2010-05-31,0.0021359557334123,0.0
2010-06-01,0.0012780519299776,0.0
2010-06-02,0.0004511557107428,0.0
2010-06-03,0.0158216511597734,0.0
2010-06-04,0.0290140708351228,0.0
2010-06-07,0.012196431242767,0.0
2010-06-08,0.0098203527180849,0.0
2010-06-09,0.0194553218097056,0.0
2010-06-10,0.02006839145315,0.0
2010-06-11,0.010995373166636,0.0
2010-06-14,0.0196398235774618,0.0
2010-06-15,0.0097344788192987,0.0
2010-06-16,0.0039305099747283,0.0
2010-06-17,0.0019432365834261,0.0
2010-06-18,0.0011206840498404,0.0
2010-06-21,0.0131855794038591,0.0
2010-06-22,0.0082860000773837,0.0
2010-06-23,0.0172943134948264,0.0
2010-06-24,0.0240189755781147,0.0
2010-06-25,0.0100720775914844,0.0
2010-06-28,0.0159863980941784,0.0
2010-06-29,0.0409390759452034,0.0
2010-06-30,0.0028796050406381,0.0
2010-07-01,0.0303703665817838,0.0
2010-07-02,0.002532858077593,0.0
2010-07-05,0.0047629369828344,0.0
2010-07-06,0.0269117980236506,0.0
2010-07-07,0.0173977381630087,0.0
2010-07-08,0.0156119601690329,0.0
2010-07-09,0.0045765195745157,0.0
2010-07-12,0.0037011198557232,0.0
2010-07-13,0.0194582162289005,0.0
2010-07-14,0.0013148675353454,0.0
2010-07-15,0.0141821725509085,0.0
2010-07-16,0.0230624135789401,0.0
2010-07-19,0.0039590272275922,0.0
2010-07-20,0.0052657978519948,0.0
2010-07-21,0.0074404611494791,0.0
2010-07-22,0.0300678925520588,0.0
2010-07-23,0.0017980920496032,0.0
2010-07-26,0.0080433839433094,0.0
2010-07-27,0.008276566336697,0.0
2010-07-28,0.0010795515888392,0.0
2010-07-29,0.005039484834801,0.0
2010-07-30,0.0024043766639101,0.0
2010-08-02,0.0294511169884481,0.0
2010-08-03,0.0012054126133104,0.0
2010-08-04,0.0035187985989444,0.0
2010-08-05,0.000922262456191,0.0
2010-08-06,0.012871393768546,0.0
2010-08-09,0.0163667419718,0.0
2010-08-10,0.0124642928131586,0.0
2010-08-11,0.0278022648155222,0.0
2010-08-12,0.001991892521084,0.0
2010-08-13,0.0028097873505994,0.0
2010-08-16,0.0036928101814148,0.0
2010-08-17,0.0180509575921334,0.0
2010-08-18,0.0041580765190595,0.0
2010-08-19,0.0209222532009876,0.0
2010-08-20,0.0130394619621171,0.0
2010-08-23,0.0076588939453944,0.0
2010-08-24,0.01763727548185,0.0
2010-08-25,0.0117904829848627,0.0
2010-08-26,0.0071738354958548,0.0
2010-08-27,0.0092832894379098,0.0
2010-08-30,0.0058417716569674,0.0
2010-08-31,0.0010834445355813,0.0
2010-09-01,0.0374061785289413,0.0
2010-09-02,0.0020922299234164,0.0
2010-09-03,0.0111644329366741,0.0
2010-09-06,0.0034063234335069,0.0
2010-09-07,0.0111673940289994,0.0
2010-09-08,0.0091244482275986,0.0
2010-09-09,0.0121471302436092,0.0
2010-09-10,0.0009855480962282,0.0
2010-09-13,0.011031741297821,0.0
2010-09-14,0.0019226823189368,0.0
2010-09-15,0.0049827222937048,0.0
2010-09-16,0.0051628515070654,0.0
2010-09-17,0.0038292930889449,0.0
2010-09-20,0.0175742809056652,0.0
2010-09-21,0.0009534897707031,0.0
2010-09-22,0.0131261095942179,0.0
2010-09-23,0.0065649059101093,0.0
2010-09-24,0.0191835614556482,0.0
2010-09-27,0.0043239826033302,0.0
2010-09-28,0.0010121032643642,0.0
2010-09-29,0.0067284954620968,0.0
2010-09-30,0.0058881818480711,0.0
2010-10-01,0.006234393636637,0.0
2010-10-04,0.0115175896811246,0.0
2010-10-05,0.0222503802940354,0.0
2010-10-06,0.0087984254460558,0.0
2010-10-07,0.0014757211153926,0.0
2010-10-08,0.0019353278775621,0.0
2010-10-11,0.0014100616539629,0.0
2010-10-12,0.0052225657112877,0.0
2010-10-13,0.0209794894116617,0.0
2010-10-14,0.0023982107637737,0.0
2010-10-15,0.0021448127948507,0.0
2010-10-18,0.0018611343605417,0.0
2010-10-19,0.0071529377562329,0.0
2010-10-20,0.0054955217993939,0.0
2010-10-21,0.0130075506842673,0.0
2010-10-22,0.0025119979737755,0.0
2010-10-25,0.0003773220652609,0.0
2010-10-26,0.0044907110318672,0.0
2010-10-27,0.0096213116583724,0.0
2010-10-28,0.0049852515255312,0.0
2010-10-29,0.0003495118601699,0.0
2010-11-01,0.0019831912786704,0.0
2010-11-02,0.0063865290087201,0.0
2010-11-03,0.0059102608929905,0.0
2010-11-04,0.0190322117422527,0.0
2010-11-05,1.2778135998651848e-05,0.0
2010-11-08,0.0007739113878958,0.0
2010-11-09,0.0081456972262373,0.0
2010-11-10,0.0146182947715379,0.0
2010-11-11,0.0054410648645365,0.0
2010-11-12,0.0094123239892239,0.0
2010-11-15,0.0086078044649678,0.0
2010-11-16,0.0266893748608047,0.0
2010-11-17,0.0079102566276715,0.0
2010-11-18,0.019743908578176,0.0
2010-11-19,0.0020212034142865,0.0
2010-11-22,0.0107488342784251,0.0
2010-11-23,0.0250486623139276,0.0
2010-11-24,0.0062072180959831,0.0
2010-11-25,0.0034123003857757,0.0
2010-11-26,0.0084844208581783,0.0
2010-11-29,0.0248980545288514,0.0
2010-11-30,0.0073185247834976,0.0
2010-12-01,0.0161685611608015,0.0
2010-12-02,0.0209680118803846,0.0
2010-12-03,0.0009363035271078,0.0
2010-12-06,0.0003520285575978,0.0
2010-12-07,0.016209933768227,0.0
2010-12-08,0.00562122166737,0.0
2010-12-09,0.0067802513472622,0.0
2010-12-10,0.0001814426110132,0.0
2010-12-13,0.0090557507681537,0.0
2010-12-14,0.0026760146619198,0.0
2010-12-15,0.0058281035500692,0.0
2010-12-16,0.0021033961232218,0.0
2010-12-17,0.0054179593111471,0.0
2010-12-20,0.0045740525174376,0.0
2010-12-21,0.0108569467717973,0.0
2010-12-22,0.0019828810007193,0.0
2010-12-23,0.0021427310984065,0.0
2010-12-27,0.012640565477693,0.0
2010-12-28,0.0008988502589073,0.0
2010-12-29,0.0082406990137199,0.0
2010-12-30,0.0103056797351698,0.0
2011-01-03,0.012926535232941,0.0
2011-01-04,0.0038813238139034,0.0
2011-01-05,0.0029204591419999,0.0
2011-01-06,4.870913447618069e-05,0.0
2011-01-07,0.009997469047879,0.0
2011-01-10,0.0165766133496834,0.0
2011-01-11,0.0156293065819795,0.0
2011-01-12,0.0213022665413565,0.0
2011-01-13,0.0075152841031455,0.0
2011-01-14,0.0021236083023191,0.0
2011-01-17,0.0019777425206282,0.0
2011-01-18,0.0093314648944365,0.0
2011-01-19,0.0090044957691058,0.0
2011-01-20,0.0029893111075224,0.0
2011-01-21,0.0131818374967804,0.0
2011-01-24,0.0039152144220842,0.0
2011-01-25,0.0033751753158155,0.0
2011-01-26,0.0072998420490049,0.0
2011-01-27,0.0025898315110261,0.0
2011-01-28,0.0142028634488219,0.0
2011-01-31,0.0007942066081976,0.0
2011-02-01,0.016618139091409,0.0
2011-02-02,0.0014964926110407,0.0
2011-02-03,0.0073897652315151,0.0
2011-02-04,0.0026274472629786,0.0
2011-02-07,0.0107128167009363,0.0
2011-02-08,0.0042614581886454,0.0
2011-02-09,0.0042761396773294,0.0
2011-02-10,0.0010749981261529,0.0
2011-02-11,0.0015055706355548,0.0
2011-02-14,0.0011441770830776,0.0
2011-02-15,0.0033434400578047,0.0
2011-02-16,0.0099061340265786,0.0
2011-02-17,0.0002529738405492,0.0
2011-02-18,0.0011625507236862,0.0
2011-02-21,0.0144722658084696,0.0
2011-02-22,0.0115715545306978,0.0
2011-02-23,0.0092145275305575,0.0
2011-02-24,0.0008675879182322,0.0
2011-02-25,0.0150348974628066,0.0
2011-02-28,0.0097718743926492,0.0
2011-03-01,0.0105657223351214,0.0
2011-03-02,0.0081047053951003,0.0
2011-03-03,0.0065323715568409,0.0
2011-03-04,0.010036020262517,0.0
2011-03-07,0.0074401698665563,0.0
2011-03-08,0.0063699894047277,0.0
2011-03-09,0.005518272717964,0.0
2011-03-10,0.0074945858795401,0.0
2011-03-11,0.0089476170977518,0.0
2011-03-14,0.0129735927637239,0.0
2011-03-15,0.0253810035285749,0.0
2011-03-16,0.0225462046020078,0.0
2011-03-17,0.0239628351391288,0.0
2011-03-18,0.0063214141209809,0.0
2011-03-21,0.0244299932311786,0.0
2011-03-22,0.0030113526562151,0.0
2011-03-23,0.0053853153268888,0.0
2011-03-24,0.0139830042457236,0.0
2011-03-25,0.0008914990818483,0.0
2011-03-28,0.0011497997839569,0.0
2011-03-29,0.0027245310569702,0.0
2011-03-30,0.0091460435616896,0.0
2011-03-31,0.008800077336466,0.0
2011-04-01,0.0163058231740883,0.0
2011-04-04,0.0029243181820604,0.0
2011-04-05,0.0002918939477554,0.0
2011-04-06,0.0015871452799569,0.0
2011-04-07,0.0049179723308455,0.0
2011-04-08,0.0083088218482116,0.0
2011-04-11,0.0057304387800707,0.0
2011-04-12,0.0154956385222183,0.0
2011-04-13,0.007423437199906,0.0
2011-04-14,0.0089863450052223,0.0
2011-04-15,0.0010296174304452,0.0
2011-04-18,0.0237392293340074,0.0
2011-04-19,0.0070194689764752,0.0
2011-04-20,0.0242745672164561,0.0
2011-04-21,0.00430070198171,0.0
2011-04-26,0.0058038251802647,0.0
2011-04-27,0.0055293876777086,0.0
2011-04-28,0.0090987195582664,0.0
2011-04-29,0.0004919785419638,0.0
2011-05-02,0.0004503815749422,0.0
2011-05-03,0.0029078117010665,0.0
2011-05-04,0.0131967911992322,0.0
2011-05-05,0.0095079656691433,0.0
2011-05-06,0.0131815582461699,0.0
2011-05-09,0.0125849896405341,0.0
2011-05-10,0.0112287262123354,0.0
2011-05-11,0.0013735299589093,0.0
2011-05-12,0.008609989018879,0.0
2011-05-13,0.0011041692340257,0.0
2011-05-16,0.0072496821173575,0.0
2011-05-17,0.0121644562617698,0.0
2011-05-18,0.009197502457897,0.0
2011-05-19,0.0124262417537614,0.0
2011-05-20,0.0092011569204969,0.0
2011-05-23,0.0212395732214281,0.0
2011-05-24,0.0025306965616319,0.0
2011-05-25,0.0030870043054145,0.0
2011-05-26,0.0030001818504554,0.0
2011-05-27,0.0085814334032221,0.0
2011-05-30,0.0021409878214334,0.0
2011-05-31,0.0162051864809787,0.0
2011-06-01,0.0105698936997001,0.0
2011-06-02,0.0190821812481567,0.0
2011-06-03,0.0002081638061491,0.0
2011-06-06,0.0070363324684938,0.0
2011-06-07,0.0022028883537591,0.0
2011-06-08,0.0088043064309628,0.0
2011-06-09,0.0105409483328644,0.0
2011-06-10,0.0191474625483009,0.0
2011-06-13,0.0006620567101405,0.0
2011-06-14,0.0148513048909107,0.0
2011-06-15,0.015050927647529,0.0
2011-06-16,0.0038267536167884,0.0
2011-06-17,0.0082536511350066,0.0
2011-06-20,0.0063174327779351,0.0
2011-06-21,0.0201681654408876,0.0
2011-06-22,0.0014712515199314,0.0
2011-06-23,0.0218257339610535,0.0
2011-06-24,0.0007896876379292,0.0
2011-06-27,0.0030997142347211,0.0
2011-06-28,0.0144711365754256,0.0
2011-06-29,0.0186062396217841,0.0
2011-06-30,0.0146667830922767,0.0
2011-07-01,0.0062932675911321,0.0
2011-07-04,0.0010586134933055,0.0
2011-07-05,0.0060837599932836,0.0
2011-07-06,0.0044054518116945,0.0
2011-07-07,0.0046893851268202,0.0
2011-07-08,0.0168268562347545,0.0
2011-07-11,0.0274694682011983,0.0
2011-07-12,0.0088081607503064,0.0
2011-07-13,0.0050611750882678,0.0
2011-07-14,0.0111446680863434,0.0
2011-07-15,0.0065901510142995,0.0
2011-07-18,0.0205719714554507,0.0
2011-07-19,0.0120453507683499,0.0
2011-07-20,0.0160147716238327,0.0
2011-07-21,0.0164174942370289,0.0
2011-07-22,0.006775956661425,0.0
2011-07-25,0.0077668264759573,0.0
2011-07-26,0.0066019404421033,0.0
2011-07-27,0.0143076549951467,0.0
2011-07-28,0.0057502327331159,0.0
2011-07-29,0.010802426087734,0.0
2011-08-01,0.0233372580342655,0.0
2011-08-02,0.0183555926654392,0.0
2011-08-03,0.019448226409184,0.0
2011-08-04,0.0397348455032927,0.0
2011-08-05,0.0126659089919212,0.0
2011-08-08,0.04790925688692,0.0
2011-08-09,0.0161872842340364,0.0
2011-08-10,0.0560738910849444,0.0
2011-08-11,0.0284525683061401,0.0
2011-08-12,0.0394178694567157,0.0
2011-08-15,0.0078042888400274,0.0
2011-08-16,0.0025224763757775,0.0
2011-08-17,0.0072288111637235,0.0
2011-08-18,0.0563464489722058,0.0
2011-08-19,0.0193834257752992,0.0
2011-08-22,0.011327785694984,0.0
2011-08-23,0.010760032479756,0.0
2011-08-24,0.0177320325422619,0.0
2011-08-25,0.0065670554750115,0.0
2011-08-26,0.0101054273609631,0.0
2011-08-29,0.0213278723262654,0.0
2011-08-30,0.0017548600511375,0.0
2011-08-31,0.0302430964930761,0.0
2011-09-01,0.0027811265412416,0.0
2011-09-02,0.0365782791233887,0.0
2011-09-05,0.0484767299521861,0.0
2011-09-06,0.0113661320638986,0.0
2011-09-07,0.0356200093348311,0.0
2011-09-08,0.0041078563772543,0.0
2011-09-09,0.0367144463277314,0.0
2011-09-12,0.0411009324157382,0.0
2011-09-13,0.0139555959935448,0.0
2011-09-14,0.0185526585022775,0.0
2011-09-15,0.0321909653911252,0.0
2011-09-16,0.004785513961124,0.0
2011-09-19,0.0305094360807995,0.0
2011-09-20,0.0148718732457532,0.0
2011-09-21,0.0162946303407948,0.0
2011-09-22,0.0539317871068054,0.0
2011-09-23,0.0101686295651316,0.0
2011-09-26,0.0173671929938817,0.0
2011-09-27,0.0557845123732788,0.0
2011-09-28,0.0092241111318277,0.0
2011-09-29,0.0106354478436391,0.0
2011-09-30,0.0152059194561025,0.0
2011-10-03,0.0186608365663359,0.0
2011-10-04,0.0264079775230579,0.0
2011-10-05,0.0423622146397015,0.0
2011-10-06,0.033551067441355,0.0
2011-10-07,0.0065435883645017,0.0
2011-10-10,0.0210682543452126,0.0
2011-10-11,0.0025178045836828,0.0
2011-10-12,0.0238885386375569,0.0
2011-10-13,0.0133466437021854,0.0
2011-10-14,0.0096646414912446,0.0
2011-10-17,0.0162379007367937,0.0
2011-10-18,0.0079148430101255,0.0
2011-10-19,0.0051568406605827,0.0
2011-10-20,0.0234797533908428,0.0
2011-10-21,0.027904063815159,0.0
2011-10-24,0.0153699551475512,0.0
2011-10-25,0.0144401967704115,0.0
2011-10-26,0.0014722537373628,0.0
2011-10-27,0.0608914558782832,0.0
2011-10-28,0.0059519277646485,0.0
2011-10-31,0.0321017557950084,0.0
2011-11-01,0.0553160510654684,0.0
2011-11-02,0.0136789819526144,0.0
2011-11-03,0.0269217256291352,0.0
2011-11-04,0.022763981554411,0.0
2011-11-07,0.0064074316361751,0.0
2011-11-08,0.0127104594980584,0.0
2011-11-09,0.0219163151568593,0.0
2011-11-10,0.0033615094255256,0.0
2011-11-11,0.0272101764395447,0.0
2011-11-14,0.0129205379583091,0.0
2011-11-15,0.0194287673058052,0.0
2011-11-16,0.0051586449714936,0.0
2011-11-17,0.0179784779546015,0.0
2011-11-18,0.0044213043537091,0.0
2011-11-21,0.0346507630758921,0.0
2011-11-22,0.0084154534894227,0.0
2011-11-23,0.0169507198866011,0.0
2011-11-24,6.375264598343482e-05,0.0
2011-11-25,0.0122271732544329,0.0
2011-11-28,0.0531513921171792,0.0
2011-11-29,0.004579739169344,0.0
2011-11-30,0.0413753384465727,0.0
2011-12-01,0.007851067763763,0.0
2011-12-02,0.0111202278719866,0.0
2011-12-05,0.0114134967233485,0.0
2011-12-06,0.0067859380129394,0.0
2011-12-07,0.0011485609795152,0.0
2011-12-08,0.0256700296649066,0.0
2011-12-09,0.0245264586270392,0.0
2011-12-12,0.0264342444790218,0.0
2011-12-13,0.0035245077944409,0.0
2011-12-14,0.033876703929751,0.0
2011-12-15,0.0075516464456655,0.0
2011-12-16,0.0088527788753127,0.0
2011-12-19,0.0006389985397788,0.0
2011-12-20,0.0269321300368649,0.0
2011-12-21,0.0081894955558553,0.0
2011-12-22,0.0135460115587716,0.0
2011-12-23,0.0098123813108291,0.0
2011-12-27,0.0003287628145206,0.0
2011-12-28,0.0103755523154958,0.0
2011-12-29,0.0182238498569852,0.0
2011-12-30,0.0102587511904709,0.0
2012-01-03,0.0267266612803244,0.0
2012-01-04,0.016074146285815,0.0
2012-01-05,0.015379187802974,0.0
2012-01-06,0.0024035287558791,0.0
2012-01-09,0.0030870220093192,0.0
2012-01-10,0.0262223307691981,0.0
2012-01-11,0.0018579537264094,0.0
2012-01-12,0.0015145175388373,0.0
2012-01-13,0.0010912239396649,0.0
2012-01-16,0.0088796205048049,0.0
2012-01-17,0.0138539735663359,0.0
2012-01-18,0.0015486217629314,0.0
2012-01-19,0.0194156153475404,0.0
2012-01-20,0.0022374292755218,0.0
2012-01-23,0.0050811296461539,0.0
2012-01-24,0.0047349898473436,0.0
2012-01-25,0.0030654802599666,0.0
2012-01-26,0.0152046682675374,0.0
2012-01-27,0.0133105938007409,0.0
2012-01-30,0.0161354931273597,0.0
2012-01-31,0.0100272637727035,0.0
2012-02-01,0.0206757466097447,0.0
2012-02-02,0.002728289844119,0.0
2012-02-03,0.0150666112215506,0.0
2012-02-06,0.0066294031019955,0.0
2012-02-07,0.0018395763547827,0.0
2012-02-08,0.0004515224069185,0.0
2012-02-09,0.0043044938950046,0.0
2012-02-10,0.0151727557408495,0.0
2012-02-13,0.0033769430654974,0.0
2012-02-14,0.0026360683610503,0.0
2012-02-15,0.004348285550887,0.0
2012-02-16,0.0008549744910228,0.0
2012-02-17,0.0135728700412667,0.0
2012-02-20,0.0095252916702576,0.0
2012-02-21,0.002104434413143,0.0
2012-02-22,0.0051702360110862,0.0
2012-02-23,1.7421719998753907e-05,0.0
2012-02-24,0.0057040943664846,0.0
2012-02-27,0.007405448115817,0.0
2012-02-28,0.0036372016850701,0.0
2012-02-29,0.0004459719047991,0.0
2012-03-01,0.0136017072876016,0.0
2012-03-02,0.0004113589528892,0.0
2012-03-05,0.0039005482183155,0.0
2012-03-06,0.0364940217560798,0.0
2012-03-07,0.0088144179029864,0.0
2012-03-08,0.0250439252582686,0.0
2012-03-09,0.0026184575421014,0.0
2012-03-12,0.0007395380687595,0.0
2012-03-13,0.0170737033050274,0.0
2012-03-14,0.00403395161644,0.0
2012-03-15,0.0043948472455766,0.0
2012-03-16,0.0040752768882116,0.0
2012-03-19,0.0047263104064158,0.0
2012-03-20,0.0132374205688734,0.0
2012-03-21,0.0009804089198096,0.0
2012-03-22,0.0156893187402278,0.0
2012-03-23,0.0010707048043984,0.0
2012-03-26,0.0073945471911653,0.0
2012-03-27,0.0092920605579277,0.0
2012-03-28,0.0114324931598467,0.0
2012-03-29,0.0143969133169706,0.0
2012-03-30,0.012546932986105,0.0
2012-04-02,0.0113552674759031,0.0
2012-04-03,0.0163416784197217,0.0
2012-04-04,0.0277716024625404,0.0
2012-04-05,0.0019116002319496,0.0
2012-04-10,0.0312717996379277,0.0
2012-04-11,0.0062243240780202,0.0
2012-04-12,0.0098656801450374,0.0
2012-04-13,0.0249901374073184,0.0
2012-04-16,0.0050638219887584,0.0
2012-04-17,0.0268507356110723,0.0
2012-04-18,0.0159873507755825,0.0
2012-04-19,0.0206639145918206,0.0
2012-04-20,0.0045767716926623,0.0
2012-04-23,0.0286994965506235,0.0
2012-04-24,0.0226408708293886,0.0
2012-04-25,0.0200356838444228,0.0
2012-04-26,0.0012811493275671,0.0
2012-04-27,0.0113770571202727,0.0
2012-04-30,0.016505820770407,0.0
2012-05-02,0.0042024462753294,0.0
2012-05-03,0.0009209654503101,0.0
2012-05-04,0.0192290852873833,0.0
2012-05-07,0.0163894645760053,0.0
2012-05-08,0.028214409620579,0.0
2012-05-09,0.0019701122045371,0.0
2012-05-10,0.0036871066557515,0.0
2012-05-11,0.0001277655530362,0.0
2012-05-14,0.0232016914675938,0.0
2012-05-15,0.0061404727675861,0.0
2012-05-16,0.0030880428861043,0.0
2012-05-17,0.0121044176786148,0.0
2012-05-18,0.0013255805491714,0.0
2012-05-21,0.006346144477974,0.0
2012-05-22,0.0186351160871546,0.0
2012-05-23,0.0265549650999607,0.0
2012-05-24,0.0115799902160112,0.0
2012-05-25,0.0031842415984543,0.0
2012-05-28,0.0016319308207942,0.0
2012-05-29,0.0136203895206332,0.0
2012-05-30,0.0226621830058613,0.0
2012-05-31,0.00047406889796,0.0
2012-06-01,0.0223018081935073,0.0
2012-06-04,0.0013615740594,0.0
2012-06-05,0.0106421770530045,0.0
2012-06-06,0.0239367420124054,0.0
2012-06-07,0.0041503488860538,0.0
2012-06-08,0.0063597954527849,0.0
2012-06-11,0.0029305148464464,0.0
2012-06-12,0.0013629319944722,0.0
2012-06-13,0.005552099825745,0.0
2012-06-14,0.000795023906082,0.0
2012-06-15,0.0180297479974686,0.0
2012-06-18,0.0069648761361572,0.0
2012-06-19,0.0167303583635079,0.0
2012-06-20,0.0027544834042723,0.0
2012-06-21,0.0039418609889712,0.0
2012-06-22,0.0075164311499869,0.0
2012-06-25,0.0226625842450041,0.0
2012-06-26,0.002959701832385,0.0
2012-06-27,0.0165940496531247,0.0
2012-06-28,0.00374180637256,0.0
2012-06-29,0.0464111196543394,0.0
2012-07-02,0.0135316853249544,0.0
2012-07-03,0.0095218339169228,0.0
2012-07-04,0.0010552004581006,0.0
2012-07-05,0.0118176662324844,0.0
2012-07-06,0.018934184571934,0.0
2012-07-09,0.0037909521252901,0.0
2012-07-10,0.0058778584335356,0.0
2012-07-11,0.0057353346432085,0.0
2012-07-12,0.0070148286435382,0.0
2012-07-13,0.014449332858766,0.0
2012-07-16,0.0002861807130968,0.0
2012-07-17,0.0009218158957516,0.0
2012-07-18,0.018224634579263,0.0
2012-07-19,0.0086905662568406,0.0
2012-07-20,0.0216035279946178,0.0
2012-07-23,0.0293440284228131,0.0
2012-07-24,0.0086947389995107,0.0
2012-07-25,0.0022935607961277,0.0
2012-07-26,0.0398790053327585,0.0
2012-07-27,0.0225279549861428,0.0
2012-07-30,0.0122772740382621,0.0
2012-07-31,0.0087866336234098,0.0
2012-08-01,0.009042599628523,0.0
2012-08-02,0.0271911245485044,0.0
2012-08-03,0.0429118329750213,0.0
2012-08-06,0.0080788889951447,0.0
2012-08-07,0.0150903453625551,0.0
2012-08-08,0.0043589802072368,0.0
2012-08-09,0.0053517260512013,0.0
2012-08-10,0.0061198199542536,0.0
2012-08-13,0.002684398223128,0.0
2012-08-14,0.0069394543325122,0.0
2012-08-15,0.0003101885717304,0.0
2012-08-16,0.0090307797265582,0.0
2012-08-17,0.0022643258068884,0.0
2012-08-20,0.0022384424614415,0.0
2012-08-21,0.0093511133914508,0.0
2012-08-22,0.0148047566021424,0.0
2012-08-23,0.0084389702529152,0.0
2012-08-24,0.0001893166662567,0.0
2012-08-27,0.0085905241779538,0.0
2012-08-28,0.0090741280153391,0.0
2012-08-29,0.0051596962593748,0.0
2012-08-30,0.0102399791152301,0.0
2012-08-31,0.009999806556029,0.0
2012-09-03,0.0118368047055693,0.0
2012-09-04,0.0159559539598751,0.0
2012-09-05,0.0019838856037235,0.0
2012-09-06,0.0301048795634865,0.0
2012-09-07,0.0026092652245936,0.0
2012-09-10,0.0037010191052902,0.0
2012-09-11,0.0088736764818126,0.0
2012-09-12,0.0018330488585952,0.0
2012-09-13,0.0118368287006993,0.0
2012-09-14,0.0224441074152528,0.0
2012-09-17,0.0078175818668227,0.0
2012-09-18,0.0116043747356961,0.0
2012-09-19,0.0054312291279367,0.0
2012-09-20,0.0062201152340528,0.0
2012-09-21,0.0059085849180298,0.0
2012-09-24,0.0095334490630682,0.0
2012-09-25,0.004732576749977,0.0
2012-09-26,0.0285702700018197,0.0
2012-09-27,0.0071431317623625,0.0
2012-09-28,0.0248756592083154,0.0
2012-10-01,0.0236129594610089,0.0
2012-10-02,0.0060591115182362,0.0
2012-10-03,0.0024075260886434,0.0
2012-10-04,0.0014161637748395,0.0
2012-10-05,0.0162844467246627,0.0
2012-10-08,0.0147185564119123,0.0
2012-10-09,0.0069963211790918,0.0
2012-10-10,0.0050113569770311,0.0
2012-10-11,0.0141160888653378,0.0
2012-10-12,0.0072440760136215,0.0
2012-10-15,0.0091639064522061,0.0
2012-10-16,0.023309059494609,0.0
2012-10-17,0.0075579176163192,0.0
2012-10-18,0.0021747933481217,0.0
2012-10-19,0.0086992037173546,0.0
2012-10-22,0.006099228364035,0.0
2012-10-23,0.0222803947799782,0.0
2012-10-24,0.0058510395279747,0.0
2012-10-25,0.0043755311515537,0.0
2012-10-26,0.0068822721825512,0.0
2012-10-29,0.007656458194808,0.0
2012-10-30,0.0147200157264711,0.0
2012-10-31,0.0087592930883468,0.0
2012-11-01,0.0133621359728587,0.0
2012-11-02,0.0048967955780343,0.0
2012-11-05,0.0126669938955586,0.0
2012-11-06,0.0087077830065897,0.0
2012-11-07,0.0200550616557622,0.0
2012-11-08,0.0005603874555402,0.0
2012-11-09,0.0046521984637834,0.0
2012-11-12,0.0034878696372657,0.0
2012-11-13,0.005539184848804,0.0
2012-11-14,0.0089538817576101,0.0
2012-11-15,0.0051958318803072,0.0
2012-11-16,0.0121596886898778,0.0
2012-11-19,0.0289235944895977,0.0
2012-11-20,0.0065144109292805,0.0
2012-11-21,0.0044096115393284,0.0
2012-11-22,0.0059808432354604,0.0
2012-11-23,0.0087036243199372,0.0
2012-11-26,0.0079263965171138,0.0
2012-11-27,0.0003398342291509,0.0
2012-11-28,0.0037222398294215,0.0
2012-11-29,0.0151582270561974,0.0
2012-11-30,0.0032555721185095,0.0
2012-12-03,0.0026137657596077,0.0
2012-12-04,0.0038868822979134,0.0
2012-12-05,0.002794604385941,0.0
2012-12-06,0.0031005781102141,0.0
2012-12-07,0.0010989489684892,0.0
2012-12-10,0.0017983520532311,0.0
2012-12-11,0.0093824419030589,0.0
2012-12-12,0.0001398664655824,0.0
2012-12-13,0.0009684859706803,0.0
2012-12-14,4.121274707498525e-05,0.0
2012-12-17,0.001422788653836,0.0
2012-12-18,0.0028901283604421,0.0
2012-12-19,0.0043647614813719,0.0
2012-12-20,0.0005837673485652,0.0
2012-12-21,0.0014546901188054,0.0
2012-12-27,0.0035061932397304,0.0
2012-12-28,0.0148086702760992,0.0
2013-01-02,0.0309181957572306,0.0
2013-01-03,0.0034231660142887,0.0
2013-01-04,0.0023754868383591,0.0
2013-01-07,0.0068275417692256,0.0
2013-01-08,0.0003346567537855,0.0
2013-01-09,0.003117220435317,0.0
2013-01-10,0.0038621970185636,0.0
2013-01-11,0.0007827905636329,0.0
2013-01-14,0.0006015374487625,0.0
2013-01-15,0.0029436939804891,0.0
2013-01-16,0.0030084098084066,0.0
2013-01-17,0.0095591841670266,0.0
2013-01-18,0.0006759642278801,0.0
2013-01-21,0.0057164887387973,0.0
2013-01-22,0.0058688606725211,0.0
2013-01-23,0.0039747555474206,0.0
2013-01-24,0.0069534429572033,0.0
2013-01-25,0.0069027769050169,0.0
2013-01-28,0.0007223078714866,0.0
2013-01-29,0.0013031228907608,0.0
2013-01-30,0.0053765550203102,0.0
2013-01-31,0.0087809031817064,0.0
2013-02-01,0.0109058427238923,0.0
2013-02-04,0.0305723777212727,0.0
2013-02-05,0.0094608141573417,0.0
2013-02-06,0.0141193061514535,0.0
2013-02-07,0.0115545577767721,0.0
2013-02-08,0.0133646887478592,0.0
2013-02-11,0.0002959085712271,0.0
2013-02-12,0.0098131397232767,0.0
2013-02-13,0.0032362311265676,0.0
2013-02-14,0.0078527604175637,0.0
2013-02-15,0.0025184236979448,0.0
2013-02-18,0.0018205405661712,0.0
2013-02-19,0.0185825498514629,0.0
2013-02-20,0.0069678581379411,0.0
2013-02-21,0.0232003716534439,0.0
2013-02-22,0.0222295582295103,0.0
2013-02-25,0.0040524661922352,0.0
2013-02-26,0.0270769018604804,0.0
2013-02-27,0.0190259175394333,0.0
2013-02-28,0.0084996269485192,0.0
2013-03-01,0.0062213236153676,0.0
2013-03-04,0.0026587158571015,0.0
2013-03-05,0.0206571166970464,0.0
2013-03-06,0.0035524493221214,0.0
2013-03-07,0.0052910367525092,0.0
2013-03-08,0.012148511646646,0.0
2013-03-11,0.0010108574523982,0.0
2013-03-12,0.0009640009856678,0.0
2013-03-13,0.0010239517611351,0.0
2013-03-14,0.0092221179571094,0.0
2013-03-15,0.0071414095662022,0.0
2013-03-18,0.0048399751809305,0.0
2013-03-19,0.013082289424191,0.0
2013-03-20,0.0141508909225996,0.0
2013-03-21,0.0143892567044902,0.0
2013-03-22,0.0012087407434,0.0
2013-03-25,0.0112854051760332,0.0
2013-03-26,0.0055265521169763,0.0
2013-03-27,0.0099192803596546,0.0
2013-03-28,0.005315038802545,0.0
2013-04-02,0.0196244205316026,0.0
2013-04-03,0.0133356355613884,0.0
2013-04-04,0.0076994331308703,0.0
2013-04-05,0.016964679150829,0.0
2013-04-08,0.0009003907219322,0.0
2013-04-09,0.0010739193962282,0.0
2013-04-10,0.0196892677867193,0.0
2013-04-11,0.0084980906618485,0.0
2013-04-12,0.0123546170013502,0.0
2013-04-15,0.0050593185361816,0.0
2013-04-16,0.0066763471455127,0.0
2013-04-17,0.0237649676258783,0.0
2013-04-18,3.6153455482306377e-05,0.0
2013-04-19,0.0145079173492489,0.0
2013-04-22,4.652787100530304e-05,0.0
2013-04-23,0.0352200485492396,0.0
2013-04-24,0.0157071079170589,0.0
2013-04-25,0.0006429360964631,0.0
2013-04-26,0.0079524220870573,0.0
2013-04-29,0.0152710206899208,0.0
2013-04-30,0.0030884860077007,0.0
2013-05-02,0.0005210309645253,0.0
2013-05-03,0.0139456618738484,0.0
2013-05-06,0.001511488695485,0.0
2013-05-07,0.003648285193791,0.0
2013-05-08,0.008875847978553,0.0
2013-05-09,0.0070261399058106,0.0
2013-05-10,0.0064066918281115,0.0
2013-05-13,0.0021851114263347,0.0
2013-05-14,0.0052735356288913,0.0
2013-05-15,0.0040687856389996,0.0
2013-05-16,0.0007938181593279,0.0
2013-05-17,0.0055636747790205,0.0
2013-05-20,0.0053788153314647,0.0
2013-05-21,0.0033080522325504,0.0
2013-05-22,0.0036922609850259,0.0
2013-05-23,0.0209430160080441,0.0
2013-05-24,0.002614827790384,0.0
2013-05-27,0.0096505061202507,0.0
2013-05-28,0.0137715511507827,0.0
2013-05-29,0.0190517881931619,0.0
2013-05-30,0.0055680805796838,0.0
2013-05-31,0.0120128745965219,0.0
2013-06-03,0.0070960377819442,0.0
2013-06-04,0.0013152761088131,0.0
2013-06-05,0.0188711151682747,0.0
2013-06-06,0.0099547726756677,0.0
2013-06-07,0.0151716306316386,0.0
2013-06-10,0.0021274490245102,0.0
2013-06-11,0.0140199321685541,0.0
2013-06-12,0.004434392045531,0.0
2013-06-13,0.0011275580079452,0.0
2013-06-14,0.0018886759618683,0.0
2013-06-17,0.0152568807461992,0.0
2013-06-18,0.0008052249912962,0.0
2013-06-19,0.0055091733014747,0.0
2013-06-20,0.0372569295626717,0.0
2013-06-21,0.0111160746323364,0.0
2013-06-24,0.0172083089029089,0.0
2013-06-25,0.0149586834177624,0.0
2013-06-26,0.0206681479390789,0.0
2013-06-27,0.0096552011011561,0.0
2013-06-28,0.0062071174884912,0.0
2013-07-01,0.0076122361690593,0.0
2013-07-02,0.0066337782833018,0.0
2013-07-03,0.0108966414487458,0.0
2013-07-04,0.0285721677289602,0.0
2013-07-05,0.014666079754953,0.0
2013-07-08,0.0184705525629333,0.0
2013-07-09,0.005146477136196,0.0
2013-07-10,0.0007886501639794,0.0
2013-07-11,0.007380515825147,0.0
2013-07-12,0.0035965255175925,0.0
2013-07-15,0.0060747515647553,0.0
2013-07-16,0.0071284748152826,0.0
2013-07-17,0.0054356871401097,0.0
2013-07-18,0.0143005969519778,0.0
2013-07-19,0.0006290426979335,0.0
2013-07-22,0.0037125047175983,0.0
2013-07-23,0.0042807677121064,0.0
2013-07-24,0.0100585977018804,0.0
2013-07-25,0.0016997543993539,0.0
2013-07-26,0.0032354084157519,0.0
2013-07-29,1.759294982875099e-05,0.0
2013-07-30,0.00444979699011,0.0
2013-07-31,0.0015239018770464,0.0
2013-08-01,0.0124550269756537,0.0
2013-08-02,0.0007220041699695,0.0
2013-08-05,0.0010672607748842,0.0
2013-08-06,0.0043055596729175,0.0
2013-08-07,0.0014669505352789,0.0
2013-08-08,0.0063756068410884,0.0
2013-08-09,0.0030045902939795,0.0
2013-08-12,0.0011953805376374,0.0
2013-08-13,0.0051003563536052,0.0
2013-08-14,0.0052884217458598,0.0
2013-08-15,0.0051174037076332,0.0
2013-08-16,0.0074698775175787,0.0
2013-08-19,0.0097249274705837,0.0
2013-08-20,0.0135711832954468,0.0
2013-08-21,0.0034410300751364,0.0
2013-08-22,0.0109064452441412,0.0
2013-08-23,0.0025465324236554,0.0
2013-08-26,0.000575200451607,0.0
2013-08-27,0.0244914228391773,0.0
2013-08-28,0.002085969081613,0.0
2013-08-29,0.0065158794858749,0.0
2013-08-30,0.0132752466333817,0.0
2013-09-02,0.0181949328081871,0.0
2013-09-03,0.0080049602638155,0.0
2013-09-04,0.0015965460695063,0.0
2013-09-05,0.0066056082022248,0.0
2013-09-06,0.0105239167035072,0.0
2013-09-09,0.002190455503515,0.0
2013-09-10,0.0187109387215704,0.0
2013-09-11,0.0005997575537217,0.0
2013-09-12,0.0030343751272679,0.0
2013-09-13,0.0019146077738275,0.0
2013-09-16,0.0091258626506436,0.0
2013-09-17,0.0016174184258698,0.0
2013-09-18,0.0059861667668357,0.0
2013-09-19,0.0085096656907756,0.0
2013-09-20,0.0005659851887127,0.0
2013-09-23,0.007540880421535,0.0
2013-09-24,0.0056239768298873,0.0
2013-09-25,6.191559161108191e-05,0.0
2013-09-26,0.0020591299142091,0.0
2013-09-27,1.189580117885211e-05,0.0
2013-09-30,0.0104032117118715,0.0
2013-10-01,0.012748350359641,0.0
2013-10-02,0.0092019905981038,0.0
2013-10-03,0.0072845278358253,0.0
2013-10-04,0.0087480089002261,0.0
2013-10-07,0.0003193530057225,0.0
2013-10-08,0.0077238289005379,0.0
2013-10-09,0.0015688927701591,0.0
2013-10-10,0.0218243093043977,0.0
2013-10-11,0.0004432560574131,0.0
2013-10-14,0.0007059106456228,0.0
2013-10-15,0.0077981611479705,0.0
2013-10-16,0.0028941621587912,0.0
2013-10-17,0.0009619014801937,0.0
2013-10-18,0.0108824542072111,0.0
2013-10-21,0.0021277403301053,0.0
2013-10-22,0.0043186016585616,0.0
2013-10-23,0.0081275932310747,0.0
2013-10-24,0.0035213646383043,0.0
2013-10-25,0.0007908008864385,0.0
2013-10-28,0.0048569757096994,0.0
2013-10-29,0.0062089092104909,0.0
2013-10-30,0.0009307501911579,0.0
2013-10-31,0.0060136111802125,0.0
2013-11-01,0.0062288655645381,0.0
2013-11-04,0.0035973639448171,0.0
2013-11-05,0.0082534512435201,0.0
2013-11-06,0.0078663801421311,0.0
2013-11-07,0.0013865540466162,0.0
2013-11-08,0.0048119184255001,0.0
2013-11-11,0.00694697072861,0.0
2013-11-12,0.006163357910537,0.0
2013-11-13,0.0056069360168077,0.0
2013-11-14,0.0103170760542812,0.0
2013-11-15,0.001940226417969,0.0
2013-11-18,0.0066064311067611,0.0
2013-11-19,0.0112628455676393,0.0
2013-11-20,0.000917943596522,0.0
2013-11-21,0.0033958625381076,0.0
2013-11-22,0.0057732561825955,0.0
2013-11-25,0.0054636648211014,0.0
2013-11-26,0.0056880570057075,0.0
2013-11-27,0.0036147287780295,0.0
2013-11-28,0.0021778578978846,0.0
2013-11-29,0.0016771977221405,0.0
2013-12-02,0.0021908598470137,0.0
2013-12-03,0.0268085968231246,0.0
2013-12-04,0.0057493337010033,0.0
2013-12-05,0.0117865884778214,0.0
2013-12-06,0.0071598209829046,0.0
2013-12-09,0.0011447928926583,0.0
2013-12-10,0.010446040669706,0.0
2013-12-11,0.0010466582408794,0.0
2013-12-12,0.0043501866659721,0.0
2013-12-13,0.0023152557903373,0.0
2013-12-16,0.0147124754101914,0.0
2013-12-17,0.0125152434026533,0.0
2013-12-18,0.0099949780805489,0.0
2013-12-19,0.0108329826786729,0.0
2013-12-20,0.009463369749341,0.0
2013-12-23,0.0051183048667401,0.0
2013-12-24,0.0007399165864548,0.0
2013-12-27,0.0139454537137375,0.0
2013-12-30,0.00045360921802,0.0
2013-12-31,0.0047226025353671,0.0
2014-01-02,0.0161140544690577,0.0
2014-01-03,0.0048071564404513,0.0
2014-01-06,0.0047455929981206,0.0
2014-01-07,0.0082778388515589,0.0
2014-01-08,0.0004036338558438,0.0
2014-01-09,0.0084420491252286,0.0
2014-01-10,0.0060077437039328,0.0
2014-01-13,0.0029763036206858,0.0
2014-01-14,0.0025605200318015,0.0
2014-01-15,0.0134484511799169,0.0
2014-01-16,0.0029590362321102,0.0
2014-01-17,0.001903597050782,0.0
2014-01-20,0.0010728194519375,0.0
2014-01-21,0.0002336730563181,0.0
2014-01-22,0.0002566499071693,0.0
2014-01-23,0.0102302371966313,0.0
2014-01-24,0.0283088455173142,0.0
2014-01-27,0.0040717837659364,0.0
2014-01-28,0.0097793608755859,0.0
2014-01-29,0.0067871615768728,0.0
2014-01-30,0.0055271914881309,0.0
2014-01-31,0.003426854486207,0.0
2014-02-03,0.0140137480507287,0.0
2014-02-04,0.0023586537905974,0.0
2014-02-05,8.253402220727228e-05,0.0
2014-02-06,0.0169305726241084,0.0
2014-02-07,0.0095244882095132,0.0
2014-02-10,0.002114443606606,0.0
2014-02-11,0.0108422431864186,0.0
2014-02-12,0.0051649063648282,0.0
2014-02-13,0.0016940247145334,0.0
2014-02-14,0.0063193372889326,0.0
2014-02-17,0.0011458300288922,0.0
2014-02-18,0.0010293152897536,0.0
2014-02-19,0.0023963028757449,0.0
2014-02-20,0.0033093774232686,0.0
2014-02-21,0.0058535454777035,0.0
2014-02-24,0.0086521000024975,0.0
2014-02-25,0.0010369582546415,0.0
2014-02-26,0.0040038023392174,0.0
2014-02-27,0.0001182763045797,0.0
2014-02-28,0.0026554575097087,0.0
2014-03-03,0.0269497013363433,0.0
2014-03-04,0.0241827292216045,0.0
2014-03-05,0.0010583415167492,0.0
2014-03-06,0.0058558727393851,0.0
2014-03-07,0.0115263638356773,0.0
2014-03-10,0.0010117410654118,0.0
2014-03-11,0.0048436499616693,0.0
2014-03-12,0.0100418010486992,0.0
2014-03-13,0.0130308029601927,0.0
2014-03-14,0.0080643245038872,0.0
2014-03-17,0.0130981330816776,0.0
2014-03-18,0.0096212152020221,0.0
2014-03-19,0.0012062440015549,0.0
2014-03-20,0.0045970822317261,0.0
2014-03-21,0.0017013665252178,0.0
2014-03-24,0.0136886821040733,0.0
2014-03-25,0.0157257665080152,0.0
2014-03-26,0.0094005769593734,0.0
2014-03-27,0.0013897076307495,0.0
2014-03-28,0.0073262069406103,0.0
2014-03-31,0.0044894554298006,0.0
2014-04-01,0.0079880976587291,0.0
2014-04-02,0.0009347132517876,0.0
2014-04-03,0.0041598753181023,0.0
2014-04-04,0.0078845718727989,0.0
2014-04-07,0.010866991274575,0.0
2014-04-08,0.0025392439030293,0.0
2014-04-09,0.0040259602199932,0.0
2014-04-10,0.0065920247144888,0.0
2014-04-11,0.0108506524704174,0.0
2014-04-14,0.0042741317440067,0.0
2014-04-15,0.0089829617719848,0.0
2014-04-16,0.0137837830635049,0.0
2014-04-17,0.0059179783416508,0.0
2014-04-22,0.0117542368756951,0.0
2014-04-23,0.0074155476735892,0.0
2014-04-24,0.0063735903906438,0.0
2014-04-25,0.0080487876904995,0.0
2014-04-28,0.0037959612735947,0.0
2014-04-29,0.0082942024719478,0.0
2014-04-30,0.0022904759124447,0.0
2014-05-02,0.006532921041623,0.0
2014-05-05,0.0010133596956621,0.0
2014-05-06,0.0077879265846805,0.0
2014-05-07,0.0041399793138826,0.0
2014-05-08,0.0135812819599448,0.0
2014-05-09,0.0066693735910864,0.0
2014-05-12,0.0036495961796524,0.0
2014-05-13,0.0025270675193282,0.0
2014-05-14,0.0008838450336655,0.0
2014-05-15,0.0125443295070459,0.0
2014-05-16,0.0025501287073322,0.0
2014-05-19,0.0030203744090162,0.0
2014-05-20,0.0039025948641412,0.0
2014-05-21,0.0037392661569988,0.0
2014-05-22,0.0020520695238385,0.0
2014-05-23,0.0033305887723673,0.0
2014-05-26,0.0074900513232691,0.0
2014-05-27,0.000622705948568,0.0
2014-05-28,0.000414921979606,0.0
2014-05-29,0.0002472081068398,0.0
2014-05-30,0.0024176465248334,0.0
2014-06-02,0.0008144992550099,0.0
2014-06-03,0.0027052706772173,0.0
2014-06-04,0.0005974534389897,0.0
2014-06-05,0.0105484745176788,0.0
2014-06-06,0.0070954664674745,0.0
2014-06-09,0.0017447747987024,0.0
2014-06-10,0.0012804457129988,0.0
2014-06-11,0.0087191061151886,0.0
2014-06-12,0.0001558724799037,0.0
2014-06-13,0.0024446063408209,0.0
2014-06-16,0.0073409742501652,0.0
2014-06-17,0.0057527630316881,0.0
2014-06-18,0.0012573199224728,0.0
2014-06-19,0.0071854368992988,0.0
2014-06-20,0.0047669883473796,0.0
2014-06-23,0.0056907024627281,0.0
2014-06-24,0.0006132493504739,0.0
2014-06-25,0.0128613271456568,0.0
2014-06-26,0.0047122947821912,0.0
2014-06-27,0.0005947418004735,0.0
2014-06-30,0.003194283080401,0.0
2014-07-01,0.0086178934894841,0.0
2014-07-02,0.0036829586585713,0.0
2014-07-03,0.0101090260461031,0.0
2014-07-04,0.0046657589419597,0.0
2014-07-07,0.0142474677733185,0.0
2014-07-08,0.0144556444256685,0.0
2014-07-09,0.0039782455036061,0.0
2014-07-10,0.0135273750588517,0.0
2014-07-11,0.0035369401508878,0.0
2014-07-14,0.0077401607469761,0.0
2014-07-15,0.0103358912520984,0.0
2014-07-16,0.0146987382174547,0.0
2014-07-17,0.0121910187234944,0.0
2014-07-18,0.0044362544662336,0.0
2014-07-21,0.0070763365365303,0.0
2014-07-22,0.0149363721156336,0.0
2014-07-23,0.0015549806946214,0.0
2014-07-24,0.0078139003245797,0.0
2014-07-25,0.0183275391147406,0.0
2014-07-28,0.0032783177721867,0.0
2014-07-29,0.0047782460990419,0.0
2014-07-30,0.0122797143248149,0.0
2014-07-31,0.0154609920334979,0.0
2014-08-01,0.0102642071755441,0.0
2014-08-04,0.0034300341675289,0.0
2014-08-05,0.0037063906260533,0.0
2014-08-06,0.0060994703412879,0.0
2014-08-07,0.0137157260475264,0.0
2014-08-08,0.0004868901369238,0.0
2014-08-11,0.011956304534792,0.0
2014-08-12,0.0085025949427306,0.0
2014-08-13,0.0078090805541836,0.0
2014-08-14,0.0025333008271149,0.0
2014-08-15,0.0074155688236703,0.0
2014-08-18,0.0133946020856184,0.0
2014-08-19,0.0056099174113188,0.0
2014-08-20,0.0032159580297544,0.0
2014-08-21,0.0122199425882144,0.0
2014-08-22,0.0093919808312166,0.0
2014-08-25,0.0207828299848194,0.0
2014-08-26,0.0117453529054897,0.0
2014-08-27,0.0004209076956464,0.0
2014-08-28,0.0066702054603629,0.0
2014-08-29,0.0034297193051262,0.0
2014-09-01,0.0002990738486672,0.0
2014-09-02,0.0003196832052547,0.0
2014-09-03,0.0098953190547135,0.0
2014-09-04,0.0163895965917042,0.0
2014-09-05,0.0018815955496667,0.0
2014-09-08,0.0025799626569972,0.0
2014-09-09,0.0050541834323173,0.0
2014-09-10,0.0003549477070744,0.0
2014-09-11,0.0022245806730962,0.0
2014-09-12,0.0001801934033092,0.0
2014-09-15,0.0029469753310541,0.0
2014-09-16,0.0044083497189081,0.0
2014-09-17,0.0050359481307663,0.0
2014-09-18,0.0074842134680443,0.0
2014-09-19,0.0007797471823994,0.0
2014-09-22,0.0041938274416741,0.0
2014-09-23,0.0189055058635225,0.0
2014-09-24,0.0123949338925387,0.0
2014-09-25,0.0133290671490776,0.0
2014-09-26,0.0090217938746153,0.0
2014-09-29,0.0083813882251388,0.0
2014-09-30,0.0132594499225302,0.0
2014-10-01,0.0116086608723328,0.0
2014-10-02,0.0284872779005762,0.0
2014-10-03,0.0091667541498623,0.0
2014-10-06,0.0011156957212835,0.0
2014-10-07,0.0182168357193351,0.0
2014-10-08,0.0097932608353962,0.0
2014-10-09,0.0064191077154825,0.0
2014-10-10,0.0164918926536469,0.0
2014-10-13,0.0012241756514554,0.0
2014-10-14,0.0023387074092767,0.0
2014-10-15,0.0370073582719588,0.0
2014-10-16,0.0053700664479767,0.0
2014-10-17,0.0288155488233363,0.0
2014-10-20,0.0104531726175514,0.0
2014-10-21,0.0222989043008727,0.0
2014-10-22,0.0058267676668035,0.0
2014-10-23,0.0127296395920795,0.0
2014-10-24,0.0069462646563896,0.0
2014-10-27,0.0078194113275367,0.0
2014-10-28,0.0038808409349251,0.0
2014-10-29,0.0004936662202957,0.0
2014-10-30,0.0074165490878956,0.0
2014-10-31,0.0219368694232804,0.0
2014-11-03,0.0092701516139691,0.0
2014-11-04,0.0153386377332083,0.0
2014-11-05,0.0187638652060208,0.0
2014-11-06,0.004566159042132,0.0
2014-11-07,0.0089789075820561,0.0
2014-11-10,0.0078285964529061,0.0
2014-11-11,0.0050266964710724,0.0
2014-11-12,0.0152472962062304,0.0
2014-11-13,0.0019288907463144,0.0
2014-11-14,0.0034586581153936,0.0
2014-11-17,0.0056095462438996,0.0
2014-11-18,0.0085480571671121,0.0
2014-11-19,0.0008934813047781,0.0
2014-11-20,0.0075243827863284,0.0
2014-11-21,0.0263420954213898,0.0
2014-11-24,0.0048670963901056,0.0
2014-11-25,0.0031700434369095,0.0
2014-11-26,0.0020307021330352,0.0
2014-11-27,0.0020374987892808,0.0
2014-11-28,0.0017874759137233,0.0
2014-12-01,0.0029313012441035,0.0
2014-12-02,0.0025028965255891,0.0
2014-12-03,0.0008109325851629,0.0
2014-12-04,0.0155973047659016,0.0
2014-12-05,0.0218665460256651,0.0
2014-12-08,0.0100058140771463,0.0
2014-12-09,0.0258226218850333,0.0
2014-12-10,0.0084857836504295,0.0
2014-12-11,0.0004850600392991,0.0
2014-12-12,0.0280600612772302,0.0
2014-12-15,0.025524268601236,0.0
2014-12-16,0.0216886201412841,0.0
2014-12-17,0.0045606304517957,0.0
2014-12-18,0.0329113521362498,0.0
2014-12-19,0.0018467094249277,0.0
2014-12-22,0.003008512857614,0.0
2014-12-23,0.0141295874881233,0.0
2014-12-24,0.0044409586816782,0.0
2014-12-29,0.0051266983333727,0.0
2014-12-30,0.0169071321075343,0.0
2014-12-31,0.0063886186920823,0.0
2015-01-02,0.0047999775077869,0.0
2015-01-05,0.033703829776549,0.0
2015-01-06,0.0067993769459482,0.0
2015-01-07,0.0071325730141349,0.0
2015-01-08,0.0352267096415375,0.0
2015-01-09,0.0192250547899035,0.0
2015-01-12,0.0116971945734784,0.0
2015-01-13,0.0145660625430244,0.0
2015-01-14,0.015749287328748,0.0
2015-01-15,0.0233932524917864,0.0
2015-01-16,0.0129660754297495,0.0
2015-01-19,0.0034896544254295,0.0
2015-01-20,0.0115576745337292,0.0
2015-01-21,0.008689003380984,0.0
2015-01-22,0.0150440636759557,0.0
2015-01-23,0.0191206640455037,0.0
2015-01-26,0.0073938953216568,0.0
2015-01-27,0.0109514076581513,0.0
2015-01-28,0.0028738090457474,0.0
2015-01-29,0.0044339855871186,0.0
2015-01-30,0.0058859236641536,0.0
2015-02-02,0.0050736948139812,0.0
2015-02-03,0.010795785593165,0.0
2015-02-04,0.003925652652702,0.0
2015-02-05,0.0014894254191588,0.0
2015-02-06,0.00261221972066,0.0
2015-02-09,0.0085526612586993,0.0
2015-02-10,0.0095370599415994,0.0
2015-02-11,0.0034709299572001,0.0
2015-02-12,0.0099559408030537,0.0
2015-02-13,0.0069916384151276,0.0
2015-02-16,0.0015580754747933,0.0
2015-02-17,0.0004292135236714,0.0
2015-02-18,0.0094294546460763,0.0
2015-02-19,0.0071115123730963,0.0
2015-02-20,0.0004925162688532,0.0
2015-02-23,0.0064787713295068,0.0
2015-02-24,0.0049524731786612,0.0
2015-02-25,0.0008639315438277,0.0
2015-02-26,0.0058001521518495,0.0
2015-02-27,0.0082862872352946,0.0
2015-03-02,0.0069228869481517,0.0
2015-03-03,0.0098237097704646,0.0
2015-03-04,0.0098298662429728,0.0
2015-03-05,0.009343317162519,0.0
2015-03-06,0.0001692876500735,0.0
2015-03-09,0.0054839837364359,0.0
2015-03-10,0.0112536382258332,0.0
2015-03-11,0.0234430409325469,0.0
2015-03-12,0.0020870990669857,0.0
2015-03-13,0.0046270073662543,0.0
2015-03-16,0.0100680174570774,0.0
2015-03-17,0.0063884641313461,0.0
2015-03-18,0.0008923852476066,0.0
2015-03-19,0.0007467785523279,0.0
2015-03-20,0.0099381946550517,0.0
2015-03-23,0.0065017348953232,0.0
2015-03-24,0.0066569174085521,0.0
2015-03-25,0.0133126416524373,0.0
2015-03-26,0.0029200459217714,0.0
2015-03-27,0.0055197010599666,0.0
2015-03-30,0.0097771116319592,0.0
2015-03-31,0.0098605312545339,0.0
2015-04-01,0.0056617570916072,0.0
2015-04-02,0.002351914682621,0.0
2015-04-07,0.0150706651855791,0.0
2015-04-08,0.0027857733320633,0.0
2015-04-09,0.0139363662033306,0.0
2015-04-10,0.0060309358442948,0.0
2015-04-13,0.0026032797621166,0.0
2015-04-14,0.0068868565116528,0.0
2015-04-15,0.0069306270061368,0.0
2015-04-16,0.0056990932498116,0.0
2015-04-17,0.0156701561953855,0.0
2015-04-20,0.0085821305870615,0.0
2015-04-21,0.0009730600144196,0.0
2015-04-22,0.003546752252602,0.0
2015-04-23,0.0061943773619478,0.0
2015-04-24,0.0043428308314674,0.0
2015-04-27,0.0128860692758202,0.0
2015-04-28,0.0182973156834947,0.0
2015-04-29,0.0262411538704832,0.0
2015-04-30,0.0014079284242659,0.0
2015-05-04,0.0070060254019106,0.0
2015-05-05,0.0214606408453046,0.0
2015-05-06,0.0015107026982133,0.0
2015-05-07,0.002888715095395,0.0
2015-05-08,0.0244941045845378,0.0
2015-05-11,0.0123580168200471,0.0
2015-05-12,0.0106414617443303,0.0
2015-05-13,0.0025743538582053,0.0
2015-05-14,0.0135021665261386,0.0
2015-05-15,0.0070816966577681,0.0
2015-05-18,0.0036957856109793,0.0
2015-05-19,0.0207300196723704,0.0
2015-05-20,0.003121771136062,0.0
2015-05-21,0.002607081364798,0.0
2015-05-22,0.0007405656872501,0.0
2015-05-25,0.0050136682580769,0.0
2015-05-26,0.0065936596145233,0.0
2015-05-27,0.0192854355869664,0.0
2015-05-28,0.0086624860257305,0.0
2015-05-29,0.0256161305409377,0.0
2015-06-01,0.0034704187887683,0.0
2015-06-02,0.0041556077567918,0.0
2015-06-03,0.005919143952534,0.0
2015-06-04,0.0093880804830551,0.0
2015-06-05,0.0134015971740733,0.0
2015-06-08,0.0129021006812026,0.0
2015-06-09,0.0015327636061518,0.0
2015-06-10,0.0173103582582249,0.0
2015-06-11,0.0073610123197337,0.0
2015-06-12,0.014217458799581,0.0
2015-06-15,0.0176672404012647,0.0
2015-06-16,0.0050749860237124,0.0
2015-06-17,0.0102259026076499,0.0
2015-06-18,0.0026807873280311,0.0
2015-06-19,0.0024722586700363,0.0
2015-06-22,0.0373469366013072,0.0
2015-06-23,0.0117480684550292,0.0
2015-06-24,0.0024408685142983,0.0
2015-06-25,0.0007217438690007,0.0
2015-06-26,0.0034571202765933,0.0
2015-06-29,0.038145483452156,0.0
2015-06-30,0.0164847343517928,0.0
2015-07-01,0.0192264778513354,0.0
2015-07-02,0.0098017263833383,0.0
2015-07-03,0.0056699585057293,0.0
2015-07-06,0.0203121711555535,0.0
2015-07-07,0.0229503063375447,0.0
2015-07-08,0.0074386207973776,0.0
2015-07-09,0.0251603679329313,0.0
2015-07-10,0.0301979945117635,0.0
2015-07-13,0.0191963560652794,0.0
2015-07-14,0.0068531001992095,0.0
2015-07-15,0.0029306457118807,0.0
2015-07-16,0.0146057592288827,0.0
2015-07-17,0.0005641553358153,0.0
2015-07-20,0.0035259233095015,0.0
2015-07-21,0.0070095320010832,0.0
2015-07-22,0.0047109069486455,0.0
2015-07-23,0.0008201953458029,0.0
2015-07-24,0.0057926189537444,0.0
2015-07-27,0.0259925070581993,0.0
2015-07-28,0.010039484329686,0.0
2015-07-29,0.0080282735387668,0.0
2015-07-30,0.0057592337264103,0.0
2015-07-31,0.0071458167603552,0.0
2015-08-03,0.0074311179294865,0.0
2015-08-04,0.0016378702229678,0.0
2015-08-05,0.0164114478828519,0.0
2015-08-06,0.0008894385824728,0.0
2015-08-07,0.0072215195983286,0.0
2015-08-10,0.0078569538643696,0.0
2015-08-11,0.0187252901240161,0.0
2015-08-12,0.0346386672820758,0.0
2015-08-13,0.0123928513450862,0.0
2015-08-14,0.0061106303305586,0.0
2015-08-17,0.0057054790374418,0.0
2015-08-18,0.0027279986581711,0.0
2015-08-19,0.0176862664857128,0.0
2015-08-20,0.020802143205156,0.0
2015-08-21,0.0324121891033127,0.0
2015-08-24,0.0549323607803744,0.0
2015-08-25,0.0405494575341322,0.0
2015-08-26,0.0140771560003744,0.0
2015-08-27,0.0343141921470947,0.0
2015-08-28,0.0036320931284521,0.0
2015-08-31,0.004755475749106,0.0
2015-09-01,0.0243189485929666,0.0
2015-09-02,0.0030254298560122,0.0
2015-09-03,0.0214739994920051,0.0
2015-09-04,0.0284887547930125,0.0
2015-09-07,0.0058549440165263,0.0
2015-09-08,0.0106297810924568,0.0
2015-09-09,0.0143219883117886,0.0
2015-09-10,0.0146982841431633,0.0
2015-09-11,0.0104557023293425,0.0
2015-09-14,0.0067433255240272,0.0
2015-09-15,0.0112727690579221,0.0
2015-09-16,0.0165967964269325,0.0
2015-09-17,0.0019998529376305,0.0
2015-09-18,0.0259594962087026,0.0
2015-09-21,0.0108866323913964,0.0
2015-09-22,0.0348360195750961,0.0
2015-09-23,0.0009750924619738,0.0
2015-09-24,0.0194970090176183,0.0
2015-09-25,0.0302291769907021,0.0
2015-09-28,0.0279752138480492,0.0
2015-09-29,0.0030617565213791,0.0
2015-09-30,0.02535874146286,0.0
2015-10-01,0.0064739136326972,0.0
2015-10-02,0.00727933780018,0.0
2015-10-05,0.0348258759146564,0.0
2015-10-06,0.0094293440455676,0.0
2015-10-07,0.0014364756779768,0.0
2015-10-08,0.0018345468447615,0.0
2015-10-09,0.0054344091328206,0.0
2015-10-12,0.0027028385633989,0.0
2015-10-13,0.0097128761033076,0.0
2015-10-14,0.0074251479791641,0.0
2015-10-15,0.0142738251497475,0.0
2015-10-16,0.0058647566652421,0.0
2015-10-19,0.0002720961474383,0.0
2015-10-20,0.0064534566495533,0.0
2015-10-21,0.0045448350670109,0.0
2015-10-22,0.0225505855949793,0.0
2015-10-23,0.0249781040431174,0.0
2015-10-26,0.0053988268222196,0.0
2015-10-27,0.0102749328870855,0.0
2015-10-28,0.0089365594184537,0.0
2015-10-29,0.0009738256065613,0.0
2015-10-30,0.0024204757071381,0.0
2015-11-02,0.0037803285670348,0.0
2015-11-03,0.0040538878212983,0.0
2015-11-04,0.0024502819224266,0.0
2015-11-05,0.0063958607305122,0.0
2015-11-06,0.0008249267704615,0.0
2015-11-09,0.0147506710289386,0.0
2015-11-10,0.0002016086949086,0.0
2015-11-11,0.00818067603321,0.0
2015-11-12,0.0195455917298871,0.0
2015-11-13,0.0100780412491731,0.0
2015-11-16,0.0007573945766362,0.0
2015-11-17,0.0273072164511381,0.0
2015-11-18,0.0062149224173359,0.0
2015-11-19,0.0017063812163553,0.0
2015-11-20,0.0008405970900552,0.0
2015-11-23,0.0044591698896468,0.0
2015-11-24,0.0141803790702527,0.0
2015-11-25,0.014971643378328,0.0
2015-11-26,0.0107796002424779,0.0
2015-11-27,0.0032158037630563,0.0
2015-11-30,0.0055543594155235,0.0
2015-12-01,0.0087256926891862,0.0
2015-12-02,0.0017861025008237,0.0
2015-12-03,0.0364403864508264,0.0
2015-12-04,0.0032652060508303,0.0
2015-12-07,0.0087888301875065,0.0
2015-12-08,0.0157977771914299,0.0
2015-12-09,0.0095307493478337,0.0
2015-12-10,0.0005155317613542,0.0
2015-12-11,0.0186186186901906,0.0
2015-12-14,0.0169556033862297,0.0
2015-12-15,0.0311068930222155,0.0
2015-12-16,0.0022231726692421,0.0
2015-12-17,0.0113673388830066,0.0
2015-12-18,0.0112398041296135,0.0
2015-12-21,0.0130767988188669,0.0
2015-12-22,0.0005321881167291,0.0
2015-12-23,0.0231406527412639,0.0
2015-12-24,0.0024309204315766,0.0
2015-12-28,0.0097467305652868,0.0
2015-12-29,0.0179008735104695,0.0
2015-12-30,0.0051649582352252,0.0
2016-01-04,0.0336329156636453,0.0
2016-01-05,0.0033508979110303,0.0
2016-01-06,0.0126768239029982,0.0
2016-01-07,0.0173101353831313,0.0
2016-01-08,0.015982392802812,0.0
2016-01-11,0.0048619840759878,0.0
2016-01-12,0.0151898082018929,0.0
2016-01-13,0.003007734040969,0.0
2016-01-14,0.0181627848193888,0.0
2016-01-15,0.0241075559158148,0.0
2016-01-18,0.0049026274228162,0.0
2016-01-19,0.0195448449569004,0.0
2016-01-20,0.0350889605192906,0.0
2016-01-21,0.0195532059272499,0.0
2016-01-22,0.0305042190298488,0.0
2016-01-25,0.0058649114863895,0.0
2016-01-26,0.0104936923252474,0.0
2016-01-27,0.0053907299337804,0.0
2016-01-28,0.0133755681312803,0.0
2016-01-29,0.0217099515375327,0.0
2016-02-01,0.0056054092027836,0.0
2016-02-02,0.0249749827580768,0.0
2016-02-03,0.0134018237027502,0.0
2016-02-04,0.0003713147987701,0.0
2016-02-05,0.0066103463432148,0.0
2016-02-08,0.0325080490617226,0.0
2016-02-09,0.0170567870148768,0.0
2016-02-10,0.0157993027203992,0.0
2016-02-11,0.0413458870763898,0.0
2016-02-12,0.0249260152000122,0.0
2016-02-15,0.0296409730795827,0.0
2016-02-16,0.0011159480566023,0.0
2016-02-17,0.0294384009203003,0.0
2016-02-18,0.0014845700992187,0.0
2016-02-19,0.0039513514917934,0.0
2016-02-22,0.0177574397475958,0.0
2016-02-23,0.0141221569900213,0.0
2016-02-24,0.019796323374842,0.0
2016-02-25,0.0221600400263423,0.0
2016-02-26,0.0154433699477586,0.0
2016-02-29,0.0089939329168118,0.0
2016-03-01,0.0121662844976896,0.0
2016-03-02,0.004087606423991,0.0
2016-03-03,0.0019930078477464,0.0
2016-03-04,0.0091382150381214,0.0
2016-03-07,0.0032206394401041,0.0
2016-03-08,0.00865225343072,0.0
2016-03-09,0.0048993736505649,0.0
2016-03-10,0.0171608141797222,0.0
2016-03-11,0.0322175742359332,0.0
2016-03-14,0.0030668369784041,0.0
2016-03-15,0.0075641590013432,0.0
2016-03-16,0.0021553906477614,0.0
2016-03-17,0.004516089273731,0.0
2016-03-18,0.0044062391053112,0.0
2016-03-21,0.0078085328812328,0.0
2016-03-22,0.0009414263474266,0.0
2016-03-23,0.0018044899456116,0.0
2016-03-24,0.0215460621190365,0.0
2016-03-29,0.0085070101260168,0.0
2016-03-30,0.0176486721780945,0.0
2016-03-31,0.0134460370814411,0.0
2016-04-01,0.0144294814873127,0.0
2016-04-04,0.0053025991750268,0.0
2016-04-05,0.0220916272196649,0.0
2016-04-06,0.0080517538560969,0.0
2016-04-07,0.0090803629906983,0.0
2016-04-08,0.0133841647847174,0.0
2016-04-11,0.0022075314364765,0.0
2016-04-12,0.0076873092179299,0.0
2016-04-13,0.0326865458605413,0.0
2016-04-14,0.0047101023211485,0.0
2016-04-15,0.0036283874287457,0.0
2016-04-18,0.0025927384475738,0.0
2016-04-19,0.0131464550650083,0.0
2016-04-20,0.0055555571081123,0.0
2016-04-21,0.0019814919696185,0.0
2016-04-22,0.0028778901976322,0.0
2016-04-25,0.0051646903900715,0.0
2016-04-26,0.0028504289427742,0.0
2016-04-27,0.0057672957539514,0.0
2016-04-28,0.000447535999411,0.0
2016-04-29,0.0285786938071557,0.0
2016-05-02,0.0031087693870309,0.0
2016-05-03,0.0160575628124156,0.0
2016-05-04,0.0109819059360366,0.0
2016-05-05,0.0011036999355143,0.0
2016-05-06,0.0042269776880932,0.0
2016-05-09,0.0050022596027938,0.0
2016-05-10,0.0035561443197586,0.0
2016-05-11,0.0049775580544819,0.0
2016-05-12,0.0054355686837004,0.0
2016-05-13,0.0062044567963524,0.0
2016-05-16,0.0017864249500636,0.0
2016-05-17,0.0034170109624743,0.0
2016-05-18,0.0050436010914246,0.0
2016-05-19,0.0085470062385642,0.0
2016-05-20,0.0165256721002425,0.0
2016-05-23,0.006636688649898,0.0
2016-05-24,0.0243073606552244,0.0
2016-05-25,0.011246436636065,0.0
2016-05-26,0.0068932970312498,0.0
2016-05-27,0.0004652728937533,0.0
2016-05-30,0.0032418075318891,0.0
2016-05-31,0.0052639263696522,0.0
2016-06-01,0.0067320031449108,0.0
2016-06-02,0.0021003758984408,0.0
2016-06-03,0.0099508720517442,0.0
2016-06-06,0.0003618018744193,0.0
2016-06-07,0.0117943982473466,0.0
2016-06-08,0.0060798236909697,0.0
2016-06-09,0.0097399600279485,0.0
2016-06-10,0.0227020543727737,0.0
2016-06-13,0.0186793857142113,0.0
2016-06-14,0.0231399318385762,0.0
2016-06-15,0.0099375538143147,0.0
2016-06-16,0.004461563549173,0.0
2016-06-17,0.0097811000817782,0.0
2016-06-20,0.034434977804378,0.0
2016-06-21,0.0060818903019402,0.0
2016-06-22,0.0029242403324707,0.0
2016-06-23,0.0194152152692631,0.0
2016-06-24,0.0838436532581258,0.0
2016-06-27,0.0187862596498044,0.0
2016-06-28,0.014422953816871,0.0
2016-06-29,0.0257057955903584,0.0
2016-06-30,0.009999171924473,0.0
2016-07-01,0.0085720404768922,0.0
2016-07-04,0.009190551376915,0.0
2016-07-05,0.0170134042808154,0.0
2016-07-06,0.0189416561613533,0.0
2016-07-07,0.0079360292282157,0.0
2016-07-08,0.017531847673191,0.0
2016-07-11,0.0174688713139518,0.0
2016-07-12,0.0155542456847818,0.0
2016-07-13,0.0008953604232058,0.0
2016-07-14,0.011526678032481,0.0
2016-07-15,0.0029710480086656,0.0
2016-07-18,0.0033835331956119,0.0
2016-07-19,0.0063560905364836,0.0
2016-07-20,0.0113963372581974,0.0
2016-07-21,0.0008016815665862,0.0
2016-07-22,0.0011076634137163,0.0
2016-07-25,0.001573685712529,0.0
2016-07-26,0.0015416596033055,0.0
2016-07-27,0.0118055058597517,0.0
2016-07-28,0.0059497810027738,0.0
2016-07-29,0.0043406690597909,0.0
2016-08-01,0.0069251505233023,0.0
2016-08-02,0.0185831602509768,0.0
2016-08-03,0.001597896067582,0.0
2016-08-04,0.0056653263950224,0.0
2016-08-05,0.0148286384663335,0.0
2016-08-08,0.0011126560896612,0.0
2016-08-09,0.0118444986654479,0.0
2016-08-10,0.0036008817601567,0.0
2016-08-11,0.0115992059496377,0.0
2016-08-12,0.0008352278102633,0.0
2016-08-15,0.0005179073749667,0.0
2016-08-16,0.0083542949737921,0.0
2016-08-17,0.0096326915372834,0.0
2016-08-18,0.0043772969604787,0.0
2016-08-19,0.008269287963444,0.0
2016-08-22,0.0024071739774386,0.0
2016-08-23,0.0071521945436257,0.0
2016-08-24,0.0031658930174535,0.0
2016-08-25,0.006527978438683,0.0
2016-08-26,0.0079698299872614,0.0
2016-08-29,0.003974712760934,0.0
2016-08-30,0.0074851073535396,0.0
2016-08-31,0.0043324363540773,0.0
2016-09-01,0.0003265881919713,0.0
2016-09-02,0.0228248224680389,0.0
2016-09-05,0.0002399677990211,0.0
2016-09-06,0.0024517856188704,0.0
2016-09-07,0.0060962673931893,0.0
2016-09-08,0.0033978490250348,0.0
2016-09-09,0.0112470837595309,0.0
2016-09-12,0.0115551490261161,0.0
2016-09-13,0.0119225946670197,0.0
2016-09-14,0.0038642414506055,0.0
2016-09-15,0.0006771787294061,0.0
2016-09-16,0.0093663820635925,0.0
2016-09-19,0.0141499535346458,0.0
2016-09-20,0.0012729086041919,0.0
2016-09-21,0.0047623072709526,0.0
2016-09-22,0.0224846032896217,0.0
2016-09-23,0.0046963157674929,0.0
2016-09-26,0.018173822276394,0.0
2016-09-27,0.0020825285110898,0.0
2016-09-28,0.0076479867734982,0.0
2016-09-29,0.002566309716862,0.0
2016-09-30,0.0009941234203787,0.0
2016-10-03,0.0011908337170978,0.0
2016-10-04,0.0110600035915339,0.0
2016-10-05,0.0029221837622322,0.0
2016-10-06,0.0021962199304952,0.0
2016-10-07,0.0067614830365346,0.0
2016-10-10,0.0105843639566023,0.0
2016-10-11,0.0056906232839683,0.0
2016-10-12,0.0043702540820986,0.0
2016-10-13,0.0106285595409892,0.0
2016-10-14,0.0148153531117928,0.0
2016-10-17,0.0046384106819883,0.0
2016-10-18,0.0130996979665639,0.0
2016-10-19,0.0025228463016807,0.0
2016-10-20,0.0043751491183588,0.0
2016-10-21,0.0008925095802887,0.0
2016-10-24,0.0036331627347843,0.0
2016-10-25,0.0025821398327536,0.0
2016-10-26,0.0013773454708532,0.0
2016-10-27,0.0002249672641197,0.0
2016-10-28,0.0033054436965762,0.0
2016-10-31,0.0086821052638688,0.0
2016-11-01,0.0086820098287795,0.0
2016-11-02,0.0125179300454254,0.0
2016-11-03,0.0006774592385338,0.0
2016-11-04,0.0077869705633554,0.0
2016-11-07,0.0189513823521281,0.0
2016-11-08,0.0035086185421291,0.0
2016-11-09,0.014764594480832,0.0
2016-11-10,0.0027615603131958,0.0
2016-11-11,0.0092415642710735,0.0
2016-11-14,0.0042854413711338,0.0
2016-11-15,0.0061868045358506,0.0
2016-11-16,0.0078316268743489,0.0
2016-11-17,0.0058988204710374,0.0
2016-11-18,0.0051859306693935,0.0
2016-11-21,0.0055856190105375,0.0
2016-11-22,0.0041353140895229,0.0
2016-11-23,0.0042170285759189,0.0
2016-11-24,0.0029432199592046,0.0
2016-11-25,0.001695833468564,0.0
2016-11-28,0.0088029215649915,0.0
2016-11-29,0.0090643974416839,0.0
2016-11-30,0.0058884008533085,0.0
2016-12-01,0.0038800963526606,0.0
2016-12-02,0.0069949754337509,0.0
2016-12-05,0.0099966342752203,0.0
2016-12-06,0.0125177587962356,0.0
2016-12-07,0.0134627445630018,0.0
2016-12-08,0.0086445713998053,0.0
2016-12-09,0.0060192178908706,0.0
2016-12-12,0.0006928840534114,0.0
2016-12-13,0.0090124434940487,0.0
2016-12-14,0.0072348552546991,0.0
2016-12-15,0.0104271480022328,0.0
2016-12-16,0.0029091010544591,0.0
2016-12-19,0.0021748054266716,0.0
2016-12-20,0.0056075966312663,0.0
2016-12-21,0.0033190434900334,0.0
2016-12-22,0.0001675674219118,0.0
2016-12-23,0.0010440627593957,0.0
2016-12-27,0.0017753194002313,0.0
2016-12-28,5.569543481667069e-05,0.0
2016-12-29,0.0019696636723766,0.0
2016-12-30,0.0049150462274052,0.0
2017-01-02,0.0041191362099671,0.0
2017-01-03,0.0034656951281482,0.0
2017-01-04,1.425168749223364e-05,0.0
2017-01-05,0.0002531080233709,0.0
2017-01-06,0.0018754861629991,0.0
2017-01-09,0.0045461113989804,0.0
2017-01-10,0.0001350592819397,0.0
2017-01-11,9.818623659584084e-05,0.0
2017-01-12,0.0050734359610004,0.0
2017-01-13,0.0119595266019745,0.0
2017-01-16,0.0082226702231768,0.0
2017-01-17,0.0046172396182736,0.0
2017-01-18,0.0012951676640407,0.0
2017-01-19,0.0025292117235036,0.0
2017-01-20,0.0019665652070994,0.0
2017-01-23,0.0060503748207299,0.0
2017-01-24,0.0017861855329968,0.0
2017-01-25,0.0098149964674588,0.0
2017-01-26,0.0021405413318543,0.0
2017-01-27,0.0056165050268896,0.0
2017-01-30,0.0114997689137909,0.0
2017-01-31,0.0074978238227442,0.0
2017-02-01,0.0095731378359658,0.0
2017-02-02,6.0494940288823285e-05,0.0
2017-02-03,0.006472126832094,0.0
2017-02-06,0.0098589529229929,0.0
2017-02-07,0.0049535351680059,0.0
2017-02-08,0.0025480096201364,0.0
2017-02-09,0.0124344621811663,0.0
2017-02-10,0.0004307995109651,0.0
2017-02-13,0.01232353516511,0.0
2017-02-14,0.0015596640931369,0.0
2017-02-15,0.0059140761391832,0.0
2017-02-16,0.0051708330739188,0.0
2017-02-17,0.0065280772681299,0.0
2017-02-20,0.0005322014078444,0.0
2017-02-21,0.0048739363433049,0.0
2017-02-22,0.0014553665132454,0.0
2017-02-23,0.0009379308059667,0.0
2017-02-24,0.0094592522720111,0.0
2017-02-27,1.2395456793133378e-05,0.0
2017-02-28,0.0027617975940196,0.0
2017-03-01,0.0208268509662867,0.0
2017-03-02,0.0005984558993534,0.0
2017-03-03,0.0062918772328417,0.0
2017-03-06,0.0046030391950959,0.0
2017-03-07,0.0034632073504738,0.0
2017-03-08,0.0011053385287419,0.0
2017-03-09,0.0042305045685592,0.0
2017-03-10,0.0023679731078946,0.0
2017-03-13,0.001256944779595,0.0
2017-03-14,0.0050813600557853,0.0
2017-03-15,0.0022531150163424,0.0
2017-03-16,0.0055806312186503,0.0
2017-03-17,0.0031586109130385,0.0
2017-03-20,0.003401934776644,0.0
2017-03-21,0.0019431615688221,0.0
2017-03-22,0.0015464401727933,0.0
2017-03-23,0.0075911054694695,0.0
2017-03-24,0.0023593137572365,0.0
2017-03-27,0.0006912955987051,0.0
2017-03-28,0.0057176380387526,0.0
2017-03-29,0.0045159347749447,0.0
2017-03-30,0.0040556697398556,0.0
2017-03-31,0.006437379539056,0.0
2017-04-03,0.0071705056164518,0.0
2017-04-04,0.002988058911763,0.0
2017-04-05,0.0018208193752697,0.0
2017-04-06,0.0057943966002684,0.0
2017-04-07,0.0026986897406788,0.0
2017-04-10,0.0054340314306331,0.0
2017-04-11,0.0010951440514377,0.0
2017-04-12,0.0001470160201295,0.0
2017-04-13,0.0059003604534622,0.0
2017-04-18,0.0160717671433363,0.0
2017-04-19,0.0026976217022169,0.0
2017-04-20,0.0147161599716904,0.0
2017-04-21,0.0036913837443353,0.0
2017-04-24,0.0406037343180553,0.0
2017-04-25,0.0017123387778633,0.0
2017-04-26,0.0018929075064625,0.0
2017-04-27,0.0030644590110825,0.0
2017-04-28,0.0008293205967886,0.0
2017-05-02,0.0069659069824323,0.0
2017-05-03,0.0005940326097004,0.0
2017-05-04,0.0133829622293163,0.0
2017-05-05,0.0111025630361597,0.0
2017-05-08,0.0091444199527564,0.0
2017-05-09,0.0027937363949059,0.0
2017-05-10,0.0004538041808872,0.0
2017-05-11,0.0031602824641576,0.0
2017-05-12,0.0040782940170568,0.0
2017-05-15,0.0022138380858644,0.0
2017-05-16,0.0020880138204663,0.0
2017-05-17,0.0164513298642132,0.0
2017-05-18,0.0053094326704663,0.0
2017-05-19,0.0065328096716588,0.0
2017-05-22,0.0002855226071349,0.0
2017-05-23,0.0047381174917548,0.0
2017-05-24,0.001276077164601,0.0
2017-05-25,0.0007828230020034,0.0
2017-05-26,9.743849751505174e-05,0.0
2017-05-29,0.000781681311735,0.0
2017-05-30,0.0049876491029198,0.0
2017-05-31,0.0042135973363518,0.0
2017-06-01,0.0066099180905688,0.0
2017-06-02,0.0046407977798416,0.0
2017-06-05,0.0066696366128121,0.0
2017-06-06,0.0073120337942676,0.0
2017-06-07,0.0007006202972941,0.0
2017-06-08,0.0002449342740259,0.0
2017-06-09,0.0067152644982662,0.0
2017-06-12,0.0112180371101651,0.0
2017-06-13,0.0040277574711371,0.0
2017-06-14,0.0035126437150872,0.0
2017-06-15,0.0050496717676705,0.0
2017-06-16,0.0088606179491013,0.0
2017-06-19,0.0089673422004424,0.0
2017-06-20,0.0032194891457003,0.0
2017-06-21,0.0036696298676318,0.0
2017-06-22,0.0014532537873576,0.0
2017-06-23,0.0029977237487849,0.0
2017-06-26,0.0056107413202011,0.0
2017-06-27,0.0070435688996186,0.0
2017-06-28,0.0010807567240181,0.0
2017-06-29,0.0189392491672718,0.0
2017-06-30,0.0065537602311874,0.0
2017-07-03,0.0145479740403196,0.0
2017-07-04,0.0040152546785596,0.0
2017-07-05,0.0010043835344581,0.0
2017-07-06,0.0053617733703013,0.0
2017-07-07,0.0014061092618814,0.0
2017-07-10,0.0039725349768723,0.0
2017-07-11,0.0048592091321978,0.0
2017-07-12,0.0157355190338402,0.0
2017-07-13,0.0025378893345611,0.0
2017-07-14,1.7160966226273624e-05,0.0
2017-07-17,0.0009823031799135,0.0
2017-07-18,0.0109387798719029,0.0
2017-07-19,0.0082392235603573,0.0
2017-07-20,0.0032355554211987,0.0
2017-07-21,0.0158113217962257,0.0
2017-07-24,0.0019599197943012,0.0
2017-07-25,0.0064886213990771,0.0
2017-07-26,0.0056205618317995,0.0
2017-07-27,0.0006205433934385,0.0
2017-07-28,0.0107692892038156,0.0
2017-07-31,0.0073583760762212,0.0
2017-08-01,0.0065082740413464,0.0
2017-08-02,0.0038654033697571,0.0
2017-08-03,0.004540117987606,0.0
2017-08-04,0.0141187171949964,0.0
2017-08-07,0.0008548755154486,0.0
2017-08-08,0.0021099522177386,0.0
2017-08-09,0.014123309391749,0.0
2017-08-10,0.0059390920483606,0.0
2017-08-11,0.0106740908439526,0.0
2017-08-14,0.0119322729727675,0.0
2017-08-15,0.0036211739264531,0.0
2017-08-16,0.0070486590500776,0.0
2017-08-17,0.0057654794369291,0.0
2017-08-18,0.0063737074386288,0.0
2017-08-21,0.0052069782731513,0.0
2017-08-22,0.0086639296092389,0.0
2017-08-23,0.0032144703689394,0.0
2017-08-24,0.0004419513162654,0.0
2017-08-25,0.0017225038114968,0.0
2017-08-28,0.0048271666494938,0.0
2017-08-29,0.0094604422863,0.0
2017-08-30,0.0048412650225476,0.0
2017-08-31,0.0057681490605072,0.0
2017-09-01,0.0073798898570554,0.0
2017-09-04,0.0037721990590704,0.0
2017-09-05,0.0034169317438999,0.0
2017-09-06,0.0029152241045255,0.0
2017-09-07,0.0025861255196644,0.0
2017-09-08,0.0002209367670585,0.0
2017-09-11,0.012287520317719,0.0
2017-09-12,0.0062200617146515,0.0
2017-09-13,0.0016458059929733,0.0
2017-09-14,0.0014575324949212,0.0
2017-09-15,0.0021630278987696,0.0
2017-09-18,0.0029511327781485,0.0
2017-09-19,0.0015516012593015,0.0
2017-09-20,0.0008054537188458,0.0
2017-09-21,0.004877734341162,0.0
2017-09-22,0.0026543872476446,0.0
2017-09-25,0.0026847935255791,0.0
2017-09-26,0.0003093963357414,0.0
2017-09-27,0.0025022372960356,0.0
2017-09-28,0.0022334275789574,0.0
2017-09-29,0.0067849401157039,0.0
2017-10-02,0.003863188309183,0.0
2017-10-03,0.0031667225928245,0.0
2017-10-04,0.0007791102747725,0.0
2017-10-05,0.00297511409752,0.0
2017-10-06,0.0035962160087056,0.0
2017-10-09,0.0011057851346834,0.0
2017-10-10,0.0004063898372006,0.0
2017-10-11,0.0002311652354169,0.0
2017-10-12,0.0002984360362032,0.0
2017-10-13,0.0016933085283823,0.0
2017-10-16,0.0020793368928281,0.0
2017-10-17,0.0002815610667364,0.0
2017-10-18,0.004176751559617,0.0
2017-10-19,0.0028868835239749,0.0
2017-10-20,0.0007615621702215,0.0
2017-10-23,0.002682392357083,0.0
2017-10-24,0.0014821065977374,0.0
2017-10-25,0.0036973563321195,0.0
2017-10-26,0.0148677917940139,0.0
2017-10-27,0.00707430232186,0.0
2017-10-30,9.10103626236174e-05,0.0
2017-10-31,0.0017568844373545,0.0
2017-11-01,0.0019968093859045,0.0
2017-11-02,0.0006875485516503,0.0
2017-11-03,0.0013547148136961,0.0
2017-11-06,0.0019446719454631,0.0
2017-11-07,0.0048434986100622,0.0
2017-11-08,0.0016818670526591,0.0
2017-11-09,0.0117069304934972,0.0
2017-11-10,0.0050108757173614,0.0
2017-11-13,0.007291406242147,0.0
2017-11-14,0.0048886822468137,0.0
2017-11-15,0.0026995038484882,0.0
2017-11-16,0.006606778211682,0.0
2017-11-17,0.0032321585614403,0.0
2017-11-20,0.0039926941999231,0.0
2017-11-21,0.0048007315404142,0.0
2017-11-22,0.0024984152490721,0.0
2017-11-23,0.004990603972603,0.0
2017-11-24,0.0020278413402082,0.0
2017-11-27,0.0056499804250929,0.0
2017-11-28,0.0056536943000165,0.0
2017-11-29,0.0014033099248467,0.0
2017-11-30,0.0046904071178888,0.0
2017-12-01,0.0104587622787202,0.0
2017-12-04,0.0135250864109404,0.0
2017-12-05,0.002556524238303,0.0
2017-12-06,0.00021947919746,0.0
2017-12-07,0.0017679089990675,0.0
2017-12-08,0.002824828272419,0.0
2017-12-11,0.0022732916605211,0.0
2017-12-12,0.0074643935563215,0.0
2017-12-13,0.0051243611028171,0.0
2017-12-14,0.0078668565953669,0.0
2017-12-15,0.0014646013942365,0.0
2017-12-18,0.0132371604948673,0.0
2017-12-19,0.0069736860444572,0.0
2017-12-20,0.0056149615884365,0.0
2017-12-21,0.0061832766909659,0.0
2017-12-22,0.0039532396200486,0.0
2017-12-27,0.0007676165384172,0.0
2017-12-28,0.0054948229762925,0.0
2017-12-29,0.0050431788755103,0.0
2018-01-02,0.0045202603076779,0.0
2018-01-03,0.0080377401154114,0.0
2018-01-04,0.0153396006298159,0.0
2018-01-05,0.0104847987810915,0.0
2018-01-08,0.0030424669178797,0.0
2018-01-09,0.0066331777161819,0.0
2018-01-10,0.0034926917419105,0.0
2018-01-11,0.0029346029690081,0.0
2018-01-12,0.0051810518519492,0.0
2018-01-15,0.0013367707230155,0.0
2018-01-16,0.0007492864057866,0.0
2018-01-17,0.0036028258459739,0.0
2018-01-18,0.000152854215057,0.0
2018-01-19,0.0057488064422265,0.0
2018-01-22,0.0027972135056754,0.0
2018-01-23,0.001215187808929,0.0
2018-01-24,0.0072707632730212,0.0
2018-01-25,0.0025418608655949,0.0
2018-01-26,0.0087082066259541,0.0
2018-01-29,0.0013682450128917,0.0
2018-01-30,0.0086964534205032,0.0
2018-01-31,0.001487880230065,0.0
2018-02-01,0.0050071738528058,0.0
2018-02-02,0.0165574423800448,0.0
2018-02-05,0.0148629745481481,0.0
2018-02-06,0.0237423654898301,0.0
2018-02-07,0.0180639320143842,0.0
2018-02-08,0.0200283273528723,0.0
2018-02-09,0.0141671791974557,0.0
2018-02-12,0.0119090339546363,0.0
2018-02-13,0.0060140529071872,0.0
2018-02-14,0.010904683705426,0.0
2018-02-15,0.0110246530162352,0.0
2018-02-16,0.0112452624057062,0.0
2018-02-19,0.0048207495562766,0.0
2018-02-20,0.0063871940321822,0.0
2018-02-21,0.0023244013443848,0.0
2018-02-22,0.0013306556534407,0.0
2018-02-23,0.0015320306092444,0.0
2018-02-26,0.0050442016367075,0.0
2018-02-27,6.167365019922445e-05,0.0
2018-02-28,0.0043959218131132,0.0
2018-03-01,0.0109478369239149,0.0
2018-03-02,0.0242301079325795,0.0
2018-03-05,0.0059492542215613,0.0
2018-03-06,0.0005804133888898,0.0
2018-03-07,0.0033983418699859,0.0
2018-03-08,0.0126932297359033,0.0
2018-03-09,0.0038561675152932,0.0
2018-03-12,0.0004378797416752,0.0
2018-03-13,0.006448983209083,0.0
2018-03-14,0.0018003137443032,0.0
2018-03-15,0.006456765660525,0.0
2018-03-16,0.0029365367142718,0.0
2018-03-19,0.0114055101320355,0.0
2018-03-20,0.0056495747948525,0.0
2018-03-21,0.002418936616134,0.0
2018-03-22,0.0139390400529183,0.0
2018-03-23,0.0140299959626115,0.0
2018-03-26,0.005696109420212,0.0
2018-03-27,0.0097153292099423,0.0
2018-03-28,0.0028693067785635,0.0
2018-03-29,0.007158856527726,0.0
2018-04-03,0.0029419673903158,0.0
2018-04-04,0.0020051284711935,0.0
2018-04-05,0.0258920274002485,0.0
2018-04-06,0.003498787560076,0.0
2018-04-09,0.0009789172539555,0.0
2018-04-10,0.0083568985037806,0.0
2018-04-11,0.00559637135599,0.0
2018-04-12,0.0059091133023755,0.0
2018-04-13,0.0010918061217909,0.0
2018-04-16,0.0003876670116683,0.0
2018-04-17,0.0076089202473232,0.0
2018-04-18,0.0049619260342619,0.0
2018-04-19,0.0021296734934293,0.0
2018-04-20,0.0039224447202257,0.0
2018-04-23,0.0047403694281812,0.0
2018-04-24,0.0010310579037131,0.0
2018-04-25,0.0056846508812367,0.0
2018-04-26,0.0074134357519559,0.0
2018-04-27,0.0054147496150878,0.0
2018-04-30,0.0067813981991332,0.0
2018-05-02,0.0015783597203421,0.0
2018-05-03,0.0049969023345796,0.0
2018-05-04,0.0026120957386397,0.0
2018-05-07,0.0027825606197688,0.0
2018-05-08,0.001717080946774,0.0
2018-05-09,0.0022972267231235,0.0
2018-05-10,0.0020432714458394,0.0
2018-05-11,0.0007233574704771,0.0
2018-05-14,0.0002273407582511,0.0
2018-05-15,0.002249894600919,0.0
2018-05-16,0.0025861484572967,0.0
2018-05-17,0.0097199169822401,0.0
2018-05-18,0.0013189522882862,0.0
2018-05-21,0.0040881607020809,0.0
2018-05-22,0.0004593760749316,0.0
2018-05-23,0.0132520822129465,0.0
2018-05-24,0.0031310862763069,0.0
2018-05-25,0.0010639962459015,0.0
2018-05-28,0.006084204590748,0.0
2018-05-29,0.0129480534456157,0.0
2018-05-30,0.0019713870442173,0.0
2018-05-31,0.0053484080684712,0.0
2018-06-01,0.0123584631244732,0.0
2018-06-04,0.0013494378089096,0.0
2018-06-05,0.002187693151911,0.0
2018-06-06,0.0006209888984591,0.0
2018-06-07,0.0016871932970096,0.0
2018-06-08,0.0003413933865205,0.0
2018-06-11,0.0043371834164845,0.0
2018-06-12,0.0037594099793952,0.0
2018-06-13,0.000117390582106,0.0
2018-06-14,0.0137928915656684,0.0
2018-06-15,0.0048194579586566,0.0
2018-06-18,0.0093861561061656,0.0
2018-06-19,0.0110414351396353,0.0
2018-06-20,0.0034042449387756,0.0
2018-06-21,0.0105350166552731,0.0
2018-06-22,0.0133361817733439,0.0
2018-06-25,0.0194022942928685,0.0
2018-06-26,0.0004864718992505,0.0
2018-06-27,0.0086554150219761,0.0
2018-06-28,0.0097257835456082,0.0
2018-06-29,0.0090365518575867,0.0
2018-07-02,0.0088243482032876,0.0
2018-07-03,0.0075537511978452,0.0
2018-07-04,0.0007013041155816,0.0
2018-07-05,0.0085750683065508,0.0
2018-07-06,0.0017594709945462,0.0
2018-07-09,0.0041470437780352,0.0
2018-07-10,0.0066928662126978,0.0
2018-07-11,0.0149108296835427,0.0
2018-07-12,0.0096600281452526,0.0
2018-07-13,0.0043008977629363,0.0
2018-07-16,0.0036480700568231,0.0
2018-07-17,0.0024205882073873,0.0
2018-07-18,0.0045814152263826,0.0
2018-07-19,0.0055907163686038,0.0
2018-07-20,0.0034672849326665,0.0
2018-07-23,0.0037247190431448,0.0
2018-07-24,0.0103474221967756,0.0
2018-07-25,0.0014326623606388,0.0
2018-07-26,0.0099276229650169,0.0
2018-07-27,0.0056785236265819,0.0
2018-07-30,0.0037334566954749,0.0
2018-07-31,0.003650002381392,0.0
2018-08-01,0.002348788571495,0.0
2018-08-02,0.0068234487369207,0.0
2018-08-03,0.0032906914298119,0.0
2018-08-06,0.0003285466218131,0.0
2018-08-07,0.0080247595243201,0.0
2018-08-08,0.0035216922075668,0.0
2018-08-09,6.363011399798928e-05,0.0
2018-08-10,0.0160432834282322,0.0
2018-08-13,0.0004360121178338,0.0
2018-08-14,0.0016475392784759,0.0
2018-08-15,0.0183389826543277,0.0
2018-08-16,0.0082220881963567,0.0
2018-08-17,0.0007648892831372,0.0
2018-08-20,0.0064748172154988,0.0
2018-08-21,0.0053669992453323,0.0
2018-08-22,0.0022180326343274,0.0
2018-08-23,0.0002361240318883,0.0
2018-08-24,0.0024272271581833,0.0
2018-08-27,0.0085414385704341,0.0
2018-08-28,0.0010744415828434,0.0
2018-08-29,0.0029745820863255,0.0
2018-08-30,0.0042388610085511,0.0
2018-08-31,0.0130843481190282,0.0
2018-09-03,0.0012845269091155,0.0
2018-09-04,0.0132200334447644,0.0
2018-09-05,0.0155582879116818,0.0
2018-09-06,0.0031188672342855,0.0
2018-09-07,0.0015968606939689,0.0
2018-09-10,0.0033092438487668,0.0
2018-09-11,0.002683521522395,0.0
2018-09-12,0.0091071104929205,0.0
2018-09-13,0.0007522836357692,0.0
2018-09-14,0.0045783090554477,0.0
2018-09-17,0.000691441002128,0.0
2018-09-18,0.0027854764930849,0.0
2018-09-19,0.0055682432558078,0.0
2018-09-20,0.0106682152809567,0.0
2018-09-21,0.0077802352371788,0.0
2018-09-24,0.0032815785854417,0.0
2018-09-25,0.0005349344828379,0.0
2018-09-26,0.0061190879967606,0.0
2018-09-27,0.0050085737272509,0.0
2018-09-28,0.0085047359547382,0.0
2018-10-01,0.0024234946645748,0.0
2018-10-02,0.0070944655340687,0.0
2018-10-03,0.0042903877174614,0.0
2018-10-04,0.0147769993199858,0.0
2018-10-05,0.0095616755578805,0.0
2018-10-08,0.0110905502013199,0.0
2018-10-09,0.0034466838325098,0.0
2018-10-10,0.021346567211211,0.0
2018-10-11,0.0193653029669223,0.0
2018-10-12,0.0020368131286117,0.0
2018-10-15,0.0001786187428897,0.0
2018-10-16,0.0151890477503171,0.0
2018-10-17,0.0054467297623394,0.0
2018-10-18,0.0054883920844866,0.0
2018-10-19,0.0062991022720468,0.0
2018-10-22,0.0061847089549253,0.0
2018-10-23,0.0170885541829202,0.0
2018-10-24,0.0029433388327889,0.0
2018-10-25,0.0158655045506042,0.0
2018-10-26,0.0129865486640631,0.0
2018-10-29,0.0044151117435246,0.0
2018-10-30,0.0021710367454759,0.0
2018-10-31,0.022818802170374,0.0
2018-11-01,0.0015050579320913,0.0
2018-11-02,0.0032097088070041,0.0
2018-11-05,0.0001449982150532,0.0
2018-11-06,0.0051491273098826,0.0
2018-11-07,0.012288258414211,0.0
2018-11-08,0.0012639011414054,0.0
2018-11-09,0.0048251143293186,0.0
2018-11-12,0.0093765997054023,0.0
2018-11-13,0.0084166438499167,0.0
2018-11-14,0.0064892515106653,0.0
2018-11-15,0.0069745562285832,0.0
2018-11-16,0.0016741374395772,0.0
2018-11-19,0.00794158368616,0.0
2018-11-20,0.0122217422185641,0.0
2018-11-21,0.0102239009630667,0.0
2018-11-22,0.0075370983063697,0.0
2018-11-23,0.0017824947735431,0.0
2018-11-26,0.0096621396380677,0.0
2018-11-27,0.0023712025814299,0.0
2018-11-28,1.812733196543191e-05,0.0
2018-11-29,0.0046068029056758,0.0
2018-11-30,0.0004655421806559,0.0
2018-12-03,0.0099544581781924,0.0
2018-12-04,0.0082093043382445,0.0
2018-12-05,0.0137171642497707,0.0
2018-12-06,0.0337128112325745,0.0
2018-12-07,0.0068108077780229,0.0
2018-12-10,0.0148084811034669,0.0
2018-12-11,0.0133676970483459,0.0
2018-12-12,0.0212551672874444,0.0
2018-12-13,0.0025555389215645,0.0
2018-12-14,0.0088650791630779,0.0
2018-12-17,0.0111524823087077,0.0
2018-12-18,0.0095856454644371,0.0
2018-12-19,0.0049037590708996,0.0
2018-12-20,0.0179500153580773,0.0
2018-12-21,0.000409066721864,0.0
2018-12-24,0.0145891276951282,0.0
2018-12-27,0.0060228417157781,0.0
2018-12-28,0.01727483881701,0.0
2018-12-31,0.0110421638525004,0.0
2019-01-02,0.0087685176691657,0.0
2019-01-03,0.0167514731645558,0.0
2019-01-04,0.0268783148241941,0.0
2019-01-07,0.0037964607257595,0.0
2019-01-08,0.0113986885896972,0.0
2019-01-09,0.0084094975392923,0.0
2019-01-10,0.0016466838277547,0.0
2019-01-11,0.0050736131574403,0.0
2019-01-14,0.003895576752429,0.0
2019-01-15,0.0049052602863185,0.0
2019-01-16,0.005120474357799,0.0
2019-01-17,0.0034086298727154,0.0
2019-01-18,0.0168685542524488,0.0
2019-01-21,0.0016729546668778,0.0
2019-01-22,0.0041686843180222,0.0
2019-01-23,0.0014760467194532,0.0
2019-01-24,0.0065031063425429,0.0
2019-01-25,0.0109944103656857,0.0
2019-01-28,0.0075888337922055,0.0
2019-01-29,0.0080678984578524,0.0
2019-01-30,0.0094072939212742,0.0
2019-01-31,0.0036038133394478,0.0
2019-02-01,0.0053015713164631,0.0
2019-02-04,0.0038065657901519,0.0
2019-02-05,0.0164925951283819,0.0
2019-02-06,0.0008442973485083,0.0
2019-02-07,0.0185784519054905,0.0
2019-02-08,0.0048093870659826,0.0
2019-02-11,0.0105914169204577,0.0
2019-02-12,0.0083171227230964,0.0
2019-02-13,0.0035377776203213,0.0
2019-02-14,0.0023182891659424,0.0
2019-02-15,0.017751542121019,0.0
2019-02-18,0.0029743287223523,0.0
2019-02-19,0.0015529043489828,0.0
2019-02-20,0.0068421601701309,0.0
2019-02-21,3.0728838721635324e-05,0.0
2019-02-22,0.0037918428617212,0.0
2019-02-25,0.0030628774197535,0.0
2019-02-26,0.0013122720097094,0.0
2019-02-27,0.0025554347522635,0.0
2019-02-28,0.0029007973174255,0.0
2019-03-01,0.0046946239159758,0.0
2019-03-04,0.0040523879514848,0.0
2019-03-05,0.0020691810786005,0.0
2019-03-06,0.0016455113034559,0.0
2019-03-07,0.003957695995799,0.0
2019-03-08,0.0069910213648313,0.0
2019-03-11,0.0066188961874187,0.0
2019-03-12,0.0008143420291517,0.0
2019-03-13,0.0068320483459419,0.0
2019-03-14,0.0081455503034919,0.0
2019-03-15,0.0103282228512316,0.0
2019-03-18,0.0013884546212746,0.0
2019-03-19,0.0024116904059945,0.0
2019-03-20,0.0080010614794715,0.0
2019-03-21,0.0007080899730707,0.0
2019-03-22,0.0204594474859807,0.0
2019-03-25,0.001762449006835,0.0
2019-03-26,0.0088455644038772,0.0
2019-03-27,0.0011574830760558,0.0
2019-03-28,0.0008870151105991,0.0
2019-03-29,0.010141796710009,0.0
2019-04-01,0.0102268826248987,0.0
2019-04-02,0.0033134077201963,0.0
2019-04-03,0.0083434847960721,0.0
2019-04-04,0.000934873778406,0.0
2019-04-05,0.0022669828035987,0.0
2019-04-08,0.0008075298647513,0.0
2019-04-09,0.006483193942921,0.0
2019-04-10,0.0024728269545788,0.0
2019-04-11,0.0065548227873213,0.0
2019-04-12,0.0030905249981501,0.0
2019-04-15,0.0010951866674332,0.0
2019-04-16,0.0036131631137,0.0
2019-04-17,0.0062064150484702,0.0
2019-04-18,0.0031031722365747,0.0
2019-04-23,0.0020247031455098,0.0
2019-04-24,0.0027991122683706,0.0
2019-04-25,0.0033035026851744,0.0
2019-04-26,0.0021011799074586,0.0
2019-04-29,0.0020842631806677,0.0
2019-04-30,0.0009725058662307,0.0
2019-05-02,0.0085482118517948,0.0
2019-05-03,0.001800190017337,0.0
2019-05-06,0.0118416346660312,0.0
2019-05-07,0.0161356274218941,0.0
2019-05-08,0.0040394316210004,0.0
2019-05-09,0.0194642470417445,0.0
2019-05-10,0.0026840203743742,0.0
2019-05-13,0.0122513444300005,0.0
2019-05-14,0.0148589811125528,0.0
2019-05-15,0.0061423982133479,0.0
2019-05-16,0.0136478879379344,0.0
2019-05-17,0.0018150977586239,0.0
2019-05-20,0.0147527850696279,0.0
2019-05-21,0.0050018705604022,0.0
2019-05-22,0.001203960686624,0.0
2019-05-23,0.018313205542389,0.0
2019-05-24,0.0066314730120246,0.0
2019-05-27,0.0036948752357871,0.0
2019-05-28,0.004413616907498,0.0
2019-05-29,0.017194815133088,0.0
2019-05-30,0.0051169936134095,0.0
2019-05-31,0.0078956304355852,0.0
2019-06-03,0.0064752426929528,0.0
2019-06-04,0.0051000147432386,0.0
2019-06-05,0.0044961534839229,0.0
2019-06-06,0.0025675079344087,0.0
2019-06-07,0.0160905120482388,0.0
2019-06-10,0.0034336998898417,0.0
2019-06-11,0.0048096311941601,0.0
2019-06-12,0.0062189058036086,0.0
2019-06-13,0.0001320790008752,0.0
2019-06-14,0.0014911255177181,0.0
2019-06-17,0.0043370288090095,0.0
2019-06-18,0.0217939586653484,0.0
2019-06-19,0.0015814425448561,0.0
2019-06-20,0.003097450984064,0.0
2019-06-21,0.0013087152253664,0.0
2019-06-24,0.0011982070573752,0.0
2019-06-25,0.0012939392356776,0.0
2019-06-26,0.0025146167960751,0.0
2019-06-27,0.0012934580830838,0.0
2019-06-28,0.0082230279480836,0.0
2019-07-01,0.0052111854871007,0.0
2019-07-02,0.0015989027787102,0.0
2019-07-03,0.0075012181909385,0.0
2019-07-04,0.0003416370931552,0.0
2019-07-05,0.0048169669275959,0.0
2019-07-08,0.0008102137318507,0.0
2019-07-09,0.003062344414639,0.0
2019-07-10,0.0008097629604463,0.0
2019-07-11,0.0028130046199025,0.0
2019-07-12,0.0037591100398714,0.0
2019-07-15,0.0009595667771978,0.0
2019-07-16,0.0064632133028625,0.0
2019-07-17,0.0076291410910223,0.0
2019-07-18,0.0038050148487566,0.0
2019-07-19,0.0003224456217595,0.0
2019-07-22,0.0026404729212923,0.0
2019-07-23,0.0091443306716363,0.0
2019-07-24,0.0021899520359262,0.0
2019-07-25,0.0049750660013091,0.0
2019-07-26,0.0057203793991571,0.0
2019-07-29,0.0015965728779488,0.0
2019-07-30,0.0162042596647676,0.0
2019-07-31,0.0014197825804462,0.0
2019-08-01,0.0069536531348798,0.0
2019-08-02,0.0363548099960025,0.0
2019-08-05,0.0221601716560473,0.0
2019-08-06,0.0013172531136113,0.0
2019-08-07,0.0060678938409608,0.0
2019-08-08,0.0227989677816096,0.0
2019-08-09,0.0112059239185995,0.0
2019-08-12,0.0033106784489753,0.0
2019-08-13,0.0098863145373661,0.0
2019-08-14,0.0210609117299733,0.0
2019-08-15,0.002740145462882,0.0
2019-08-16,0.0121203910806413,0.0
2019-08-19,0.0132625066112446,0.0
2019-08-20,0.0050241649112396,0.0
2019-08-21,0.016853614424348,0.0
2019-08-22,0.0087271726697696,0.0
2019-08-23,0.0114568112211154,0.0
2019-08-26,0.0045233549346536,0.0
2019-08-27,0.0067181208499359,0.0
2019-08-28,0.0034009379585407,0.0
2019-08-29,0.0150057600112146,0.0
2019-08-30,0.0055825413071924,0.0
2019-09-02,0.0022891586393813,0.0
2019-09-03,0.0049219817354411,0.0
2019-09-04,0.0120021738939192,0.0
2019-09-05,0.0110199531247438,0.0
2019-09-06,0.0018968971326311,0.0
2019-09-09,0.0026874168068413,0.0
2019-09-10,0.0007618860348149,0.0
2019-09-11,0.004433063927501,0.0
2019-09-12,0.0044045859402851,0.0
2019-09-13,0.0022304383440941,0.0
2019-09-16,0.0094567140219986,0.0
2019-09-17,0.0023676411933949,0.0
2019-09-18,0.0009149277385168,0.0
2019-09-19,0.0068140504328638,0.0
2019-09-20,0.0055859349523865,0.0
2019-09-23,0.0106029010553005,0.0
2019-09-24,0.0004315957277957,0.0
2019-09-25,0.0079432735869733,0.0
2019-09-26,0.0065635377541895,0.0
2019-09-27,0.0035538599770775,0.0
2019-09-30,0.0065751684403019,0.0
2019-10-01,0.0142188064531301,0.0
2019-10-02,0.0317365143276318,0.0
2019-10-03,0.0029461773405496,0.0
2019-10-04,0.0090692297806685,0.0
2019-10-07,0.0060472939352142,0.0
2019-10-08,0.0118398877436677,0.0
2019-10-09,0.0077621693129539,0.0
2019-10-10,0.0126327065309089,0.0
2019-10-11,0.0171671704775378,0.0
2019-10-14,0.0039615886590979,0.0
2019-10-15,0.0103956954648513,0.0
2019-10-16,0.0009035749479548,0.0
2019-10-17,0.0041917636706238,0.0
2019-10-18,0.0065114356803001,0.0
2019-10-21,0.0021445336456628,0.0
2019-10-22,0.0016521869447355,0.0
2019-10-23,0.0007514722656416,0.0
2019-10-24,0.0054490809214222,0.0
2019-10-25,0.0066313118289056,0.0
2019-10-28,0.0014703797164392,0.0
2019-10-29,0.0016686525512758,0.0
2019-10-30,0.0044724492313587,0.0
2019-10-31,0.0062649995696753,0.0
2019-11-01,0.0055744958570331,0.0
2019-11-04,0.010773217408004,0.0
2019-11-05,0.0038711323105159,0.0
2019-11-06,0.003389233914463,0.0
2019-11-07,0.0041249515711178,0.0
2019-11-08,0.0002190090768203,0.0
2019-11-11,0.0006992187508087,0.0
2019-11-12,0.0043899037817223,0.0
2019-11-13,0.0021409203562326,0.0
2019-11-14,0.0010178996717806,0.0
2019-11-15,0.0064508352413943,0.0
2019-11-18,0.0015974276712475,0.0
2019-11-19,0.0035037648733531,0.0
2019-11-20,0.00254510316984,0.0
2019-11-21,0.0021774213621555,0.0
2019-11-22,0.002024729387015,0.0
2019-11-25,0.0053697891763253,0.0
2019-11-26,0.0008031148004726,0.0
2019-11-27,0.000468988804014,0.0
2019-11-28,0.0023851622070838,0.0
2019-11-29,0.001277773597264,0.0
2019-12-02,0.0202590913697875,0.0
2019-12-03,0.0103388490826104,0.0
2019-12-04,0.0125724892109882,0.0
2019-12-05,0.0003223156381838,0.0
2019-12-06,0.0120549012655235,0.0
2019-12-09,0.005920195303548,0.0
2019-12-10,0.0018450201300097,0.0
2019-12-11,0.0021949273125579,0.0
2019-12-12,0.0039812065915355,0.0
2019-12-13,0.0058899483921966,0.0
2019-12-16,0.0121976304080589,0.0
2019-12-17,0.0039131399939203,0.0
2019-12-18,0.0014520072484851,0.0
2019-12-19,0.0021253469524472,0.0
2019-12-20,0.0082126161041583,0.0
2019-12-23,0.0013012029310689,0.0
2019-12-24,2.98015910507688e-05,0.0
2019-12-27,0.001299473300208,0.0
2019-12-30,0.0091800495534827,0.0
2019-12-31,0.0006956620284247,0.0
2020-01-02,0.0105562150707764,0.0
2020-01-03,0.0004402169610211,0.0
2020-01-06,0.0050706604467559,0.0
2020-01-07,0.0002061786611578,0.0
2020-01-08,0.0030971311305165,0.0
2020-01-09,0.0019132414902831,0.0
2020-01-10,0.0009006779865536,0.0
2020-01-13,0.0001606405176047,0.0
2020-01-14,0.0007866172622546,0.0
2020-01-15,0.0013716444669258,0.0
2020-01-16,0.001063637197136,0.0
2020-01-17,0.0101634647695195,0.0
2020-01-20,0.0036422902277384,0.0
2020-01-21,0.005369260854066,0.0
2020-01-22,0.0058074875663325,0.0
2020-01-23,0.0065410720681078,0.0
2020-01-24,0.0087478898508593,0.0
2020-01-27,0.0271297788211293,0.0
2020-01-28,0.0106542118756773,0.0
2020-01-29,0.0048937093172305,0.0
2020-01-30,0.0140566287892933,0.0
2020-01-31,0.0112057278462059,0.0
2020-02-03,0.0044970021705287,0.0
2020-02-04,0.0174280204592782,0.0
2020-02-05,0.0084477344943019,0.0
2020-02-06,0.0087795169357282,0.0
2020-02-07,0.0013971206378769,0.0
2020-02-10,0.002337832077115,0.0
2020-02-11,0.0064769824136753,0.0
2020-02-12,0.0082191764947047,0.0
2020-02-13,0.0019003067136132,0.0
2020-02-14,0.0039120392196631,0.0
2020-02-17,0.0027313365488559,0.0
2020-02-18,0.004797987103484,0.0
2020-02-19,0.0089448560812218,0.0
2020-02-20,0.0080405031232455,0.0
2020-02-21,0.0053886230135662,0.0
2020-02-24,0.0402453804843344,0.0
2020-02-25,0.0195603062462582,0.0
2020-02-26,0.0008570099712286,0.0
2020-02-27,0.0338041442006658,0.0
2020-02-28,0.0343748055441057,0.0
2020-03-02,0.004438452327719,0.0
2020-03-03,0.0111218870949685,0.0
2020-03-04,0.0132106946396198,0.0
2020-03-05,0.0191748222322764,0.0
2020-03-06,0.0422893100034584,0.0
2020-03-09,0.0876357801135076,0.0
2020-03-10,0.0152606397241809,0.0
2020-03-11,0.0057013808092403,0.0
2020-03-12,0.1309834911874446,0.0
2020-03-13,0.0181563983797667,0.0
2020-03-16,0.0592436312131282,0.0
2020-03-17,0.0280258925971683,0.0
2020-03-18,0.0611915561874211,0.0
2020-03-19,0.0264550024288457,0.0
2020-03-20,0.0489198526867532,0.0
2020-03-23,0.0337814693094922,0.0
2020-03-24,0.0805608213972292,0.0
2020-03-25,0.0437186875537439,0.0
2020-03-26,0.024796672144987,0.0
2020-03-27,0.0431968957165897,0.0
2020-03-30,0.0061900612887152,0.0
2020-03-31,0.0040139300328287,0.0
2020-04-01,0.0439154539027783,0.0
2020-04-02,0.0032556746073861,0.0
2020-04-03,0.0158512221034272,0.0
2020-04-06,0.0450767673323524,0.0
2020-04-07,0.0209765389733032,0.0
2020-04-08,0.0010088888075684,0.0
2020-04-09,0.0143249291775991,0.0
2020-04-14,0.0037782154344319,0.0
2020-04-15,0.0383459972855314,0.0
2020-04-16,0.0008180394583782,0.0
2020-04-17,0.0336446585263487,0.0
2020-04-20,0.006489229513658,0.0
2020-04-21,0.0384572401616364,0.0
2020-04-22,0.0123934153476641,0.0
2020-04-23,0.0088460648561029,0.0
2020-04-24,0.0130436245444657,0.0
2020-04-27,0.0251603855346532,0.0
2020-04-28,0.014221709514419,0.0
2020-04-29,0.0219294409964752,0.0
2020-04-30,0.0214065478526477,0.0
2020-05-04,0.0433456250181141,0.0
2020-05-05,0.0236769083877026,0.0
2020-05-06,0.011159190664746,0.0
2020-05-07,0.0152350861835323,0.0
2020-05-08,0.0106508064334443,0.0
2020-05-11,0.0131463928302886,0.0
2020-05-12,0.0039542097729446,0.0
2020-05-13,0.0289332402778457,0.0
2020-05-14,0.016667743758085,0.0
2020-05-15,0.0010525381460321,0.0
2020-05-18,0.0503093145852671,0.0
2020-05-19,0.0089722451945155,0.0
2020-05-20,0.0086698961245141,0.0
2020-05-21,0.0115249109036872,0.0
2020-05-22,0.000200255499443,0.0
2020-05-25,0.021226332862224,0.0
2020-05-26,0.0145047343866535,0.0
2020-05-27,0.0177519827620138,0.0
2020-05-28,0.0174737560823281,0.0
2020-05-29,0.0160458832060521,0.0
2020-06-01,0.0142396737564793,0.0
2020-06-02,0.0199950392440894,0.0
2020-06-03,0.0330773760939284,0.0
2020-06-04,0.0020728588986758,0.0
2020-06-05,0.0364025000585358,0.0
2020-06-08,0.0042937217955902,0.0
2020-06-09,0.0156585915666871,0.0
2020-06-10,0.00821600306722,0.0
2020-06-11,0.0482045579771216,0.0
2020-06-12,0.0049010996874257,0.0
2020-06-15,0.0048761566508309,0.0
2020-06-16,0.0279988035470589,0.0
2020-06-17,0.0087472155033362,0.0
2020-06-18,0.0074779375984662,0.0
2020-06-19,0.0041657895476579,0.0
2020-06-22,0.0061945271009691,0.0
2020-06-23,0.0138427552236288,0.0
2020-06-24,0.0295945796937964,0.0
2020-06-25,0.009646756020605,0.0
2020-06-26,0.0018192396337248,0.0
2020-06-29,0.0072693288956317,0.0
2020-06-30,0.0019166679534555,0.0
2020-07-01,0.0018352143526469,0.0
2020-07-02,0.0245473464652792,0.0
2020-07-03,0.0084005191481406,0.0
2020-07-06,0.0147434942770309,0.0
2020-07-07,0.0074625315412185,0.0
2020-07-08,0.0124891344511319,0.0
2020-07-09,0.0121430030394997,0.0
2020-07-10,0.0100026646307989,0.0
2020-07-13,0.0171047314609631,0.0
2020-07-14,0.0096923497463171,0.0
2020-07-15,0.0200709791505721,0.0
2020-07-16,0.0046497222078033,0.0
2020-07-17,0.0031236524238972,0.0
2020-07-20,0.0046760271921615,0.0
2020-07-21,0.0021769369629278,0.0
2020-07-22,0.0132448479319571,0.0
2020-07-23,0.0006673402376577,0.0
2020-07-24,0.0154814142240234,0.0
2020-07-27,0.0033973300992533,0.0
2020-07-28,0.0021644859812486,0.0
2020-07-29,0.0060277805652234,0.0
2020-07-30,0.0215670286858611,0.0
2020-07-31,0.0143724918172723,0.0
2020-08-03,0.0190986885682497,0.0
2020-08-04,0.0027832516168728,0.0
2020-08-05,0.0089220686260119,0.0
2020-08-06,0.0098203385503175,0.0
2020-08-07,0.0008982699243057,0.0
2020-08-10,0.0040799495993191,0.0
2020-08-11,0.0238462557242556,0.0
2020-08-12,0.0089731276149965,0.0
2020-08-13,0.0061153064895417,0.0
2020-08-14,0.0158818420508352,0.0
2020-08-17,0.0018137666599993,0.0
2020-08-18,0.0068375408291262,0.0
2020-08-19,0.0079009540791881,0.0
2020-08-20,0.0133470039932761,0.0
2020-08-21,0.0030405426138832,0.0
2020-08-24,0.0225287351457782,0.0
2020-08-25,7.58539813174851e-05,0.0
2020-08-26,0.007986788698176,0.0
2020-08-27,0.0064504733970649,0.0
2020-08-28,0.0026011373654611,0.0
2020-08-31,0.0111998818372522,0.0
2020-09-01,0.001845184472895,0.0
2020-09-02,0.0187852337183468,0.0
2020-09-03,0.0044257893037222,0.0
2020-09-04,0.0089127453374441,0.0
2020-09-07,0.0176972875962178,0.0
2020-09-08,0.0159968054389715,0.0
2020-09-09,0.0138693304781962,0.0
2020-09-10,0.0037846423838438,0.0
2020-09-11,0.002030203434092,0.0
2020-09-14,0.0035176936695104,0.0
2020-09-15,0.0031720568536194,0.0
2020-09-16,0.0012797323927806,0.0
2020-09-17,0.0069053464738115,0.0
2020-09-18,0.0122424731107358,0.0
2020-09-21,0.0381081815268017,0.0
2020-09-22,0.0040147333446792,0.0
2020-09-23,0.0061451088042187,0.0
2020-09-24,0.0082886300433406,0.0
2020-09-25,0.0069446102417861,0.0
2020-09-28,0.0237367651179038,0.0
2020-09-29,0.0023152055630693,0.0
2020-09-30,0.0059425952052078,0.0
2020-10-01,0.0042794436626391,0.0
2020-10-02,0.0001740803652472,0.0
2020-10-05,0.0096920312912893,0.0
2020-10-06,0.0048303660117293,0.0
2020-10-07,0.0027532650594342,0.0
2020-10-08,0.0061139918869152,0.0
2020-10-09,0.0070739723796467,0.0
2020-10-12,0.006544382198992,0.0
2020-10-13,0.0063827143709522,0.0
2020-10-14,0.0012032653041842,0.0
2020-10-15,0.0213198341598694,0.0
2020-10-16,0.0201453908534556,0.0
2020-10-19,0.0013686832336442,0.0
2020-10-20,0.0027026895093389,0.0
2020-10-21,0.0154000424727339,0.0
2020-10-22,0.0005296703026896,0.0
2020-10-23,0.0119374708061506,0.0
2020-10-26,0.0192319982378385,0.0
2020-10-27,0.0179038882892722,0.0
2020-10-28,0.0343064835800119,0.0
2020-10-29,0.0003173019659065,0.0
2020-10-30,0.0053624208353825,0.0
2020-11-02,0.0208722564557247,0.0
2020-11-03,0.024108304579555,0.0
2020-11-04,0.0241036939156884,0.0
2020-11-05,0.0123431711650427,0.0
2020-11-06,0.0046477013557671,0.0
2020-11-09,0.0729531231572462,0.0
2020-11-10,0.0153695562488405,0.0
2020-11-11,0.0048305158221059,0.0
2020-11-12,0.0152930109578955,0.0
2020-11-13,0.0032748375476146,0.0
2020-11-16,0.0168310004449591,0.0
2020-11-17,0.0021032534266389,0.0
2020-11-18,0.0051753854552716,0.0
2020-11-19,0.006697580018968,0.0
2020-11-20,0.0038703631820421,0.0
2020-11-23,0.0006807828340922,0.0
2020-11-24,0.0119940989545003,0.0
2020-11-25,0.00231275082088,0.0
2020-11-26,0.0008080387666965,0.0
2020-11-27,0.0056229831020224,0.0
2020-11-30,0.0143264670860232,0.0
2020-12-01,0.0113675552846302,0.0
2020-12-02,0.0002453509828075,0.0
2020-12-03,0.0015505274745583,0.0
2020-12-04,0.0062216874696129,0.0
2020-12-07,0.0063975043604974,0.0
2020-12-08,0.0022830805827709,0.0
2020-12-09,0.0024938316669002,0.0
2020-12-10,0.0005100862267191,0.0
2020-12-11,0.0076150023901448,0.0
2020-12-14,0.0036772715006779,0.0
2020-12-15,0.0004467682038411,0.0
2020-12-16,0.0031359716077143,0.0
2020-12-17,0.0003207646564038,0.0
2020-12-18,0.0039035044679594,0.0
2020-12-21,0.0246322841359253,0.0
2020-12-22,0.0135395562972024,0.0
2020-12-23,0.0110475011931543,0.0
2020-12-24,0.0010100055742515,0.0
2020-12-28,0.011947538975448,0.0
2020-12-29,0.0041803277101323,0.0
2020-12-30,0.0022084857336663,0.0
2020-12-31,0.0086092852603851,0.0
2021-01-04,0.0067412386652225,0.0
2021-01-05,0.0043680944713534,0.0
2021-01-06,0.0117909038671127,0.0
2021-01-07,0.0069466538339305,0.0
2021-01-08,0.0065097644028521,0.0
2021-01-11,0.0078192842446311,0.0
2021-01-12,0.0020259098876407,0.0
2021-01-13,0.002068248779433,0.0
2021-01-14,0.0032564422483269,0.0
2021-01-15,0.0123000293863174,0.0
2021-01-18,0.0009938727368763,0.0
2021-01-19,0.0033274560109438,0.0
2021-01-20,0.0053139780868451,0.0
2021-01-21,0.0067116983506806,0.0
2021-01-22,0.0055998724366966,0.0
2021-01-25,0.015810792878076,0.0
2021-01-26,0.0093053991058097,0.0
2021-01-27,0.0116361300225685,0.0
2021-01-28,0.0092797843923119,0.0
2021-01-29,0.020406356785215,0.0
2021-02-01,0.0115038275846699,0.0
2021-02-02,0.0184008129038107,0.0
2021-02-03,1.079592519666702e-05,0.0
2021-02-04,0.008143959174256,0.0
2021-02-05,0.0090026571294378,0.0
2021-02-08,0.0047191513434668,0.0
2021-02-09,0.0009686170987656,0.0
2021-02-10,0.0036507018263918,0.0
2021-02-11,0.0001728266185194,0.0
2021-02-12,0.0059524734025809,0.0
2021-02-15,0.0143745997597321,0.0
2021-02-16,4.835228207891736e-05,0.0
2021-02-17,0.0035819427861816,0.0
2021-02-18,0.0065267694901891,0.0
2021-02-19,0.0078630554324573,0.0
2021-02-22,0.0010588110701895,0.0
2021-02-23,0.0021476758753025,0.0
2021-02-24,0.0031336040529298,0.0
2021-02-25,0.0024330873267139,0.0
2021-02-26,0.0140455250439016,0.0
2021-03-01,0.0155830822644442,0.0
2021-03-02,0.002920047268096,0.0
2021-03-03,0.0034932071334467,0.0
2021-03-04,0.0001011677252035,0.0
2021-03-05,0.0082664314436917,0.0
2021-03-08,0.0205970036712661,0.0
2021-03-09,0.0037166180702679,0.0
2021-03-10,0.0110075350302836,0.0
2021-03-11,0.0071871314831071,0.0
2021-03-12,0.002117502662837,0.0
2021-03-15,0.0017512228459663,0.0
2021-03-16,0.0032188128935411,0.0
2021-03-17,0.0001007991681454,0.0
2021-03-18,0.001315476580453,0.0
2021-03-19,0.0107506917117597,0.0
2021-03-22,0.0049271195530703,0.0
2021-03-23,0.0038913267576862,0.0
2021-03-24,0.0003347015948129,0.0
2021-03-25,0.0008605456304668,0.0
2021-03-26,0.0060965319172588,0.0
2021-03-29,0.0044483571663796,0.0
2021-03-30,0.0119851023558218,0.0
2021-03-31,0.0034240422289012,0.0
2021-04-01,0.0058717379592002,0.0
2021-04-06,0.0046394046524569,0.0
2021-04-07,0.0001108607895443,0.0
2021-04-08,0.0057025161136115,0.0
2021-04-09,0.000598281721442,0.0
2021-04-12,0.0012537385215982,0.0
2021-04-13,0.0036320015461711,0.0
2021-04-14,0.0039507212261124,0.0
2021-04-15,0.0041084415795545,0.0
2021-04-16,0.0084544549511731,0.0
2021-04-19,0.0015289737313497,0.0
2021-04-20,0.0211181322562295,0.0
2021-04-21,0.0073434704616698,0.0
2021-04-22,0.0090929870360403,0.0
2021-04-23,0.0014913663288975,0.0
2021-04-26,0.0028053051127151,0.0
2021-04-27,0.0002805346518573,0.0
2021-04-28,0.0052811349291942,0.0
2021-04-29,0.0006994946684269,0.0
2021-04-30,0.0052640453505154,0.0
2021-05-03,0.0061093871273058,0.0
2021-05-04,0.0089413760527037,0.0
2021-05-05,0.0139337780744986,0.0
2021-05-06,0.0027754982665921,0.0
2021-05-07,0.0044606234001192,0.0
2021-05-10,7.524077050108156e-05,0.0
2021-05-11,0.0187465432143388,0.0
2021-05-12,0.0019064656375393,0.0
2021-05-13,0.0014290595991306,0.0
2021-05-14,0.0152778899564518,0.0
2021-05-17,0.0027900512411171,0.0
2021-05-18,0.0021507993909109,0.0
2021-05-19,0.0144451671904209,0.0
2021-05-20,0.0128558709453604,0.0
2021-05-21,0.0067290294725921,0.0
2021-05-24,0.0034513906899206,0.0
2021-05-25,0.0028471862572245,0.0
2021-05-26,0.0002081194876189,0.0
2021-05-27,0.006877519440476,0.0
2021-05-28,0.0074923844784349,0.0
2021-05-31,0.0057132847640083,0.0
2021-06-01,0.0065287987538617,0.0
2021-06-02,0.0049374191268022,0.0
2021-06-03,0.0020875958838715,0.0
2021-06-04,0.0011886493943921,0.0
2021-06-07,0.0042728347225007,0.0
2021-06-08,0.0011378316256268,0.0
2021-06-09,0.0018972086469533,0.0
2021-06-10,0.0025873451507722,0.0
2021-06-11,0.0082406037522532,0.0
2021-06-14,0.0023742054329976,0.0
2021-06-15,0.0034958015228091,0.0
2021-06-16,0.0019755821901289,0.0
2021-06-17,0.0020436910163865,0.0
2021-06-18,0.0146729536402891,0.0
2021-06-21,0.0050684351717071,0.0
2021-06-22,0.0013561276164122,0.0
2021-06-23,0.0091821887629954,0.0
2021-06-24,0.0121498601747091,0.0
2021-06-25,0.0012493999890012,0.0
2021-06-28,0.0098400973311456,0.0
2021-06-29,0.0014338796341847,0.0
2021-06-30,0.0091165314164821,0.0
2021-07-01,0.0070419796102422,0.0
2021-07-02,0.0001464842297369,0.0
2021-07-05,0.0022377643999481,0.0
2021-07-06,0.0091870576008292,0.0
2021-07-07,0.0031054759939391,0.0
2021-07-08,0.0202708382583076,0.0
2021-07-09,0.0205311873122432,0.0
2021-07-12,0.0045581606001072,0.0
2021-07-13,0.0001188903474684,0.0
2021-07-14,1.3773433496463423e-05,0.0
2021-07-15,0.0099635081117865,0.0
2021-07-16,0.0051383815466016,0.0
2021-07-19,0.0257319334146168,0.0
2021-07-20,0.0080488619214465,0.0
2021-07-21,0.0183639306471802,0.0
2021-07-22,0.0026432536631555,0.0
2021-07-23,0.0133683588145744,0.0
2021-07-26,0.0014877862424226,0.0
2021-07-27,0.0071210559111302,0.0
2021-07-28,0.0117783543129208,0.0
2021-07-29,0.0036940029974223,0.0
2021-07-30,0.0031721925463526,0.0
2021-08-02,0.0095029315905796,0.0
2021-08-03,0.0071509548417478,0.0
2021-08-04,0.0033288605696037,0.0
2021-08-05,0.0051687666934761,0.0
2021-08-06,0.0052610248148147,0.0
2021-08-09,0.000554621627544,0.0
2021-08-10,0.0010312601207427,0.0
2021-08-11,0.0055241726213592,0.0
2021-08-12,0.0035632002959207,0.0
2021-08-13,0.0019697091131025,0.0
2021-08-16,0.0083394457144492,0.0
2021-08-17,0.0027719055001211,0.0
2021-08-18,0.0073186735071814,0.0
2021-08-19,0.0245556187537989,0.0
2021-08-20,0.0030561883767637,0.0
2021-08-23,0.0085640819949165,0.0
2021-08-24,0.0028155351870204,0.0
2021-08-25,0.001824468448298,0.0
2021-08-26,0.0015664515346712,0.0
2021-08-27,0.0023809116117362,0.0
2021-08-30,0.0008048163188168,0.0
2021-08-31,0.00106521641923,0.0
2021-09-01,0.0116841160169583,0.0
2021-09-02,0.0006493435203625,0.0
2021-09-03,0.0108660047400756,0.0
2021-09-06,0.0079666635703822,0.0
2021-09-07,0.0025880834708036,0.0
2021-09-08,0.008537544715879,0.0
2021-09-09,0.0023709072113946,0.0
2021-09-10,0.0031389636051219,0.0
2021-09-13,0.0019729340028815,0.0
2021-09-14,0.0035949235987054,0.0
2021-09-15,0.0104786399638908,0.0
2021-09-16,0.0059017446775798,0.0
2021-09-17,0.007943766021699,0.0
2021-09-20,0.017562232867436,0.0
2021-09-21,0.0149012441021194,0.0
2021-09-22,0.0127783004385729,0.0
2021-09-23,0.0097429480488017,0.0
2021-09-24,0.0095229992187525,0.0
2021-09-27,0.0018737079101875,0.0
2021-09-28,0.0219520336693496,0.0
2021-09-29,0.0083108397357724,0.0
2021-09-30,0.0062366432377621,0.0
2021-10-01,0.0003558640397248,0.0
2021-10-04,0.0061606515348416,0.0
2021-10-05,0.0151098450952266,0.0
2021-10-06,0.0127260304082739,0.0
2021-10-07,0.0163552547741478,0.0
2021-10-08,0.0061093133266772,0.0
2021-10-11,0.0016069125523369,0.0
2021-10-12,0.0034195893336067,0.0
2021-10-13,0.0074961452480761,0.0
2021-10-14,0.013225035070604,0.0
2021-10-15,0.0063089615602778,0.0
2021-10-18,0.0081220451832061,0.0
2021-10-19,0.0004871486465435,0.0
2021-10-20,0.0053470835292268,0.0
2021-10-21,0.0029032668357744,0.0
2021-10-22,0.0070820736776883,0.0
2021-10-25,0.0030966791157783,0.0
2021-10-26,0.0079588129488992,0.0
2021-10-27,0.001921556431027,0.0
2021-10-28,0.0074791861734664,0.0
2021-10-29,0.0038313903413137,0.0
2021-11-01,0.0091740505036825,0.0
2021-11-02,0.0048826385428033,0.0
2021-11-03,0.0034040474384234,0.0
2021-11-04,0.0053291795600712,0.0
2021-11-05,0.0075560394378596,0.0
2021-11-08,0.0009497180136121,0.0
2021-11-09,0.0005975496070499,0.0
2021-11-10,0.000268324675852,0.0
2021-11-11,0.0020404040167656,0.0
2021-11-12,0.004501486062515,0.0
2021-11-15,0.0052362851692464,0.0
2021-11-16,0.0033568869608484,0.0
2021-11-17,0.0005940130566806,0.0
2021-11-18,0.0020799075822216,0.0
2021-11-19,0.0041657670720714,0.0
2021-11-22,0.0010255174764491,0.0
2021-11-23,0.0085345399819479,0.0
2021-11-24,0.0003393429652642,0.0
2021-11-25,0.0047655421269279,0.0
2021-11-26,0.0486705588520697,0.0
2021-11-29,0.0054039897157009,0.0
2021-11-30,0.0081630696592122,0.0
2021-12-01,0.0236296524345131,0.0
2021-12-02,0.0125930175795691,0.0
2021-12-03,0.0044582890093594,0.0
2021-12-06,0.0147104935055772,0.0
2021-12-07,0.0286586143775751,0.0
2021-12-08,0.0072188462659528,0.0
2021-12-09,0.0009042194526434,0.0
2021-12-10,0.0023642740863269,0.0
2021-12-13,0.0069998783611607,0.0
2021-12-14,0.0068795386476122,0.0
2021-12-15,0.0046762676032474,0.0
2021-12-16,0.0111164010563638,0.0
2021-12-17,0.0112607609887822,0.0
2021-12-20,0.008194710135315,0.0
2021-12-21,0.013717528747248,0.0
2021-12-22,0.012368251995361,0.0
2021-12-23,0.0076961354292226,0.0
2021-12-24,0.0027577268993561,0.0
2021-12-27,0.007564550199523,0.0
2021-12-28,0.0056865323172481,0.0
2021-12-29,0.0027316965008436,0.0
2021-12-30,0.0016337869223033,0.0
2021-12-31,0.0028200254679003,0.0
2022-01-03,0.0089338538476105,0.0
2022-01-04,0.0137865946047386,0.0
2022-01-05,0.0080252019939622,0.0
2022-01-06,0.0173270708049547,0.0
2022-01-07,0.0041716673229206,0.0
2022-01-10,0.0144694749479237,0.0
2022-01-11,0.0094565575694953,0.0
2022-01-12,0.0074629933492328,0.0
2022-01-13,0.0049936356081472,0.0
2022-01-14,0.0081065096348172,0.0
2022-01-17,0.0081759406739233,0.0
2022-01-18,0.0094605287912873,0.0
2022-01-19,0.0054729181283927,0.0
2022-01-20,0.0029484213174368,0.0
2022-01-21,0.0176086038164403,0.0
2022-01-24,0.040535587984174,0.0
2022-01-25,0.0073640201230736,0.0
2022-01-26,0.020840238230424,0.0
2022-01-27,0.0059746802619032,0.0
2022-01-28,0.0082804258725827,0.0
2022-01-31,0.0047719562713875,0.0
2022-02-01,0.0142270987794274,0.0
2022-02-02,0.0022201980696546,0.0
2022-02-03,0.0155290867864285,0.0
2022-02-04,0.0077739106185857,0.0
2022-02-07,0.0082905211494335,0.0
2022-02-08,0.0027298236223256,0.0
2022-02-09,0.0144741036056786,0.0
2022-02-10,0.004121589958902,0.0
2022-02-11,0.0127471082834288,0.0
2022-02-14,0.022996137196467,0.0
2022-02-15,0.0184748524532142,0.0
2022-02-16,0.0021499166277343,0.0
2022-02-17,0.002610757316811,0.0
2022-02-18,0.0024775717942771,0.0
2022-02-21,0.020599992320524,0.0
2022-02-22,0.0001089789874844,0.0
2022-02-23,0.001021526896785,0.0
2022-02-24,0.039040529640956,0.0
2022-02-25,0.0348670901660391,0.0
2022-02-28,0.0139586609558963,0.0
2022-03-01,0.0401943661164254,0.0
2022-03-02,0.0157480790580497,0.0
2022-03-03,0.0185849209241676,0.0
2022-03-04,0.0509288814543701,0.0
2022-03-07,0.0131836178792121,0.0
2022-03-08,0.0032331023255159,0.0
2022-03-09,0.0688276342959476,0.0
2022-03-10,0.0286846897676134,0.0
2022-03-11,0.008510180353741,0.0
2022-03-14,0.0173699207721388,0.0
2022-03-15,0.0023481365475402,0.0
2022-03-16,0.0361050700329105,0.0
2022-03-17,0.0036178500338622,0.0
2022-03-18,0.0011668337628039,0.0
2022-03-21,0.0057428606011983,0.0
2022-03-22,0.011642117632752,0.0
2022-03-23,0.0117788418403939,0.0
2022-03-24,0.0039064927840224,0.0
2022-03-25,0.0003188301166818,0.0
2022-03-28,0.0053915147725015,0.0
2022-03-29,0.0303507633281249,0.0
2022-03-30,0.0074732498915947,0.0
2022-03-31,0.0121957965321471,0.0
2022-04-01,0.0036630153987099,0.0
2022-04-04,0.0070157086338236,0.0
2022-04-05,0.0128373030832544,0.0
2022-04-06,0.0223192306665714,0.0
2022-04-07,0.005732799613621,0.0
2022-04-08,0.0133039166917588,0.0
2022-04-11,0.0011583985140984,0.0
2022-04-12,0.0028106018464983,0.0
2022-04-13,0.0007232635020311,0.0
2022-04-14,0.0071903742068536,0.0
2022-04-19,0.0083145062977128,0.0
2022-04-20,0.0136965925816239,0.0
2022-04-21,0.0135219259802865,0.0
2022-04-22,0.0201082207847014,0.0
2022-04-25,0.0202665316690495,0.0
2022-04-26,0.0054120459660898,0.0
2022-04-27,0.0047730025433894,0.0
2022-04-28,0.009708781554596,0.0
2022-04-29,0.0039303929408511,0.0
2022-05-02,0.0166925684271679,0.0
2022-05-03,0.0078393108753082,0.0
2022-05-04,0.0125080675720678,0.0
2022-05-05,0.0042745446297213,0.0
2022-05-06,0.0174300971926249,0.0
2022-05-09,0.0279238072033121,0.0
2022-05-10,0.0050627516922052,0.0
2022-05-11,0.0246761958000255,0.0
2022-05-12,0.0101748660767932,0.0
2022-05-13,0.0248912775448827,0.0
2022-05-16,0.0023461266690106,0.0
2022-05-17,0.0129005044892075,0.0
2022-05-18,0.0120863890300804,0.0
2022-05-19,0.0127092167151723,0.0
2022-05-20,0.0019955928158636,0.0
2022-05-23,0.0116262166157857,0.0
2022-05-24,0.0167465219244873,0.0
2022-05-25,0.0072499993320559,0.0
2022-05-26,0.0176160038616572,0.0
2022-05-27,0.0162725602619722,0.0
2022-05-30,0.0071325637987956,0.0
2022-05-31,0.0143642969948146,0.0
2022-06-01,0.0077453628547628,0.0
2022-06-02,0.0126246310478472,0.0
2022-06-03,0.0023318107208297,0.0
2022-06-06,0.0097406927664092,0.0
2022-06-07,0.0074227033210145,0.0
2022-06-08,0.0079883496553069,0.0
2022-06-09,0.0140814834500741,0.0
2022-06-10,0.0272987161012587,0.0
2022-06-13,0.0270149494707323,0.0
2022-06-14,0.0121082357731804,0.0
2022-06-15,0.0134042477668868,0.0
2022-06-16,0.0241510864282228,0.0
2022-06-17,0.0006101394610574,0.0
2022-06-20,0.006344301033808,0.0
2022-06-21,0.0075004558696719,0.0
2022-06-22,0.008085070714996,0.0
2022-06-23,0.005644068826711,0.0
2022-06-24,0.0317874220586674,0.0
2022-06-27,0.0042968087200905,0.0
2022-06-28,0.0063807861528534,0.0
2022-06-29,0.0090019240544155,0.0
2022-06-30,0.0181729995932171,0.0
2022-07-01,0.0013835417608021,0.0
2022-07-04,0.0039694515181772,0.0
2022-07-05,0.0271838430156545,0.0
2022-07-06,0.0200598702833356,0.0
2022-07-07,0.0158271075937249,0.0
2022-07-08,0.0043903825522758,0.0
2022-07-11,0.0061233481821757,0.0
2022-07-12,0.0079565870733515,0.0
2022-07-13,0.0072996593564634,0.0
2022-07-14,0.0142386707467123,0.0
2022-07-15,0.0201807041633017,0.0
2022-07-18,0.0092201461935462,0.0
2022-07-19,0.017784394433343,0.0
2022-07-20,0.0026740236406589,0.0
2022-07-21,0.002656228345451,0.0
2022-07-22,0.002530207484507,0.0
2022-07-25,0.0033289520434071,0.0
2022-07-26,0.0041930512675022,0.0
2022-07-27,0.0074566536122183,0.0
2022-07-28,0.012903100735009,0.0
2022-07-29,0.0170933967773856,0.0
2022-08-01,0.0018067232904032,0.0
2022-08-02,0.0042127836050659,0.0
2022-08-03,0.0096664207442902,0.0
2022-08-04,0.006365619530319,0.0
2022-08-05,0.0063208065092469,0.0
2022-08-08,0.0080158442980408,0.0
2022-08-09,0.0052925860742441,0.0
2022-08-10,0.0051393044666666,0.0
2022-08-11,0.0032491308027964,0.0
2022-08-12,0.0014032022012977,0.0
2022-08-15,0.0024520836588802,0.0
2022-08-16,0.0034385341783761,0.0
2022-08-17,0.009795176881744,0.0
2022-08-18,0.0044445588937476,0.0
2022-08-19,0.0094337234428744,0.0
2022-08-22,0.0181898221604521,0.0
2022-08-23,0.0026246823751918,0.0
2022-08-24,0.0038811207920176,0.0
2022-08-25,0.0008144700932111,0.0
2022-08-26,0.0169570783344033,0.0
2022-08-29,0.0083191478799405,0.0
2022-08-30,0.0019400078978183,0.0
2022-08-31,0.0138012578724016,0.0
2022-09-01,0.0149335741058382,0.0
2022-09-02,0.0218336281551074,0.0
2022-09-05,0.0121184399389795,0.0
2022-09-06,0.0018674881802221,0.0
2022-09-07,0.0002145785026246,0.0
2022-09-08,0.0032668889054409,0.0
2022-09-09,0.0140103709687058,0.0
2022-09-12,0.019331151883871,0.0
2022-09-13,0.0139755748395067,0.0
2022-09-14,0.0037342998575478,0.0
2022-09-15,0.0104312752970806,0.0
2022-09-16,0.0131655550683516,0.0
2022-09-19,0.0025883701332552,0.0
2022-09-20,0.0136401449246859,0.0
2022-09-21,0.0086355920166202,0.0
2022-09-22,0.018884524807279,0.0
2022-09-23,0.0230895372738367,0.0
2022-09-26,0.0024271217468114,0.0
2022-09-27,0.0027024278875008,0.0
2022-09-28,0.001942896166489,0.0
2022-09-29,0.0154068025194876,0.0
2022-09-30,0.0149435699442263,0.0
2022-10-03,0.0055051559134088,0.0
2022-10-04,0.0415039054165161,0.0
2022-10-05,0.0090194880808967,0.0
2022-10-06,0.0082269434251432,0.0
2022-10-07,0.011773051706116,0.0
2022-10-10,0.0045082561655809,0.0
2022-10-11,0.0012591687068972,0.0
2022-10-12,0.0025283908310713,0.0
2022-10-13,0.0103816098439832,0.0
2022-10-14,0.0089289374847126,0.0
2022-10-17,0.0181653785287775,0.0
2022-10-18,0.0043509455935779,0.0
2022-10-19,0.0043410032538939,0.0
2022-10-20,0.0076156591728137,0.0
2022-10-21,0.0084984067324083,0.0
2022-10-24,0.0157760646023098,0.0
2022-10-25,0.0192528658803046,0.0
2022-10-26,0.0041128088761326,0.0
2022-10-27,0.0051564646592148,0.0
2022-10-28,0.004636875769404,0.0
2022-10-31,0.0010015751054233,0.0
2022-11-01,0.0097626631280121,0.0
2022-11-02,0.0081507135680251,0.0
2022-11-03,0.0053673721760471,0.0
2022-11-04,0.0273577867404863,0.0
2022-11-07,2.648191623902242e-05,0.0
2022-11-08,0.0038715126985916,0.0
2022-11-09,0.0016982782967361,0.0
2022-11-10,0.0194441124169621,0.0
2022-11-11,0.0057469165010719,0.0
2022-11-14,0.0022038839656819,0.0
2022-11-15,0.0049038889328726,0.0
2022-11-16,0.0051989327421464,0.0
2022-11-17,0.0047180994444245,0.0
2022-11-18,0.0103384952930685,0.0
2022-11-21,0.0015076188336485,0.0
2022-11-22,0.0034727125788832,0.0
2022-11-23,0.0032332147088969,0.0
2022-11-24,0.0042177137885058,0.0
2022-11-25,0.0007690362865941,0.0
2022-11-28,0.0070684874193708,0.0
2022-11-29,0.000565467444279,0.0
2022-11-30,0.0103792818342373,0.0
2022-12-01,0.0022857726870767,0.0
2022-12-02,0.0017368148419886,0.0
2022-12-05,0.0067400108557042,0.0
2022-12-06,0.0013702046447905,0.0
2022-12-07,0.0040754358504962,0.0
2022-12-08,0.0019957753907999,0.0
2022-12-09,0.0045523818192058,0.0
2022-12-12,0.0040651235398801,0.0
2022-12-13,0.014098992953482,0.0
2022-12-14,0.0021059941851633,0.0
2022-12-15,0.0313933920782385,0.0
2022-12-16,0.0108113538606362,0.0
2022-12-19,0.0031967046010768,0.0
2022-12-20,0.0035376635739982,0.0
2022-12-21,0.0199244319508804,0.0
2022-12-22,0.0095082437265056,0.0
2022-12-23,0.0020072866842655,0.0
2022-12-27,0.0070101077387877,0.0
2022-12-28,0.0061510735774902,0.0
2022-12-29,0.0096271258440386,0.0
2022-12-30,0.0152848367980843,0.0
2023-01-02,0.0184895092276978,0.0
2023-01-03,0.0044362748267571,0.0
2023-01-04,0.0227676092392701,0.0
2023-01-05,0.0022056816131228,0.0
2023-01-06,0.0146011856507792,0.0
2023-01-09,0.0067415454099557,0.0
2023-01-10,0.0055485536408497,0.0
2023-01-11,0.0079821329098007,0.0
2023-01-12,0.007408769933106,0.0
2023-01-13,0.0068318300947582,0.0
2023-01-16,0.0028165691592383,0.0
2023-01-17,0.0047944809179878,0.0
2023-01-18,0.0008799066055786,0.0
2023-01-19,0.0187419209811826,0.0
2023-01-20,0.0063264562779963,0.0
2023-01-23,0.0051368460289284,0.0
2023-01-24,0.0026216895452988,0.0
2023-01-25,0.0009365587657344,0.0
2023-01-26,0.0073707307139191,0.0
2023-01-27,0.0001718747778821,0.0
2023-01-30,0.0021440109439437,0.0
2023-01-31,5.791355658692583e-05,0.0
2023-02-01,0.0007500332176634,0.0
2023-02-02,0.0125196858582163,0.0
2023-02-03,0.0093985324072976,0.0
2023-02-06,0.013477286166139,0.0
2023-02-07,0.0006657579809216,0.0
2023-02-08,0.0017569273749549,0.0
2023-02-09,0.0095791724129495,0.0
2023-02-10,0.0081896693130826,0.0
2023-02-13,0.0109999859697233,0.0
2023-02-14,0.0007239038033977,0.0
2023-02-15,0.0119948781280838,0.0
2023-02-16,0.0089044297132957,0.0
2023-02-17,0.0025064701621997,0.0
2023-02-20,0.001649537842446,0.0
2023-02-21,0.0036819875947388,0.0
2023-02-22,0.0012856237785611,0.0
2023-02-23,0.0024862564081302,0.0
2023-02-24,0.0179477891228342,0.0
2023-02-27,0.0149531381379149,0.0
2023-02-28,0.0037930030537512,0.0
2023-03-01,0.0046448514535252,0.0
2023-03-02,0.0068837021291496,0.0
2023-03-03,0.0087341200531774,0.0
2023-03-06,0.0034086414623874,0.0
2023-03-07,0.0046137703035196,0.0
2023-03-08,0.0019790274371622,0.0
2023-03-09,0.0012130458934325,0.0
2023-03-10,0.0130995764065877,0.0
2023-03-13,0.0293960773790188,0.0
2023-03-14,0.0183809573364828,0.0
2023-03-15,0.0364843715996233,0.0
2023-03-16,0.0201294877293356,0.0
2023-03-17,0.0143819336138252,0.0
2023-03-20,0.0125897537392286,0.0
2023-03-21,0.0141259129731852,0.0
2023-03-22,0.0025568565228502,0.0
2023-03-23,0.0011394075451846,0.0
2023-03-24,0.0175427462762052,0.0
2023-03-27,0.0089645477828916,0.0
2023-03-28,0.0014216281823076,0.0
2023-03-29,0.0138213211888245,0.0
2023-03-30,0.0105714449017525,0.0
2023-03-31,0.008092871489413,0.0
2023-04-03,0.0032137008385182,0.0
2023-04-04,0.0001361385137026,0.0
2023-04-05,0.0039096494046055,0.0
2023-04-06,0.0011543156212855,0.0
2023-04-11,0.0089065695825891,0.0
2023-04-12,0.0009007990445148,0.0
2023-04-13,0.0112773655857294,0.0
2023-04-14,0.0051704978924279,0.0
2023-04-17,0.0028539088626613,0.0
2023-04-18,0.0047166339399939,0.0
2023-04-19,0.0020963987528122,0.0
2023-04-20,0.0014223058952957,0.0
2023-04-21,0.0050662682812591,0.0
2023-04-24,0.0004145159802213,0.0
2023-04-25,0.0055940147432936,0.0
2023-04-26,0.0086610139640205,0.0
2023-04-27,0.0022982101015478,0.0
2023-04-28,0.0010230361378131,0.0
2023-05-02,0.0145618690781943,0.0
2023-05-03,0.0027902690148982,0.0
2023-05-04,0.0085537000206411,0.0
2023-05-05,0.0124764074680053,0.0
2023-05-08,0.0010730223071212,0.0
2023-05-09,0.0058956901219633,0.0
2023-05-10,0.0048744946086873,0.0
2023-05-11,0.0027917833758913,0.0
2023-05-12,0.0044699864531466,0.0
2023-05-15,0.0004530236276858,0.0
2023-05-16,0.0016459818178617,0.0
2023-05-17,0.0008874873482361,0.0
2023-05-18,0.0063922001776185,0.0
2023-05-19,0.0060339263955249,0.0
2023-05-22,0.0018436470099515,0.0
2023-05-23,0.0133879720236838,0.0
2023-05-24,0.0171202302746497,0.0
2023-05-25,0.0033405254304567,0.0
2023-05-26,0.0123602582702736,0.0
2023-05-29,0.0021021860237111,0.0
2023-05-30,0.0129618612012925,0.0
2023-05-31,0.0155225804269311,0.0
2023-06-01,0.0054410960016396,0.0
2023-06-02,0.0184983973676698,0.0
2023-06-05,0.0096437609511344,0.0
2023-06-06,0.0011228167992995,0.0
2023-06-07,0.0008617890359216,0.0
2023-06-08,0.0026842226011276,0.0
2023-06-09,0.001248297300653,0.0
2023-06-12,0.0051453753455932,0.0
2023-06-13,0.005563495547155,0.0
2023-06-14,0.0051616681881694,0.0
2023-06-15,0.0051465325747472,0.0
2023-06-16,0.0133166375656413,0.0
2023-06-19,0.010147896554186,0.0
2023-06-20,0.0027217409728107,0.0
2023-06-21,0.0045619299156913,0.0
2023-06-22,0.0079770102983047,0.0
2023-06-23,0.0055489383602605,0.0
2023-06-26,0.0029175531249008,0.0
2023-06-27,0.0043375251200851,0.0
2023-06-28,0.0097560054408323,0.0
2023-06-29,0.0036180690405651,0.0
2023-06-30,0.011871453819435,0.0
2023-07-03,0.0018070039260979,0.0
2023-07-04,0.0022728802347141,0.0
2023-07-05,0.0080541492913113,0.0
2023-07-06,0.0317567754999047,0.0
2023-07-07,0.0041693014493118,0.0
2023-07-10,0.0044628326727571,0.0
2023-07-11,0.0106268641100475,0.0
2023-07-12,0.0155297353639856,0.0
2023-07-13,0.0050045014417838,0.0
2023-07-14,0.0006429904069695,0.0
2023-07-17,0.0113022819781721,0.0
2023-07-18,0.0037670731388748,0.0
2023-07-19,0.0010596343999616,0.0
2023-07-20,0.0078807919449614,0.0
2023-07-21,0.006459854598687,0.0
2023-07-24,0.0007348494967045,0.0
2023-07-25,0.0015980674217418,0.0
2023-07-26,0.0136291081077903,0.0
2023-07-27,0.0203210321290737,0.0
2023-07-28,0.0015031722936209,0.0
2023-07-31,0.0028461638743322,0.0
2023-08-01,0.0123056530370681,0.0
2023-08-02,0.0126696091971847,0.0
2023-08-03,0.0071788865007387,0.0
2023-08-04,0.0074837804379644,0.0
2023-08-07,0.0006409287567042,0.0
2023-08-08,0.0068940924271814,0.0
2023-08-09,0.007205566902499,0.0
2023-08-10,0.0151239868350026,0.0
2023-08-11,0.012648249973911,0.0
2023-08-14,0.0011777365108648,0.0
2023-08-15,0.0111025566521352,0.0
2023-08-16,0.0010256362205858,0.0
2023-08-17,0.0094810856794157,0.0
2023-08-18,0.0038493582788441,0.0
2023-08-21,0.0047277338638304,0.0
2023-08-22,0.0059311763774626,0.0
2023-08-23,0.0007924396445745,0.0
2023-08-24,0.0044478294975809,0.0
2023-08-25,0.0020963831778853,0.0
2023-08-28,0.0130698352293023,0.0
2023-08-29,0.0066294637045725,0.0
2023-08-30,0.0012254551069899,0.0
2023-08-31,0.0064981335949114,0.0
2023-09-01,0.0027276461846553,0.0
2023-09-04,0.0023682671062761,0.0
2023-09-05,0.0034111989218188,0.0
2023-09-06,0.008392487231353,0.0
2023-09-07,0.0002793922703609,0.0
2023-09-08,0.0061883308593668,0.0
2023-09-11,0.0051656422581841,0.0
2023-09-12,0.0034945840801759,0.0
2023-09-13,0.0041877943006092,0.0
2023-09-14,0.0118504830658737,0.0
2023-09-15,0.0095524064327184,0.0
2023-09-18,0.0140131898048631,0.0
2023-09-19,0.0008215240970802,0.0
2023-09-20,0.006661246982355,0.0
2023-09-21,0.016073584768696,0.0
2023-09-22,0.0040392643534443,0.0
2023-09-25,0.0085179381932735,0.0
2023-09-26,0.0070235835711809,0.0
2023-09-27,0.0003152849469893,0.0
2023-09-28,0.0062658931348763,0.0
2023-09-29,0.0026411393728085,0.0
2023-10-02,0.0094204548100408,0.0
2023-10-03,0.0101116098013079,0.0
2023-10-04,4.570948288676368e-05,0.0
2023-10-05,0.0002172235386328,0.0
2023-10-06,0.0088061661062312,0.0
2023-10-09,0.0055036694611169,0.0
2023-10-10,0.0198867189660976,0.0
2023-10-11,0.0043684133912917,0.0
2023-10-12,0.0037483414975671,0.0
2023-10-13,0.0143183015386626,0.0
2023-10-16,0.0026608498705904,0.0
2023-10-17,0.0010689315883184,0.0
2023-10-18,0.0091042883983835,0.0
2023-10-19,0.0064260261997071,0.0
2023-10-20,0.0153086463236984,0.0
2023-10-23,0.0050121969000308,0.0
2023-10-24,0.0062833894343831,0.0
2023-10-25,0.0031023787113177,0.0
2023-10-26,0.0037829380007105,0.0
2023-10-27,0.0136771722985181,0.0
2023-10-30,0.0043596194060351,0.0
2023-10-31,0.0088369500020466,0.0
2023-11-01,0.0067997120065941,0.0
2023-11-02,0.0183035384598906,0.0
2023-11-03,0.0018698281358533,0.0
2023-11-06,0.0048032902534827,0.0
2023-11-07,0.0039285877168005,0.0
2023-11-08,0.0068372366293553,0.0
2023-11-09,0.0112385985996585,0.0
2023-11-10,0.0096930725999913,0.0
2023-11-13,0.0059467656008489,0.0
2023-11-14,0.0138195868642249,0.0
2023-11-15,0.003324658200981,0.0
2023-11-16,0.0057323752669867,0.0
2023-11-17,0.0090972497385811,0.0
2023-11-20,0.0017982413646242,0.0
2023-11-21,0.0024149667963986,0.0
2023-11-22,0.0043173836852535,0.0
2023-11-23,0.0023661332134291,0.0
2023-11-24,0.0020410280182484,0.0
2023-11-27,0.0037517596191118,0.0
2023-11-28,0.0021163900917605,0.0
2023-11-29,0.0024122523464208,0.0
2023-11-30,0.0059169701199953,0.0
2023-12-01,0.0048277471280534,0.0
2023-12-04,0.0018475785640497,0.0
2023-12-05,0.0073916019370142,0.0
2023-12-06,0.0066113800240222,0.0
2023-12-07,0.0010051075138085,0.0
2023-12-08,0.0131100944861472,0.0
2023-12-11,0.0033134197460599,0.0
2023-12-12,0.0010572956789845,0.0
2023-12-13,0.001635791800085,0.0
2023-12-14,0.0059084934042252,0.0
2023-12-15,0.0027760370250448,0.0
2023-12-18,0.0036991626430896,0.0
2023-12-19,0.0007673321822928,0.0
2023-12-20,0.0011558513039383,0.0
2023-12-21,0.0015876490732618,0.0
2023-12-22,0.0003408243997211,0.0
2023-12-27,0.0003962844515053,0.0
2023-12-28,0.004853351229173,0.0
2023-12-29,0.0010637802451666,0.0
2024-01-02,0.0016346401112702,0.0
2024-01-03,0.0159278254537233,0.0
2024-01-04,0.0052171753364853,0.0
2024-01-05,0.0040265399724503,0.0
2024-01-08,0.0039742412228438,0.0
2024-01-09,0.0031754196082628,0.0
2024-01-10,7.27193110527726e-05,0.0
2024-01-11,0.0051924970592877,0.0
2024-01-12,0.0104385611979912,0.0
2024-01-15,0.0071870453404743,0.0
2024-01-16,0.0018474645650531,0.0
2024-01-17,0.0107783512072839,0.0
2024-01-18,0.011231086995189,0.0
2024-01-19,0.0040222054601613,0.0
2024-01-22,0.0056287159058912,0.0
2024-01-23,0.0034064578491335,0.0
2024-01-24,0.0091083294986771,0.0
2024-01-25,0.0011474733432128,0.0
2024-01-26,0.0225120264367809,0.0
2024-01-29,0.0008733150961061,0.0
2024-01-30,0.0047864676173504,0.0
2024-01-31,0.0027024820517935,0.0
2024-02-01,0.0089207242725906,0.0
2024-02-02,0.0004623889638066,0.0
2024-02-05,0.00030296027149,0.0
2024-02-06,0.0064364893057844,0.0
2024-02-07,0.0036341064693801,0.0
2024-02-08,0.0071179864484188,0.0
2024-02-09,0.0023652706124758,0.0
2024-02-12,0.0055133351509269,0.0
2024-02-13,0.0084217648892258,0.0
2024-02-14,0.0068014631632544,0.0
2024-02-15,0.0085689921338259,0.0
2024-02-16,0.0031924849506163,0.0
2024-02-19,4.758130015572337e-05,0.0
2024-02-20,0.0034272462557206,0.0
2024-02-21,0.0021617607919016,0.0
2024-02-22,0.0126575355841966,0.0
2024-02-23,0.0069378167041336,0.0
2024-02-26,0.0046375513635179,0.0
2024-02-27,0.0023403236540872,0.0
2024-02-28,0.0007533564416806,0.0
2024-02-29,0.0033950751618214,0.0
2024-03-01,0.0008498192436918,0.0
2024-03-04,0.0027991739492668,0.0
2024-03-05,0.0029693508613481,0.0
2024-03-06,0.002759444997833,0.0
2024-03-07,0.0076990090042594,0.0
2024-03-08,0.001469631502109,0.0
2024-03-11,0.0010318943380125,0.0
2024-03-12,0.0084124314159716,0.0
2024-03-13,0.0061756636591928,0.0
2024-03-14,0.0029253157556576,0.0
2024-03-15,0.0003589632598288,0.0
2024-03-18,0.0019874300048872,0.0
2024-03-19,0.0064724739109331,0.0
2024-03-20,0.004845203726147,0.0
2024-03-21,0.0022409791539119,0.0
2024-03-22,0.0034044737194168,0.0
2024-03-25,3.92337628203184e-05,0.0
2024-03-26,0.0040584276960423,0.0
2024-03-27,0.0024478486127455,0.0
2024-03-28,0.0001218723062996,0.0
2024-04-02,0.009275338019439,0.0
2024-04-03,0.0028471157832365,0.0
2024-04-04,0.0002060961030245,0.0
2024-04-05,0.0111319876613036,0.0
2024-04-08,0.0071678379079827,0.0
2024-04-09,0.0086749486869757,0.0
2024-04-10,0.0004709717486416,0.0
2024-04-11,0.0026933225168309,0.0
2024-04-12,0.0016102906143538,0.0
2024-04-15,0.0042700505068599,0.0
2024-04-16,0.0140823422988503,0.0
2024-04-17,0.0061454931073155,0.0
2024-04-18,0.0052172066106578,0.0
2024-04-19,0.0001058988973263,0.0
2024-04-22,0.0022349463362753,0.0
2024-04-23,0.0081035196391693,0.0
2024-04-24,0.0017187597210338,0.0
2024-04-25,0.0093379845241924,0.0
2024-04-26,0.0088905671479357,0.0
2024-04-29,0.0028588856658192,0.0
2024-04-30,0.0099962609742527,0.0
2024-05-02,0.0088405770247806,0.0
2024-05-03,0.0054081945974213,0.0
2024-05-06,0.0048978157739098,0.0
2024-05-07,0.0098356273041147,0.0
2024-05-08,0.00687726161583,0.0
2024-05-09,0.006892550004873,0.0
2024-05-10,0.0038386284730769,0.0
2024-05-13,0.0012002829524165,0.0
2024-05-14,0.0020102776177204,0.0
2024-05-15,0.0017236261566575,0.0
2024-05-16,0.0062696204673694,0.0
2024-05-17,0.0025666738115554,0.0
2024-05-20,0.0034796721923241,0.0
2024-05-21,0.0066730163728678,0.0
2024-05-22,0.0060800243219908,0.0
2024-05-23,0.0012621882865431,0.0
2024-05-24,0.0009087766053176,0.0
2024-05-27,0.0046242708782365,0.0
2024-05-28,0.0092266363824235,0.0
2024-05-29,0.0153534345533851,0.0
2024-05-30,0.0054645402459937,0.0
2024-05-31,0.0017982610817192,0.0
2024-06-03,0.0006441045467469,0.0
2024-06-04,0.0075452691413191,0.0
2024-06-05,0.0086136883365979,0.0
2024-06-06,0.0041815903440232,0.0
2024-06-07,0.0047775310654078,0.0
2024-06-10,0.0135660507691107,0.0
2024-06-11,0.0133610035350473,0.0
2024-06-12,0.0096449792839106,0.0
2024-06-13,0.0201230691528751,0.0
2024-06-14,0.0269224196645238,0.0
2024-06-17,0.0090614922267637,0.0
2024-06-18,0.0075301130551103,0.0
2024-06-19,0.0077110204269986,0.0
2024-06-20,0.0132717734212087,0.0
2024-06-21,0.0055908997985888,0.0
2024-06-24,0.0102143650923292,0.0
2024-06-25,0.0058025774050372,0.0
2024-06-26,0.0069607166265055,0.0
2024-06-27,0.0103607743636002,0.0
2024-06-28,0.0068381214909567,0.0
2024-07-01,0.0108680726139355,0.0
2024-07-02,0.0030252633926038,0.0
2024-07-03,0.0123650554777669,0.0
2024-07-04,0.0083116722513994,0.0
2024-07-05,0.0026230115220934,0.0
2024-07-08,0.0062954792711101,0.0
2024-07-09,0.0156965660625417,0.0
2024-07-10,0.0086048462383789,0.0
2024-07-11,0.0070497242400945,0.0
2024-07-12,0.0126621578806118,0.0
2024-07-15,0.011930816211125,0.0
2024-07-16,0.0069258249646539,0.0
2024-07-17,0.0012170583011407,0.0
2024-07-18,0.0020768460857601,0.0
2024-07-19,0.0068817869503651,0.0
2024-07-22,0.0115462990729565,0.0
2024-07-23,0.0030734765310625,0.0
2024-07-24,0.0112359414812869,0.0
2024-07-25,0.0116073067909308,0.0
2024-07-26,0.0121328989160042,0.0
2024-07-29,0.0098707793686613,0.0
2024-07-30,0.0041692609120191,0.0
2024-07-31,0.0075368438724452,0.0
2024-08-01,0.021614139341136,0.0
2024-08-02,0.0162291022009678,0.0
2024-08-05,0.0142785662092794,0.0
2024-08-06,0.0026542707838272,0.0
2024-08-07,0.0188904278275344,0.0
2024-08-08,0.0025575680064164,0.0
2024-08-09,0.0030666856094014,0.0
2024-08-12,0.0026225278028159,0.0
2024-08-13,0.0034695420277839,0.0
2024-08-14,0.0078703727611198,0.0
2024-08-15,0.0121993653517611,0.0
2024-08-16,0.0035406415862006,0.0
2024-08-19,0.004616323498966,0.0
2024-08-20,0.0002084260562293,0.0
2024-08-21,0.0051950902950669,0.0
2024-08-22,8.111614785546533e-05,0.0
2024-08-23,0.0070101141806995,0.0
2024-08-26,0.0017577267865418,0.0
2024-08-27,0.0032449340718957,0.0
2024-08-28,0.0015703342887061,0.0
2024-08-29,0.0083162123309315,0.0
2024-08-30,0.0013095948995761,0.0
2024-09-02,0.0020251825714878,0.0
2024-09-03,0.0093709887109244,0.0
2024-09-04,0.00983419136528,0.0
2024-09-05,0.0092427600451783,0.0
2024-09-06,0.0107764512305865,0.0
2024-09-09,0.0098745064670261,0.0
2024-09-10,0.0023879453544048,0.0
2024-09-11,0.0014481833782753,0.0
2024-09-12,0.0051564305415346,0.0
2024-09-13,0.0040509488935995,0.0
2024-09-16,0.0021200661331377,0.0
2024-09-17,0.0050854145607268,0.0
2024-09-18,0.0056950473810784,0.0
2024-09-19,0.022644625423321,0.0
2024-09-20,0.0152361911592998,0.0
2024-09-23,0.0010421290148245,0.0
2024-09-24,0.012695924526118,0.0
2024-09-25,0.0050613931504689,0.0
2024-09-26,0.0230573410595116,0.0
2024-09-27,0.006398963462536,0.0
2024-09-30,0.0202294545983828,0.0
2024-10-01,0.0081106173005007,0.0
2024-10-02,0.0004646381547254,0.0
2024-10-03,0.0132592587672178,0.0
2024-10-04,0.0084665912182179,0.0
2024-10-07,0.004585479395348,0.0
2024-10-08,0.0072463672721969,0.0
2024-10-09,0.0051414431130877,0.0
2024-10-10,0.0024500598128323,0.0
2024-10-11,0.0048018004275905,0.0
2024-10-14,0.0031844560738513,0.0
2024-10-15,0.0105911706019787,0.0
2024-10-16,0.0039923157195303,0.0
2024-10-17,0.012169375895901,0.0
2024-10-18,0.0038586938829261,0.0
2024-10-21,0.0101417999741341,0.0
2024-10-22,0.0001499380358282,0.0
2024-10-23,0.0050051548741316,0.0
2024-10-24,0.0007732681633614,0.0
2024-10-25,0.0007652576913952,0.0
2024-10-28,0.0078913666462929,0.0
2024-10-29,0.0060830990133437,0.0
2024-10-30,0.0110781504038465,0.0
2024-10-31,0.0105544211407916,0.0
2024-11-01,0.0079596376426009,0.0
2024-11-04,0.0050606099804225,0.0
2024-11-05,0.0047960410568295,0.0
2024-11-06,0.0050809677384971,0.0
2024-11-07,0.0075687336387053,0.0
2024-11-08,0.0117758860038938,0.0
2024-11-11,0.0119482188615848,0.0
2024-11-12,0.027284593319319,0.0
2024-11-13,0.0014054330503219,0.0
2024-11-14,0.0130736456240972,0.0
2024-11-15,0.0057840747233642,0.0
2024-11-18,0.0011823180507504,0.0
2024-11-19,0.0066984367848728,0.0
2024-11-20,0.0043235091095074,0.0
2024-11-21,0.0020635403094254,0.0
2024-11-22,0.0057629398790433,0.0
2024-11-25,0.0003390804666928,0.0
2024-11-26,0.0087131102622811,0.0
2024-11-27,0.0071811765914823,0.0
2024-11-28,0.0050578947770063,0.0
2024-11-29,0.0077506241617508,0.0
2024-12-02,0.0002460300506467,0.0
2024-12-03,0.0025571900102689,0.0
2024-12-04,0.0065747678913232,0.0
2024-12-05,0.0037256554701198,0.0
2024-12-06,0.0130566471500235,0.0
2024-12-09,0.0071456911525789,0.0
2024-12-10,0.0114772098305113,0.0
2024-12-11,0.0038628432613347,0.0
2024-12-12,0.0003314342013066,0.0
2024-12-13,0.0015333416847989,0.0
2024-12-16,0.0071092587034744,0.0
2024-12-17,0.0011709905347237,0.0
2024-12-18,0.0025653588329292,0.0
2024-12-19,0.0122966410852027,0.0
2024-12-20,0.0027305036352558,0.0
2024-12-23,0.0002969940185994,0.0
2024-12-24,0.0014249552709609,0.0
2024-12-27,0.009930383227544,0.0
2024-12-30,0.0057005073053797,0.0
2024-12-31,0.0091437690139335,0.0
2025-01-02,0.0017624331950419,0.0
2025-01-03,0.0152005792585239,0.0
2025-01-06,0.0221995433430119,0.0
2025-01-07,0.0058466908034013,0.0
2025-01-08,0.0049432230496673,0.0
2025-01-09,0.005067349948458,0.0
2025-01-10,0.0079403240518415,0.0
2025-01-13,0.0030189221183926,0.0
2025-01-14,0.0020266283864209,0.0
2025-01-15,0.0068357138288321,0.0
2025-01-16,0.021199667719204,0.0
2025-01-17,0.0097768465388115,0.0
2025-01-20,0.003075779868065,0.0
2025-01-21,0.0048309056656634,0.0
2025-01-22,0.0085146870849786,0.0
2025-01-23,0.0070197270660418,0.0
2025-01-24,0.0044260179659371,0.0
2025-01-27,0.002657545210493,0.0
2025-01-28,0.0011655265761137,0.0
2025-01-29,0.003156676472253,0.0
2025-01-30,0.0087466892447111,0.0
2025-01-31,0.0010734819940482,0.0
2025-02-03,0.0120532251446517,0.0
2025-02-04,0.006532468614366,0.0
2025-02-05,0.0018634835055038,0.0
2025-02-06,0.0145845407512684,0.0
2025-02-07,0.0043290337079801,0.0
2025-02-10,0.0041541971518149,0.0
2025-02-11,0.0028287536928359,0.0
2025-02-12,0.001653906763161,0.0
2025-02-13,0.0150462750239836,0.0
2025-02-14,0.001765953455239,0.0
2025-02-17,0.0012939954530125,0.0
2025-02-18,0.0021261312756189,0.0
2025-02-19,0.0117693268911795,0.0
2025-02-20,0.0014833921246657,0.0
2025-02-21,0.0039232723738477,0.0
2025-02-24,0.0078199938379007,0.0
2025-02-25,0.0049461458323055,0.0
2025-02-26,0.011466646965291,0.0
2025-02-27,0.0050965001691686,0.0
2025-02-28,0.0011236931069087,0.0
2025-03-03,0.0107999631053724,0.0
2025-03-04,0.0186851197846268,0.0
2025-03-05,0.015514136650701,0.0
2025-03-06,0.0029221581280277,0.0
2025-03-07,0.0094213105841864,0.0
2025-03-10,0.0090547249694168,0.0
2025-03-11,0.0132201023069609,0.0
2025-03-12,0.0059067635525319,0.0
2025-03-13,0.0063727795967632,0.0
2025-03-14,0.0112824773756751,0.0
2025-03-17,0.0056762614294429,0.0
2025-03-18,0.0050146466852186,0.0
2025-03-19,0.0069876559326727,0.0
2025-03-20,0.0095010655997854,0.0
2025-03-21,0.0063518243393581,0.0
2025-03-24,0.0025670424866436,0.0
2025-03-25,0.0106950611957279,0.0
2025-03-26,0.0096547456066566,0.0
2025-03-27,0.0050647189214443,0.0
2025-03-28,0.0093083661088256,0.0
2025-03-31,0.0159641504667842,0.0
2025-04-01,0.0109338576498072,0.0
2025-04-02,0.0022281005152965,0.0
2025-04-03,0.0336237251516461,0.0
2025-04-04,0.0435770581597172,0.0
2025-04-07,0.0489928077046724,0.0
2025-04-08,0.0247097669000978,0.0
2025-04-09,0.0340063452788001,0.0
2025-04-10,0.0376052955985801,0.0
2025-04-11,0.0029822920722342,0.0
2025-04-14,0.0234147920580355,0.0
2025-04-15,0.0085265533257555,0.0
2025-04-16,0.0007404774246687,0.0
2025-04-17,0.0060359877269897,0.0
2025-04-22,0.0055583819831775,0.0
2025-04-23,0.0210543852861952,0.0
2025-04-24,0.0027253579203497,0.0
2025-04-25,0.0044524167470471,0.0
2025-04-28,0.0049636040395816,0.0
2025-04-29,0.0023648505500019,0.0
2025-04-30,0.0050165981865342,0.0
2025-05-02,0.0229905777027959,0.0
2025-05-05,0.0054908743753452,0.0
2025-05-06,0.004020822956271,0.0
2025-05-07,0.0091466543170399,0.0
2025-05-08,0.0088243981275622,0.0
2025-05-09,0.0063880838966589,0.0
2025-05-12,0.0136402166114942,0.0
2025-05-13,0.0030183291605965,0.0
2025-05-14,0.0047152954390394,0.0
2025-05-15,0.0021261829689373,0.0
2025-05-16,0.0042210213308843,0.0
2025-05-19,0.0003880781957834,0.0
2025-05-20,0.0074295620466379,0.0
2025-05-21,0.0040282484870767,0.0
2025-05-22,0.005838431392888,0.0
2025-05-23,0.0166734260982733,0.0
2025-05-26,0.0120457425766883,0.0
2025-05-27,0.0001711722270005,0.0
2025-05-28,0.0049555290167353,0.0
2025-05-29,0.0010765647924549,0.0
2025-05-30,0.003583673203168,0.0
2025-06-02,0.0018968119490242,0.0
2025-06-03,0.0034371467459018,0.0
2025-06-04,0.0052452254391353,0.0
2025-06-05,0.0018467408647123,0.0
2025-06-06,0.001872391244161,0.0
2025-06-09,0.0017183397329921,0.0
2025-06-10,0.0016491447638767,0.0
2025-06-11,0.0036495234501749,0.0
2025-06-12,0.0013885894107252,0.0
2025-06-13,0.0104118455833076,0.0
2025-06-16,0.007462322248616,0.0
2025-06-17,0.0075859778908132,0.0
2025-06-18,0.0035997604826851,0.0
2025-06-19,0.0135009049262058,0.0
2025-06-20,0.0047823768182858,0.0
2025-06-23,0.0068869896191302,0.0
2025-06-24,0.0103501896487197,0.0
2025-06-25,0.0076222202392226,0.0
2025-06-26,0.0001124804779557,0.0
2025-06-27,0.0176069837621026,0.0
2025-06-30,0.0033390511614084,0.0
2025-07-01,0.0004332208046357,0.0
2025-07-02,0.0098474959847844,0.0
2025-07-03,0.0020822203780114,0.0
2025-07-04,0.007543944232892,0.0
2025-07-07,0.0035279742864097,0.0
2025-07-08,0.0055828735253897,0.0
2025-07-09,0.0142858020827052,0.0
2025-07-10,0.0030150807085044,0.0
2025-07-11,0.0092756950520416,0.0
2025-07-14,0.0027012225876005,0.0
2025-07-15,0.0053883445474167,0.0
2025-07-16,0.0056972343101735,0.0
2025-07-17,0.0128552437817014,0.0
2025-07-18,8.564218724395828e-05,0.0
2025-07-21,0.0031303884456205,0.0
2025-07-22,0.0069242171114465,0.0
2025-07-23,0.0135970167919618,0.0
2025-07-24,0.0041037757193115,0.0
2025-07-25,0.002082724690993,0.0
2025-07-28,0.0043107459048751,0.0
2025-07-29,0.0072141219365618,0.0
2025-07-30,0.0005852794954241,0.0
2025-07-31,0.0115122351133937,0.0
2025-08-01,0.0294848538311227,0.0
2025-08-04,0.0113123683984539,0.0
2025-08-05,0.0014383652573397,0.0
2025-08-06,0.0018339913458942,0.0
2025-08-07,0.0096831239411971,0.0
2025-08-08,0.004359245666644,0.0
2025-08-11,0.0057611042744275,0.0
2025-08-12,0.00710592114154,0.0
2025-08-13,0.006626711524898,0.0
2025-08-14,0.0083405058795528,0.0
2025-08-15,0.0067254980119453,0.0
2025-08-18,0.0049850352324529,0.0
2025-08-19,0.0119814199305552,0.0
2025-08-20,0.0007585571201202,0.0
2025-08-21,0.0043666775199808,0.0
2025-08-22,0.0039476970880167,0.0
2025-08-25,0.0160190695468071,0.0
2025-08-26,0.0171329677361872,0.0
2025-08-27,0.0044157818253344,0.0
2025-08-28,0.0024080088281841,0.0
2025-08-29,0.0075906607392564,0.0
2025-09-01,0.0005190827989602,0.0
2025-09-02,0.0069847151341965,0.0
2025-09-03,0.0085157443740279,0.0
2025-09-04,0.0026967443696384,0.0
2025-09-05,0.0031404485606954,0.0
2025-09-08,0.0077951778392876,0.0
2025-09-09,0.0018793698194585,0.0
2025-09-10,0.0015382519410649,0.0
2025-09-11,0.0079821834801241,0.0
2025-09-12,0.000219853179775,0.0
2025-09-15,0.0091196617764322,0.0
2025-09-16,0.010017163965959,0.0
2025-09-17,0.0040038289438673,0.0
2025-09-18,0.0086474974641334,0.0
2025-09-19,0.0001298709657004,0.0
2025-09-22,0.0029941912239084,0.0
2025-09-23,0.0053381619035494,0.0
2025-09-24,0.0056778914635036,0.0
2025-09-25,0.0041004396856564,0.0
2025-09-26,0.0096081133673802,0.0
2025-09-29,0.0012938336402735,0.0
2025-09-30,0.0019103771606482,0.0
2025-10-01,0.0089530631084676,0.0
2025-10-02,0.0111935813892127,0.0
2025-10-03,0.003087112870165,0.0
2025-10-06,0.0136746748340562,0.0
2025-10-07,0.0003850735309594,0.0
2025-10-08,0.0106368189194462,0.0
2025-10-09,0.0023314647687424,0.0
2025-10-10,0.0154595574288845,0.0
2025-10-13,0.0020514136870782,0.0
2025-10-14,0.0018468226966184,0.0
2025-10-15,0.0196772767857605,0.0
2025-10-16,0.0137211863297926,0.0
2025-10-17,0.0017588262286129,0.0
2025-10-20,0.003891285847489,0.0
2025-10-21,0.0064124436392524,0.0
2025-10-22,0.0063149833832357,0.0
2025-10-23,0.0023015355585183,0.0
2025-10-24,1.828300718005871e-05,0.0
2025-10-27,0.0016459112616555,0.0
2025-10-28,0.002746712872005,0.0
2025-10-29,0.0019126223101455,0.0
2025-10-30,0.0053294405341709,0.0
2025-10-31,0.0044501135153524,0.0
2025-11-03,0.0013899185954644,0.0
2025-11-04,0.005224641720198,0.0
2025-11-05,0.0008301691754293,0.0
2025-11-06,0.0136494370426046,0.0
2025-11-07,0.001833477033619,0.0
2025-11-10,0.0131617082113052,0.0
2025-11-11,0.0124257497770259,0.0
2025-11-12,0.010368796457725,0.0
2025-11-13,0.0010622974364483,0.0
2025-11-14,0.0076086434408425,0.0
2025-11-17,0.0062704459580246,0.0
2025-11-18,0.0187847024762096,0.0
2025-11-19,0.0017787246097708,0.0
2025-11-20,0.0034264331068907,0.0
2025-11-21,0.0001979586408712,0.0
2025-11-24,0.0028828924068529,0.0
2025-11-25,0.0082737962900765,0.0
2025-11-26,0.0087619173084082,0.0
2025-11-27,0.0003754084706476,0.0
