Date,p_change,expected_runlen,p_evt
1988-04-08,1.0,0.0,0.0
1988-04-11,1.0,0.0,0.0
1988-04-12,0.9999999999930047,6.995293233558186e-12,0.0
1988-04-13,0.9999999852007331,1.4799266923032219e-08,0.0
1988-04-14,1.0,0.0,0.0
1988-04-15,1.0,0.0,0.0
1988-04-18,1.0,0.0,0.0
1988-04-19,1.0,0.0,0.0
1988-04-20,1.0,0.0,0.0
1988-04-21,0.9999999988939298,1.1060702354015461e-09,0.0
1988-04-22,0.9999999999708864,2.911360041702156e-11,0.0
1988-04-25,1.0,0.0,0.0
1988-04-26,0.9999607273795373,3.9272620462660335e-05,0.0
1988-04-27,0.9989439061598115,0.001056093841476446,0.0
1988-04-28,1.0,0.0,0.0
1988-05-02,0.9999999999716187,2.8381297312307652e-11,0.0
1988-05-06,0.9998097476636986,0.00019025233630141114,0.0
1988-05-09,0.999829102260943,0.0001708977733115677,0.0
1988-05-10,0.36801482030231525,0.631987710165706,0.0
1988-05-11,0.8574101847421899,0.16060118036621715,0.0
1988-05-12,0.9386014305014059,0.06627734554456248,0.0
1988-05-13,0.9999992450198261,8.052782172528472e-07,0.0
1988-05-16,0.9999999465627126,5.343728742526091e-08,0.0
1988-05-17,0.28202943148008747,0.7179706040190096,0.0
1988-05-18,0.002000561157701782,1.0005519479001066,0.0
1988-05-19,1.0,0.0,0.0
1988-05-20,0.53291875866416,0.4670812413358399,0.0
1988-05-23,0.33742146069913304,0.6626216726277424,0.0
1988-05-24,0.011057870259658332,1.7161383794361487,0.0
1988-05-25,0.022614323946742378,2.7700358675329406,0.0
1988-05-26,0.6445722642200024,1.367942933142357,0.0
1988-05-27,0.004850566859128931,2.3772536064418164,0.0
1988-05-30,1.0,0.0,0.0
1988-05-31,0.9999999999752833,2.4716673152624935e-11,0.0
1988-06-01,0.9892943975057025,0.010705602494297533,0.0
1988-06-02,0.11543981550906372,0.884565683134248,0.0
1988-06-03,0.0031185094356148226,1.4391425952750108,0.0
1988-06-06,0.022039846831035187,2.0148324050399204,0.0
1988-06-07,0.07237688575880723,2.6447452622514094,0.0
1988-06-08,0.06807446979703093,2.8398057282074536,0.0
1988-06-09,0.7059890112636839,1.3282478842347294,0.0
1988-06-10,0.3822203153913937,1.5378232933700096,0.0
1988-06-13,0.9473947634568938,0.10402603990796794,0.0
1988-06-14,0.2553451810210022,1.1036007852370266,0.0
1988-06-15,0.9960516384882306,0.008609904718592944,0.0
1988-06-16,0.002504212334250539,1.037240530870155,0.0
1988-06-17,0.0042829007328897516,2.0926316019017954,0.0
1988-06-20,0.2184962595855308,2.3741122117004827,0.0
1988-06-21,0.744899067674377,0.644917322031024,0.0
1988-06-22,0.9363345594901422,0.17232163948956108,0.0
1988-06-23,0.33005970839360793,0.7138567015454931,0.0
1988-06-24,0.012406281089125351,1.652832067753931,0.0
1988-06-27,0.9470104441220467,0.14688765574705412,0.0
1988-06-28,0.035373270187931224,1.1017861450623256,0.0
1988-06-29,0.0024213524467979345,2.0725340294462313,0.0
1988-06-30,0.002003887690427064,2.710420569136376,0.0
1988-07-01,0.15192540701708365,2.800107140558537,0.0
1988-07-04,0.030582193349089605,3.5066454089702797,0.0
1988-07-05,0.8953968288551221,0.4776262383568708,0.0
1988-07-06,0.9999820662316894,1.7982390934168136e-05,0.0
1988-07-07,0.0020033932769630775,0.9985779903596611,0.0
1988-07-08,0.0022350137684332546,1.4096251438901921,0.0
1988-07-11,0.0020007305434283527,1.9957843040014256,0.0
1988-07-12,0.21339593149570465,2.3820901517342254,0.0
1988-07-13,0.0024172380576517292,3.984118432991942,0.0
1988-07-14,0.002009449275836981,4.979430304145584,0.0
1988-07-15,0.0022260619596108726,5.957323370158181,0.0
1988-07-18,0.00759503889064997,6.71648911212415,0.0
1988-07-19,0.9998168604451586,0.0011038634596700816,0.0
1988-07-20,0.9228839441611014,0.0771294427653229,0.0
1988-07-21,0.02011445762474731,0.9847083004222106,0.0
1988-07-22,0.9999899510312817,2.0407405454699352e-05,0.0
1988-07-25,0.0032867535626864763,0.9978606214634178,0.0
1988-07-26,0.002008975001933735,1.1810783346657925,0.0
1988-07-27,0.9999993888450714,1.831025532079493e-06,0.0
1988-07-28,0.054324198502691504,0.9456794725148916,0.0
1988-07-29,0.0185435198724146,1.0126293356344485,0.0
1988-08-01,0.9999978595943474,5.993975348053304e-06,0.0
1988-08-02,0.004691497949754688,0.9959741802840851,0.0
1988-08-03,0.0020745695841791834,1.0783338323227305,0.0
1988-08-04,0.4680263701696434,1.0820880690604944,0.0
1988-08-05,0.9963794847690023,0.009058695870685822,0.0
1988-08-08,0.06414395507241136,1.2981407196643096,0.0
1988-08-09,0.05391343594922105,2.128811078841939,0.0
1988-08-10,0.9999999303610374,2.4458003802783966e-07,0.0
1988-08-11,0.9992151306219138,0.0007848698788737968,0.0
1988-08-12,0.8225215706600696,0.17748585441420556,0.0
1988-08-15,0.06407311100328146,0.9437337162919607,0.0
1988-08-16,0.9146807196386678,0.16649654010436302,0.0
1988-08-17,0.9999999991762032,1.0211599038135849e-09,0.0
1988-08-18,0.7553510321858331,0.24464906239514142,0.0
1988-08-19,0.0027463260946018727,0.9977314105584376,0.0
1988-08-22,0.9803824755237949,0.0392344848403253,0.0
1988-08-23,0.4193173237623531,0.6222341212982698,0.0
1988-08-24,0.80951121800074,0.33572979524214097,0.0
1988-08-25,0.650151129447099,0.4370324171106894,0.0
1988-08-26,0.9975536681024462,0.00320490943598035,0.0
1988-08-29,0.9999994354135299,5.656127629247248e-07,0.0
1988-08-30,0.9967738532147097,0.0032261560838408193,0.0
1988-08-31,0.9911691013568638,0.008834692514476565,0.0
1988-09-01,0.9999921325816045,7.903942421778945e-06,0.0
1988-09-02,0.9999509648791486,4.904188787895557e-05,0.0
1988-09-05,1.0,0.0,0.0
1988-09-06,0.9985949494444253,0.0014050505555748272,0.0
1988-09-07,0.9997748101445987,0.0002252018095005497,0.0
1988-09-08,0.9999999966782034,3.3217966214154682e-09,0.0
1988-09-09,0.9647533947130249,0.03524660598153805,0.0
1988-09-12,0.465398859284527,0.5350774849192983,0.0
1988-09-13,0.907408803277489,0.165763586349446,0.0
1988-09-14,0.2500754482732351,0.8019110917014197,0.0
1988-09-16,0.0067557244094559035,1.5011493534979214,0.0
1988-09-19,0.9961600140713222,0.009586076378265248,0.0
1988-09-20,0.9999998446050511,1.5664876753914448e-07,0.0
1988-09-21,0.9999916286444422,8.371357139122363e-06,0.0
1988-09-22,0.9998922694988077,0.00010773051267830892,0.0
1988-09-26,0.9962078617436113,0.0037923754950317306,0.0
1988-09-27,0.9995613939255901,0.0004387177364534255,0.0
1988-09-28,0.9942626911207717,0.005770254322063114,0.0
1988-09-29,0.8486658349812286,0.15143161851433176,0.0
1988-09-30,0.9999999772634367,2.5414221053360402e-08,0.0
1988-10-03,0.999991742174154,8.257903439474828e-06,0.0
1988-10-04,0.9789511617215285,0.02104884026486012,0.0
1988-10-05,0.9928755429952325,0.007297028935244379,0.0
1988-10-06,0.13008599871786253,0.8729694765298667,0.0
1988-10-07,0.8780705818097431,0.21869580420991308,0.0
1988-10-11,0.059031389538276004,1.0560926374180188,0.0
1988-10-12,0.7503586701114641,0.5010079662386585,0.0
1988-10-13,0.002791544721977987,1.3677399049906453,0.0
1988-10-14,0.0027335836836398348,2.200266729628835,0.0
1988-10-17,0.0021602623421329804,2.831385187026027,0.0
1988-10-18,0.0025372359231294337,3.315145943737716,0.0
1988-10-19,0.026951842239786687,3.8105049122398857,0.0
1988-10-20,0.0020025049395354546,4.7731956270647995,0.0
1988-10-21,0.033691184314560974,5.493326517238908,0.0
1988-10-24,0.0026567699518666305,5.94316660706647,0.0
1988-10-25,0.0033103097228888937,5.863414292895812,0.0
1988-10-26,0.002477625686601199,4.650275605650959,0.0
1988-10-27,0.0020005011118828958,6.879119130851773,0.0
1988-10-28,0.0021641189567110303,6.698657008260099,0.0
1988-10-31,0.9964949587360619,0.02122707997556706,0.0
1988-11-01,0.0020810742698818153,2.3722673102711673,0.0
1988-11-02,0.0020157652505822066,7.890780442330977,0.0
1988-11-04,0.010378301954800209,8.69654144885311,0.0
1988-11-07,0.9999999999804523,1.917370694617192e-10,0.0
1988-11-08,0.0021598463322234835,0.9978412581757762,0.0
1988-11-09,0.003239583321004147,1.113199971608419,0.0
1988-11-10,0.002006894345699955,1.9904277498945948,0.0
1988-11-11,0.9998934857342944,0.0003160339958737701,0.0
1988-11-14,0.0020008110101121454,1.1588192173046072,0.0
1988-11-15,0.6305041227591682,0.8597775280941569,0.0
1988-11-16,0.002426705501377341,1.4260880323755152,0.0
1988-11-17,0.0031787114729500475,3.514429703176262,0.0
1988-11-18,0.0020001071576353766,7.01432609891901,0.0
1988-11-21,0.002000677844184362,8.034847686297145,0.0
1988-11-22,0.0020027068558354454,9.113986250979236,0.0
1988-11-24,0.0020012947174273023,9.954568165769462,0.0
1988-11-25,0.0020007174945028973,10.13905391738318,0.0
1988-11-28,0.9999843869032268,0.00018193414478748232,0.0
1988-11-29,0.9086755674599662,0.09141841692634574,0.0
1988-11-30,0.999999513162863,9.643793379290947e-07,0.0
1988-12-01,0.002000171095046458,0.998001396935661,0.0
1988-12-02,0.0020004430949544464,1.0919680712926563,0.0
1988-12-05,0.5281573911735277,0.9434124026740935,0.0
1988-12-06,0.002006181793374194,2.9234807738731092,0.0
1988-12-07,0.7076644766435695,0.690924032178445,0.0
1988-12-08,0.849787257268315,0.18119849888364584,0.0
1988-12-09,0.0020000163100528327,1.5047619907775336,0.0
1988-12-12,0.0026815144839545564,4.617671091202979,0.0
1988-12-13,0.0020361556625550195,7.2971898565359945,0.0
1988-12-14,0.0036397766008581045,7.031261456379947,0.0
1988-12-15,0.0020045289334643763,5.501714617857084,0.0
1988-12-16,0.9879397607424953,0.05214010051726864,0.0
1988-12-19,0.08829229816165626,1.0097920642829756,0.0
1988-12-20,0.0026304998875464674,2.0896668899279445,0.0
1988-12-21,0.0028271249990388533,3.142283492082333,0.0
1988-12-22,0.002316662975593234,4.2519551161850995,0.0
1988-12-23,0.6674725587066249,1.457455186114723,0.0
1988-12-26,0.9998340348985032,0.0007024729043714161,0.0
1988-12-27,0.030954025579180196,0.9996761707277192,0.0
1988-12-28,0.006275626770760063,1.9672458607729655,0.0
1989-01-04,0.0020111477680278913,2.3501119051679438,0.0
1989-01-05,0.6289160058674319,1.5262171177625345,0.0
1989-01-06,0.047130584623425044,2.726434618542312,0.0
1989-01-09,0.9999156562643791,0.00023065487950706858,0.0
1989-01-10,0.9999999993284999,6.715000300274541e-10,0.0
1989-01-11,0.5095919443917756,0.4904081036481531,0.0
1989-01-12,0.004630796970176779,0.9970497872134324,0.0
1989-01-13,0.011900615807446144,1.9220248693571924,0.0
1989-01-17,0.0021886681262898106,2.7856313734481484,0.0
1989-01-18,0.0025138969451410863,2.8950511854532706,0.0
1989-01-19,0.6510803861607087,1.603913400233699,0.0
1989-01-20,0.003140766318820278,2.91701345934726,0.0
1989-01-23,0.0025585169895348072,5.3931413382019,0.0
1989-01-24,0.9999959823333009,2.4496205132738948e-05,0.0
1989-01-25,0.002224697250166892,1.0165609513523977,0.0
1989-01-26,0.002160460750031909,3.2260767108952684,0.0
1989-01-27,0.0020145227914305248,3.300989114379332,0.0
1989-01-30,0.0021578962996272877,3.4170960122176397,0.0
1989-01-31,0.002004184811844825,4.262883802249129,0.0
1989-02-01,0.03516058913594733,4.979372429854542,0.0
1989-02-02,0.01140194975556649,6.267185149943297,0.0
1989-02-03,0.998323004562637,0.012718688015131449,0.0
1989-02-06,0.0023916873122807143,2.74055690176988,0.0
1989-02-07,0.002022141463509576,9.221817983941987,0.0
1989-02-08,0.9998612589096169,0.0005665046398393395,0.0
1989-02-09,0.0026270295779079454,1.070333868551226,0.0
1989-02-10,0.0020009368605204535,4.570524875064184,0.0
1989-02-13,0.0020000238915943262,4.879305923059302,0.0
1989-02-14,0.002000033582294944,4.825941314828582,0.0
1989-02-15,0.002001937323919917,4.123075647770711,0.0
1989-02-16,0.0025298341867837793,4.869704741234928,0.0
1989-02-17,0.0020000289952477593,5.474073363488862,0.0
1989-02-20,0.0020002745130878684,6.1802210940486075,0.0
1989-02-21,0.0020047653294813336,7.166476345019804,0.0
1989-02-22,0.9999999476776955,4.3727472047508746e-07,0.0
1989-02-23,0.002000123046657089,1.0026747594951941,0.0
1989-02-27,0.002306494056808456,2.922115965556135,0.0
1989-02-28,0.033795662888594424,6.478656253793557,0.0
1989-03-01,0.4628143867808183,3.6150496804272167,0.0
1989-03-02,0.0036123753366951255,4.475351659951305,0.0
1989-03-03,0.10882260761161866,2.5968709859770986,0.0
1989-03-06,0.026907650239791966,3.032891407225911,0.0
1989-03-07,0.0026562018092225422,3.9663754982621704,0.0
1989-03-08,0.00480941446221639,4.526093921814718,0.0
1989-03-09,0.002641558566433652,5.264605728791961,0.0
1989-03-10,0.0021608127472212122,6.713971734358836,0.0
1989-03-13,0.002058458526717413,7.773885016745586,0.0
1989-03-14,0.002017012296714285,9.318269944305628,0.0
1989-03-15,0.9999968403856963,3.996289954581122e-05,0.0
1989-03-16,0.0020021882516443527,1.0468502335706107,0.0
1989-03-17,0.0020003458293991346,5.979486562257131,0.0
1989-03-20,0.011688208418142098,7.240019481309996,0.0
1989-03-22,0.0020087370423482595,7.913786824900051,0.0
1989-03-23,0.0020000153105723664,5.584012570374844,0.0
1989-03-24,0.0020000489057229154,5.232387155981419,0.0
1989-03-27,0.0020002408646889866,5.987994387417545,0.0
1989-03-28,0.9999999999978515,1.5039578715039895e-11,0.0
1989-03-29,0.9999999998295425,1.7045753697431105e-10,0.0
1989-03-30,0.0020042133537836807,0.9979957866580984,0.0
1989-03-31,0.0020101471445197307,1.0174741985636158,0.0
1989-04-03,0.0020019892340314926,1.9945161713440962,0.0
1989-04-04,0.0024216018209260175,2.985634882996144,0.0
1989-04-05,0.0020003736917577467,3.98132041351425,0.0
1989-04-06,0.004363026331629454,4.972085090251341,0.0
1989-04-07,0.0020074593387425974,5.975598761262927,0.0
1989-04-10,0.0021126278115953445,6.977296924754298,0.0
1989-04-11,0.0033163244411480086,7.9266364966394525,0.0
1989-04-12,0.0025749252084269233,8.883650493202799,0.0
1989-04-13,0.002802532083276308,9.541421289561239,0.0
1989-04-14,0.0021502442761066245,10.555018101034092,0.0
1989-04-17,0.002009572346863304,11.635047141844451,0.0
1989-04-18,0.0020079272892701504,12.429984304021806,0.0
1989-04-19,0.0020050964496549518,10.656418813132799,0.0
1989-04-20,0.019037919147882783,10.085452762782703,0.0
1989-04-21,0.6387366311798628,2.7540252046887526,0.0
1989-04-24,0.11867216444656792,1.4193284456519362,0.0
1989-04-25,0.9354100374561469,0.13087112275807478,0.0
1989-04-26,0.0021180028866263118,1.3501628769983474,0.0
1989-04-27,0.002002619099967855,2.6436548771269317,0.0
1989-04-28,0.002462104627427011,3.552671994092892,0.0
1989-05-01,0.0020949597129229416,3.8408394280124964,0.0
1989-05-02,0.00244842717104276,3.172210808890355,0.0
1989-05-08,0.0037037072115695346,3.996197862117916,0.0
1989-05-09,0.0035214391293120584,4.989079773397711,0.0
1989-05-10,0.0024431583668251032,5.904670616915922,0.0
1989-05-11,0.002001213285582882,6.902722468564089,0.0
1989-05-12,0.11506958661622953,6.669571401458063,0.0
1989-05-15,0.004050994570284141,6.080698677175738,0.0
1989-05-16,0.002476833715310663,6.855698750839356,0.0
1989-05-17,0.0020011013329589086,9.486434114901925,0.0
1989-05-18,0.003279349306873667,9.785758208269836,0.0
1989-05-19,0.0028783767171853243,10.551607463937803,0.0
1989-05-22,0.002011775953567213,11.784047015518244,0.0
1989-05-23,0.9701068293808675,0.3676875191846865,0.0
1989-05-24,0.016684535617904808,3.1078025980603368,0.0
1989-05-25,0.0021012912678758213,13.306714644494523,0.0
1989-05-26,0.002130143398848468,15.285208712685693,0.0
1989-05-29,0.00214487586638305,16.4362591788006,0.0
1989-05-30,0.002002300718562978,17.635794970037235,0.0
1989-05-31,0.0021971755377241014,18.379625414429707,0.0
1989-06-01,0.3699009296779563,11.550696427025903,0.0
1989-06-02,0.5149098346817804,1.4260779450964707,0.0
1989-06-05,0.2641025953772475,0.9822982131851116,0.0
1989-06-06,0.24162322133653896,1.3922571606012217,0.0
1989-06-07,0.017709426989280904,1.9123616102407326,0.0
1989-06-08,0.006471512622148951,2.37382448673745,0.0
1989-06-09,0.0027799448719855037,3.157354950090605,0.0
1989-06-12,0.007486323226703129,4.0023916767504275,0.0
1989-06-13,0.6750977984822424,1.6695572259129041,0.0
1989-06-14,0.9064080259061936,0.20923954381074567,0.0
1989-06-15,0.9999931962586609,7.580842905695056e-06,0.0
1989-06-16,0.9989367576798133,0.0010632767887861032,0.0
1989-06-19,0.17472959111739955,0.8254439473359897,0.0
1989-06-20,0.08416722547549728,1.1303760464196262,0.0
1989-06-21,0.0021707127207882043,1.8938386980380277,0.0
1989-06-22,0.002400762186274894,2.918198057444895,0.0
1989-06-23,0.028143957903246183,3.7055986323266485,0.0
1989-06-26,0.0020302991787429117,4.690320870514972,0.0
1989-06-27,0.002660802503414353,5.63953429972125,0.0
1989-06-28,0.8712216468912083,0.7914104642172364,0.0
1989-06-29,0.030909825156744453,3.5646536044361588,0.0
1989-06-30,0.7474216647433771,1.0022583548744337,0.0
1989-07-03,0.8752633189510565,0.26409473377011194,0.0
1989-07-04,0.011104684826597011,2.4864017078675698,0.0
1989-07-05,0.0022512201253689045,5.585649344627575,0.0
1989-07-06,0.03323876789694204,6.640025523509792,0.0
1989-07-07,0.9993297164850369,0.003936052914662461,0.0
1989-07-10,0.3027180475730264,0.7362043537052736,0.0
1989-07-11,0.0071615944852227555,1.1126822784933452,0.0
1989-07-12,0.005592239977312729,1.9767259327584663,0.0
1989-07-13,0.08232503787560135,2.728937021721109,0.0
1989-07-14,0.007342665359842037,3.745383948367547,0.0
1989-07-17,0.0024449387016364107,4.780074118466631,0.0
1989-07-18,0.0021096536507001088,5.582551671574679,0.0
1989-07-19,0.9999999910672126,5.6981135573671585e-08,0.0
1989-07-20,0.002002684324930153,0.998179750563409,0.0
1989-07-21,0.13238985873372558,1.6796956839039652,0.0
1989-07-24,0.02303522937948495,3.4000930686668283,0.0
1989-07-25,0.999999991548609,3.054183721461986e-08,0.0
1989-07-26,0.4570043190152318,0.5430009356938635,0.0
1989-07-27,0.9999919714561253,1.6046362819174862e-05,0.0
1989-07-28,0.005437177211336666,0.9945811918807523,0.0
1989-07-31,0.9999999240970822,1.5180583565687907e-07,0.0
1989-08-01,0.0020030685227314894,0.9979973600563843,0.0
1989-08-02,0.0020001773889373577,1.019252844519277,0.0
1989-08-03,0.0020001285076278975,1.9942007943925355,0.0
1989-08-04,0.0020000311441997413,2.987988603421016,0.0
1989-08-07,0.0020001938262427764,3.985424410367039,0.0
1989-08-08,0.002001024460684259,4.974628466593373,0.0
1989-08-09,0.002000016782884259,5.963690346408786,0.0
1989-08-10,0.0020000766059721535,6.9457289124186685,0.0
1989-08-11,0.0020009519272286137,7.943533650091936,0.0
1989-08-14,0.0020000512094208475,8.9137436512049,0.0
1989-08-15,0.0020100418516008746,9.918374805317058,0.0
1989-08-16,0.9999551887715132,0.0004903441096122327,0.0
1989-08-17,0.002002364769015551,2.091114289297083,0.0
1989-08-18,0.0020002736839987174,12.710624904970993,0.0
1989-08-21,0.0020000013741775942,13.698287620254979,0.0
1989-08-22,0.0020000467924077892,14.649408214446524,0.0
1989-08-23,0.0020082922778379667,15.702301353748169,0.0
1989-08-24,0.0020059823971198725,16.649385404335174,0.0
1989-08-25,0.0020027046493102997,17.66231237520976,0.0
1989-08-28,0.002001737189179744,18.555474098958204,0.0
1989-08-29,0.0020004898126758613,19.624677162700284,0.0
1989-08-30,0.0020780490705007504,20.443867125365966,0.0
1989-08-31,0.002315647988942229,21.290671400212155,0.0
1989-09-01,0.002050820600528026,22.066436700465015,0.0
1989-09-04,0.0020008054859645056,22.97407614555836,0.0
1989-09-05,0.002022839451563528,23.538553495988765,0.0
1989-09-06,0.002097467441898695,23.01606229289551,0.0
1989-09-07,0.002000074629320006,25.129513832701086,0.0
1989-09-08,0.0020080001156247713,26.521828820199215,0.0
1989-09-11,0.002004374048534248,27.674033574202415,0.0
1989-09-12,0.004574942639927213,28.8884576726738,0.0
1989-09-13,0.0020000716137832135,30.13864761939554,0.0
1989-09-14,0.002000006227726852,31.29905736490512,0.0
1989-09-18,0.0020000038918156445,32.20691862209379,0.0
1989-09-19,0.0020006617175763104,33.328423010185645,0.0
1989-09-20,0.002000001540172911,33.816293103429594,0.0
1989-09-21,0.002076914257063364,34.99045435955532,0.0
1989-09-22,0.00200000846927789,35.07956911372452,0.0
1989-09-25,0.0020000198841229125,33.70188933028918,0.0
1989-09-26,0.9999999777377796,8.53182326276115e-07,0.0
1989-09-27,0.0030885791365784926,0.9977608246348175,0.0
1989-09-28,0.021308335986333735,1.7250966412682023,0.0
1989-09-29,0.002011886768531802,2.7811727254881706,0.0
1989-10-02,0.0020011172340863833,7.375758727796306,0.0
1989-10-03,0.0020934544371179406,7.216953337217049,0.0
1989-10-04,0.0020000203888851436,13.400910469239015,0.0
1989-10-05,0.003064122902370488,26.23946705972478,0.0
1989-10-06,0.03826245171013218,9.135035898061568,0.0
1989-10-09,0.0021038752189643734,13.975902479607528,0.0
1989-10-11,0.6323486395191495,3.3659733185337974,0.0
1989-10-12,0.9983883870894653,0.0025517615978249654,0.0
1989-10-13,0.9999989984876088,1.0016543137977691e-06,0.0
1989-10-16,0.9999999999727135,2.7286503524517176e-11,0.0
1989-10-17,0.999910559656046,8.944034395395307e-05,0.0
1989-10-18,0.0075819428184563656,0.9924181370800821,0.0
1989-10-19,0.9996436084140424,0.000687241646133529,0.0
1989-10-20,0.21969943576989195,0.78042527183735,0.0
1989-10-23,0.01757341170150381,1.120661098011186,0.0
1989-10-24,0.0399534015782402,1.9150507475773304,0.0
1989-10-25,0.051891529405933334,2.7451584551287973,0.0
1989-10-26,0.9751526135807826,0.09524929231148362,0.0
1989-10-27,0.6068188610502555,0.5599860791563742,0.0
1989-10-30,0.004796423483925059,2.1053468980558425,0.0
1989-10-31,0.022977459952130973,5.434367154369417,0.0
1989-11-01,0.01217071652267202,7.030145308271159,0.0
1989-11-02,0.08153308557462366,7.439477421345514,0.0
1989-11-06,0.0021926473074091375,7.7581660666846854,0.0
1989-11-07,0.05847688224127183,7.268607609426583,0.0
1989-11-08,0.26544646904157193,4.209501640809966,0.0
1989-11-09,0.006262275556944555,2.950481710321176,0.0
1989-11-10,0.0020059195093796857,4.025336976307496,0.0
1989-11-13,0.002000962849557199,5.166254687293932,0.0
1989-11-14,0.0020008419321440826,6.050556838127335,0.0
1989-11-15,0.002121564863087231,5.542583687712538,0.0
1989-11-16,0.0020000091595787283,4.3665063223712846,0.0
1989-11-17,0.0020000075619557266,4.951184322797419,0.0
1989-11-20,0.0020000049884094664,5.806393341868888,0.0
1989-11-21,0.002016774207172219,6.762435452755357,0.0
1989-11-22,0.0020784516086438816,7.903468250878791,0.0
1989-11-24,0.9966563746559718,0.02990287037414814,0.0
1989-11-27,0.9999999996943396,3.0566037019500535e-10,0.0
1989-11-28,0.0020030240615076023,0.9979969960288315,0.0
1989-11-29,0.0020075239430503455,1.0118394635155883,0.0
1989-11-30,0.14027647048924363,1.7121603243146024,0.0
1989-12-01,0.0020583031815043476,2.9615860657292608,0.0
1989-12-04,0.0038510092039329407,3.847800678445198,0.0
1989-12-05,0.002013397235067259,4.937419774361612,0.0
1989-12-06,0.01521081779588229,5.841618253195802,0.0
1989-12-07,0.00338525797021849,6.518498510795312,0.0
1989-12-08,0.0022201286602677103,7.397941791769632,0.0
1989-12-11,0.002009164879651127,8.887096834856406,0.0
1989-12-12,0.0021429702618062717,9.880134885197661,0.0
1989-12-13,0.011939013769195431,10.654516915404237,0.0
1989-12-14,0.0020009854962258888,11.74769728260325,0.0
1989-12-15,0.0020233273671149427,12.543759324835351,0.0
1989-12-18,0.00722449105100324,12.66410719382325,0.0
1989-12-19,0.0023355986482239354,12.92056718703415,0.0
1989-12-20,0.0020007103355820254,13.685316223200358,0.0
1989-12-21,0.002614507452176059,13.092631320141388,0.0
1989-12-22,0.004792426999092914,9.64086791147402,0.0
1989-12-25,0.00724828630039238,5.4918180010762505,0.0
1989-12-26,0.0020070404624751093,5.963483777948453,0.0
1989-12-27,0.0020001259900482645,9.514957964197574,0.0
1989-12-28,0.002017537535939341,9.416267462958023,0.0
1989-12-29,0.002000204644601184,15.278086741710357,0.0
1990-01-04,0.0024381888951325683,16.698029226174086,0.0
1990-01-05,0.5087568880116707,6.710056974106545,0.0
1990-01-08,0.11645045081869225,4.90864278482827,0.0
1990-01-09,0.46091484286972895,1.1739436935930905,0.0
1990-01-10,0.633818073855311,0.6135425709067956,0.0
1990-01-11,0.9942265722550119,0.007582660275888868,0.0
1990-01-12,0.999877882221753,0.00012232791386178983,0.0
1990-01-16,0.9996617598635726,0.0003384267635399883,0.0
1990-01-17,0.999237973617598,0.0007622703243707781,0.0
1990-01-18,0.9276690497975728,0.07235731089034222,0.0
1990-01-19,0.9935491452325087,0.00698076204121161,0.0
1990-01-22,0.9999999999424249,5.75750572487725e-11,0.0
1990-01-23,0.3640885506650425,0.635911522708989,0.0
1990-01-24,0.9997004009053001,0.0002997873665024547,0.0
1990-01-25,0.048594931156159274,0.958089178340411,0.0
1990-01-26,0.01361217888868561,1.2350875736591704,0.0
1990-01-29,0.37955348881787176,1.2614048462648602,0.0
1990-01-30,0.0171683520722737,1.8413705097148347,0.0
1990-01-31,0.7609452044139006,0.6286468540291267,0.0
1990-02-01,0.010728431349003836,2.0159529989109655,0.0
1990-02-02,0.999714646887008,0.0007148911474193324,0.0
1990-02-05,0.002064511199011261,1.1103558183850506,0.0
1990-02-06,0.11413237492590132,3.398181598902401,0.0
1990-02-07,0.9944133816903157,0.026478397557702336,0.0
1990-02-08,0.10029565143340667,0.9466353444393147,0.0
1990-02-09,0.013534474430370234,1.5761548811358075,0.0
1990-02-13,0.19824086109714395,2.2156332445435694,0.0
1990-02-14,0.0024969033505925346,2.6570885413249647,0.0
1990-02-15,0.012504257405696256,3.7980936577302753,0.0
1990-02-16,0.0026050202290937544,4.675565444294715,0.0
1990-02-19,0.04339306829719393,5.507594119113688,0.0
1990-02-20,0.011611823758058895,6.233132239064874,0.0
1990-02-21,0.9999999998454288,1.1234041205087405e-09,0.0
1990-02-22,0.9999997656885092,2.3431149074988781e-07,0.0
1990-02-23,0.9999999999438542,5.614581292322352e-11,0.0
1990-02-26,1.0,0.0,0.0
1990-02-27,1.0,0.0,0.0
1990-02-28,0.999999999993522,6.478040326385325e-12,0.0
1990-03-01,1.0,0.0,0.0
1990-03-02,0.9999984844746999,1.515525300144205e-06,0.0
1990-03-05,0.9999992727618894,7.272381106168798e-07,0.0
1990-03-06,0.9999969982580473,3.0017457016776823e-06,0.0
1990-03-07,0.9999999830561093,1.6943890756474356e-08,0.0
1990-03-08,0.9999999997087976,2.9120239546668704e-10,0.0
1990-03-09,0.9999999931436623,6.856337713672153e-09,0.0
1990-03-12,1.0,0.0,0.0
1990-03-13,0.9999999999604579,3.9542147334259425e-11,0.0
1990-03-14,0.9999980749752393,1.92502476070246e-06,0.0
1990-03-15,0.9999910547766208,8.945231157205836e-06,0.0
1990-03-16,0.9999745453011881,2.5454991546657136e-05,0.0
1990-03-19,0.9999999999979216,2.078507635350214e-12,0.0
1990-03-20,0.9999999710194378,2.898056217221214e-08,0.0
1990-03-22,0.9999999999957357,4.264255425481392e-12,0.0
1990-03-23,0.9999997809548368,2.1904516320456555e-07,0.0
1990-03-26,1.0,0.0,0.0
1990-03-27,0.9999999775118984,2.2488101603102e-08,0.0
1990-03-28,0.9999964257569316,3.574243068420178e-06,0.0
1990-03-29,0.9998777104757091,0.00012228962697731372,0.0
1990-03-30,0.999999999456261,5.437390663769272e-10,0.0
1990-04-02,1.0,0.0,0.0
1990-04-03,0.999999992209074,7.790926015438515e-09,0.0
1990-04-04,0.9999999763620812,2.3637918841136294e-08,0.0
1990-04-05,0.9999999994691768,5.308231550282558e-10,0.0
1990-04-06,0.9999999985251883,1.4748117167977766e-09,0.0
1990-04-09,0.9999999996010375,3.989625294172737e-10,0.0
1990-04-10,0.9999999663399398,3.3660060156862525e-08,0.0
1990-04-11,0.9999591991948812,4.080080511882404e-05,0.0
1990-04-12,0.9999015194667249,9.84811366465531e-05,0.0
1990-04-13,0.9990651794155512,0.0009349173058683921,0.0
1990-04-16,0.9999924936919596,7.515223213435963e-06,0.0
1990-04-17,0.9890096968605325,0.010990356797100148,0.0
1990-04-18,1.0,0.0,0.0
1990-04-19,0.999486154930328,0.0005138450696720032,0.0
1990-04-20,0.39344154180907404,0.6065584810985769,0.0
1990-04-23,0.14506512881135722,1.0390606614249434,0.0
1990-04-24,0.3553185629921827,1.0556931857303526,0.0
1990-04-25,0.36735508469971867,0.8056446918553962,0.0
1990-04-26,0.5618085755331285,0.5116563952463363,0.0
1990-04-27,0.8812421020500302,0.13669712189555894,0.0
1990-05-01,0.9785938593178822,0.02158603707159351,0.0
1990-05-02,0.9999997384410383,2.773126525751924e-07,0.0
1990-05-07,1.0,0.0,0.0
1990-05-08,0.999012656446371,0.00098734355362895,0.0
1990-05-09,0.9198171611047088,0.08018283896797578,0.0
1990-05-10,0.9992018671320353,0.0008733372525170287,0.0
1990-05-11,1.0,0.0,0.0
1990-05-14,0.9999937119341107,6.288065889314964e-06,0.0
1990-05-15,0.8625751202475862,0.137424881305003,0.0
1990-05-16,0.008485364489657131,0.9963027486689031,0.0
1990-05-17,0.2286783280387929,1.5350224908320589,0.0
1990-05-18,0.2757391302595397,1.752895252841519,0.0
1990-05-21,0.12494305279024044,2.405077186991381,0.0
1990-05-22,0.008396557463324449,3.150085606993482,0.0
1990-05-23,0.0022829534175863027,3.5079846479544985,0.0
1990-05-24,0.0020195019540286937,3.590043752802522,0.0
1990-05-25,0.7670371150098879,1.0139003794994474,0.0
1990-05-28,0.14173612159217452,0.907294061676561,0.0
1990-05-29,0.18693378663741225,1.5316837741289313,0.0
1990-05-30,0.207601277594413,1.9498149575442019,0.0
1990-05-31,0.0020941063278892198,2.3282150199571707,0.0
1990-06-01,0.002012724126300492,3.189129578523799,0.0
1990-06-04,0.002028926286811072,4.266229106972606,0.0
1990-06-05,0.0020009150098502767,4.970538300652663,0.0
1990-06-06,0.0020036641316302766,5.201211193013892,0.0
1990-06-07,0.03524429585916257,5.4798556836583465,0.0
1990-06-08,0.00216429281260226,7.459187377838072,0.0
1990-06-11,0.22115318560327762,6.6512899946875255,0.0
1990-06-12,0.00200719167499881,8.959986225954458,0.0
1990-06-13,0.002013027296728163,9.633691640402303,0.0
1990-06-14,0.0020045352268079825,10.175548326647636,0.0
1990-06-15,0.0020000324799849963,10.653508787521897,0.0
1990-06-18,0.0020122527691385462,11.613598138249026,0.0
1990-06-19,0.0020530786999381255,12.679730692637913,0.0
1990-06-20,0.002000534067906951,13.381810175772712,0.0
1990-06-21,0.003471270690595625,14.517196335508322,0.0
1990-06-22,0.016923770811339344,15.234390038195572,0.0
1990-06-25,0.6425014053224944,5.056248723422212,0.0
1990-06-26,0.9860257561804036,0.01628599238218078,0.0
1990-06-27,0.9993914886094317,0.0006150253530257895,0.0
1990-06-28,0.009053633608165582,0.9915820802344595,0.0
1990-06-29,0.02488023533393278,1.7779862964933064,0.0
1990-07-02,0.007908741463044246,1.9552443937993562,0.0
1990-07-03,0.004056000607751572,2.8517712280811907,0.0
1990-07-04,0.002424615543365754,3.7774541141489157,0.0
1990-07-05,0.0020437242146358952,4.599234896727632,0.0
1990-07-06,0.0020021358298091033,5.021206937953312,0.0
1990-07-09,0.0020045255648105807,4.666064207013331,0.0
1990-07-10,0.9003163502039857,0.5394312700611315,0.0
1990-07-11,0.0037413430618514825,3.1884879137983946,0.0
1990-07-12,0.0032552447195231863,6.207534376597747,0.0
1990-07-13,0.002166148433408139,7.760656584457808,0.0
1990-07-16,0.07525476944117787,8.110532813718589,0.0
1990-07-17,0.0020111623190430497,9.673423784099423,0.0
1990-07-18,0.002003533943243286,10.640956672569713,0.0
1990-07-19,0.0027903912677864425,11.683727608577382,0.0
1990-07-20,0.9999999956307043,5.5634407955963086e-08,0.0
1990-07-23,0.9662653590810261,0.03373474944475701,0.0
1990-07-24,0.051306853339835215,0.9487269494429083,0.0
1990-07-25,0.0020767422209693703,1.6453950959817985,0.0
1990-07-26,0.03590377541981693,2.377823503350155,0.0
1990-07-27,0.9998659401177025,0.0005105723035876174,0.0
1990-07-30,0.9691071516684769,0.030918154756652282,0.0
1990-07-31,0.9999999998346812,1.6531873937760098e-10,0.0
1990-08-01,0.9996253636418858,0.00037463650685320174,0.0
1990-08-02,0.9999779311486178,2.206885138228619e-05,0.0
1990-08-03,0.9999999624481141,3.755326246934243e-08,0.0
1990-08-06,0.999999992537613,7.462387069197088e-09,0.0
1990-08-07,0.9999999995936352,4.063648306636325e-10,0.0
1990-08-08,0.9999999999932545,6.745493049249892e-12,0.0
1990-08-09,0.9999999999963205,3.679501148212136e-12,0.0
1990-08-10,0.9999999808541244,1.91458755515438e-08,0.0
1990-08-13,0.9999999999958951,4.104938560197648e-12,0.0
1990-08-14,0.9999999864348831,1.3565116918381308e-08,0.0
1990-08-15,1.0,0.0,0.0
1990-08-16,0.9999994824698115,5.17530188481885e-07,0.0
1990-08-17,0.9999997826691699,2.173308301454113e-07,0.0
1990-08-20,0.9942542973588792,0.005745706087694534,0.0
1990-08-21,0.9999941276462713,5.985289603147402e-06,0.0
1990-08-22,0.9999999705966608,2.940333921214249e-08,0.0
1990-08-23,0.999999999880341,1.1965894894339185e-10,0.0
1990-08-24,0.998800905841543,0.001199094159719431,0.0
1990-08-27,0.9999989454491512,1.0569065189143068e-06,0.0
1990-08-28,0.9833484101923088,0.01665171284995891,0.0
1990-08-29,0.9999967644858161,3.768900470074666e-06,0.0
1990-08-30,0.991412944232654,0.008587243577254487,0.0
1990-08-31,0.10440736902583199,0.8958389196255921,0.0
1990-09-03,0.9147072709948812,0.16621553025560082,0.0
1990-09-04,0.7833369787580834,0.2397614753398794,0.0
1990-09-05,0.9912022292824648,0.012471023612511518,0.0
1990-09-06,0.3620358183543778,0.6737989585253635,0.0
1990-09-07,0.8234987181307725,0.23423055665859127,0.0
1990-09-10,0.9999797602611974,2.3375421441884418e-05,0.0
1990-09-11,0.38848043823146644,0.6118015912415146,0.0
1990-09-12,0.9369908721819836,0.08097658364468424,0.0
1990-09-13,0.05932336155512704,1.0627014178078695,0.0
1990-09-14,0.00832819117828549,1.8999261410134016,0.0
1990-09-17,0.9998711977782636,0.0003942127352994015,0.0
1990-09-18,0.9999886693844585,1.1334147329782463e-05,0.0
1990-09-19,0.9839849295049313,0.016016574923292833,0.0
1990-09-20,0.8591232446946231,0.1409515692473346,0.0
1990-09-21,0.9998679595731063,0.00016535603875245529,0.0
1990-09-25,0.9185895035157798,0.08143701749500688,0.0
1990-09-26,0.9999999715800846,4.628205494914957e-08,0.0
1990-09-27,0.9985123568666396,0.0014876438828442418,0.0
1990-09-28,0.9999947512501653,5.2518019296793644e-06,0.0
1990-10-01,0.9999996580567465,3.4194325346427866e-07,0.0
1990-10-02,1.0,0.0,0.0
1990-10-03,0.9999999860018834,1.3998116554780891e-08,0.0
1990-10-04,0.9999999999890037,1.0996314969675033e-11,0.0
1990-10-05,0.9999995300662914,4.6993370856341384e-07,0.0
1990-10-08,0.999999999149323,8.506769768537113e-10,0.0
1990-10-09,0.9999984918782715,1.5081217285478533e-06,0.0
1990-10-11,0.9999999999871169,1.2883152257688106e-11,0.0
1990-10-12,0.9999924273201843,7.572679815624531e-06,0.0
1990-10-15,0.9999999990414141,9.585859080715093e-10,0.0
1990-10-16,0.9999944455689798,5.554431020240571e-06,0.0
1990-10-17,0.9957393552930763,0.004260645999983192,0.0
1990-10-18,0.9999821346621403,1.789159548105623e-05,0.0
1990-10-19,0.999995952580969,4.047439734854631e-06,0.0
1990-10-22,0.9999196715588382,8.03286743744859e-05,0.0
1990-10-23,0.70856758245689,0.29144353964142355,0.0
1990-10-24,0.9976297935597389,0.003439423407278576,0.0
1990-10-25,0.9994904974828507,0.0005104671423925644,0.0
1990-10-26,0.9801444736722241,0.019865459253881248,0.0
1990-10-29,0.9996091135714494,0.00039856864096329196,0.0
1990-10-30,0.9999533396097702,4.667539467811345e-05,0.0
1990-10-31,0.9430800359920717,0.056927886605404834,0.0
1990-11-01,0.9999499674339034,7.724335818841645e-05,0.0
1990-11-02,0.9645165792704476,0.03548352974778504,0.0
1990-11-05,0.022616166337260803,0.9816439823315045,0.0
1990-11-06,0.767751361336591,0.4641343479428835,0.0
1990-11-07,0.6264623638924871,0.6674440714269408,0.0
1990-11-08,0.5972518425311192,0.6248480123436779,0.0
1990-11-09,0.9456351106341525,0.08797237849626756,0.0
1990-11-13,1.0,0.0,0.0
1990-11-14,0.20958668835719077,0.7904133116428093,0.0
1990-11-15,0.9618097488864396,0.03819154763244552,0.0
1990-11-16,0.6848462900130216,0.34116968887681304,0.0
1990-11-19,0.9966249662834835,0.006566796655392404,0.0
1990-11-20,0.9999990472095573,9.528664697086422e-07,0.0
1990-11-21,0.5951084271236029,0.40492325858338135,0.0
1990-11-22,0.9996512540244963,0.0003501432158112575,0.0
1990-11-26,0.9999999595511601,4.051830691946408e-08,0.0
1990-11-27,0.005914513749045254,0.9940859562611326,0.0
1990-11-28,0.9998082983733112,0.0002702632733093118,0.0
1990-11-29,0.9999821976583508,1.780235001027909e-05,0.0
1990-11-30,0.9999982783053919,1.7217139357917359e-06,0.0
1990-12-03,0.9995534821326503,0.0004465189156639023,0.0
1990-12-04,1.0,0.0,0.0
1990-12-05,0.9992084589921525,0.0007915410078475071,0.0
1990-12-06,0.982292019969604,0.01770798031466652,0.0
1990-12-07,1.0,0.0,0.0
1990-12-10,0.9927556941261042,0.0072443058738957955,0.0
1990-12-11,0.9994868021638043,0.0005132020203581383,0.0
1990-12-12,0.997928616432988,0.0020726175606362836,0.0
1990-12-13,0.9999780365841073,2.1993008511255768e-05,0.0
1990-12-14,0.8047393248346841,0.19529759779138522,0.0
1990-12-17,0.49953309996203094,0.5141728065616445,0.0
1990-12-18,0.9993075183853033,0.0008069321506634148,0.0
1990-12-19,0.9872090746748231,0.012954969834977419,0.0
1990-12-20,0.9999963437523133,5.9939636162798875e-06,0.0
1990-12-21,0.957905592091213,0.0421538165974279,0.0
1990-12-25,0.9964771536021325,0.004013681749559299,0.0
1990-12-26,0.40614155639630267,0.5953364101448901,0.0
1990-12-27,0.9558296115794939,0.06653846146580975,0.0
1990-12-28,0.09013143675764358,0.9799921190683901,0.0
1991-01-04,0.5513429286279413,0.8721054339854883,0.0
1991-01-07,0.9999999997859238,3.09975423780485e-10,0.0
1991-01-08,0.9999999789922406,2.1007759414437172e-08,0.0
1991-01-09,0.5866313336937928,0.4133686663866062,0.0
1991-01-10,0.5862871910353504,0.4149654085426302,0.0
1991-01-11,0.44838573237602347,0.7741554319159574,0.0
1991-01-14,0.11021029940224669,1.436215464078397,0.0
1991-01-16,0.999841632999078,0.000364417363844096,0.0
1991-01-17,0.9999995675257409,4.3272173327128227e-07,0.0
1991-01-18,0.9992097622268604,0.0007902378292535394,0.0
1991-01-21,0.9990889486993006,0.0009111157966288503,0.0
1991-01-22,0.39368786891787844,0.606623547959221,0.0
1991-01-23,0.0977378944529475,1.0188574048846666,0.0
1991-01-24,0.5689891704287237,0.822966915680956,0.0
1991-01-25,0.9390738033014366,0.08836424487984608,0.0
1991-01-28,0.805153056326714,0.1976083819018492,0.0
1991-01-29,0.4560123131442193,0.5975359615168448,0.0
1991-01-30,0.9829864787852696,0.025810870240337846,0.0
1991-01-31,0.9999521366300727,4.852000159902324e-05,0.0
1991-02-01,0.9999981688104872,1.8311941265260968e-06,0.0
1991-02-04,0.7871720630307946,0.21282870679687266,0.0
1991-02-05,1.0,0.0,0.0
1991-02-06,0.9999998488616524,1.5113834761493194e-07,0.0
1991-02-07,0.98250766755453,0.017492332445470094,0.0
1991-02-08,0.9932192066471255,0.0067918769668977134,0.0
1991-02-12,0.9999999758417614,2.4261574180279732e-08,0.0
1991-02-13,0.9991730413321047,0.0008269590264770994,0.0
1991-02-14,0.9872978734821432,0.012702584755702878,0.0
1991-02-15,0.9999981581834501,1.9697991907433265e-06,0.0
1991-02-18,0.9999999853393006,1.4660699446070317e-08,0.0
1991-02-19,0.9893908802293415,0.010609120536853088,0.0
1991-02-20,0.9990757306138169,0.0009250370125618247,0.0
1991-02-21,0.31541543573883457,0.6860401075863601,0.0
1991-02-22,0.9838422200188279,0.029664900996588597,0.0
1991-02-25,0.9999992890309787,7.591966748072137e-07,0.0
1991-02-26,0.9940370029928117,0.005963039327291566,0.0
1991-02-27,0.08200537724159009,0.9183014446471822,0.0
1991-02-28,0.9159268913572228,0.16645381316830332,0.0
1991-03-01,0.9999975745103096,2.5982613325304075e-06,0.0
1991-03-04,0.01025955690116644,0.9901204979020095,0.0
1991-03-05,0.26435001708008143,1.1272702506843417,0.0
1991-03-06,0.9999986898226516,3.878618890377996e-06,0.0
1991-03-07,0.009974096446070063,0.9900595800384248,0.0
1991-03-08,0.008094893038018903,1.0610869216408945,0.0
1991-03-11,0.0037771211715289807,1.982034686918916,0.0
1991-03-12,0.007539754753554997,2.908724298985261,0.0
1991-03-13,0.9887027546049114,0.04472628001329134,0.0
1991-03-14,0.15176383312045066,0.9508129652859693,0.0
1991-03-15,0.9252605124871797,0.12008557743033937,0.0
1991-03-18,0.3347321801020919,0.739593185266625,0.0
1991-03-19,0.020797090774108885,1.4292601720914055,0.0
1991-03-20,1.0,0.0,0.0
1991-03-22,0.01713131883981087,0.9828686811601892,0.0
1991-03-25,0.020057489812378575,0.9826516136999423,0.0
1991-03-26,0.9541525520616264,0.09075584463622832,0.0
1991-03-27,0.6779971318128676,0.34249875868324603,0.0
1991-03-28,0.7947763874794492,0.21639732475170423,0.0
1991-03-29,0.0052199542198046595,1.2115742136245717,0.0
1991-04-01,0.005057378297996357,2.2011799546642923,0.0
1991-04-02,0.6650275071991654,1.101511849111471,0.0
1991-04-03,0.9991546502914566,0.0010923016461134643,0.0
1991-04-04,0.0020998737515583923,1.015595965757656,0.0
1991-04-05,0.0027019526602115995,2.0321097214150483,0.0
1991-04-08,0.002579361549335709,2.821962139988866,0.0
1991-04-09,0.2525119068206081,3.3592689922446253,0.0
1991-04-10,0.0020708392407436786,4.686956507840315,0.0
1991-04-11,0.002033283839844335,6.309402807994133,0.0
1991-04-12,0.0020364615568647863,7.082549666200704,0.0
1991-04-15,0.008704058494988204,9.929117568126163,0.0
1991-04-16,0.0022518969280092833,12.132017313054806,0.0
1991-04-17,0.002033825450613079,12.750671227432932,0.0
1991-04-18,0.002460382285562385,13.913084655388857,0.0
1991-04-19,0.003828780313181984,14.920197704944515,0.0
1991-04-22,0.016508395873130445,15.656391542597596,0.0
1991-04-23,0.2243062334350752,13.633603655764913,0.0
1991-04-24,0.0034577332346880985,17.940247985245573,0.0
1991-04-25,0.1436921850719296,15.887475727576428,0.0
1991-04-26,0.002013583478135148,15.554689443926012,0.0
1991-04-30,0.0020013793531699258,15.02660925741808,0.0
1991-05-01,0.0031750486847617674,12.75693561160912,0.0
1991-05-02,0.002003040007191807,12.377357164259342,0.0
1991-05-07,0.0020027432850553326,11.054816838312064,0.0
1991-05-08,0.0020001411456142594,8.023149730444816,0.0
1991-05-09,0.002000145990779593,6.294818507680336,0.0
1991-05-10,0.002000297842932994,6.609805236203143,0.0
1991-05-13,0.0020027383309420875,7.530670351116823,0.0
1991-05-14,0.0020789252114929964,8.55814380100487,0.0
1991-05-15,0.0020002593019466026,9.511405891720301,0.0
1991-05-16,0.0020350630989061577,10.37150574300309,0.0
1991-05-17,0.002000072533808575,11.122488183134227,0.0
1991-05-20,0.00418340083721078,12.447966332476765,0.0
1991-05-21,0.0030395405255139916,13.585715684863949,0.0
1991-05-22,0.026128938027300454,14.106765741977497,0.0
1991-05-23,0.0025415135667539324,14.786191795163482,0.0
1991-05-24,0.002048574696168665,16.117290237831373,0.0
1991-05-27,0.0020080320233777445,17.532612684549832,0.0
1991-05-28,0.0020009322974059297,18.78861954427611,0.0
1991-05-29,0.002022016369730543,19.794387073751352,0.0
1991-05-30,0.0020002949844420445,20.609935196352563,0.0
1991-05-31,0.0020052216127231432,21.293951687460016,0.0
1991-06-03,0.0020603286624783037,22.51547628007933,0.0
1991-06-04,0.02488066559236318,22.760281027798033,0.0
1991-06-05,0.002853396193507895,24.592441810041628,0.0
1991-06-06,0.04976672277170785,24.29824160491374,0.0
1991-06-07,0.002354591393380238,26.05381959690226,0.0
1991-06-10,0.5074242696727774,12.024818416173465,0.0
1991-06-11,0.0020969136743817385,24.384009269540268,0.0
1991-06-12,0.015258065917122214,22.21164723414187,0.0
1991-06-13,0.42477042075465754,5.999954170496709,0.0
1991-06-14,0.09554527852688123,6.431996725494721,0.0
1991-06-17,0.0020327518866670156,11.990907342554824,0.0
1991-06-18,0.0023231183281556336,14.889745513388506,0.0
1991-06-19,0.9999224085551204,0.0005125702452237482,0.0
1991-06-20,0.11198913567288526,0.8911856602298511,0.0
1991-06-21,0.176841184904528,1.0555469479468957,0.0
1991-06-24,1.0,0.0,0.0
1991-06-25,0.9952070339218037,0.004792966078196348,0.0
1991-06-26,0.8323735652750023,0.16762661103043064,0.0
1991-06-27,0.9083921344792756,0.10328674562901073,0.0
1991-06-28,0.6757448035364886,0.3557645815097328,0.0
1991-07-01,0.9999924721846837,1.0068180162208598e-05,0.0
1991-07-02,0.26633204000105287,0.7338474144769717,0.0
1991-07-03,0.99997071589905,5.786440420323487e-05,0.0
1991-07-04,0.539429826816034,0.46060818841618506,0.0
1991-07-05,0.6405944494717482,0.36982119755531095,0.0
1991-07-08,0.9999917433459002,1.1483421778410698e-05,0.0
1991-07-09,0.9999926949002763,7.305130273980396e-06,0.0
1991-07-10,0.9985276067220401,0.0014723970792593906,0.0
1991-07-11,0.04025685737894053,0.9599985012526441,0.0
1991-07-12,0.9920486787972846,0.00869573939615029,0.0
1991-07-15,0.9907165632971443,0.009562977277593194,0.0
1991-07-16,0.695941722696949,0.30440143598400565,0.0
1991-07-17,0.9996461158312869,0.0004786997307300687,0.0
1991-07-18,0.9980616835545696,0.0019668574377060067,0.0
1991-07-19,0.7114381122913814,0.28877960322954216,0.0
1991-07-22,0.8739147570291554,0.1581560497185329,0.0
1991-07-23,0.9459230437234231,0.06021153362070255,0.0
1991-07-24,0.9999980763647359,2.0164023365429776e-06,0.0
1991-07-25,0.7155978428290803,0.2844248013495833,0.0
1991-07-26,0.9998822967998398,0.00017746276295682934,0.0
1991-07-29,0.8740391049552417,0.12604584320591683,0.0
1991-07-30,0.999882660068262,0.00015564004296152135,0.0
1991-07-31,0.9692548186717972,0.030757264800352575,0.0
1991-08-01,0.996837388486862,0.0031908985733868113,0.0
1991-08-02,0.9740241417878328,0.026040544632846486,0.0
1991-08-05,0.9824424390971741,0.01805045612753303,0.0
1991-08-06,0.999999999959474,4.052597289331366e-11,0.0
1991-08-07,0.020669997035559037,0.9793300301559993,0.0
1991-08-08,0.0048068945712823104,0.995826122430742,0.0
1991-08-09,0.002008025896563912,1.9937173768986167,0.0
1991-08-12,0.8925056325280439,0.3221721299583394,0.0
1991-08-13,0.013068025452291541,1.7738352801309132,0.0
1991-08-14,0.9745844304262521,0.05241106142436365,0.0
1991-08-15,0.19768882381445413,0.8630297508437885,0.0
1991-08-16,0.0023502251314834223,1.7377477070185319,0.0
1991-08-19,1.0,0.0,0.0
1991-08-20,0.9990237588808663,0.0009762411191337473,0.0
1991-08-21,0.9999916966303654,8.303369634594188e-06,0.0
1991-08-22,0.9994950364035644,0.0005049696910184314,0.0
1991-08-23,0.9999903220472065,9.680742150516413e-06,0.0
1991-08-26,0.9999971969954151,2.8030107516869596e-06,0.0
1991-08-27,0.9976708052181207,0.002329199367478185,0.0
1991-08-28,0.7199023338611721,0.28019939971029545,0.0
1991-08-29,0.9745203375146626,0.028996429658425436,0.0
1991-08-30,0.9998707512446225,0.0001307678628772462,0.0
1991-09-02,0.9820525837338158,0.018058062254774514,0.0
1991-09-03,0.07149308911390469,0.9325910379504277,0.0
1991-09-04,0.16675420260103252,1.1022180077823873,0.0
1991-09-05,0.9210845304737635,0.16459744404737578,0.0
1991-09-06,0.9999871308593977,1.4912497445583168e-05,0.0
1991-09-09,0.9976324147757959,0.002367615167246879,0.0
1991-09-10,0.8786282642402239,0.12143053606199751,0.0
1991-09-11,0.9135193092820487,0.09571666520898252,0.0
1991-09-12,0.9848440554583905,0.017801979792044165,0.0
1991-09-13,0.9999995278549615,4.7651969546313013e-07,0.0
1991-09-17,0.9547086472638472,0.045291621575883054,0.0
1991-09-18,0.008768908182146767,0.9917418986665079,0.0
1991-09-19,0.6538304983261455,0.6887761597466009,0.0
1991-09-20,0.09442032163555124,1.0238406792565466,0.0
1991-09-24,0.004151711578272312,1.8641506811399746,0.0
1991-09-25,0.002320071454578306,2.8718466866314376,0.0
1991-09-26,0.32770296185132164,2.5901344377812086,0.0
1991-09-27,0.003985614122065986,3.2913435581487165,0.0
1991-09-30,0.002100015333982427,4.336897435411979,0.0
1991-10-01,0.9926065092372184,0.03882442749803056,0.0
1991-10-02,0.002346854682098356,1.2519105672982735,0.0
1991-10-03,0.9114641188595292,0.2099200735269955,0.0
1991-10-04,0.10821502867150329,1.0377489693555029,0.0
1991-10-07,0.5569524167949007,0.691569815273004,0.0
1991-10-08,0.0180700985827501,2.032036109340229,0.0
1991-10-09,0.9972432650195637,0.007585940466713784,0.0
1991-10-11,0.9776378919133383,0.022386714062993474,0.0
1991-10-14,0.027925256669866647,1.006330878457473,0.0
1991-10-15,0.8743893614224654,0.2555689720652743,0.0
1991-10-16,0.002491660520928948,1.1030520806168804,0.0
1991-10-17,0.03724867963697286,1.9521377694702309,0.0
1991-10-18,0.9999999589819288,1.251923573791965e-07,0.0
1991-10-21,0.002054922525856414,0.9980104907681557,0.0
1991-10-22,0.010439034829874067,1.3565065967586378,0.0
1991-10-23,0.0020529000712820452,1.9923670630690233,0.0
1991-10-24,0.005893467493517354,2.971236668395574,0.0
1991-10-25,0.0020794249468703532,3.980176048294376,0.0
1991-10-28,0.002285787137022263,4.972377259526623,0.0
1991-10-29,0.004704302404805255,5.944495390732298,0.0
1991-10-30,0.005028949962726716,6.847327847288669,0.0
1991-10-31,0.06314125264866531,7.315881151483717,0.0
1991-11-01,0.002015508048241203,8.74329633396835,0.0
1991-11-05,0.0020013058969175425,9.793238844214402,0.0
1991-11-06,0.0020088588147579986,10.845931697919713,0.0
1991-11-07,0.008408965309080455,11.529862101228234,0.0
1991-11-08,0.00450373765621532,11.380679469893437,0.0
1991-11-11,0.0030619083573415933,13.119382437906218,0.0
1991-11-12,0.9980557672724726,0.02176934599398355,0.0
1991-11-13,0.4443956465148367,0.5749251895212102,0.0
1991-11-14,0.1401527584341546,0.8913017885425255,0.0
1991-11-15,0.0034587928320136043,1.836842139299553,0.0
1991-11-18,0.9998621537447692,0.000398366481106244,0.0
1991-11-19,0.8648727119558389,0.13522646281565384,0.0
1991-11-20,0.39898108931497617,0.611645885605973,0.0
1991-11-21,0.831971707714739,0.2835736463266216,0.0
1991-11-22,0.578666843480693,0.5448035002114932,0.0
1991-11-25,0.03681950544618387,1.4446844902487501,0.0
1991-11-26,0.02189306090622575,2.213470129311051,0.0
1991-11-27,0.43283401274289407,1.8218501555055728,0.0
1991-11-28,0.009633399405223453,2.6306656905968557,0.0
1991-11-29,0.285058055413781,2.203172316972646,0.0
1991-12-02,0.9999603682119373,0.00011510501035585282,0.0
1991-12-03,0.5649746725989396,0.4354788127601323,0.0
1991-12-04,0.9980721094007917,0.0032076584830598425,0.0
1991-12-05,0.002269827381126473,1.0027529704744182,0.0
1991-12-06,0.0022618626118547027,1.8872834078931078,0.0
1991-12-09,0.0027089470511807707,2.110944687952759,0.0
1991-12-10,0.5866775363684821,1.4798336149584115,0.0
1991-12-11,0.9991407774160379,0.001408273877841188,0.0
1991-12-12,0.9937071047681517,0.006305919353930994,0.0
1991-12-13,1.0,0.0,0.0
1991-12-16,0.9719532954750293,0.02804670452497071,0.0
1991-12-17,0.807841633089032,0.19215838030072235,0.0
1991-12-18,0.9691531759580948,0.0355084137606413,0.0
1991-12-19,0.9999999861934645,1.4078843512149134e-08,0.0
1991-12-20,0.9832142710799225,0.0167857367438471,0.0
1991-12-24,0.9999952651571267,4.736158235743113e-06,0.0
1991-12-25,1.0,0.0,0.0
1991-12-26,0.998097895117026,0.001902104882974043,0.0
1991-12-27,0.9908290170246158,0.009170983939264786,0.0
1991-12-30,0.9999925150082178,7.637305797955832e-06,0.0
1992-01-06,1.0,0.0,0.0
1992-01-07,0.86845465791692,0.13154534208308,0.0
1992-01-08,1.0,0.0,0.0
1992-01-09,0.999208604948397,0.0007913950516029722,0.0
1992-01-10,0.9999735366876042,2.6463362296319604e-05,0.0
1992-01-13,0.9998302399745815,0.000169761418658909,0.0
1992-01-14,0.512081034064363,0.4879327657280275,0.0
1992-01-16,0.8836224235475477,0.16226568806695726,0.0
1992-01-17,0.27933424717236655,0.8128597107798158,0.0
1992-01-20,0.9159495857431595,0.15880732946147816,0.0
1992-01-21,0.6558135976545785,0.411477048143113,0.0
1992-01-22,0.9974392111659216,0.003451404738537966,0.0
1992-01-23,0.008784972626098203,1.0027412861625717,0.0
1992-01-24,0.3808472031086136,1.2380763992564703,0.0
1992-01-27,0.0032488869096975893,1.6170591178813993,0.0
1992-01-28,0.9746588387382658,0.05531375404891497,0.0
1992-01-29,0.023558554542749105,1.1539917911567155,0.0
1992-01-30,0.08096119590157147,2.3601203467822014,0.0
1992-01-31,0.8050359090415219,0.5347490700834128,0.0
1992-02-03,0.039375971146098095,2.6048671777581465,0.0
1992-02-04,0.019880424051862335,4.345535047310947,0.0
1992-02-05,0.039715058970940416,4.883875431769965,0.0
1992-02-06,0.11275766658819972,4.605574584653103,0.0
1992-02-07,0.22289892565240246,3.5007421953534283,0.0
1992-02-10,0.5949828428930091,0.9531334745345936,0.0
1992-02-12,0.2073026051407454,2.044829504274763,0.0
1992-02-13,0.03492279845725569,2.6948048858555937,0.0
1992-02-14,0.9999999935395149,2.3712889569384073e-08,0.0
1992-02-17,0.9996965128715363,0.00030348721043203434,0.0
1992-02-18,0.995931721159697,0.004068360045250416,0.0
1992-02-19,0.21798805968395263,0.7822429506999845,0.0
1992-02-20,0.006422275579188528,1.2549381031559728,0.0
1992-02-21,0.9883961745598471,0.027963386743283424,0.0
1992-02-24,0.6076991848811955,0.4060954491030424,0.0
1992-02-25,0.16330633057970087,0.9415287384911097,0.0
1992-02-26,0.8001720424226509,0.3805823785974166,0.0
1992-02-27,0.014362625525036905,1.5261152168882448,0.0
1992-02-28,0.003913776628470058,2.614619842775543,0.0
1992-03-02,0.003981895131126779,3.0378805380338525,0.0
1992-03-03,0.9999891316341396,5.2148719833752266e-05,0.0
1992-03-04,0.07935880143358558,0.9231516962319815,0.0
1992-03-05,0.970359249345439,0.057684249818173994,0.0
1992-03-06,0.04545681650317941,1.014898585015564,0.0
1992-03-09,0.022970369712805524,1.8382192218782636,0.0
1992-03-10,0.07060585815722634,2.748499435845907,0.0
1992-03-11,0.26129886688163706,2.9397508886436468,0.0
1992-03-12,0.6158795118862768,1.8805708634221963,0.0
1992-03-13,0.9724489716442197,0.04857862442808593,0.0
1992-03-16,0.9999990266844448,9.817249769435083e-07,0.0
1992-03-17,0.032009022719565475,0.9680510394038025,0.0
1992-03-18,0.8460456203725493,0.2745879739956524,0.0
1992-03-19,0.9686392512299513,0.03262204798639077,0.0
1992-03-23,0.033670192424973114,1.0079781513306463,0.0
1992-03-24,0.9449461573416653,0.10924477443860722,0.0
1992-03-25,0.8822281321546555,0.17556584320862265,0.0
1992-03-26,0.9685271262558415,0.03506004731648411,0.0
1992-03-27,0.14682542998978734,0.8883025492974524,0.0
1992-03-30,0.25424420829753225,1.347060818412024,0.0
1992-03-31,0.9389665430839614,0.15994969564152225,0.0
1992-04-01,0.9999999968108249,3.6153994027490086e-09,0.0
1992-04-02,0.9997381234958225,0.00026187661621764497,0.0
1992-04-03,0.9999989507710743,1.049230002997223e-06,0.0
1992-04-06,0.4556524428501292,0.5443491975113809,0.0
1992-04-07,0.9999999986578371,2.652443578624667e-09,0.0
1992-04-08,0.9999912423710157,8.757632030671078e-06,0.0
1992-04-09,0.9999999105350518,8.946494819619623e-08,0.0
1992-04-10,0.9999999999823243,1.767574927556667e-11,0.0
1992-04-13,0.9999999774023006,2.2597699377880143e-08,0.0
1992-04-14,0.9999996052497934,3.9475020662920383e-07,0.0
1992-04-15,0.9999971774702476,2.8225308247644545e-06,0.0
1992-04-16,0.9997364764038658,0.00026352381452394356,0.0
1992-04-17,0.9996571780184648,0.0003428759088187608,0.0
1992-04-20,0.9999922270145454,7.776408198082926e-06,0.0
1992-04-21,0.9963635392836915,0.003636506159835948,0.0
1992-04-22,0.994223452483359,0.005783714934874426,0.0
1992-04-23,0.9999971182165653,2.888808185518479e-06,0.0
1992-04-24,0.9994685278444608,0.0005314749329408986,0.0
1992-04-27,0.7534545820990677,0.2465676604131242,0.0
1992-04-28,0.4387715977654653,0.574763728313601,0.0
1992-04-30,0.9907667334386756,0.012381620527932817,0.0
1992-05-01,0.903667434617068,0.09688504119347144,0.0
1992-05-06,0.999999997396642,3.8023107903160565e-09,0.0
1992-05-07,0.9999995907735449,4.092264550512665e-07,0.0
1992-05-08,0.999533614019611,0.00046638610381657296,0.0
1992-05-11,0.9962122277342131,0.0037878092787342918,0.0
1992-05-12,0.9895947393301064,0.010427242427795793,0.0
1992-05-13,0.9986456430681245,0.00136380709383178,0.0
1992-05-14,0.988768536185128,0.011242643167124486,0.0
1992-05-15,0.9999999931328349,6.897838356465566e-09,0.0
1992-05-18,0.9999652559904784,3.474400952160472e-05,0.0
1992-05-19,0.9988764898506874,0.0011235118510600913,0.0
1992-05-20,0.7715651533276399,0.22851235205898987,0.0
1992-05-21,0.20223993911931173,0.8251930817679158,0.0
1992-05-22,0.9999639901084391,7.756130837503682e-05,0.0
1992-05-25,0.9996627670368373,0.0003372412803804647,0.0
1992-05-26,0.9999999999944009,5.599119382529872e-12,0.0
1992-05-27,0.9758090392347815,0.02419096090668414,0.0
1992-05-28,0.1599919142777323,0.8400249985948074,0.0
1992-05-29,0.9999922758964278,1.2810769518818574e-05,0.0
1992-06-01,0.9478912005601634,0.05225295086176891,0.0
1992-06-02,0.7630037635366568,0.23792171506016896,0.0
1992-06-03,0.026284480923653444,1.0053850537312459,0.0
1992-06-04,0.07073413891794508,1.847399157558374,0.0
1992-06-05,0.0020417331019028546,2.488256195160037,0.0
1992-06-08,0.9501864830718583,0.18425294390619154,0.0
1992-06-09,0.02631439568062166,1.298824702817754,0.0
1992-06-10,0.42666477932662045,1.2902371478084929,0.0
1992-06-11,0.037111084291784134,1.9119681278246374,0.0
1992-06-12,0.8884918406839917,0.31965205740567215,0.0
1992-06-15,0.993885500841205,0.008013706481180263,0.0
1992-06-16,0.007897680481089731,1.0314640031699847,0.0
1992-06-17,1.0,0.0,0.0
1992-06-18,0.991152363607174,0.008847636392826042,0.0
1992-06-19,0.9995360689836327,0.00046393734093241597,0.0
1992-06-22,0.9999959689686756,4.0325795500820935e-06,0.0
1992-06-23,0.3557977857991006,0.6442034678943624,0.0
1992-06-24,0.9637301197676957,0.04481223059993368,0.0
1992-06-25,0.9470630563596275,0.05390289295691456,0.0
1992-06-26,0.9997016369116237,0.0003124360014311745,0.0
1992-06-29,0.1546397565993708,0.8461550418362289,0.0
1992-06-30,0.1556728171116195,1.0449817074378533,0.0
1992-07-01,0.9991218713822244,0.0021568548893177468,0.0
1992-07-02,0.9992470246195195,0.0007544399505730582,0.0
1992-07-03,0.8817647595659013,0.11826670899169625,0.0
1992-07-06,0.011798001118589765,1.0027592887953094,0.0
1992-07-07,0.17692383758417302,1.6345540093887712,0.0
1992-07-08,0.16587320197790234,2.126693176382328,0.0
1992-07-09,0.1038955539324221,2.4991191086954885,0.0
1992-07-10,0.032488369594483785,2.882886753274077,0.0
1992-07-13,0.9883411076778511,0.04320845901582484,0.0
1992-07-14,0.022383581449698483,1.221660662837264,0.0
1992-07-15,0.05009568190518304,2.4908159204301246,0.0
1992-07-16,0.0035004859159719257,3.34444681855582,0.0
1992-07-17,0.999851338651729,0.0007690151024890373,0.0
1992-07-20,0.9999999582063905,4.1793609448099985e-08,0.0
1992-07-21,0.06558202456289947,0.9344192217978583,0.0
1992-07-22,0.9999330506271834,0.00013104396898630527,0.0
1992-07-23,0.9999867842665261,1.321577335387185e-05,0.0
1992-07-24,0.9999999999805788,1.942123988574918e-11,0.0
1992-07-27,0.9999984594883109,1.5405116891545785e-06,0.0
1992-07-28,0.9859928441733472,0.014007156000602443,0.0
1992-07-29,0.9999630741584106,3.9739546531170526e-05,0.0
1992-07-30,0.9999976213772636,2.378900064554482e-06,0.0
1992-07-31,0.9994845022297222,0.0005155122237031156,0.0
1992-08-03,0.8598151037253459,0.14019558272981436,0.0
1992-08-04,0.9987482713262922,0.0016270067952727676,0.0
1992-08-05,0.9576372206697514,0.04242444361678803,0.0
1992-08-06,0.9617327301884004,0.03932811698867455,0.0
1992-08-07,0.999342989149988,0.000682655056213367,0.0
1992-08-10,0.9993475234217648,0.0006528079219617945,0.0
1992-08-11,0.997113725023485,0.002887811233106976,0.0
1992-08-12,0.8094446313498807,0.1907758788042327,0.0
1992-08-13,0.955355959425114,0.054262000564219294,0.0
1992-08-14,0.054550135648359435,0.9704529905028159,0.0
1992-08-17,0.4787501628780179,1.0083396571506078,0.0
1992-08-18,0.9999853188785996,2.7785285060778248e-05,0.0
1992-08-19,0.9867507263725844,0.013249591612947706,0.0
1992-08-20,0.9998473351762834,0.00015280609015639446,0.0
1992-08-21,0.9999999428528796,5.7151307089794104e-08,0.0
1992-08-24,0.9999992385902138,7.614097862358305e-07,0.0
1992-08-25,0.9954232510380178,0.004576749522529529,0.0
1992-08-26,0.7022814431698045,0.29776689866423073,0.0
1992-08-27,0.9999999998684496,2.340964845158763e-10,0.0
1992-08-28,0.9999928112341092,7.188765890840838e-06,0.0
1992-08-31,0.9975013768290272,0.0024986235043299833,0.0
1992-09-01,0.999763198942837,0.00023681506745070876,0.0
1992-09-02,0.8551757567931155,0.1448671107463103,0.0
1992-09-03,0.9999999722080106,3.183766768695327e-08,0.0
1992-09-04,0.9999527185798334,4.728142301900208e-05,0.0
1992-09-07,0.9999963392750704,3.6607583334014785e-06,0.0
1992-09-08,0.9999972667469316,2.7332589986864493e-06,0.0
1992-09-09,0.9999999935065237,6.493476321680962e-09,0.0
1992-09-10,0.9999942340187498,5.765981250287737e-06,0.0
1992-09-11,1.0,0.0,0.0
1992-09-14,0.9987604935824763,0.0012395064175237946,0.0
1992-09-16,0.9999776333674365,2.2366704132411363e-05,0.0
1992-09-17,0.993008508776375,0.006991827302298231,0.0
1992-09-18,0.9999396729015202,6.110138348943884e-05,0.0
1992-09-21,0.994479073906287,0.005521458493734926,0.0
1992-09-22,0.9842076474122534,0.01585226877371582,0.0
1992-09-24,0.6922181462989819,0.3132297423224369,0.0
1992-09-25,0.9975554908158865,0.002677953992768712,0.0
1992-09-28,0.9999999817022553,1.8303900384714173e-08,0.0
1992-09-29,0.9919485683822701,0.00805143169042027,0.0
1992-09-30,0.9816073365624807,0.01839301479298857,0.0
1992-10-01,0.9836450549280167,0.016589542192885737,0.0
1992-10-02,0.6784853302042838,0.3244442726381255,0.0
1992-10-05,0.09587271419152851,1.0405517847241643,0.0
1992-10-06,0.08190710137934973,1.9789635469689237,0.0
1992-10-07,0.43359402741764974,1.5338436091609888,0.0
1992-10-08,0.04214482204980275,2.104831683607162,0.0
1992-10-09,0.005519143995293297,3.1096100164132667,0.0
1992-10-12,0.7903410895556408,0.8702629484259677,0.0
1992-10-13,0.00441446861328719,4.612722773335445,0.0
1992-10-14,0.2088408760315223,4.999297544086985,0.0
1992-10-15,0.5657637054530893,2.64677269329397,0.0
1992-10-16,0.009666976111792267,4.6150542785004465,0.0
1992-10-19,0.9652943088409907,0.14902447352072642,0.0
1992-10-20,0.0036970993679013176,1.920283479295634,0.0
1992-10-21,0.02146244872084926,4.091758191701312,0.0
1992-10-22,0.0027560117012704437,8.118088104439687,0.0
1992-10-23,0.0024437686761853007,9.83610936045908,0.0
1992-10-26,0.0035761412761752672,10.201418479195814,0.0
1992-10-27,0.01828756676591045,10.654673546166624,0.0
1992-10-28,0.0117731426983879,12.236815958970048,0.0
1992-10-29,0.2700562017236567,7.835664627892876,0.0
1992-10-30,0.004482747259673089,12.169952307632524,0.0
1992-11-02,0.016944242271769563,13.867463171856954,0.0
1992-11-04,0.5261073026520189,7.903834766399947,0.0
1992-11-05,0.010327931401418482,10.155327288642745,0.0
1992-11-06,0.0020346450040433857,12.883874140429613,0.0
1992-11-09,1.0,0.0,0.0
1992-11-10,0.0022377223075600596,0.99776227769244,0.0
1992-11-11,0.002158687196712094,1.003403293249053,0.0
1992-11-12,0.527134369947867,0.9438541572359358,0.0
1992-11-13,0.02559774838685027,1.5382365268745903,0.0
1992-11-16,0.0025261187514996194,3.552187859556866,0.0
1992-11-17,0.0020302533418202116,4.9458286926413075,0.0
1992-11-18,0.999999979840116,1.0902009423442324e-07,0.0
1992-11-19,0.29436500008440897,0.705644991267742,0.0
1992-11-20,0.9994633762326024,0.0008841218942923973,0.0
1992-11-24,0.8225615863921756,0.1791930035073532,0.0
1992-11-25,0.7001351645457751,0.35160410082143567,0.0
1992-11-26,0.9629929926393372,0.04138569471821979,0.0
1992-11-27,0.22220342862341255,0.8377168178531019,0.0
1992-11-30,0.4822930359202606,0.7800739357564421,0.0
1992-12-01,0.9999647079827382,7.28863964686229e-05,0.0
1992-12-02,0.13450037981474194,0.8669972298877743,0.0
1992-12-03,0.7658055186723284,0.36861684811141554,0.0
1992-12-04,0.018324300166743582,1.5245872654773847,0.0
1992-12-07,0.06827771425491369,2.595669244580323,0.0
1992-12-08,0.4670213477937797,1.9358147224526838,0.0
1992-12-09,0.3458279375011827,1.7123827786771042,0.0
1992-12-10,0.9964491882848416,0.009966448885049623,0.0
1992-12-11,0.6366941679768655,0.3686423491102266,0.0
1992-12-14,0.1531221520502949,1.0382157736075586,0.0
1992-12-15,0.9829252426232881,0.036530693312290634,0.0
1992-12-16,0.9866114654323505,0.013563487962969743,0.0
1992-12-17,0.9810436059925998,0.01920818227600491,0.0
1992-12-18,0.020342359793536394,0.9983747699117618,0.0
1992-12-21,0.006506800001234444,1.8889270654718642,0.0
1992-12-22,0.002029391537281285,2.029385834845975,0.0
1992-12-24,0.002135400645068738,2.944801745993655,0.0
1992-12-25,0.0020462893931571143,3.9145875786636792,0.0
1992-12-28,0.9996311932225248,0.0018341471368736673,0.0
1992-12-29,0.002251572818715626,1.2543308054910125,0.0
1992-12-30,0.998559751619719,0.00290789520804727,0.0
1993-01-04,0.016443560282295572,0.9848942162534645,0.0
1993-01-05,0.5204751626029416,0.9453030494521103,0.0
1993-01-06,0.07800662055571857,1.2710878539348596,0.0
1993-01-07,0.9081962784177808,0.19258116058374267,0.0
1993-01-08,0.0057364512535299245,1.3133130886414182,0.0
1993-01-11,0.0029065759316996933,2.556490169992339,0.0
1993-01-12,0.0022001600879015294,3.655190305850088,0.0
1993-01-13,0.046231880749918804,4.513422549895591,0.0
1993-01-14,0.002594672504109506,5.392138297838758,0.0
1993-01-18,0.0023378310864684286,6.133698896296685,0.0
1993-01-19,0.2062201077106294,5.663240746000401,0.0
1993-01-20,0.9999737120955209,0.00015987410597701816,0.0
1993-01-21,0.08891022658468771,0.91651170385448,0.0
1993-01-22,0.999999841591565,3.1343224723576375e-07,0.0
1993-01-25,0.002260586318076908,0.9977453369103686,0.0
1993-01-26,0.4795672369655279,0.8760076126899061,0.0
1993-01-27,0.23511016646126523,0.8460344703587498,0.0
1993-01-28,0.9999986382157808,2.5131147766678236e-06,0.0
1993-01-29,0.3203544278548938,0.6797117025230933,0.0
1993-02-01,0.024682129502303758,0.9830604903807739,0.0
1993-02-02,0.003054622924984247,1.9492114994924683,0.0
1993-02-03,0.9853992569607884,0.04349850229648037,0.0
1993-02-04,0.6329882214730315,0.3925947496615239,0.0
1993-02-05,0.058317973436639345,1.1855361372453364,0.0
1993-02-08,0.005602153344740345,1.9606353003779997,0.0
1993-02-09,0.9651428642247207,0.10837232288652004,0.0
1993-02-10,0.16396690417336002,0.9967049491746499,0.0
1993-02-12,0.9999999999903337,1.9332514945233487e-11,0.0
1993-02-15,0.9471909293035842,0.05280907304096685,0.0
1993-02-16,0.34105252659968227,0.6589579730782654,0.0
1993-02-17,0.2765129930440013,1.1241958968695742,0.0
1993-02-18,0.321963506539452,1.498179548236656,0.0
1993-02-19,0.019708590645092016,1.7847700927131676,0.0
1993-02-22,0.08350723456953682,2.2938883473783678,0.0
1993-02-23,0.002308685598458871,3.028129033117282,0.0
1993-02-24,0.0038733820531280235,3.7647637847995843,0.0
1993-02-25,0.003669237113340804,4.542666067796626,0.0
1993-02-26,0.002037182473795921,5.216007898431652,0.0
1993-03-01,0.0020094230237670666,5.60355734049991,0.0
1993-03-02,0.002016782345258205,6.020009968492319,0.0
1993-03-03,0.0020371721902202235,6.620959511716704,0.0
1993-03-04,0.0020010823229604253,7.01791422757376,0.0
1993-03-05,0.0020214172850593,7.6429579898339615,0.0
1993-03-08,0.9999999999363062,6.290130961778377e-10,0.0
1993-03-09,0.9978119484736379,0.002188051545368132,0.0
1993-03-10,0.9519268967323825,0.048073189300790235,0.0
1993-03-11,0.9988961442291399,0.001243509625294594,0.0
1993-03-12,0.4800013200691302,0.5213077230473074,0.0
1993-03-15,0.6377890337894906,0.44548169362468776,0.0
1993-03-16,0.825408360711421,0.20711482832163652,0.0
1993-03-17,0.8366603264597712,0.23876940111205874,0.0
1993-03-18,0.9999995348846108,5.459203007828392e-07,0.0
1993-03-19,0.9915967446078219,0.008403299058096468,0.0
1993-03-22,0.99940123887353,0.0006087172768003123,0.0
1993-03-23,0.9999999996122392,3.877608377407529e-10,0.0
1993-03-24,0.9964006847027667,0.0035993157106823516,0.0
1993-03-25,0.999493847452893,0.0005061529754655197,0.0
1993-03-26,0.9540585798935021,0.04603625948515667,0.0
1993-03-29,0.8779447772771376,0.12528286041234032,0.0
1993-03-30,0.639245412766635,0.38907128841908317,0.0
1993-03-31,0.999415757917378,0.0008532109705520445,0.0
1993-04-01,0.9999981364339712,1.8636874118845218e-06,0.0
1993-04-02,0.9999299134648423,7.008672072715136e-05,0.0
1993-04-05,0.9802728000845674,0.01972774597938496,0.0
1993-04-06,0.1744186728114057,0.8277318492348045,0.0
1993-04-07,0.9392006895149646,0.11381499157789832,0.0
1993-04-08,0.18352076649623178,0.958633257286474,0.0
1993-04-09,0.6841820037058954,0.5767377920289581,0.0
1993-04-12,0.06934917452488662,1.221811797660845,0.0
1993-04-13,0.9999999999955058,8.988270247753472e-12,0.0
1993-04-14,0.3629040079518816,0.6370960404225112,0.0
1993-04-15,0.1843452165497102,0.8157635116498451,0.0
1993-04-16,0.9918092013163932,0.015441570549464073,0.0
1993-04-19,0.8050532175407927,0.19855422063217074,0.0
1993-04-20,0.9316825489832681,0.08947521492608705,0.0
1993-04-21,0.07521935754208586,1.073856344608275,0.0
1993-04-22,0.9432008318054329,0.11607972638079839,0.0
1993-04-23,0.0046834020705732345,1.2228994448427217,0.0
1993-04-26,0.03592982436800496,2.3684338844042405,0.0
1993-04-27,0.9998927361793966,0.00035581154972990037,0.0
1993-04-28,0.5742833820758195,0.42631628638734553,0.0
1993-04-30,0.9593619674613666,0.061048181526876015,0.0
1993-05-06,0.9996611424648586,0.0003416441610429625,0.0
1993-05-07,0.004534526766441668,0.9999717793875764,0.0
1993-05-10,0.00961524275618115,1.5623662468721273,0.0
1993-05-11,0.005538978531926886,2.0008319558112304,0.0
1993-05-12,0.09649914367609326,2.684260000392453,0.0
1993-05-13,0.007664722710633114,3.852760772187478,0.0
1993-05-14,0.0051308128920124815,4.897100198780252,0.0
1993-05-17,0.0035007198580719193,5.776720525496209,0.0
1993-05-18,0.009073340416882208,6.691711679310692,0.0
1993-05-19,0.002709707071728186,7.646426856087056,0.0
1993-05-20,0.13756796314204556,7.532302499321314,0.0
1993-05-21,0.015759717714280648,8.461305590757743,0.0
1993-05-24,0.014262545307821766,9.505744703111995,0.0
1993-05-25,0.0020949579924834315,11.025775268257506,0.0
1993-05-26,0.1535139703600285,9.907482575978383,0.0
1993-05-27,0.0027486271919619026,11.394989247738422,0.0
1993-05-28,0.0020179179556383143,12.902026501265027,0.0
1993-05-31,0.075849289357369,11.058869062882927,0.0
1993-06-01,0.0020113382639374497,12.741163578311653,0.0
1993-06-02,0.002034420384997109,13.979908059181621,0.0
1993-06-03,0.016053216463688354,15.234813132155761,0.0
1993-06-04,0.0033175082257301284,16.491349396437926,0.0
1993-06-07,0.0034729367970466767,16.50967684069511,0.0
1993-06-08,0.02984827243783245,14.361111512563136,0.0
1993-06-10,0.0020106518350555005,15.650898065133575,0.0
1993-06-11,0.0025667441061536264,14.81901416229254,0.0
1993-06-14,0.002003705865089186,14.085626672192333,0.0
1993-06-15,0.004686436566956347,13.225735075449855,0.0
1993-06-16,0.0020037548314700924,12.810713656390785,0.0
1993-06-17,0.0043268815175899564,12.874851919605545,0.0
1993-06-18,0.002008133051027845,13.281655517723511,0.0
1993-06-21,0.6322977804726656,5.499517263371685,0.0
1993-06-22,0.0380701904042391,5.531342827926972,0.0
1993-06-23,0.002582027501783673,15.572172378226915,0.0
1993-06-24,0.0025653896341353254,18.34253162216801,0.0
1993-06-25,0.042872091202409084,18.816796578374756,0.0
1993-06-28,0.0028464097235549345,20.29218467537559,0.0
1993-06-29,0.15167303841770022,18.251665620328662,0.0
1993-06-30,0.002054266508678757,21.326370615151347,0.0
1993-07-01,0.06599837185958278,15.72364848071172,0.0
1993-07-02,0.228363482055851,14.169565128983601,0.0
1993-07-05,0.002024530943293282,19.52669142217934,0.0
1993-07-06,0.9994906530878606,0.00526892099079322,0.0
1993-07-07,0.002072097795856034,1.5636829136910722,0.0
1993-07-08,0.002020967257796813,10.608529931101197,0.0
1993-07-09,0.009805718003155686,10.34722680526768,0.0
1993-07-12,0.002232902220782459,4.9831678641368,0.0
1993-07-13,0.10249805972938521,5.060152636811348,0.0
1993-07-14,0.035885114384418694,4.4014943550573715,0.0
1993-07-15,0.6732307188078447,1.2417987750639854,0.0
1993-07-16,0.014713432828544743,2.3079941238801576,0.0
1993-07-19,0.20123236546596357,2.4520043631893156,0.0
1993-07-20,0.0020088407183345056,4.14153857885427,0.0
1993-07-21,0.002009490276993367,6.325562318389953,0.0
1993-07-22,0.002002055212887286,6.851135015620655,0.0
1993-07-23,0.9999999999717278,2.400101326974881e-10,0.0
1993-07-26,0.002026702262876939,0.9979767797688123,0.0
1993-07-27,0.0021467140728126653,1.0178686485184176,0.0
1993-07-28,0.0020359000942548845,1.9940915470181806,0.0
1993-07-29,0.9999999989994052,2.9927374564977475e-09,0.0
1993-07-30,0.015043970853277862,0.9849709066985225,0.0
1993-08-02,0.016700359727755736,0.99180665022601,0.0
1993-08-03,0.8582806846819891,0.27915733252335706,0.0
1993-08-04,0.835419508000031,0.18050096457908119,0.0
1993-08-05,0.005309576549855207,1.278184710987368,0.0
1993-08-06,0.009808181271264604,3.063579772791905,0.0
1993-08-09,0.04387534950117432,4.236821127715825,0.0
1993-08-10,0.01691884054106567,5.621028093055083,0.0
1993-08-11,0.7039820702828362,1.8025618996946633,0.0
1993-08-12,0.06341211125451697,3.1218240865038758,0.0
1993-08-13,0.035241720870922116,4.039287671574896,0.0
1993-08-16,0.6320600991472213,1.9418914604951008,0.0
1993-08-17,0.12130272317793718,2.7803360502926413,0.0
1993-08-18,0.11839182877186691,3.620770735437514,0.0
1993-08-19,0.060712625243057705,3.946110815171686,0.0
1993-08-20,0.006895023764872712,4.469605874604082,0.0
1993-08-23,0.007922227510807622,5.696777204176007,0.0
1993-08-24,0.002007410741163981,6.910239707785235,0.0
1993-08-25,0.0025090529005673753,7.954241617795188,0.0
1993-08-26,0.002002039119480085,9.293341771896582,0.0
1993-08-27,0.0022425466037607495,10.056780786407353,0.0
1993-08-30,0.0020023442934355745,10.109842372909524,0.0
1993-08-31,0.0020228506835495564,9.871701830044747,0.0
1993-09-01,0.002046451389132929,7.578982342012733,0.0
1993-09-02,0.0020006235136641277,7.040752498303009,0.0
1993-09-03,0.010600748598713695,8.066062833757371,0.0
1993-09-06,0.0020627129917557075,8.635418075078022,0.0
1993-09-07,0.002017883489481244,9.18796570373448,0.0
1993-09-08,0.0020311929497771526,10.003110217020204,0.0
1993-09-09,0.002014449220591162,10.835896117794011,0.0
1993-09-10,0.0020654441239666022,11.789792619309765,0.0
1993-09-13,0.9461145207007783,0.6944585401787449,0.0
1993-09-14,0.002115415753784724,6.47208111654988,0.0
1993-09-16,1.0,0.0,0.0
1993-09-17,0.0020929455326215334,0.9979070544673785,0.0
1993-09-20,0.0020156663874993245,0.9988809367818834,0.0
1993-09-21,0.0020218741586633753,1.9929342290273433,0.0
1993-09-22,0.002102257591229668,2.984877199639722,0.0
1993-09-24,0.0020007153086711088,3.9579515121631514,0.0
1993-09-27,0.13823704900968206,4.300111324213561,0.0
1993-09-28,0.003524496013009531,5.844910994730757,0.0
1993-09-29,0.014768956962036471,6.8106654322894835,0.0
1993-09-30,0.002017955041985735,7.757915666751467,0.0
1993-10-01,0.018034719999685887,8.600655422391783,0.0
1993-10-04,0.0024378249871795966,9.132670605786235,0.0
1993-10-05,0.002214928197622471,9.876437560004133,0.0
1993-10-06,0.0028919961020020023,10.427849931859711,0.0
1993-10-07,0.9924342095635778,0.07289323079972344,0.0
1993-10-08,0.002359554225250567,6.511727538168765,0.0
1993-10-12,0.759497530341338,1.075808766233438,0.0
1993-10-13,0.002013076794152911,8.283289156426848,0.0
1993-10-14,0.0023930226361285212,12.134766451383463,0.0
1993-10-15,0.013961499516192803,13.08785910398023,0.0
1993-10-18,0.0027451543227103373,14.094779220057568,0.0
1993-10-19,0.002029563499225745,14.739522497083177,0.0
1993-10-20,0.0020214786641977356,15.750831940578468,0.0
1993-10-21,0.0020052718803842797,16.000847618646397,0.0
1993-10-22,0.0020617358306241397,16.481282875196957,0.0
1993-10-25,0.0024533795287389696,17.354244150234376,0.0
1993-10-26,0.013570407357241888,17.836859566405828,0.0
1993-10-27,0.002283676109815835,18.16813069566303,0.0
1993-10-28,0.6092932739299783,4.504904191479833,0.0
1993-10-29,0.0020452460113454716,14.880607920740632,0.0
1993-11-01,0.0021358870658723978,18.17367108274802,0.0
1993-11-02,0.002022417283271692,21.29707187851796,0.0
1993-11-04,0.9668218175884735,0.42917070029750337,0.0
1993-11-05,0.7530172795366228,0.2776756717200366,0.0
1993-11-08,0.4648649746076815,0.6115052582532666,0.0
1993-11-09,0.9999782506319922,3.8010851673716194e-05,0.0
1993-11-10,0.9995488913152302,0.00045111534005259126,0.0
1993-11-11,0.8352449311400877,0.1647700084836592,0.0
1993-11-12,0.9996955146745182,0.0004888128676230858,0.0
1993-11-15,0.9999445710603414,5.5446379565679056e-05,0.0
1993-11-16,0.999988578467638,1.1421922474589223e-05,0.0
1993-11-17,0.9907994820107482,0.009200664042078737,0.0
1993-11-18,0.9529716207962752,0.04704929737346281,0.0
1993-11-19,0.9933745892397517,0.007638215185490398,0.0
1993-11-22,0.9999524612512642,4.7576225062400384e-05,0.0
1993-11-24,0.9905072628292491,0.00949300216613206,0.0
1993-11-25,0.887715543558935,0.11278868212008034,0.0
1993-11-26,0.9999449572962421,6.879921775650023e-05,0.0
1993-11-29,0.999999627565411,3.724403472237613e-07,0.0
1993-11-30,0.9995264831152314,0.0004735172102683892,0.0
1993-12-01,0.9999999843541415,1.565074020417903e-08,0.0
1993-12-02,0.9999963277866316,3.6722133683688773e-06,0.0
1993-12-03,0.974522155218221,0.025477903998238665,0.0
1993-12-06,0.999998443535705,1.5957990574916259e-06,0.0
1993-12-07,0.9820774460264967,0.017922840148221566,0.0
1993-12-08,0.9996992533475993,0.00030411536074700647,0.0
1993-12-09,0.9999997891489337,2.111002896961946e-07,0.0
1993-12-10,0.9999403872730406,5.9613545649757006e-05,0.0
1993-12-13,0.9592284417119342,0.04077182411143127,0.0
1993-12-14,0.08069355989213294,0.9315629250496097,0.0
1993-12-15,0.9986279490359768,0.002734517100319552,0.0
1993-12-16,0.993509504127959,0.006493836737054619,0.0
1993-12-17,0.9493792885493375,0.050872733827309405,0.0
1993-12-20,0.9999999988368401,1.2759277078009322e-09,0.0
1993-12-21,0.9585739733341707,0.04142604922478737,0.0
1993-12-22,0.12134602907886877,0.8786679701786938,0.0
1993-12-24,0.9995703019373897,0.0008530220430516646,0.0
1993-12-27,0.9998173228252846,0.00018272822402719025,0.0
1993-12-28,0.9999986455734083,1.3548922036607896e-06,0.0
1993-12-29,0.9633751176548938,0.03662563434190887,0.0
1993-12-30,0.9755169351247233,0.03361350575848223,0.0
1994-01-04,0.9996395351404191,0.00039341058643164187,0.0
1994-01-05,0.9999999999864221,1.3577964154579756e-11,0.0
1994-01-06,0.9984531799269989,0.0015468200872205253,0.0
1994-01-07,0.9999918815713827,8.118908197281176e-06,0.0
1994-01-10,0.9990777472325195,0.0009222622708943568,0.0
1994-01-11,0.9951122682017155,0.004890904783487021,0.0
1994-01-12,0.9999023962441866,9.844876563505459e-05,0.0
1994-01-13,0.6435484723685613,0.3567217662660433,0.0
1994-01-14,0.9991089069137051,0.0016439414622707428,0.0
1994-01-17,0.20087505464258804,0.8021060261279473,0.0
1994-01-18,0.4461858950772546,0.8583499446675644,0.0
1994-01-19,0.9999975617822523,6.591630638028956e-06,0.0
1994-01-20,0.9375434525549932,0.062458052670540394,0.0
1994-01-21,0.334096478552269,0.6669976254589144,0.0
1994-01-24,1.0,0.0,0.0
1994-01-25,0.9996190913964141,0.00038090860358586104,0.0
1994-01-26,0.9999999635844624,3.642708223745508e-08,0.0
1994-01-27,0.9997260974811083,0.0002739025199598922,0.0
1994-01-28,0.7505974970165858,0.24940576549189697,0.0
1994-01-31,1.0,0.0,0.0
1994-02-01,0.8931000857520891,0.1068999142479109,0.0
1994-02-02,0.9889311363720108,0.01106911909301455,0.0
1994-02-03,0.9999377628335447,6.251251453333033e-05,0.0
1994-02-04,0.959240641422148,0.040772306545791,0.0
1994-02-07,0.9999999996029527,3.9881019417621407e-10,0.0
1994-02-08,0.999980891064113,1.9108960761702245e-05,0.0
1994-02-09,0.9999858663952209,1.4133604779138954e-05,0.0
1994-02-10,0.95025245709078,0.04974916525844964,0.0
1994-02-14,0.9999994209488505,8.240236086319847e-07,0.0
1994-02-15,0.9999962839912591,3.7160139897534713e-06,0.0
1994-02-16,0.9998860360117332,0.00011396693817466035,0.0
1994-02-17,0.9944671115099957,0.005532917177023105,0.0
1994-02-18,0.9911306389945886,0.008891433543409941,0.0
1994-02-21,0.9999999821270434,1.80462461082154e-08,0.0
1994-02-22,0.9989802685557155,0.0010197320030209652,0.0
1994-02-23,0.8797624261885852,0.12023910577943357,0.0
1994-02-24,0.9999996751842551,4.3358882124915704e-07,0.0
1994-02-25,0.998606226521989,0.001393776328916285,0.0
1994-02-28,0.96667638329945,0.03332643913372292,0.0
1994-03-01,0.9721361434886742,0.028021448238458372,0.0
1994-03-02,0.9999949320319651,5.487722121208482e-06,0.0
1994-03-03,0.10091412076264532,0.899116959234496,0.0
1994-03-04,0.9799022183960406,0.031137730315988633,0.0
1994-03-07,0.9988988191387712,0.0011032716751450716,0.0
1994-03-08,0.9195314660218935,0.08079401762174533,0.0
1994-03-09,0.4973344671745935,0.5066410975348784,0.0
1994-03-10,0.8214033512876678,0.24040600043160582,0.0
1994-03-11,0.09733092438895154,1.3222842668723707,0.0
1994-03-14,0.9938080361657459,0.016770720453021873,0.0
1994-03-15,0.008777746651131294,1.0882661254189154,0.0
1994-03-16,0.003855743297537532,2.2351344391833514,0.0
1994-03-17,0.03203392586365517,3.3013783440505264,0.0
1994-03-18,0.009683007940743915,4.336458147771367,0.0
1994-03-22,0.019006712991921564,4.987701001467141,0.0
1994-03-23,0.40375721113414065,2.8655748459111576,0.0
1994-03-24,0.002137070600878052,3.963540880617887,0.0
1994-03-25,0.0020228905331229354,5.031205774700687,0.0
1994-03-28,0.011454006679441438,5.789487441174495,0.0
1994-03-29,0.005637321210236039,6.730167106276485,0.0
1994-03-30,0.46356484987041363,4.0521796922603395,0.0
1994-03-31,0.5562262406214539,1.0856222938551017,0.0
1994-04-01,0.0021029764685321383,3.841188577056141,0.0
1994-04-04,0.13145843149563907,3.3434659284723875,0.0
1994-04-05,0.9969419564691253,0.011320023366652596,0.0
1994-04-06,0.00272835308100052,1.0941882835389498,0.0
1994-04-07,0.0026950767030028675,3.465936472760391,0.0
1994-04-08,0.9462101080576426,0.32790541348867086,0.0
1994-04-11,0.0020070409967399556,2.1168363565412527,0.0
1994-04-12,0.9999999991359229,4.823908814378978e-09,0.0
1994-04-13,0.9759845077637184,0.024016182953614545,0.0
1994-04-14,0.04141890494596655,0.958588751229894,0.0
1994-04-15,0.003932650234023303,1.7602212649965916,0.0
1994-04-18,0.19965451851283106,2.122419424856691,0.0
1994-04-19,0.0024089114330825175,2.405052267096262,0.0
1994-04-20,0.9755272419078737,0.0842057474057356,0.0
1994-04-21,0.003709805001351351,1.1788204410921765,0.0
1994-04-22,0.015811058969757746,2.5485907134938994,0.0
1994-04-25,0.013049919800109985,4.375875495913236,0.0
1994-04-26,0.012777556381951116,5.816078543558234,0.0
1994-04-27,0.003011237666078211,6.110119855959105,0.0
1994-04-28,0.002213459648394828,5.604561035569224,0.0
1994-05-02,0.0032782122251856284,6.037166237881734,0.0
1994-05-06,0.3983509495133361,4.091880284274913,0.0
1994-05-09,0.0024273329767747092,5.715441817702656,0.0
1994-05-10,0.20576150735515833,4.768466004330932,0.0
1994-05-11,0.012802031048052031,5.586714696209056,0.0
1994-05-12,0.0023344015306336298,7.263710136563532,0.0
1994-05-13,0.002101346620460644,10.363382758867163,0.0
1994-05-16,0.0042759091340546715,11.16651583917791,0.0
1994-05-17,0.002025468931805649,13.265693929944321,0.0
1994-05-18,0.3693475930510057,8.647376856821188,0.0
1994-05-19,0.01693984827723626,8.82970890179092,0.0
1994-05-20,0.0026717822887475577,14.216535064187791,0.0
1994-05-23,0.004879151466429239,15.89460443508864,0.0
1994-05-24,0.0158436920423793,16.605493630710182,0.0
1994-05-25,0.0024013274697887647,18.149241925660146,0.0
1994-05-26,0.0020345608236292385,19.316706339434614,0.0
1994-05-27,0.05662822157730267,19.0371075722877,0.0
1994-05-30,0.002026418926617136,21.07398493880132,0.0
1994-05-31,0.002023647524100418,22.634150597813555,0.0
1994-06-01,0.002125134970553054,23.903333944658304,0.0
1994-06-02,0.002523331594030583,25.00578636179086,0.0
1994-06-03,0.0027583267361147496,26.222659059230686,0.0
1994-06-06,0.37001755685930393,17.17132977428895,0.0
1994-06-07,0.9938560247076329,0.011256834893344185,0.0
1994-06-08,0.055423493332650696,1.0700882364533837,0.0
1994-06-09,0.0020060728763762795,7.8320295588588795,0.0
1994-06-10,0.0023660982319162506,15.844395035238943,0.0
1994-06-13,0.002185030451767566,13.826700034114712,0.0
1994-06-14,0.0020040424319607048,25.12339998442436,0.0
1994-06-15,0.0020491730102969946,22.847787929244262,0.0
1994-06-16,0.002000508072802064,24.87970962543729,0.0
1994-06-17,0.002000623948761831,22.725350553243594,0.0
1994-06-20,0.9901550762525679,0.23526345404688945,0.0
1994-06-21,0.007073038958980346,3.263247447751594,0.0
1994-06-22,0.11041535641497155,7.118765259855845,0.0
1994-06-23,0.997452389447327,0.008217355998101914,0.0
1994-06-24,0.8761982618168243,0.12451382232177818,0.0
1994-06-27,0.5179653872680551,0.8411949758817715,0.0
1994-06-28,0.07251858397488274,1.0275080756472856,0.0
1994-06-29,0.0020509162780658874,1.826650224332905,0.0
1994-06-30,0.7461089237336098,0.7378830055574236,0.0
1994-07-01,0.9789638418962475,0.040620063319097004,0.0
1994-07-04,0.0026419247528475095,1.0253899143100325,0.0
1994-07-05,0.061126505669896074,1.9003174942521432,0.0
1994-07-06,0.9367893788762477,0.18131245254387324,0.0
1994-07-07,0.0029571858939157207,1.0654705451189301,0.0
1994-07-08,0.07347004447380934,1.9784521060395246,0.0
1994-07-11,0.01464807004993369,2.92552150600478,0.0
1994-07-12,0.030483987361131462,3.7808377518348575,0.0
1994-07-13,0.06281919401454435,4.313255026233336,0.0
1994-07-14,0.014333275541199066,4.925910067677149,0.0
1994-07-15,0.004982881147579931,5.239937939212963,0.0
1994-07-18,0.0024641040219908375,5.480795714984333,0.0
1994-07-19,0.0025082127128520674,6.287068089748066,0.0
1994-07-20,0.004176841640484123,7.380714279463755,0.0
1994-07-21,0.30291412759253095,5.655081878710403,0.0
1994-07-22,0.39539045629447156,4.86629477763561,0.0
1994-07-25,0.004389314812275217,7.416942923220211,0.0
1994-07-26,0.0020894371275765014,9.972889490583764,0.0
1994-07-27,0.04138986114099168,9.515806592894625,0.0
1994-07-28,0.09254746945375425,7.2023305018761885,0.0
1994-07-29,0.002009320374401834,8.681806272419665,0.0
1994-08-01,0.9174741809615022,0.5757234004730692,0.0
1994-08-02,0.9999985450098237,1.455648239752634e-06,0.0
1994-08-03,0.002000196925393797,0.9980380562555381,0.0
1994-08-04,0.0020000457762970035,1.0181997241494298,0.0
1994-08-05,0.002001166467339282,1.9931265563357312,0.0
1994-08-08,0.002000273824655782,2.990918887692792,0.0
1994-08-09,0.002063319962947925,3.9802999077717574,0.0
1994-08-10,0.005409767303993385,4.9491652991107085,0.0
1994-08-11,0.0020004215966610023,5.970236450024556,0.0
1994-08-12,0.002214702947544569,6.939437230320872,0.0
1994-08-15,0.0020051993268888914,7.924839483477388,0.0
1994-08-16,0.0020002048843321134,8.924837222751822,0.0
1994-08-17,0.002000016254229806,9.939349873900676,0.0
1994-08-18,0.00200010305237589,10.925946052679706,0.0
1994-08-19,0.9193079196299272,0.9630688515349787,0.0
1994-08-22,0.005732607567511753,1.3779859079613357,0.0
1994-08-23,0.0020314326971753605,6.984302385504433,0.0
1994-08-24,0.003561657672284379,9.133900640773858,0.0
1994-08-25,0.002001694241387539,15.086626417506254,0.0
1994-08-26,0.0020001971300002554,16.64095220005318,0.0
1994-08-29,0.002013090551074765,17.36967181828078,0.0
1994-08-30,0.002000155630399415,18.641085725981288,0.0
1994-08-31,0.0020000286223344913,19.742001941564077,0.0
1994-09-01,0.0020000168776453005,20.7428084761518,0.0
1994-09-02,0.0020000150165994145,21.301230833164322,0.0
1994-09-05,0.9904573807540518,0.2164492256980761,0.0
1994-09-06,0.00631179917739463,1.4297655167714554,0.0
1994-09-07,0.9940402638259607,0.011920232869171224,0.0
1994-09-08,0.0064883031589453135,0.998256814194161,0.0
1994-09-09,0.8905544942201377,0.21790659241506774,0.0
1994-09-12,0.0021436106084214038,1.0388787222650704,0.0
1994-09-13,0.6963821016623503,0.6088842976357685,0.0
1994-09-14,0.011295486381294597,1.2873487110747661,0.0
1994-09-16,0.9649259135939506,0.0782329898812149,0.0
1994-09-19,0.9999861392378301,1.3974085155447488e-05,0.0
1994-09-20,0.9999971396194804,2.8603832288066044e-06,0.0
1994-09-21,0.8272356226146419,0.17276813416464112,0.0
1994-09-22,0.1478306002277872,0.8542009882693075,0.0
1994-09-26,0.041026213647027555,1.412052770490454,0.0
1994-09-27,0.9999554376300601,0.00012508415570936925,0.0
1994-09-28,0.48757070764255894,0.5128000507885673,0.0
1994-09-29,0.7654298887736614,0.2505866501606814,0.0
1994-09-30,0.44699909083992745,0.6952447673798403,0.0
1994-10-03,0.0028612300150274938,1.9330294166204758,0.0
1994-10-04,0.003572374548824388,3.0233901552805817,0.0
1994-10-05,0.7615603331936502,0.9398355329657264,0.0
1994-10-06,0.0020215126339894964,3.677066903906893,0.0
1994-10-07,0.002406882421732213,6.148971000590717,0.0
1994-10-11,0.03895942003580289,6.9851917681928475,0.0
1994-10-12,0.9961439128026249,0.03196422343311623,0.0
1994-10-13,0.0071846091549519035,1.1978921828908897,0.0
1994-10-14,0.9948830595044749,0.011689876974852912,0.0
1994-10-17,0.023198645452276782,1.1639528169482032,0.0
1994-10-18,0.0020692725421124444,2.3901591026614843,0.0
1994-10-19,0.9968773183733026,0.012175610914443816,0.0
1994-10-20,0.5725482280027245,0.42976784368303367,0.0
1994-10-21,0.4993666491372252,0.7833687077570265,0.0
1994-10-24,0.002780877630112103,1.1725687091956327,0.0
1994-10-25,0.030352374933068558,2.4706395114219957,0.0
1994-10-26,0.0020593618325814114,3.336351904397497,0.0
1994-10-27,0.3602281446473646,2.5947260622772226,0.0
1994-10-28,0.07707371200671764,2.779503934081334,0.0
1994-10-31,0.2960335057702459,3.6771695535792372,0.0
1994-11-01,0.005422062551233046,4.487450401419093,0.0
1994-11-02,0.011400432717473185,6.811115636257519,0.0
1994-11-04,0.002281983867581589,7.920291003512391,0.0
1994-11-07,0.0026047448548621828,8.107394889698831,0.0
1994-11-08,0.0022256815542249257,7.052342617512343,0.0
1994-11-09,0.13123151113850032,5.713010604649105,0.0
1994-11-10,0.9397082693391333,0.36713443576581295,0.0
1994-11-11,0.6335191575485712,0.40626879805979144,0.0
1994-11-14,0.05725421112810673,1.2046463438171195,0.0
1994-11-15,0.002028584315406373,2.223453343449338,0.0
1994-11-16,0.009253808782725453,3.168886613327631,0.0
1994-11-17,0.0020043804535467427,5.161636186363819,0.0
1994-11-18,0.007606522316672097,6.391752631189004,0.0
1994-11-21,0.9999083050110992,0.0005993118565916752,0.0
1994-11-22,0.0021220421385837527,1.162303654516216,0.0
1994-11-24,0.6038272296820936,0.867339801498315,0.0
1994-11-25,0.010522774276294404,2.1703003510254324,0.0
1994-11-28,0.002155353071816092,2.079118489877892,0.0
1994-11-29,0.4324675954687121,1.6971140982181916,0.0
1994-11-30,0.002076925684732226,3.9850205815762125,0.0
1994-12-01,0.002023474119011698,5.006315675169992,0.0
1994-12-02,0.002050218812221535,5.313168369500708,0.0
1994-12-05,0.06827627330803354,6.280579435803344,0.0
1994-12-06,0.0020181744187061025,6.860900183041739,0.0
1994-12-07,0.002023652702993489,6.944641646934054,0.0
1994-12-08,0.0020789178220738925,6.905260876148345,0.0
1994-12-09,0.030697564898425792,6.9906332811891145,0.0
1994-12-12,0.0020010858680311987,7.618883649577067,0.0
1994-12-13,0.00205720573486965,8.498848212646436,0.0
1994-12-14,0.0020000096110054984,9.271731177109281,0.0
1994-12-15,0.0023547863711087,10.361780962823822,0.0
1994-12-16,0.006522617354147224,11.262486859424996,0.0
1994-12-19,0.0020464788172751235,12.395690118237109,0.0
1994-12-20,0.002568365112301389,13.57175941844666,0.0
1994-12-21,0.0021415372437570586,14.551252703573995,0.0
1994-12-22,0.080545479354283,14.115741893672494,0.0
1994-12-26,0.0020017779467324612,16.27129012877059,0.0
1994-12-27,0.002164126441269347,17.294576819688565,0.0
1994-12-28,0.0022369931715010734,18.4256933520629,0.0
1994-12-29,0.0036745049058883802,19.420016011125437,0.0
1994-12-30,0.002135858023744804,20.37171200623842,0.0
1995-01-04,0.0020002954866199392,21.30862258061248,0.0
1995-01-05,0.0030739663690802473,22.38442486975079,0.0
1995-01-06,0.00248101270870872,23.27729272936169,0.0
1995-01-09,0.002000299817574026,24.223251359546452,0.0
1995-01-10,0.0025303807557529824,25.37248191282007,0.0
1995-01-11,0.0020517408624089765,26.151335019971192,0.0
1995-01-12,0.0023393314942247887,27.3069027192335,0.0
1995-01-13,0.002058781244688628,28.272887125731394,0.0
1995-01-17,0.15125973659486822,24.86470572240248,0.0
1995-01-18,0.002010630882953696,29.651320906011293,0.0
1995-01-19,0.019572121808409136,29.20426486996829,0.0
1995-01-20,0.006202077873381955,28.964874441371464,0.0
1995-01-23,1.0,0.0,0.0
1995-01-24,0.9999829801553919,1.70198446082237e-05,0.0
1995-01-25,0.9999991694038446,8.305961553938925e-07,0.0
1995-01-26,0.9999996415375377,3.584624622448994e-07,0.0
1995-01-27,0.9999925716662524,7.428336675089602e-06,0.0
1995-01-30,0.9999999999946995,5.300497304778362e-12,0.0
1995-01-31,0.9999851972648699,1.4802735130089765e-05,0.0
1995-02-01,0.9999915189741504,8.481026964267301e-06,0.0
1995-02-02,0.9995874943043759,0.0004125084213608372,0.0
1995-02-03,0.9992523394925954,0.0007479112796556029,0.0
1995-02-06,0.9870017946685565,0.013013326725899528,0.0
1995-02-07,1.0,0.0,0.0
1995-02-08,0.999981195521129,1.880447887103731e-05,0.0
1995-02-09,0.9988844461256585,0.0011155538758928888,0.0
1995-02-10,0.9980397201661765,0.0019625457961862523,0.0
1995-02-13,0.9688608738637998,0.03131941123701713,0.0
1995-02-14,0.9427103033131861,0.058511495002596205,0.0
1995-02-15,0.9659076506550857,0.03596942734348796,0.0
1995-02-16,0.9976214350942993,0.002455893306076478,0.0
1995-02-17,0.9999992839418658,7.178784950114526e-07,0.0
1995-02-20,0.9835989840520372,0.01640134130385029,0.0
1995-02-21,0.8988293844423917,0.10141184414912403,0.0
1995-02-22,0.9578595029398992,0.043832066550496554,0.0
1995-02-23,0.9999883954145502,1.4055096144566518e-05,0.0
1995-02-24,0.9999999999619158,3.808420062738697e-11,0.0
1995-02-27,0.9999999989801963,1.0198036335785992e-09,0.0
1995-02-28,0.9994517619372254,0.0005482380627745805,0.0
1995-03-01,0.9999997504542385,2.4969247063421086e-07,0.0
1995-03-02,0.9999996573256389,3.4267436112001184e-07,0.0
1995-03-03,0.9999927335061171,7.2664959728872755e-06,0.0
1995-03-06,0.999980276010604,1.972402443198771e-05,0.0
1995-03-07,0.896410142455266,0.10359083691454482,0.0
1995-03-08,0.9991349091428745,0.0010751645362218312,0.0
1995-03-09,0.8173839117892013,0.18387584986794256,0.0
1995-03-10,0.9999988433129942,2.103674038041304e-06,0.0
1995-03-13,0.9999999479149568,5.208504321396822e-08,0.0
1995-03-14,0.9995545349717054,0.0004454650483818564,0.0
1995-03-15,0.9999999959028012,4.112861916868956e-09,0.0
1995-03-16,0.9998898130183795,0.00011018698441048315,0.0
1995-03-17,0.9998907673907609,0.00010923652690378995,0.0
1995-03-20,0.9923229580092503,0.007680507450845578,0.0
1995-03-22,0.9830659453420353,0.017194396954267503,0.0
1995-03-23,0.9475492869947173,0.05406156385302625,0.0
1995-03-24,0.9999757088608886,2.6519890619772645e-05,0.0
1995-03-27,0.9857188311427055,0.014281667957497883,0.0
1995-03-28,0.9999998835716032,1.3251005036523143e-07,0.0
1995-03-29,0.8877937725194711,0.11220654947353138,0.0
1995-03-30,0.3330173017036983,0.6676786345643323,0.0
1995-03-31,0.9999138491175903,0.00015575640059984226,0.0
1995-04-03,0.9999999126322631,8.736773689078561e-08,0.0
1995-04-04,0.9998590956777541,0.00014090434059065647,0.0
1995-04-05,0.9989008415049888,0.0010991713694495893,0.0
1995-04-06,0.7214100414288127,0.27880785395988134,0.0
1995-04-07,0.20651950483440296,0.8173131988972476,0.0
1995-04-10,0.9996687367053443,0.000743449046908993,0.0
1995-04-11,0.7065385353852506,0.2973886336517577,0.0
1995-04-12,0.32327839027035776,0.6868855600721372,0.0
1995-04-13,0.9023550151170872,0.1753777271256501,0.0
1995-04-14,0.9992675775261657,0.0007951688816518848,0.0
1995-04-17,0.9906261235368238,0.009376977288246905,0.0
1995-04-18,0.3406351712277511,0.6649667838165704,0.0
1995-04-19,0.9997469554993066,0.0005051322475706337,0.0
1995-04-20,0.9989553048978604,0.0010451026203420067,0.0
1995-04-21,0.999844642179735,0.0001553594469348011,0.0
1995-04-24,0.8736282447368738,0.1263972427081391,0.0
1995-04-25,0.9998361393998932,0.00018600296735447116,0.0
1995-04-26,0.9816307587807385,0.018374174012928127,0.0
1995-04-27,0.9825736920353157,0.017575020724141806,0.0
1995-04-28,0.7784413826352913,0.22508000992621743,0.0
1995-05-01,0.9560784293703961,0.052716796339205535,0.0
1995-05-02,0.9978706206043902,0.0023729287333958014,0.0
1995-05-08,0.057624529694829466,0.9986845746782606,0.0
1995-05-09,0.8551886759530783,0.29210776056648763,0.0
1995-05-10,0.04422973422327374,1.0203601119851244,0.0
1995-05-11,0.999999902075597,2.1244103107615535e-07,0.0
1995-05-12,0.9716903417062691,0.028309744593041794,0.0
1995-05-15,0.47934266480263693,0.5208173206776825,0.0
1995-05-16,0.999999785965387,3.32843392734415e-07,0.0
1995-05-17,0.019978524683826937,0.980060686710677,0.0
1995-05-18,0.8924852496439999,0.14099649197856573,0.0
1995-05-19,0.043651529972145206,1.0699929728459021,0.0
1995-05-22,0.9806236634715821,0.038705305108768524,0.0
1995-05-23,0.003434220468218869,1.0426948155547935,0.0
1995-05-24,0.006968039633683364,2.035693349194454,0.0
1995-05-25,0.9999985880146307,4.255761023832544e-06,0.0
1995-05-26,0.8957631450655672,0.10424847204502136,0.0
1995-05-29,0.7867007224007081,0.21596189581469308,0.0
1995-05-30,0.6985085094395206,0.35622144999745836,0.0
1995-05-31,0.9975898214969169,0.0036381096152680796,0.0
1995-06-01,0.12588929697093673,0.8978418644347581,0.0
1995-06-02,0.9526229506690601,0.09369315906787931,0.0
1995-06-05,0.12699063192826304,0.9192542716029304,0.0
1995-06-06,0.15151098835684956,1.6544384468850222,0.0
1995-06-07,0.007140452664189858,2.101693614650974,0.0
1995-06-08,0.01348695411886132,2.6032896367086176,0.0
1995-06-09,0.9888119540535606,0.03783210222899353,0.0
1995-06-12,0.1338829218097416,0.9506503021244556,0.0
1995-06-13,0.33167049258521625,1.2901287912038861,0.0
1995-06-14,0.10753866454838353,2.2104386817257726,0.0
1995-06-15,0.9982507179944959,0.006143180003034976,0.0
1995-06-16,0.9351229405482695,0.0652615585279997,0.0
1995-06-19,0.3962497023923393,0.6172604694547548,0.0
1995-06-20,0.8903445823277585,0.21629802807531334,0.0
1995-06-21,0.8880375041664286,0.13477002119497766,0.0
1995-06-22,0.044107710329101185,0.9877592494372387,0.0
1995-06-23,1.0,0.0,0.0
1995-06-26,0.2756586658992169,0.7243413341007832,0.0
1995-06-27,0.9999919087046656,8.141622529636236e-06,0.0
1995-06-28,0.012360907796483314,0.9892542454150112,0.0
1995-06-29,0.979030317085855,0.041418530721778264,0.0
1995-06-30,0.014122490091779197,1.0213308684305364,0.0
1995-07-03,0.8861380945169791,0.23576087313203373,0.0
1995-07-04,0.9327851142287666,0.06948194413534593,0.0
1995-07-05,0.01796674402198436,1.0878565079522022,0.0
1995-07-06,0.9853511047081241,0.03183722332373756,0.0
1995-07-07,0.999999975639001,2.445744891426292e-08,0.0
1995-07-10,0.9999960156101156,3.9843898844052685e-06,0.0
1995-07-11,0.999986030478529,1.3969546173452618e-05,0.0
1995-07-12,0.9984261201983611,0.0015739248316722883,0.0
1995-07-13,0.9889041686030766,0.011098031640979625,0.0
1995-07-14,0.42326939261572744,0.5835694581641238,0.0
1995-07-17,0.9904748605269049,0.018028338358852796,0.0
1995-07-18,0.9996962326101443,0.00030964225691816247,0.0
1995-07-19,0.9940587232399882,0.005946258376946248,0.0
1995-07-20,0.9970455941420092,0.0029619609633304675,0.0
1995-07-21,0.043175586715651956,0.9608398033426223,0.0
1995-07-24,0.9997770644116388,0.00044644456480605045,0.0
1995-07-25,0.99999957547012,4.246435649674243e-07,0.0
1995-07-26,0.9999997580889263,2.419110737626348e-07,0.0
1995-07-27,0.9995766116749668,0.0004233981368267603,0.0
1995-07-28,0.9968299977751072,0.0031700162908393868,0.0
1995-07-31,0.9990422342750968,0.000960408204839007,0.0
1995-08-01,0.9998465615143967,0.00015358449673401735,0.0
1995-08-02,0.9999948559003187,5.147797856301281e-06,0.0
1995-08-03,0.9997911827516035,0.00020881806162701826,0.0
1995-08-04,0.9630189205351983,0.03698307235164283,0.0
1995-08-07,0.8111831619376683,0.19485865479855305,0.0
1995-08-08,0.15869993902673832,0.8792020708277112,0.0
1995-08-09,0.00405571870703341,1.689571300341067,0.0
1995-08-10,0.08535488849046345,2.291806718918224,0.0
1995-08-11,0.0026234399897511556,2.7034347958522984,0.0
1995-08-14,0.0040277084532883345,3.110888815969287,0.0
1995-08-15,0.9999984342778021,7.163943201307959e-06,0.0
1995-08-16,0.9999861383515996,1.3861685243506628e-05,0.0
1995-08-17,0.4570310413601819,0.5429704672829037,0.0
1995-08-18,0.33967324917523006,0.6709172383662145,0.0
1995-08-21,0.46854865329563133,0.9955639296720967,0.0
1995-08-22,0.30521335409472533,1.4132363575619464,0.0
1995-08-23,0.097756747231856,2.2348537918937734,0.0
1995-08-24,0.6741484123934677,1.047864788194412,0.0
1995-08-25,0.02345714398657078,2.4361881802345624,0.0
1995-08-28,0.7150299109724156,0.925442946693924,0.0
1995-08-29,0.5492870259228692,0.7940855304778266,0.0
1995-08-30,0.36362677580581604,1.1067556363533697,0.0
1995-08-31,0.013287024932630401,1.9560358598342016,0.0
1995-09-01,0.0669532418591289,2.67345352167462,0.0
1995-09-04,0.976664653789259,0.08996846398750126,0.0
1995-09-05,0.8124046273860301,0.20328115411278355,0.0
1995-09-06,0.044659425708247553,1.0727815639970102,0.0
1995-09-07,0.013845014263362938,1.9417256266872396,0.0
1995-09-08,0.99999144961074,2.6619404408093985e-05,0.0
1995-09-11,0.6582106344550647,0.34189092539789606,0.0
1995-09-12,0.16349936338901808,0.8476376379691486,0.0
1995-09-13,0.00601011792247749,1.6221139653342032,0.0
1995-09-14,0.002215177561096205,2.2185859857886334,0.0
1995-09-18,0.9993740850760903,0.002099647134473951,0.0
1995-09-19,0.17913200462545154,0.8247030093012525,0.0
1995-09-20,0.9926904013259411,0.014334581170314158,0.0
1995-09-21,0.004154153632200064,1.0054005878997552,0.0
1995-09-22,0.27489062458484165,1.458878247480368,0.0
1995-09-25,0.11885584066311143,1.78164697644244,0.0
1995-09-26,0.9878411262041276,0.02877388921468928,0.0
1995-09-27,0.9526993310449491,0.056696574133306026,0.0
1995-09-28,0.09153064544285319,0.9590194770154274,0.0
1995-09-29,0.04249902304886323,1.5773429085489163,0.0
1995-10-02,0.13172743829408873,1.873124253585187,0.0
1995-10-03,0.9990126622828349,0.002898836771793488,0.0
1995-10-04,0.35899648889146607,0.6468441680434204,0.0
1995-10-05,0.003724158378997566,1.1215219923653594,0.0
1995-10-06,0.9975438517002427,0.0054056138858323225,0.0
1995-10-09,0.9999998362875876,1.642401111120698e-07,0.0
1995-10-11,0.5608273646681624,0.4391732428136273,0.0
1995-10-12,0.003108563883073907,0.9997153415062567,0.0
1995-10-13,0.003867510500328189,1.9728177375834932,0.0
1995-10-16,0.008612724102241745,2.856625101511507,0.0
1995-10-17,0.003978243960979817,3.3882199524537207,0.0
1995-10-18,0.006888534666410144,4.215424653824487,0.0
1995-10-19,0.0022612834622716712,4.818739409105981,0.0
1995-10-20,0.0021102724056246366,5.734664423569898,0.0
1995-10-23,0.002033387055974498,6.746572795935804,0.0
1995-10-24,0.0054498271784151585,7.703180093102535,0.0
1995-10-25,0.002001687996487403,8.77436323481126,0.0
1995-10-26,0.5485068513701126,4.409981422068004,0.0
1995-10-27,0.953331997360949,0.08925371516396884,0.0
1995-10-30,0.0027773333721606243,1.5230901754323234,0.0
1995-10-31,0.1494422551050445,2.548815656629138,0.0
1995-11-01,0.0027492460605142233,6.0871663886837375,0.0
1995-11-02,0.9999999478763312,2.3235988773665678e-07,0.0
1995-11-06,0.7651517494879604,0.23485566198605254,0.0
1995-11-07,0.002599863559945419,0.9978137892496782,0.0
1995-11-08,0.0178215897376336,1.8790016822276305,0.0
1995-11-09,0.9943184666887251,0.017026292198581885,0.0
1995-11-10,0.013913365034244155,1.0104404629559558,0.0
1995-11-13,0.07101170251277565,1.8323139228397205,0.0
1995-11-14,0.004539850882145252,1.8913992820155194,0.0
1995-11-15,0.07591925136921132,2.316005346066735,0.0
1995-11-16,0.9998778271910657,0.0004035638226227525,0.0
1995-11-17,0.04777200306598309,0.9661623446970807,0.0
1995-11-20,0.22745369793180606,1.3056852710307578,0.0
1995-11-21,0.1751235982704437,1.572854464202,0.0
1995-11-22,0.04898726186595317,2.5777069052282706,0.0
1995-11-24,0.005775231137212836,3.675058292478492,0.0
1995-11-27,0.991940292878281,0.0370973025205265,0.0
1995-11-28,0.027722026982331976,1.4499178379858342,0.0
1995-11-29,0.20186904341924747,2.370990492271326,0.0
1995-11-30,0.10555361176266144,2.8689583913110863,0.0
1995-12-01,0.47033706093224614,1.7986724095881401,0.0
1995-12-04,0.3903160978946298,1.9369417621217346,0.0
1995-12-05,0.002269422610898586,3.1373303760106968,0.0
1995-12-06,0.004871381717775928,4.053556051845237,0.0
1995-12-07,0.9889134441676968,0.041659984840890306,0.0
1995-12-08,0.008164285660439164,1.0727023111876026,0.0
1995-12-11,0.0020615912534084017,2.146026343628872,0.0
1995-12-12,0.002006212996611209,2.751671195439982,0.0
1995-12-13,0.0020338228683999694,3.37256631778065,0.0
1995-12-14,0.002185725532793082,4.071176588153628,0.0
1995-12-15,0.0020211479873503057,4.885126106541009,0.0
1995-12-18,0.002000852233285922,5.674402313772967,0.0
1995-12-19,0.002010230691161817,6.498886855643891,0.0
1995-12-20,0.01256388756065714,7.692068231147129,0.0
1995-12-21,0.912486348050861,0.8110694299014903,0.0
1995-12-22,0.0020877008848123263,7.385882963889408,0.0
1995-12-25,0.002002558519657642,11.326296071744153,0.0
1995-12-26,0.002072754438612599,12.183874884608805,0.0
1995-12-27,0.0022839679559974587,13.450063185566716,0.0
1995-12-28,0.0022223777307133416,14.329329022298229,0.0
1995-12-29,0.0020642503840945458,13.960255329046769,0.0
1996-01-04,0.9999999972746774,4.743026432080857e-08,0.0
1996-01-05,0.6476446277732214,0.3523583545879011,0.0
1996-01-08,0.13877253536547476,0.8614069243451125,0.0
1996-01-09,0.36117857241166706,1.194472677319314,0.0
1996-01-10,0.2675063812100064,1.6008247098198842,0.0
1996-01-11,0.2843932185959902,1.8367322994328188,0.0
1996-01-12,0.8788365207385014,0.3193319079126871,0.0
1996-01-16,1.0,0.0,0.0
1996-01-17,0.7001317855479358,0.29986821445206424,0.0
1996-01-18,0.07252838157988988,0.9275100223281337,0.0
1996-01-19,0.9934758503964569,0.012879830061654036,0.0
1996-01-22,0.7324513234017876,0.27251632776738804,0.0
1996-01-23,0.9334871794178325,0.0763876356162938,0.0
1996-01-24,0.9639875829670247,0.03812727999839381,0.0
1996-01-25,0.03651678669522282,1.0023740357832533,0.0
1996-01-26,0.9949216566081928,0.010348749186022585,0.0
1996-01-29,0.010462757440065886,1.0275681229807887,0.0
1996-01-30,0.038282872492994224,1.914919233180167,0.0
1996-01-31,0.51854872513818,1.6022508197303882,0.0
1996-02-01,0.002608316421156167,1.5816525919349536,0.0
1996-02-02,0.002584645292639234,2.1128423756723325,0.0
1996-02-05,0.004094492166053244,2.979185030083026,0.0
1996-02-06,0.002084212748209702,3.8938984179623506,0.0
1996-02-07,0.003389278862789026,4.752285791955878,0.0
1996-02-08,0.0020132783632336106,4.761098720720929,0.0
1996-02-09,0.002584675724696585,4.3837827111394,0.0
1996-02-13,0.002120508349754084,4.312111517373116,0.0
1996-02-14,0.0020078869405665855,5.028915964355938,0.0
1996-02-15,0.0020903292270759394,5.97014813057397,0.0
1996-02-16,0.006354842328284506,6.92059842153784,0.0
1996-02-19,0.0020053669877051704,7.943250535852006,0.0
1996-02-20,0.04776184989828975,8.508783638425447,0.0
1996-02-21,0.1287096320138298,7.545393570322319,0.0
1996-02-22,0.00200136786463066,10.18365849516435,0.0
1996-02-23,0.0025597786806385425,11.423207997149683,0.0
1996-02-26,0.03806172349920604,11.758710543916393,0.0
1996-02-27,0.997341559765951,0.023053555090896134,0.0
1996-02-28,0.008457922148271336,1.2768396484045965,0.0
1996-02-29,0.0020353190342575316,9.175090918711717,0.0
1996-03-01,0.0063410280791656596,10.370458095902855,0.0
1996-03-04,0.0020015546143023646,14.838907880578237,0.0
1996-03-05,0.002310205429548964,16.596468460632927,0.0
1996-03-06,0.07056047031898426,13.359603996519937,0.0
1996-03-07,0.016974776155934432,15.782399572105545,0.0
1996-03-08,0.021568037927824767,12.281910054974757,0.0
1996-03-11,0.009741104153403823,14.644923920335719,0.0
1996-03-12,0.0020113387560677072,18.45182233459146,0.0
1996-03-13,0.0036076483303043604,16.64295628517365,0.0
1996-03-14,0.029679466846980102,18.3632561302933,0.0
1996-03-15,0.008361529600955033,18.44581154146523,0.0
1996-03-18,0.002017166929694601,18.177381056111848,0.0
1996-03-19,0.016335932668883363,17.417283947268157,0.0
1996-03-21,0.6768438042498033,4.6921674986170645,0.0
1996-03-22,0.0022893566664345913,12.93135432711969,0.0
1996-03-25,0.002059906571481197,14.807183242170574,0.0
1996-03-26,0.3229932611360586,10.554257845376332,0.0
1996-03-27,0.045767451912755816,11.083424374874529,0.0
1996-03-28,0.002116335572681168,14.719441815474642,0.0
1996-03-29,0.002019606103333142,17.683136292641013,0.0
1996-04-01,0.0057285742748584495,18.693328427900145,0.0
1996-04-02,0.0020108914402186652,20.779216106735262,0.0
1996-04-03,0.008643427240740128,21.874308265837215,0.0
1996-04-04,0.0020179287694257514,23.192834942734912,0.0
1996-04-05,0.002207731727875304,23.75505993003569,0.0
1996-04-08,0.0036653543391953537,22.960095779746243,0.0
1996-04-09,0.0021599922993642455,25.018955701443616,0.0
1996-04-10,0.002004663142582699,23.051473304287217,0.0
1996-04-11,0.0020047190079019615,19.441532102280767,0.0
1996-04-12,0.0033615248483264497,20.06240207401798,0.0
1996-04-15,0.003071396218816586,19.725358012676466,0.0
1996-04-16,0.014401205030123066,23.266633305840585,0.0
1996-04-17,0.0023117309723065574,26.056656416748766,0.0
1996-04-18,0.0020318063576119554,27.826793681835145,0.0
1996-04-19,0.00397906775063399,32.21994302605604,0.0
1996-04-22,0.020549350981867675,34.34721631868091,0.0
1996-04-23,0.0020049585385646723,35.774982446896516,0.0
1996-04-24,0.002005693825605842,33.984761498868124,0.0
1996-04-25,0.002000459883186396,28.59649613058425,0.0
1996-04-26,0.002022319188808737,25.21500949525735,0.0
1996-04-30,0.0020523874788771516,26.577129980079196,0.0
1996-05-01,0.003597843019138616,32.70251193165161,0.0
1996-05-02,0.004403998163321021,39.50333414145372,0.0
1996-05-07,0.0020007102708726725,33.31847957160214,0.0
1996-05-08,0.025121043785560498,38.1771982817666,0.0
1996-05-09,0.6393400178595882,16.67766236423074,0.0
1996-05-10,0.0021019235555319402,47.72534863466416,0.0
1996-05-13,0.9827085993036477,0.7925146153757769,0.0
1996-05-14,0.002007881459428413,23.161116760075494,0.0
1996-05-15,1.0,0.0,0.0
1996-05-16,0.016209957012882293,0.9837900429871178,0.0
1996-05-17,0.2653578284149207,0.7402012919718228,0.0
1996-05-20,0.9996537222296745,0.0004678996934969407,0.0
1996-05-21,0.8000187990312847,0.20017854965498263,0.0
1996-05-22,0.9398673852295402,0.06573885025153366,0.0
1996-05-23,0.9554405565064698,0.04638392734101543,0.0
1996-05-24,0.07265852260234386,0.9804986529905224,0.0
1996-05-27,0.9081801106627913,0.18743900779131828,0.0
1996-05-28,0.09181327954961076,1.0376675920583467,0.0
1996-05-29,0.12956972302919909,1.699107295210774,0.0
1996-05-30,0.002114235082333376,2.054218659000574,0.0
1996-05-31,0.006605156424573847,2.858433603850919,0.0
1996-06-03,1.0,0.0,0.0
1996-06-04,0.9984643271046174,0.0015356728953827004,0.0
1996-06-05,0.040452902121788946,0.9595481062513512,0.0
1996-06-06,0.17183100970301907,1.0372539437569805,0.0
1996-06-07,0.003846528249554375,1.9109342134273604,0.0
1996-06-10,0.004511509273830765,2.925531985902849,0.0
1996-06-11,0.3160611145513932,2.691380385132796,0.0
1996-06-12,0.7185513749787662,1.3068358859629454,0.0
1996-06-13,0.002439711322503275,3.3515616367230474,0.0
1996-06-14,0.3428414493868824,3.6473248134910428,0.0
1996-06-17,0.26708763403906394,2.158802687674935,0.0
1996-06-18,0.002235753212012286,4.881867519410361,0.0
1996-06-19,0.08259377725906983,3.241638936810177,0.0
1996-06-20,0.6556142334431215,1.1964533237227974,0.0
1996-06-21,0.002552160328643937,2.60782202458003,0.0
1996-06-24,0.0025111566903408015,4.046529469580778,0.0
1996-06-25,0.0020251637379574083,5.537864404300054,0.0
1996-06-26,0.002139586846689516,5.884200380181507,0.0
1996-06-27,0.0021751505699081223,5.4564743319039435,0.0
1996-06-28,0.002038507244148955,5.490395797852638,0.0
1996-07-01,0.0023309777738496984,6.12148582253422,0.0
1996-07-02,0.002023408406504492,6.933053439389491,0.0
1996-07-03,0.002009134229259752,7.884059035479115,0.0
1996-07-04,0.002016269577302992,8.836769714691497,0.0
1996-07-05,0.0021070494553368673,9.766908167402814,0.0
1996-07-08,0.005406076153205731,10.735153013451235,0.0
1996-07-09,0.0020011994940355364,11.642174948452823,0.0
1996-07-10,0.0026521011460118047,12.654214087133505,0.0
1996-07-11,0.0020112861226584044,13.646121245868255,0.0
1996-07-12,0.002084457154351179,14.600465742393299,0.0
1996-07-15,0.0020192125959121164,15.424130086079543,0.0
1996-07-16,0.0021924884322179427,15.954009785281343,0.0
1996-07-17,0.002690841026079286,15.736120368620389,0.0
1996-07-18,0.0021647337409615255,15.650486783794431,0.0
1996-07-19,0.0020161293752076126,13.230802420033648,0.0
1996-07-22,0.9949724401604023,0.06015230734606122,0.0
1996-07-23,0.05647776604594853,1.123319750135918,0.0
1996-07-24,0.9999999998297178,3.3950986865804787e-10,0.0
1996-07-25,0.09315751053631499,0.9068425362610273,0.0
1996-07-26,0.01417554808596578,0.9869667912767891,0.0
1996-07-29,0.46099208408084813,1.0744448750014486,0.0
1996-07-30,0.0029650939702925067,2.265815932262533,0.0
1996-07-31,0.025800908573248384,3.329286143287868,0.0
1996-08-01,0.9949168110889854,0.021524261838038947,0.0
1996-08-02,0.1019043114279405,1.09452722232124,0.0
1996-08-05,0.02035554414231004,1.5132438196898153,0.0
1996-08-06,0.9999991384610981,1.8249577539651594e-06,0.0
1996-08-07,0.2936185131618303,0.7100521784591285,0.0
1996-08-08,0.051066159192220614,1.1003887788831883,0.0
1996-08-09,0.0514592709479752,2.031266531969155,0.0
1996-08-12,0.021567076199650637,3.0107941489936114,0.0
1996-08-13,0.999130065249293,0.003136715929396877,0.0
1996-08-14,0.2077157968515002,0.9036698976679989,0.0
1996-08-15,0.0055752681460946585,1.8929758463877517,0.0
1996-08-16,0.16221000885164868,2.989515905361292,0.0
1996-08-19,0.5847139875498055,1.9037051264617681,0.0
1996-08-20,0.037337950816031716,2.530616636167176,0.0
1996-08-21,0.002927433942033674,4.206940950587661,0.0
1996-08-22,0.0022957123378133416,6.1674766699947385,0.0
1996-08-23,0.0024901313483523422,7.158481125890686,0.0
1996-08-26,0.99999934037343,4.104273437398166e-06,0.0
1996-08-27,0.0022956365431434666,1.0003730976366174,0.0
1996-08-28,0.011601007493315548,1.8367478874264578,0.0
1996-08-29,0.0020218840922958535,2.191929551257629,0.0
1996-08-30,0.004610901373407269,3.1164932399050995,0.0
1996-09-02,0.0020002285245531246,4.007892054460381,0.0
1996-09-03,0.010199609146255829,4.946608293580803,0.0
1996-09-04,0.0022355041503492796,5.9549356306809695,0.0
1996-09-05,0.0020391331683301942,6.908601153674265,0.0
1996-09-06,0.0038985827597841347,7.885194556543909,0.0
1996-09-09,0.0020996545527084847,8.829972541231616,0.0
1996-09-10,0.9999981437883015,1.7820818696389764e-05,0.0
1996-09-11,0.0020173082769052624,1.0312075542427193,0.0
1996-09-12,0.002001165004123089,5.994520771261823,0.0
1996-09-13,0.4186626218391757,5.560053462643722,0.0
1996-09-17,0.32483912415486366,1.9091000919843353,0.0
1996-09-18,0.0020214771007717454,8.97548703647744,0.0
1996-09-19,0.02577896608519362,7.979218312801862,0.0
1996-09-20,0.01271281819955004,12.272577692359448,0.0
1996-09-24,0.002035017303035869,16.50568001076159,0.0
1996-09-25,0.7809848301686381,3.6516989259014765,0.0
1996-09-26,0.002104463940631472,17.45922612937664,0.0
1996-09-27,0.0020210898709262497,19.99712098261393,0.0
1996-09-30,0.002000618782966733,21.155074808994126,0.0
1996-10-01,0.0020120221152850107,22.162619080504335,0.0
1996-10-02,0.0020233425339573237,17.355159553436366,0.0
1996-10-03,0.38785739815234493,14.732258947855449,0.0
1996-10-04,0.0034205405180779045,16.541185853958417,0.0
1996-10-07,0.029428270350534073,14.468736361623762,0.0
1996-10-08,0.013566963124060399,14.281130808970644,0.0
1996-10-09,0.0021106524542954357,17.43967028634604,0.0
1996-10-11,0.003683314713696964,18.93985842845396,0.0
1996-10-14,0.0026468660187308896,20.166720532060385,0.0
1996-10-15,0.9472378274121659,0.7370272124282005,0.0
1996-10-16,0.0020851607876947115,5.095267535622694,0.0
1996-10-17,0.0020174492813309418,12.401000430030475,0.0
1996-10-18,0.040926500864506894,17.844698981230284,0.0
1996-10-21,0.9999997670439218,2.719356242315043e-06,0.0
1996-10-22,0.0022019567672904726,1.002816014996753,0.0
1996-10-23,0.6905453485029566,0.7196906830863236,0.0
1996-10-24,0.02517241846641907,1.3501715493488078,0.0
1996-10-25,0.01185705360159869,2.7173317375611132,0.0
1996-10-28,0.011936634915309207,4.097762776006051,0.0
1996-10-29,0.00237937978909831,5.167464508710243,0.0
1996-10-30,0.8759770273023598,0.6768088148554333,0.0
1996-10-31,0.020564549035901537,1.8337663505596007,0.0
1996-11-01,0.004992651346948847,3.081474039193558,0.0
1996-11-05,0.0021580485059145733,6.0945471084949805,0.0
1996-11-06,0.32359151562161187,3.6717811806385225,0.0
1996-11-07,0.9413439605188341,0.23142809634028977,0.0
1996-11-08,0.9999928589081755,8.590348402582537e-06,0.0
1996-11-11,0.011321665077136037,0.9889824086854595,0.0
1996-11-12,0.002098775839973118,1.1341286766694,0.0
1996-11-13,0.20472790493719936,1.5934002293270602,0.0
1996-11-14,0.00370005822432826,2.754824926749329,0.0
1996-11-15,0.009918344896196815,3.769748423317845,0.0
1996-11-18,0.0036843597717370878,4.856789496652472,0.0
1996-11-19,0.004585655781178091,5.882884647245998,0.0
1996-11-20,0.02077402662951536,6.7333867125485245,0.0
1996-11-21,0.00589156943345598,7.756277655898148,0.0
1996-11-22,0.0026627338456067674,8.785038603189294,0.0
1996-11-25,0.0023063239964956194,9.726505780722144,0.0
1996-11-26,0.003972211735381817,10.689675791609128,0.0
1996-11-27,0.002400112017882724,11.513160538960657,0.0
1996-11-28,0.05997864774019995,11.280508083827314,0.0
1996-11-29,0.0022697509511347964,11.76342025042215,0.0
1996-12-02,0.9937766073581566,0.05949847877238604,0.0
1996-12-03,0.01071752074895263,1.4318941671569743,0.0
1996-12-04,0.00220056562270978,8.537435645232218,0.0
1996-12-05,0.22189558525425196,4.457528897926233,0.0
1996-12-06,0.9999974714577478,1.0944323092909742e-05,0.0
1996-12-09,0.017706820747323188,0.9830433067793273,0.0
1996-12-10,0.003745073941336792,1.2304278244556681,0.0
1996-12-11,0.01326161362911611,2.006851319975655,0.0
1996-12-12,0.08335328521199117,2.7567792925667334,0.0
1996-12-13,0.9997874045147812,0.0007919988536999266,0.0
1996-12-16,0.1940695373022294,0.8186515096062393,0.0
1996-12-17,0.25505277269427595,0.9812748656711465,0.0
1996-12-18,0.9987493496847109,0.0022938975610507684,0.0
1996-12-19,0.9999989094711969,1.0909174554469917e-06,0.0
1996-12-20,0.5367844264004047,0.4632205532831626,0.0
1996-12-24,1.0,0.0,0.0
1996-12-25,0.9999999692840548,3.0715945231740704e-08,0.0
1996-12-26,0.99999989336857,1.0663142997934203e-07,0.0
1996-12-27,0.9918259297144894,0.008174070360263071,0.0
1996-12-30,0.9998940542906063,0.00010606017642320379,0.0
1997-01-06,0.9721690585995832,0.027836911851460613,0.0
1997-01-07,1.0,0.0,0.0
1997-01-08,0.9985629862878628,0.001437013712137225,0.0
1997-01-09,0.9999995150542407,4.849457593247983e-07,0.0
1997-01-10,0.9999999970108814,2.9891186339978677e-09,0.0
1997-01-13,0.9999999994475143,5.524857237795408e-10,0.0
1997-01-14,0.9999999977524265,2.2475734580289465e-09,0.0
1997-01-16,0.9997555462943389,0.0002444537056610645,0.0
1997-01-17,0.9999937392814701,6.2618013279674965e-06,0.0
1997-01-20,0.9999998881412421,1.1185875796182938e-07,0.0
1997-01-21,0.9980235246888062,0.001976477650459881,0.0
1997-01-22,0.9999999532210391,4.6926509086487384e-08,0.0
1997-01-23,0.979153972612249,0.020846070098199224,0.0
1997-01-24,0.9888639714778273,0.011148139846139651,0.0
1997-01-27,0.9997795498464415,0.0002230479887723646,0.0
1997-01-28,0.999996566406269,3.4339410138936836e-06,0.0
1997-01-29,0.9999692107618422,3.078925535970398e-05,0.0
1997-01-30,0.9998154027293865,0.00018460275714349785,0.0
1997-01-31,0.9996391640003648,0.0003609081756126298,0.0
1997-02-03,0.999972256738983,2.7778361804942537e-05,0.0
1997-02-04,0.9998541063067091,0.00014736916605414592,0.0
1997-02-05,0.9993757024455131,0.0006242986449106342,0.0
1997-02-06,0.9779485506613249,0.02206343399902698,0.0
1997-02-07,0.9962113466327487,0.003865744583313566,0.0
1997-02-10,0.9882419101400941,0.011811763036538815,0.0
1997-02-11,0.9994930821820199,0.0005153975416077822,0.0
1997-02-12,0.7382493671373873,0.26190424606267615,0.0
1997-02-13,0.1239019635330657,0.9138530441186519,0.0
1997-02-14,0.0649573853423835,1.6925706826187854,0.0
1997-02-17,0.035246584476116644,2.2152268367234185,0.0
1997-02-18,0.9542300234158793,0.13074421173651957,0.0
1997-02-19,0.5134339237960333,1.1325165164767896,0.0
1997-02-20,0.9725375997869768,0.0638851220209709,0.0
1997-02-21,0.038246251690154984,1.0705043840311024,0.0
1997-02-24,0.6535851741143285,0.7637308932072143,0.0
1997-02-25,0.5661661890990589,0.6313913680856231,0.0
1997-02-26,0.16449794966044115,1.2733332355189506,0.0
1997-02-27,0.005085386603388342,2.148832657677085,0.0
1997-02-28,0.9999969956354214,1.0052964013377976e-05,0.0
1997-03-03,0.002427773448483503,0.9995319968620158,0.0
1997-03-04,0.011394677482427291,1.495653743216074,0.0
1997-03-05,0.9894338433786289,0.0390252880577423,0.0
1997-03-06,0.9555706593577762,0.044897010611728023,0.0
1997-03-07,0.5646038521298927,0.4492633239801605,0.0
1997-03-10,0.29178377224187413,0.9231679079405929,0.0
1997-03-11,0.003987016310342587,1.4179623682729845,0.0
1997-03-12,0.14477268801063903,2.0118075384178193,0.0
1997-03-13,0.3447335440950637,1.887327538527599,0.0
1997-03-14,0.7483348445111295,0.9390446206417652,0.0
1997-03-17,0.005697131716872129,2.6078037747763885,0.0
1997-03-18,0.9866488702438587,0.04595686802650239,0.0
1997-03-19,0.0034684387318256213,1.3108035066607446,0.0
1997-03-21,0.0025229590245927276,4.067594357307263,0.0
1997-03-24,0.999999805950594,7.15071485185825e-07,0.0
1997-03-25,0.9151697762035153,0.0848309034325633,0.0
1997-03-26,0.9894864668763926,0.010563819537580664,0.0
1997-03-27,0.9994440913020655,0.0005627769643070255,0.0
1997-03-28,0.34064915467121293,0.6621515442036878,0.0
1997-03-31,0.9971085138436331,0.005562032991252351,0.0
1997-04-01,0.9999506310229528,4.9483449186522254e-05,0.0
1997-04-02,0.9445873134232373,0.05541952690138869,0.0
1997-04-03,0.021020783418585383,0.9842158860275638,0.0
1997-04-04,0.9500406478725576,0.09984318481746995,0.0
1997-04-07,0.47745471822130225,0.5756012088736011,0.0
1997-04-08,0.8369137631819661,0.25497976853147414,0.0
1997-04-09,0.9963625351140055,0.0053044901038126506,0.0
1997-04-10,0.929085349280071,0.0836027454195774,0.0
1997-04-11,0.9955634108128144,0.004827071873836959,0.0
1997-04-14,0.15163884386571733,0.8509791255562933,0.0
1997-04-15,0.13239366562975124,1.361731320320669,0.0
1997-04-16,0.0033977232111490866,1.825916997414994,0.0
1997-04-17,0.006505699868809655,2.4891431519251013,0.0
1997-04-18,0.9174412376472311,0.29673331822215626,0.0
1997-04-21,0.9938455921860754,0.006613480575084807,0.0
1997-04-22,0.9684534679495626,0.04851839009574227,0.0
1997-04-23,0.38722132725893155,0.63743592253504,0.0
1997-04-24,0.9974825191068312,0.004769169135143363,0.0
1997-04-25,0.9459102553448587,0.05432396237811413,0.0
1997-04-28,0.0070578786364627255,1.0283186245883051,0.0
1997-04-30,0.9995223385837738,0.0009735187931217561,0.0
1997-05-01,0.9972090062928438,0.0027942954693923054,0.0
1997-05-02,0.9862673387540969,0.013766544910051455,0.0
1997-05-06,0.9999975839050875,2.465975489982494e-06,0.0
1997-05-07,0.3133093013635978,0.6867442513442849,0.0
1997-05-08,0.3377453535223566,0.6823612709742146,0.0
1997-05-09,0.9858180495338547,0.024533164348231044,0.0
1997-05-12,0.9998327301862208,0.0001680081136884582,0.0
1997-05-13,0.9895731405062616,0.010435128072201419,0.0
1997-05-14,0.048622261256947595,0.9523933756021246,0.0
1997-05-15,0.9364930632310922,0.12602796268391386,0.0
1997-05-16,0.9918549062721009,0.008819589719497926,0.0
1997-05-19,0.3684942575865925,0.7379219741460652,0.0
1997-05-20,0.12123467115844813,1.0728475257337722,0.0
1997-05-21,0.9995614709867796,0.0009453626716567287,0.0
1997-05-22,0.014086758498993915,0.9910235322093736,0.0
1997-05-23,0.0021799004730065187,1.6990541454691674,0.0
1997-05-26,0.007323840343617445,2.112142496875908,0.0
1997-05-27,0.12051205368266689,2.7819333218452007,0.0
1997-05-28,1.0,0.0,0.0
1997-05-29,0.43390450855515406,0.5660954914448459,0.0
1997-05-30,0.4545182975417457,0.545505802375802,0.0
1997-06-02,0.9934206757678266,0.01065599965478084,0.0
1997-06-03,0.007723325140871195,1.08177792595817,0.0
1997-06-04,0.0033286519718648357,2.3822345120226265,0.0
1997-06-05,0.0022871920853328757,2.928365127294306,0.0
1997-06-06,0.008525953432568956,3.3655262381685507,0.0
1997-06-09,0.8699012963360087,0.65534406594201,0.0
1997-06-10,0.7802143026329006,0.3372821242458358,0.0
1997-06-11,0.02902246819283403,1.3344430980710775,0.0
1997-06-12,0.013457215961355976,2.3376977509584123,0.0
1997-06-13,0.1726886956982497,2.592556775331082,0.0
1997-06-16,0.003182664490815582,4.007506014466121,0.0
1997-06-17,0.002055487146530801,6.207692079431476,0.0
1997-06-18,0.0022603259980309306,8.75512310955324,0.0
1997-06-19,0.0022483858345576247,9.83785534271158,0.0
1997-06-20,0.0035232253978588783,10.7277453337046,0.0
1997-06-23,0.002026577194389981,9.77335095036958,0.0
1997-06-24,0.0052943702160428196,9.13344421677466,0.0
1997-06-25,0.0547134686331194,9.656666735118229,0.0
1997-06-26,0.1587369898279709,9.140066750038734,0.0
1997-06-27,0.0036809024341983264,10.768282545149402,0.0
1997-06-30,0.0022628514383349835,11.777338156464799,0.0
1997-07-01,0.97944371799692,0.207614013242413,0.0
1997-07-02,0.1470076038321707,1.1556034736864982,0.0
1997-07-03,0.004036425014760318,3.139181082977787,0.0
1997-07-04,0.0022540329992060174,6.689870034351323,0.0
1997-07-07,0.03495089635337691,7.137277938192885,0.0
1997-07-08,0.0020196357125193765,11.896911081338152,0.0
1997-07-09,0.9033931764433958,0.9538772824122865,0.0
1997-07-10,0.003923101594810253,9.138341837125948,0.0
1997-07-11,0.027166667858371657,12.527566664075524,0.0
1997-07-14,0.666355403369251,3.9979328688811915,0.0
1997-07-15,0.005661837541129756,6.81547200229089,0.0
1997-07-16,0.002879377868557663,12.322264740600833,0.0
1997-07-17,0.0029396867483011554,15.394460482345734,0.0
1997-07-18,0.0030873982394000713,16.06180793402952,0.0
1997-07-22,0.0021709938236604115,18.119482879466503,0.0
1997-07-23,0.004853636104111302,15.714576733739431,0.0
1997-07-24,0.047021031706655315,18.140122215180792,0.0
1997-07-25,0.0020176849794282157,22.802051117403657,0.0
1997-07-28,0.016011309687386236,24.577042031284286,0.0
1997-07-29,0.8679809257496779,3.355229882189723,0.0
1997-07-30,0.5384879019246743,1.4923697510796907,0.0
1997-07-31,0.8975063793740592,0.2031001108557727,0.0
1997-08-01,0.9999993557699796,7.227945913047587e-07,0.0
1997-08-04,0.9995111798201473,0.0004888207274617281,0.0
1997-08-05,0.998363134809828,0.0016369290258880051,0.0
1997-08-06,0.9999947301636017,5.283211958793132e-06,0.0
1997-08-07,0.9987817127905976,0.0012182984812530984,0.0
1997-08-08,0.9990910469012998,0.0009095502382996917,0.0
1997-08-11,0.9999999423805472,5.7657484108957336e-08,0.0
1997-08-12,0.9986034295787931,0.0013965711797473263,0.0
1997-08-13,0.999691666284128,0.00030838380183174165,0.0
1997-08-14,0.9562120204312229,0.04380750934714191,0.0
1997-08-15,0.9889123332597378,0.011376337980920477,0.0
1997-08-18,0.9998142936404729,0.0001938037038248168,0.0
1997-08-19,0.9999665389770892,3.3461399214658086e-05,0.0
1997-08-20,0.9999911944041987,8.806682693504616e-06,0.0
1997-08-21,0.9986510587277896,0.001348952107295757,0.0
1997-08-22,0.9997845442825388,0.0002159932090340453,0.0
1997-08-25,0.0048675901571010845,0.9953506408056182,0.0
1997-08-26,0.004698768664283996,1.9398291268351908,0.0
1997-08-27,0.99654581768303,0.009311180338913599,0.0
1997-08-28,0.0022548357406362734,1.151454479037804,0.0
1997-08-29,0.3136754629045336,1.927791476964722,0.0
1997-09-01,0.00824124709618158,2.212150643963664,0.0
1997-09-02,0.0026156224104691554,3.6769064773056046,0.0
1997-09-03,0.9958849709195556,0.01628366666238762,0.0
1997-09-04,0.002003574415869438,2.1099591841452994,0.0
1997-09-05,0.005802612845583818,6.9736751029777375,0.0
1997-09-08,0.0046304417689622,8.734750859922606,0.0
1997-09-09,0.0038069030946925684,9.855066932905867,0.0
1997-09-10,0.0021594285198496747,11.04438676750482,0.0
1997-09-11,0.5018033731427688,6.02241734833682,0.0
1997-09-12,0.37819934453606713,1.6816488576650492,0.0
1997-09-16,0.006104266968130161,5.844736186938818,0.0
1997-09-17,0.9967675608364454,0.0094700908467169,0.0
1997-09-18,0.7281425495164334,0.29217222362747064,0.0
1997-09-19,0.6629099972384349,0.36395902638324773,0.0
1997-09-22,0.5195344786991369,0.6306122035555736,0.0
1997-09-24,0.054913939120554964,1.4728790779037337,0.0
1997-09-25,0.08477938630008341,2.2674538970095566,0.0
1997-09-26,0.8358380161320539,0.5602736648055153,0.0
1997-09-29,0.997913569431842,0.00292749418840656,0.0
1997-09-30,0.04642575482580406,0.96380480876053,0.0
1997-10-01,0.9876982592928113,0.024624407968415946,0.0
1997-10-02,0.9999951793163748,5.118489357040409e-06,0.0
1997-10-03,0.18591113992758412,0.8141734778674184,0.0
1997-10-06,0.5399873847973647,0.5613966298336193,0.0
1997-10-07,0.9791386256752177,0.03626000945556568,0.0
1997-10-08,0.006672337546875977,1.1594142502927864,0.0
1997-10-09,0.4953347513070394,1.0446600572736366,0.0
1997-10-13,0.002248546937984286,1.8387798816615746,0.0
1997-10-14,0.943715202340366,0.1692798110441696,0.0
1997-10-15,0.050854990617928336,1.2408162229157353,0.0
1997-10-16,0.9867291289758803,0.0273113773182156,0.0
1997-10-17,0.010603007431996334,1.0501253260709884,0.0
1997-10-20,0.005079676460141356,1.98513527367923,0.0
1997-10-21,0.6942582884122692,0.9921428152214343,0.0
1997-10-22,0.9999999453894606,8.024612284359866e-08,0.0
1997-10-23,0.9998236483835918,0.00017635173285245772,0.0
1997-10-24,0.9995900337370245,0.00040996662064185697,0.0
1997-10-27,0.7556220311254088,0.2444501712601445,0.0
1997-10-28,0.9999999683996171,5.7986182181686045e-08,0.0
1997-10-29,0.9999963084720634,3.6915279365260374e-06,0.0
1997-10-30,0.9999977546891092,2.24531402897134e-06,0.0
1997-10-31,0.9999807019610616,1.929807753598739e-05,0.0
1997-11-04,0.9719113851723424,0.028089313939959257,0.0
1997-11-05,0.9971138229349056,0.002893910706591989,0.0
1997-11-06,0.8245094749169223,0.17642089911143957,0.0
1997-11-07,0.9999999999988336,2.332795287380945e-12,0.0
1997-11-10,0.9995015192833324,0.0004984807166675679,0.0
1997-11-11,0.7295162369081993,0.2704838237763628,0.0
1997-11-12,0.999436732778557,0.0010380643169800774,0.0
1997-11-13,0.9998686241984294,0.00013144277147876182,0.0
1997-11-14,0.976046859934621,0.02395785689996109,0.0
1997-11-17,0.9999999999190987,9.8583404879781e-11,0.0
1997-11-18,0.9999992770203455,7.229796544265286e-07,0.0
1997-11-19,0.9999999730045853,2.699541468791643e-08,0.0
1997-11-20,0.9999868985869692,1.3101414572005496e-05,0.0
1997-11-21,0.9980129055673975,0.00198710570376726,0.0
1997-11-25,0.9999999907722342,9.340571467729078e-09,0.0
1997-11-26,0.9999948073745986,5.192625401424793e-06,0.0
1997-11-27,0.9999999726380608,2.736193916201566e-08,0.0
1997-11-28,0.9638493554869931,0.03615065422996979,0.0
1997-12-01,0.9999973117334262,2.775761460459548e-06,0.0
1997-12-02,0.9819321883966102,0.018069560988725045,0.0
1997-12-03,0.999999999985721,1.427899266301488e-11,0.0
1997-12-04,0.9999083946688775,9.160533112243973e-05,0.0
1997-12-05,0.9998035671749197,0.0001964328566448189,0.0
1997-12-08,0.9999709844357832,2.9027512387190387e-05,0.0
1997-12-09,0.9999998768990647,1.231009352808699e-07,0.0
1997-12-10,0.995552043777372,0.004447961124512389,0.0
1997-12-11,0.9999990605579542,9.703717434172016e-07,0.0
1997-12-12,0.9999004132674432,9.958729036302469e-05,0.0
1997-12-15,0.9999352369961938,6.476641487662833e-05,0.0
1997-12-16,0.9995654572189769,0.0004345687547440014,0.0
1997-12-17,0.9999998904477171,1.0958024544225387e-07,0.0
1997-12-18,0.996776068703847,0.0032239618005007646,0.0
1997-12-19,0.9999999869888844,1.4120586632444993e-08,0.0
1997-12-22,0.999996727900167,3.272099832981443e-06,0.0
1997-12-24,0.9981098110043971,0.0018901905663032605,0.0
1997-12-25,0.9999999419033672,6.02097872542442e-08,0.0
1997-12-26,0.9999999873005444,1.269945560544356e-08,0.0
1997-12-29,0.9999985507166758,1.4492833242911372e-06,0.0
1997-12-30,1.0,0.0,0.0
1998-01-05,0.9999950327322322,4.967267767774786e-06,0.0
1998-01-06,0.9985226672844001,0.0014773327175892905,0.0
1998-01-07,0.28907258718502266,0.7111911612038947,0.0
1998-01-08,0.9999999530743366,9.332288680673434e-08,0.0
1998-01-09,0.9990393157897903,0.0009606852270388133,0.0
1998-01-12,0.9882418828248039,0.011758513529392766,0.0
1998-01-13,0.9996382155392438,0.00037284625377779037,0.0
1998-01-14,0.9995973128559867,0.0004035529308856429,0.0
1998-01-16,1.0,0.0,0.0
1998-01-19,0.9992456629009068,0.0007543370990932275,0.0
1998-01-20,0.9981900580898668,0.0018099422036062704,0.0
1998-01-21,0.9890901854681936,0.010947042980884737,0.0
1998-01-22,0.9800015178701605,0.020310658201284613,0.0
1998-01-23,0.9999999997712093,2.3139660793102974e-10,0.0
1998-01-26,0.9995868301858207,0.00041316982590605455,0.0
1998-01-27,0.26701325792988756,0.73298812756776,0.0
1998-01-28,0.9863585350796157,0.02273830687532124,0.0
1998-01-29,0.15528666311570435,0.8534235867064497,0.0
1998-01-30,1.0,0.0,0.0
1998-02-02,0.16832760852773618,0.8316723914722638,0.0
1998-02-03,0.09681670072809978,0.903318336337239,0.0
1998-02-04,0.2627034845627844,1.4069769586498055,0.0
1998-02-05,0.9773233582443246,0.055446174415970564,0.0
1998-02-06,0.015288303057821879,1.2168601222680202,0.0
1998-02-09,0.0028908264375411045,2.9434865483782704,0.0
1998-02-10,0.003380844427060904,2.4851160649340884,0.0
1998-02-12,0.9691409742642401,0.11209819732839196,0.0
1998-02-13,0.9999401586469634,6.10185207115486e-05,0.0
1998-02-16,0.9874923917015369,0.012512028098617376,0.0
1998-02-17,0.4866857863491249,0.5147189368349988,0.0
1998-02-18,0.09833240310963577,1.0849893507740977,0.0
1998-02-19,0.9902816858053647,0.01903983587011665,0.0
1998-02-20,0.45891763602718144,0.5518487002036631,0.0
1998-02-23,0.13096420944381026,1.4092865752257007,0.0
1998-02-24,0.9999999890734969,3.166041155187103e-08,0.0
1998-02-25,0.9999163265195433,8.367349139432601e-05,0.0
1998-02-26,0.9450346654804092,0.0549654673239759,0.0
1998-02-27,0.9994182089059097,0.0005867087575055558,0.0
1998-03-02,0.9999999608291694,3.9172652104789924e-08,0.0
1998-03-03,0.9392929359726808,0.060707129133543695,0.0
1998-03-04,0.5529099477210141,0.44720748890416345,0.0
1998-03-05,0.9999964322842346,4.493643588528596e-06,0.0
1998-03-06,0.9994656126805465,0.000535635135374261,0.0
1998-03-09,0.9997704775915727,0.00022952260258896572,0.0
1998-03-10,0.5343893381502618,0.46598467507139024,0.0
1998-03-11,0.9999045874324036,9.814791024276199e-05,0.0
1998-03-12,0.9717253619047717,0.02827525766123975,0.0
1998-03-13,0.9999997877428622,2.1561464551441105e-07,0.0
1998-03-16,0.9672587372819661,0.03274127101785414,0.0
1998-03-17,0.5205551086251844,0.47962920224802774,0.0
1998-03-18,0.9999930224027777,1.2541508303575136e-05,0.0
1998-03-19,0.9217401699571285,0.07827454028571748,0.0
1998-03-20,0.9997992819357725,0.0002801980013310072,0.0
1998-03-23,0.9978974242061981,0.0021033090974631858,0.0
1998-03-24,0.1559159997679453,0.8443045991183784,0.0
1998-03-25,0.9964376320200296,0.006835732821394724,0.0
1998-03-26,0.9869475859941506,0.013064107390454752,0.0
1998-03-27,0.8776984792207416,0.12381246753045781,0.0
1998-03-30,0.9999999252237269,9.77123691812213e-08,0.0
1998-03-31,0.9991652027753675,0.0008347976342102672,0.0
1998-04-01,0.9811730658131675,0.01882748007925779,0.0
1998-04-02,0.9999999538121691,4.9651548647076786e-08,0.0
1998-04-03,0.9999446563363646,5.534366478026649e-05,0.0
1998-04-06,0.98086751906823,0.019132653846375112,0.0
1998-04-07,0.9999894802451802,1.0839163467207304e-05,0.0
1998-04-08,0.9999577866083804,4.221354511321014e-05,0.0
1998-04-09,0.9874250435473525,0.0125753540005286,0.0
1998-04-10,0.9372231505552017,0.06294225862922564,0.0
1998-04-13,0.2764293493296207,0.7366018833625934,0.0
1998-04-14,0.42867765751934706,0.9474250055452025,0.0
1998-04-15,0.09383413838698916,1.4422200736041495,0.0
1998-04-16,0.9999999820355094,5.197248161404045e-08,0.0
1998-04-17,0.9996275872508928,0.00037241278173472407,0.0
1998-04-20,0.5518830796441255,0.44812514087347827,0.0
1998-04-21,0.9997808208651434,0.0004285819213570154,0.0
1998-04-22,0.9957873371673588,0.004214362851883726,0.0
1998-04-23,0.9803862491715085,0.019645111147714802,0.0
1998-04-24,0.9986540322491269,0.0013792645223539071,0.0
1998-04-27,0.9999999993308164,6.702842040587935e-10,0.0
1998-04-28,0.8439812504424621,0.1560188404460997,0.0
1998-04-30,0.9722184647866459,0.02945447510597778,0.0
1998-05-01,0.9186047917562408,0.08902342654329196,0.0
1998-05-06,0.9719491609206347,0.029503006007938853,0.0
1998-05-07,0.2973418342233179,0.7599435570806135,0.0
1998-05-08,0.09874096434893,1.231706236508787,0.0
1998-05-11,0.10960277872746257,1.8395438629849468,0.0
1998-05-12,0.9935209969308015,0.01839291706988709,0.0
1998-05-13,0.16833395743143875,0.9401202405674646,0.0
1998-05-14,0.20595677544446847,1.409164741057591,0.0
1998-05-15,0.32218511405266526,1.488803882217459,0.0
1998-05-18,0.9803445452026673,0.043316329185451335,0.0
1998-05-19,0.026758367405015523,1.0369932258076993,0.0
1998-05-20,0.005564812443310299,2.1511673826765345,0.0
1998-05-21,0.0033948769899051737,2.9434662449758586,0.0
1998-05-22,0.002108439648403559,3.3817033844111943,0.0
1998-05-25,0.0020012190475755375,4.465679278223528,0.0
1998-05-26,0.002098133561179507,5.685570975847187,0.0
1998-05-27,0.052664702538171494,6.485532340901131,0.0
1998-05-28,0.07800247752818025,6.660328471870736,0.0
1998-05-29,0.0032888478641269563,7.742376181946158,0.0
1998-06-01,0.999741586127805,0.0022898303277052515,0.0
1998-06-02,0.021875371653653365,1.0379552046003948,0.0
1998-06-03,0.01945239786562299,2.6200993125194465,0.0
1998-06-04,0.01997137910701471,4.207718779480333,0.0
1998-06-05,0.0025991488672539895,4.326691101899923,0.0
1998-06-08,0.0023958628383136814,4.569625079931485,0.0
1998-06-09,0.9999364766879792,0.00034078102908647484,0.0
1998-06-10,0.051701394909774205,1.0057308036460737,0.0
1998-06-11,0.9989824367459047,0.00203013990921688,0.0
1998-06-12,0.6362580132019519,0.36393397609983763,0.0
1998-06-15,0.004377545431418475,1.0465744804809018,0.0
1998-06-16,0.7005212165830998,0.599188002441626,0.0
1998-06-17,0.1115027989092595,1.4831371392950685,0.0
1998-06-18,0.9999992497616601,1.9568888719764518e-06,0.0
1998-06-19,0.020748034613414255,0.9793410667535346,0.0
1998-06-22,0.09180798374929741,0.9970720483773865,0.0
1998-06-23,0.9851384110876262,0.03497147286044867,0.0
1998-06-24,0.026369139626089114,0.9848431570367715,0.0
1998-06-25,0.002218080818673515,1.91248159017062,0.0
1998-06-26,0.09960703791766111,2.100417961193179,0.0
1998-06-29,0.002568694506593475,2.8747484182609897,0.0
1998-06-30,0.9999738169883896,0.00010964557783317023,0.0
1998-07-01,0.9998849760649147,0.00011534096996369591,0.0
1998-07-02,0.993588227962087,0.006411800173671241,0.0
1998-07-03,0.9973472818547872,0.002664995523694786,0.0
1998-07-06,0.14564712987885822,0.8589460765152799,0.0
1998-07-07,0.10974413205524922,1.184362863469601,0.0
1998-07-08,0.3282851694838562,1.257826473098875,0.0
1998-07-09,0.012346208305006713,2.4667206136960025,0.0
1998-07-10,0.9999664932596438,0.00011463042260377212,0.0
1998-07-13,0.9999960058920349,3.9941079652059395e-06,0.0
1998-07-14,0.19365782297413217,0.8063459206943533,0.0
1998-07-15,0.9999967024592878,6.3723370201410666e-06,0.0
1998-07-16,0.9670255655102437,0.03297459927805366,0.0
1998-07-17,0.9999999996567907,3.659978726836352e-10,0.0
1998-07-21,0.993537565459269,0.006462482638262052,0.0
1998-07-22,0.9999481059929928,5.557090819218098e-05,0.0
1998-07-23,0.22119435920499375,0.779197263806929,0.0
1998-07-24,0.9999799919446357,2.4273296206648676e-05,0.0
1998-07-27,1.0,0.0,0.0
1998-07-28,0.8889097455196266,0.11109025448037335,0.0
1998-07-29,0.9921786360632996,0.007821386148282605,0.0
1998-07-30,0.9028514685636094,0.09880933023960134,0.0
1998-07-31,0.3962565506042717,0.6068499242031686,0.0
1998-08-03,0.3463316741764534,1.0908137861040401,0.0
1998-08-04,0.9986157493506433,0.0027160150881407595,0.0
1998-08-05,0.9919793068666158,0.008024365464744783,0.0
1998-08-06,0.9963675553033311,0.0036630569074009678,0.0
1998-08-07,0.9003299695896615,0.0999767382349263,0.0
1998-08-10,0.678082529377704,0.36142438882025646,0.0
1998-08-11,0.7448218565475853,0.44187718968833317,0.0
1998-08-12,0.9968047389310788,0.0035968093992332214,0.0
1998-08-13,0.1286343966677429,0.8792984373841093,0.0
1998-08-14,0.07071865721872214,1.4729421516235874,0.0
1998-08-17,0.9960035603130419,0.010993841529607702,0.0
1998-08-18,0.12963435382948724,0.8887187508024094,0.0
1998-08-19,0.9979617170101435,0.0029490117677497193,0.0
1998-08-20,0.792615134672137,0.21154617308067428,0.0
1998-08-21,0.8575709947470646,0.14488058252475855,0.0
1998-08-24,0.05712454945864652,1.0979930041247286,0.0
1998-08-25,0.10615087094436751,1.9044273809478498,0.0
1998-08-26,0.9968663997794718,0.009280109479314418,0.0
1998-08-27,0.9990140959937575,0.0009927096483417388,0.0
1998-08-28,0.9339502271603086,0.06606259997487951,0.0
1998-08-31,0.12820689772355215,0.8806908045386859,0.0
1998-09-01,0.9998204731337939,0.0003531683137026773,0.0
1998-09-02,0.7954644292793813,0.20560681780763834,0.0
1998-09-03,0.003243124649398912,1.0060240906613058,0.0
1998-09-04,0.7762169372528025,0.446263414294547,0.0
1998-09-07,0.999999999955906,6.2065573681223e-11,0.0
1998-09-08,0.9999996352098467,3.6479015330567926e-07,0.0
1998-09-09,0.9999377713682019,6.222863179810174e-05,0.0
1998-09-10,0.999700710524484,0.0002992944878576436,0.0
1998-09-11,0.9999999635414903,3.648441502929399e-08,0.0
1998-09-14,0.9999911123586875,8.887641312513482e-06,0.0
1998-09-16,0.9992212640715157,0.0007787370038440817,0.0
1998-09-17,0.999998814564904,1.198415929225128e-06,0.0
1998-09-18,0.9997087768319028,0.0002912233613716026,0.0
1998-09-21,0.9999992059249001,7.941583074211497e-07,0.0
1998-09-22,0.9998019488993994,0.00019805836696907764,0.0
1998-09-24,0.9998592992563128,0.00014070186929925313,0.0
1998-09-25,0.9999632210273302,3.6782201084594134e-05,0.0
1998-09-28,0.9999076059305605,9.240146713537883e-05,0.0
1998-09-29,0.9999916169719403,8.383228984103562e-06,0.0
1998-09-30,0.9999999534441179,4.655588216493468e-08,0.0
1998-10-01,0.9999960369683896,3.963031610482953e-06,0.0
1998-10-02,0.9994418911117204,0.0005581095406842673,0.0
1998-10-05,0.999392126605835,0.0006079431617245335,0.0
1998-10-06,0.9958038983566021,0.004202962688885731,0.0
1998-10-07,0.9999994214463765,5.789192956023305e-07,0.0
1998-10-08,0.9999999663076296,3.3692370488109605e-08,0.0
1998-10-09,0.9998574126884266,0.00014258733583816165,0.0
1998-10-12,0.9999999868991533,1.3170568250603496e-08,0.0
1998-10-13,0.9918973899969157,0.008102610995597023,0.0
1998-10-14,0.9042609824884655,0.09575227755684805,0.0
1998-10-15,0.33213076161395366,0.704473700821059,0.0
1998-10-16,0.24811821875697626,1.197527140255652,0.0
1998-10-19,0.9962233945094365,0.010126571424576458,0.0
1998-10-20,0.7819744144151936,0.22458218274128836,0.0
1998-10-21,0.7622752534584029,0.26580527495008277,0.0
1998-10-22,0.9996019658470209,0.0004891697721240954,0.0
1998-10-23,0.9526690898908632,0.04736340253671744,0.0
1998-10-26,0.47850243905701917,0.543316809348242,0.0
1998-10-27,0.9358309531614325,0.09515556893704698,0.0
1998-10-28,0.9755899249497393,0.0263884834128043,0.0
1998-10-29,0.7416074343293769,0.2670187103524715,0.0
1998-10-30,0.9353717716970873,0.08873656935165242,0.0
1998-11-02,0.9947254040520358,0.006471656864983601,0.0
1998-11-04,0.9994856628867369,0.0005149857803076889,0.0
1998-11-05,0.9995779861084134,0.0004220688259497248,0.0
1998-11-06,0.9296172637339913,0.07111914988660638,0.0
1998-11-09,0.8932073479582262,0.13352079940247943,0.0
1998-11-10,0.31389902145502513,0.7043261986752083,0.0
1998-11-11,0.9439066370633796,0.10298391315161728,0.0
1998-11-12,0.9638620222433216,0.03897258165434135,0.0
1998-11-13,0.4285195208038996,0.6035000591910522,0.0
1998-11-16,0.45141374910095583,0.8285535657926413,0.0
1998-11-17,0.4911726009684388,0.9207853760096205,0.0
1998-11-18,0.05575315970513478,1.7859515764432836,0.0
1998-11-19,0.018793419423264065,2.6412569311631966,0.0
1998-11-20,0.7974009011250848,0.6890159171538119,0.0
1998-11-24,0.2162077897636562,0.892049152125038,0.0
1998-11-25,0.003259833622505821,1.788596868247641,0.0
1998-11-26,0.002039796952380446,2.7858739030493735,0.0
1998-11-27,0.019233792579891117,4.346746218991785,0.0
1998-11-30,0.6999575192969407,1.5363797910513786,0.0
1998-12-01,0.0038272804452740682,2.9223339763761995,0.0
1998-12-02,0.0022514934429903434,4.502578178770237,0.0
1998-12-03,0.004335083305408191,5.9078040171886474,0.0
1998-12-04,0.0024479934012186697,6.698069699493695,0.0
1998-12-07,0.002105589714506705,7.549802620260774,0.0
1998-12-08,0.002153708990708534,8.651689594599048,0.0
1998-12-09,0.051722051942955316,9.187305355130707,0.0
1998-12-10,0.003685830627896472,10.08732001766763,0.0
1998-12-11,0.8352835079349518,1.578477121132053,0.0
1998-12-14,0.931566182562443,0.08171152120520928,0.0
1998-12-15,0.0021917284088073014,1.7136702041717407,0.0
1998-12-16,0.002135244973709131,5.9191259723964125,0.0
1998-12-17,0.002803052361063997,8.049366274630794,0.0
1998-12-18,0.002009888271440427,9.149369497401084,0.0
1998-12-21,0.0020193027151051385,11.904878767428762,0.0
1998-12-22,0.9976671645073832,0.026092614962624314,0.0
1998-12-24,0.0034233027010680617,1.990755998422602,0.0
1998-12-25,0.003917703948622886,13.420275748706658,0.0
1998-12-28,0.985441030951679,0.17034286030613105,0.0
1998-12-29,0.06739790716025235,1.6066690549175746,0.0
1998-12-30,0.002058766217814088,9.447478265007522,0.0
1999-01-04,0.9935895633897469,0.03393387206982054,0.0
1999-01-05,0.7273727900691241,0.2785208344376357,0.0
1999-01-06,0.16027825183874353,0.898867764931511,0.0
1999-01-07,0.9957997507244486,0.008207389774150562,0.0
1999-01-08,0.003769015153743238,1.0228923359006712,0.0
1999-01-11,0.07212136578878207,1.9012942178430463,0.0
1999-01-12,0.8419327055640293,0.4722999276336231,0.0
1999-01-13,0.0028073461787623817,1.317963794265306,0.0
1999-01-14,0.999994822818883,1.393654833205689e-05,0.0
1999-01-18,0.816874850569325,0.18313680830033616,0.0
1999-01-19,0.017360467825322315,0.9845740331764098,0.0
1999-01-20,0.966432529787278,0.06704402816419755,0.0
1999-01-21,0.8204468633456223,0.1872872539249247,0.0
1999-01-22,0.974492011608773,0.03182225485007394,0.0
1999-01-25,0.02432933677429052,1.0112330437527046,0.0
1999-01-26,0.1043359804450447,1.8005323774389417,0.0
1999-01-27,0.0069645378080104205,2.39156734818931,0.0
1999-01-28,0.02790188380375124,2.8633113547328883,0.0
1999-01-29,0.14912705703374673,3.0346232669254114,0.0
1999-02-01,0.5156085839473762,2.0027401677339007,0.0
1999-02-02,0.0024391312619589742,3.4244997950662253,0.0
1999-02-03,0.0029009691307342036,5.000137800379924,0.0
1999-02-04,0.6151794400927142,2.1526735293257517,0.0
1999-02-05,0.15188141441026104,2.6391608898572887,0.0
1999-02-08,0.027560046986033437,3.417887591445573,0.0
1999-02-09,0.008112293924817604,5.999493163045946,0.0
1999-02-10,0.009880045907580143,7.750395199280571,0.0
1999-02-12,0.006990015458950102,9.384986936302822,0.0
1999-02-15,0.0020158278673786077,10.93297826975762,0.0
1999-02-16,0.02868980953278014,11.696209365818342,0.0
1999-02-17,0.07734078650052406,11.368620939559172,0.0
1999-02-18,0.003957907005536632,13.047887343769286,0.0
1999-02-19,0.0021306406716480653,14.015355970380497,0.0
1999-02-22,0.0044550976165963,14.817939756753564,0.0
1999-02-23,0.24307275970188252,10.935539958961241,0.0
1999-02-24,0.0024127431138925293,13.716462288618576,0.0
1999-02-25,0.002040485769862756,13.113487315366775,0.0
1999-02-26,0.002060556644852113,12.904248499449366,0.0
1999-03-01,0.07344908425846235,15.278010009638855,0.0
1999-03-02,0.9999760996910805,0.00044218989289614076,0.0
1999-03-03,0.9555660596948099,0.044472468918697355,0.0
1999-03-04,0.01017386181061316,0.9916584192101978,0.0
1999-03-05,1.0,0.0,0.0
1999-03-08,0.9994962469135518,0.0005037530864482331,0.0
1999-03-09,0.9990211847082499,0.0009788153959288954,0.0
1999-03-10,0.9999999998758325,1.2416744994478462e-10,0.0
1999-03-11,0.9999932297796321,6.770220367832098e-06,0.0
1999-03-12,0.9991627766274231,0.0008372233840753603,0.0
1999-03-15,0.9995370986607934,0.0004630786039957571,0.0
1999-03-16,0.9999241509994732,7.587395947886277e-05,0.0
1999-03-17,0.9787902569080396,0.02121398397673785,0.0
1999-03-18,0.9999999824642123,2.0036941214927265e-08,0.0
1999-03-19,0.9999999980661424,1.933857629115241e-09,0.0
1999-03-23,0.9999993104911459,6.895088541323879e-07,0.0
1999-03-24,0.9999990026548256,9.97345174401168e-07,0.0
1999-03-25,0.9999831100701436,1.6889956648908e-05,0.0
1999-03-26,0.9923897679218584,0.007610281129924703,0.0
1999-03-29,0.7831561095611211,0.21722178275664047,0.0
1999-03-30,0.9222988580906007,0.0934179582222795,0.0
1999-03-31,0.81506683113739,0.1871859432980616,0.0
1999-04-01,0.9977118228672288,0.002980712947955616,0.0
1999-04-02,0.03917150839072201,0.9774406988642427,0.0
1999-04-05,0.7591571500074582,0.48941934979483975,0.0
1999-04-06,0.8333536087970417,0.19997490405956658,0.0
1999-04-07,0.004671778161469997,1.2634932782208312,0.0
1999-04-08,0.160235307274766,1.921837886196546,0.0
1999-04-09,0.15331809005286484,2.384286845009941,0.0
1999-04-12,0.3380137747139702,1.8980756413826931,0.0
1999-04-13,0.012653809915446844,2.4134724793497293,0.0
1999-04-14,0.7416419665865973,1.1179258665215392,0.0
1999-04-15,0.015240198782500611,2.0387081817460455,0.0
1999-04-16,0.013217077737966884,2.838242068665614,0.0
1999-04-19,0.009807254535794495,3.7289060084335497,0.0
1999-04-20,0.02777717297852809,4.630152591450111,0.0
1999-04-21,0.1460412739638966,4.9214634126697145,0.0
1999-04-22,0.0026482924679564826,5.342174342299179,0.0
1999-04-23,0.04948984918175329,5.468691210940863,0.0
1999-04-26,0.5804227372972051,2.637005681894113,0.0
1999-04-27,0.004036420068112778,5.413278285657167,0.0
1999-04-28,0.027021161127154535,7.19499988625135,0.0
1999-04-30,0.16133748818137986,6.756463412644056,0.0
1999-05-06,0.9955152938578807,0.02380713821375098,0.0
1999-05-07,0.9962349868055439,0.0037955849949960186,0.0
1999-05-10,0.0020531681100697695,1.0043735484574643,0.0
1999-05-11,0.9998934618782258,0.00021310240467445433,0.0
1999-05-12,0.007890028480234129,0.9939213840977217,0.0
1999-05-13,0.002006465237150853,1.2626097385090889,0.0
1999-05-14,0.0021338863551791094,1.9943631051145014,0.0
1999-05-17,1.0,0.0,0.0
1999-05-18,0.005924911198237221,0.9940750888017628,0.0
1999-05-19,0.13870687310258392,0.923360579772167,0.0
1999-05-20,0.03449714189135336,1.9257426268112163,0.0
1999-05-21,0.002025588022134586,2.969958447586144,0.0
1999-05-24,0.0025575736517964736,3.973500584822049,0.0
1999-05-25,0.0020049466737027096,4.946956417415568,0.0
1999-05-26,0.011513163168502032,5.903486168761037,0.0
1999-05-27,0.35781838653167275,4.4276765751000555,0.0
1999-05-28,0.0027462164811209513,6.575969957186923,0.0
1999-05-31,0.002299762536270111,8.09449023083338,0.0
1999-06-01,0.9146954598471769,0.7289626798581572,0.0
1999-06-02,0.0024926398084404965,3.009255924892943,0.0
1999-06-03,0.029912965652219903,5.202521956003874,0.0
1999-06-04,0.002445800946706013,9.252666059265643,0.0
1999-06-07,0.0030024319781776602,11.407740393990569,0.0
1999-06-08,0.0020013647625649836,10.17593015120443,0.0
1999-06-09,0.2160363808196647,8.134304799409115,0.0
1999-06-10,0.9999991909310706,4.7108468866081585e-06,0.0
1999-06-11,0.9987680753876261,0.0012319341088585626,0.0
1999-06-14,0.875225410262049,0.12478759533925952,0.0
1999-06-15,0.9864567909091175,0.016282441280851306,0.0
1999-06-16,0.056694060709329024,0.9756638287736659,0.0
1999-06-17,0.2709430861078943,1.4004288097426603,0.0
1999-06-18,0.5734125480142941,0.8907799157872065,0.0
1999-06-21,0.9999151021953799,0.00012774300738612322,0.0
1999-06-22,0.07357998064578551,0.9324818481612346,0.0
1999-06-23,0.0331002216479686,1.2179371567352093,0.0
1999-06-24,0.007835851200827056,2.060979486601453,0.0
1999-06-25,0.017583980698458988,3.0122880749537138,0.0
1999-06-28,0.005597113340391561,3.9794244457690735,0.0
1999-06-29,0.0039847363916036905,4.942577332946967,0.0
1999-06-30,0.9921402348092975,0.04711219213034118,0.0
1999-07-01,0.6076185416902284,0.40500439409145605,0.0
1999-07-02,0.09308131213377373,1.049355284589934,0.0
1999-07-05,0.06284792756520147,1.771354613320566,0.0
1999-07-06,0.02130753887672348,2.4621389718007802,0.0
1999-07-07,0.003129024914372374,3.239166802293799,0.0
1999-07-08,0.0028387507617507845,3.9798566783849445,0.0
1999-07-09,0.0026403079451926153,4.833995482420432,0.0
1999-07-12,0.5996745854935296,2.3298465822394347,0.0
1999-07-13,0.002474260218241875,4.013007489677667,0.0
1999-07-14,0.002114106231694481,3.9581519709941144,0.0
1999-07-15,0.0022878531725293322,4.424144879512557,0.0
1999-07-16,0.03533666037038837,4.068877908999821,0.0
1999-07-19,0.03187497225489998,5.046789345445202,0.0
1999-07-21,0.002287549850640172,6.216407133640656,0.0
1999-07-22,0.9983559874464545,0.011471805718807081,0.0
1999-07-23,0.008331070033867391,1.0616731154509704,0.0
1999-07-26,0.002725682264886288,3.137768886134942,0.0
1999-07-27,0.010443862075914946,4.461215981590083,0.0
1999-07-28,0.009200705887881714,5.321962729636299,0.0
1999-07-29,0.005290008597626744,5.734962264985934,0.0
1999-07-30,0.003654604868423654,6.768506026919157,0.0
1999-08-02,0.002023604531661615,8.994476852888976,0.0
1999-08-03,0.24168972788650667,6.975606734891427,0.0
1999-08-04,0.004322946897498478,9.637715352853396,0.0
1999-08-05,0.05500678342022714,6.712414448310559,0.0
1999-08-06,0.2913183254327379,5.740637683005228,0.0
1999-08-09,0.00272445053694953,9.221417628969075,0.0
1999-08-10,0.005407838629956489,11.253672486795768,0.0
1999-08-11,0.00292513025210614,12.649667942649815,0.0
1999-08-12,0.002009988058610831,16.82460494869492,0.0
1999-08-13,0.0024196837740313288,18.573411181218475,0.0
1999-08-16,0.059166525323977495,16.86574357569659,0.0
1999-08-17,0.002021448850111153,20.7823107965066,0.0
1999-08-18,0.0147453203029189,21.084627395774532,0.0
1999-08-19,0.012293717352379462,21.130185445561132,0.0
1999-08-20,0.00297705297188685,23.813608223530665,0.0
1999-08-23,0.0025745930324139296,24.708924043992862,0.0
1999-08-24,0.002787172512019493,24.164407540366327,0.0
1999-08-25,0.0069698720714131655,22.117030789216667,0.0
1999-08-26,0.004348405618095886,19.70095190689758,0.0
1999-08-27,0.0023525791364723083,19.859148717907836,0.0
1999-08-30,0.998456060706638,0.03316368115234823,0.0
1999-08-31,0.9999915464427788,8.455247323195818e-06,0.0
1999-09-01,0.9436171092957937,0.0563835077935777,0.0
1999-09-02,0.595035704469871,0.4103050348012308,0.0
1999-09-03,0.0020212834595230863,1.1737855678801217,0.0
1999-09-06,0.0020444826946185166,1.9056048079313146,0.0
1999-09-07,0.002256235063370533,2.045306863698909,0.0
1999-09-08,0.005714293698836389,2.9521315797923973,0.0
1999-09-09,0.009644319058568388,3.8808731128045464,0.0
1999-09-10,0.003315677544251627,4.693277451160469,0.0
1999-09-13,0.00218570017969918,5.412653114700802,0.0
1999-09-14,0.006134322145609181,5.514548694733363,0.0
1999-09-16,0.894601209835747,0.5542833277855376,0.0
1999-09-17,0.03457780818010211,3.1817467093424447,0.0
1999-09-20,0.003081027050011853,6.382087608062471,0.0
1999-09-21,0.9967972009511578,0.0227987551435889,0.0
1999-09-22,0.9990912353237688,0.0009133161960019663,0.0
1999-09-24,0.9985832478802603,0.001416775183497535,0.0
1999-09-27,0.7110007833415638,0.29006245759643323,0.0
1999-09-28,0.9998494455807345,0.0001785957009431735,0.0
1999-09-29,0.9867682473139777,0.013234488983619199,0.0
1999-09-30,0.985782018095994,0.014485616079228944,0.0
1999-10-01,0.9783179262479259,0.021875235095272772,0.0
1999-10-04,0.3510117437431803,0.6539088661187571,0.0
1999-10-05,0.7176192763146392,0.387109587194113,0.0
1999-10-06,0.01396731064694575,1.2737034923547987,0.0
1999-10-07,0.01205026433220103,2.212696629825089,0.0
1999-10-08,0.33750307734561635,2.0551106648757904,0.0
1999-10-12,0.030298880447248294,3.5744271342874905,0.0
1999-10-13,0.999999999998328,8.359942231876781e-12,0.0
1999-10-14,0.24095490774674078,0.7590451538393876,0.0
1999-10-15,0.09898951761961049,0.9012039042211971,0.0
1999-10-18,0.8752826511267061,0.2345330038968676,0.0
1999-10-19,0.00986151686493968,1.4323985815755118,0.0
1999-10-20,0.6948251696768063,0.8756877772131995,0.0
1999-10-21,0.05359469339499075,2.690776235203502,0.0
1999-10-22,0.05669262153365366,3.515157725098522,0.0
1999-10-25,0.01700768217285935,4.736013469993987,0.0
1999-10-26,0.0020176143509446024,5.0138129099608975,0.0
1999-10-27,0.6289870714745653,1.8121395415548163,0.0
1999-10-28,0.0020545531576380968,3.114804706128695,0.0
1999-10-29,0.9999999436509509,1.2675634225750974e-07,0.0
1999-11-01,0.002034320731663008,0.9980823109220591,0.0
1999-11-02,0.0020233287130791565,1.0452156928035274,0.0
1999-11-04,0.019277222745407132,1.9739595906623093,0.0
1999-11-05,0.0034135449696111506,2.9454753011134605,0.0
1999-11-08,0.002213929998323113,3.892644988732969,0.0
1999-11-09,0.007736771101298901,4.695339806216402,0.0
1999-11-10,0.16722228822890245,3.866991860916805,0.0
1999-11-11,0.0026126424546168243,3.5989996111857927,0.0
1999-11-12,0.002157755964281068,4.875948247692607,0.0
1999-11-15,0.03935347554734438,5.405786709975992,0.0
1999-11-16,0.0020314519641958123,6.796373771415499,0.0
1999-11-17,0.1591532849464686,6.375743958506078,0.0
1999-11-18,0.01596961236602362,6.573341526363116,0.0
1999-11-19,0.2750694796321102,5.498724308818061,0.0
1999-11-22,0.021531152751777412,4.861705394601745,0.0
1999-11-24,0.04723542153905646,5.830505131097087,0.0
1999-11-25,0.016899642008662865,6.825578296282588,0.0
1999-11-26,0.004652676023778394,8.56230602750904,0.0
1999-11-29,0.002338622573636206,10.274681827690056,0.0
1999-11-30,0.03490590564628039,11.105170508475812,0.0
1999-12-01,0.002516975508089996,13.984398211704846,0.0
1999-12-02,0.0031421820809928126,16.187413504764656,0.0
1999-12-03,0.002005541485642686,18.25904062745213,0.0
1999-12-06,0.0021071292937776777,19.561201398018735,0.0
1999-12-07,0.0020020447156817106,20.63534163928539,0.0
1999-12-08,0.0020138160891520055,21.529841876400496,0.0
1999-12-09,0.009868564518255107,22.5233583602262,0.0
1999-12-10,0.0020841784661994613,23.572026865214067,0.0
1999-12-13,0.0020040323211174315,24.01318264993788,0.0
1999-12-14,0.002778194190227486,24.10757394873791,0.0
1999-12-15,0.004880299572946912,25.345686880922838,0.0
1999-12-16,0.0020923439458703447,23.595361105849285,0.0
1999-12-17,0.002447366295670513,20.259825006355754,0.0
1999-12-20,0.0020729064941466696,17.05624212949668,0.0
1999-12-21,0.00200087632021986,10.724154831680924,0.0
1999-12-22,0.10183631358781656,9.69517681062528,0.0
1999-12-24,0.010809234950387851,12.78933174297399,0.0
1999-12-27,0.0020151623953241207,11.9618137479155,0.0
1999-12-28,0.004541338920654976,15.297866612598664,0.0
1999-12-29,0.0020055686128439654,13.41465173530815,0.0
1999-12-30,0.0020146026069172243,14.509013919711794,0.0
2000-01-04,0.0052014311604208175,16.02800694204231,0.0
2000-01-05,0.9992690169030869,0.014201158923919713,0.0
2000-01-06,0.9999999969091723,3.0908277401047157e-09,0.0
2000-01-07,0.09596082341326403,0.9040392309960976,0.0
2000-01-11,0.9999999678593332,6.420280725785509e-08,0.0
2000-01-12,0.023485483969311244,0.9765146343726746,0.0
2000-01-13,0.9981453354528863,0.0036366843983321926,0.0
2000-01-14,0.9608316770944513,0.039322183245623456,0.0
2000-01-17,0.9999999990923463,1.0682534411912744e-09,0.0
2000-01-18,0.7055873946363824,0.2944127348586304,0.0
2000-01-19,0.9984606926123233,0.0015595438451065516,0.0
2000-01-20,0.7005736328148923,0.3011623340929859,0.0
2000-01-21,0.8470853767710547,0.1655934762992087,0.0
2000-01-24,0.19664147908271298,0.9377782797886517,0.0
2000-01-25,0.36466555689877045,1.2255017165285451,0.0
2000-01-26,0.006982849531372559,2.3893416847911455,0.0
2000-01-27,0.6593480141884452,1.1768130030695887,0.0
2000-01-28,0.7782478986691796,0.4705768648040193,0.0
2000-01-31,0.802413628061707,0.27245082679677096,0.0
2000-02-01,0.31188338199258603,0.8879667548680626,0.0
2000-02-02,0.9716578961660023,0.053013802167934006,0.0
2000-02-03,0.014118670416992735,1.1108756437759346,0.0
2000-02-04,0.010619863401388138,2.1117299107434615,0.0
2000-02-07,0.002034295572829859,2.995975471867012,0.0
2000-02-08,0.002006841002707738,3.3930953674029887,0.0
2000-02-09,0.0020004941005949657,3.7441908614896113,0.0
2000-02-10,1.0,0.0,0.0
2000-02-14,0.0023410265408702244,0.9976589734591298,0.0
2000-02-15,0.08041279039305986,0.9217060502319978,0.0
2000-02-16,0.013640562750404718,1.694669271141203,0.0
2000-02-17,0.019269747669298606,2.3933357250655507,0.0
2000-02-18,0.08787465593101454,3.094654282408728,0.0
2000-02-21,0.03951996402582088,4.087925302346142,0.0
2000-02-22,0.19155503977784782,3.61534744629503,0.0
2000-02-23,0.00228438742600988,6.098796319164419,0.0
2000-02-24,0.033619247156984965,7.050701122976915,0.0
2000-02-25,0.00803927160466405,7.857535628207256,0.0
2000-02-28,0.007698725443501296,8.843849492201869,0.0
2000-02-29,0.013350399106816674,9.652490858699167,0.0
2000-03-01,0.002052384148354319,11.425657095163647,0.0
2000-03-02,0.02431415387418586,11.858468241434936,0.0
2000-03-03,0.002015340737443715,13.604532813766314,0.0
2000-03-06,0.9155641818628016,1.1745073689271237,0.0
2000-03-07,0.0053643434622920195,5.290271915862686,0.0
2000-03-08,0.002167617058797566,15.782378446324,0.0
2000-03-09,0.025573727014443236,16.508921948864447,0.0
2000-03-10,0.055899619043181234,15.100293757027417,0.0
2000-03-13,0.9992546177836328,0.006561178957484514,0.0
2000-03-14,0.8124069976524776,0.18942995149538353,0.0
2000-03-15,0.9975212799888595,0.002772985661126696,0.0
2000-03-16,0.9698391834955591,0.030261289516950056,0.0
2000-03-17,0.9997302633585532,0.00029253835560989283,0.0
2000-03-21,0.8310305992286233,0.16902452252397718,0.0
2000-03-22,0.6246195236525819,0.4341073631853623,0.0
2000-03-23,0.6517148191214295,0.670533216632137,0.0
2000-03-24,0.5111097876679441,0.6308769742017337,0.0
2000-03-27,0.9851949012934719,0.019246736448879836,0.0
2000-03-28,0.9987611950172526,0.001245909015823731,0.0
2000-03-29,0.9791046534490667,0.020927078576609585,0.0
2000-03-30,0.9610695456918162,0.039501593054340874,0.0
2000-03-31,0.8428617624375792,0.16305769052891408,0.0
2000-04-03,0.9999129736192433,0.00010089088158682067,0.0
2000-04-04,0.09465717797852102,0.9061746730566718,0.0
2000-04-05,0.5528225992786129,0.7840999533180723,0.0
2000-04-06,0.6123622159964969,0.48290223736885624,0.0
2000-04-07,0.26296670370065517,1.2370512908661644,0.0
2000-04-10,0.8142386096974036,0.27937641572424315,0.0
2000-04-11,0.4661239443900983,0.6565857397621451,0.0
2000-04-12,0.9970528310368332,0.005068144285953119,0.0
2000-04-13,0.01903377631090131,0.9916627168608955,0.0
2000-04-14,0.007188974768828785,1.7680167577385801,0.0
2000-04-17,0.9999999995618774,1.1534171912901402e-09,0.0
2000-04-18,0.9999999590810037,4.0918996302387105e-08,0.0
2000-04-19,0.9999537500035752,4.62499964247554e-05,0.0
2000-04-20,0.9999954844548222,4.515681367010942e-06,0.0
2000-04-21,0.9999999991568866,8.431133632281059e-10,0.0
2000-04-24,0.99999999893133,1.0686700411968544e-09,0.0
2000-04-25,0.999997766949448,2.2330505519956154e-06,0.0
2000-04-26,0.9999991154461024,8.845538976163141e-07,0.0
2000-04-27,0.9997685249848313,0.00023147542721502082,0.0
2000-04-28,0.999546577419925,0.00045342807823166634,0.0
2000-05-01,0.999999997881583,2.1202746419439557e-09,0.0
2000-05-02,0.9999677358469448,3.226415417497298e-05,0.0
2000-05-08,0.9999999964678478,3.5321522844064795e-09,0.0
2000-05-09,0.9999996994828622,3.00517137840362e-07,0.0
2000-05-10,0.9999999575802041,4.241979586288237e-08,0.0
2000-05-11,0.9999999999504895,4.9510617484527764e-11,0.0
2000-05-12,1.0,0.0,0.0
2000-05-15,0.9999065858742767,9.3414125723279e-05,0.0
2000-05-16,0.9998281280403233,0.00017187197244374923,0.0
2000-05-17,0.9998849725302233,0.00011504449275393925,0.0
2000-05-18,0.9999977895077178,2.2107722148749358e-06,0.0
2000-05-19,0.999921519853257,7.848020648743382e-05,0.0
2000-05-22,0.9998634683111682,0.00013653245017307089,0.0
2000-05-23,0.993523620410798,0.00648055170288291,0.0
2000-05-24,0.9963795204440332,0.0036271481603501175,0.0
2000-05-25,0.1941195883893714,0.809504148988088,0.0
2000-05-26,0.06597982065007649,1.4117057085714728,0.0
2000-05-29,0.4780985891075707,1.0636243487144572,0.0
2000-05-30,0.38433745995098834,1.6049955830945393,0.0
2000-05-31,0.21115815172618538,1.640976534113283,0.0
2000-06-01,0.9900294225899956,0.018899722186274125,0.0
2000-06-02,0.014114477094791541,1.127662953697062,0.0
2000-06-05,0.40751302762833636,1.2624202251090904,0.0
2000-06-06,0.002195059148700079,2.4179360912494103,0.0
2000-06-07,0.007158956707275652,4.550136042646273,0.0
2000-06-08,0.04410614202848376,5.849233092524647,0.0
2000-06-09,0.0021978517262598984,6.365490764583454,0.0
2000-06-12,0.0025439267143059874,6.830816388951087,0.0
2000-06-13,0.011764034219421203,7.746605672392549,0.0
2000-06-14,0.5720108806671802,3.8709508395891152,0.0
2000-06-15,0.999999637776134,3.232910160474227e-06,0.0
2000-06-16,0.008850022937521525,0.9924278018439241,0.0
2000-06-19,0.02256808415505937,1.1966711292628855,0.0
2000-06-20,0.06393209484280099,1.9055460207380093,0.0
2000-06-21,0.08889250789338116,2.8402256791530966,0.0
2000-06-22,0.003375287316140088,3.8178991598009864,0.0
2000-06-23,0.009949435258975377,4.519573758610622,0.0
2000-06-26,0.002761177348035129,5.618083052060163,0.0
2000-06-27,0.9995297578749797,0.002799612637165146,0.0
2000-06-28,0.0020176792613574076,1.496672171967537,0.0
2000-06-29,0.0022068532442068084,7.775934951665004,0.0
2000-06-30,0.0020733632885000172,8.72097396679232,0.0
2000-07-03,0.0024292879420498045,8.570384496308325,0.0
2000-07-04,0.023878727333978878,9.043771402859763,0.0
2000-07-05,0.0020307065436861262,8.405857070623474,0.0
2000-07-06,0.002100970959919934,8.41334721769916,0.0
2000-07-07,0.002003990802931638,8.542967786213174,0.0
2000-07-10,0.0021033353475259403,9.167191264865727,0.0
2000-07-11,0.002003629936280736,9.578800048019511,0.0
2000-07-12,0.01653904386511905,10.775836673447628,0.0
2000-07-13,0.8997639469921427,1.2529291344295057,0.0
2000-07-14,0.03181127076419451,2.6346941484882973,0.0
2000-07-17,0.016180860625444313,6.2295712904760325,0.0
2000-07-18,0.5405900440666165,4.023154360227075,0.0
2000-07-19,0.3489925547885328,2.4800659344315665,0.0
2000-07-21,0.1590719510445531,2.095212305979109,0.0
2000-07-24,0.5111761523459503,1.168781018317192,0.0
2000-07-25,0.18153249010935466,1.8477940132842876,0.0
2000-07-26,0.004351106357952217,2.4726527844625057,0.0
2000-07-27,0.7801063067797355,0.8108869212392988,0.0
2000-07-28,0.9963372203809828,0.010794651701792168,0.0
2000-07-31,0.9996631468834399,0.00036283211309974257,0.0
2000-08-01,0.9999932687832737,6.902475892885596e-06,0.0
2000-08-02,0.0030033097370182425,0.9970354586439482,0.0
2000-08-03,0.9983366953794794,0.003322780373417876,0.0
2000-08-04,0.8398676963813069,0.16014326078295985,0.0
2000-08-07,0.9998784866828673,0.00015506946729523178,0.0
2000-08-08,0.9407863657460553,0.059248347329006606,0.0
2000-08-09,0.016953309463818574,0.9877505858060824,0.0
2000-08-10,0.002130044009059224,1.9475464104128024,0.0
2000-08-11,0.050875255521780606,2.7558240534375833,0.0
2000-08-14,0.006034947101844373,3.352133001647008,0.0
2000-08-15,0.0046322363807589535,3.653046795494601,0.0
2000-08-16,0.012227175881844734,3.570803178040518,0.0
2000-08-17,0.4087708211895647,2.9041610473627495,0.0
2000-08-18,0.03506432056450107,3.184568437816499,0.0
2000-08-21,0.5428886664940897,1.5892586560245145,0.0
2000-08-22,0.9994335977912646,0.0013075420551980996,0.0
2000-08-23,0.19966455318996826,0.8056194494505275,0.0
2000-08-24,0.92722890367845,0.14142581060950365,0.0
2000-08-25,0.5160389792255484,0.5036017604299886,0.0
2000-08-28,0.9923500132679743,0.012366420957742104,0.0
2000-08-29,0.06791365460687411,0.9422777949093496,0.0
2000-08-30,0.999967433937017,5.826372442297241e-05,0.0
2000-08-31,0.2506128355511071,0.7540193164398934,0.0
2000-09-01,0.13558019656720802,0.8793599952486398,0.0
2000-09-04,0.0140606084152616,1.8971813564168631,0.0
2000-09-05,0.07253388239109969,2.6898028608466262,0.0
2000-09-06,0.002625384374348883,3.6784027362125546,0.0
2000-09-07,0.0020416347094527093,4.583646126293671,0.0
2000-09-08,0.02795251081421303,5.344399626159475,0.0
2000-09-11,0.9294133299406414,0.4409153669336558,0.0
2000-09-12,0.028035803158275918,1.6844634309401514,0.0
2000-09-13,0.0034856415583977693,3.4376127207810283,0.0
2000-09-14,0.0021007720416092984,4.817438914024037,0.0
2000-09-18,0.002354496308842549,5.427033134064472,0.0
2000-09-19,0.6226151062750828,2.211087146048299,0.0
2000-09-20,0.5561173339216507,1.1240580433784237,0.0
2000-09-21,0.002019147950135344,3.725092807079751,0.0
2000-09-22,0.9997402073882262,0.0007787537210106546,0.0
2000-09-25,0.04567516251854739,0.9684931229376916,0.0
2000-09-26,0.002031617135473465,1.3692889820999028,0.0
2000-09-27,0.9929711224052559,0.018809378548615363,0.0
2000-09-28,0.9502924270589436,0.051612579997507166,0.0
2000-09-29,0.09597431365476777,0.9177707986872915,0.0
2000-10-02,0.9716885101823086,0.05549828029710842,0.0
2000-10-03,0.022469440081292837,1.0884385212652354,0.0
2000-10-04,0.678632541662836,0.6612060501997927,0.0
2000-10-05,0.0029788554254579565,1.288465245423466,0.0
2000-10-06,0.08550266906013956,2.018869775392094,0.0
2000-10-10,0.006397463597069658,2.6781759263369604,0.0
2000-10-11,0.9452385728607114,0.2033311805163356,0.0
2000-10-12,0.06351415888011204,1.2774674217988817,0.0
2000-10-13,0.9985155760571709,0.0031212648448802082,0.0
2000-10-16,0.9807659734849319,0.01931811432120421,0.0
2000-10-17,0.9970492388201486,0.002966994220442975,0.0
2000-10-18,0.9999994338985673,5.675799064964355e-07,0.0
2000-10-19,0.9740574898798814,0.02594252142989808,0.0
2000-10-20,0.9995410138171074,0.00046143243933053886,0.0
2000-10-23,0.059309996820671146,0.942667293263266,0.0
2000-10-24,0.06473146140465909,1.265418469017497,0.0
2000-10-25,0.9980715794479986,0.00395616036687375,0.0
2000-10-26,0.9879089130998315,0.012135017190954422,0.0
2000-10-27,0.9845326981647335,0.015476298236646242,0.0
2000-10-30,0.7493495924430404,0.25397100348064733,0.0
2000-10-31,0.820471041615467,0.20001283552066743,0.0
2000-11-01,0.9999937234323382,6.945307754200274e-06,0.0
2000-11-02,0.09335105789396825,0.9070116565871233,0.0
2000-11-06,0.9999999374974531,1.2499148255287628e-07,0.0
2000-11-07,0.013336108883658273,0.9866648146788614,0.0
2000-11-08,0.998569471414621,0.0028391539803419314,0.0
2000-11-09,0.10622477093193641,0.893907550592661,0.0
2000-11-10,0.5432817197557535,0.6411264771264034,0.0
2000-11-13,0.9080108469263838,0.17475916691444718,0.0
2000-11-14,0.06620952661155809,1.3434935457097084,0.0
2000-11-15,0.8816451164390692,0.280751367709456,0.0
2000-11-16,0.9989396412295602,0.001221162241478536,0.0
2000-11-17,0.022077441373611565,0.9860057755877856,0.0
2000-11-20,0.002861491212297466,1.5709371766289917,0.0
2000-11-21,0.8304593357393193,0.4497135961634359,0.0
2000-11-22,0.20939536529425626,1.081974297792717,0.0
2000-11-24,0.1256026084041925,1.7643053444141796,0.0
2000-11-27,0.8532447164127884,0.41705818419307294,0.0
2000-11-28,0.011906905321143876,1.637217388521741,0.0
2000-11-29,0.002188800403444851,3.140769498136797,0.0
2000-11-30,0.4382266449882002,2.4273001120202506,0.0
2000-12-01,0.9454804697527577,0.11518879928003027,0.0
2000-12-04,0.019932365240025816,1.5400041868629155,0.0
2000-12-05,0.9999996882537224,7.10268071950816e-07,0.0
2000-12-06,0.9520512064870009,0.04794917598220469,0.0
2000-12-07,0.43783547859359506,0.577567805325844,0.0
2000-12-08,0.06601107629377709,1.7989583828776026,0.0
2000-12-11,0.8137811606209374,0.5274551827888905,0.0
2000-12-12,0.3522963473143432,0.8563925146249411,0.0
2000-12-13,0.38516697815835405,1.1352996255820824,0.0
2000-12-14,0.03056649299352461,1.9266763141664611,0.0
2000-12-15,0.9539701965812721,0.15467577572177554,0.0
2000-12-18,0.17818089148835137,1.1097769176233223,0.0
2000-12-19,0.9980098242081132,0.004137894848847813,0.0
2000-12-20,0.08072580000633771,0.924890951531973,0.0
2000-12-21,0.9994625546297007,0.000978959530369954,0.0
2000-12-22,0.21577717306354713,0.7866630802434749,0.0
2000-12-25,0.9993383025195122,0.0009948200726586465,0.0
2000-12-26,0.4212048524643163,0.5805662243832701,0.0
2000-12-27,0.7359292696106858,0.36723784001829807,0.0
2000-12-28,0.009826608982090574,1.1102751517748728,0.0
2000-12-29,0.0325732208758212,2.0665407482905915,0.0
2001-01-04,0.9984340774725201,0.004946635190087525,0.0
2001-01-05,0.12032599112547374,0.9098505478273937,0.0
2001-01-09,0.4966947260014433,0.9485712388743303,0.0
2001-01-10,0.026960691779908362,1.3375643449643724,0.0
2001-01-11,0.172471568418514,1.7517553120834712,0.0
2001-01-12,0.004391323454348038,2.6769205325176926,0.0
2001-01-15,0.002735177993385963,3.713312070617251,0.0
2001-01-16,0.07218232598043778,4.360446496042122,0.0
2001-01-17,0.01092155308111545,5.133866485532335,0.0
2001-01-18,0.002526595512724575,5.547983051505392,0.0
2001-01-19,0.216158634720391,4.860677572475381,0.0
2001-01-22,0.2127582204108545,3.8526062217103387,0.0
2001-01-23,0.005182406162221124,4.494586031325032,0.0
2001-01-24,0.019754775760863128,5.084096913523187,0.0
2001-01-25,0.002007193796900295,6.6457447453118395,0.0
2001-01-26,0.0020215097401893607,8.36546846880354,0.0
2001-01-29,0.0020205581585794477,9.875157785519201,0.0
2001-01-30,0.004362949320902948,11.020344535368372,0.0
2001-01-31,0.007928953332140528,11.914165424259858,0.0
2001-02-01,0.005990108318634631,12.466880068032713,0.0
2001-02-02,0.002055656477997734,13.580064324446136,0.0
2001-02-05,0.003834090354049678,11.327798883415376,0.0
2001-02-06,0.0020023911378989185,11.1891020356126,0.0
2001-02-07,0.002007487861487976,7.406962100847975,0.0
2001-02-08,0.1287932823352433,9.970181135494217,0.0
2001-02-09,0.7658038117127512,2.1829051995790167,0.0
2001-02-13,0.004343761253153645,6.355828423817124,0.0
2001-02-14,0.6364181948331301,1.8152734945156066,0.0
2001-02-15,0.003923577656330829,8.712740300787857,0.0
2001-02-16,0.9930420761042208,0.09301004403819556,0.0
2001-02-19,0.3106288306249585,1.922073911411316,0.0
2001-02-20,0.6212150887066473,1.13903747624794,0.0
2001-02-21,0.0023882311284567194,2.1306496010706044,0.0
2001-02-22,0.7212427428691116,1.3782388206028164,0.0
2001-02-23,0.9379441090744908,0.14809922865078906,0.0
2001-02-26,0.0031545340948779177,1.219261871330599,0.0
2001-02-27,0.6666299723440237,0.7269954443168458,0.0
2001-02-28,0.14962994383545278,1.263978862648167,0.0
2001-03-01,0.8145618003002969,0.3915841225932957,0.0
2001-03-02,0.9978876277957635,0.0034814393096876677,0.0
2001-03-05,0.7835773187196555,0.21876768581584533,0.0
2001-03-06,0.9927884740758636,0.008533848801313866,0.0
2001-03-07,0.9809734339984149,0.019164700052981692,0.0
2001-03-08,0.05955957765454889,0.9582265998567329,0.0
2001-03-09,0.796121972499078,0.4106402285420311,0.0
2001-03-12,0.9737612626488122,0.028107292997047093,0.0
2001-03-13,0.2103481054860382,0.842006919708645,0.0
2001-03-14,0.24631433461934094,1.1860434083514948,0.0
2001-03-15,0.999999672726601,6.094016400580211e-07,0.0
2001-03-16,0.9931881169603285,0.0068119179826290534,0.0
2001-03-19,0.9999989286717056,1.082003432803259e-06,0.0
2001-03-21,1.0,0.0,0.0
2001-03-22,0.9999999776255848,2.237441520946959e-08,0.0
2001-03-23,0.9999999141162993,8.588370070705396e-08,0.0
2001-03-26,0.9999999999925939,7.40607571907436e-12,0.0
2001-03-27,0.9968019254802407,0.0031980745208684083,0.0
2001-03-28,0.9955883155027045,0.004411717365697023,0.0
2001-03-29,0.9999988513540375,1.1499848799418895e-06,0.0
2001-03-30,0.999965942003384,3.405805525366255e-05,0.0
2001-04-02,0.9986863449395876,0.001313670585160402,0.0
2001-04-03,0.9995967425674827,0.0004036231474671287,0.0
2001-04-04,0.9986103200223735,0.0013902365432095281,0.0
2001-04-05,0.9847691026859651,0.015261544741515712,0.0
2001-04-06,0.99968848896026,0.0003412007451922246,0.0
2001-04-09,0.9999596380940214,4.037403341824264e-05,0.0
2001-04-10,0.9147729797135309,0.08523315829389225,0.0
2001-04-11,0.9983106873432981,0.001799897579014221,0.0
2001-04-12,0.6857205784340934,0.31566550968776685,0.0
2001-04-13,0.8319483355835741,0.20101522958325635,0.0
2001-04-16,0.04067200861217408,1.1343112269454234,0.0
2001-04-17,0.010923492072044433,2.109289982529203,0.0
2001-04-18,0.9998642077187946,0.0004292842690169866,0.0
2001-04-19,0.31336774694790126,0.6872181522858914,0.0
2001-04-20,0.01951206631732072,1.0768524083447066,0.0
2001-04-23,0.3077005823603993,1.3824928022264704,0.0
2001-04-24,0.3077696411387548,1.5258446358977957,0.0
2001-04-25,0.0028321873243108285,3.19040985332921,0.0
2001-04-26,0.8086640144996726,0.9159268779916845,0.0
2001-04-27,0.6060848903213653,1.294682181033952,0.0
2001-05-01,0.9354240248122492,0.1614781645854861,0.0
2001-05-02,0.05903606909017481,1.131404408450806,0.0
2001-05-07,0.7572581501464273,0.5654793563048699,0.0
2001-05-08,0.0031422882921079355,1.4680911935436223,0.0
2001-05-09,0.13804604806182663,2.082680794027894,0.0
2001-05-10,0.7501251545168318,0.7922413870631535,0.0
2001-05-11,0.04070320857875135,1.4919328723133867,0.0
2001-05-14,0.09586895063307001,2.347565340625131,0.0
2001-05-15,0.8556542401476169,0.4595041504454007,0.0
2001-05-16,0.9988217573872703,0.001725071861461521,0.0
2001-05-17,0.891958749106725,0.10857695245243582,0.0
2001-05-18,0.10862983078318626,0.9237869260651366,0.0
2001-05-21,0.31492982081405235,1.205765698665153,0.0
2001-05-22,0.6497897284754965,0.8611540317329093,0.0
2001-05-23,0.4323874905325243,0.9481181058133793,0.0
2001-05-24,0.48510525377431,0.8999571228097474,0.0
2001-05-25,0.0023401377289961416,1.892195877582819,0.0
2001-05-28,0.0020895582321955506,2.7586143360142894,0.0
2001-05-29,0.0029074383176061888,3.636582136034227,0.0
2001-05-30,0.010547975206973103,4.370151000886069,0.0
2001-05-31,0.0021268487752968586,5.301612447582887,0.0
2001-06-01,0.7319230069011227,1.6566663567536644,0.0
2001-06-04,0.003039389352420237,3.767161629374723,0.0
2001-06-05,0.06028433533597534,5.024817863596171,0.0
2001-06-06,0.6755221248968668,1.808506400693829,0.0
2001-06-07,0.009843816110307846,2.5688244759394694,0.0
2001-06-08,0.002129527060893293,4.818975201945393,0.0
2001-06-11,0.008415850722855549,6.45292501559465,0.0
2001-06-12,0.24940746104343592,4.939761728500067,0.0
2001-06-13,0.002164194638087132,6.018967260163625,0.0
2001-06-14,0.0020450824648056403,7.778380240065312,0.0
2001-06-15,0.09743158696262602,6.811758512883424,0.0
2001-06-18,0.002009992878247909,9.284531425022006,0.0
2001-06-19,0.903414188081517,0.8692333392419347,0.0
2001-06-20,0.04956039987185141,2.1453520545770184,0.0
2001-06-21,0.053337614946327216,3.0716797412428036,0.0
2001-06-22,0.2791324890975137,3.8637310262039337,0.0
2001-06-25,0.021129995248141888,4.110533607607442,0.0
2001-06-26,0.024526290668774913,4.640308033165618,0.0
2001-06-27,0.0022282163943879323,4.979461857374883,0.0
2001-06-28,0.20149194222522535,4.753037314430582,0.0
2001-06-29,0.9623055283253206,0.24338764817615316,0.0
2001-07-02,0.0974363511011015,2.214267106742003,0.0
2001-07-03,0.21516831276311985,2.8436733977836552,0.0
2001-07-04,0.011017359690908765,4.209209143501125,0.0
2001-07-05,0.010085242373613468,5.383539486223691,0.0
2001-07-06,0.4148517392906337,2.8729355855013683,0.0
2001-07-09,0.38241799486264716,2.989625067704798,0.0
2001-07-10,0.015477347656822307,4.047385311341081,0.0
2001-07-11,0.3570062552921225,3.3178495232382796,0.0
2001-07-12,0.6522792774044727,1.359014694903659,0.0
2001-07-13,0.0020336570028424987,3.4651629354688875,0.0
2001-07-16,0.01861220838975476,4.884503341385319,0.0
2001-07-17,0.006001583874969538,4.459788940101692,0.0
2001-07-18,0.003149705401761504,5.940500814272481,0.0
2001-07-19,0.0020015438382387884,6.522788713573078,0.0
2001-07-23,0.39332795624226496,5.273015669680387,0.0
2001-07-24,0.8093399810167231,1.122626515027629,0.0
2001-07-25,0.4272846829499968,1.106469256314628,0.0
2001-07-26,0.002169924977240341,3.0364834610247415,0.0
2001-07-27,0.026479563945034097,4.909983764613373,0.0
2001-07-30,0.9887881156480149,0.058031087021067435,0.0
2001-07-31,0.7131514762952016,0.318123269013839,0.0
2001-08-01,0.08612205297741832,1.2319136302414617,0.0
2001-08-02,0.9992167250755918,0.0016944996618107329,0.0
2001-08-03,0.004290459462530071,1.01910438513189,0.0
2001-08-06,0.3024289670178656,1.4198752809168222,0.0
2001-08-07,0.9568463758360412,0.05284533861433429,0.0
2001-08-08,0.00467283625979336,1.1332735944693233,0.0
2001-08-09,0.9999994041616289,1.3469332253832618e-06,0.0
2001-08-10,0.9947324649525121,0.005267803295309981,0.0
2001-08-13,0.746316189427146,0.25369526975769835,0.0
2001-08-14,0.9999216875293795,0.0001226443115780603,0.0
2001-08-15,0.12571276291931482,0.8756781608827405,0.0
2001-08-16,0.013633466069694117,1.06726958235563,0.0
2001-08-17,0.012141669953393745,1.960513718520412,0.0
2001-08-20,0.05804774785382662,2.804575848518092,0.0
2001-08-21,0.2225185163827996,3.0562582421958013,0.0
2001-08-22,0.9154746965711947,0.23017769721803155,0.0
2001-08-23,0.9998825250502605,0.00012795720621317156,0.0
2001-08-24,0.074609717563923,0.9261918078205829,0.0
2001-08-27,0.49419856658559713,0.9285817674391036,0.0
2001-08-28,0.06736555475707028,1.5289280259545446,0.0
2001-08-29,0.038998842965729634,2.484799746301584,0.0
2001-08-30,0.008034028638657698,3.5292025672196274,0.0
2001-08-31,0.12753906249874306,3.933196345658567,0.0
2001-09-03,0.9993290526862383,0.002885739956895444,0.0
2001-09-04,0.9975571727799601,0.0024481333522238706,0.0
2001-09-05,0.2916903043737011,0.7090090210499077,0.0
2001-09-06,0.48966122144861973,0.8642089848551278,0.0
2001-09-07,0.0419325234287459,1.5104412004117647,0.0
2001-09-10,0.5450746721626374,1.1008788898359823,0.0
2001-09-11,0.0028926005605258076,2.4360456277175024,0.0
2001-09-12,0.9999999997905993,6.589905560933408e-10,0.0
2001-09-13,0.9876031380403388,0.012396863912146325,0.0
2001-09-14,0.9999960883220239,3.917306621080488e-06,0.0
2001-09-17,0.9998908264354388,0.00010917390493031918,0.0
2001-09-18,0.9993914161653842,0.0006086230025580915,0.0
2001-09-19,0.9920378463994735,0.00796564756362705,0.0
2001-09-20,0.48760136266005527,0.5176012636404286,0.0
2001-09-21,0.9929637184182453,0.011435293897861623,0.0
2001-09-25,0.9825772970363967,0.01750706109105971,0.0
2001-09-26,0.14640353779201573,0.8660898190764463,0.0
2001-09-27,0.7184937452272616,0.4873320007990078,0.0
2001-09-28,0.8806307326978132,0.18120046761046715,0.0
2001-10-01,0.9919595112002474,0.009830055698315415,0.0
2001-10-02,0.9619870077603291,0.03866253767712835,0.0
2001-10-03,0.9999930695827581,7.0578992830944415e-06,0.0
2001-10-04,0.9986664997375709,0.0013335015046069276,0.0
2001-10-05,0.6583441907041119,0.3421933947408173,0.0
2001-10-09,0.856610186484911,0.2594179290757644,0.0
2001-10-10,0.0960374915819464,0.90925694864872,0.0
2001-10-11,0.9999990960347191,1.8045837470865044e-06,0.0
2001-10-12,0.9995906255560988,0.0004093745138566089,0.0
2001-10-15,0.9999861391827229,1.3905111705080805e-05,0.0
2001-10-16,0.9996726249813442,0.00033329721675345045,0.0
2001-10-17,0.9800867934209162,0.019913439240228294,0.0
2001-10-18,0.9998427370506462,0.0001590827776555131,0.0
2001-10-19,0.21766866416069727,0.7833316643762231,0.0
2001-10-22,0.003375389809827055,1.0822695864605159,0.0
2001-10-23,0.9998797944102049,0.0002579283385849331,0.0
2001-10-24,0.9995174118154135,0.0004826119317329929,0.0
2001-10-25,0.9991209396132749,0.0008794474721890679,0.0
2001-10-26,0.9996837283722786,0.0003166236992393375,0.0
2001-10-29,0.9995687991202132,0.0004317888075043696,0.0
2001-10-30,0.9838474433119473,0.01615562657260136,0.0
2001-10-31,0.771499131263549,0.23016782261212132,0.0
2001-11-01,0.944445034747802,0.06969835643262558,0.0
2001-11-02,0.9989048602339482,0.001109850295017805,0.0
2001-11-05,0.9405515884326315,0.05959448694940943,0.0
2001-11-06,0.7281904787150361,0.2732730683470141,0.0
2001-11-07,0.9999985162015516,2.188666622388355e-06,0.0
2001-11-08,0.45938176172387024,0.5406358899633191,0.0
2001-11-09,0.9999998636669312,2.4322371920722843e-07,0.0
2001-11-12,0.6079081948661489,0.39209613363291423,0.0
2001-11-13,0.009559040008984426,0.9919505916506337,0.0
2001-11-14,0.6721774021394566,0.6549875789737083,0.0
2001-11-15,0.9999945783463777,8.178694932787737e-06,0.0
2001-11-16,0.9995199000440709,0.00048011702517507563,0.0
2001-11-19,0.9287687976934964,0.07123363489469937,0.0
2001-11-20,0.9993994972749097,0.000619264812718376,0.0
2001-11-21,0.7793366653320783,0.22170568088452203,0.0
2001-11-22,0.04022531348441937,0.9907037778375131,0.0
2001-11-26,0.9999995823677925,1.090043731441903e-06,0.0
2001-11-27,0.9488535589564433,0.05115519461085325,0.0
2001-11-28,0.9001835226433555,0.0998533411774637,0.0
2001-11-29,0.0172793057156548,1.047342704256153,0.0
2001-11-30,0.04408006328156513,1.9121100116137162,0.0
2001-12-03,1.0,0.0,0.0
2001-12-04,0.020222043849719228,0.9797779561502807,0.0
2001-12-05,0.15944587616121872,0.8416935774693061,0.0
2001-12-06,0.5074662406904873,0.8727285484074686,0.0
2001-12-07,0.0031912594461205087,2.416785421864697,0.0
2001-12-10,0.9999398657120946,0.00021579857702234373,0.0
2001-12-11,0.02702308273147645,1.1101400844615243,0.0
2001-12-12,0.9999290444171096,0.00017506365621381816,0.0
2001-12-13,0.9997882675159613,0.00021173490614076896,0.0
2001-12-14,0.023044748309950642,0.9772853855904678,0.0
2001-12-17,0.04506298050161059,1.7179719751995288,0.0
2001-12-18,0.04290907826224902,1.9489468391277003,0.0
2001-12-19,0.0023536505039328296,2.936994908310268,0.0
2001-12-20,0.0026899626352000928,3.9516952390423374,0.0
2001-12-21,0.0021514847702664695,4.934324377140337,0.0
2001-12-25,0.0034476051870614686,5.919271564149467,0.0
2001-12-26,0.0020351787993941215,6.843219380478716,0.0
2001-12-27,0.43840222933557077,4.443240830807612,0.0
2001-12-28,0.0021053025784873733,7.758767819507032,0.0
2002-01-04,0.9025120679252171,0.641853061336637,0.0
2002-01-07,0.6273116383077665,0.527981499553686,0.0
2002-01-08,0.0022367754252170967,1.6167815482587056,0.0
2002-01-09,0.0021809629724382873,3.136885297201565,0.0
2002-01-10,0.002339703129088071,6.814806875974211,0.0
2002-01-11,0.0020128747470353524,9.574667398203877,0.0
2002-01-15,0.014458730554972344,7.132102936824801,0.0
2002-01-16,0.0025000312595003012,8.38720496740791,0.0
2002-01-17,0.002383838118889193,9.377198717581138,0.0
2002-01-18,0.0025190862447952377,8.097799807541035,0.0
2002-01-21,0.004559971619433794,9.553310628309786,0.0
2002-01-22,0.004210307409585946,10.86917626941506,0.0
2002-01-23,0.002196860289693122,11.001642537885932,0.0
2002-01-24,0.006799561806646498,12.082039403216793,0.0
2002-01-25,0.08613996388022953,11.6842691032587,0.0
2002-01-28,0.0020705666685934456,13.399594809087246,0.0
2002-01-29,0.011248900316557385,13.943160370366572,0.0
2002-01-30,0.022532247687457707,14.330128797927925,0.0
2002-01-31,0.0020704423205428085,15.887826826747585,0.0
2002-02-01,0.7275234050161183,4.55498154711914,0.0
2002-02-04,0.9972019765585833,0.016723212350797843,0.0
2002-02-05,0.05432405435669083,1.3027895706406842,0.0
2002-02-06,0.016795600000854005,2.9976553227871445,0.0
2002-02-07,0.0023609837986802323,5.196985636061989,0.0
2002-02-08,0.0062904302136822755,4.019269894599315,0.0
2002-02-12,0.034492102136358074,4.981538770499948,0.0
2002-02-13,0.0023261977761372607,7.343333908326329,0.0
2002-02-14,0.02456398067195566,7.253587778062785,0.0
2002-02-15,0.0020197048219089755,12.068909061400738,0.0
2002-02-18,0.0020639090505006983,17.31424326481251,0.0
2002-02-19,0.9995808658214321,0.005190663852858693,0.0
2002-02-20,0.10720914966863439,0.926576647975682,0.0
2002-02-21,0.9999642044082693,7.142451580477836e-05,0.0
2002-02-22,0.49810670151161457,0.5019243773534837,0.0
2002-02-25,0.005302644987718561,1.0103158943649835,0.0
2002-02-26,0.9985958261799188,0.0028160534973424773,0.0
2002-02-27,0.9822465483281971,0.017778680354809347,0.0
2002-02-28,0.3536461671780356,0.6536788420323167,0.0
2002-03-01,0.04353626891893003,1.2054597778672016,0.0
2002-03-04,1.0,0.0,0.0
2002-03-05,0.5630696590132828,0.43693034098671724,0.0
2002-03-06,0.9720532649559459,0.02795211105575258,0.0
2002-03-07,0.02081773549072051,1.041125752759482,0.0
2002-03-08,0.5102732112663607,1.0206633800094285,0.0
2002-03-11,0.11595378454865071,1.4968395962013819,0.0
2002-03-12,0.5700317352107382,1.1190016819289392,0.0
2002-03-13,0.9744265304873014,0.06776055928890251,0.0
2002-03-14,0.1254342008914387,0.9888706999924132,0.0
2002-03-15,0.005222695897811906,1.7036680537838083,0.0
2002-03-18,0.9953045580331596,0.013700221563805869,0.0
2002-03-19,0.2268198994180961,0.7811628379513169,0.0
2002-03-20,0.9999091092082988,0.00017830173231127272,0.0
2002-03-22,0.004060324509795702,0.9969717036122353,0.0
2002-03-25,0.018509819572324678,1.7056379518575486,0.0
2002-03-26,0.9986133232947126,0.004014331161038756,0.0
2002-03-27,0.07418976626485313,0.9293841396009558,0.0
2002-03-28,0.006281014483918977,1.357195538940807,0.0
2002-03-29,0.9999794300726246,5.770826576518942e-05,0.0
2002-04-01,0.9675494892866149,0.03245157725835091,0.0
2002-04-02,0.9959288805844014,0.004143938359174889,0.0
2002-04-03,0.9999740886951695,2.5953211348645386e-05,0.0
2002-04-04,0.6781497930145478,0.32191925354015277,0.0
2002-04-05,0.04239395215480855,0.9659229823739572,0.0
2002-04-08,0.7764140429680305,0.4401119484292419,0.0
2002-04-09,0.9999075099295928,0.0001415915921120131,0.0
2002-04-10,0.9717447420483594,0.028268589376933752,0.0
2002-04-11,0.9999728207258841,3.4521005947715035e-05,0.0
2002-04-12,0.8510394739428568,0.1489899782705041,0.0
2002-04-15,0.66517072353739,0.33862832189515374,0.0
2002-04-16,0.9975265297440852,0.0034939891643150684,0.0
2002-04-17,0.8422966722163607,0.15779487397484684,0.0
2002-04-18,0.7370844764851271,0.29952445297712194,0.0
2002-04-19,0.747695422456769,0.2942363888300794,0.0
2002-04-22,0.4077048196807088,0.743609250378411,0.0
2002-04-23,0.9930162111003875,0.012828344034262489,0.0
2002-04-24,0.005901684388162158,1.0660293897790818,0.0
2002-04-25,0.019252466686670643,2.275210718357201,0.0
2002-04-26,0.5909318508269243,1.3229946887680935,0.0
2002-04-30,0.0025578439421147683,2.557752427345593,0.0
2002-05-01,0.004846152017119155,4.6505609380205435,0.0
2002-05-02,0.9902532865709301,0.06477665211901223,0.0
2002-05-07,0.0757167941920427,1.4971220155734506,0.0
2002-05-08,0.021767376472844508,3.092137851349187,0.0
2002-05-09,0.29865709547423497,2.5943364605679973,0.0
2002-05-10,0.9984187327938954,0.0028094517711447983,0.0
2002-05-13,0.0038915740633010767,1.0378984366619144,0.0
2002-05-14,0.9559819468530232,0.0975223414904816,0.0
2002-05-15,0.014063204793654933,1.038990315944466,0.0
2002-05-16,0.00617981260204248,2.012303238103983,0.0
2002-05-17,0.0031943115623610796,2.9677837571280787,0.0
2002-05-20,0.0021319149267699216,3.48377380250099,0.0
2002-05-21,0.0032096713278018246,4.783542885157075,0.0
2002-05-22,0.9999999973105117,1.7944509397442078e-08,0.0
2002-05-23,0.006242186716480978,0.9937905754090786,0.0
2002-05-24,0.8110496331917075,0.28279832334293964,0.0
2002-05-27,0.00874293695645994,1.254239057902387,0.0
2002-05-28,0.002113019090405117,2.8570233256284907,0.0
2002-05-29,0.9950614501575048,0.01837521354373478,0.0
2002-05-30,0.026896382840873412,1.0710565253174238,0.0
2002-05-31,0.28867301670108686,1.478116453148236,0.0
2002-06-03,0.013177106456782002,2.890250441056139,0.0
2002-06-04,0.6322514388382106,1.1725191759298303,0.0
2002-06-05,0.009871963160171096,2.105961500677698,0.0
2002-06-06,0.21242951796656515,2.0871839463180417,0.0
2002-06-07,0.3556074015655082,2.2323516819965525,0.0
2002-06-10,0.027067386642572067,3.451884594672682,0.0
2002-06-11,0.003576694293551941,4.441694702568025,0.0
2002-06-12,0.002756517969393806,5.449933842982774,0.0
2002-06-13,0.9971093599009893,0.0192491345153947,0.0
2002-06-14,0.9969865755305487,0.0030591660769227983,0.0
2002-06-17,0.9317912361292832,0.07060939815703045,0.0
2002-06-18,0.9994222224034958,0.0006385437890868505,0.0
2002-06-19,0.9994174828207814,0.0005826464658495962,0.0
2002-06-20,0.9980811146688084,0.0019194420369271544,0.0
2002-06-21,0.98183158133179,0.018356592298726722,0.0
2002-06-24,0.9999936644896222,7.750875424232918e-06,0.0
2002-06-25,0.9472743276856551,0.05272782517560299,0.0
2002-06-26,0.9999975643646555,2.6068691462102248e-06,0.0
2002-06-27,0.29167321194198115,0.7084101577871342,0.0
2002-06-28,0.9996933775146057,0.000594649965988824,0.0
2002-07-01,0.12721049876073973,0.8731135475967419,0.0
2002-07-02,0.9109096559889758,0.16735222738959796,0.0
2002-07-03,0.9999954652161916,5.302265832177518e-06,0.0
2002-07-04,0.0833932975152792,0.9166711759768142,0.0
2002-07-05,0.06076258981386165,1.0013004561669228,0.0
2002-07-08,0.9999859012684222,3.9097867278647074e-05,0.0
2002-07-09,0.49235416370503193,0.5077030576186226,0.0
2002-07-10,0.921105528161119,0.10628411106513043,0.0
2002-07-11,0.19818483125698044,0.8537460705543578,0.0
2002-07-12,0.9270205441796722,0.12390544945658478,0.0
2002-07-15,0.9999984517415702,1.6156858760710157e-06,0.0
2002-07-16,0.9981301449423512,0.0018770178485871547,0.0
2002-07-17,0.8151420230927215,0.1848607905528042,0.0
2002-07-18,0.14068363037086762,0.8929499333131006,0.0
2002-07-19,0.959508578894334,0.07655390563297655,0.0
2002-07-22,0.9995284796638513,0.000621207691826112,0.0
2002-07-23,0.9723411773619854,0.0276656226956095,0.0
2002-07-24,0.5637605107725698,0.44036166940985433,0.0
2002-07-25,0.9998137236040269,0.0003253347594942869,0.0
2002-07-26,0.9984552162962634,0.0015451131861944673,0.0
2002-07-29,0.9896443250303238,0.010363994906316357,0.0
2002-07-30,0.999223101430013,0.0007862959376746101,0.0
2002-07-31,0.01510365814795945,0.9883612933594099,0.0
2002-08-01,0.7967998748994901,0.40753164933142394,0.0
2002-08-02,0.32896100917661936,0.7162154094165066,0.0
2002-08-05,0.983142623517038,0.03043107892483764,0.0
2002-08-06,0.00895872482607608,1.0842736640027464,0.0
2002-08-07,0.5930157334524443,0.8465868759371953,0.0
2002-08-08,0.06894424869688198,1.403989996817409,0.0
2002-08-09,0.006957459798427956,2.076419939479035,0.0
2002-08-12,0.5907842372365958,1.2788243717800987,0.0
2002-08-13,0.800277183003156,0.6820226226809221,0.0
2002-08-14,0.017097943940082596,1.8736213160727277,0.0
2002-08-15,0.04913959423308393,3.0039653533440527,0.0
2002-08-16,0.6129163022258628,1.6596761187374633,0.0
2002-08-19,0.38906558405964053,1.4286583129497075,0.0
2002-08-20,0.8949003492256206,0.33476806570879103,0.0
2002-08-21,0.8924452053688389,0.1346064830764744,0.0
2002-08-22,0.3247771817831141,0.7430096609960377,0.0
2002-08-23,0.03071246795353565,1.9526166871128943,0.0
2002-08-26,0.9946846642918608,0.015547416905497147,0.0
2002-08-27,0.02433635375224251,1.022500529585815,0.0
2002-08-28,0.23101004196862668,1.5540768818088497,0.0
2002-08-29,0.0028562840496542214,1.6245666898793767,0.0
2002-08-30,0.01588841915167898,2.4223803278216605,0.0
2002-09-02,0.0020715865055592818,3.5397250271774894,0.0
2002-09-03,0.9983383311156193,0.007236970872294769,0.0
2002-09-04,0.2757541635824123,0.7526622091086623,0.0
2002-09-05,0.5324617908004117,0.6266481273227761,0.0
2002-09-06,0.9790533617212991,0.03140820671772477,0.0
2002-09-09,0.017575779528363845,1.068901545246099,0.0
2002-09-10,0.42887677743944824,1.2093532508640619,0.0
2002-09-11,0.6634969894593264,0.6887042408244727,0.0
2002-09-12,0.26127173754375016,1.75139725376492,0.0
2002-09-13,0.1366875474976395,2.2085106117172653,0.0
2002-09-17,0.6144460893490226,1.1481732691849267,0.0
2002-09-18,0.9658371950056147,0.08910490641317374,0.0
2002-09-19,0.9931546355700643,0.007150780815275918,0.0
2002-09-20,0.9250557372469159,0.07555248801808556,0.0
2002-09-24,0.6602407382102793,0.36130502078361937,0.0
2002-09-25,0.9889546457637601,0.017439538986052508,0.0
2002-09-26,0.01823976990355891,1.0330964948551369,0.0
2002-09-27,0.007626790853498224,1.959172981988493,0.0
2002-09-30,0.38243957523776956,1.8844776656648021,0.0
2002-10-01,0.2425938028036473,1.9060495676483957,0.0
2002-10-02,0.9999345632709729,0.00021951017781596648,0.0
2002-10-03,0.009545968520996914,0.9951243338185153,0.0
2002-10-04,0.09775654979056596,1.738560667565284,0.0
2002-10-07,0.5513441702451077,1.008911827288875,0.0
2002-10-08,0.004124270565017861,1.8982676066608053,0.0
2002-10-09,0.0033858189056330578,3.4087125680549573,0.0
2002-10-10,0.9971013351224131,0.011475111022851616,0.0
2002-10-11,0.04438188124054478,1.034924965660967,0.0
2002-10-15,0.6344104591804347,0.7763690533871058,0.0
2002-10-16,0.9669168212160227,0.05108358077326843,0.0
2002-10-17,0.016332809953990862,1.0660188094642515,0.0
2002-10-18,0.4863781596145627,1.0799677345651693,0.0
2002-10-21,0.36170152209037515,1.477165496572262,0.0
2002-10-22,0.9989947630919752,0.003280790016304066,0.0
2002-10-23,0.8318176415654456,0.16964992673860996,0.0
2002-10-24,0.04406507484293751,0.9752511222391322,0.0
2002-10-25,0.019017903967116178,1.8351653069429406,0.0
2002-10-28,0.4711009219209512,1.5140850512452109,0.0
2002-10-29,0.00937895323949614,1.8496239718121774,0.0
2002-10-30,0.9915573247557258,0.024872007003536714,0.0
2002-10-31,0.9995093764931442,0.0004951331153987273,0.0
2002-11-01,0.03147837041115223,0.9695169321955971,0.0
2002-11-05,0.05885664635718118,1.6571748517350915,0.0
2002-11-06,0.44643382312680685,1.2520837559841094,0.0
2002-11-07,0.006578111529905459,2.258725095472408,0.0
2002-11-08,0.10747348346855698,3.020865289919063,0.0
2002-11-11,0.26798731696593,2.932506517062019,0.0
2002-11-12,0.3778691731019266,2.302012949544388,0.0
2002-11-13,0.1626183597897855,2.5428048104228758,0.0
2002-11-14,0.022455253835449083,3.3261574285758915,0.0
2002-11-15,0.56567528991861,1.76582592830895,0.0
2002-11-18,0.009202139325652746,4.293965254710581,0.0
2002-11-19,0.014097750056446316,5.581130424333568,0.0
2002-11-20,0.009773077069899256,6.479004151416543,0.0
2002-11-21,0.032349476209381306,6.915788879521051,0.0
2002-11-22,0.06746621991396769,6.875804653555663,0.0
2002-11-25,0.003497855235845265,7.970351044635457,0.0
2002-11-26,0.010278935272485126,8.829649839181982,0.0
2002-11-27,0.6551449797445086,3.4699219339990024,0.0
2002-11-28,0.9698847027363628,0.09078812621741367,0.0
2002-11-29,0.002167545663537689,1.7895647714137644,0.0
2002-12-02,0.0020026811661848502,4.641537692154003,0.0
2002-12-03,0.0020453032907130535,5.205148534703097,0.0
2002-12-04,0.002002945887029043,3.729783757262416,0.0
2002-12-05,0.0020070194243399187,4.066767203019076,0.0
2002-12-06,0.0020010994909724824,4.883750151910798,0.0
2002-12-09,0.002202139847838171,5.890084304195585,0.0
2002-12-10,0.10029014244717871,6.233897899547336,0.0
2002-12-11,0.15219817337421043,3.8918612350506967,0.0
2002-12-12,0.0020010763898443322,8.58688162509429,0.0
2002-12-13,0.36309264606628233,5.66347620111478,0.0
2002-12-16,0.0026074469938511587,9.628962842731994,0.0
2002-12-17,0.00839638897157221,10.74159751170436,0.0
2002-12-18,0.002641657841426499,12.613102643362117,0.0
2002-12-19,0.002569857677417979,13.79588761075204,0.0
2002-12-20,0.008841584599942297,14.668862747167251,0.0
2002-12-24,0.002395880876943195,15.697835743589978,0.0
2002-12-25,0.0020127350084941367,16.545791573867746,0.0
2002-12-26,0.5596527417386244,7.442770099078139,0.0
2002-12-27,0.0021151671697142243,10.47688524528337,0.0
2002-12-30,0.15266515402003275,4.83715573602048,0.0
2003-01-06,0.007874396557121261,6.687151459848491,0.0
2003-01-07,0.9999909723718089,3.556807253203154e-05,0.0
2003-01-08,0.0034606863984395077,0.9991944272113187,0.0
2003-01-09,0.9531128510490787,0.09400565176243117,0.0
2003-01-10,0.9975013395710959,0.002572917602443222,0.0
2003-01-14,0.06153205124249386,0.9425005219725595,0.0
2003-01-15,0.3481468678331993,1.1770219779451119,0.0
2003-01-16,0.011438888823599941,1.4624247772436296,0.0
2003-01-17,0.9685279996170438,0.07560667057946867,0.0
2003-01-20,0.020749880098011028,1.1506060164000533,0.0
2003-01-21,0.29733642799115695,1.4975429766794361,0.0
2003-01-22,0.007480503101598005,2.5749898658514905,0.0
2003-01-23,0.5427634308181876,1.3554712231491581,0.0
2003-01-24,0.010642038168960302,3.0748556674156635,0.0
2003-01-27,0.305532086491375,3.89559075345595,0.0
2003-01-28,0.9977396258923193,0.010219578065729188,0.0
2003-01-29,0.999292455568067,0.0007136242061788077,0.0
2003-01-30,0.005424639518333808,0.9955684311450167,0.0
2003-01-31,0.005533211696952466,1.8514404903293953,0.0
2003-02-03,0.9997258163179512,0.0008215364634816979,0.0
2003-02-04,0.8948810639897273,0.10538575815381762,0.0
2003-02-05,0.9991158772796433,0.0009839115947079464,0.0
2003-02-06,0.004633039643453517,0.9987136776422892,0.0
2003-02-07,0.002196805585506225,1.8367727678473544,0.0
2003-02-10,0.043971831301965095,2.7030790955704993,0.0
2003-02-12,0.8393257793332678,0.6760328909556222,0.0
2003-02-13,0.0043462284388776345,1.6351742174454118,0.0
2003-02-14,0.020961169754289927,3.2038997100494804,0.0
2003-02-17,0.02162447358281968,4.273264751289745,0.0
2003-02-18,0.00301524578518685,5.3087748314033565,0.0
2003-02-19,0.9679139444057735,0.19770099399155405,0.0
2003-02-20,0.011809363853236252,1.3722603608648232,0.0
2003-02-21,0.17719269232226456,1.9805667598512133,0.0
2003-02-24,0.002171689949600692,3.1729293181207314,0.0
2003-02-25,0.005851042967310696,4.129788590141971,0.0
2003-02-26,0.09931943596058704,3.8293140600761575,0.0
2003-02-27,0.0037330290425942997,4.965883940969368,0.0
2003-02-28,0.7259793185595397,1.3208919654580242,0.0
2003-03-03,0.002352943290722864,3.9796640041013287,0.0
2003-03-04,0.002118390847984126,6.629839299961477,0.0
2003-03-05,0.35688941364837323,3.657254348801192,0.0
2003-03-06,0.0020553962872029864,6.107805522262776,0.0
2003-03-07,0.012678646561375321,6.194003530638918,0.0
2003-03-10,0.0021474402045826456,7.630384246615756,0.0
2003-03-11,0.08579733740151757,7.488209266667319,0.0
2003-03-12,0.0020432654821230913,9.277475644978399,0.0
2003-03-13,0.005172330125250401,9.951975138198723,0.0
2003-03-14,0.002023263658476539,10.618289608510224,0.0
2003-03-17,0.9032945697123332,1.1154838288650342,0.0
2003-03-18,0.391571837989218,2.701377330853903,0.0
2003-03-19,0.5636089599035518,1.5122494492706844,0.0
2003-03-20,0.01876853998980836,3.2106788927220293,0.0
2003-03-24,0.4092560457391562,3.4540844977431195,0.0
2003-03-25,0.024412615805622366,5.384605912265037,0.0
2003-03-26,0.0022427706819884595,9.225502283394292,0.0
2003-03-27,0.002023672290338751,14.94819026421824,0.0
2003-03-28,0.006621586474547085,17.043103881281347,0.0
2003-03-31,0.9999909962019414,0.00018429314240858677,0.0
2003-04-01,0.9934820430069802,0.006518757278054298,0.0
2003-04-02,0.9999776166655658,2.257489538526232e-05,0.0
2003-04-03,0.9999989157053167,1.0842997255502679e-06,0.0
2003-04-04,0.33235760250463,0.6676456357398639,0.0
2003-04-07,0.8850206853101825,0.12330610352781175,0.0
2003-04-08,0.32472157163132326,0.7769353944146704,0.0
2003-04-09,0.7252193344014046,0.5068935593127611,0.0
2003-04-10,0.024654103779941972,1.4277894578101624,0.0
2003-04-11,0.9966717984101148,0.007949771540135772,0.0
2003-04-14,0.9759608073010744,0.024627307658473117,0.0
2003-04-15,0.5540536319598676,0.47321767878398024,0.0
2003-04-16,0.979909487043231,0.02475317689999217,0.0
2003-04-17,0.9942104209988828,0.005859622214061579,0.0
2003-04-18,0.6238324468947668,0.3768229923869834,0.0
2003-04-21,0.6684636027422824,0.5045157381251733,0.0
2003-04-22,0.9960385190057669,0.004086395870257141,0.0
2003-04-23,0.9533613126041113,0.04683311400837059,0.0
2003-04-24,0.9299319989546638,0.07258660535619435,0.0
2003-04-25,0.09452636190156463,0.9539250966766701,0.0
2003-04-28,0.10751104230510593,1.6663988463994024,0.0
2003-04-30,0.9923715768051158,0.01973078386462242,0.0
2003-05-01,0.249334347806364,0.8321557299623557,0.0
2003-05-02,0.043120453203164474,1.4900004059851288,0.0
2003-05-06,0.002473688220600373,2.0393404190756534,0.0
2003-05-07,0.005486631265154665,2.8003586054896696,0.0
2003-05-08,0.002013092287356012,3.582538009551893,0.0
2003-05-09,0.5713891523704031,1.9687016854615538,0.0
2003-05-12,0.011680411544057986,3.6783527788673793,0.0
2003-05-13,0.23941265901873085,3.343869307546965,0.0
2003-05-14,0.0022517863477953,5.439239670646759,0.0
2003-05-15,0.005677361971683485,6.925293518407346,0.0
2003-05-16,0.0021267494419854997,8.290338111911868,0.0
2003-05-19,0.06401159801191217,8.922236657351737,0.0
2003-05-20,0.9557679018590876,0.44599248639523603,0.0
2003-05-21,0.06931056662278393,1.7259242469707914,0.0
2003-05-22,0.002493623123837734,4.159755383112091,0.0
2003-05-23,0.006170260364580985,6.20767666928033,0.0
2003-05-26,0.0021948365649697432,7.655052537624957,0.0
2003-05-27,0.005394083420328774,8.699978397132067,0.0
2003-05-28,0.9401284794640943,0.592721013631024,0.0
2003-05-29,0.07497447099214583,1.5810706184061885,0.0
2003-05-30,0.0025335670754241197,3.4588944627595763,0.0
2003-06-02,0.008512699472563447,6.107749547589025,0.0
2003-06-03,0.01046594468301948,8.043655455767363,0.0
2003-06-04,0.2751036609799052,7.392981093123276,0.0
2003-06-05,0.9995156604400699,0.0029329304333586374,0.0
2003-06-06,0.0396539371770234,0.9907556461960879,0.0
2003-06-09,0.006596181461955241,1.9798197331454932,0.0
2003-06-10,0.5806754624407752,1.3499045086782209,0.0
2003-06-11,0.24524111580225622,1.4323874890127168,0.0
2003-06-12,0.9965717401979419,0.0076773106081973715,0.0
2003-06-13,0.005616426527314642,1.0538361350066083,0.0
2003-06-16,0.0020689486187298613,2.2485553354864884,0.0
2003-06-17,0.050692848549211134,3.3952834698107983,0.0
2003-06-18,0.005773147987473118,4.231219573794505,0.0
2003-06-19,0.03530116383983787,5.021434018898664,0.0
2003-06-20,0.9999979445374048,1.3287926672823659e-05,0.0
2003-06-23,0.00204372937220313,1.0068676646323735,0.0
2003-06-24,0.006057990988852903,3.1505685938226,0.0
2003-06-25,0.002078443037364879,4.1997099070784385,0.0
2003-06-26,0.0021559336103969145,4.525212897843564,0.0
2003-06-27,0.002405551855071637,5.694428592826696,0.0
2003-06-30,0.0020004074256901754,5.25958961745778,0.0
2003-07-01,0.40254964580529,4.53099157918607,0.0
2003-07-02,0.6495163551606414,1.1219961316303495,0.0
2003-07-03,0.9988846692633032,0.0029594281277557297,0.0
2003-07-04,0.9923996009104349,0.007626196406772877,0.0
2003-07-07,0.9458453163136076,0.05420159702972358,0.0
2003-07-08,0.9168288284237246,0.08670748776214147,0.0
2003-07-09,0.2953265949523754,0.7544748505840569,0.0
2003-07-10,0.6170589987696816,0.67220194587107,0.0
2003-07-11,0.9703407234355034,0.05127687072677181,0.0
2003-07-14,0.3401912794575284,0.7071486958458445,0.0
2003-07-15,0.9331778265036634,0.11907037453750088,0.0
2003-07-16,0.9648657529904482,0.038130325726153776,0.0
2003-07-17,0.999994516861895,5.871352897421271e-06,0.0
2003-07-18,0.33013112086013185,0.6706411178107784,0.0
2003-07-22,0.07646623271897393,0.9336356181074371,0.0
2003-07-23,0.9757352015585679,0.046164003039386454,0.0
2003-07-24,0.0074980474673477125,1.2518887963230327,0.0
2003-07-25,0.03168783836963538,2.751856535193223,0.0
2003-07-28,0.9830641818503618,0.05566153628752059,0.0
2003-07-29,0.37975687898977245,0.653258249255128,0.0
2003-07-30,0.9878676050255041,0.023527519218574593,0.0
2003-07-31,0.003243368648570723,1.0761681844342226,0.0
2003-08-01,0.990704578860257,0.019591865926184115,0.0
2003-08-04,0.036969063819107625,1.1611146960498286,0.0
2003-08-05,0.002694110896476411,2.0584883588616627,0.0
2003-08-06,0.884990132733747,0.3560303568325974,0.0
2003-08-07,0.002005124227309071,1.2793779229687425,0.0
2003-08-08,0.002022832292963535,2.186429575510954,0.0
2003-08-11,0.006698113167155978,3.2269443497530066,0.0
2003-08-12,0.002052982746802253,4.15977839666412,0.0
2003-08-13,0.026745519164013857,4.6921408307265,0.0
2003-08-14,0.1306972350717864,5.613345186580406,0.0
2003-08-15,0.0036613974193297058,7.043088631354067,0.0
2003-08-18,0.002401303647697387,8.199493901515524,0.0
2003-08-19,0.021040944417002782,8.858995542728236,0.0
2003-08-20,0.0021360965315871698,10.286554946240955,0.0
2003-08-21,0.015431276203084994,11.312392729895336,0.0
2003-08-22,0.002398880545237587,11.805038118333318,0.0
2003-08-25,0.0020527724958831536,12.730875050119302,0.0
2003-08-26,0.34060120037388025,9.041381611497584,0.0
2003-08-27,0.0023051185534718297,13.093757633955416,0.0
2003-08-28,0.0027924044324493936,15.583246386339209,0.0
2003-08-29,0.32693887859272897,10.41262342294921,0.0
2003-09-01,0.9883420062335427,0.05192992530607324,0.0
2003-09-02,0.00204882431632521,2.6460317068802093,0.0
2003-09-03,0.8547066647444634,0.5997719117160223,0.0
2003-09-04,0.014598336642579824,2.5859507266252546,0.0
2003-09-05,0.041680664979318965,5.763703678528118,0.0
2003-09-08,0.22795041718259468,5.001961546652,0.0
2003-09-09,0.8830706285030039,1.0452579811132472,0.0
2003-09-10,0.004422789676630246,6.934967526102173,0.0
2003-09-11,0.9336861691724424,0.3494956515678035,0.0
2003-09-12,0.02390419790109897,2.256480081160059,0.0
2003-09-16,0.002750988396810629,8.372394306221285,0.0
2003-09-17,0.07415137935369222,11.256362697876984,0.0
2003-09-18,0.0033492919477073058,12.732772489018263,0.0
2003-09-19,0.9840228474956799,0.16121861300597823,0.0
2003-09-22,0.9963715503831592,0.0037727516711139704,0.0
2003-09-24,0.7929120566018364,0.2072602676778647,0.0
2003-09-25,0.8315626777574616,0.2025145217413636,0.0
2003-09-26,0.9951201143359291,0.0052966109051402555,0.0
2003-09-29,0.005689677967868104,1.0165716295746454,0.0
2003-09-30,0.2916435742621873,1.4526127432625817,0.0
2003-10-01,0.005727529787100917,1.4549843532554536,0.0
2003-10-02,0.059551632624690806,2.1580417356885233,0.0
2003-10-03,0.0020954911477559044,2.963722169381739,0.0
2003-10-06,0.2752218070340236,2.8693960911932144,0.0
2003-10-07,0.002336922412352757,4.236192921258122,0.0
2003-10-08,0.1940497836104133,4.134503757797526,0.0
2003-10-09,0.0024137183990296006,6.005676040704237,0.0
2003-10-10,0.316317362194248,4.595176440749891,0.0
2003-10-14,0.003101452476840296,6.452196314442475,0.0
2003-10-15,0.03758057903888106,8.010172367066541,0.0
2003-10-16,0.015025311800935163,9.07693196572251,0.0
2003-10-17,0.0031081456534465543,11.355528568128303,0.0
2003-10-20,0.8003153093151327,2.1194561474123654,0.0
2003-10-21,0.9996494995657219,0.0009490803438779313,0.0
2003-10-22,0.9999843168132688,1.5685185383297126e-05,0.0
2003-10-23,0.9999712756892236,2.8738395091387596e-05,0.0
2003-10-24,0.9648504730248157,0.03514954110398957,0.0
2003-10-27,0.00465447907464525,0.9976261170574867,0.0
2003-10-28,0.006014462163053984,1.8353992668818995,0.0
2003-10-29,0.010815271347293777,2.142838791943928,0.0
2003-10-30,0.02189535586229593,2.869484374324852,0.0
2003-10-31,0.7552576758735008,0.9294761301713895,0.0
2003-11-04,0.9958042439906691,0.007526320656675007,0.0
2003-11-05,0.9414741940473593,0.05866996594179553,0.0
2003-11-06,0.99999489195758,5.8857754879100405e-06,0.0
2003-11-07,0.5298996496091545,0.4701707127155216,0.0
2003-11-10,0.007882924769768694,0.9977086198786119,0.0
2003-11-11,0.7993759574336265,0.4010597123657257,0.0
2003-11-12,0.18918338342589042,1.249961606769161,0.0
2003-11-13,0.9770746559190193,0.05280839522782743,0.0
2003-11-14,0.9861611551097793,0.014129924352594268,0.0
2003-11-17,0.9994614187526676,0.0005490549096337673,0.0
2003-11-18,0.7082405193249596,0.2918451326416406,0.0
2003-11-19,0.9999999998920132,1.6857947412009535e-10,0.0
2003-11-20,0.6124331529180678,0.38756744067186527,0.0
2003-11-21,0.1417344448287717,0.8585191125283504,0.0
2003-11-25,0.9535087804957738,0.08046732859770017,0.0
2003-11-26,0.7312773740795365,0.2699184057930413,0.0
2003-11-27,0.002291344505277996,1.1868137818945121,0.0
2003-11-28,0.0020896112920764124,2.0896674435484064,0.0
2003-12-01,0.9999943953415188,1.918545749400204e-05,0.0
2003-12-02,0.20331568744694847,0.7968002823842188,0.0
2003-12-03,0.031062081858504332,0.9953820144004205,0.0
2003-12-04,0.012335225964726382,1.9270916619793022,0.0
2003-12-05,0.05603976028413492,2.6826070790478833,0.0
2003-12-08,0.9976300544813346,0.009242885892069197,0.0
2003-12-09,0.973617512238787,0.02653202914183808,0.0
2003-12-10,0.3541102433988012,0.6545693086933474,0.0
2003-12-11,0.16773876320754438,1.216599563862272,0.0
2003-12-12,0.3086156860278416,1.4655897463610168,0.0
2003-12-15,0.9997456932660954,0.0007163408441432268,0.0
2003-12-16,0.98088477436006,0.019138077849807877,0.0
2003-12-17,0.9890050109092584,0.011060448107379146,0.0
2003-12-18,0.02710956760029361,0.9918469857446156,0.0
2003-12-19,0.9974959216831485,0.005072563944710048,0.0
2003-12-22,0.9993335585548496,0.0006671044670176536,0.0
2003-12-24,0.1076890401994253,0.8938326084109565,0.0
2003-12-25,0.007514420113880747,1.067177135136622,0.0
2003-12-26,0.009536729581128675,1.9514470208282104,0.0
2003-12-29,0.7914234565255889,0.6189326243817806,0.0
2003-12-30,0.9999999293835159,9.621804626699733e-08,0.0
2004-01-05,0.9428565241247719,0.0571434856837199,0.0
2004-01-06,0.9973144284576069,0.002688759040702468,0.0
2004-01-07,0.012240477011808066,0.9911359554176106,0.0
2004-01-08,0.005106342065826523,1.7644579115189047,0.0
2004-01-09,0.46304370888013935,1.475975756430452,0.0
2004-01-13,0.00538567636932865,1.8015597120618925,0.0
2004-01-14,0.010228339798076748,2.7067660680806442,0.0
2004-01-15,0.8057236948365318,0.6257558078204241,0.0
2004-01-16,0.9904750965690544,0.01141993082945323,0.0
2004-01-19,0.025130387310793284,1.1610626423493067,0.0
2004-01-20,0.06847328452628187,2.8548385527131503,0.0
2004-01-21,0.26137426188270996,2.96521613927922,0.0
2004-01-22,0.010255787044710541,3.5427786901710716,0.0
2004-01-23,0.011272809740542606,3.963778440436398,0.0
2004-01-26,0.0062970196427672214,4.622737483590736,0.0
2004-01-27,0.9539999015542118,0.2778456398571861,0.0
2004-01-28,0.17633356272640666,1.0775595616095885,0.0
2004-01-29,0.0083389158959259,1.9287638692861968,0.0
2004-01-30,0.002000403019845512,2.4308904769114292,0.0
2004-02-02,0.002002318823179452,2.939444541744735,0.0
2004-02-03,0.04231557772517934,3.5956351614985786,0.0
2004-02-04,0.0051963307324046654,4.416424992171431,0.0
2004-02-05,0.8701862822393917,0.6838235840455712,0.0
2004-02-06,0.002018407418840141,4.8406791246967895,0.0
2004-02-09,0.1706484878008785,5.773696924153741,0.0
2004-02-10,0.002472454318193233,7.173166029208281,0.0
2004-02-12,0.009713035558835632,8.809158794925384,0.0
2004-02-13,0.008761242031236597,9.767872493872659,0.0
2004-02-16,0.002020515706483377,10.431465547893495,0.0
2004-02-17,0.014596882850440569,11.018635211796745,0.0
2004-02-18,0.050542158464714056,11.305747831765519,0.0
2004-02-19,0.0031262444603846217,11.402336122403154,0.0
2004-02-20,0.0020501469096253647,11.941800765834799,0.0
2004-02-23,0.010647024369475129,13.586254122162087,0.0
2004-02-24,0.29778996949393405,10.738280152976838,0.0
2004-02-25,0.009086481944880966,13.182127777776982,0.0
2004-02-26,0.06081325879287875,13.97419043357389,0.0
2004-02-27,0.5072572938733149,7.234795952110747,0.0
2004-03-01,0.03716760123925514,8.2960635259034,0.0
2004-03-02,0.1584165991733209,7.614980661310838,0.0
2004-03-03,0.0022278282073749057,12.2663297788121,0.0
2004-03-04,0.00265983479169793,17.643378999179927,0.0
2004-03-05,0.01996621781258296,19.386907341740493,0.0
2004-03-08,0.0023463213001295746,23.959486942491772,0.0
2004-03-09,0.006014280978313758,25.40597724126706,0.0
2004-03-10,0.00201640639074079,28.402151972367133,0.0
2004-03-11,0.14779023203532746,23.112287777677707,0.0
2004-03-12,0.12066895580048287,15.98746865735504,0.0
2004-03-15,0.908497813061952,0.7619601026308276,0.0
2004-03-16,0.01097528385915647,1.4708102227657698,0.0
2004-03-17,0.0020198213805971885,5.211663087741009,0.0
2004-03-18,0.7762256502837455,1.4679112579198357,0.0
2004-03-19,0.0032966951766105986,4.637983668477611,0.0
2004-03-22,0.00756054490722636,7.982600137719745,0.0
2004-03-23,0.18267702244078107,5.456313331396872,0.0
2004-03-24,0.002036703829562508,10.310453331023563,0.0
2004-03-25,0.09904283722051486,14.096966943409374,0.0
2004-03-26,0.03724348553536564,17.811145407927615,0.0
2004-03-29,0.002397661623525625,22.567011900984255,0.0
2004-03-30,0.9665232752759014,0.744547865236078,0.0
2004-03-31,0.01580505324332875,3.2069782504492412,0.0
2004-04-01,0.002568631835248284,10.766171909554329,0.0
2004-04-02,0.0020263977523353512,18.936940042651955,0.0
2004-04-05,0.9990326097224452,0.02111248123594296,0.0
2004-04-06,0.4873903517407959,0.6532476184936447,0.0
2004-04-07,0.13018509625934577,1.3558437018265654,0.0
2004-04-08,0.002135363876725935,2.653234225193405,0.0
2004-04-09,0.0022099464867101682,4.50391729121292,0.0
2004-04-12,0.002154635665443499,7.209003756093061,0.0
2004-04-13,0.9404893677883935,0.406757028914579,0.0
2004-04-14,0.01763974418152804,2.378290087227186,0.0
2004-04-15,0.997740728699155,0.015784832532888118,0.0
2004-04-16,0.08016664602514574,1.0039745786750665,0.0
2004-04-19,0.873824618940238,0.25007386211441607,0.0
2004-04-20,0.33838798044295587,0.7164700763270379,0.0
2004-04-21,0.0025679769041569247,1.5157955617215364,0.0
2004-04-22,0.38961923764337275,1.524728310553247,0.0
2004-04-23,0.011939169244197351,1.6409403797510962,0.0
2004-04-26,0.00211621472196473,2.4429731719463295,0.0
2004-04-27,0.0023931593007241207,3.3005357945803757,0.0
2004-04-28,0.10190240339857143,3.8634468178837778,0.0
2004-04-30,0.7160844786945904,1.3986734202570648,0.0
2004-05-06,0.9996021532993686,0.0009868824189931003,0.0
2004-05-07,0.9294442213910854,0.0706562750815122,0.0
2004-05-10,0.9999999854263636,1.7904409070789413e-08,0.0
2004-05-11,0.9535388759606348,0.04646114763893771,0.0
2004-05-12,0.9991632611964828,0.000839876860898572,0.0
2004-05-13,0.9999482130990236,5.1796061462134695e-05,0.0
2004-05-14,0.9837044335750464,0.016297906753392575,0.0
2004-05-17,0.9999996966103802,3.518945368919126e-07,0.0
2004-05-18,0.9999909575594658,9.042440534225778e-06,0.0
2004-05-19,0.9961575827138852,0.0038425558902493518,0.0
2004-05-20,0.9961721980072867,0.003827936421146058,0.0
2004-05-21,0.9974995338394069,0.0025073569024049204,0.0
2004-05-24,0.17456425437435508,0.8263418272223791,0.0
2004-05-25,0.13839159903933465,1.2004616204896443,0.0
2004-05-26,0.9924145060819219,0.020100750660794562,0.0
2004-05-27,0.040150454500438755,1.015732296959568,0.0
2004-05-28,0.9924017979612754,0.015430911103849223,0.0
2004-05-31,0.9505619123951206,0.05155517277959898,0.0
2004-06-01,0.022179035589306822,0.9850958699505244,0.0
2004-06-02,0.002994224760053332,1.9586543009648272,0.0
2004-06-03,0.998695517657849,0.003891218068281864,0.0
2004-06-04,0.011999408092690391,1.031289635102306,0.0
2004-06-07,0.9898520758020345,0.024002881173393012,0.0
2004-06-08,0.9989570008204535,0.0010500704603363508,0.0
2004-06-09,0.0021712882043916477,1.0126826910680666,0.0
2004-06-10,0.9998905609164432,0.00022649516923544725,0.0
2004-06-11,0.05853818101959454,0.9417463157779907,0.0
2004-06-14,0.9555166182258219,0.08569304060391271,0.0
2004-06-15,0.013915694808929263,1.0047114593904352,0.0
2004-06-16,0.7293033570481415,0.541997724575523,0.0
2004-06-17,0.17838505654672743,1.1261940519489646,0.0
2004-06-18,0.3763428796700913,1.387938220333843,0.0
2004-06-21,0.8596049215406619,0.2956185843586318,0.0
2004-06-22,0.11021163855977029,1.4118484024228954,0.0
2004-06-23,0.47478507493061856,1.313520095938879,0.0
2004-06-24,0.9992100454854692,0.001747945696898263,0.0
2004-06-25,0.0447531959283101,1.1061391523430724,0.0
2004-06-28,0.003988795589776474,2.388519313869995,0.0
2004-06-29,0.8395515751535262,0.5771498609060437,0.0
2004-06-30,0.0038347712842121753,2.1375730830980273,0.0
2004-07-01,0.7791194855927334,0.6570861088340916,0.0
2004-07-02,0.677598782244837,0.5464618004789589,0.0
2004-07-05,0.020571997465958187,1.6655415702915486,0.0
2004-07-06,0.0029314699566003583,2.820073035118546,0.0
2004-07-07,0.5858932438459099,1.4435568706997448,0.0
2004-07-08,0.002180041652750841,3.0149389056638842,0.0
2004-07-09,0.3012303574708869,2.4239246132599686,0.0
2004-07-12,0.35151358276681227,1.4460948927869441,0.0
2004-07-13,0.002095796791769569,3.022874322740169,0.0
2004-07-14,1.0,0.0,0.0
2004-07-15,0.21818853498537769,0.7818114650146223,0.0
2004-07-16,0.8096009206191743,0.19050957985643785,0.0
2004-07-20,0.1286514225828897,1.2532719436397044,0.0
2004-07-21,0.7770493644435371,0.5655458189615433,0.0
2004-07-22,0.9735940796945115,0.039123156797486305,0.0
2004-07-23,0.002432741465800275,1.117529595254879,0.0
2004-07-26,0.9956998940399717,0.008756005579703656,0.0
2004-07-27,0.009321075227514066,1.0002117296229283,0.0
2004-07-28,0.1385904305649075,1.7260288106811887,0.0
2004-07-29,0.09271577439959616,1.9839322347343622,0.0
2004-07-30,0.9999990762615997,3.1077772301995753e-06,0.0
2004-08-02,0.00234104915876559,0.9983488878357045,0.0
2004-08-03,0.0030386987101607464,1.3569759604726943,0.0
2004-08-04,0.15685132327679777,2.055067905335549,0.0
2004-08-05,0.016019556364848687,2.9385172169691414,0.0
2004-08-06,0.9965411186034364,0.013209238978803502,0.0
2004-08-09,0.9978706089477777,0.002155708785907853,0.0
2004-08-10,0.9964603557676078,0.003590948764334105,0.0
2004-08-11,0.9958639242299089,0.004138083280401092,0.0
2004-08-12,0.31620809775000064,0.6866071391150175,0.0
2004-08-13,0.9999984580671213,2.9585682673858817e-06,0.0
2004-08-16,0.1378622320412683,0.8623492814371356,0.0
2004-08-17,0.4489448273299448,0.6085634542321993,0.0
2004-08-18,0.0021175385403647954,1.7365598277749301,0.0
2004-08-19,0.22865532058242663,1.8131746032096019,0.0
2004-08-20,0.002600057785387675,3.0171823806238547,0.0
2004-08-23,0.0025468285506110365,3.2117929767402527,0.0
2004-08-24,0.0020082401946733175,4.13642000229999,0.0
2004-08-25,0.026434722197645276,5.392331214998821,0.0
2004-08-26,0.004775089470000835,6.3013864187861195,0.0
2004-08-27,0.002000592410137903,6.683031185415266,0.0
2004-08-30,0.0020047718381786617,6.50894912230191,0.0
2004-08-31,0.00203233346687073,7.180204639984984,0.0
2004-09-01,0.0020065190825468864,8.289493043802402,0.0
2004-09-02,0.13701699942283244,8.08805210479717,0.0
2004-09-03,0.9968756839410698,0.017380746662607464,0.0
2004-09-06,0.04680223669355762,1.0614752868704196,0.0
2004-09-07,0.0020419635156102155,3.8188394878360366,0.0
2004-09-08,0.0587168570465058,5.559713662307646,0.0
2004-09-09,0.0025086504812598044,8.390916233013863,0.0
2004-09-10,0.040795554425937325,9.573381092853584,0.0
2004-09-13,0.008154677476171525,11.049844765291748,0.0
2004-09-14,0.002999980053505541,12.984465033644591,0.0
2004-09-15,0.07855050227240118,10.589048339079708,0.0
2004-09-16,0.39311198190285884,6.000756895149085,0.0
2004-09-17,0.0020031467234626404,13.219172651597976,0.0
2004-09-21,0.879537700213494,1.1059711222523694,0.0
2004-09-22,0.008670738497571096,5.507293578422699,0.0
2004-09-24,0.0036811925115850046,14.246116610673523,0.0
2004-09-27,0.00208647294887829,20.46635103282308,0.0
2004-09-28,0.0022253845714271065,22.83278891089052,0.0
2004-09-29,0.9140610932870614,1.8414087712086418,0.0
2004-09-30,0.08431525108954097,3.86216070450382,0.0
2004-10-01,0.987065797112731,0.03172125720678927,0.0
2004-10-04,0.924652307407823,0.11266096659737404,0.0
2004-10-05,0.0020009308714143,1.3259251775832814,0.0
2004-10-06,0.9883211359663263,0.0284236200150721,0.0
2004-10-07,0.002004708356800667,1.0308876085412595,0.0
2004-10-08,0.015746403571715178,2.108222152130743,0.0
2004-10-12,0.002198054867732102,4.346125901747202,0.0
2004-10-13,0.0027276870418133877,9.284776299874652,0.0
2004-10-14,0.9998699538078545,0.0008041919314582595,0.0
2004-10-15,0.05899148197880793,1.7285305269518598,0.0
2004-10-18,0.03476397873678692,5.02092429232081,0.0
2004-10-19,0.002056909225546431,6.324407389815183,0.0
2004-10-20,0.002612945188862118,7.4718474167946605,0.0
2004-10-21,0.002214001298330922,9.089281606781302,0.0
2004-10-22,0.003549698050974317,10.683855480889399,0.0
2004-10-25,0.1459937257064933,8.325171608720915,0.0
2004-10-26,0.0020015146728147456,10.675045211193023,0.0
2004-10-27,0.6257201262483769,3.5063827980211086,0.0
2004-10-28,0.9693757431146672,0.09647321887146391,0.0
2004-10-29,0.0027249101925470747,1.220797715695418,0.0
2004-11-01,0.005426298282827876,2.1611361516008896,0.0
2004-11-02,0.6433724115145482,1.0809373520988632,0.0
2004-11-04,0.9999997333101347,7.43408564401526e-07,0.0
2004-11-05,0.9897224672826624,0.010277600300973005,0.0
2004-11-08,0.9881339661950932,0.011878854363041298,0.0
2004-11-09,0.002751138972918432,1.0134373867483109,0.0
2004-11-10,0.0020094844651613697,1.8602139260990829,0.0
2004-11-11,0.9967943180318802,0.009652645453026723,0.0
2004-11-12,0.99999319485434,7.067613576862836e-06,0.0
2004-11-15,0.9896284143377242,0.010371623196076178,0.0
2004-11-16,0.004008786337909908,0.9969253247886138,0.0
2004-11-17,0.18655946827984266,1.6253133148188663,0.0
2004-11-18,0.6702553221922903,0.6985760418389904,0.0
2004-11-19,0.014567076632459793,1.5871666960373272,0.0
2004-11-22,0.5120896139286312,0.9970768112245515,0.0
2004-11-24,0.019495170170445907,2.03749672551887,0.0
2004-11-25,0.003144342742561281,3.0297252787446665,0.0
2004-11-26,0.27051921383850835,3.2283526719612867,0.0
2004-11-29,0.05263767625379323,3.7070868272514934,0.0
2004-11-30,0.009196780574700428,3.668112293621797,0.0
2004-12-01,0.948358132735434,0.1779032919738067,0.0
2004-12-02,0.9996148896730542,0.0003920401832028392,0.0
2004-12-03,0.9685532301121337,0.03145483210245514,0.0
2004-12-06,0.0020195411151247285,1.0030901249799655,0.0
2004-12-07,0.0025471052246223177,1.9538117973953242,0.0
2004-12-08,0.9999944754920327,1.6602350306021795e-05,0.0
2004-12-09,0.21387484068111226,0.7861611578216113,0.0
2004-12-10,0.08142320253153049,1.0130726124200922,0.0
2004-12-13,0.0637352932502766,1.547370595465758,0.0
2004-12-14,0.0020043409457181707,2.53481080741869,0.0
2004-12-15,0.0020037277522963258,3.4703370081615823,0.0
2004-12-16,0.0024335823985826253,4.416191221396066,0.0
2004-12-17,0.00365491875891546,5.487798976718314,0.0
2004-12-20,0.0020034061336008597,5.868221747568441,0.0
2004-12-21,0.0020813263999146315,6.443775785232238,0.0
2004-12-22,0.8224537372601214,1.4012231965050506,0.0
2004-12-24,0.9974485497934759,0.0026728543795335674,0.0
2004-12-27,0.0020037697200238113,1.0193631488511679,0.0
2004-12-28,0.998164814367245,0.003740515126635008,0.0
2004-12-29,0.9458116039337918,0.05421418415020161,0.0
2004-12-30,0.9999539954556995,6.143091705195284e-05,0.0
2005-01-04,0.002910243313972368,0.9986459044061736,0.0
2005-01-05,0.005991119053686046,1.985727008219333,0.0
2005-01-06,1.0,0.0,0.0
2005-01-07,0.9999996636660488,3.363339512452157e-07,0.0
2005-01-11,0.0020330594929000322,0.9979669451081917,0.0
2005-01-12,0.0024730668191132324,1.3644158268501285,0.0
2005-01-13,0.0027976549213692995,1.9856969741397072,0.0
2005-01-14,0.0031774430757670344,2.9842369065015566,0.0
2005-01-17,0.0020098485038292143,3.987512998827582,0.0
2005-01-18,0.00295820652826932,4.971853179313248,0.0
2005-01-19,0.015956436866643872,5.815287708657244,0.0
2005-01-20,0.0021050300143216146,6.813933239214548,0.0
2005-01-21,0.2655778537890464,4.6132771190023565,0.0
2005-01-24,0.009922276601930999,3.053416141512585,0.0
2005-01-25,0.0020036841572983956,6.315668926973774,0.0
2005-01-26,0.19495075995943134,4.321939119363897,0.0
2005-01-27,0.0020046024320194713,8.076309895542447,0.0
2005-01-28,0.0025235070801432097,8.74472465039879,0.0
2005-01-31,0.00507503188675927,9.106738486788984,0.0
2005-02-01,0.0031335472791133336,9.867292221269402,0.0
2005-02-02,0.008249496099085861,10.932468558155282,0.0
2005-02-03,0.0020241266722518542,12.137198143793103,0.0
2005-02-04,0.002225500473713122,12.964134207971803,0.0
2005-02-07,0.002005021587545384,13.527555106090947,0.0
2005-02-08,0.0020000305992567743,15.292207202011266,0.0
2005-02-09,0.002041993923356768,16.529663696012065,0.0
2005-02-10,0.3309126001407335,11.64335700587893,0.0
2005-02-14,0.9733369899735678,0.16995249760731473,0.0
2005-02-15,0.0020002683071762705,9.060222453099575,0.0
2005-02-16,0.0024940175679086757,20.38010515794997,0.0
2005-02-17,0.003035867503085222,22.088296344550923,0.0
2005-02-18,0.8056143671597824,4.558607645006289,0.0
2005-02-21,0.006416605128632032,2.696565385277664,0.0
2005-02-22,0.002004213136251166,7.025695909493825,0.0
2005-02-23,0.9788087049711881,0.08341207753562259,0.0
2005-02-24,0.002040200903839597,1.098856740937484,0.0
2005-02-25,0.01503751501582759,2.1255281598531055,0.0
2005-02-28,0.9999969940180208,9.033259708117658e-06,0.0
2005-03-01,0.003858677221635999,0.9962690725252655,0.0
2005-03-02,0.0021353023353368862,1.1081339103820227,0.0
2005-03-03,0.9726861586863442,0.06819201433156825,0.0
2005-03-04,0.15600684900080375,1.0217022929506716,0.0
2005-03-07,0.762147830872143,0.4598672382861824,0.0
2005-03-08,0.03290783124645902,1.2860208178174237,0.0
2005-03-09,0.39741263457531467,1.3596527419623108,0.0
2005-03-10,0.9965855663264106,0.009193068996346702,0.0
2005-03-11,0.7790902831185317,0.221928082172751,0.0
2005-03-14,0.9969469199566443,0.004709131899669095,0.0
2005-03-15,0.9495422828060471,0.05314006230690867,0.0
2005-03-16,0.0020375722912892966,1.0151647894150349,0.0
2005-03-17,0.9996494856548568,0.0007565165779958469,0.0
2005-03-18,0.0065085488445754056,1.0055575033450646,0.0
2005-03-22,0.002014476050869881,1.5548928053727162,0.0
2005-03-23,0.03417970029470787,2.0330782700071444,0.0
2005-03-24,0.011983131065890907,2.9356534909979617,0.0
2005-03-25,0.12388640487914152,3.413274019274124,0.0
2005-03-28,0.9362008145120809,0.18862553988093783,0.0
2005-03-29,0.9991142705121973,0.0009336988807437327,0.0
2005-03-30,0.10023695091757222,0.9014228669492865,0.0
2005-03-31,0.08248927392409239,1.3926209435910044,0.0
2005-04-01,0.998745221893291,0.0036406896235171003,0.0
2005-04-04,0.8764251845705299,0.12375445907744523,0.0
2005-04-05,0.0035691573284624893,1.0117847203831984,0.0
2005-04-06,0.002070968902999075,1.880586747109279,0.0
2005-04-07,0.025036933728095165,2.7247782693388793,0.0
2005-04-08,0.013009070218615353,3.356846099028566,0.0
2005-04-11,0.9999883621167912,5.5972819031703866e-05,0.0
2005-04-12,0.0021925804220132824,1.006938479389777,0.0
2005-04-13,0.0031765457198917554,1.5711751351017917,0.0
2005-04-14,0.03186326358777486,2.6168621028767287,0.0
2005-04-15,0.061961085420265745,3.7733158549688626,0.0
2005-04-18,0.9999857512530079,6.884340972088284e-05,0.0
2005-04-19,0.9330351263069553,0.06697949327690553,0.0
2005-04-20,0.9999250564899794,9.07507839770497e-05,0.0
2005-04-21,0.9999277457003941,7.22577613010999e-05,0.0
2005-04-22,0.9999999995171807,4.828193404759369e-10,0.0
2005-04-25,0.11438571000940444,0.885614325967284,0.0
2005-04-26,0.2546088937227408,0.7463022774663258,0.0
2005-04-27,0.9999986427688611,2.43339338929445e-06,0.0
2005-04-28,0.9442597729283713,0.055742244181792355,0.0
2005-05-02,0.976483354879062,0.023544742069683718,0.0
2005-05-06,0.9999998127100005,1.9250712458113596e-07,0.0
2005-05-09,0.17847889804780231,0.8215405214497337,0.0
2005-05-10,0.026703641110661605,0.9806768998033594,0.0
2005-05-11,0.8436795186223448,0.3088563640774595,0.0
2005-05-12,0.002143470633218136,2.4801886248615532,0.0
2005-05-13,0.21302011030302226,2.929895973147022,0.0
2005-05-16,0.6695919771020928,1.2715062887436082,0.0
2005-05-17,0.9999999201706012,1.4587648282785313e-07,0.0
2005-05-18,0.09785250260713985,0.9021920915433908,0.0
2005-05-19,0.9999879966551111,2.3920916310316308e-05,0.0
2005-05-20,0.9998196161358474,0.00018038434379901133,0.0
2005-05-23,0.742529496856847,0.2574882884335027,0.0
2005-05-24,0.8111963987189349,0.19373264188281325,0.0
2005-05-25,0.9224114535914102,0.08823259304149797,0.0
2005-05-26,0.005947183024853111,1.1160561438705483,0.0
2005-05-27,0.9648779655702711,0.07199815122382383,0.0
2005-05-30,0.0028767515005122765,1.2835705705248113,0.0
2005-05-31,0.003068045648704007,2.494052661363847,0.0
2005-06-01,1.0,0.0,0.0
2005-06-02,0.004492673706662811,0.9955073262933372,0.0
2005-06-03,0.05861469289673562,0.9539510622315891,0.0
2005-06-06,0.700348503355653,0.5437668967060373,0.0
2005-06-07,0.0026317407606206537,2.369331983287231,0.0
2005-06-08,0.002767789019867481,3.7868044407450956,0.0
2005-06-09,0.9652501111833834,0.14276582831235296,0.0
2005-06-10,0.021396335122209034,1.306505410903197,0.0
2005-06-13,0.0036371612097775116,3.1439448311879774,0.0
2005-06-14,0.09379984212737279,3.5784545535456616,0.0
2005-06-15,0.00200023210128139,6.154724688045591,0.0
2005-06-16,0.0020025263054030016,6.5976088657165315,0.0
2005-06-17,0.003945959807164919,4.822873604052521,0.0
2005-06-20,0.0020441978603403235,6.0404625511379635,0.0
2005-06-21,0.0020000224422032807,4.657789199908622,0.0
2005-06-22,0.0020098275841451576,5.127807233797903,0.0
2005-06-23,0.0020014587361348725,5.848158029254664,0.0
2005-06-24,0.9999997386125322,1.8895657155176292e-06,0.0
2005-06-27,0.5928251746958204,0.4071814747456499,0.0
2005-06-28,0.021414519814970532,0.9797682502997694,0.0
2005-06-29,0.1100493753382685,1.7544243835512898,0.0
2005-06-30,0.002001539531474201,2.359956446874146,0.0
2005-07-01,0.002998322524300807,3.470817154224205,0.0
2005-07-04,0.18664085307739434,3.3520219216217253,0.0
2005-07-05,0.0020003470637957902,4.149953554051928,0.0
2005-07-06,0.0052225286599400095,5.64364383394927,0.0
2005-07-07,0.0020039684086602264,6.4290392579060835,0.0
2005-07-08,0.9080842809174189,0.718022579682028,0.0
2005-07-11,0.9999997256375412,3.052688817708339e-07,0.0
2005-07-12,0.999927155542602,7.284447255515905e-05,0.0
2005-07-13,0.9880442051999223,0.011956306521892633,0.0
2005-07-14,0.010042152927518536,0.9992504365806385,0.0
2005-07-15,0.9999999964248197,7.295204155620393e-09,0.0
2005-07-19,0.0024734915082227967,0.997529560926954,0.0
2005-07-20,0.003990797630007022,1.0082362844657144,0.0
2005-07-21,0.3555833277057655,1.2832147564828726,0.0
2005-07-22,0.08223284919004759,1.2433900782452267,0.0
2005-07-25,0.002253018675691874,2.6454878941861955,0.0
2005-07-26,0.0020301225427212157,4.3478358797963,0.0
2005-07-27,0.00375703156142952,5.343917156831493,0.0
2005-07-28,0.998619983774777,0.007285193442698985,0.0
2005-07-29,0.9683585182723379,0.033230220187114475,0.0
2005-08-01,0.0021004717957528126,1.0228016884099567,0.0
2005-08-02,0.0021704238258311113,2.0782898545759916,0.0
2005-08-03,0.7000697926897566,0.9329008917849968,0.0
2005-08-04,0.05402348716228662,1.8090751204995061,0.0
2005-08-05,0.08210052183204018,2.6265556074835654,0.0
2005-08-08,0.9999664686612411,0.0001637761906965995,0.0
2005-08-09,0.6777258177087816,0.3224341145589711,0.0
2005-08-10,0.6970044448497559,0.31663853076997306,0.0
2005-08-11,0.6248159209240588,0.4644049087350729,0.0
2005-08-12,0.0229713835749121,1.2383253404471901,0.0
2005-08-15,0.008369000760348638,2.0188565551407986,0.0
2005-08-16,0.9996175901835915,0.001155527534734129,0.0
2005-08-17,0.7495616512715766,0.25129875947521046,0.0
2005-08-18,0.018592638599946747,1.011557114607763,0.0
2005-08-19,0.007183518740800898,1.936040110258985,0.0
2005-08-22,0.05545434618548922,2.755042802240344,0.0
2005-08-23,0.44748826123606067,2.1116559141311666,0.0
2005-08-24,0.9476637707306488,0.1670376438120611,0.0
2005-08-25,0.010690643759366849,1.0927428466769227,0.0
2005-08-26,0.022492121860550253,2.0672566373594106,0.0
2005-08-29,0.002020134277121298,2.811944419963234,0.0
2005-08-30,0.992738856431694,0.0283040874019835,0.0
2005-08-31,0.002000057350285846,1.365903638442167,0.0
2005-09-01,0.10198057722004705,2.9164163066496664,0.0
2005-09-02,0.2220018739516646,3.172577085852298,0.0
2005-09-05,0.0020043776446158367,5.604642166244605,0.0
2005-09-06,0.006829851636948873,6.618654043985167,0.0
2005-09-07,0.9868655129727519,0.08513259216214018,0.0
2005-09-08,0.002003193425783835,3.6082457585329557,0.0
2005-09-09,0.6962773233351174,1.486674900094601,0.0
2005-09-12,0.9980632335052704,0.005814857132615982,0.0
2005-09-13,0.0020378480014624596,1.060118915757139,0.0
2005-09-14,0.37017389013182483,1.4583399898578688,0.0
2005-09-15,0.9976369832201002,0.006504940576099909,0.0
2005-09-16,0.00427915759848867,1.003679153211933,0.0
2005-09-20,0.7023496309348461,0.5967920990304405,0.0
2005-09-21,0.003365773314832838,1.1985959464655427,0.0
2005-09-22,0.5543142687129293,0.939688333645118,0.0
2005-09-26,0.09710174915687884,1.6568769321601173,0.0
2005-09-27,0.0020045355657862876,2.3209458907715277,0.0
2005-09-28,0.02057422554278139,3.019273949398676,0.0
2005-09-29,0.3045554647730207,2.4759870249431275,0.0
2005-09-30,0.9680440892209848,0.1141252782128576,0.0
2005-10-03,0.0022421415903130493,1.3141543450119098,0.0
2005-10-04,0.9730954630547046,0.09208990023829945,0.0
2005-10-05,0.002181168466414047,2.0790670671501985,0.0
2005-10-06,0.02169627829379906,5.370219809897698,0.0
2005-10-07,0.03497120276510227,6.518847241455084,0.0
2005-10-11,0.9484154997844345,0.3364472038751487,0.0
2005-10-12,0.3007859155493648,0.7982140336333987,0.0
2005-10-13,0.23513514621104653,1.1672997695123324,0.0
2005-10-14,0.9999885098702654,3.098207426680203e-05,0.0
2005-10-17,0.6691871257968005,0.3308868182913002,0.0
2005-10-18,0.002876241484569252,1.0034859410483268,0.0
2005-10-19,0.05160205567134046,1.8955769831117808,0.0
2005-10-20,0.8866895713957041,0.33253416329093205,0.0
2005-10-21,0.9981475908178272,0.004532775207426518,0.0
2005-10-24,0.6609935005925134,0.3456372550786138,0.0
2005-10-25,0.5742515400137134,0.45602614917276424,0.0
2005-10-26,0.02934792498481302,1.346186858058185,0.0
2005-10-27,0.00241717328759717,2.3071153990576696,0.0
2005-10-28,0.007148943610630929,3.2614151733763204,0.0
2005-10-31,0.9999145127080407,0.0003660301798406473,0.0
2005-11-01,0.9695920053646382,0.030420692029281785,0.0
2005-11-02,0.0022551259838592573,1.0004031415002173,0.0
2005-11-04,0.9987353873234897,0.002529507554751494,0.0
2005-11-07,0.0034961283756770947,1.0057651835181174,0.0
2005-11-08,0.002386520904447907,1.5620365898901265,0.0
2005-11-09,0.17614044589685032,1.7954369089161997,0.0
2005-11-10,0.006480154525283457,2.817102037173838,0.0
2005-11-11,0.9403478744266933,0.23373271539113397,0.0
2005-11-14,0.9993428809707144,0.000662225042120472,0.0
2005-11-15,0.00232618482576915,1.0027112660553612,0.0
2005-11-16,0.7128616245477988,0.5763871667665416,0.0
2005-11-17,0.06767900535500629,0.9813667257164227,0.0
2005-11-18,0.994111877126394,0.01264369065941011,0.0
2005-11-21,0.08387313119933583,1.1051087707483853,0.0
2005-11-22,0.0020158384840988793,2.0360549535687995,0.0
2005-11-24,0.16220277920873089,3.0138711083364704,0.0
2005-11-25,0.0022422063284239487,3.2373345572084418,0.0
2005-11-28,0.0021656507539227644,3.962271389335517,0.0
2005-11-29,0.010048162465772921,4.27332368730845,0.0
2005-11-30,0.004053751396035262,4.650566229222505,0.0
2005-12-01,0.009842663656510573,5.1765882623731265,0.0
2005-12-02,0.12927343560300825,5.302328167498568,0.0
2005-12-05,0.002034102363879527,6.096879965221843,0.0
2005-12-06,0.0020003227829300282,6.420315058942277,0.0
2005-12-07,0.008488667832594261,6.879705486250888,0.0
2005-12-08,0.013707497579156363,8.108382921773785,0.0
2005-12-09,0.6220697138396709,3.6037347583140003,0.0
2005-12-12,0.006109385848865787,7.359707192544459,0.0
2005-12-13,0.002012888614239625,10.140991589034186,0.0
2005-12-14,0.9496253856635697,0.5296235149380035,0.0
2005-12-15,0.007252086420328347,1.969419605256169,0.0
2005-12-16,0.015173592769691435,3.244412604552574,0.0
2005-12-19,0.002701995161783324,5.727871491947819,0.0
2005-12-20,0.7099997554786794,3.194463636788801,0.0
2005-12-21,0.011743368727942533,5.415172829650648,0.0
2005-12-22,0.02642253639286578,7.281165120436267,0.0
2005-12-26,0.9809840424113835,0.1437669510023173,0.0
2005-12-27,0.003058049061598135,4.359824654134621,0.0
2005-12-28,0.9999925111581632,3.272084933107814e-05,0.0
2005-12-29,0.0036499890577109074,0.997997428292362,0.0
2005-12-30,1.0,0.0,0.0
2006-01-04,0.9999693634797272,3.063652027279762e-05,0.0
2006-01-05,0.1539454285419983,0.8460545853960287,0.0
2006-01-06,0.003986819701780822,1.0185693915300704,0.0
2006-01-10,0.9999756530389734,5.333321482267964e-05,0.0
2006-01-11,0.8244426049210856,0.17556134063876566,0.0
2006-01-12,0.2405860149640466,0.7849606557504796,0.0
2006-01-13,0.002539561460017081,1.218722154897441,0.0
2006-01-16,0.012404662737530126,2.02722678367327,0.0
2006-01-17,0.9992261721553889,0.0027306514029995987,0.0
2006-01-18,0.9999925872500637,7.414064890191474e-06,0.0
2006-01-19,0.9998317376556538,0.00016826453227185683,0.0
2006-01-20,0.9999989672843522,1.0327793781400643e-06,0.0
2006-01-23,0.9999654327573023,3.456727840115897e-05,0.0
2006-01-24,0.9865250070004631,0.013475128272392617,0.0
2006-01-25,0.9967766445962586,0.003251114534548221,0.0
2006-01-26,0.9999916068425393,8.442883102911806e-06,0.0
2006-01-27,1.0,0.0,0.0
2006-01-30,0.9992022991367471,0.000797700863252926,0.0
2006-01-31,0.17256473133124842,0.8274352746506709,0.0
2006-02-01,0.5275766022243685,0.7376708833805429,0.0
2006-02-02,0.9998571267359039,0.0003175885423917678,0.0
2006-02-03,0.9999899458963971,1.005430547624791e-05,0.0
2006-02-06,0.997179953277682,0.0028201630750272636,0.0
2006-02-07,0.041971964644180515,0.9583900702657854,0.0
2006-02-08,0.9999063141314375,0.00018729797637083122,0.0
2006-02-09,0.9999728332544529,2.717150968929092e-05,0.0
2006-02-10,0.999996139005049,3.861351121298188e-06,0.0
2006-02-13,0.9997028309092293,0.00029720728807082296,0.0
2006-02-14,0.9998057811054679,0.00019662844135623196,0.0
2006-02-15,0.9999999999878115,1.2188491074677029e-11,0.0
2006-02-16,0.3814891451090294,0.6185108600870864,0.0
2006-02-17,0.9999675390379618,3.865254574619748e-05,0.0
2006-02-20,0.37567856036367325,0.624585709583963,0.0
2006-02-21,0.9996834460112467,0.0005959338948506557,0.0
2006-02-22,0.19146188109889037,0.809165732676551,0.0
2006-02-23,0.9957445796974609,0.008359123518772962,0.0
2006-02-24,0.09299138579410407,0.9137504911090716,0.0
2006-02-27,0.055052220276212496,1.408040991214837,0.0
2006-02-28,0.999268315175603,0.001698806638651978,0.0
2006-03-01,0.9983123393306187,0.0016903570420029857,0.0
2006-03-02,0.996652126595131,0.0033537987315925347,0.0
2006-03-03,0.15703747015699024,0.8447300495205015,0.0
2006-03-06,0.8247066448869312,0.31945604897281815,0.0
2006-03-07,0.015325932823845891,1.1456030349849502,0.0
2006-03-08,0.004662152337919836,2.152936976895951,0.0
2006-03-09,0.9999989273007711,3.3460562986599692e-06,0.0
2006-03-10,0.33351157344337445,0.6667272634047046,0.0
2006-03-13,0.7508176469975933,0.3743713231266204,0.0
2006-03-14,0.9953842687926774,0.005466072424763682,0.0
2006-03-15,0.8879097306021366,0.11233915822340407,0.0
2006-03-16,0.2088452244839921,0.8292395017507103,0.0
2006-03-17,0.002395932700880677,1.1838132114292614,0.0
2006-03-20,0.9165473876801538,0.16844399208176325,0.0
2006-03-22,0.0020087683742120634,1.7449773091382879,0.0
2006-03-23,0.8461914181562069,0.4886310363110698,0.0
2006-03-24,0.0024975036102135016,1.05968289786862,0.0
2006-03-27,0.0029063151400158674,1.884140338941143,0.0
2006-03-28,0.9811407159044291,0.056238189839112364,0.0
2006-03-29,0.9922653743488762,0.007847525668252656,0.0
2006-03-30,0.023697469285039324,0.9908705263250706,0.0
2006-03-31,0.31501983318042215,1.213580547143161,0.0
2006-04-03,0.48637655183255574,1.2135885373877586,0.0
2006-04-04,0.30538152690357184,1.2130664190389135,0.0
2006-04-05,0.7159222949359375,0.6109479521781824,0.0
2006-04-06,0.9884926648838636,0.023592393745345577,0.0
2006-04-07,0.024049335635000696,1.1007340646522017,0.0
2006-04-10,0.7643176997462794,0.4854307718694054,0.0
2006-04-11,0.07255549434865351,1.1363892750244735,0.0
2006-04-12,0.7724318796081118,0.47605471594616816,0.0
2006-04-13,0.5184176861173015,0.6645160183827961,0.0
2006-04-14,0.999657371263837,0.0006042128244322638,0.0
2006-04-17,0.978396665499667,0.021621599837194187,0.0
2006-04-18,0.9909106249513526,0.00964473891462868,0.0
2006-04-19,0.999979599989213,2.110255201923234e-05,0.0
2006-04-20,0.002601268844087834,0.9977119231124925,0.0
2006-04-21,0.0032546226993233297,1.6926862038064105,0.0
2006-04-24,0.9763263936612296,0.07019348721135574,0.0
2006-04-25,0.0025165326232850743,1.00750523930156,0.0
2006-04-26,0.0020042311032901963,2.242721128514591,0.0
2006-04-27,0.0020057593824098145,4.379030952825867,0.0
2006-04-28,0.0060101163056040735,4.3663767139111505,0.0
2006-05-01,0.002001402958610659,6.469265292748803,0.0
2006-05-02,0.15683295037725797,5.969494270500266,0.0
2006-05-08,0.999820861584277,0.0005582051922062828,0.0
2006-05-09,0.0020061853504112106,1.4096704615843847,0.0
2006-05-10,0.3493632566095858,2.3631696873871912,0.0
2006-05-11,0.9418375271578968,0.11826565052663777,0.0
2006-05-12,0.9672372387318617,0.03404919699449174,0.0
2006-05-15,0.9999925464766857,7.658246069155483e-06,0.0
2006-05-16,0.9995479639520048,0.0004520524443210936,0.0
2006-05-17,0.9999407986250755,5.920682250192092e-05,0.0
2006-05-18,0.9999518212519477,4.8179920464656854e-05,0.0
2006-05-19,0.9275813714336785,0.07242180773263758,0.0
2006-05-22,0.9999999980765591,3.288292607707646e-09,0.0
2006-05-23,0.9983216431070664,0.0016783570904019113,0.0
2006-05-24,0.9997132371332659,0.00028682312420380096,0.0
2006-05-25,0.6513950798154167,0.3489543037627216,0.0
2006-05-26,0.9999984871990515,1.5918305881445281e-06,0.0
2006-05-29,0.999999993889284,6.110716045572905e-09,0.0
2006-05-30,0.055912464621226385,0.9440876013401682,0.0
2006-05-31,0.9999767778636732,4.6428966432733736e-05,0.0
2006-06-01,0.9999596423360011,4.035840976812376e-05,0.0
2006-06-02,0.9999914435916015,8.556426650438287e-06,0.0
2006-06-05,0.24966874974604694,0.7503667401683008,0.0
2006-06-06,0.9964495301667002,0.004293310435189915,0.0
2006-06-07,0.9377153847563765,0.06271148904087318,0.0
2006-06-08,0.9918812703691107,0.008143156151644487,0.0
2006-06-09,0.9985405366518534,0.0014672893571407806,0.0
2006-06-12,0.8950195483004417,0.10524127946191018,0.0
2006-06-13,0.9999999986212816,1.4911789339070292e-09,0.0
2006-06-14,0.9999845220439134,1.547795759555206e-05,0.0
2006-06-15,0.9874471464138583,0.012552860042342396,0.0
2006-06-16,0.9647649723280712,0.035368234950062444,0.0
2006-06-19,0.6944597684006232,0.32827012184286775,0.0
2006-06-20,0.5105348755889966,0.5608060756969137,0.0
2006-06-21,0.9992962167147449,0.001237676298216409,0.0
2006-06-22,0.9999999998868998,1.1310021602446299e-10,0.0
2006-06-23,0.9967991588807926,0.003200841610244919,0.0
2006-06-26,0.3585366041498949,0.6414658745913266,0.0
2006-06-27,0.026654419199024466,1.2326226816220127,0.0
2006-06-28,0.9358861837764099,0.1416228224232679,0.0
2006-06-29,0.7799289329413505,0.2304302340494774,0.0
2006-06-30,0.9999992342059055,1.0662852744714778e-06,0.0
2006-07-03,0.19603155064613517,0.8040386491439325,0.0
2006-07-04,0.9982341418214465,0.0033370330924094834,0.0
2006-07-05,0.9999579953936134,4.216131496218289e-05,0.0
2006-07-06,0.028244191345435182,0.9719732074873796,0.0
2006-07-07,0.9998696710257674,0.00026062495080159473,0.0
2006-07-10,0.9999998037125402,1.9630959430287825e-07,0.0
2006-07-11,0.6928012031637789,0.3071995160476524,0.0
2006-07-12,0.7150499882178897,0.28852422960694485,0.0
2006-07-13,0.9994300110739899,0.0006345832139975841,0.0
2006-07-14,0.9998472880618484,0.00015273520356853516,0.0
2006-07-18,0.9984006964601395,0.0015993703998315918,0.0
2006-07-19,0.15569715583850166,0.844807025175827,0.0
2006-07-20,0.9999726414303148,5.452811020745091e-05,0.0
2006-07-21,0.9995616742919019,0.00043833747627147036,0.0
2006-07-24,0.979709200390967,0.020335127171509686,0.0
2006-07-25,0.9994405117854515,0.0006242696496200566,0.0
2006-07-26,0.9872006779503888,0.012802955668781646,0.0
2006-07-27,0.9562110096853925,0.04397612233932027,0.0
2006-07-28,0.004672890277677243,1.042573868756666,0.0
2006-07-31,0.706742437975436,0.6445023524547,0.0
2006-08-01,0.20517730188694994,1.210133865857401,0.0
2006-08-02,0.6562097857900087,0.6998392367051876,0.0
2006-08-03,0.0048039821416798615,1.666910284947464,0.0
2006-08-04,0.002425940482745451,2.8840736826069553,0.0
2006-08-07,0.9999326123850545,0.00025939443945346974,0.0
2006-08-08,0.370215674600671,0.6315645287413729,0.0
2006-08-09,0.5573034619039855,0.5132305156707423,0.0
2006-08-10,0.007196854585217162,1.8524377096144833,0.0
2006-08-11,0.002097013092577348,2.9435861495777265,0.0
2006-08-14,0.9998477965367724,0.0006067027270814272,0.0
2006-08-15,0.0037043892132270473,1.0240689136884549,0.0
2006-08-16,0.9956271698246343,0.008759240167025815,0.0
2006-08-17,0.10794066428188306,0.8961674340376296,0.0
2006-08-18,0.002521074221471324,1.3117645639802848,0.0
2006-08-21,0.008417566538886315,1.996373022868968,0.0
2006-08-22,0.018227014461628503,2.9298772464177825,0.0
2006-08-23,0.002168221273220873,3.8446472338516458,0.0
2006-08-24,0.004199166722157512,4.640283920344039,0.0
2006-08-25,0.6692150556741876,1.9224304848301246,0.0
2006-08-28,0.3102581194255249,1.9570980988173305,0.0
2006-08-29,0.9079539277840947,0.2920841677633154,0.0
2006-08-30,0.07814471889247433,1.4774787426135005,0.0
2006-08-31,0.8178232532017833,0.5076924126354014,0.0
2006-09-01,0.07908839156863375,1.633496266350072,0.0
2006-09-04,0.2534919042253177,2.1520898268837962,0.0
2006-09-05,0.002295007847444071,2.3870919395132177,0.0
2006-09-06,0.0023906239917942,3.062912859680612,0.0
2006-09-07,0.002433474148197113,4.289202657498707,0.0
2006-09-08,0.8704360068686817,0.8377640459241207,0.0
2006-09-11,0.9498998619439986,0.159961070027137,0.0
2006-09-12,0.012726856616927852,1.5001611348663975,0.0
2006-09-13,0.9976046764680793,0.005401653610988429,0.0
2006-09-14,0.0024921032217207284,1.0326011013889886,0.0
2006-09-15,0.0037432729909064252,2.3357132392853375,0.0
2006-09-19,0.12159622144207886,3.7225416468332484,0.0
2006-09-20,0.011282947801814694,6.092163887475982,0.0
2006-09-21,0.907384864653544,0.7106332029660669,0.0
2006-09-22,0.006532942816908793,2.2857803313314418,0.0
2006-09-25,0.030648309256188094,3.2702669171965786,0.0
2006-09-26,0.002037401703775448,6.45844150235923,0.0
2006-09-27,0.9840167333981643,0.09301910321412116,0.0
2006-09-28,0.002011995758196838,3.2615359323353537,0.0
2006-09-29,0.0865017658571134,5.744095383339197,0.0
2006-10-02,0.0020893747261061905,8.393569606756678,0.0
2006-10-03,0.002231267212125202,8.805155055416959,0.0
2006-10-04,0.3244950792078296,8.100501171623428,0.0
2006-10-05,0.9803421159795073,0.21098302966778285,0.0
2006-10-06,0.0020932454421819157,2.9487544669629995,0.0
2006-10-10,0.998676665082373,0.005043409409610492,0.0
2006-10-11,0.014008706859395655,1.0166101913916026,0.0
2006-10-12,0.009899389892926429,2.0282195086470796,0.0
2006-10-13,0.6393351048102505,1.1757070654187467,0.0
2006-10-16,0.8602717079148416,0.16224530587138522,0.0
2006-10-17,0.0021626386111347103,1.5647266708159635,0.0
2006-10-18,0.5834472033006005,1.300050182046291,0.0
2006-10-19,0.0036828429720965924,2.634268238533159,0.0
2006-10-20,0.0032742607440451915,4.8023813698686,0.0
2006-10-23,0.013741344906689892,6.957299525302403,0.0
2006-10-24,0.018733909678967275,9.00634519603259,0.0
2006-10-25,0.9906349318579234,0.08840068213958147,0.0
2006-10-26,0.035702647886348284,1.2850166614506138,0.0
2006-10-27,0.9990966185716468,0.0019276547409591558,0.0
2006-10-30,0.29620760846857963,0.7056426934383383,0.0
2006-10-31,0.003270050409513833,1.0906056945479026,0.0
2006-11-01,0.012068816991089566,1.9805651271637414,0.0
2006-11-02,0.11538673810732311,2.6378064182321332,0.0
2006-11-06,0.007572724790259717,3.263412814852571,0.0
2006-11-07,0.9999961579694432,1.7110591709887018e-05,0.0
2006-11-08,0.0298761500525018,0.9713389135896656,0.0
2006-11-09,0.002014323666155742,1.0453746710222187,0.0
2006-11-10,0.01069488531135018,1.9802571416692267,0.0
2006-11-13,0.002071266240717762,2.9656332439921598,0.0
2006-11-14,0.022132775734239305,3.8777443288807967,0.0
2006-11-15,0.004682205482495414,4.758120351934226,0.0
2006-11-16,0.0020565859808767523,5.815377706153265,0.0
2006-11-17,0.002000625330231309,6.7143935878473195,0.0
2006-11-20,0.05574434110761026,7.279746459031518,0.0
2006-11-21,0.002000053315554286,8.087514393445684,0.0
2006-11-22,0.9996110334251944,0.003015303904734707,0.0
2006-11-24,0.002020880052399958,1.5386282349016482,0.0
2006-11-27,0.9995216031357972,0.0010956209006101679,0.0
2006-11-28,0.9916676416622654,0.008332848877382915,0.0
2006-11-29,0.002010462815535052,0.9994804891393897,0.0
2006-11-30,0.013748390679432431,1.9677755322172084,0.0
2006-12-01,0.002010319905018096,1.9677636911827014,0.0
2006-12-04,0.0021731915961833003,2.885416234623863,0.0
2006-12-05,0.01173730121790753,3.7393623225965182,0.0
2006-12-06,0.0020122971088389224,4.934300051384486,0.0
2006-12-07,0.002314755636520168,5.936678883239255,0.0
2006-12-08,0.0020302967848523355,6.93702125090576,0.0
2006-12-11,0.00208640601954431,7.9085553764809235,0.0
2006-12-12,0.014769033535276005,8.710243278159476,0.0
2006-12-13,0.003453297682667193,8.838456860351819,0.0
2006-12-14,0.006635131838742276,5.00825775452802,0.0
2006-12-15,0.9278201998091743,0.2424114578968918,0.0
2006-12-18,0.0038471651480801697,1.3595306008279797,0.0
2006-12-19,0.046137741457679016,2.162619063410107,0.0
2006-12-20,0.0738337048520976,2.8597825386134654,0.0
2006-12-21,0.0022824135045224564,2.9455829383946854,0.0
2006-12-22,0.2497042418407396,3.0506139856392007,0.0
2006-12-25,0.0020363166125826446,3.299285082416607,0.0
2006-12-26,0.013392867767008708,4.039686400250279,0.0
2006-12-27,0.0020007132606625353,6.300096162718479,0.0
2006-12-28,0.31836062813859817,4.399379026744279,0.0
2006-12-29,0.0020635437800753578,8.214246979619448,0.0
2007-01-04,0.8878097661376905,0.9682245604221456,0.0
2007-01-05,0.7176305633656577,1.0834522441955687,0.0
2007-01-09,0.9998046694627122,0.00023490688944596876,0.0
2007-01-10,0.9953815002278463,0.004620031296635011,0.0
2007-01-11,0.9973525345781322,0.0026497621846435083,0.0
2007-01-12,0.9971990992057441,0.0028061631280361025,0.0
2007-01-15,0.9415184205152829,0.058564056783153164,0.0
2007-01-16,0.8345696966569752,0.16713718563785354,0.0
2007-01-17,0.9999366248232054,8.75023584863159e-05,0.0
2007-01-18,0.9561168712983875,0.043895890028858096,0.0
2007-01-19,0.650984801127787,0.3501911839105153,0.0
2007-01-22,0.9999928610587018,1.0385240366706465e-05,0.0
2007-01-23,0.9986447391862381,0.0013552751645547515,0.0
2007-01-24,0.9999655969623658,3.463066935381362e-05,0.0
2007-01-25,0.9999982976486269,1.70258745839067e-06,0.0
2007-01-26,0.9983082015046699,0.0016917996586740072,0.0
2007-01-29,0.1662790045035336,0.833826337342752,0.0
2007-01-30,0.01786120783524712,1.5152636191408297,0.0
2007-01-31,0.12016700041636802,1.8682540508961958,0.0
2007-02-01,0.07952548409450962,2.457673681136731,0.0
2007-02-02,0.0020442900724677326,2.7254710285065116,0.0
2007-02-05,0.008127551681542299,2.763218111939816,0.0
2007-02-06,0.002007393766272846,3.317703387755138,0.0
2007-02-07,0.0023996382982937534,4.061559728633096,0.0
2007-02-08,0.030826142075100003,4.822126926992352,0.0
2007-02-09,0.00278578502653212,5.013651776041157,0.0
2007-02-13,0.002358925785214439,4.966791397745616,0.0
2007-02-14,0.002001710694001246,5.8893964556480585,0.0
2007-02-15,0.9968528576747173,0.02012977837833572,0.0
2007-02-16,0.0024953890128111837,1.1258838368512745,0.0
2007-02-19,0.0021476939953466467,5.09758843881338,0.0
2007-02-20,0.0020073743764878783,7.936273279779565,0.0
2007-02-21,0.0020034842649855468,8.42910163594293,0.0
2007-02-22,0.00854584267211663,6.757508085259921,0.0
2007-02-23,0.00202531312730825,8.77781196383069,0.0
2007-02-26,0.0020025838346573763,9.040015232370454,0.0
2007-02-27,0.0020136101904062184,10.448268333428722,0.0
2007-02-28,0.8044407198526411,2.6096075957162554,0.0
2007-03-01,0.33820152182232577,2.7370422411314865,0.0
2007-03-02,0.002308655905357052,9.019641548471544,0.0
2007-03-05,0.962735268492743,0.1646258429506385,0.0
2007-03-06,0.19660446158562658,1.2276644064622682,0.0
2007-03-07,0.9999986697017367,2.6985396616766263e-06,0.0
2007-03-08,0.9999800960331678,1.9903979298602218e-05,0.0
2007-03-09,0.9998947120375903,0.0001052900222974592,0.0
2007-03-12,0.9999951445753698,4.8556200318581215e-06,0.0
2007-03-13,0.005625833907761932,0.9943905555083162,0.0
2007-03-14,0.9998597475793285,0.00028046730977880266,0.0
2007-03-15,0.6590577583911534,0.3409533540406446,0.0
2007-03-16,0.9695029426952906,0.038510763487012635,0.0
2007-03-19,0.9999987860153241,1.3420985382566768e-06,0.0
2007-03-20,0.9920400641505622,0.007959947781068871,0.0
2007-03-22,0.9999965541140471,3.712970822618241e-06,0.0
2007-03-23,0.9522006088232681,0.047800146783244415,0.0
2007-03-26,0.004570901777866639,0.9964431359326186,0.0
2007-03-27,0.9992356390966984,0.001528928524725727,0.0
2007-03-28,0.06697639865236246,0.9351039388461285,0.0
2007-03-29,0.878700080626639,0.23131111045402297,0.0
2007-03-30,0.0023683233303005698,1.1508217575747481,0.0
2007-04-02,0.991899393624219,0.01668039396025981,0.0
2007-04-03,0.14732378769006116,0.8732070064680004,0.0
2007-04-04,0.34327722383127135,0.9137374019894251,0.0
2007-04-05,0.0024004480617233178,1.6481161516522895,0.0
2007-04-06,0.01093179295945949,2.593501409561453,0.0
2007-04-09,0.999988045512772,3.94419516072557e-05,0.0
2007-04-10,0.9998007671145981,0.0001992381461883412,0.0
2007-04-11,0.012437176631542248,0.9876250560596168,0.0
2007-04-12,0.03147192019044008,1.5248091733974354,0.0
2007-04-13,0.9999483680910877,0.00014740751204427046,0.0
2007-04-16,0.33158587804220396,0.6685233713190176,0.0
2007-04-17,0.9999775387728906,4.440910640178058e-05,0.0
2007-04-18,0.04030888773911523,0.9597567468912891,0.0
2007-04-19,0.9878581850845648,0.024048466147135017,0.0
2007-04-20,0.999168305584472,0.0008422065687150457,0.0
2007-04-23,0.999936378822198,6.386428157686931e-05,0.0
2007-04-24,0.9909730810254388,0.009027119174001402,0.0
2007-04-25,0.8606245728919721,0.13991930751830794,0.0
2007-04-26,0.8479151129400692,0.25220084020988515,0.0
2007-04-27,0.8671778780236342,0.16237942337915107,0.0
2007-05-01,0.03073068452890129,1.1279953520317891,0.0
2007-05-02,0.028124352537302805,2.023392864801411,0.0
2007-05-07,0.9123415441777641,0.2641768779024266,0.0
2007-05-08,0.002876178838205235,1.364227457319727,0.0
2007-05-09,0.999768791051355,0.0004688035568798923,0.0
2007-05-10,0.0031522181173123417,1.0079281168709047,0.0
2007-05-11,0.015591357292986522,2.135710098839917,0.0
2007-05-14,0.712706502112785,1.1994560223182522,0.0
2007-05-15,0.025133328152509467,1.8251560258385708,0.0
2007-05-16,0.002049880033920728,3.1363135602636403,0.0
2007-05-17,0.0034215583841254453,4.247640347365406,0.0
2007-05-18,0.5822435160253414,2.0994014713419396,0.0
2007-05-21,0.0020211009901073117,4.185747094934601,0.0
2007-05-22,0.002013306060390376,6.2634943831140895,0.0
2007-05-23,0.007030022129172494,6.848159836838714,0.0
2007-05-24,0.002010279642884139,7.7625188273499175,0.0
2007-05-25,0.005772788822332577,7.597599631341618,0.0
2007-05-28,0.002000076944690682,7.8717654829339345,0.0
2007-05-29,0.1379230712752915,7.029879609620395,0.0
2007-05-30,0.002312718645640885,7.705630031060419,0.0
2007-05-31,0.09864848926626923,4.758474553897793,0.0
2007-06-01,0.002018302859732959,6.803647575997791,0.0
2007-06-04,0.9999967101853647,2.0067869734069208e-05,0.0
2007-06-05,0.002009357396252512,1.0158640269954973,0.0
2007-06-06,0.00215692560729109,5.486909671391818,0.0
2007-06-07,0.9999993966314091,1.9636761807347684e-06,0.0
2007-06-08,0.0025026353509535605,0.9975448086632496,0.0
2007-06-11,0.9043967495088889,0.1906773246842149,0.0
2007-06-12,0.002016890047823723,1.0138593750675529,0.0
2007-06-13,0.9806317577066715,0.038770568782729796,0.0
2007-06-14,0.9079204275480482,0.11236481593182075,0.0
2007-06-15,0.1979949738483221,0.8298993357513581,0.0
2007-06-18,0.9968356424695,0.006156946218041836,0.0
2007-06-19,0.0020016870689376102,1.062705332780413,0.0
2007-06-20,0.006888705741737124,2.3864510923438718,0.0
2007-06-21,0.9970552896505426,0.010430573371681864,0.0
2007-06-22,0.018012511943466456,0.9915002026234869,0.0
2007-06-25,0.9455411171811398,0.10877911836746494,0.0
2007-06-26,0.002455701632651962,1.0295091994895227,0.0
2007-06-27,0.9997129956589786,0.0005780967981330612,0.0
2007-06-28,0.03478567003175549,0.9709507843633622,0.0
2007-06-29,0.04831644185868359,1.4184714817545911,0.0
2007-07-02,0.0030552005931983478,2.023542276940503,0.0
2007-07-03,0.4022585345236664,1.8083983955842589,0.0
2007-07-04,0.002051048912033038,3.6420357170773663,0.0
2007-07-05,0.03459719626987934,4.703748987535801,0.0
2007-07-06,0.0025712203791603125,5.599435709766427,0.0
2007-07-09,0.6706961407964671,2.2595572095384457,0.0
2007-07-10,0.002022583456481114,5.289318486008066,0.0
2007-07-11,0.9998658997314095,0.0005085342017003876,0.0
2007-07-12,0.8374520861163532,0.16267575603569714,0.0
2007-07-13,0.9999865415855271,2.3170236047308453e-05,0.0
2007-07-17,0.09897535734504677,0.9011081599316269,0.0
2007-07-18,0.009284588689425046,1.0565672906771981,0.0
2007-07-19,0.7123490575717322,0.5819314636437858,0.0
2007-07-20,0.0022659273429355017,2.3476943932246015,0.0
2007-07-23,0.9953135156633066,0.010694518097417092,0.0
2007-07-24,0.04488768433612388,1.004292219852611,0.0
2007-07-25,0.9999955374983033,8.94856246421916e-06,0.0
2007-07-26,0.027667678933463908,0.9723890431913164,0.0
2007-07-27,0.999846134038275,0.00030624386732045476,0.0
2007-07-30,0.9999971154093215,2.884698720416267e-06,0.0
2007-07-31,0.9229498953990076,0.07705041184185944,0.0
2007-08-01,0.9999981371171651,2.4383437073453263e-06,0.0
2007-08-02,0.999999995093055,4.906944993748648e-09,0.0
2007-08-03,0.9833481177439986,0.016651882766995935,0.0
2007-08-06,0.9999999733106941,3.7766542615739037e-08,0.0
2007-08-07,0.9999496782487787,5.03217523745112e-05,0.0
2007-08-08,0.6274561855558738,0.37254465856853963,0.0
2007-08-09,0.9929838998458754,0.012562085854909009,0.0
2007-08-10,0.9982523532638867,0.0017731610682025884,0.0
2007-08-13,0.8053574433300844,0.19518120586258017,0.0
2007-08-14,0.11398906001719103,0.9041983428153331,0.0
2007-08-15,0.9943451696852192,0.011278019251595892,0.0
2007-08-16,0.9999429394127061,5.7360527380575225e-05,0.0
2007-08-17,0.9999999999920008,7.999103633518141e-12,0.0
2007-08-20,0.9998341723324411,0.00016582766755897493,0.0
2007-08-21,0.999452635442345,0.0005473649158093698,0.0
2007-08-22,0.3824579340098525,0.6176765859276279,0.0
2007-08-23,0.9999964340370984,6.3958255755936294e-06,0.0
2007-08-24,0.10908341791984291,0.8910424784473576,0.0
2007-08-27,0.9999986417554393,2.710274979550806e-06,0.0
2007-08-28,0.9993222227206032,0.0006777788316354819,0.0
2007-08-29,0.9998087181626948,0.00019145730127084363,0.0
2007-08-30,0.9999708387441248,2.9165136419057965e-05,0.0
2007-08-31,0.999999980750023,1.924997698657727e-08,0.0
2007-09-03,0.14177076128794772,0.8582297555380329,0.0
2007-09-04,0.8397828282347941,0.16484666025127376,0.0
2007-09-05,0.9999996860910355,3.2544359178192024e-07,0.0
2007-09-06,0.9999893364962146,1.066350378543008e-05,0.0
2007-09-07,0.844119379338663,0.15588111713634498,0.0
2007-09-10,0.9979313937137478,0.00234378895068554,0.0
2007-09-11,0.9987577040584352,0.0012431180267308943,0.0
2007-09-12,0.9992283392906646,0.0007724625617257176,0.0
2007-09-13,0.9869988965061899,0.01301042988957397,0.0
2007-09-14,0.9904000646174986,0.009617723308510634,0.0
2007-09-18,0.9567374180821423,0.043635079278896864,0.0
2007-09-19,0.999999996890473,3.154638998104471e-09,0.0
2007-09-20,0.9109017483188797,0.08909831609497668,0.0
2007-09-21,0.99507834449582,0.004935502379000207,0.0
2007-09-25,0.005928360292729484,1.0218989086367394,0.0
2007-09-26,0.0022053246644926335,1.9638799077208033,0.0
2007-09-27,0.9857821581415339,0.04641715333425664,0.0
2007-09-28,0.9433934686215215,0.05758752320821167,0.0
2007-10-01,0.10594538135439655,0.9265704239138808,0.0
2007-10-02,0.999999737287016,5.369434178108842e-07,0.0
2007-10-03,0.021814316780069544,0.9783315672800293,0.0
2007-10-04,0.9887495193552105,0.022135153106736073,0.0
2007-10-05,0.005468473581182711,1.0020383444279002,0.0
2007-10-09,0.5842418578846711,0.8324266937161401,0.0
2007-10-10,0.13336186291008528,1.3774043922344776,0.0
2007-10-11,0.8039298229297148,0.501053712105796,0.0
2007-10-12,0.002267383009502871,1.7569449840158669,0.0
2007-10-15,0.03522769629678304,2.740824735411089,0.0
2007-10-16,0.002167855208911637,3.535899065171722,0.0
2007-10-17,0.15106722537396364,3.3179280201462684,0.0
2007-10-18,0.0022824148154076593,4.055759782150365,0.0
2007-10-19,0.009775993104982226,4.563804846837887,0.0
2007-10-22,0.8751294072471659,0.7074166132019949,0.0
2007-10-23,0.002519235175689001,2.7545598905080215,0.0
2007-10-24,0.4139104767633507,2.2147909996740154,0.0
2007-10-25,0.03343592262949094,2.803006867977324,0.0
2007-10-26,0.07169388220417082,5.257454769158046,0.0
2007-10-29,0.0020650259227368525,7.697772871448805,0.0
2007-10-30,0.006447878238800033,9.623291566773819,0.0
2007-10-31,0.0022323095804929077,10.688480366562398,0.0
2007-11-01,0.002078432853284487,12.501456202099062,0.0
2007-11-02,0.9968297226796549,0.043118221019335504,0.0
2007-11-05,0.004918542855364235,1.9638673878936324,0.0
2007-11-06,0.9685921783370031,0.07240783881437303,0.0
2007-11-07,0.999931899227901,8.78307077478242e-05,0.0
2007-11-08,0.5411823572908689,0.4593219275647025,0.0
2007-11-09,0.8810743014524918,0.12167943359805848,0.0
2007-11-12,0.9469777884761615,0.05828058910353961,0.0
2007-11-13,0.24467242154745258,0.832164606378835,0.0
2007-11-14,0.997812756957941,0.0038848840383875834,0.0
2007-11-15,0.060218709712887696,0.9519154656631736,0.0
2007-11-16,0.08494135249892917,1.6122252487506854,0.0
2007-11-19,0.08102556495839318,1.9240532596300406,0.0
2007-11-20,0.9999882525481544,3.778295616784598e-05,0.0
2007-11-21,0.9057301669273122,0.0942819410907831,0.0
2007-11-22,0.9985892971429081,0.0015035872332991372,0.0
2007-11-26,0.9741018815096656,0.025936714356685084,0.0
2007-11-27,0.9999812548297464,1.9755117972133137e-05,0.0
2007-11-28,0.7130943419659657,0.2869578264641531,0.0
2007-11-29,0.9769190268419599,0.023385124361681085,0.0
2007-11-30,0.04579620123510337,1.016631443728763,0.0
2007-12-03,0.020400183309066382,1.9651067651862189,0.0
2007-12-04,0.003189556152847608,2.627888324191198,0.0
2007-12-05,0.16058804809137311,2.7094920856439693,0.0
2007-12-06,0.8701531781945134,0.404025867615622,0.0
2007-12-07,0.05262976874053632,1.3192350494220761,0.0
2007-12-10,0.02315476174644837,2.5145452643977486,0.0
2007-12-11,0.004238559733995885,3.4425438322540485,0.0
2007-12-12,0.9993560347039055,0.002975998545706633,0.0
2007-12-13,0.9974989455087615,0.0025163326654306104,0.0
2007-12-14,0.25965451930732725,0.7432499976968449,0.0
2007-12-17,0.07117009907863035,1.0208218362992254,0.0
2007-12-18,0.9908081927514139,0.017917104180556594,0.0
2007-12-19,0.06866090291178842,1.0052563218373316,0.0
2007-12-20,0.9997957318936431,0.00041757064568485354,0.0
2007-12-21,0.057767552705037056,0.9471782398004691,0.0
2007-12-25,0.9560363355741699,0.08746284835854588,0.0
2007-12-26,0.005876044825490245,1.0070127559369801,0.0
2007-12-27,0.002001002224456206,1.5552736188594294,0.0
2007-12-28,0.041672801704197036,2.1753490031822085,0.0
2008-01-04,0.9991952266320587,0.002753624838038706,0.0
2008-01-07,0.993124710995408,0.006884058868780775,0.0
2008-01-08,0.672586576084818,0.3277865691056943,0.0
2008-01-09,0.9999931688986733,1.1938575084405067e-05,0.0
2008-01-10,0.6948587488499179,0.3051725419077077,0.0
2008-01-11,0.999994813897762,9.654609799992033e-06,0.0
2008-01-15,0.9776357820824724,0.022364464325396287,0.0
2008-01-16,0.9999743740664219,2.7933824546761467e-05,0.0
2008-01-17,0.9872492969563553,0.012752042408985103,0.0
2008-01-18,0.9999996776544551,3.25280328937741e-07,0.0
2008-01-21,0.9999999994377421,5.622579274250947e-10,0.0
2008-01-22,1.0,0.0,0.0
2008-01-23,0.9999987264314762,1.2735685237519334e-06,0.0
2008-01-24,0.9960443044479758,0.003955695552024251,0.0
2008-01-25,0.9999999682126269,3.1948230425643165e-08,0.0
2008-01-28,0.9999999983901312,1.6098687933404206e-09,0.0
2008-01-29,0.999983338080341,1.6661919658938686e-05,0.0
2008-01-30,0.9987984240728379,0.0012015764239011058,0.0
2008-01-31,0.9999999677764291,3.23522541319908e-08,0.0
2008-02-01,0.6013829795166513,0.39861716664044616,0.0
2008-02-04,0.8892600417902093,0.11127019363471709,0.0
2008-02-05,0.020518698147921368,1.1301230187524294,0.0
2008-02-06,0.9999999999870828,2.71299601828734e-11,0.0
2008-02-07,0.5849596273637899,0.41504038162867724,0.0
2008-02-08,0.8295251173420952,0.17052683727725765,0.0
2008-02-12,0.13495822111063552,1.035011713394389,0.0
2008-02-13,0.9949598779956346,0.010185671517161834,0.0
2008-02-14,0.9999999997936202,2.063798226641786e-10,0.0
2008-02-15,0.9335314491881126,0.06646856457071576,0.0
2008-02-18,0.9121490602986895,0.08787589694108026,0.0
2008-02-19,0.3742315259114898,0.6417026885582606,0.0
2008-02-20,0.9991267639985639,0.001410725610539124,0.0
2008-02-21,0.06015564004112838,0.9436228441370438,0.0
2008-02-22,0.11403357016561086,1.696086388559083,0.0
2008-02-25,0.09069480595161983,1.9439023781071882,0.0
2008-02-26,0.9973311118029337,0.009560620862522257,0.0
2008-02-27,0.9123226488385207,0.0881658035335523,0.0
2008-02-28,0.5659529583363029,0.45298910792349595,0.0
2008-02-29,0.02432299791210631,1.2246049202508071,0.0
2008-03-03,0.9999999999851885,3.499261998158386e-11,0.0
2008-03-04,0.019941387954108776,0.9800587046614121,0.0
2008-03-05,0.0020156496232478214,1.00106142096682,0.0
2008-03-06,0.004897980942850222,1.9901016770823992,0.0
2008-03-07,0.049593892208265745,2.844404085205476,0.0
2008-03-10,0.00234830482665555,3.8826077985405436,0.0
2008-03-11,0.9984899523978623,0.007339148940292617,0.0
2008-03-12,0.20203366156590752,0.8264343377320884,0.0
2008-03-13,0.10352962333741908,1.2338423684832294,0.0
2008-03-14,0.8431088742409134,0.3076246553941668,0.0
2008-03-17,0.5347203870296078,0.5476873562999002,0.0
2008-03-18,0.0033784762891405987,1.4297249042070586,0.0
2008-03-19,0.0730372054497779,2.190141136767341,0.0
2008-03-21,0.012041629617724599,2.5727937365126587,0.0
2008-03-24,0.008834687804739443,2.482066558214745,0.0
2008-03-25,0.8861972717087266,0.37720039973272784,0.0
2008-03-26,0.7482519370704631,0.29566284629646467,0.0
2008-03-27,0.23821095957133331,0.8483345930032459,0.0
2008-03-28,0.8370072321454985,0.37460805300430056,0.0
2008-03-31,0.24064028822344957,1.0406725248797144,0.0
2008-04-01,0.3733565149283605,1.1520792557912036,0.0
2008-04-02,0.998780482994228,0.002887462359990836,0.0
2008-04-03,0.5184143592487034,0.48525481292147205,0.0
2008-04-04,0.15164413028600232,1.078646491505205,0.0
2008-04-07,0.9225466944747175,0.16507972841737747,0.0
2008-04-08,0.0039003086963158326,1.4476400959572155,0.0
2008-04-09,0.6840156715397072,0.8329528924855596,0.0
2008-04-10,0.002572184984412865,2.3793219376071564,0.0
2008-04-11,0.9560293547139991,0.20418316412722812,0.0
2008-04-14,0.27823396278485174,1.018750048476242,0.0
2008-04-15,0.0023518833825027473,1.8395774784728598,0.0
2008-04-16,0.16738522430907676,2.4453669356349788,0.0
2008-04-17,0.008969659492448661,3.1377556522832846,0.0
2008-04-18,0.002204384510980415,3.8905344114252105,0.0
2008-04-21,0.7167870287319698,1.027819754947583,0.0
2008-04-22,0.011208375299999547,2.0402525786331984,0.0
2008-04-23,0.3676349045357954,2.5541817343517836,0.0
2008-04-24,0.0020315503744534258,4.194897188323856,0.0
2008-04-25,0.147358310242348,5.638839869523206,0.0
2008-04-28,0.0032984532674542487,6.700402159666345,0.0
2008-04-30,0.03140851445592249,7.229804552238763,0.0
2008-05-01,0.002033324225479182,8.417642022140843,0.0
2008-05-02,0.8934655653443544,1.0702085704042572,0.0
2008-05-07,0.007398357799527141,5.37564141055933,0.0
2008-05-08,0.003025327988619106,9.781213262239737,0.0
2008-05-09,0.9612832389822754,0.382237979584926,0.0
2008-05-12,0.42588917199512544,0.8568877389242755,0.0
2008-05-13,0.0020513457770982547,1.648077314337555,0.0
2008-05-14,0.0020325057300220567,3.1650374741391833,0.0
2008-05-15,0.002026420709915098,6.6726070875242565,0.0
2008-05-16,0.504259947822707,3.3879657575329984,0.0
2008-05-19,0.00217737024757909,7.535218685387238,0.0
2008-05-20,0.0020115869370888745,15.14054150741494,0.0
2008-05-21,0.008407307393397656,18.039092395148792,0.0
2008-05-22,0.9441021678255921,0.9820644440933548,0.0
2008-05-23,0.04318180243867536,3.0930404629875246,0.0
2008-05-26,0.10703047511109418,8.213546535026529,0.0
2008-05-27,0.00208599272851017,12.679536579394039,0.0
2008-05-28,0.2795103694042318,10.598238728009576,0.0
2008-05-29,0.8491149369735155,1.8652475657481844,0.0
2008-05-30,0.002572380344875279,4.0090525204242216,0.0
2008-06-02,0.06777306726657593,8.16779129094496,0.0
2008-06-03,0.12326499991019073,8.591375940144289,0.0
2008-06-04,0.03687669107183564,6.430597941462665,0.0
2008-06-05,0.002527394646616844,5.391241727408143,0.0
2008-06-06,0.9999703242951574,0.0001867129773619734,0.0
2008-06-09,0.9947645861851888,0.005236488148361307,0.0
2008-06-10,0.999572251602206,0.0004282218982019381,0.0
2008-06-11,0.993028339573269,0.006974349882111474,0.0
2008-06-12,0.5718562042073412,0.42905495471107097,0.0
2008-06-13,0.9986545921987517,0.002293788770394268,0.0
2008-06-16,0.9815489784365433,0.01852548441611137,0.0
2008-06-17,0.027799991188838476,0.9760356953816086,0.0
2008-06-18,0.9979520921877042,0.004090597809063604,0.0
2008-06-19,0.19515871434462595,0.8161211429657564,0.0
2008-06-20,0.9713998616101375,0.04674506590223716,0.0
2008-06-23,0.9989676716658542,0.0010367851911350103,0.0
2008-06-24,0.9777757031314555,0.022278530592296078,0.0
2008-06-25,0.770305839337065,0.23174675909604914,0.0
2008-06-26,0.013199328144188059,1.1301192515777223,0.0
2008-06-27,0.9993686553413168,0.0013903079860218823,0.0
2008-06-30,0.08480947499822017,0.9227221711129616,0.0
2008-07-01,0.0033577994923818227,1.2143125715465675,0.0
2008-07-02,0.971669073332282,0.06614176664434909,0.0
2008-07-03,0.9966365845726115,0.0034673613199359098,0.0
2008-07-04,0.024272436437087055,0.9841095038391844,0.0
2008-07-07,0.02331364820174836,1.8833577074064556,0.0
2008-07-08,0.3080890105368679,1.9580453259185138,0.0
2008-07-09,0.848415592592225,0.43193801851069913,0.0
2008-07-10,0.9964534059581889,0.0051955471114455976,0.0
2008-07-11,0.06767446680724738,0.9453259357495812,0.0
2008-07-14,0.0724371757409284,1.6290298335206153,0.0
2008-07-15,0.005155981636969598,1.9662360651785418,0.0
2008-07-16,0.0020873852556281395,2.804570888630813,0.0
2008-07-17,0.9950859846466146,0.018545596406681686,0.0
2008-07-18,0.8878979059135134,0.12514214184192782,0.0
2008-07-22,0.9031944287300672,0.10511494021575489,0.0
2008-07-23,0.002074417541612042,1.1062677623537995,0.0
2008-07-24,0.30520418592452475,1.4086296208224762,0.0
2008-07-25,0.7885736742169818,0.5080907526672737,0.0
2008-07-28,0.0032801488672035365,1.4700456761621639,0.0
2008-07-29,0.01166955528528897,2.5026470082152112,0.0
2008-07-30,0.7853592808193635,0.7143895590129729,0.0
2008-07-31,0.0031173777028391685,3.7614674955372696,0.0
2008-08-01,0.002444706955487344,4.888351218425205,0.0
2008-08-04,0.002101551714348397,4.661725887247034,0.0
2008-08-05,0.002041921768948135,5.221515316694416,0.0
2008-08-06,0.005680658521744207,5.9493887804518035,0.0
2008-08-07,0.002155829682639184,6.5008206849472625,0.0
2008-08-08,0.10871353124693389,6.262207176383599,0.0
2008-08-11,0.002069097067292037,7.9849802394217,0.0
2008-08-12,0.002001688129856574,9.322222012273835,0.0
2008-08-13,0.0023151041802978063,10.153906997711125,0.0
2008-08-14,0.2110752513333713,8.769961850146885,0.0
2008-08-15,0.0020071400068120563,12.270751721823427,0.0
2008-08-18,0.660946807853148,4.416891251102283,0.0
2008-08-19,0.0060938240287992836,6.0726217203248485,0.0
2008-08-20,0.9963601066595188,0.020018885636260888,0.0
2008-08-21,0.2816217288894022,0.7321793265715376,0.0
2008-08-22,0.0020375253199798582,1.176743651373865,0.0
2008-08-25,0.1654155070730451,1.71509571978096,0.0
2008-08-26,0.9999906574227508,2.8563021629085164e-05,0.0
2008-08-27,0.00980666797904539,0.9907534789820479,0.0
2008-08-28,0.967491718874805,0.06475522615068395,0.0
2008-08-29,0.999974184163892,3.0192555760173367e-05,0.0
2008-09-01,0.9999998952097287,1.0479027135950221e-07,0.0
2008-09-02,0.9994398544996904,0.0005601473055862054,0.0
2008-09-03,0.9685355274109969,0.03146576485244992,0.0
2008-09-04,0.04792155534882608,0.9556212725471117,0.0
2008-09-05,0.9944437859893388,0.01105804085834666,0.0
2008-09-08,0.9970294331425309,0.0029864760876713056,0.0
2008-09-09,0.16511362007188984,0.838997523617522,0.0
2008-09-10,0.999924250088998,0.00015075124354378144,0.0
2008-09-11,0.892967920226139,0.10709639129676597,0.0
2008-09-12,0.999999658834398,5.791673717162508e-07,0.0
2008-09-16,0.9999914571842158,8.542820472465529e-06,0.0
2008-09-17,0.9895843620399766,0.010415674049016862,0.0
2008-09-18,0.9994522239035724,0.0005537605260342135,0.0
2008-09-19,0.9999985756563936,1.4253689231899496e-06,0.0
2008-09-22,0.9957848132957948,0.004215228682614542,0.0
2008-09-24,0.5439227482677713,0.45617752787006455,0.0
2008-09-25,0.9999428265469171,8.25954546926463e-05,0.0
2008-09-26,0.6612895279839593,0.338849917236839,0.0
2008-09-29,0.8270902236180502,0.18953991317155203,0.0
2008-09-30,0.856700858771255,0.15815202190679908,0.0
2008-10-01,0.9931251769605554,0.007809542256274111,0.0
2008-10-02,0.9990556569684552,0.0009462710762112439,0.0
2008-10-03,0.15696805299582903,0.8449845512571986,0.0
2008-10-06,0.9563994119185664,0.08300521857155435,0.0
2008-10-07,0.9732993250766442,0.027075220559841285,0.0
2008-10-08,0.9999999996636266,3.427692731782877e-10,0.0
2008-10-09,0.999955173654229,4.48263457709858e-05,0.0
2008-10-10,0.999999997223554,2.7764459538880117e-09,0.0
2008-10-14,1.0,0.0,0.0
2008-10-15,0.9999842461332221,1.5753866777878933e-05,0.0
2008-10-16,1.0,0.0,0.0
2008-10-17,0.9999810132412098,1.898675879030698e-05,0.0
2008-10-20,0.9999981359743639,1.864025636094189e-06,0.0
2008-10-21,0.9999663975826082,3.360257265334542e-05,0.0
2008-10-22,0.9999999998023895,1.9761045723881053e-10,0.0
2008-10-23,0.9999999999254646,7.453537786903942e-11,0.0
2008-10-24,1.0,0.0,0.0
2008-10-27,0.9999999999727117,2.7288282744564185e-11,0.0
2008-10-28,0.9999999999837419,1.6258216994913197e-11,0.0
2008-10-29,0.9999999999485996,5.140043946008469e-11,0.0
2008-10-30,1.0,0.0,0.0
2008-10-31,0.9999999981209451,1.8790549116687316e-09,0.0
2008-11-04,0.9999999996263633,3.7363667715335787e-10,0.0
2008-11-05,0.9999999997090236,2.9097635410886143e-10,0.0
2008-11-06,0.9999999387226555,6.127734450846861e-08,0.0
2008-11-07,0.9999999815710937,1.8428906400315214e-08,0.0
2008-11-10,0.9999999941171459,5.8828541412132254e-09,0.0
2008-11-11,0.9999896863108884,1.0313689111596847e-05,0.0
2008-11-12,0.9999695671286127,3.0432905990191095e-05,0.0
2008-11-13,0.9999928450398451,7.1552698029064195e-06,0.0
2008-11-14,0.9999963876432447,3.6123713418392623e-06,0.0
2008-11-17,0.999999662007849,3.3799411374027383e-07,0.0
2008-11-18,0.999030204247568,0.0009698018044019378,0.0
2008-11-19,0.999953626573032,4.637941817227676e-05,0.0
2008-11-20,1.0,0.0,0.0
2008-11-21,0.9999999171383117,8.286168828863794e-08,0.0
2008-11-25,0.9999989980190724,1.001980927604922e-06,0.0
2008-11-26,0.9997269693182379,0.0002730306941720922,0.0
2008-11-27,0.9776169171003738,0.02238398567568468,0.0
2008-11-28,0.8185125014162734,0.1833534995036576,0.0
2008-12-01,0.9896387078288572,0.01350940783115178,0.0
2008-12-02,0.9999995620625713,4.4442489961172544e-07,0.0
2008-12-03,0.9993029496731539,0.0006970507264964443,0.0
2008-12-04,0.9981301888354482,0.0018700098712223624,0.0
2008-12-05,0.9796953959551918,0.020383948614887133,0.0
2008-12-08,0.9999998363312242,1.775324916756927e-07,0.0
2008-12-09,0.9707203284817125,0.02927978075551556,0.0
2008-12-10,0.9999982966640603,2.196896488753743e-06,0.0
2008-12-11,0.9964516024025142,0.0035484184319852243,0.0
2008-12-12,0.9999948340767442,5.1968737187533925e-06,0.0
2008-12-15,0.9999969609874044,3.039075489348712e-06,0.0
2008-12-16,0.9844394133097115,0.015560600050803449,0.0
2008-12-17,0.9999615963281705,4.073498320195733e-05,0.0
2008-12-18,0.9870691833030101,0.012931473324295091,0.0
2008-12-19,0.9683074385120387,0.03175383028418179,0.0
2008-12-22,0.8311352836617051,0.1714314440970041,0.0
2008-12-24,0.06976199829954802,1.0768105206462646,0.0
2008-12-25,0.9999999884795103,2.3284172254007625e-08,0.0
2008-12-26,0.978721650735152,0.0212866148509677,0.0
2008-12-29,0.9968519698877203,0.00314804499525812,0.0
2008-12-30,0.9999997989090014,2.014252794564974e-07,0.0
2009-01-05,0.9999533133726282,4.668665426814274e-05,0.0
2009-01-06,0.9999805147124797,1.948548953937199e-05,0.0
2009-01-07,0.9986349940354489,0.0013650420214866997,0.0
2009-01-08,0.999999999738194,2.6316728764206413e-10,0.0
2009-01-09,0.9998715896616188,0.00012841034346966482,0.0
2009-01-13,0.9999999994375381,5.677937301053864e-10,0.0
2009-01-14,0.9871584896183296,0.012841511670546367,0.0
2009-01-15,0.9999992893943097,7.330552609382825e-07,0.0
2009-01-16,0.9979799552203862,0.0020200488225870753,0.0
2009-01-19,0.9997655755328833,0.00023622176314965312,0.0
2009-01-20,0.9735660616220161,0.026440912726212205,0.0
2009-01-21,0.9952529801812997,0.004804525480992968,0.0
2009-01-22,0.9999866833406046,1.3351049452505484e-05,0.0
2009-01-23,0.9995250726748692,0.0004749410184978711,0.0
2009-01-26,0.9518129905693667,0.048194172872568955,0.0
2009-01-27,0.9998092003922237,0.0001966040992714626,0.0
2009-01-28,0.9930165079166801,0.006984678525874979,0.0
2009-01-29,0.028169534878292518,0.9752587566043852,0.0
2009-01-30,0.0030497399824245762,1.5413752597893435,0.0
2009-02-02,0.0022779951661766155,2.0138432767536645,0.0
2009-02-03,0.589900221190828,1.225517881341437,0.0
2009-02-04,0.002745980475176941,3.1120429633560347,0.0
2009-02-05,0.005420181672815827,4.450175712373452,0.0
2009-02-06,0.004606041030741883,5.7028841578695735,0.0
2009-02-09,0.9500059279719294,0.3020984469805863,0.0
2009-02-10,0.7419281121517068,0.304110770858691,0.0
2009-02-12,0.027701989883543214,1.1814118446811026,0.0
2009-02-13,0.007537177243323878,2.183548776313424,0.0
2009-02-16,0.0028538254425397066,3.4096636094032133,0.0
2009-02-17,0.002284503490479167,4.850879551972884,0.0
2009-02-18,0.9454687291622785,0.2902413508120187,0.0
2009-02-19,0.43758388251062197,0.6936264666608901,0.0
2009-02-20,0.02955603675285711,1.4804966830193471,0.0
2009-02-23,0.7803408909200746,0.5821723275653017,0.0
2009-02-24,0.7806261671355149,0.4705116804564647,0.0
2009-02-25,0.33566457339394634,0.9271048368311963,0.0
2009-02-26,0.09039019135208201,1.6301878246550618,0.0
2009-02-27,0.004241312189082652,2.3507562950111085,0.0
2009-03-02,0.08879908367063702,2.891099232976636,0.0
2009-03-03,0.8375451704588034,0.6054534335108037,0.0
2009-03-04,0.9926281189540771,0.009351171579000476,0.0
2009-03-05,0.05569767762090938,0.965030642280158,0.0
2009-03-06,0.9990276912858045,0.0018781107947220892,0.0
2009-03-09,0.07236929140319244,1.0644895210311296,0.0
2009-03-10,0.0027577900871399177,2.047724785815226,0.0
2009-03-11,0.9888583745795205,0.03928913202933882,0.0
2009-03-12,0.058526392340273084,0.9837962245772528,0.0
2009-03-13,0.9999999923499506,1.534765771349435e-08,0.0
2009-03-16,0.0029560194167340655,0.9970490343277866,0.0
2009-03-17,0.4713076429141019,0.8700537519692341,0.0
2009-03-18,0.07536410324950761,1.0065207971023815,0.0
2009-03-19,0.06524968185437059,1.8028020001757574,0.0
2009-03-23,0.9990167537132262,0.002788405036381937,0.0
2009-03-24,0.47075525303667753,0.5348357337829969,0.0
2009-03-25,0.009649036300714028,1.0768237865045538,0.0
2009-03-26,0.9780836345409882,0.045762090469238514,0.0
2009-03-27,0.6226825039158623,0.398778708984138,0.0
2009-03-30,0.9999988803611644,1.951742407025791e-06,0.0
2009-03-31,0.9964969240568857,0.0035031132431621514,0.0
2009-04-01,0.8805694084936129,0.11944125228512567,0.0
2009-04-02,0.9989993490480785,0.001159138071446931,0.0
2009-04-03,0.900553242728879,0.09966219707963507,0.0
2009-04-06,0.6610372921526344,0.3491363362411526,0.0
2009-04-07,0.010557685188389648,1.2008630655629655,0.0
2009-04-08,0.6256398274503041,0.8044130050455425,0.0
2009-04-09,0.9999982909555287,3.7055867675609278e-06,0.0
2009-04-10,0.9998342434825632,0.0001657798336398955,0.0
2009-04-13,0.15054885445191818,0.8494630728683289,0.0
2009-04-14,0.8394891477014168,0.2861056016638554,0.0
2009-04-15,0.01480963885588097,1.1726139589695639,0.0
2009-04-16,0.9980475792597999,0.004006076928279816,0.0
2009-04-17,0.6320060991789064,0.3742435417184235,0.0
2009-04-20,0.3846073889686163,0.629259835419219,0.0
2009-04-21,0.839854538009684,0.2808379957733872,0.0
2009-04-22,0.9798009618899877,0.027339611201383045,0.0
2009-04-23,0.9887114829864948,0.011703985001017733,0.0
2009-04-24,0.5139829700727695,0.5026198075751388,0.0
2009-04-27,0.9869438783843653,0.023800881749411848,0.0
2009-04-28,0.9874569263921105,0.012836622324310449,0.0
2009-04-30,0.9990838604098434,0.0009791391925826117,0.0
2009-05-01,0.056509500355722546,0.9457706225945822,0.0
2009-05-07,0.9999999990819896,1.8335994042186914e-09,0.0
2009-05-08,0.26704107926669246,0.7329593982348527,0.0
2009-05-11,0.18694415697102118,0.8146635028252113,0.0
2009-05-12,0.8329909054073834,0.3204867868134833,0.0
2009-05-13,0.002871203294251374,2.235841003046932,0.0
2009-05-14,0.6624983857840511,1.2415384699188512,0.0
2009-05-15,0.1918757759272724,2.948638725456122,0.0
2009-05-18,0.07075018025064435,3.9591683940614484,0.0
2009-05-19,0.8060901213233005,0.9714560510230517,0.0
2009-05-20,0.9738336337235645,0.04993430561370791,0.0
2009-05-21,0.004968709669646064,1.1405062336678384,0.0
2009-05-22,0.9972285085387587,0.005727840570991217,0.0
2009-05-25,0.003567024798985431,1.016799603921231,0.0
2009-05-26,0.02079427136894306,1.9810092335979468,0.0
2009-05-27,0.9877980380401699,0.037446805196615036,0.0
2009-05-28,0.9964821704740116,0.0037333629359276336,0.0
2009-05-29,0.0031064855527801927,1.0045837474321404,0.0
2009-06-01,0.31246867567881453,1.3776585060870974,0.0
2009-06-02,0.9977672565802987,0.006423930057979658,0.0
2009-06-03,0.002015670734154859,1.0888404491918937,0.0
2009-06-04,0.19985373756092195,2.263370158919292,0.0
2009-06-05,0.9994606227865641,0.0017150484299729189,0.0
2009-06-08,0.005326449864131215,1.0026165606695892,0.0
2009-06-09,0.003856415357605396,1.760358430904347,0.0
2009-06-10,0.930856927990375,0.21829675515448904,0.0
2009-06-11,0.002369282134530767,1.6708344552439856,0.0
2009-06-12,0.9958207629645321,0.00968382707531908,0.0
2009-06-15,0.650001807714153,0.3552112264382027,0.0
2009-06-16,0.9999334634480025,0.00012699439346351265,0.0
2009-06-17,0.9999999926143442,7.3856557496576905e-09,0.0
2009-06-18,0.2154159936900106,0.7845843284751586,0.0
2009-06-19,0.6813653745159068,0.32117489729222465,0.0
2009-06-22,0.11765739647204103,1.1868290576114262,0.0
2009-06-23,0.9892742875210764,0.022427700481417887,0.0
2009-06-24,0.766550703129698,0.2453894930360057,0.0
2009-06-25,0.9759541493293186,0.03927406538501135,0.0
2009-06-26,0.7938488728250668,0.22712790034140376,0.0
2009-06-29,0.7782664097192471,0.29880717662213624,0.0
2009-06-30,0.9609612329358506,0.0542993369396446,0.0
2009-07-01,0.9999180694267501,8.742337887106301e-05,0.0
2009-07-02,0.9999960725561884,3.930027928780874e-06,0.0
2009-07-03,0.9998909708655407,0.00010903083381404734,0.0
2009-07-06,0.19266556100114818,0.8073441687513208,0.0
2009-07-07,0.11079874543490054,1.0235637069524544,0.0
2009-07-08,0.8944805002120596,0.20915477111959907,0.0
2009-07-09,0.9281131618480238,0.0772155660299687,0.0
2009-07-10,0.005343367621252674,1.0736420192665999,0.0
2009-07-13,0.5284532831210399,0.9710862493911027,0.0
2009-07-14,0.4409358685949698,1.5872242282352245,0.0
2009-07-15,0.0032265246579831117,2.237720948161705,0.0
2009-07-16,0.8787129416503653,0.31769452447931035,0.0
2009-07-17,0.9004978988180384,0.22927400797104697,0.0
2009-07-21,0.9999105322771645,9.263923263945958e-05,0.0
2009-07-22,0.0020418018099146503,0.9994185109585091,0.0
2009-07-23,0.0023686835583109573,1.5307835931727933,0.0
2009-07-24,0.979096196804612,0.06412906634234329,0.0
2009-07-27,0.002472633548865051,1.0879708083809858,0.0
2009-07-28,0.002397979426266246,2.584125146676213,0.0
2009-07-29,0.10925654625191554,3.445296913556274,0.0
2009-07-30,0.04696726300187351,3.829477974119559,0.0
2009-07-31,0.5988562323144309,2.216494650371253,0.0
2009-08-03,0.002007207362993995,3.9653642640347626,0.0
2009-08-04,0.9621635844459268,0.18878209469829807,0.0
2009-08-05,0.9999999995247486,4.935655567006567e-10,0.0
2009-08-06,0.024361600038241064,0.9756388716256843,0.0
2009-08-07,0.4950340506794723,0.5179036026485055,0.0
2009-08-10,0.998536052868522,0.001774313271893524,0.0
2009-08-11,0.9277857910049531,0.0722353030567244,0.0
2009-08-12,0.9930537598170887,0.011988004871394812,0.0
2009-08-13,0.40787768619609244,0.5952616300832604,0.0
2009-08-14,0.0023425113630432676,1.0958496431825735,0.0
2009-08-17,0.9948373156527989,0.01168910144050125,0.0
2009-08-18,0.8676134273363786,0.13308819723548607,0.0
2009-08-19,0.010365014494091435,1.0196845986697038,0.0
2009-08-20,0.18142636067161094,1.6337878842864673,0.0
2009-08-21,0.7348429581377193,0.6438039974407895,0.0
2009-08-24,0.9999910677881039,2.2878983232339873e-05,0.0
2009-08-25,0.4404293094895702,0.5598051469511571,0.0
2009-08-26,0.008335387123431072,1.0016268090745661,0.0
2009-08-27,0.07365262031021848,1.843462314362324,0.0
2009-08-28,0.9902058134014448,0.02875593347921683,0.0
2009-08-31,0.9994118650551423,0.0006219146246228645,0.0
2009-09-02,0.012946368772881956,0.9886275401336997,0.0
2009-09-03,0.003419903384883574,1.5681289412404535,0.0
2009-09-04,0.30682736425729973,1.4594133975010735,0.0
2009-09-07,0.999932399412041,0.0001238276220085251,0.0
2009-09-08,0.006511683520160697,1.0019206155693077,0.0
2009-09-09,0.008999159412616699,2.009745534347538,0.0
2009-09-10,0.3134722199762601,1.9844772268919626,0.0
2009-09-11,0.0021050617169509215,3.2090669532784855,0.0
2009-09-14,0.1540426092611397,3.972494889443306,0.0
2009-09-15,0.0029061416516639248,4.579974332827081,0.0
2009-09-16,0.004691858351123498,4.625738665489249,0.0
2009-09-17,0.2509990226459339,3.316035400615222,0.0
2009-09-18,0.0021305218347221744,4.420493574850461,0.0
2009-09-24,0.0024909077074167178,5.210534809075039,0.0
2009-09-25,0.03416122609847506,5.6208934562734685,0.0
2009-09-28,0.0065269874359666115,6.221853661164098,0.0
2009-09-29,0.06382896585050944,6.281884540845988,0.0
2009-09-30,0.002002602166199983,8.006511802640818,0.0
2009-10-01,0.00279282407485714,9.216020051749009,0.0
2009-10-02,0.8696071383820102,1.3744065292713659,0.0
2009-10-05,0.0020007263569707828,6.730913479158366,0.0
2009-10-06,0.6829764935939305,1.8657954108930999,0.0
2009-10-07,0.0020264353067789113,7.743495279428067,0.0
2009-10-08,0.002106396133020895,12.926399694236231,0.0
2009-10-09,0.005363852001286808,14.582272370996197,0.0
2009-10-13,0.0020688891195861955,15.58561684608827,0.0
2009-10-14,0.002200552308573847,16.33405843552124,0.0
2009-10-15,0.9942947213775208,0.10173193974446036,0.0
2009-10-16,0.0036957777046542485,2.3798051055723675,0.0
2009-10-19,0.21801439843193415,5.076797244841564,0.0
2009-10-20,0.9982732002785463,0.005628755271328904,0.0
2009-10-21,0.3746246060395906,0.6280413815530607,0.0
2009-10-22,0.06395297710035157,1.2611974517221147,0.0
2009-10-23,0.3574605166275686,1.2706452716386523,0.0
2009-10-26,0.0027490401006259072,1.629283056798446,0.0
2009-10-27,0.018370708202907045,2.4908807522780276,0.0
2009-10-28,0.0022219179276497495,3.5366100767172086,0.0
2009-10-29,0.9171719008416284,0.36257483561980286,0.0
2009-10-30,0.9983519474617408,0.0017929168540211154,0.0
2009-11-02,0.006610180126730154,1.0105745124032164,0.0
2009-11-04,0.0020826882781296847,2.1433379240299293,0.0
2009-11-05,0.002021988780444963,2.8326106312293677,0.0
2009-11-06,0.6363456898447708,1.7626331916676312,0.0
2009-11-09,0.002009348687165219,4.1043064018576825,0.0
2009-11-10,0.046720505832006966,5.016426747654498,0.0
2009-11-11,0.0020141444375734114,7.150153737800979,0.0
2009-11-12,0.11835741849579823,7.112329962201594,0.0
2009-11-13,0.0020081174495524086,9.751778741321777,0.0
2009-11-16,0.002044938935697812,11.85336807452663,0.0
2009-11-17,0.23442039273518087,11.067132315014135,0.0
2009-11-18,0.0026962388466534445,13.562147660396207,0.0
2009-11-19,0.05352282747875446,13.782636445152269,0.0
2009-11-20,0.8347265280575241,2.3147146974959347,0.0
2009-11-24,0.9933951667613179,0.011108590058586092,0.0
2009-11-25,0.0022121509586585947,1.2245008139527007,0.0
2009-11-26,0.9441432445236912,0.31231978577158015,0.0
2009-11-27,0.9999795559009625,3.441206552016014e-05,0.0
2009-11-30,0.8223001118210747,0.17788758486458678,0.0
2009-12-01,0.999997589215351,2.426522839495882e-06,0.0
2009-12-02,0.04189209322810009,0.9581519202403781,0.0
2009-12-03,0.9996574353137128,0.0006817391954429812,0.0
2009-12-04,0.9912551709026861,0.008745550262816459,0.0
2009-12-07,0.9856575052565087,0.014435960880071257,0.0
2009-12-08,0.9999997650388976,2.3740588459528163e-07,0.0
2009-12-09,0.9733201820185102,0.026679878730958843,0.0
2009-12-10,0.2121592527578342,0.7908206209862184,0.0
2009-12-11,0.7357637982302816,0.3181548204723869,0.0
2009-12-14,0.3829335720986033,0.7039510751120803,0.0
2009-12-15,0.0483328586456447,1.2909168274194978,0.0
2009-12-16,0.5878352644173301,0.9186659345763118,0.0
2009-12-17,0.0022692562851633407,2.4449531876049897,0.0
2009-12-18,0.008428832824783466,3.688930297496091,0.0
2009-12-21,0.8770050372040715,0.5540837290335212,0.0
2009-12-22,0.2104411676720748,3.5305958761431784,0.0
2009-12-24,0.02165413258038502,4.6842328292288755,0.0
2009-12-25,0.0026587265972096144,5.218499794056277,0.0
2009-12-28,0.03309608175858461,5.585803380387691,0.0
2009-12-29,0.006823711978142885,5.285815148801193,0.0
2009-12-30,0.9999977557103007,1.700747244430819e-05,0.0
2010-01-04,0.0020424564525641105,1.0061543221153917,0.0
2010-01-05,0.025183971185604753,2.5224423839240337,0.0
2010-01-06,0.0021300810607902372,3.8811014109446473,0.0
2010-01-07,0.0022308191755546253,4.013413290574784,0.0
2010-01-08,0.007159143894881847,4.8906040788579155,0.0
2010-01-12,0.026279967014273625,6.10644661251451,0.0
2010-01-13,0.16681247343238553,5.626876395720019,0.0
2010-01-14,0.43036610650056045,5.152087452323303,0.0
2010-01-15,0.0020022998293957386,8.700321834976485,0.0
2010-01-18,0.0036884351248416183,9.602487967964777,0.0
2010-01-19,0.010027731987197582,12.594031079800295,0.0
2010-01-20,0.38090453622483966,7.697526767453925,0.0
2010-01-21,0.20399555761871213,5.558841263960043,0.0
2010-01-22,0.09217237051202103,4.458801350861094,0.0
2010-01-25,0.9668052171168432,0.16600718310841361,0.0
2010-01-26,0.7092575920976592,0.3326775349684111,0.0
2010-01-27,0.02835624048106637,1.2757359603359864,0.0
2010-01-28,0.003627946689652371,2.2780724077950083,0.0
2010-01-29,0.896139598827528,0.3927081572914709,0.0
2010-02-01,0.0032661506330713404,1.5792583346210953,0.0
2010-02-02,0.1779767681425355,1.963838250191908,0.0
2010-02-03,0.044426979170413154,2.5096048642429962,0.0
2010-02-04,0.008466823015287275,3.0057839195376266,0.0
2010-02-05,0.9998664856027282,0.0005648587649851426,0.0
2010-02-08,0.0025262032064792554,1.0246877458097932,0.0
2010-02-09,0.9069144038603627,0.19087009011953013,0.0
2010-02-10,0.9873169113260695,0.014089497740187007,0.0
2010-02-12,0.9998845524505136,0.00011665000935136354,0.0
2010-02-15,0.0023022768703672885,0.9984703703611304,0.0
2010-02-16,0.0021969268951383247,1.5326426537774722,0.0
2010-02-17,0.9993122884884411,0.0020554081387045555,0.0
2010-02-18,0.0026981823576495353,0.9994293685414042,0.0
2010-02-19,0.9997207821014881,0.0005584572878560245,0.0
2010-02-22,0.9997084919248556,0.000291537967325985,0.0
2010-02-23,0.7034309605748323,0.29666093904915025,0.0
2010-02-24,0.9999192258020361,0.00014092632020556447,0.0
2010-02-25,0.9998342828669163,0.0001657352851845429,0.0
2010-02-26,0.005657254678890647,0.9944561364157762,0.0
2010-03-01,0.013441348020578689,1.391988759750463,0.0
2010-03-02,0.06380352432720232,1.847361062125592,0.0
2010-03-03,0.658023572289607,0.9452909161383078,0.0
2010-03-04,0.9593025998016875,0.052180913339245384,0.0
2010-03-05,0.9999908167468533,9.321350632669468e-06,0.0
2010-03-08,0.9999999999202765,7.972343702833538e-11,0.0
2010-03-09,0.00488604375702473,0.995113961130399,0.0
2010-03-10,0.04444079374129725,0.9560889853215289,0.0
2010-03-11,0.9999388969874036,0.00011842958081444737,0.0
2010-03-12,0.9999999997732135,2.2678656705606756e-10,0.0
2010-03-15,0.9999017227976019,9.827720239803892e-05,0.0
2010-03-16,0.9993843937766893,0.0006156076877063362,0.0
2010-03-17,0.9714401296360423,0.028586986532752823,0.0
2010-03-18,0.9845654106960748,0.01608727026216203,0.0
2010-03-19,0.8011663820049741,0.19971433465515095,0.0
2010-03-23,0.34857752964674343,0.7279697004546671,0.0
2010-03-24,0.9586404889119289,0.07789876773722933,0.0
2010-03-25,0.9773960717827319,0.026252291997512393,0.0
2010-03-26,0.9804488163188475,0.01966450760833228,0.0
2010-03-29,0.9999996939146218,3.076184872986516e-07,0.0
2010-03-30,0.011767992780632125,0.9882797854020328,0.0
2010-03-31,0.9865374324658849,0.026753143093285615,0.0
2010-04-01,0.9731706348381044,0.027360972358275948,0.0
2010-04-02,0.013052237819824633,1.0056421060301584,0.0
2010-04-05,0.9999760881604032,4.8132144360272474e-05,0.0
2010-04-06,0.6978960962427723,0.30224545916291506,0.0
2010-04-07,0.006372154887051235,1.0155842325651845,0.0
2010-04-08,0.9999974485926714,6.504534987619015e-06,0.0
2010-04-09,0.002010002145813369,0.9985018342324214,0.0
2010-04-12,0.9984575385147622,0.0030852503137539177,0.0
2010-04-13,0.017082285522019815,0.9830644049159526,0.0
2010-04-14,0.0171444791232386,1.8049631564598487,0.0
2010-04-15,0.9999995585913835,1.3204804221453274e-06,0.0
2010-04-16,0.267427060437913,0.7326206309247918,0.0
2010-04-19,0.9999999974814233,5.035633487501958e-09,0.0
2010-04-20,0.5346898993584901,0.46531010981998533,0.0
2010-04-21,0.9999998486736804,3.0136994518212973e-07,0.0
2010-04-22,0.5431982759961189,0.45680190831280276,0.0
2010-04-23,0.006357297089289043,0.994854546317353,0.0
2010-04-26,0.9999997429692447,5.732291025566591e-07,0.0
2010-04-27,0.999999999404092,5.959079625851501e-10,0.0
2010-04-28,0.9999995034250343,4.965749657059044e-07,0.0
2010-04-30,0.9999999884381907,1.1561809292718564e-08,0.0
2010-05-06,0.9999999932115052,6.788494795669254e-09,0.0
2010-05-07,0.9999715900747103,2.8409925289732802e-05,0.0
2010-05-10,0.8678716317281853,0.13212845146995764,0.0
2010-05-11,0.9999999999193356,1.5002608975542474e-10,0.0
2010-05-12,0.9904547460199555,0.00954525419023455,0.0
2010-05-13,0.9999996785479982,3.39215697668223e-07,0.0
2010-05-14,0.9999923839692866,7.616030713393579e-06,0.0
2010-05-17,0.6342709051112476,0.3657298263256751,0.0
2010-05-18,0.9857517071722545,0.01824913526530936,0.0
2010-05-19,0.9999985557372334,1.5263923373412437e-06,0.0
2010-05-20,0.03605911656972581,0.9640292700121096,0.0
2010-05-21,0.999982034662037,3.5927373847465256e-05,0.0
2010-05-24,0.010438035224600302,0.9895798951747463,0.0
2010-05-25,0.9606804964088287,0.07832309663946961,0.0
2010-05-26,0.9981361109444739,0.0019327988863245462,0.0
2010-05-27,0.9999998491189762,1.5104330132138936e-07,0.0
2010-05-28,0.9999992588433732,7.411566268840123e-07,0.0
2010-05-31,0.05438676900649048,0.9456140518314171,0.0
2010-06-01,0.010857470262802071,0.9992631691743166,0.0
2010-06-02,0.999958844460924,8.2961594265521e-05,0.0
2010-06-03,0.9999999710303273,2.896967271272715e-08,0.0
2010-06-04,0.1092276275490234,0.8907729665706353,0.0
2010-06-07,0.999999633286704,7.312863302915177e-07,0.0
2010-06-08,0.9999055168478692,9.44831542514973e-05,0.0
2010-06-09,0.4542728161901094,0.5457317506077377,0.0
2010-06-10,0.3895830698278028,0.6440090012218529,0.0
2010-06-11,0.9999999891151897,2.8095311762779544e-08,0.0
2010-06-14,0.9999999987338185,1.266181492400029e-09,0.0
2010-06-15,0.8233401307996788,0.17665986975746714,0.0
2010-06-16,0.9999999939855175,1.1719687639832536e-08,0.0
2010-06-17,0.9989287002595262,0.001071299747670252,0.0
2010-06-18,0.9528152159823584,0.04718505901156953,0.0
2010-06-21,0.9999740429713353,3.154980421274653e-05,0.0
2010-06-22,0.9999993806567697,6.193452990432163e-07,0.0
2010-06-23,0.999999999198615,8.013849583202567e-10,0.0
2010-06-24,0.9616536076665172,0.03834639285932793,0.0
2010-06-25,0.9999975512244151,2.6487927685420443e-06,0.0
2010-06-28,0.40247561522835695,0.5975415805168734,0.0
2010-06-29,0.9786393112745212,0.035539043426195016,0.0
2010-06-30,0.9999999974676417,4.304810244156997e-09,0.0
2010-07-01,0.03268911449165243,0.9673124505935973,0.0
2010-07-02,0.17039707896499887,0.8492772979743652,0.0
2010-07-05,0.0020685512815897785,1.8681064210175473,0.0
2010-07-06,0.9999913794055285,2.4127477620650635e-05,0.0
2010-07-07,0.0925931220854678,0.9083459308190723,0.0
2010-07-08,0.9999999998772138,2.4557241901274705e-10,0.0
2010-07-09,0.9996482811441412,0.00035171885585882234,0.0
2010-07-12,0.9936415751287132,0.006358432224772245,0.0
2010-07-13,0.7315619189259308,0.26927839038953855,0.0
2010-07-14,0.9999999146275541,1.4668186719488167e-07,0.0
2010-07-15,0.9999694539860288,3.0546013971257076e-05,0.0
2010-07-16,0.9932846750954156,0.006715533653986668,0.0
2010-07-21,0.3848329922373042,0.6153027313006617,0.0
2010-07-22,0.702901591130774,0.45120659350124015,0.0
2010-07-23,0.99999456509202,9.339430756667247e-06,0.0
2010-07-26,0.999486780449034,0.0005132212269071623,0.0
2010-07-27,0.004530712738790076,0.9955432116578101,0.0
2010-07-28,0.9999997291986107,5.416104736868024e-07,0.0
2010-07-29,0.9999998620267284,1.3797327161514478e-07,0.0
2010-07-30,0.8449168643592073,0.15508316726689214,0.0
2010-08-02,0.9045009466476481,0.0958180261423006,0.0
2010-08-03,0.9999999723457619,3.038707353271308e-08,0.0
2010-08-04,0.9951078955270666,0.004892108637427057,0.0
2010-08-05,0.9999998105822657,2.23842032109543e-07,0.0
2010-08-06,0.9999849502592655,1.504974073450659e-05,0.0
2010-08-09,0.9999999860797646,1.3920235426009181e-08,0.0
2010-08-10,0.7466063373908725,0.2533937826715005,0.0
2010-08-11,0.9934574602762274,0.006577609731771249,0.0
2010-08-12,0.9999997061878542,2.941264269773517e-07,0.0
2010-08-13,0.06041823161063364,0.9395931938727842,0.0
2010-08-16,0.9998950431261737,0.00020942148709169543,0.0
2010-08-17,0.9999996484727518,3.5164307410496657e-07,0.0
2010-08-18,0.9999801424249305,1.985759436178989e-05,0.0
2010-08-19,0.990808202938139,0.009191883257374925,0.0
2010-08-20,0.9999733487315536,2.8495585110063394e-05,0.0
2010-08-23,0.020415971193381403,0.9799822520598681,0.0
2010-08-24,0.9999740899219322,5.181905864348611e-05,0.0
2010-08-25,0.49171593627679944,0.5083382742651237,0.0
2010-08-26,0.9973438600077126,0.004452613054725172,0.0
2010-08-27,0.9999991151154153,8.864955389692192e-07,0.0
2010-08-30,0.9986710001463789,0.001329000764203337,0.0
2010-08-31,0.9999735334957048,2.655473926523845e-05,0.0
2010-09-01,0.01802080939169383,0.9821887527764835,0.0
2010-09-02,0.9999993812526745,1.2375036674364658e-06,0.0
2010-09-03,0.020230602231220297,0.9797747564086243,0.0
2010-09-06,0.9407634500060025,0.10451524698682726,0.0
2010-09-07,0.993948001728785,0.006097797230426427,0.0
2010-09-08,0.9989469482962245,0.0010572267057667333,0.0
2010-09-09,0.9999949498465777,5.0526561111041525e-06,0.0
2010-09-10,0.043080157363649486,0.9569765258447398,0.0
2010-09-13,0.9196024172452545,0.1564957068827466,0.0
2010-09-14,0.004507372254443667,1.022569509186783,0.0
2010-09-16,1.0,0.0,0.0
2010-09-17,0.9970215450294705,0.00297845497052951,0.0
2010-09-21,0.9999996194661878,3.8054112980846834e-07,0.0
2010-09-22,0.9922950693635085,0.007704983926409854,0.0
2010-09-24,0.9999999589340426,4.48980058262446e-08,0.0
2010-09-27,0.9999497951078614,5.0204915315384904e-05,0.0
2010-09-28,0.5260750048999767,0.4739257876062699,0.0
2010-09-29,0.9116361816093271,0.09118798877506186,0.0
2010-09-30,0.9999999076268328,1.3316164672912278e-07,0.0
2010-10-01,0.9999502870793276,4.97129260434364e-05,0.0
2010-10-04,0.9971730934612107,0.0028269182686959725,0.0
2010-10-05,0.9999999014577836,9.989448244281819e-08,0.0
2010-10-06,0.9935912209416792,0.006408785634851531,0.0
2010-10-07,0.8213836003815266,0.1786382558576127,0.0
2010-10-08,0.9919277255548836,0.008644941565687955,0.0
2010-10-12,1.0,0.0,0.0
2010-10-13,0.9999996166852732,3.8331472695940505e-07,0.0
2010-10-14,0.999993603481432,6.396518568080562e-06,0.0
2010-10-15,0.5823028102121146,0.4176979738647515,0.0
2010-10-18,0.9946047746712454,0.005756531135735338,0.0
2010-10-19,0.9799201026076446,0.020128106081655488,0.0
2010-10-20,0.9999996317150183,3.75256654566554e-07,0.0
2010-10-21,0.9996938043127587,0.0003061957073758845,0.0
2010-10-22,0.07348775633904045,0.9265268355043218,0.0
2010-10-25,0.3410782543214831,0.756648835426512,0.0
2010-10-26,0.887165501980622,0.1968700212702329,0.0
2010-10-27,0.9998308097917473,0.00018960458601812818,0.0
2010-10-28,0.35506413734407466,0.6461396580098869,0.0
2010-10-29,0.9893015702196428,0.0193161176220497,0.0
2010-11-01,0.9982517583091635,0.0017807602247729606,0.0
2010-11-02,0.019557051273247084,0.9848638878221557,0.0
2010-11-04,0.9999996675288706,6.65818985977917e-07,0.0
2010-11-05,0.9998562499628227,0.00014375068301308085,0.0
2010-11-08,0.9999880426197771,1.1992300531140767e-05,0.0
2010-11-09,0.9999958813551414,4.1186474813516775e-06,0.0
2010-11-10,0.9252700452877974,0.0747304824444587,0.0
2010-11-11,0.9966524019227493,0.0036949590055118174,0.0
2010-11-12,0.4958384783432888,0.5062484683434153,0.0
2010-11-15,0.7057873111532006,0.3796883024145421,0.0
2010-11-16,0.9992083300061768,0.0009523164736360869,0.0
2010-11-17,0.9999999999515734,4.8426541006408467e-11,0.0
2010-11-18,0.9999071833786445,9.28166213555663e-05,0.0
2010-11-19,0.9999999998285857,1.7253548716820448e-10,0.0
2010-11-22,0.9999998638391797,1.3616082027439802e-07,0.0
2010-11-24,0.9999999955759609,4.424039101273965e-09,0.0
2010-11-25,0.9999927827133693,7.217286630614489e-06,0.0
2010-11-26,0.13350654741918777,0.866493833335707,0.0
2010-11-29,0.03497441983999253,0.9920647127197711,0.0
2010-11-30,0.8819693488862547,0.23417977023419673,0.0
2010-12-01,0.004076213677753675,2.1025455127234114,0.0
2010-12-02,1.0,0.0,0.0
2010-12-03,0.9914599880879792,0.008540011912020806,0.0
2010-12-06,0.004270116176790637,0.9957407026451928,0.0
2010-12-07,0.7741254163806393,0.4104563484199093,0.0
2010-12-08,0.9935756402575395,0.0065096339619541465,0.0
2010-12-09,0.9997903433323845,0.00021024562161789338,0.0
2010-12-10,0.9999999999735429,2.6457017533361195e-11,0.0
2010-12-13,0.9995442460115725,0.0004557539931812089,0.0
2010-12-14,0.9999449493579832,5.505083211370794e-05,0.0
2010-12-15,0.9989520221958638,0.0010481245215315652,0.0
2010-12-16,0.9847247463206136,0.015277394112687144,0.0
2010-12-17,0.7860792453035794,0.21547131308550552,0.0
2010-12-20,0.9994790720871608,0.0009058032408295395,0.0
2010-12-21,0.9999922263955592,7.779209498641982e-06,0.0
2010-12-22,0.9881840230871929,0.011816116154308408,0.0
2010-12-24,0.9999999965534612,3.749727391327379e-09,0.0
2010-12-27,0.05478299009232823,0.9452183606613578,0.0
2010-12-28,0.052515597258993754,0.956765304383848,0.0
2010-12-29,0.9965913936427402,0.006556423823516,0.0
2010-12-30,0.42556814768683593,0.6190654049180715,0.0
2011-01-04,0.9999999842655666,3.036245426747329e-08,0.0
2011-01-05,0.005050032594269556,0.9949584250125151,0.0
2011-01-06,1.0,0.0,0.0
2011-01-07,0.20652854905890466,0.7934714509410953,0.0
2011-01-11,0.998421271689784,0.0015899525659722274,0.0
2011-01-12,0.996857877613547,0.003143058074394837,0.0
2011-01-13,0.9999696694811414,3.045237116318918e-05,0.0
2011-01-14,0.9999857786318095,1.4221586054450618e-05,0.0
2011-01-17,0.999937275149821,6.272596239651287e-05,0.0
2011-01-18,0.9678886766639023,0.032112247561850715,0.0
2011-01-19,0.977470840634359,0.023278217678098796,0.0
2011-01-20,0.18721321190005027,0.8534982243417655,0.0
2011-01-21,0.9999474119824289,0.00010676548201018797,0.0
2011-01-24,0.30926810873601757,0.691377677488156,0.0
2011-01-25,0.024716559918267482,1.0148776077160617,0.0
2011-01-26,0.9516126094789698,0.09712646235089784,0.0
2011-01-27,0.944364859093912,0.06231776286572369,0.0
2011-01-28,0.03345386149917653,0.9962348054914998,0.0
2011-01-31,0.9999991382190253,1.735743094501706e-06,0.0
2011-02-01,0.08725054645456352,0.9129106993987121,0.0
2011-02-02,0.23470494738052108,0.8807835956402726,0.0
2011-02-03,0.004963570287654441,1.908934577292362,0.0
2011-02-04,0.9035405258105127,0.28020484350542846,0.0
2011-02-07,0.9999760482258271,2.4142140604823635e-05,0.0
2011-02-08,0.9916175539200172,0.008382657037848974,0.0
2011-02-09,0.12093076475492123,0.9064467693964274,0.0
2011-02-10,0.03980914349109388,1.224259593776392,0.0
2011-02-14,0.9903778662446315,0.02494835534904632,0.0
2011-02-15,0.002001212349159158,1.1528704506304033,0.0
2011-02-16,0.0020604904686659553,2.6688757576644764,0.0
2011-02-17,0.999349479172541,0.0023341874683144243,0.0
2011-02-18,0.002020322920609638,1.0056800657842584,0.0
2011-02-21,0.004580243447150133,1.854795336453805,0.0
2011-02-22,0.9712220981703314,0.08677408200901263,0.0
2011-02-23,0.9995738121400091,0.00043792790574673197,0.0
2011-02-24,0.01800718164826696,0.9838782217661148,0.0
2011-02-25,0.0028457113166972603,1.2732822168041609,0.0
2011-02-28,0.9419492811964076,0.13068394297027427,0.0
2011-03-01,0.9990891305446501,0.0018993369676379027,0.0
2011-03-02,0.9999977043106365,2.332613355737576e-06,0.0
2011-03-03,0.020851937570860915,0.9791861248423278,0.0
2011-03-04,0.9999999959292132,8.141573551089872e-09,0.0
2011-03-07,0.9231794512294548,0.07682055104163117,0.0
2011-03-08,0.05271712668682082,0.9474772721079717,0.0
2011-03-09,0.9996473577674181,0.000704348172463761,0.0
2011-03-10,0.9110922685986265,0.0890660504467055,0.0
2011-03-11,0.9999999961120997,6.152490335634022e-09,0.0
2011-03-14,0.9999999999760467,2.3953283798713687e-11,0.0
2011-03-15,1.0,0.0,0.0
2011-03-16,1.0,0.0,0.0
2011-03-17,1.0,0.0,0.0
2011-03-18,0.9999999999922531,7.746914221229417e-12,0.0
2011-03-22,1.0,0.0,0.0
2011-03-23,0.9999999996381002,3.6189984342627213e-10,0.0
2011-03-24,0.999999985705499,1.4294501027244632e-08,0.0
2011-03-25,1.0,0.0,0.0
2011-03-28,0.9999999991762284,8.237716064840583e-10,0.0
2011-03-29,1.0,0.0,0.0
2011-03-30,1.0,0.0,0.0
2011-03-31,0.9999999999785435,2.1456503240813163e-11,0.0
2011-04-01,0.9999998696059118,1.3039408819337278e-07,0.0
2011-04-04,0.9999999957903923,4.209607619343058e-09,0.0
2011-04-05,0.9999999212899887,7.871001123660978e-08,0.0
2011-04-06,0.9999999992353424,7.646575902198453e-10,0.0
2011-04-07,0.9999995353577076,4.6464229238615074e-07,0.0
2011-04-08,0.999999060056418,9.399435819762025e-07,0.0
2011-04-11,0.9988677232148483,0.0011322825225552966,0.0
2011-04-12,0.999999824125407,1.7598510514354152e-07,0.0
2011-04-13,0.99999999179267,8.20732998478449e-09,0.0
2011-04-14,0.9933005423081785,0.0066994578004433035,0.0
2011-04-15,0.008885277575356496,0.9912679362944754,0.0
2011-04-18,0.00243878965875338,1.5677192051844777,0.0
2011-04-19,0.9999927905875973,2.1600593156749548e-05,0.0
2011-04-20,0.9453354157932399,0.05467362517110578,0.0
2011-04-21,0.9947384121402527,0.005416467311344252,0.0
2011-04-22,0.9934772007073097,0.0065642811062209885,0.0
2011-04-25,0.005809985104677164,1.0012891593908586,0.0
2011-04-26,0.005534303740443243,1.8574381185144455,0.0
2011-04-27,0.006996842951191679,2.3033987741812645,0.0
2011-04-28,0.09730314738359776,2.9158173152826303,0.0
2011-05-02,0.9998391629075006,0.0007521366923910279,0.0
2011-05-06,0.9999963596366921,3.6408314420035396e-06,0.0
2011-05-09,0.2988350908485567,0.7011728209169729,0.0
2011-05-10,0.009756406399609983,0.997367083816207,0.0
2011-05-11,0.9999825043385551,3.7509469422826954e-05,0.0
2011-05-12,0.9991126941464679,0.0008873305004918566,0.0
2011-05-13,0.9911394307036367,0.008861351918264584,0.0
2011-05-16,0.9999589908924673,4.511766314483073e-05,0.0
2011-05-17,0.8624564505700507,0.13756021279021033,0.0
2011-05-18,0.005083001371793426,0.9985559889536995,0.0
2011-05-19,0.980825566710521,0.038344023052370765,0.0
2011-05-20,0.009212422151771297,1.0898127897297605,0.0
2011-05-23,0.0035299731889020225,2.143663813550333,0.0
2011-05-24,0.9979475475603836,0.00674047071662375,0.0
2011-05-25,0.015440521266339016,1.017373342112189,0.0
2011-05-26,0.7318814223777462,0.5376653989077828,0.0
2011-05-27,0.2109891187994225,0.9639827385055818,0.0
2011-05-30,0.002699125476706799,1.5605750821179596,0.0
2011-05-31,0.9999729408626019,7.975265020508627e-05,0.0
2011-06-01,0.0029715926406923988,1.0087008583564905,0.0
2011-06-02,0.9999999891741076,2.1651784742271305e-08,0.0
2011-06-03,0.006264221278215879,0.9937359344255493,0.0
2011-06-06,0.003505900831625469,1.0215336523244143,0.0
2011-06-07,0.004747884091824749,1.9866121259745309,0.0
2011-06-08,0.0020674874412490276,2.975510278628566,0.0
2011-06-09,0.03960708454975495,3.818985733175325,0.0
2011-06-10,0.1430973376303772,4.088177716990131,0.0
2011-06-13,0.9999897801394113,2.9029476578136993e-05,0.0
2011-06-14,0.019525670189447022,0.9840111473986357,0.0
2011-06-15,0.09699556279082713,1.312331207949305,0.0
2011-06-16,0.9730009812743151,0.06106570050484638,0.0
2011-06-17,0.17367366299822853,0.9064092110414537,0.0
2011-06-20,0.002160845842300085,2.090862581767248,0.0
2011-06-21,0.26864364227469484,2.222931572392482,0.0
2011-06-22,0.0028404274986958606,3.73913778811864,0.0
2011-06-23,0.9605089967650557,0.15446782241716442,0.0
2011-06-24,0.0020176515435861068,2.8459158710700967,0.0
2011-06-27,0.0035228416229427574,6.789635126575721,0.0
2011-06-28,0.9984204914680366,0.009365590403730648,0.0
2011-06-29,0.9999990726465336,9.281260082440657e-07,0.0
2011-06-30,0.10339679464416196,0.8966277866140724,0.0
2011-07-01,0.6808351763451767,0.4748830537904693,0.0
2011-07-04,0.999972282578785,6.393711461700566e-05,0.0
2011-07-05,0.0020118373229307714,0.998765047465545,0.0
2011-07-06,0.1499698692030986,1.736461592172604,0.0
2011-07-07,0.03739357281845967,1.6193727240822313,0.0
2011-07-08,0.9999999998830841,4.3683644716046537e-10,0.0
2011-07-11,0.9998503480468023,0.00014965195319775222,0.0
2011-07-12,0.9999998685877067,1.314392463511058e-07,0.0
2011-07-13,0.9671686141918538,0.03283145258722581,0.0
2011-07-14,0.17116869257099498,0.8290591051350618,0.0
2011-07-15,0.39465519621169265,1.1795272968072137,0.0
2011-07-19,0.8747041085865458,0.26757127644757467,0.0
2011-07-20,0.9999999106577344,1.3163484789626007e-07,0.0
2011-07-21,0.0206923090748749,0.9793664808926659,0.0
2011-07-22,0.9995740400195423,0.0008481809069003259,0.0
2011-07-25,0.5003240358057169,0.49968913154214434,0.0
2011-07-26,0.025516883436450727,1.0720785712611136,0.0
2011-07-27,0.470792347575983,1.0637959828569736,0.0
2011-07-28,0.9988705756662163,0.002482001244026809,0.0
2011-07-29,0.08950818572917496,0.9134962760277687,0.0
2011-08-01,0.42121387085764744,1.02567687820344,0.0
2011-08-02,0.9999030485253608,0.00026003204293014657,0.0
2011-08-03,0.9999852402253178,1.476290718937056e-05,0.0
2011-08-04,0.21640119519456646,0.7836029754750028,0.0
2011-08-05,0.999932188018416,0.00013020967129906083,0.0
2011-08-08,0.9994803027543467,0.0005197097696533399,0.0
2011-08-09,0.9999999153807474,8.465469652272461e-08,0.0
2011-08-10,0.999999999984613,1.538702479033208e-11,0.0
2011-08-11,0.9999999999907851,9.214851104381e-12,0.0
2011-08-12,0.9999999961189461,3.881054033692602e-09,0.0
2011-08-15,0.999999999821649,1.7835100005312854e-10,0.0
2011-08-16,0.9999700736566048,2.992634339512682e-05,0.0
2011-08-17,0.9997400034567384,0.00025999667997270897,0.0
2011-08-18,0.9998187310294827,0.00018131819977146567,0.0
2011-08-19,0.9999999999934136,6.586424484943449e-12,0.0
2011-08-22,0.999169939432706,0.0008300605672939996,0.0
2011-08-23,0.9999772139326367,2.2786745400328326e-05,0.0
2011-08-24,0.9999999688219133,3.117808664888804e-08,0.0
2011-08-25,0.9972272298338066,0.002772770639732535,0.0
2011-08-26,0.9845003445184225,0.015507159461960329,0.0
2011-08-29,0.95130887260738,0.06198600290540192,0.0
2011-08-30,0.9999994680768372,6.13894793638084e-07,0.0
2011-08-31,0.021486519596513896,0.978615821838158,0.0
2011-09-01,0.7757761591867958,0.26637060411666647,0.0
2011-09-02,0.9988089633677367,0.0012318456596318744,0.0
2011-09-05,0.9999993856757664,6.143932517910448e-07,0.0
2011-09-06,0.9999431632259457,5.68368198859496e-05,0.0
2011-09-07,0.9999999897642331,1.0239366279857167e-08,0.0
2011-09-08,0.9999976707784025,2.3292215974863553e-06,0.0
2011-09-09,0.9843887137837146,0.015611290348762987,0.0
2011-09-12,0.9999999987414515,1.4283354252267544e-09,0.0
2011-09-13,0.2765436065598137,0.7234571772956759,0.0
2011-09-14,0.33463332234327997,0.6691792465850084,0.0
2011-09-15,0.9999994214291741,1.1672154310643374e-06,0.0
2011-09-16,0.9999861423387807,1.3857661219311527e-05,0.0
2011-09-20,0.9969723917944073,0.003027626097232396,0.0
2011-09-21,0.0022948653266565604,0.9982706449721229,0.0
2011-09-22,0.9944127013827601,0.0111752135163652,0.0
2011-09-26,0.9943287173667444,0.0057096835289099125,0.0
2011-09-27,0.9998835817048914,0.00011688311726936567,0.0
2011-09-28,0.004595374205518756,0.9960277384773356,0.0
2011-09-29,0.9999993995322914,1.201133600956214e-06,0.0
2011-09-30,0.11817680340602375,0.8818260091327346,0.0
2011-10-03,0.9976081584003227,0.004738225981356245,0.0
2011-10-04,0.999750405621333,0.0002502466744132799,0.0
2011-10-05,0.9502742038894227,0.04975090628937241,0.0
2011-10-06,0.5443494812196031,0.46684311753355867,0.0
2011-10-07,0.6222339582100228,0.42990415406860677,0.0
2011-10-11,0.9999778081857865,3.309222658320362e-05,0.0
2011-10-12,0.5881210590198933,0.41206993305025325,0.0
2011-10-13,0.9999985814301231,2.741580725176403e-06,0.0
2011-10-14,0.0033563736892482893,0.9966914777218313,0.0
2011-10-17,0.9999999986117636,2.776472880732321e-09,0.0
2011-10-18,0.9999999979450257,2.054974300588004e-09,0.0
2011-10-19,0.9985216636861319,0.001478336316573012,0.0
2011-10-20,0.09003324862349016,0.9099713842061463,0.0
2011-10-21,0.04755621544293822,0.9745818491919394,0.0
2011-10-24,0.9999999942409721,1.235747440991079e-08,0.0
2011-10-25,0.9999968787028752,3.1212971247140994e-06,0.0
2011-10-26,0.9999995579396915,4.4206030851769974e-07,0.0
2011-10-27,0.9998118011348275,0.00018819887445448096,0.0
2011-10-28,0.9999999996780735,3.2192645855642196e-10,0.0
2011-10-31,0.9999960487401987,3.951259801363291e-06,0.0
2011-11-01,0.9999996475179196,3.524820803991192e-07,0.0
2011-11-02,0.9999999986681646,1.3318354026476337e-09,0.0
2011-11-04,0.9999999601318343,3.9868165684298125e-08,0.0
2011-11-07,0.3108405196283728,0.6891594871871575,0.0
2011-11-08,0.991218155362499,0.010016326614004256,0.0
2011-11-09,0.9999918528288793,8.163639955090898e-06,0.0
2011-11-10,1.0,0.0,0.0
2011-11-11,0.9998332856915717,0.00016671430842829515,0.0
2011-11-14,0.9999999999882274,1.1772583373770597e-11,0.0
2011-11-15,0.9999737601182674,2.623988173251124e-05,0.0
2011-11-16,0.9878493306735311,0.012150670526073786,0.0
2011-11-17,0.9992346982437245,0.0007708728694970541,0.0
2011-11-18,0.999999999985949,1.4050986249106669e-11,0.0
2011-11-21,0.9762584012274156,0.02374159882418882,0.0
2011-11-22,0.9999977819978031,2.3923749195651136e-06,0.0
2011-11-24,0.9999999977599703,2.2400297347233295e-09,0.0
2011-11-25,0.8531739086653288,0.14682609833697202,0.0
2011-11-28,0.9999981848532072,3.0391191481389696e-06,0.0
2011-11-29,0.9974639243120178,0.002536079654890104,0.0
2011-11-30,0.9903545622698506,0.009649316658706317,0.0
2011-12-01,0.9999996573466381,3.4670896681958656e-07,0.0
2011-12-02,0.004504171594731125,0.9955295845439578,0.0
2011-12-05,0.9999906053924433,1.878816108498169e-05,0.0
2011-12-06,0.7626630304374415,0.23733734398227477,0.0
2011-12-07,0.42065649884517214,0.5868156629994675,0.0
2011-12-08,0.7602630292389859,0.32408212618677157,0.0
2011-12-09,0.9999999994253416,6.74881675473955e-10,0.0
2011-12-12,0.9999999944122732,5.587726836771707e-09,0.0
2011-12-13,0.9999999860242843,1.3975715680088415e-08,0.0
2011-12-14,0.48691864544714836,0.5130813578525626,0.0
2011-12-15,0.9993428366695738,0.0007671492910838589,0.0
2011-12-16,0.9704107571469206,0.029606982752356268,0.0
2011-12-19,0.18405414681864202,0.8215846227386241,0.0
2011-12-20,0.007718705974808267,1.3439561075828768,0.0
2011-12-21,1.0,0.0,0.0
2011-12-22,0.13898324613403662,0.8610167538659633,0.0
2011-12-26,1.0,0.0,0.0
2011-12-27,0.9997498442665816,0.0002501557334183558,0.0
2011-12-28,0.7874745091281202,0.212525495349388,0.0
2011-12-29,0.99997174851468,3.51222217113616e-05,0.0
2011-12-30,0.9994566695665824,0.0005433700606967144,0.0
2012-01-04,0.9999999998970338,1.0296616705375522e-10,0.0
2012-01-05,0.996647160516963,0.00335283954779905,0.0
2012-01-06,0.9972383647409422,0.0027645862367054017,0.0
2012-01-10,0.8641293731641068,0.13764098666463512,0.0
2012-01-11,0.1066684626825175,0.8989202723955644,0.0
2012-01-12,0.7158536037445743,0.5302585324850863,0.0
2012-01-13,0.9999999733174084,6.331168630749381e-08,0.0
2012-01-16,0.9999968034077983,3.1965922017254515e-06,0.0
2012-01-17,0.12247936324136398,0.8775209653789926,0.0
2012-01-18,0.9710668993681147,0.05262994200163407,0.0
2012-01-19,0.02642024925985448,1.0054145079800838,0.0
2012-01-20,0.9999999928422459,1.5234636579240427e-08,0.0
2012-01-23,0.17262030469239253,0.8273805190201613,0.0
2012-01-24,0.9998163650350039,0.0003613711369571463,0.0
2012-01-25,0.5671209416629555,0.4328869704895316,0.0
2012-01-26,0.008778472898017748,1.0545005238850724,0.0
2012-01-27,0.007009994442378935,1.9635026570980483,0.0
2012-01-30,0.05527978597212472,2.76661784641253,0.0
2012-01-31,0.005156832351805849,3.3019065100681932,0.0
2012-02-01,0.0023212815974325645,3.4514221822901496,0.0
2012-02-02,0.9584287945002353,0.15235493820378174,0.0
2012-02-03,0.005352570686340504,1.6214429471815426,0.0
2012-02-06,0.9999999999427545,1.144910567778611e-10,0.0
2012-02-07,0.005693812463356848,0.9943067035401498,0.0
2012-02-08,0.8411922823501065,0.2031472365946682,0.0
2012-02-09,0.004821658667423258,1.2239738729653122,0.0
2012-02-10,0.30061004759673227,1.4553396510426755,0.0
2012-02-13,0.0020348681210532325,2.7700544034884667,0.0
2012-02-14,0.0831710968256787,3.509783626946193,0.0
2012-02-15,0.5375396264523673,1.340098728527924,0.0
2012-02-16,0.09243621060671905,1.6525012884939532,0.0
2012-02-17,0.9999982814083656,4.733049307143039e-06,0.0
2012-02-20,0.9999999995840932,4.159067517904008e-10,0.0
2012-02-21,0.17550555303676224,0.824494452104583,0.0
2012-02-22,0.5268312197756895,0.4741710308484769,0.0
2012-02-23,0.011561434779307466,1.5401226634721097,0.0
2012-02-24,0.0034831329215182045,2.672643418064712,0.0
2012-02-27,0.9999996110786896,1.3709025920187293e-06,0.0
2012-02-28,0.999996086763048,3.913236952055013e-06,0.0
2012-02-29,0.9957265674718582,0.004273433731674411,0.0
2012-03-01,0.9975431438388324,0.0024600940789254438,0.0
2012-03-02,0.9999997509941045,2.4990451810078094e-07,0.0
2012-03-05,0.2781182224242258,0.721887290306158,0.0
2012-03-06,0.3102751993244405,0.7017833247905201,0.0
2012-03-07,0.9999999991757476,2.379179430018363e-09,0.0
2012-03-08,0.9999050509165104,9.49490834895712e-05,0.0
2012-03-09,0.9999764319421642,2.3568593729952934e-05,0.0
2012-03-12,0.999999999345665,6.54335003659813e-10,0.0
2012-03-13,0.33287856192820653,0.6671214803764579,0.0
2012-03-14,0.999999994297871,1.1400992293124539e-08,0.0
2012-03-15,0.7333452272301879,0.26665477561191286,0.0
2012-03-16,0.003320536541068214,0.9967798685845083,0.0
2012-03-19,0.035552464329992824,1.6713812776439974,0.0
2012-03-21,0.9719462100614676,0.07029148001394271,0.0
2012-03-22,0.999953602744138,4.693081122053729e-05,0.0
2012-03-23,0.9999999999984456,1.554529678412787e-12,0.0
2012-03-26,0.9521029227212915,0.04789707741329962,0.0
2012-03-27,1.0,0.0,0.0
2012-03-28,0.9999999631576795,3.684232052769687e-08,0.0
2012-03-29,0.6678109808176672,0.3321890192240864,0.0
2012-03-30,0.7084887932803288,0.2918085767807842,0.0
2012-04-02,0.9999990184278197,1.3467727956966148e-06,0.0
2012-04-03,0.05397253531754184,0.9463293424424601,0.0
2012-04-04,0.9999999998445153,3.1096950465762517e-10,0.0
2012-04-05,0.9999997392676059,2.6073239419111015e-07,0.0
2012-04-06,0.9991747039152112,0.0008252960927599588,0.0
2012-04-09,0.9999999999419331,5.8066835185361774e-11,0.0
2012-04-10,0.9995790072759382,0.0004209927257477165,0.0
2012-04-11,0.9999999999989398,1.0601472729154503e-12,0.0
2012-04-12,0.9833993276102625,0.01660067243485316,0.0
2012-04-13,0.9999630974665634,3.691654430380648e-05,0.0
2012-04-16,0.999999999675764,3.2423601956110894e-10,0.0
2012-04-17,0.7899248097323904,0.21007520127117388,0.0
2012-04-18,0.9999999841986561,3.153225566530882e-08,0.0
2012-04-19,0.9999999889390904,1.1060909619862984e-08,0.0
2012-04-20,0.11996949166308414,0.8800305228481192,0.0
2012-04-23,0.9989888056024526,0.0017033257889189357,0.0
2012-04-24,0.9999778097203454,2.2196464334413593e-05,0.0
2012-04-25,0.9999999999883028,1.1697165631605936e-11,0.0
2012-04-26,0.9999448301960119,5.516980398810508e-05,0.0
2012-04-27,0.9999838909159242,1.6109096707514238e-05,0.0
2012-05-01,0.9982523003014925,0.0017479365181545612,0.0
2012-05-02,0.9990130559721627,0.0009871052950340795,0.0
2012-05-07,0.9999999997742856,2.257144667561921e-10,0.0
2012-05-08,0.9999884285237155,1.1571476284476785e-05,0.0
2012-05-09,0.3608907826728466,0.6391092964497781,0.0
2012-05-10,0.7238160956409398,0.29171707032264366,0.0
2012-05-11,0.07583828548753628,1.1906659242049973,0.0
2012-05-14,0.10926695543883809,1.991152344258025,0.0
2012-05-15,0.28730594775107665,2.1411650990831115,0.0
2012-05-16,0.05744777566893786,2.6566089363471797,0.0
2012-05-17,0.22599062504481796,2.4927268447629776,0.0
2012-05-18,0.9999315786581585,0.00020926887692179058,0.0
2012-05-21,0.0044165894115508805,1.0053520238918314,0.0
2012-05-22,0.9999974150853024,5.1718343696960915e-06,0.0
2012-05-23,0.9982083181100607,0.0017917311871364031,0.0
2012-05-24,0.0024388385547442345,0.9976479153026129,0.0
2012-05-25,0.9042738900615033,0.19139605380943242,0.0
2012-05-28,0.0021413409963124065,1.1398873451698008,0.0
2012-05-29,0.03993327211960605,2.0753659075852715,0.0
2012-05-30,0.003504043788994955,2.9115846542561252,0.0
2012-05-31,0.9999964984559506,1.41889270741652e-05,0.0
2012-06-01,0.9552060181433725,0.04479992922212136,0.0
2012-06-04,0.999999999158254,1.4628873785542316e-09,0.0
2012-06-05,0.003175210517806821,0.9968250366386238,0.0
2012-06-06,0.09200608115148115,1.0290593803112011,0.0
2012-06-07,0.9999999486190958,1.5387759204524111e-07,0.0
2012-06-08,0.8293004195344513,0.17069959045591326,0.0
2012-06-11,0.9999999859913505,2.7527711093846358e-08,0.0
2012-06-12,0.9999999847363602,1.526363987572605e-08,0.0
2012-06-13,0.014016616493040807,0.9859833871062789,0.0
2012-06-14,0.9999499192568655,9.998751228430226e-05,0.0
2012-06-15,0.9921478261866017,0.007852179249227754,0.0
2012-06-18,0.999999999993255,6.745099841796583e-12,0.0
2012-06-19,0.08565995644082613,0.9143400927502678,0.0
2012-06-20,0.9999978877646426,4.192496845613189e-06,0.0
2012-06-21,0.17083351818807946,0.8291737255606895,0.0
2012-06-22,0.9999999888716938,2.2252796134675696e-08,0.0
2012-06-25,0.9999999473550485,5.264495154762304e-08,0.0
2012-06-26,0.9944363902551686,0.005563609965153329,0.0
2012-06-27,0.35077030437857865,0.6492651880290556,0.0
2012-06-28,0.9999757837198862,4.689713871849848e-05,0.0
2012-06-29,0.9999999159115525,8.409277885775961e-08,0.0
2012-07-02,0.9999999999946253,5.374700126096361e-12,0.0
2012-07-03,0.14227598052653284,0.8577240197286522,0.0
2012-07-04,0.9999899352322604,1.719994942083804e-05,0.0
2012-07-05,0.9948662649057843,0.005133760570348891,0.0
2012-07-06,0.9564338139256207,0.04358095501578934,0.0
2012-07-09,0.9999999929250137,7.845174280487863e-09,0.0
2012-07-10,0.9704071056152231,0.029592912093655176,0.0
2012-07-11,0.9626544905588857,0.03747525507823239,0.0
2012-07-12,0.9999161488947734,8.450007723285689e-05,0.0
2012-07-13,0.16003841005421773,0.8410769436357733,0.0
2012-07-17,0.28619676042213044,0.8352411149124571,0.0
2012-07-18,0.9980536740332095,0.00477580870767771,0.0
2012-07-19,0.9714334413635416,0.028628216875928005,0.0
2012-07-20,0.9706732370265926,0.03004770888334849,0.0
2012-07-23,0.9609941680573998,0.040337015768280485,0.0
2012-07-24,0.0029842037795048044,1.053913220410614,0.0
2012-07-25,0.29137221478190056,1.4323009821863266,0.0
2012-07-26,0.24888772656905941,1.6711723828306395,0.0
2012-07-27,0.9999999260296718,2.588166658425626e-07,0.0
2012-07-30,0.9999982767374705,1.7232625294017744e-06,0.0
2012-07-31,0.6590277847643016,0.34097231483851764,0.0
2012-08-01,0.6689048244658922,0.3571057325666653,0.0
2012-08-02,0.0020827127173562617,1.1557561573858688,0.0
2012-08-03,0.9999964472616751,7.278281454930653e-06,0.0
2012-08-06,0.9998343707234391,0.00016562955881651943,0.0
2012-08-07,0.2739432825433434,0.7260751925648615,0.0
2012-08-08,0.28959654210208563,1.046479312615897,0.0
2012-08-09,0.03961532129824447,1.202412598967325,0.0
2012-08-10,0.0020813164553930355,2.0182274674003158,0.0
2012-08-13,0.0024604766797027633,3.2230998871922045,0.0
2012-08-14,0.0023001351612861104,4.037880933483593,0.0
2012-08-15,0.35817423097450635,3.1421584430543987,0.0
2012-08-16,0.9929105835293273,0.037104315934773854,0.0
2012-08-17,0.002238580862143827,1.144071143319861,0.0
2012-08-20,0.11758521402597574,2.2144009009855496,0.0
2012-08-21,0.0022805878329011987,1.9089115838747501,0.0
2012-08-22,0.03699938507242159,2.298011458063953,0.0
2012-08-23,0.9985871826790564,0.004740337696776833,0.0
2012-08-24,0.9999999869585189,1.3045104155560981e-08,0.0
2012-08-27,0.9999985424881198,1.4575118802319817e-06,0.0
2012-08-28,0.9992795405693551,0.0007204600098991698,0.0
2012-08-29,0.0020389021315374003,0.9979978426260271,0.0
2012-08-30,0.5018766140675059,0.9942374211032153,0.0
2012-08-31,0.9999920406355672,2.222736414948083e-05,0.0
2012-09-03,0.7688133166417739,0.23119429908130437,0.0
2012-09-04,0.06635473011226387,0.9450325217377649,0.0
2012-09-05,0.9993308113651721,0.0011309255583485144,0.0
2012-09-06,0.030932156648203025,0.9830569041034818,0.0
2012-09-07,0.9999999999649266,7.014682258470695e-11,0.0
2012-09-10,0.05740626399159757,0.9425937709154242,0.0
2012-09-11,0.9988169497109325,0.0015058185669677977,0.0
2012-09-12,0.9999992382176264,7.619356349926634e-07,0.0
2012-09-13,0.30478421432770814,0.6952229875483767,0.0
2012-09-14,0.9998833909064967,0.0001766158138857918,0.0
2012-09-18,0.029024512272739465,0.9724770737333754,0.0
2012-09-19,0.9948777532094214,0.01022859289870284,0.0
2012-09-20,0.9887169096714863,0.011343841877256691,0.0
2012-09-21,0.5094462804961415,0.5003338839107353,0.0
2012-09-24,0.5963518704075019,0.4702365921579423,0.0
2012-09-25,0.9989435777995154,0.0015271207948728573,0.0
2012-09-26,0.9999999999589553,4.104471128059928e-11,0.0
2012-09-27,0.9999980603060807,1.9396939193099835e-06,0.0
2012-09-28,0.9999098138801245,9.018612574576915e-05,0.0
2012-10-01,0.7271149249007793,0.2728954522621007,0.0
2012-10-02,0.7259519667066743,0.2854159636162336,0.0
2012-10-03,0.033346664327354086,1.2574512721287034,0.0
2012-10-04,0.8323948596292561,0.3926029016736796,0.0
2012-10-05,0.19791531165546386,1.2862203845557216,0.0
2012-10-09,0.08832057576612976,2.1275238011230893,0.0
2012-10-10,0.9999919893457967,2.714757111170594e-05,0.0
2012-10-11,0.9999860592755117,1.3940724488369874e-05,0.0
2012-10-12,0.9996878339086652,0.0003121698468834795,0.0
2012-10-15,0.06017131122024941,0.9398876060234908,0.0
2012-10-16,0.8405437097046281,0.31351865996062483,0.0
2012-10-17,0.9260674202448196,0.09555354109048823,0.0
2012-10-18,0.7593705160324419,0.25218026467527616,0.0
2012-10-19,0.9259436173913832,0.08695594431462157,0.0
2012-10-22,0.9999999966496812,3.5247974345201446e-09,0.0
2012-10-23,0.9910251611522329,0.008974839712146845,0.0
2012-10-24,0.999999673388125,3.4204633718297883e-07,0.0
2012-10-25,0.9874870484728407,0.012512995675514426,0.0
2012-10-26,0.991253486956931,0.00875607906593642,0.0
2012-10-29,0.017173153122185487,0.9961496083539498,0.0
2012-10-30,0.5156333679836668,0.9587595749034126,0.0
2012-10-31,0.45007204476421725,1.2415599315924057,0.0
2012-11-01,0.05887395276434327,1.459068673546137,0.0
2012-11-02,0.9999998088029326,6.783508179716374e-07,0.0
2012-11-05,0.8489054208278737,0.15110007388476251,0.0
2012-11-06,0.00212799153906278,0.9983104231011914,0.0
2012-11-07,0.9999643382602798,7.132440738643674e-05,0.0
2012-11-08,0.9999978818985383,2.1181169401264228e-06,0.0
2012-11-09,0.999999995536249,4.463751046794075e-09,0.0
2012-11-12,0.9997174881543469,0.00028251185728455275,0.0
2012-11-13,0.9882530225214483,0.01174713481583287,0.0
2012-11-14,0.007250577636817802,0.9963591505409684,0.0
2012-11-15,0.9999957439416676,8.521617080443833e-06,0.0
2012-11-16,0.999999851246452,1.4875354806989667e-07,0.0
2012-11-19,0.9999999999947289,5.271227759928163e-12,0.0
2012-11-20,0.9999991547546974,8.452453026848962e-07,0.0
2012-11-21,0.9999949803140816,5.0196859183731124e-06,0.0
2012-11-22,0.9999999992672798,7.327202297939054e-10,0.0
2012-11-26,0.9999999980979505,1.902049517727155e-09,0.0
2012-11-27,0.9788434421680229,0.02115655784996078,0.0
2012-11-28,0.9867830136037651,0.013218375925129176,0.0
2012-11-29,0.9996807788472538,0.00032491232822453784,0.0
2012-11-30,0.997221202792982,0.002782225376315844,0.0
2012-12-03,0.9653016608649325,0.03478564523654688,0.0
2012-12-04,0.9978138523793901,0.0022083405243569403,0.0
2012-12-05,0.9999955982273844,4.414746586410914e-06,0.0
2012-12-06,0.9982405713085925,0.0017594571941426742,0.0
2012-12-07,0.0036824450561519437,0.9972609335202458,0.0
2012-12-10,0.9999956262834349,8.747729709312085e-06,0.0
2012-12-11,0.0292164176725931,0.9708260126105165,0.0
2012-12-12,0.9999999992802663,1.439467520815763e-09,0.0
2012-12-13,0.9998488802429539,0.00015111976116017372,0.0
2012-12-14,0.10272998809533566,0.8972707651985923,0.0
2012-12-17,0.9999999999978254,4.349119673598661e-12,0.0
2012-12-18,0.022062264275583485,0.977937751198345,0.0
2012-12-19,0.9999484132265606,0.0001005547666620897,0.0
2012-12-20,0.8195493336582641,0.1804542398877345,0.0
2012-12-21,0.9999999502917364,6.290813198693012e-08,0.0
2012-12-25,0.9999999994688635,5.311365759035216e-10,0.0
2012-12-26,0.9149446537920723,0.08505534646268254,0.0
2012-12-27,0.557799627933847,0.4422202604984393,0.0
2012-12-28,0.999991314346247,1.427319660727442e-05,0.0
2013-01-04,0.9999999952443158,4.755684141540028e-09,0.0
2013-01-07,0.9999999931199878,6.880012305919745e-09,0.0
2013-01-08,0.9573924850909205,0.04260751513140139,0.0
2013-01-09,0.9999999830230956,2.0582760567806772e-08,0.0
2013-01-10,0.9385022254530873,0.061497812887824556,0.0
2013-01-11,0.9999999963023775,6.5051608962763135e-09,0.0
2013-01-15,0.999996951202953,3.048797047083251e-06,0.0
2013-01-16,0.9999967832106011,3.216795277739092e-06,0.0
2013-01-17,0.9997287580301188,0.0002712499734421131,0.0
2013-01-18,0.99999999990744,9.255991268347473e-11,0.0
2013-01-21,0.9999686470956846,3.1352904315445146e-05,0.0
2013-01-22,0.970296171890577,0.029703841394600347,0.0
2013-01-23,0.9998378017613718,0.00016537378670630098,0.0
2013-01-24,0.9999915833897189,8.417117250868602e-06,0.0
2013-01-25,0.9999999894280942,1.0571905821737622e-08,0.0
2013-01-28,0.9999979193694495,2.08063055054979e-06,0.0
2013-01-29,0.9925869102792529,0.007413091090444455,0.0
2013-01-30,0.9994277665285333,0.000628146221994734,0.0
2013-01-31,0.0769751011126194,0.9267337563740958,0.0
2013-02-01,0.0049342174585934205,1.2828798913682504,0.0
2013-02-04,0.09479492622342871,1.8485903568340254,0.0
2013-02-05,0.9998264251840694,0.0005269883337847342,0.0
2013-02-06,0.9867631157849027,0.013239718341722016,0.0
2013-02-07,0.004763609488738782,0.9967902409132142,0.0
2013-02-08,0.9999828953144568,3.4266272561813275e-05,0.0
2013-02-12,0.9986310973374074,0.0013689329871280334,0.0
2013-02-13,0.002654352886548833,0.9978731178732193,0.0
2013-02-14,0.0025281978548904707,1.4719542275396487,0.0
2013-02-15,0.16591029711489727,1.6876100938457435,0.0
2013-02-18,0.8762356521009391,0.2820253593546129,0.0
2013-02-19,0.9741611800949725,0.02697257853130159,0.0
2013-02-20,0.9998146826366345,0.0001864831666165887,0.0
2013-02-21,0.006128258058232068,0.995264017500704,0.0
2013-02-22,0.7746036887333649,0.44033568612962215,0.0
2013-02-25,0.9999999998022449,5.447317504380139e-10,0.0
2013-02-26,0.9999984948128647,1.5051871352190298e-06,0.0
2013-02-27,0.9999999984847573,1.5179166912723512e-09,0.0
2013-02-28,0.9999038329421549,9.616705913072517e-05,0.0
2013-03-01,0.9995961859046388,0.0004038143052612133,0.0
2013-03-04,0.428489184538567,0.5715454610798048,0.0
2013-03-05,0.3409237179057219,0.8217737141293547,0.0
2013-03-06,0.9986640461267868,0.002307333470600397,0.0
2013-03-07,0.9746237041602952,0.02548412833881606,0.0
2013-03-08,0.9999998986249089,1.2279549738739045e-07,0.0
2013-03-11,0.07540840298129922,0.9246136307598988,0.0
2013-03-12,0.8002364818983949,0.21778151592222456,0.0
2013-03-13,0.02905400562084955,1.169638767816456,0.0
2013-03-14,0.020489401126343593,2.103775314307111,0.0
2013-03-15,0.5059929149478161,1.5177675657113086,0.0
2013-03-18,0.9999904226016788,2.5119721371491883e-05,0.0
2013-03-19,0.9999476811009219,5.231902312193464e-05,0.0
2013-03-21,0.9949534728514601,0.005046702321237233,0.0
2013-03-22,0.5732926200064028,0.4280857104727919,0.0
2013-03-25,0.9853576260846515,0.017146799115659278,0.0
2013-03-26,0.6589385665114352,0.34677022285581843,0.0
2013-03-27,0.0020079894120495064,1.1536023977721825,0.0
2013-03-28,0.005249110993598908,2.0933282861025515,0.0
2013-03-29,0.7169823383940972,0.8930215695172817,0.0
2013-04-01,0.9990474711198167,0.0017599109329878315,0.0
2013-04-02,0.9376427224218621,0.06251051538775354,0.0
2013-04-03,0.9998876659515227,0.00019849951299059384,0.0
2013-04-04,0.9999999904927575,9.520535990904508e-09,0.0
2013-04-05,0.9999999501250839,4.987491608568194e-08,0.0
2013-04-08,0.9999999998013611,1.9863888069625565e-10,0.0
2013-04-09,0.9999996672965653,3.32703434743643e-07,0.0
2013-04-10,0.987824403289345,0.012175596827975359,0.0
2013-04-11,0.9999993128559249,7.898071653878494e-07,0.0
2013-04-12,0.9936182122373872,0.0063818226456989315,0.0
2013-04-15,0.9999963353171158,3.7825762415760494e-06,0.0
2013-04-16,0.9999999999751912,2.4808812853731503e-11,0.0
2013-04-17,0.9999982441519784,1.7558480216832286e-06,0.0
2013-04-18,0.9999949703314452,5.029671963324636e-06,0.0
2013-04-19,0.996125327111635,0.003874676657771714,0.0
2013-04-22,0.9999999999983706,1.6294138167821793e-12,0.0
2013-04-23,0.7985725363043262,0.20142746564294062,0.0
2013-04-24,1.0,0.0,0.0
2013-04-25,0.9358146963034565,0.06418530369654352,0.0
2013-04-26,0.999875873381885,0.00012412933901200676,0.0
2013-04-30,0.9436883706425205,0.056342956079722034,0.0
2013-05-01,0.37634676475827666,0.6244140266067537,0.0
2013-05-02,0.9999722101839938,5.28784622309805e-05,0.0
2013-05-07,1.0,0.0,0.0
2013-05-08,0.9999877003761098,1.2299623890155155e-05,0.0
2013-05-09,0.9999996647524322,3.352475678236346e-07,0.0
2013-05-10,0.9999999991381218,8.618782185104988e-10,0.0
2013-05-13,0.9999994205302157,5.794697842461838e-07,0.0
2013-05-14,0.9990149004064028,0.0009850996411565583,0.0
2013-05-15,0.9999999996453762,3.6565767945299566e-10,0.0
2013-05-16,0.9999976060249988,2.393975001212728e-06,0.0
2013-05-17,0.9999999977447892,2.255210755129165e-09,0.0
2013-05-20,0.9992707451070008,0.0007292548949875398,0.0
2013-05-21,0.9999999992886998,7.113002183559621e-10,0.0
2013-05-22,0.9858423650662868,0.014157635976721988,0.0
2013-05-23,1.0,0.0,0.0
2013-05-24,1.0,0.0,0.0
2013-05-27,0.9999999988002437,1.1997562943122377e-09,0.0
2013-05-28,1.0,0.0,0.0
2013-05-29,1.0,0.0,0.0
2013-05-30,1.0,0.0,0.0
2013-05-31,1.0,0.0,0.0
2013-06-03,0.9999999999989478,1.0521583604372609e-12,0.0
2013-06-04,0.9999999969725365,3.027463502081915e-09,0.0
2013-06-05,0.9999999999832169,1.6783130440841277e-11,0.0
2013-06-06,0.9999999997883942,2.1160584395509512e-10,0.0
2013-06-07,0.999999999968305,3.1695090981746387e-11,0.0
2013-06-10,1.0,0.0,0.0
2013-06-11,0.9999979589900259,2.041009974140806e-06,0.0
2013-06-12,0.9999999997077681,2.92231903665925e-10,0.0
2013-06-13,0.9999999999535965,4.640354767101137e-11,0.0
2013-06-14,0.9999998640154351,1.359845649259871e-07,0.0
2013-06-17,0.9999999999943385,5.661459380023813e-12,0.0
2013-06-18,0.9982735479472685,0.0017264520527314538,0.0
2013-06-19,0.9999999933805757,7.187946525072545e-09,0.0
2013-06-20,0.9983983635715723,0.0016016364917398045,0.0
2013-06-21,0.9999998638051407,1.3644299296632115e-07,0.0
2013-06-24,0.9999999195557137,8.044428634188246e-08,0.0
2013-06-25,0.9872626439658524,0.012737359050175697,0.0
2013-06-26,0.9999995419803781,5.862176631946141e-07,0.0
2013-06-27,0.84744301754416,0.15255952313627735,0.0
2013-06-28,0.9327304241632508,0.0675273375066003,0.0
2013-07-01,0.9437224996956994,0.06002467326826237,0.0
2013-07-02,0.7467725967233501,0.2709374246931641,0.0
2013-07-03,0.712274927783198,0.31379849082856764,0.0
2013-07-04,0.9963990979563482,0.004602938991410545,0.0
2013-07-05,0.9999999998041363,1.958636997421092e-10,0.0
2013-07-08,1.0,0.0,0.0
2013-07-09,0.9998711512218557,0.00012884877814434148,0.0
2013-07-10,0.9659658171645198,0.034034183527441655,0.0
2013-07-11,0.9999999791345354,2.4757453195068316e-08,0.0
2013-07-12,0.4998524648424316,0.5001523247430844,0.0
2013-07-16,0.9995842623455435,0.00042233530428396307,0.0
2013-07-17,0.9999988783637179,1.1216747915723172e-06,0.0
2013-07-18,0.9989783089413873,0.0010217013545104786,0.0
2013-07-19,0.9999998898618909,1.1037321393787511e-07,0.0
2013-07-22,0.9999999981326919,1.8673080677892297e-09,0.0
2013-07-23,0.9999997122521932,2.8774780676683296e-07,0.0
2013-07-24,0.7675658244848748,0.23243419313223593,0.0
2013-07-25,0.9995920120823332,0.0004982042240599104,0.0
2013-07-26,0.9999905121754384,9.493051146681746e-06,0.0
2013-07-29,0.9999967839928954,3.2160119729711635e-06,0.0
2013-07-30,0.9997193937700579,0.00028060730330785663,0.0
2013-07-31,0.9997737967520153,0.0002262422284631265,0.0
2013-08-01,0.9999986070060319,1.3932450855346468e-06,0.0
2013-08-02,0.9999852388353975,1.4761179288258669e-05,0.0
2013-08-05,0.9997716474408048,0.00022835452379668214,0.0
2013-08-06,0.999450177863548,0.0005499811653434689,0.0
2013-08-07,0.9999999956941139,4.3151342725287056e-09,0.0
2013-08-08,0.9998462194686627,0.00015378080728222963,0.0
2013-08-09,0.9128403546405678,0.08715981225575284,0.0
2013-08-12,0.9999772310131658,2.67874652257323e-05,0.0
2013-08-13,0.9999997402681269,2.597343358492679e-07,0.0
2013-08-14,0.9797900434106683,0.02021068882325199,0.0
2013-08-15,0.9995244245188301,0.0004756202766373086,0.0
2013-08-16,0.9999987732091382,1.2269310626986881e-06,0.0
2013-08-19,0.003978780464828291,0.9960599682609637,0.0
2013-08-20,0.3968630745256272,1.1814417173297322,0.0
2013-08-21,0.20341554348066238,0.8427744268613715,0.0
2013-08-22,0.029182864941249352,1.66645906388439,0.0
2013-08-23,0.1659416785622946,1.9785816583792708,0.0
2013-08-26,0.0032638893716440266,2.432952480457901,0.0
2013-08-27,0.04730571027028541,2.8250851617422015,0.0
2013-08-28,0.9997676771612207,0.0007778886233343479,0.0
2013-08-29,0.0026571946485405545,1.0208956300071053,0.0
2013-08-30,0.9993454660173728,0.0013616998168426368,0.0
2013-09-02,0.08743805564408758,0.9127054768907702,0.0
2013-09-03,0.9997616555918222,0.0004686741262187669,0.0
2013-09-04,0.9999539720750633,4.6035726623559243e-05,0.0
2013-09-05,0.9884767150250393,0.011523797532057725,0.0
2013-09-06,0.9944133022943303,0.0056331271819308176,0.0
2013-09-09,0.9999999904038578,9.624261368379613e-09,0.0
2013-09-10,0.6148324470483465,0.385168526409129,0.0
2013-09-11,0.9616302440998171,0.038472584581888035,0.0
2013-09-12,0.03883742513694157,1.0459114457215855,0.0
2013-09-13,0.7693537248282494,0.4764118118688681,0.0
2013-09-17,0.9979409318802354,0.005154359127538552,0.0
2013-09-18,0.26360657520482067,0.759362572402119,0.0
2013-09-19,0.999830684288013,0.00032544952401202193,0.0
2013-09-20,0.025473214536346003,0.9764477029031254,0.0
2013-09-24,0.9998452597541916,0.0003095417418297352,0.0
2013-09-25,0.012260225436987843,0.9879004517612221,0.0
2013-09-26,0.9995736576140251,0.0008515586656822194,0.0
2013-09-27,0.11167731923797573,0.8885448786574268,0.0
2013-09-30,0.9999998613202431,2.7720624106088394e-07,0.0
2013-10-01,0.7536138070631613,0.24638647635300606,0.0
2013-10-02,0.9995732255829675,0.0005537365897827867,0.0
2013-10-03,0.10101924793383303,0.9064249747793274,0.0
2013-10-04,0.9993165022746154,0.0013579858931244007,0.0
2013-10-07,0.9999185310581533,8.148196051746178e-05,0.0
2013-10-08,0.9246944707193473,0.07532368927148167,0.0
2013-10-09,0.9999996080751076,5.929754048979676e-07,0.0
2013-10-10,0.17852770361125234,0.821482302311294,0.0
2013-10-11,0.9999996154424801,7.686613999772727e-07,0.0
2013-10-15,0.9999993864660889,6.13533911100039e-07,0.0
2013-10-16,0.004165295437081146,0.9958352172715947,0.0
2013-10-17,0.9999999908402138,1.8319572255492113e-08,0.0
2013-10-18,0.652858426262686,0.34714157661416073,0.0
2013-10-21,0.39856700675261864,0.6014884617074941,0.0
2013-10-22,0.848114218582423,0.23337367340231596,0.0
2013-10-23,1.0,0.0,0.0
2013-10-24,0.999998845196571,1.154803428993212e-06,0.0
2013-10-25,1.0,0.0,0.0
2013-10-28,0.9999999193126045,8.068739554278892e-08,0.0
2013-10-29,0.9999897501980086,1.0249801991337808e-05,0.0
2013-10-30,0.9999998433949047,1.5660693111575707e-07,0.0
2013-10-31,0.9939912626087279,0.00600874596343296,0.0
2013-11-01,0.9999978275194056,2.1808585407913224e-06,0.0
2013-11-05,0.9999997856782213,2.1432177865736704e-07,0.0
2013-11-06,0.9999919161751486,8.083828985945262e-06,0.0
2013-11-07,0.999609399745769,0.00039060580412848643,0.0
2013-11-08,1.0,0.0,0.0
2013-11-11,0.9999999999645021,3.549793792245737e-11,0.0
2013-11-12,0.9999999970872416,2.9127583678170945e-09,0.0
2013-11-13,0.9928816205727132,0.007118379431366917,0.0
2013-11-14,0.9990342400506343,0.0009660595147086098,0.0
2013-11-15,0.9973485118893858,0.002652444873003903,0.0
2013-11-18,0.9983454453666598,0.0016553451174539662,0.0
2013-11-19,0.12158444886665748,0.8800332442559213,0.0
2013-11-20,0.09162911235349523,1.5411849784078755,0.0
2013-11-21,0.19307322664204318,1.4837115338985853,0.0
2013-11-22,0.9303233772831068,0.1575442386657132,0.0
2013-11-25,0.1763544793723189,1.0968681379294452,0.0
2013-11-26,0.716266319037623,0.5139015065471025,0.0
2013-11-27,0.9490140954844813,0.062142343534976434,0.0
2013-11-28,0.9990122459321563,0.0010068966741086703,0.0
2013-11-29,0.007177905124762249,0.9982115731808756,0.0
2013-12-02,0.0021000961015848123,1.5465318230650347,0.0
2013-12-03,0.14955585708288244,1.794089406375456,0.0
2013-12-04,0.9609661441208257,0.10436074118275537,0.0
2013-12-05,0.012860822767256317,1.2488766038426373,0.0
2013-12-06,0.9766328725055684,0.04984899066183216,0.0
2013-12-09,0.9999999985548839,1.4655800037284513e-09,0.0
2013-12-10,0.002036260700397267,0.9979653139016245,0.0
2013-12-11,0.28564559840862125,1.0535353846397506,0.0
2013-12-12,0.6830189500269627,0.3270903752940815,0.0
2013-12-13,0.6026483099866766,0.577270033109239,0.0
2013-12-16,0.9999988322218282,2.0768830229216574e-06,0.0
2013-12-17,0.9999892827497793,1.0717250220747584e-05,0.0
2013-12-18,0.9999999815858903,1.8414109685944662e-08,0.0
2013-12-19,0.9999999506577879,4.934221208628862e-08,0.0
2013-12-20,0.6157834291457681,0.38421658292300415,0.0
2013-12-24,0.18885834767785853,0.8149388931234468,0.0
2013-12-25,0.9982151509442303,0.0035242196216630577,0.0
2013-12-26,0.063581723282559,0.9683220988295291,0.0
2013-12-27,0.9544620075361975,0.10486164881570789,0.0
2013-12-30,0.8834413518706544,0.12087674052778903,0.0
2014-01-06,0.9127921248565772,0.10087122589776831,0.0
2014-01-07,0.36789958599295386,0.7041981734484022,0.0
2014-01-08,0.8811521990964635,0.19783582735928773,0.0
2014-01-09,0.010650388619800477,1.2179215340203484,0.0
2014-01-10,0.9907790360737964,0.01942718397388191,0.0
2014-01-14,0.9995071945469249,0.0004976331632380464,0.0
2014-01-15,0.9999997100146825,2.9011817307728344e-07,0.0
2014-01-16,0.0021447805359655968,0.9978625684637068,0.0
2014-01-17,0.002027210139876079,1.0850577198871365,0.0
2014-01-20,0.0020078046783018827,1.990307352053651,0.0
2014-01-21,0.0021313420391548474,2.9753763441170307,0.0
2014-01-22,0.0034323038465556453,3.973778407500548,0.0
2014-01-23,0.43438172139383785,2.8110346493231604,0.0
2014-01-24,0.6938147039800454,0.5272926020232636,0.0
2014-01-27,0.999986690153889,1.590782022869665e-05,0.0
2014-01-28,0.002112063602406678,0.9988808154590195,0.0
2014-01-29,0.9999992638179357,1.4724625957356102e-06,0.0
2014-01-30,0.9908567221041802,0.009144036791720593,0.0
2014-01-31,0.9985376423838216,0.0014623651861336757,0.0
2014-02-03,0.3926578239298219,0.6100612243564737,0.0
2014-02-04,0.9999999999837922,2.796074994472095e-11,0.0
2014-02-05,0.9999988158461879,1.1841538121699838e-06,0.0
2014-02-06,0.15162566895953705,0.8483743381579197,0.0
2014-02-07,0.9999999932066754,1.356738919056982e-08,0.0
2014-02-10,0.999981327359632,1.8672640368016535e-05,0.0
2014-02-12,0.9690076996013709,0.030992325649656306,0.0
2014-02-13,0.9819194633417309,0.018405253597063707,0.0
2014-02-14,0.9918497995039666,0.008160852322137544,0.0
2014-02-17,0.7042137087677799,0.30470158728485475,0.0
2014-02-18,0.9912179273935033,0.012721513283014562,0.0
2014-02-19,0.9466793088445066,0.05400097329615656,0.0
2014-02-20,0.49174101753522764,0.5204077695767546,0.0
2014-02-21,0.9728651429891672,0.045015679731868215,0.0
2014-02-24,0.3847815870593297,0.6761691322945625,0.0
2014-02-25,0.9862259844312531,0.02732920201475856,0.0
2014-02-26,0.999601403422675,0.00040630480836762573,0.0
2014-02-27,0.002481974825560028,0.9999711844768554,0.0
2014-02-28,0.0072302012320637045,1.9163333712431077,0.0
2014-03-03,0.7157777294748513,0.8429949834082039,0.0
2014-03-04,0.9827378322485633,0.04192920213636461,0.0
2014-03-05,0.9987223931239614,0.0012947104610782892,0.0
2014-03-06,0.007660813125609986,0.9989449762035023,0.0
2014-03-07,0.7677791715550668,0.46930609552269625,0.0
2014-03-10,0.0020189080045814414,1.1030143071086012,0.0
2014-03-11,0.0020105529719666826,2.0294324136944955,0.0
2014-03-12,0.9988326412079751,0.0036201913582003284,0.0
2014-03-13,0.002034062106076294,1.0202135034591961,0.0
2014-03-14,0.9993253174866542,0.00138613500842093,0.0
2014-03-17,0.012166194808498695,0.9882528914075178,0.0
2014-03-18,0.9999988123795661,2.3761596518077197e-06,0.0
2014-03-19,0.6290407574765429,0.3709760040603143,0.0
2014-03-20,0.9999995607956962,8.723593709247792e-07,0.0
2014-03-24,0.02827294561161553,0.9717284426906947,0.0
2014-03-25,0.12741394189248062,0.9810029707767997,0.0
2014-03-26,0.6334456427512793,0.6700514086592968,0.0
2014-03-27,0.999993388676089,7.94918823229537e-06,0.0
2014-03-28,0.18217600547633608,0.8180664650177716,0.0
2014-03-31,0.9999763544367992,4.565470423308664e-05,0.0
2014-04-01,0.20389557984900344,0.7961570314054661,0.0
2014-04-02,0.25068938379526634,0.8030890174828612,0.0
2014-04-03,0.06810109566304791,1.5585335416408728,0.0
2014-04-04,0.9673166863139621,0.08939099055739028,0.0
2014-04-07,0.9998375651457743,0.00016651637556828645,0.0
2014-04-08,0.7138400830320669,0.28642422515988997,0.0
2014-04-09,0.9979816914044444,0.0029659258737859562,0.0
2014-04-10,0.9999993945810997,6.064547134759616e-07,0.0
2014-04-11,0.9999998876645287,1.1233547121924026e-07,0.0
2014-04-14,0.9947545152451874,0.005245485424258843,0.0
2014-04-15,0.9999980677382616,1.9631551905335575e-06,0.0
2014-04-16,0.9999999656300013,3.436999869996238e-08,0.0
2014-04-17,0.025138219180122878,0.9748619124005526,0.0
2014-04-18,0.35406194590132833,0.6995453177382636,0.0
2014-04-21,0.08145682426778228,1.5475596730725987,0.0
2014-04-22,0.9999863761825128,3.095176629644053e-05,0.0
2014-04-23,0.96738690636218,0.032615843158119086,0.0
2014-04-24,0.8713211268784787,0.12992217877281986,0.0
2014-04-25,0.16149461132388268,0.8442498678746146,0.0
2014-04-28,0.995317890081258,0.008914753368395836,0.0
2014-04-30,0.9810758496779666,0.018959458901654062,0.0
2014-05-01,0.6902189813692703,0.3249317642731611,0.0
2014-05-02,0.002386358233200648,1.0360650300144465,0.0
2014-05-07,0.9999999995472747,9.36659929689932e-10,0.0
2014-05-08,0.6628894438023906,0.3371105618585016,0.0
2014-05-09,0.9814013275880115,0.018620766340861662,0.0
2014-05-12,0.026376761313167123,1.036436006297867,0.0
2014-05-13,0.9999999914148022,1.7306703941611315e-08,0.0
2014-05-14,0.007547084931918238,0.9924580801771717,0.0
2014-05-15,0.9842867947433945,0.031278436611349845,0.0
2014-05-16,0.9999999759008291,4.542949842418356e-08,0.0
2014-05-19,0.6683561696715536,0.331644646224605,0.0
2014-05-20,0.42847333494837603,0.5722593015766511,0.0
2014-05-21,0.9999976278231454,3.944294371248246e-06,0.0
2014-05-22,0.8962510639027162,0.10376515688701045,0.0
2014-05-23,0.006889435413317006,0.9944271692365481,0.0
2014-05-26,0.9999990696604841,1.9616806986498994e-06,0.0
2014-05-27,0.2891555831490166,0.7109373071463337,0.0
2014-05-28,0.0038796903245914803,1.0011385537248925,0.0
2014-05-29,0.9989768454597465,0.0020480367645188276,0.0
2014-05-30,0.023167435757854845,1.0003134455181295,0.0
2014-06-02,0.9672191905570846,0.06600070979545698,0.0
2014-06-03,0.9999999999058797,1.0959066125263184e-10,0.0
2014-06-04,0.04770896261025566,0.9522912421252523,0.0
2014-06-05,0.006915649557489288,0.9962648173798148,0.0
2014-06-06,0.3763326755046271,1.245347807974642,0.0
2014-06-09,0.9999998943806314,1.7918219400912767e-07,0.0
2014-06-10,0.006770069672900083,0.9932531140765778,0.0
2014-06-11,0.0037353841887343333,1.9118399713733518,0.0
2014-06-12,0.9503090467945592,0.1325410032072501,0.0
2014-06-13,0.999999990695022,1.0404449392659658e-08,0.0
2014-06-16,0.018807259105999025,0.9811964030484043,0.0
2014-06-17,0.002800476319531381,1.01829784896515,0.0
2014-06-18,0.04133721753646928,1.9141585678107373,0.0
2014-06-19,0.9998422149792138,0.00046282152770969986,0.0
2014-06-20,0.01964370953170766,0.9871947542003698,0.0
2014-06-23,0.9746232029117344,0.05063967740072649,0.0
2014-06-24,0.8842757841940468,0.11740752202909577,0.0
2014-06-25,0.9908794437472245,0.013048525189283552,0.0
2014-06-26,0.266084340729219,0.7405008359280164,0.0
2014-06-27,0.853297440652202,0.2757903352453483,0.0
2014-06-30,0.987645413362482,0.017514514562204635,0.0
2014-07-01,0.5230190405051531,0.4944979766131711,0.0
2014-07-02,0.9255493380967796,0.14013560493774604,0.0
2014-07-03,0.9974181084043476,0.0028076052370465242,0.0
2014-07-04,0.9999999986503014,1.3496985400786745e-09,0.0
2014-07-07,0.003436016585944713,0.9965643576119924,0.0
2014-07-08,0.6471285204269531,0.589429639011337,0.0
2014-07-09,0.9999999969127843,9.236331042082139e-09,0.0
2014-07-10,0.8015048864336133,0.1984951146041295,0.0
2014-07-11,0.9999833938222181,2.2130953433839715e-05,0.0
2014-07-14,0.0020837769272179832,0.9982429554248425,0.0
2014-07-15,0.0020253440339528493,1.2556936631839142,0.0
2014-07-16,0.002037204198296263,1.9936567984287852,0.0
2014-07-17,0.0025251576509856314,2.9885692288598364,0.0
2014-07-18,0.9999984692116201,6.102132240488813e-06,0.0
2014-07-22,0.0027820821133862366,1.0080438462725774,0.0
2014-07-23,0.002943456966145573,2.492085219062992,0.0
2014-07-24,0.010655247297355846,3.2541654981299075,0.0
2014-07-25,0.9999993901944092,2.264281920324673e-06,0.0
2014-07-28,0.5986413439848585,0.4019410718372777,0.0
2014-07-29,0.002050912026016019,1.0073992625768131,0.0
2014-07-30,0.0021513992553483146,1.861144855927047,0.0
2014-07-31,0.9999633007016918,0.0001100661004600233,0.0
2014-08-01,0.9999977415493562,2.258463225342177e-06,0.0
2014-08-04,0.5385123831689531,0.46149031270349317,0.0
2014-08-05,0.9999998824951034,2.3344166225527617e-07,0.0
2014-08-06,0.049006165646619464,0.9509956723228591,0.0
2014-08-07,0.4912090107280104,0.5727830166590212,0.0
2014-08-08,0.9999662836327616,4.352752622763205e-05,0.0
2014-08-11,0.9999999952262422,4.773757885783682e-09,0.0
2014-08-12,0.30294171648749185,0.6970583253623739,0.0
2014-08-13,0.9998179290002376,0.0002887816468856712,0.0
2014-08-14,0.9183077430228601,0.08170275293542584,0.0
2014-08-15,0.00904598023645515,0.9966363759427397,0.0
2014-08-18,0.07118541544734587,1.73856477729,0.0
2014-08-19,0.9999999999303677,2.0889674110745257e-10,0.0
2014-08-20,0.9790465788371785,0.020953425287948864,0.0
2014-08-21,0.9867559574911119,0.013244391372966591,0.0
2014-08-22,0.9922529234056275,0.007824171313301802,0.0
2014-08-25,0.9998705812262342,0.00013025942785250522,0.0
2014-08-26,0.9986741715461537,0.0013259475052933441,0.0
2014-08-27,0.8502195711044036,0.15272538519956175,0.0
2014-08-28,0.027370835834855396,1.0128951195952234,0.0
2014-08-29,0.08490805001040312,1.7816107046157243,0.0
2014-09-01,0.016501246087025842,2.114910638518079,0.0
2014-09-02,0.9724224229757088,0.10307174171298861,0.0
2014-09-03,0.9999999732759915,2.811211830933797e-08,0.0
2014-09-04,0.029068568889850377,0.9709374822175091,0.0
2014-09-05,0.9999999990531332,1.8937336673774593e-09,0.0
2014-09-08,0.9962280628616946,0.0037719371542994885,0.0
2014-09-09,0.9999999003813955,1.012902846259587e-07,0.0
2014-09-10,0.9984275174080939,0.001572484355333178,0.0
2014-09-11,0.9992029227279672,0.0007972516498194504,0.0
2014-09-12,0.20105473142297306,0.8001470025902435,0.0
2014-09-16,0.18520169206313777,1.3213538532640026,0.0
2014-09-17,0.029990982701757696,1.586367556908527,0.0
2014-09-18,0.999853245792864,0.0004920911753817646,0.0
2014-09-19,0.08006474977247843,0.9208690149537011,0.0
2014-09-22,0.0024677310818671354,1.0980095073893783,0.0
2014-09-24,0.9997844377540778,0.0005790706098982278,0.0
2014-09-25,0.999999987570502,1.2436323352478103e-08,0.0
2014-09-26,1.0,0.0,0.0
2014-09-29,0.9999999232226261,7.6777373902992e-08,0.0
2014-09-30,0.9821631442087975,0.017836855792564717,0.0
2014-10-01,0.14522821751032342,0.8548659891323112,0.0
2014-10-02,0.9997646131934802,0.00046606353398813703,0.0
2014-10-03,0.36179952189398384,0.6395553530653095,0.0
2014-10-06,0.999981604583014,3.632595896205346e-05,0.0
2014-10-07,0.02619386181374653,0.9739335859080525,0.0
2014-10-08,0.9999999214070078,1.571789894226363e-07,0.0
2014-10-09,0.9995397242100045,0.0004602765735029675,0.0
2014-10-10,0.9999991747163619,8.269117034160624e-07,0.0
2014-10-14,0.9999999972477648,2.752235227401947e-09,0.0
2014-10-15,0.9838928243418305,0.01610717589804478,0.0
2014-10-16,0.9999999964056117,6.3531072083125226e-09,0.0
2014-10-17,0.9999939132295848,6.08677041526111e-06,0.0
2014-10-20,1.0,0.0,0.0
2014-10-21,0.9999313128731279,6.868712687213563e-05,0.0
2014-10-22,0.9999994575381282,5.424629959307322e-07,0.0
2014-10-23,0.9199201021092108,0.0800801532105738,0.0
2014-10-24,0.9999997313690101,4.383346136053024e-07,0.0
2014-10-27,0.9987405255859177,0.0012594752779980984,0.0
2014-10-28,0.0033276585038079743,0.996697516645101,0.0
2014-10-29,0.21167238330326876,1.5668661604048881,0.0
2014-10-30,0.00439313987867593,1.378676802136392,0.0
2014-10-31,0.9999970626033978,6.012272822057588e-06,0.0
2014-11-04,0.9999859390714426,1.4060931713305497e-05,0.0
2014-11-05,0.9991198632805667,0.0008801438499136937,0.0
2014-11-06,0.9946916579368275,0.005312478149900904,0.0
2014-11-07,0.9999981185531195,1.9345753304270704e-06,0.0
2014-11-10,0.9996107150518976,0.0003892850326258648,0.0
2014-11-11,0.9795444196828464,0.020457126474300872,0.0
2014-11-12,0.9940880918815888,0.005928033401136533,0.0
2014-11-13,0.754894944670446,0.2459315182947492,0.0
2014-11-14,0.9999765514774153,3.684799646370857e-05,0.0
2014-11-17,0.9993157347809861,0.0006842966725237147,0.0
2014-11-18,0.9999994533440872,5.489300726090234e-07,0.0
2014-11-19,0.12169965168399371,0.8783120427582414,0.0
2014-11-20,0.9999901516350728,1.9679733563870844e-05,0.0
2014-11-21,0.8989063648706757,0.10109434261629185,0.0
2014-11-25,0.9999957357685172,7.818329527995732e-06,0.0
2014-11-26,0.4772808722798685,0.522727942631439,0.0
2014-11-27,0.013575539464984484,0.9914482891450244,0.0
2014-11-28,0.3073101148063563,1.3827879430068708,0.0
2014-12-01,0.01345188261353299,2.3568804525330282,0.0
2014-12-02,0.9999620876431479,0.00013731216787129413,0.0
2014-12-03,0.07236360777950077,0.9280868062153628,0.0
2014-12-04,0.9990804768773137,0.0018337411530612603,0.0
2014-12-05,0.0035927288496812814,0.9979137029630525,0.0
2014-12-08,0.028029280221905296,1.8921333131962892,0.0
2014-12-09,0.1905377598912931,2.173593845532617,0.0
2014-12-10,0.011100370150049502,2.458629241818175,0.0
2014-12-11,0.9965865589439433,0.010769137240672992,0.0
2014-12-12,0.01723049577467023,1.086685240180885,0.0
2014-12-15,0.9999925329180932,1.4951312586935531e-05,0.0
2014-12-16,0.9996495871596541,0.0003504173146258842,0.0
2014-12-17,0.23762208307386412,0.7624382610849016,0.0
2014-12-18,0.9999999778713693,4.41114023921274e-08,0.0
2014-12-19,0.9999999952974314,4.7025685513355375e-09,0.0
2014-12-22,0.5254472699703024,0.4745527325375963,0.0
2014-12-24,0.9999999946026139,1.077845162937775e-08,0.0
2014-12-25,0.03863497781221136,0.9613650607257093,0.0
2014-12-26,0.0991699789381871,0.9010401771132311,0.0
2014-12-29,0.999997285731895,4.859458551494356e-06,0.0
2014-12-30,0.9999982911282413,1.7088863830854187e-06,0.0
2015-01-05,0.9997077220154684,0.00029233742263473297,0.0
2015-01-06,0.9999999999876581,1.2341929996993214e-11,0.0
2015-01-07,0.9996078378022578,0.0003921621977421457,0.0
2015-01-08,0.9995336866953854,0.00046631387529639596,0.0
2015-01-09,0.9999986884889723,1.312210522234494e-06,0.0
2015-01-13,0.9999993543936869,6.456063130359926e-07,0.0
2015-01-14,0.9904434944775713,0.009556511835179216,0.0
2015-01-15,0.9965750094314518,0.003431792998250111,0.0
2015-01-16,0.99999991274855,8.750423499337541e-08,0.0
2015-01-19,0.9999961409539697,3.859046030292059e-06,0.0
2015-01-20,0.9999999952790573,4.72094273598846e-09,0.0
2015-01-21,0.6882835851504053,0.31171645222952077,0.0
2015-01-22,0.6679155189041506,0.3321426838616243,0.0
2015-01-23,0.9999999999899378,1.8401870766121865e-11,0.0
2015-01-26,1.0,0.0,0.0
2015-01-27,0.9999999742603036,2.5739696374316168e-08,0.0
2015-01-28,0.9999999759476641,2.4052335892080707e-08,0.0
2015-01-29,0.9950090157530058,0.0049909842747203675,0.0
2015-01-30,0.9999985271577039,1.4920088734889555e-06,0.0
2015-02-02,0.6992356787633569,0.3007680346924414,0.0
2015-02-03,0.9992625110120308,0.0007958538170631366,0.0
2015-02-04,0.8485750781945992,0.15171170000320458,0.0
2015-02-05,0.004735840183517424,1.0127871070248133,0.0
2015-02-06,0.9999998843836551,2.3418510058692755e-07,0.0
2015-02-09,0.9996931755035932,0.0003068246587639734,0.0
2015-02-10,0.015727694955971518,0.984280699041651,0.0
2015-02-12,0.9999998946859482,2.1062925012407122e-07,0.0
2015-02-13,0.9156445877425495,0.0843556505524364,0.0
2015-02-16,0.9869588958793718,0.01306206024909289,0.0
2015-02-17,0.012083226976891027,1.012336619084073,0.0
2015-02-18,0.9964358461626929,0.007191057923108787,0.0
2015-02-19,0.012630089102816487,0.9944709951155632,0.0
2015-02-20,0.9973869078355808,0.0052261405853850935,0.0
2015-02-23,0.9999999884595544,1.1702018533636696e-08,0.0
2015-02-24,0.6879213402227614,0.3120788734436386,0.0
2015-02-25,0.13797395551544073,0.862384081846832,0.0
2015-02-26,0.9999994043305551,1.1505650745784333e-06,0.0
2015-02-27,0.9016625779593093,0.09834473493692647,0.0
2015-03-02,0.5448897607861555,0.4554205652889094,0.0
2015-03-03,0.996459346068795,0.005584384390187398,0.0
2015-03-04,0.4209448632997228,0.5871839419080593,0.0
2015-03-05,0.6935663548157905,0.42120228274081695,0.0
2015-03-06,0.14471115855362898,0.9029542435020425,0.0
2015-03-09,0.002348803842698707,1.967633705383491,0.0
2015-03-10,0.9952717592862022,0.016417721781485754,0.0
2015-03-11,0.6303145543638199,0.3709067805485059,0.0
2015-03-12,0.29549996659367567,0.8273661421016981,0.0
2015-03-13,0.04088889135077651,1.9224801322822171,0.0
2015-03-16,0.0031508933293974287,2.682396378964101,0.0
2015-03-17,0.9999674756243904,0.00011647746074249036,0.0
2015-03-18,0.12095957654961292,0.8807898100975154,0.0
2015-03-19,0.13279144284387867,1.0987540386492365,0.0
2015-03-20,0.002016640549984894,1.8362973081952447,0.0
2015-03-23,0.0021774746032327276,2.8491217129270137,0.0
2015-03-24,0.002006906144273373,3.8194270283962233,0.0
2015-03-25,0.2129162003801201,3.7346966921862266,0.0
2015-03-26,0.0022772030707361502,3.857251398105574,0.0
2015-03-27,0.956256416949292,0.15922022612916395,0.0
2015-03-30,0.01015696411142175,1.839545232496533,0.0
2015-03-31,0.9999999999341291,1.338001710229469e-10,0.0
2015-04-01,0.48705470655140043,0.5129453311891385,0.0
2015-04-02,0.6704262121399234,0.32966234420115786,0.0
2015-04-03,0.9737651463714552,0.038594069160145045,0.0
2015-04-06,0.9989292454474765,0.0011433187694353795,0.0
2015-04-07,0.731502389926246,0.26861963475576484,0.0
2015-04-08,0.0033323651007671645,1.0288594240426732,0.0
2015-04-09,0.002200509083660986,1.9692396961955276,0.0
2015-04-10,0.08375939355214429,2.7216521094861124,0.0
2015-04-13,0.26363929111443546,2.7504659750175637,0.0
2015-04-14,0.9978923483355381,0.00822495500158815,0.0
2015-04-15,0.26172665096152165,0.7514589225951104,0.0
2015-04-16,0.018043659023862915,1.1822760778234929,0.0
2015-04-17,0.08304583994392073,1.8544568674065793,0.0
2015-04-20,0.9997532971940204,0.0007342663440769868,0.0
2015-04-21,0.24264899897474088,0.7585553823389392,0.0
2015-04-22,0.02938262170458938,1.1752712306128767,0.0
2015-04-23,0.7580166987594115,0.49862956825846944,0.0
2015-04-24,0.5524791564880558,0.5353236913492813,0.0
2015-04-27,0.0468010742033936,2.1444456924035857,0.0
2015-04-28,0.03447850336897363,3.0285824051754973,0.0
2015-04-30,0.9928601144523167,0.028696224877847083,0.0
2015-05-01,0.00224599361203409,1.3036865644097868,0.0
2015-05-07,0.9434629462885336,0.12424295656101073,0.0
2015-05-08,0.0020997392282236117,1.1181607618303517,0.0
2015-05-11,0.9999999962174613,7.98750012693084e-09,0.0
2015-05-12,0.0479820061796588,0.9520216015633015,0.0
2015-05-13,0.48314292177264834,0.5650843826487331,0.0
2015-05-14,0.015457713349357789,1.640059979364936,0.0
2015-05-15,0.8993153937760484,0.29078898048184176,0.0
2015-05-18,0.003676998958988471,2.0737369346295083,0.0
2015-05-19,0.003041222374578319,4.410655340902492,0.0
2015-05-20,0.8621682448524691,0.722466675209569,0.0
2015-05-21,0.004466141979448871,2.850028534278439,0.0
2015-05-22,0.002778206061869196,5.851864413803967,0.0
2015-05-25,0.003230500006576832,7.427566449105852,0.0
2015-05-26,0.0020351449298105524,7.1413715172479515,0.0
2015-05-27,0.2251862784872531,6.78318027338981,0.0
2015-05-28,0.9208059566863869,0.5872566745979803,0.0
2015-05-29,0.02217177131652629,2.3818540937763784,0.0
2015-06-01,0.9949206755898653,0.013142370077063273,0.0
2015-06-02,0.008344527094888463,1.0711377419719437,0.0
2015-06-03,0.48092772132521194,1.0878320529435634,0.0
2015-06-04,0.10603399690044012,1.3437713758198684,0.0
2015-06-05,0.16065296586888794,1.7432581081812615,0.0
2015-06-08,0.27977987094335793,1.963866307015719,0.0
2015-06-09,0.18248885161678266,1.892656188397798,0.0
2015-06-10,0.004447237553717496,2.0990242391896397,0.0
2015-06-11,0.9860431913454349,0.04303304382129772,0.0
2015-06-12,0.0023268964831139223,1.5261917906482463,0.0
2015-06-15,0.9999999828034909,3.4827785816827005e-08,0.0
2015-06-16,0.0020048845722153118,0.9979988006089842,0.0
2015-06-17,0.013384763429353816,1.487880300135842,0.0
2015-06-18,0.981498619401504,0.05104146454041587,0.0
2015-06-19,0.9989878989736053,0.0010214976715793949,0.0
2015-06-22,0.9999808687701568,1.9182973073796945e-05,0.0
2015-06-23,0.7764239895410725,0.2236041202704856,0.0
2015-06-24,0.0020144246449065478,1.0023631086557303,0.0
2015-06-25,0.011557492651951305,1.9757406356029297,0.0
2015-06-26,0.002000483065619421,2.832776090376789,0.0
2015-06-29,0.9999997325797955,1.067020675264186e-06,0.0
2015-06-30,0.0030357228189502824,0.9970792981627373,0.0
2015-07-01,0.0029581241681768543,1.0524355490800175,0.0
2015-07-02,0.9999999543342956,1.363359507347319e-07,0.0
2015-07-03,0.004383754922885542,0.9956241430385824,0.0
2015-07-06,0.9999997138696046,5.722129198216787e-07,0.0
2015-07-07,0.9999999992798497,7.201502418838816e-10,0.0
2015-07-08,0.9999999945386978,5.461302176098614e-09,0.0
2015-07-09,0.999999999754271,2.457289926937008e-10,0.0
2015-07-10,0.9998485905858243,0.00015140941417566317,0.0
2015-07-13,0.9999005512830111,9.94488186829212e-05,0.0
2015-07-14,0.9999999999964322,3.567784852586078e-12,0.0
2015-07-15,0.9999838099725471,1.6190027452886077e-05,0.0
2015-07-16,0.999999822859343,1.771406570869815e-07,0.0
2015-07-17,0.9975192142390639,0.0024807875833587536,0.0
2015-07-21,0.9999572261830725,4.294397324099809e-05,0.0
2015-07-22,0.9999999992673524,7.326475654888128e-10,0.0
2015-07-23,0.9999999722769742,2.7723025761764864e-08,0.0
2015-07-24,0.9960382383447128,0.003961761674756004,0.0
2015-07-27,0.9999998686833645,1.3144681397308686e-07,0.0
2015-07-28,0.9999996611763715,3.38823628528185e-07,0.0
2015-07-29,0.9999967599634769,3.240038614676774e-06,0.0
2015-07-30,0.9994816338352895,0.0005183664036156402,0.0
2015-07-31,0.3630369716449961,0.6370023967718423,0.0
2015-08-03,0.9975748914943962,0.0044856591314097576,0.0
2015-08-04,0.9999785216099505,2.1616004997595956e-05,0.0
2015-08-05,0.9833743021931516,0.0166275990662846,0.0
2015-08-06,0.9999995267815701,5.335077677953336e-07,0.0
2015-08-07,0.9831227591603735,0.016877290244058894,0.0
2015-08-10,0.9999922765410978,9.751414486649157e-06,0.0
2015-08-11,0.9947137846704158,0.005286449578081788,0.0
2015-08-12,0.7343686960714355,0.2656423561224935,0.0
2015-08-13,0.16178792257039554,0.9217307332365926,0.0
2015-08-14,0.22351156401382233,1.4289752803569586,0.0
2015-08-17,0.02192802041155978,1.4744635897824725,0.0
2015-08-18,0.002253604936006283,1.9836521136924046,0.0
2015-08-19,0.3429184514121083,1.9757170891724065,0.0
2015-08-20,0.00903415964051287,2.9033912472289827,0.0
2015-08-21,0.9999997669856237,8.13340521588164e-07,0.0
2015-08-24,0.9999959775775284,4.02242247156339e-06,0.0
2015-08-25,0.999999999995247,4.75308676944365e-12,0.0
2015-08-26,0.9999999946271131,5.372886913153856e-09,0.0
2015-08-27,0.999999999994955,5.044964442490907e-12,0.0
2015-08-28,0.9999999999769651,2.3034907314918182e-11,0.0
2015-08-31,0.9999697386098477,3.0261390152281864e-05,0.0
2015-09-01,1.0,0.0,0.0
2015-09-02,1.0,0.0,0.0
2015-09-03,0.9999999999905562,9.443779092066507e-12,0.0
2015-09-04,0.9999999999969906,3.0093705304354277e-12,0.0
2015-09-07,0.9999999982604275,1.739572486057486e-09,0.0
2015-09-08,1.0,0.0,0.0
2015-09-09,1.0,0.0,0.0
2015-09-10,0.9999999999520693,4.793065944141972e-11,0.0
2015-09-11,0.9999999996723355,3.2766445112741776e-10,0.0
2015-09-14,0.9999999999816439,1.835609441982483e-11,0.0
2015-09-15,0.9999992182137034,7.817862965572856e-07,0.0
2015-09-16,0.999999833647126,1.66352874034013e-07,0.0
2015-09-17,0.9999645512692316,3.544873076847168e-05,0.0
2015-09-18,0.9988150384764362,0.001184973660328839,0.0
2015-09-24,0.9999798795063459,2.0197956319456093e-05,0.0
2015-09-25,0.9422426300662614,0.0577575411776617,0.0
2015-09-28,0.16385028603170168,0.841521489014497,0.0
2015-09-29,0.9999271670298354,0.00014132183735028112,0.0
2015-09-30,0.9859377164628426,0.014063361194693686,0.0
2015-10-01,0.6668219484915923,0.3338765219058424,0.0
2015-10-02,0.9984218053818745,0.00273681032532951,0.0
2015-10-05,0.832030839999918,0.16876532317657944,0.0
2015-10-06,0.999943755545773,9.341961535043522e-05,0.0
2015-10-07,0.010298025540636947,0.9910589561234269,0.0
2015-10-08,0.002195055858898793,1.1895004614217475,0.0
2015-10-09,0.020182799687932466,1.9748145264485795,0.0
2015-10-13,0.005304708304218353,2.9420382719416005,0.0
2015-10-14,0.003124297132674168,3.913570633682967,0.0
2015-10-15,0.4736061580534303,2.5687334907033126,0.0
2015-10-16,0.9317751421747881,0.17981268443124482,0.0
2015-10-19,0.002072899423742253,3.0853375419366973,0.0
2015-10-20,0.8760460628952729,0.2687883171604546,0.0
2015-10-21,0.9889785949943577,0.019753886181269754,0.0
2015-10-22,0.04741188475339829,0.9700346075690128,0.0
2015-10-23,0.999972145196562,5.611615913212162e-05,0.0
2015-10-26,0.9996275074122779,0.0003724978012355483,0.0
2015-10-27,0.20417366342521434,0.7959263153804966,0.0
2015-10-28,0.0020658588039925724,1.0160751156599257,0.0
2015-10-29,0.9993903748476274,0.0012273629988920243,0.0
2015-10-30,0.9615727207646739,0.03842759721667749,0.0
2015-11-02,0.999915971774185,9.690447224472699e-05,0.0
2015-11-04,0.9999141679982197,8.583462197217983e-05,0.0
2015-11-05,0.030196748242636802,0.9698912278030549,0.0
2015-11-06,0.006370908439946033,1.139054008866796,0.0
2015-11-09,0.8343613106910535,0.33739088664318073,0.0
2015-11-10,1.0,0.0,0.0
2015-11-11,0.9923434818872076,0.007656518112792444,0.0
2015-11-12,0.034143536550697934,0.9658567782589431,0.0
2015-11-13,0.999989220745909,2.15370794151044e-05,0.0
2015-11-16,0.9999999999954372,4.562791795776326e-12,0.0
2015-11-17,0.9999999992304984,7.69501573571502e-10,0.0
2015-11-18,0.9999384614590943,6.153854090578046e-05,0.0
2015-11-19,0.9999875517349716,1.2448297224073414e-05,0.0
2015-11-20,0.6121930364755157,0.38781700569132066,0.0
2015-11-24,0.04102931595479283,0.9651042302776796,0.0
2015-11-25,0.6565850431117084,0.6111066237123199,0.0
2015-11-26,0.9947304706358905,0.0056317219010279685,0.0
2015-11-27,0.9996047923882854,0.00039794532695873236,0.0
2015-11-30,0.41218940079359667,0.5880113274210272,0.0
2015-12-01,0.9999999998742503,2.189703070360553e-10,0.0
2015-12-02,0.9265042282925379,0.07349577601171528,0.0
2015-12-03,0.6313984836219462,0.3686216180035072,0.0
2015-12-04,0.9999999994964679,8.103598473944207e-10,0.0
2015-12-07,0.9999999823316784,1.766832158345843e-08,0.0
2015-12-08,0.9982279685119494,0.001772031495038577,0.0
2015-12-09,0.9970023833855279,0.002997745966351669,0.0
2015-12-10,0.9999999999889512,1.1048834310013536e-11,0.0
2015-12-11,0.9999307811614021,6.92188385979432e-05,0.0
2015-12-14,0.9999999973493524,2.6506475849028998e-09,0.0
2015-12-15,0.9999997420857606,2.5791423942191006e-07,0.0
2015-12-16,0.9999999999976779,2.3221419999338817e-12,0.0
2015-12-17,0.9999999998392967,1.6070333952418877e-10,0.0
2015-12-18,0.9999999999719087,2.809141808044533e-11,0.0
2015-12-21,0.9999998076101204,1.9238987958232298e-07,0.0
2015-12-22,0.9949907501034313,0.005009249934183087,0.0
2015-12-24,1.0,0.0,0.0
2015-12-25,0.9849489985241375,0.015051001475862469,0.0
2015-12-28,0.9981240215787501,0.0018759796224081147,0.0
2015-12-29,0.9993299940373533,0.0006704762111110705,0.0
2015-12-30,0.999960376185573,3.966556107783315e-05,0.0
2016-01-04,0.999999690175019,3.1004902466881833e-07,0.0
2016-01-05,0.9993406525893292,0.0006593477113860377,0.0
2016-01-06,0.9995471631406425,0.00045331203799413105,0.0
2016-01-07,0.9999993476821667,6.52673596916028e-07,0.0
2016-01-08,0.9999999892931383,1.0706861721972756e-08,0.0
2016-01-12,0.9999960327962595,3.967203740512546e-06,0.0
2016-01-13,0.9999999010301042,9.896989578056518e-08,0.0
2016-01-14,0.9999997733694324,2.2663056765544156e-07,0.0
2016-01-15,0.9999999999799093,2.009070575883576e-11,0.0
2016-01-18,0.9999999999226977,7.730227569121857e-11,0.0
2016-01-19,0.9999480709117343,5.192908826565892e-05,0.0
2016-01-20,1.0,0.0,0.0
2016-01-21,0.9999999990268836,9.731163652659802e-10,0.0
2016-01-22,0.9999999999958621,4.1379120172601765e-12,0.0
2016-01-25,0.9999999986950636,1.3049364921954973e-09,0.0
2016-01-26,0.999999996072369,3.927631099118394e-09,0.0
2016-01-27,0.9999880148961084,1.1985103891605777e-05,0.0
2016-01-28,0.9987712622195859,0.0012287386875338186,0.0
2016-01-29,0.9999989848386116,1.0154871754871829e-06,0.0
2016-02-01,0.9876738589184832,0.012326703365615654,0.0
2016-02-02,0.9979940718943303,0.002006144825537948,0.0
2016-02-03,0.8346034246524779,0.16580596701984732,0.0
2016-02-04,0.32043846655049363,0.7162813624675941,0.0
2016-02-05,0.9986278193702356,0.002459535475777308,0.0
2016-02-08,0.9999611716812717,3.8846979914781256e-05,0.0
2016-02-09,0.9999276141058538,7.238989871362876e-05,0.0
2016-02-10,0.9994821240113463,0.0005180948787154171,0.0
2016-02-12,0.9987087714851173,0.0012928775303704383,0.0
2016-02-15,0.9999904664534005,9.543733075594982e-06,0.0
2016-02-16,0.9999512960080519,4.870424698558511e-05,0.0
2016-02-17,0.9962746487751889,0.003725471008077362,0.0
2016-02-18,0.9998853894767444,0.00011495361026427715,0.0
2016-02-19,0.5428158117340972,0.45728194957287455,0.0
2016-02-22,0.9976166866609064,0.003942780312657432,0.0
2016-02-23,0.899110955209198,0.10099969671152736,0.0
2016-02-24,0.9986067144220728,0.001665521123858132,0.0
2016-02-25,0.07839347621920593,0.926383574326221,0.0
2016-02-26,0.9935392218530298,0.012844669437499331,0.0
2016-02-29,0.9956112958880678,0.004424709739436899,0.0
2016-03-01,0.3131355462839298,0.6945093709083601,0.0
2016-03-02,0.9949214089822453,0.009459977773648804,0.0
2016-03-03,0.9999993863379223,6.148584145501344e-07,0.0
2016-03-04,0.012692651158010486,0.9873285657798134,0.0
2016-03-07,0.8875506086976158,0.12861035636149326,0.0
2016-03-08,0.9996422863069182,0.000434034718938605,0.0
2016-03-09,0.999318316423208,0.0006817009865947869,0.0
2016-03-10,0.9999867682079405,1.3236972740480035e-05,0.0
2016-03-11,0.9999999874321754,1.256782456173798e-08,0.0
2016-03-14,0.9999939872789951,6.012721004828854e-06,0.0
2016-03-15,0.35458680593216746,0.6454134534093532,0.0
2016-03-16,0.999557456453443,0.0008676439022873613,0.0
2016-03-17,0.9931583536206325,0.00684304640351464,0.0
2016-03-18,0.30933815977309803,0.6931869086737791,0.0
2016-03-22,0.9963769530739296,0.00630964256261644,0.0
2016-03-23,0.013652423324186836,0.9988284302000094,0.0
2016-03-24,0.038276274159835165,1.727709033121852,0.0
2016-03-25,0.028221320043136065,1.9153729672805784,0.0
2016-03-28,0.9997732502296435,0.000785807883916952,0.0
2016-03-29,0.9999706573528684,2.9347824805355693e-05,0.0
2016-03-30,0.9999985747285293,1.4252841146250124e-06,0.0
2016-03-31,0.9999958993292617,4.102620497371307e-06,0.0
2016-04-01,0.9999998264779104,1.735220895525998e-07,0.0
2016-04-04,0.9572862310589856,0.04271378802363465,0.0
2016-04-05,0.9983305193929244,0.001683526156893454,0.0
2016-04-06,0.18106704953923833,0.8217421411323473,0.0
2016-04-07,0.35247062735430057,1.045221080352904,0.0
2016-04-08,0.9999849658703392,3.7967892605683476e-05,0.0
2016-04-11,0.9975461880308165,0.0024556719995224817,0.0
2016-04-12,0.9548172358746561,0.04518767032220572,0.0
2016-04-13,0.9994343828368552,0.0005855019217745755,0.0
2016-04-14,0.999988217023894,1.1784147703158953e-05,0.0
2016-04-15,0.999998896672748,1.1033325634576518e-06,0.0
2016-04-18,0.999999838167292,1.6183270805501055e-07,0.0
2016-04-19,0.9999976508925351,2.349107464876024e-06,0.0
2016-04-20,0.9999881497522505,1.1850259349327613e-05,0.0
2016-04-21,0.9999910850902284,8.91502833088179e-06,0.0
2016-04-22,0.999999659702946,3.402985908961181e-07,0.0
2016-04-25,0.37515440160966923,0.6248466911045938,0.0
2016-04-26,0.025833875730873618,0.9804593017647798,0.0
2016-04-27,0.004553651270587604,1.87384775898385,0.0
2016-04-28,0.9999999703551342,8.685612297675303e-08,0.0
2016-05-02,0.9976888400549826,0.002311160030483262,0.0
2016-05-06,0.8908307117057062,0.1091723986524022,0.0
2016-05-09,0.9829091412520746,0.017715870423711547,0.0
2016-05-10,0.9278545274179533,0.07942197406551947,0.0
2016-05-11,0.9997478117296108,0.00026819320128315227,0.0
2016-05-12,0.9890021349578687,0.01099995046145337,0.0
2016-05-13,0.999999999708548,3.00701655262099e-10,0.0
2016-05-16,0.6916947518311765,0.30830538164194454,0.0
2016-05-17,0.9996337257405684,0.00037874634583108703,0.0
2016-05-18,0.32961104744280306,0.6734294236228039,0.0
2016-05-19,0.9997872488216255,0.0004109162523052263,0.0
2016-05-20,0.2190103244016888,0.7814733043957627,0.0
2016-05-23,0.914336539734812,0.1384940562813162,0.0
2016-05-24,0.013377802903728682,1.0845232570497534,0.0
2016-05-25,1.0,0.0,0.0
2016-05-26,0.9999997284698802,2.715301198330522e-07,0.0
2016-05-27,0.18542915877206648,0.8145708429924933,0.0
2016-05-30,0.9999219366595674,0.00015194997830231735,0.0
2016-05-31,0.9993254919621729,0.0006745177533146924,0.0
2016-06-01,0.9509088387142884,0.04910372104152091,0.0
2016-06-02,0.9038476033963372,0.1025934473450989,0.0
2016-06-03,0.014889584427378146,1.0588575857098121,0.0
2016-06-06,0.9999999988271029,2.373055096770595e-09,0.0
2016-06-07,0.9422641975873595,0.05773585550157951,0.0
2016-06-08,0.9621342427772583,0.03787270398840405,0.0
2016-06-09,0.20609417216965678,0.8316978331471947,0.0
2016-06-10,0.3226268257314197,1.1047564331582307,0.0
2016-06-13,0.9999999757353042,6.906028228965696e-08,0.0
2016-06-14,0.9278356881261327,0.07216505132749411,0.0
2016-06-15,0.8949214512696441,0.10511832360588316,0.0
2016-06-16,0.9999900607512765,1.1131217928798595e-05,0.0
2016-06-17,0.9999577706853465,4.2229468688178097e-05,0.0
2016-06-20,0.9999673814668935,3.261913301722602e-05,0.0
2016-06-21,0.9999559548883943,4.404703187136885e-05,0.0
2016-06-22,0.12227123587115749,0.8777807478214873,0.0
2016-06-23,0.05147204033974084,1.0662320806880594,0.0
2016-06-24,1.0,0.0,0.0
2016-06-27,0.9999997709283156,2.2907168439889602e-07,0.0
2016-06-28,0.9999999986465845,1.3534155740790964e-09,0.0
2016-06-29,0.9999999921684246,7.831575466385124e-09,0.0
2016-06-30,0.9999999999953052,4.694800099872536e-12,0.0
2016-07-01,0.9999983500199008,1.6499800992360873e-06,0.0
2016-07-04,0.9999999995608494,4.3915055876201026e-10,0.0
2016-07-05,0.9988552532718776,0.0011447467679175142,0.0
2016-07-06,0.9999995226123904,4.785517224996337e-07,0.0
2016-07-07,0.993189267169958,0.006810764973155872,0.0
2016-07-08,0.9999930418056813,7.24502685798323e-06,0.0
2016-07-11,0.999987060842734,1.293916995573277e-05,0.0
2016-07-12,0.9999838303021171,1.6169885772414052e-05,0.0
2016-07-13,0.9999999934238374,6.576162645419727e-09,0.0
2016-07-14,0.9983938945109744,0.0016061055356462381,0.0
2016-07-15,0.9986315857888923,0.0013684554254079846,0.0
2016-07-19,0.9999770001570251,2.3007463307540667e-05,0.0
2016-07-20,0.9994128161534995,0.0005872112349961158,0.0
2016-07-21,0.999999943359014,5.683134558928517e-08,0.0
2016-07-22,0.9999999997660675,2.3393253970441614e-10,0.0
2016-07-25,0.998956474422603,0.001043525581473096,0.0
2016-07-26,0.1361713674698164,0.8638306449648021,0.0
2016-07-27,0.9430465140012504,0.08030669984412045,0.0
2016-07-28,0.010740544873761991,1.1561678683088392,0.0
2016-07-29,0.9995033696479356,0.0010053306869062968,0.0
2016-08-01,0.9999289853533282,7.10416877606093e-05,0.0
2016-08-02,0.9999633610895655,3.6639243539937246e-05,0.0
2016-08-03,0.9861054875858243,0.013895010602051481,0.0
2016-08-04,0.9995718472195889,0.0004299450686583567,0.0
2016-08-05,0.030398490017591148,0.9725940129189826,0.0
2016-08-08,0.9999999784632376,4.3231855068071846e-08,0.0
2016-08-09,0.9856655177961023,0.014334482706478795,0.0
2016-08-10,0.7902827695832773,0.20978357476854684,0.0
2016-08-12,0.9997081074582069,0.0003903492206342465,0.0
2016-08-15,0.18028662313647392,0.8211277949867456,0.0
2016-08-16,0.9999995176112053,9.62585758984316e-07,0.0
2016-08-17,0.5535132552241582,0.44649957783603067,0.0
2016-08-18,0.5567420407558598,0.45073737404162073,0.0
2016-08-19,0.4617646009803167,0.7159887661267763,0.0
2016-08-22,0.07645233011670428,1.8189661405981241,0.0
2016-08-23,0.39015475813376616,1.5579659900012004,0.0
2016-08-24,0.004030558028447572,2.70438974433042,0.0
2016-08-25,0.0209824379108765,3.5497739037593794,0.0
2016-08-26,0.3108189644473099,2.897879739397764,0.0
2016-08-29,0.9999999997684363,1.1182374910537862e-09,0.0
2016-08-30,0.653734788690823,0.3462654230387071,0.0
2016-08-31,0.9998971317077184,0.00014189318730210184,0.0
2016-09-01,0.0020603817278775473,1.013757301997106,0.0
2016-09-02,0.013845627825345735,2.5094594512714377,0.0
2016-09-05,0.9999999976725072,7.049498339667609e-09,0.0
2016-09-06,0.0024542985766618564,0.9975474897543738,0.0
2016-09-07,0.9999999037329013,1.9253419738953867e-07,0.0
2016-09-08,0.9587196456402199,0.041280354758012595,0.0
2016-09-09,0.5150580879703083,0.48503870607922545,0.0
2016-09-12,0.9999993229123015,1.2084407415283891e-06,0.0
2016-09-13,0.9999570072030175,4.299283601087808e-05,0.0
2016-09-14,0.9997694525978259,0.00023055011630546002,0.0
2016-09-15,0.7637863815614997,0.23624973172535832,0.0
2016-09-16,0.30190937744150836,0.7258227150537055,0.0
2016-09-20,0.9999995942769635,9.151077508969716e-07,0.0
2016-09-21,0.9999997507108114,2.492891885925325e-07,0.0
2016-09-23,0.9652556571810611,0.0347443506787112,0.0
2016-09-26,0.9975193527044175,0.002484940803851825,0.0
2016-09-27,0.9999999973162592,2.68607318126173e-09,0.0
2016-09-28,0.9999999347119518,6.528804820327729e-08,0.0
2016-09-29,0.9998243120869077,0.0001756879156693287,0.0
2016-09-30,0.9999999999964508,3.5491314200896433e-12,0.0
2016-10-03,0.9999681336365033,3.186636349676804e-05,0.0
2016-10-04,0.6042445721810613,0.39575543614827186,0.0
2016-10-05,0.6844314885057656,0.34694072256955366,0.0
2016-10-06,0.9977448465749033,0.0029530532884086778,0.0
2016-10-07,0.0031834713541617045,1.0181154598366027,0.0
2016-10-11,0.062466680674849825,2.043052892508813,0.0
2016-10-12,0.999999998835626,3.500681775990655e-09,0.0
2016-10-13,0.9998951493471854,0.00010485065281464738,0.0
2016-10-14,0.9061176007257378,0.09388251557855971,0.0
2016-10-17,0.38325609382292414,0.620859858678659,0.0
2016-10-18,0.9976823965151075,0.00412239000500128,0.0
2016-10-19,0.0231752091814809,0.9937722909134734,0.0
2016-10-20,0.9999999974463418,5.112832909472369e-09,0.0
2016-10-21,0.9991742782371764,0.0008257219086368913,0.0
2016-10-24,0.21132252933937185,0.7886802764145032,0.0
2016-10-25,0.21728597441277583,1.0368394349763417,0.0
2016-10-26,0.6681737320305929,0.6350264996808296,0.0
2016-10-27,0.059102375458789144,1.538820792697149,0.0
2016-10-28,0.9999987848329333,3.158402726884543e-06,0.0
2016-10-31,0.9883025884301677,0.01169745006834029,0.0
2016-11-01,0.006028144247338021,0.9942081097992825,0.0
2016-11-02,0.9993440146134709,0.001311297380474404,0.0
2016-11-04,0.9881258192630961,0.011878259900562814,0.0
2016-11-07,0.9999999967606065,3.3726799539174368e-09,0.0
2016-11-08,0.9978421596040069,0.002157840506560641,0.0
2016-11-09,1.0,0.0,0.0
2016-11-10,1.0,0.0,0.0
2016-11-11,0.9999999999615412,3.84587917068302e-11,0.0
2016-11-14,0.9999998296735898,1.703264101979299e-07,0.0
2016-11-15,0.9998000373664385,0.00019996263356148467,0.0
2016-11-16,1.0,0.0,0.0
2016-11-17,0.9999999999429731,5.7026938726778553e-11,0.0
2016-11-18,1.0,0.0,0.0
2016-11-21,0.9990126047472658,0.0009873952527341692,0.0
2016-11-22,0.9957847224512572,0.004215277772886568,0.0
2016-11-24,0.9999999999964424,3.557562065277333e-12,0.0
2016-11-25,0.9997078069743535,0.00029219302564654343,0.0
2016-11-28,0.9996377438858303,0.0003622564403482438,0.0
2016-11-29,0.9999999878822666,1.212021377675744e-08,0.0
2016-11-30,0.999424755878104,0.0005752442117048611,0.0
2016-12-01,0.9999999719758739,2.8026474546337202e-08,0.0
2016-12-02,0.9992361585216276,0.0007638417171886759,0.0
2016-12-05,0.961668727469879,0.03833162907475062,0.0
2016-12-06,0.9999999999733877,3.323366262903888e-11,0.0
2016-12-07,0.9997967550457015,0.00020324495429849203,0.0
2016-12-08,0.9999999991548214,8.506113694058097e-10,0.0
2016-12-09,0.4608152780459529,0.5391847284248696,0.0
2016-12-12,0.9993866509826961,0.0007568003068440438,0.0
2016-12-13,0.00890170646374049,0.993139647803978,0.0
2016-12-14,0.002478629338606898,1.8343439675604596,0.0
2016-12-15,0.1005411845629629,2.1990790666122,0.0
2016-12-16,0.9999997730039049,8.521629597364016e-07,0.0
2016-12-19,0.00880212487712127,0.9912726267652904,0.0
2016-12-20,0.1271861366445034,1.0727421921370677,0.0
2016-12-21,0.055814501675292644,1.6839948026639218,0.0
2016-12-22,0.0030204115821005303,2.848248443046105,0.0
2016-12-26,0.00860089236773237,3.895340566096609,0.0
2016-12-27,0.4485674053422236,2.707441555834262,0.0
2016-12-28,0.0023829727244537103,4.346001239366107,0.0
2016-12-29,0.4339067121944076,2.150814150021786,0.0
2016-12-30,0.9999997504705671,5.967316135123277e-07,0.0
2017-01-04,0.9999977404176377,2.259582362319153e-06,0.0
2017-01-05,0.01971038873448504,0.9802909074641332,0.0
2017-01-06,0.9999822292461787,3.55390646153594e-05,0.0
2017-01-10,0.27659681686801507,0.7234153749335286,0.0
2017-01-11,0.037645899674743084,1.2334282094241016,0.0
2017-01-12,0.14696713577234363,1.7081716542840497,0.0
2017-01-13,0.020943108302926353,2.467667291652972,0.0
2017-01-16,0.011217071714263616,3.3981142539673175,0.0
2017-01-17,0.9999451307445587,0.00023215976064793031,0.0
2017-01-18,0.7601200176510089,0.25719843233537126,0.0
2017-01-19,0.9999994006776556,9.128068574742626e-07,0.0
2017-01-20,0.0037331179693428874,0.9963089025264563,0.0
2017-01-23,0.999999656818135,6.86363730104971e-07,0.0
2017-01-24,0.9847651733265046,0.015234836849723054,0.0
2017-01-25,0.9999999999981815,3.637145074841433e-12,0.0
2017-01-26,0.9999998697658865,1.3023411349116363e-07,0.0
2017-01-27,0.2517204873370199,0.7482795134925163,0.0
2017-01-30,0.9493695472998724,0.056314903962033,0.0
2017-01-31,0.9999994838055577,7.677319985138893e-07,0.0
2017-02-01,0.9999999494150031,5.05849968073147e-08,0.0
2017-02-02,0.9868383060754914,0.013161695558024772,0.0
2017-02-03,0.9363528510006766,0.06365591890104705,0.0
2017-02-06,0.9999945437967511,6.110290106503128e-06,0.0
2017-02-07,0.999800142676598,0.0001998578481971302,0.0
2017-02-08,0.15045844018636065,0.8495687918047666,0.0
2017-02-09,0.0220946216617602,1.1146180933115537,0.0
2017-02-10,0.9999999941064069,1.7447629476456505e-08,0.0
2017-02-13,0.9999934056121402,6.594387859727339e-06,0.0
2017-02-14,0.9974494599279233,0.0025505423676649855,0.0
2017-02-15,0.9999999074779721,9.516038962740185e-08,0.0
2017-02-16,0.01673897509102294,0.9832700407328796,0.0
2017-02-17,0.9833823825328295,0.032049228126863394,0.0
2017-02-20,0.18013906758576634,0.8219076649043644,0.0
2017-02-21,0.01251650433789961,1.7476480466390911,0.0
2017-02-22,0.13829794994306766,2.259448763972001,0.0
2017-02-23,0.06562371865802348,2.519805037709503,0.0
2017-02-24,0.9998488924615567,0.0007073127527934957,0.0
2017-02-27,0.6876641809200776,0.3126295953768359,0.0
2017-02-28,0.12155916335067084,0.9220909560587659,0.0
2017-03-01,0.025161921234639065,1.8396511687657142,0.0
2017-03-02,0.9999999504430507,1.4697837886447683e-07,0.0
2017-03-03,0.00359416419289997,0.9966371744684867,0.0
2017-03-06,0.0021283618787549903,1.0472308096219864,0.0
2017-03-07,0.01120108279854151,1.9362099975353508,0.0
2017-03-08,0.0053090643675608425,2.7014021877408974,0.0
2017-03-09,0.9992817326223051,0.0027075108395048617,0.0
2017-03-10,0.8903485396743962,0.10982127555240434,0.0
2017-03-13,0.514072021301955,0.5138236937452826,0.0
2017-03-14,0.002001728014558282,1.77330340344551,0.0
2017-03-15,0.9999403441615157,0.00017006156833547682,0.0
2017-03-16,0.9999999292515486,7.074845146265702e-08,0.0
2017-03-17,0.9999145499078277,8.545015123168541e-05,0.0
2017-03-21,0.9990277735787506,0.0009723288704157516,0.0
2017-03-22,1.0,0.0,0.0
2017-03-23,0.9279754255962283,0.07202457440377175,0.0
2017-03-24,0.9999861422505592,1.388641057614471e-05,0.0
2017-03-28,0.9999999999708822,2.911779553277347e-11,0.0
2017-03-29,0.710653978112378,0.28934602299949763,0.0
2017-03-30,0.9989645291252744,0.0010424066544819882,0.0
2017-03-31,0.9999999998668361,1.3316396481952534e-10,0.0
2017-04-03,0.9996821336044253,0.0003178663988441735,0.0
2017-04-04,0.9999078382366653,9.216246099696338e-05,0.0
2017-04-05,0.9999930174591196,6.9830302224307286e-06,0.0
2017-04-06,0.9991219975619859,0.0008780118980667157,0.0
2017-04-07,0.9999986528488783,1.3488235735032695e-06,0.0
2017-04-10,0.99999996717561,3.2824389979340405e-08,0.0
2017-04-11,0.9995833878810164,0.00041661213106637093,0.0
2017-04-12,0.9999922744059541,7.72674403302061e-06,0.0
2017-04-13,0.9985769167890497,0.0014230855793596485,0.0
2017-04-14,0.9998774268998957,0.0001225751909853976,0.0
2017-04-17,0.999881681597968,0.00011834383794092863,0.0
2017-04-18,0.9980648295064273,0.0019363075700146509,0.0
2017-04-19,0.9978814065392542,0.0021243352500524507,0.0
2017-04-20,0.0029791947033607643,0.9989620295668754,0.0
2017-04-21,0.9998625686706081,0.0002749567607618818,0.0
2017-04-24,0.9999999999975394,2.460611193692797e-12,0.0
2017-04-25,0.7501602374959865,0.24983976302409394,0.0
2017-04-26,0.884085770335928,0.11594339437317804,0.0
2017-04-27,0.6865942821582531,0.3231948470825677,0.0
2017-04-28,0.002008967046167157,1.7906601805047422,0.0
2017-05-01,0.9977077423241324,0.006269496102923955,0.0
2017-05-02,0.004252827451675021,1.0615686044409653,0.0
2017-05-08,0.9999901575768649,2.011844930023683e-05,0.0
2017-05-09,0.9250153943321683,0.07499146615764712,0.0
2017-05-10,0.01768720810578315,0.9826627042156268,0.0
2017-05-11,0.03603563789385343,1.5231422531010346,0.0
2017-05-12,0.3630691358672163,1.2267892419796729,0.0
2017-05-15,0.999999999445632,1.190592088747929e-09,0.0
2017-05-16,0.9972209579105512,0.002779042145046024,0.0
2017-05-17,0.9999873915124228,1.2631372729139282e-05,0.0
2017-05-18,0.9999999970668727,2.933127274455063e-09,0.0
2017-05-19,0.8168284054941997,0.18317161313580213,0.0
2017-05-22,0.9459003604627013,0.05416518223552654,0.0
2017-05-23,0.017728355768184777,1.0813615350190187,0.0
2017-05-24,0.9999999986318152,2.789478702989313e-09,0.0
2017-05-25,0.025607838855830404,0.9743974090142159,0.0
2017-05-26,0.9968266073206349,0.006327876627599638,0.0
2017-05-29,0.005590874550854311,0.9955183803173119,0.0
2017-05-30,0.32882395142124066,1.216866367003826,0.0
2017-05-31,0.019196422085669303,1.4345443992411933,0.0
2017-06-01,0.46502613605557674,1.1603260366609582,0.0
2017-06-02,0.6681957610513602,0.5999701101515966,0.0
2017-06-05,0.027097355482024344,1.819218450695873,0.0
2017-06-06,0.010405579322091572,2.6001983025429745,0.0
2017-06-07,0.0021084205172684175,3.6854218642814645,0.0
2017-06-08,0.9598238018197934,0.18985574049976223,0.0
2017-06-09,0.0026093928482441102,1.557439509820098,0.0
2017-06-12,0.005748766010576214,2.7381962591429194,0.0
2017-06-13,0.0039652529720492205,3.3790925072080107,0.0
2017-06-14,0.09560028912474247,3.6263607510008704,0.0
2017-06-15,0.042467076409020234,4.010285787717272,0.0
2017-06-16,0.0022244873762900194,3.4726577776402676,0.0
2017-06-19,0.0020003803603752595,4.414378337473076,0.0
2017-06-20,0.9720568171866841,0.12495622905835034,0.0
2017-06-21,0.0020000550660664545,4.199219573698759,0.0
2017-06-22,0.002000024943927738,7.3316746753440265,0.0
2017-06-23,0.0022538042201065327,8.315203239033293,0.0
2017-06-26,0.0020000716748113786,7.596754742467329,0.0
2017-06-27,0.040965777189746644,9.719404990759383,0.0
2017-06-28,0.0068464349147289195,11.138312950317735,0.0
2017-06-29,0.99993820739926,0.0006528272417444464,0.0
2017-06-30,0.9999184845048785,8.151894094603126e-05,0.0
2017-07-03,0.002001086909678796,0.9980230196354166,0.0
2017-07-04,0.9999879272991874,2.4145327205593583e-05,0.0
2017-07-05,0.6858279972521453,0.3141724815669261,0.0
2017-07-06,0.003934909214283538,1.0003392606795698,0.0
2017-07-07,0.9999993638631588,1.3199033591912116e-06,0.0
2017-07-10,0.9999784016648937,2.1598337861126228e-05,0.0
2017-07-11,0.9958176394838295,0.004182388733830018,0.0
2017-07-12,0.005690221879894457,0.9946853021964983,0.0
2017-07-13,0.9995902065261716,0.0008199608279025999,0.0
2017-07-14,0.9958003456896012,0.004218124943214051,0.0
2017-07-18,0.02456537103322871,0.9786594736979949,0.0
2017-07-19,0.01903604826423093,1.6702717725369494,0.0
2017-07-20,0.02179324219820366,2.030966026290476,0.0
2017-07-21,0.957267518447533,0.15344928059706467,0.0
2017-07-24,0.9984496967803393,0.0017512863974034965,0.0
2017-07-25,0.004343569680289722,1.0044574682651013,0.0
2017-07-26,0.999999313843407,1.3733068043124084e-06,0.0
2017-07-27,0.37777000758714674,0.6222493698127108,0.0
2017-07-28,0.004455651851239728,0.9986857672802995,0.0
2017-07-31,0.0036149175490434787,1.961181633724356,0.0
2017-08-01,0.07304534924405667,2.659261718794901,0.0
2017-08-02,0.01617315996112624,3.3717716099576185,0.0
2017-08-03,0.002002145235849209,3.365215369557929,0.0
2017-08-04,0.9193362994426231,0.2534759036998081,0.0
2017-08-07,0.9994046826791075,0.0005961815836641806,0.0
2017-08-08,0.0020004184198287173,1.0024567431958102,0.0
2017-08-09,0.0039857086036625055,1.9262809696761913,0.0
2017-08-10,0.002556838637407822,2.105486824975537,0.0
2017-08-14,0.9999453757447296,0.0002154591682225278,0.0
2017-08-15,0.5318321866050859,0.4681965238008532,0.0
2017-08-16,0.0020009896499836215,1.006294132161471,0.0
2017-08-17,0.002029619138448807,1.5190211651341643,0.0
2017-08-18,0.9999999999529824,1.4105290145849115e-10,0.0
2017-08-21,0.998539383948271,0.0014606160554587703,0.0
2017-08-22,0.11538696043745972,0.8846136073423457,0.0
2017-08-23,0.999999999550653,8.976836780176365e-10,0.0
2017-08-24,0.999913677688708,8.632231129198652e-05,0.0
2017-08-25,0.019799197421057783,0.980201172845069,0.0
2017-08-28,0.9119037513288961,0.17360846623109855,0.0
2017-08-29,0.9999998716022956,2.9087848566336717e-07,0.0
2017-08-30,0.99998363691153,1.636309441301406e-05,0.0
2017-08-31,0.513829158022926,0.4861717195545005,0.0
2017-09-01,0.9999875176692408,2.4452909838866454e-05,0.0
2017-09-04,0.251144157008586,0.7488863312024511,0.0
2017-09-05,0.9944782596023846,0.009886711657129512,0.0
2017-09-06,0.9999730198631066,2.7640600538448834e-05,0.0
2017-09-07,0.9616368250285342,0.03836691037706244,0.0
2017-09-08,0.9962292876673897,0.0038635752109941186,0.0
2017-09-11,0.9999951653279098,4.844538350132808e-06,0.0
2017-09-12,0.9999999997501952,2.4980487963198035e-10,0.0
2017-09-13,0.9999995566195404,4.4338045951887593e-07,0.0
2017-09-14,0.0027406703391408826,0.9972593474564274,0.0
2017-09-15,0.004706757605666181,1.5238093113196987,0.0
2017-09-19,0.9943999245723729,0.014967317368008408,0.0
2017-09-20,0.002001303408452209,2.3436963855456323,0.0
2017-09-21,0.999982413143958,3.540568807384935e-05,0.0
2017-09-22,0.6537810761085882,0.3462363448560973,0.0
2017-09-25,0.9999895608833994,1.9776742125746095e-05,0.0
2017-09-26,0.002080928233001135,0.998071061182921,0.0
2017-09-27,0.0036364636170418637,1.365696005319646,0.0
2017-09-28,0.9999828524234424,5.142074169918002e-05,0.0
2017-09-29,0.010617319560655545,0.9894150083618897,0.0
2017-10-02,0.1390437054554294,1.4606105634718172,0.0
2017-10-03,0.06940573170694243,1.8562243975999941,0.0
2017-10-04,0.017466092282753785,2.8554916051232144,0.0
2017-10-05,0.0023253000945409755,3.9052750595550907,0.0
2017-10-06,0.9999512288711232,0.0002390423897469089,0.0
2017-10-10,0.9546936540519112,0.045323477419066595,0.0
2017-10-11,0.01995846970075278,0.9821501198933553,0.0
2017-10-12,0.840414752108513,0.3183014925426525,0.0
2017-10-13,0.6478038947887615,0.5002663308423398,0.0
2017-10-16,0.03339394905556237,1.3694920971308857,0.0
2017-10-17,0.9818823850841196,0.03941420955590117,0.0
2017-10-18,0.006749279990387082,1.0553582211242087,0.0
2017-10-19,0.5056965892862454,1.0089225581127532,0.0
2017-10-20,0.014543981014726117,1.4529168544547202,0.0
2017-10-23,0.9999999982979025,5.17941464006199e-09,0.0
2017-10-24,0.2993074013961348,0.7006958285437859,0.0
2017-10-25,0.9964184923054891,0.004076840043932197,0.0
2017-10-26,0.0021632476344764996,1.0409678434219465,0.0
2017-10-27,0.9968371338469443,0.0063490600873674875,0.0
2017-10-30,0.01951590759652117,0.9860157653048601,0.0
2017-10-31,0.9819639484883455,0.03607675338296926,0.0
2017-11-01,0.8078888505292623,0.19746276924715714,0.0
2017-11-02,0.9534070211206315,0.05711096830967285,0.0
2017-11-06,0.5199117669650892,0.5275454575191963,0.0
2017-11-07,0.9999976942276445,4.229548283808528e-06,0.0
2017-11-08,0.035789070659440377,0.964731689142137,0.0
2017-11-09,0.9999977850168804,4.2936403573923995e-06,0.0
2017-11-10,0.9999999958202294,4.1797706612025076e-09,0.0
2017-11-13,1.0,0.0,0.0
2017-11-14,0.9746512481569244,0.02534875184307561,0.0
2017-11-15,0.9550082240277696,0.044991804004631375,0.0
2017-11-16,0.9999993749838003,6.557055908775849e-07,0.0
2017-11-17,0.9999975470158691,2.4529841309309844e-06,0.0
2017-11-20,0.9960386259985905,0.003961390024434266,0.0
2017-11-21,0.9999644345869846,3.558312127429661e-05,0.0
2017-11-22,0.9999626922901041,3.730801112830974e-05,0.0
2017-11-24,0.999996225921393,3.774206202946429e-06,0.0
2017-11-27,0.9978765299497696,0.0021235041910878257,0.0
2017-11-28,0.006464241098528491,0.9936478874893989,0.0
2017-11-29,0.9879436123499299,0.024081829462438715,0.0
2017-11-30,0.0043449416469437405,1.035299709338632,0.0
2017-12-01,0.9957436857418319,0.009960463987765653,0.0
2017-12-04,0.04676102861914031,0.9900804106230604,0.0
2017-12-05,0.37955556840969157,1.1324635175534503,0.0
2017-12-06,0.9308586482823894,0.1369307487903297,0.0
2017-12-07,0.9180606509596235,0.09456268827868658,0.0
2017-12-08,0.9909018317528242,0.009146898668275808,0.0
2017-12-11,0.09525175924605582,0.9358957002622409,0.0
2017-12-12,0.0020203971836861923,1.4697109017855794,0.0
2017-12-13,0.0021883014559277597,2.036720607323867,0.0
2017-12-14,0.002519895127587476,2.970378294549775,0.0
2017-12-15,0.018976928068331587,3.8953331733174537,0.0
2017-12-18,0.9747637086194922,0.12564472811856112,0.0
2017-12-19,0.0025072935940767243,1.5808608094121093,0.0
2017-12-20,0.002002434068439984,5.352602901043056,0.0
2017-12-21,0.0021181584000232925,7.3502138854868395,0.0
2017-12-22,0.0020009016369558438,7.470156852902981,0.0
2017-12-25,0.0020010377578101907,5.5862429067962225,0.0
2017-12-26,0.0020025511842398994,4.754711217450954,0.0
2017-12-27,0.18377129462514252,4.564922842592586,0.0
2017-12-28,0.04687094972170085,7.182193872582295,0.0
2017-12-29,0.01801693928713976,7.468918697464675,0.0
2018-01-04,0.9999999992307274,3.479135283231542e-09,0.0
2018-01-05,0.9963296857520824,0.003670314396914935,0.0
2018-01-09,0.9999999989952744,1.089491988497934e-09,0.0
2018-01-10,0.003452097952348278,0.9965480828641805,0.0
2018-01-11,0.9999024734504848,0.00019498648561945493,0.0
2018-01-12,0.08028871198920405,0.919712774683727,0.0
2018-01-15,0.999999997942435,4.1151299667721656e-09,0.0
2018-01-16,0.9998061422333133,0.0001938577876648124,0.0
2018-01-17,0.9999998770234327,1.2301576947254126e-07,0.0
2018-01-18,0.9999999999548559,4.514422110029311e-11,0.0
2018-01-19,0.9999862250683298,1.3774931670208691e-05,0.0
2018-01-22,0.9821449995441247,0.01785500155007919,0.0
2018-01-23,0.9999953279732753,4.867994125897281e-06,0.0
2018-01-24,0.9907925350003135,0.009207759374531586,0.0
2018-01-25,0.999999908481684,9.408947659450955e-08,0.0
2018-01-26,0.9999529480633441,4.7051940873152345e-05,0.0
2018-01-29,0.9723487848830082,0.02765134807108696,0.0
2018-01-30,0.9042497946463821,0.09660899969993957,0.0
2018-01-31,0.9624266966156587,0.038127686449045524,0.0
2018-02-01,0.9834485499319724,0.017055859275755467,0.0
2018-02-02,0.310006767880588,0.7014076712816874,0.0
2018-02-05,0.9999989660176645,2.0170734289308323e-06,0.0
2018-02-06,0.9999999953903439,4.609656134111831e-09,0.0
2018-02-07,0.999999999938856,6.114397876852277e-11,0.0
2018-02-08,0.9982881201088303,0.001711879891169713,0.0
2018-02-09,0.9999999497008281,5.053524199768653e-08,0.0
2018-02-13,0.9999999999811968,1.8803292243482154e-11,0.0
2018-02-14,0.999993158036147,6.841963853076523e-06,0.0
2018-02-15,0.9999985223082968,1.4776917032626189e-06,0.0
2018-02-16,0.9998759505883779,0.0001240496591751659,0.0
2018-02-19,0.9999926903559332,7.310992326796555e-06,0.0
2018-02-20,0.9746068506944455,0.02539359237608031,0.0
2018-02-21,0.9936995802393204,0.006438724915472158,0.0
2018-02-22,0.9974544229765846,0.0025496329666470237,0.0
2018-02-23,0.046201229797465694,0.9589375996159526,0.0
2018-02-26,0.9999998440349771,3.121157993982579e-07,0.0
2018-02-27,0.999999272397558,7.276024419478104e-07,0.0
2018-02-28,0.9536526568353716,0.046347363614651665,0.0
2018-03-01,0.6587289648190583,0.34155580929045165,0.0
2018-03-02,0.999999958922898,6.846828754754822e-08,0.0
2018-03-05,0.9968223437456403,0.00317766075350704,0.0
2018-03-06,0.9999999981609956,2.134794468745886e-09,0.0
2018-03-07,0.9999800999791787,1.990002082130754e-05,0.0
2018-03-08,0.9999999563013172,4.371416702140379e-08,0.0
2018-03-09,0.9953365012448842,0.004663500435173192,0.0
2018-03-12,0.9999988674807975,1.1545455674839103e-06,0.0
2018-03-13,0.9891986607917445,0.010801343886673974,0.0
2018-03-14,0.9944573161732357,0.005559798628408429,0.0
2018-03-15,0.03650240748507493,0.9726217305021571,0.0
2018-03-16,0.8632475955743277,0.27286510034713607,0.0
2018-03-19,0.08979423307866616,1.0461108271267168,0.0
2018-03-20,0.9962205432737389,0.008250622093832337,0.0
2018-03-22,0.9999996272798992,3.74050658375223e-07,0.0
2018-03-23,0.9998583261679853,0.0001417161388616504,0.0
2018-03-26,0.9999428317873177,5.7168214283025066e-05,0.0
2018-03-27,0.9944409326118346,0.005559514283834667,0.0
2018-03-28,0.9999998527379862,1.4922409012543298e-07,0.0
2018-03-29,0.9982428427563463,0.0017571574692951037,0.0
2018-03-30,0.9890048700171843,0.010996716549172305,0.0
2018-04-02,0.009240817320228393,0.9958425721771851,0.0
2018-04-03,0.9999585221706048,8.321029693461542e-05,0.0
2018-04-04,0.8841865675009737,0.1158665114401966,0.0
2018-04-05,0.36539530799473774,0.6460967509278164,0.0
2018-04-06,0.0032935138752916847,1.42982670635823,0.0
2018-04-09,0.015453519684883725,2.173219148791464,0.0
2018-04-10,0.49245963868643794,1.5345053107492634,0.0
2018-04-11,0.15521630953766088,2.8504462854078643,0.0
2018-04-12,0.00450062607013298,1.9648331288144054,0.0
2018-04-13,0.9767063320402745,0.07076405133639464,0.0
2018-04-16,0.5487774251315293,0.4617988865119125,0.0
2018-04-17,0.14002398304718333,0.9086613593869911,0.0
2018-04-18,0.9959159138883935,0.007972989066013143,0.0
2018-04-19,0.9872636198601178,0.012771641068442356,0.0
2018-04-20,0.9428508604960258,0.057678112948683954,0.0
2018-04-23,0.1544652583867483,0.8713456958575482,0.0
2018-04-24,0.9999160739387493,0.0001721537551323307,0.0
2018-04-25,0.9999997650331406,2.349668593762509e-07,0.0
2018-04-26,0.00738476807469837,0.99261918635725,0.0
2018-04-27,0.9999252072937528,0.00014958269189279275,0.0
2018-05-01,0.0021656203044041586,0.9978729069349475,0.0
2018-05-02,0.9238952137953187,0.15217227883211792,0.0
2018-05-07,0.15578405787665908,0.8679113201310356,0.0
2018-05-08,0.00224383467016173,1.5893175031245539,0.0
2018-05-09,0.0020033483033463396,2.249862904782502,0.0
2018-05-10,0.008023631591176842,3.0777895640384654,0.0
2018-05-11,0.016610140464689456,3.929876382238035,0.0
2018-05-14,0.021317354895695396,4.8021105707585106,0.0
2018-05-15,0.002003784474747144,5.599141272422878,0.0
2018-05-16,0.01997896946718187,6.2471737615645715,0.0
2018-05-17,0.005429587286282165,6.116870866186404,0.0
2018-05-18,0.0020738156442013343,5.687809206362952,0.0
2018-05-21,0.0020003276950257597,6.537433455132865,0.0
2018-05-22,0.0022238180460460596,6.7669724433195855,0.0
2018-05-23,0.011990155544020584,8.671622649753798,0.0
2018-05-24,0.009093580234139713,9.82228522105824,0.0
2018-05-25,0.005143363817736435,10.705096295942877,0.0
2018-05-28,0.0020524934977872783,11.714967821791767,0.0
2018-05-29,0.0023695817038748854,12.57649380177697,0.0
2018-05-30,0.9999996700494918,4.5428712165966194e-06,0.0
2018-05-31,0.7909600737467615,0.2090673352315446,0.0
2018-06-01,0.5305909086818933,0.4709436043246811,0.0
2018-06-04,0.9850492132291548,0.025307385314589325,0.0
2018-06-05,0.019549721695780026,1.0368276803872152,0.0
2018-06-06,0.00265466653419519,1.8325509505736812,0.0
2018-06-07,0.02481238123583556,2.4998829435953893,0.0
2018-06-08,0.002213836210124204,3.0401177868676723,0.0
2018-06-11,0.0021382999795631526,3.9531005673075437,0.0
2018-06-12,0.9994687760953317,0.0027103478811525638,0.0
2018-06-13,0.002004364318084109,1.2857577673970952,0.0
2018-06-14,0.8185169622543406,0.5540788278947335,0.0
2018-06-15,0.9999884356669623,1.954181445517452e-05,0.0
2018-06-18,0.009770715526585563,0.9908243074090227,0.0
2018-06-19,0.9243231111910463,0.15059190051646323,0.0
2018-06-20,0.5960209591952363,0.4058746953629635,0.0
2018-06-21,0.08067155824933767,1.2043754423823223,0.0
2018-06-22,0.9999999504760669,1.2576251498138799e-07,0.0
2018-06-25,0.9045947289693306,0.09540611897726985,0.0
2018-06-26,0.9999295595254072,7.290152519900294e-05,0.0
2018-06-27,0.004325577133632433,0.997454825963313,0.0
2018-06-28,0.41200602392819885,1.1786116580979575,0.0
2018-06-29,0.6136558493058467,0.5362259826686142,0.0
2018-07-02,0.9988247103125855,0.0020810694378315133,0.0
2018-07-03,0.998309374144642,0.0016914309716738042,0.0
2018-07-04,0.8799889927058654,0.12017317414183343,0.0
2018-07-05,0.3055943218161555,0.7272473531598849,0.0
2018-07-06,0.022820666893618776,1.5750374972931964,0.0
2018-07-09,0.2318696190976057,1.9773486245078997,0.0
2018-07-10,0.9955933195937999,0.01426820748840415,0.0
2018-07-11,0.8748453775197135,0.13369021146410223,0.0
2018-07-12,0.002043043146609741,1.0543088155927083,0.0
2018-07-13,0.032277802618649126,1.9383898086472848,0.0
2018-07-16,0.9932406369689069,0.01959597692521388,0.0
2018-07-17,0.0036073227202087525,1.067506958169244,0.0
2018-07-18,0.999996977177496,6.082628133080616e-06,0.0
2018-07-19,0.009201191229741234,0.9909363325567796,0.0
2018-07-20,0.028185757625828655,1.3987836563320717,0.0
2018-07-23,0.9335114186405666,0.14657216564424858,0.0
2018-07-24,0.9978649742822833,0.0021914772448162053,0.0
2018-07-25,0.0043025525480129495,1.005722777068184,0.0
2018-07-26,0.33931745115005507,1.3334263822387733,0.0
2018-07-27,0.0020444473242620543,1.3962228259954668,0.0
2018-07-30,0.0033067264178288486,2.599884853426217,0.0
2018-07-31,0.0425951818642555,3.5799972306331242,0.0
2018-08-01,0.002041585866621321,5.125204457649836,0.0
2018-08-02,0.0037563788401492326,6.627541307477776,0.0
2018-08-03,0.0139217463453505,8.184037478927289,0.0
2018-08-06,0.0022975463358600808,8.661707261771959,0.0
2018-08-07,0.03620689369585268,8.845534225341055,0.0
2018-08-08,0.011752038088556627,9.904936425705209,0.0
2018-08-09,0.002605826518277445,10.373577607095466,0.0
2018-08-10,0.9986506400701703,0.015952894996723276,0.0
2018-08-13,0.9992676587832496,0.0007331355787761244,0.0
2018-08-14,0.9999799386373496,2.006345691873842e-05,0.0
2018-08-15,0.002819731254691054,0.997275187727909,0.0
2018-08-16,0.9987040678650122,0.0025310689421474903,0.0
2018-08-17,0.9821583931677427,0.018234429684000384,0.0
2018-08-20,0.002016916233733978,1.0041352520310551,0.0
2018-08-21,0.25866472605612906,1.4998911978257565,0.0
2018-08-22,0.005407613814737591,1.2242252664782696,0.0
2018-08-23,0.00225608556263209,2.120364418532576,0.0
2018-08-24,0.0035377686009401845,3.191908097352406,0.0
2018-08-27,0.0021197402418091137,4.634034752607391,0.0
2018-08-28,0.9999616578036457,0.00019217654309195496,0.0
2018-08-29,0.00875910756595306,0.9956430502192103,0.0
2018-08-30,0.9999880043619515,2.3991878991280672e-05,0.0
2018-08-31,0.9941807620946835,0.005819391375278739,0.0
2018-09-03,0.003121763715055072,0.9971582412510026,0.0
2018-09-04,0.04264929967791583,1.8988882838037229,0.0
2018-09-05,0.0023055365499964164,1.6296100891511414,0.0
2018-09-06,0.9985323090955002,0.00409959845462469,0.0
2018-09-07,0.6594389386439192,0.34279525233191166,0.0
2018-09-10,0.9561785974595072,0.07056913304956954,0.0
2018-09-11,0.9736557164557748,0.027442897971420285,0.0
2018-09-12,0.18414997685160253,0.8698457301359199,0.0
2018-09-13,0.028415373604454636,1.465877404121879,0.0
2018-09-14,0.9999780025658497,6.490691489624671e-05,0.0
2018-09-18,0.9998894754220766,0.00011052664250169626,0.0
2018-09-19,0.999999999347885,6.521150229179159e-10,0.0
2018-09-20,0.9080590467959461,0.09194095884465057,0.0
2018-09-21,0.9964550723824485,0.0035472570703268423,0.0
2018-09-25,0.005457309572136365,1.0067617972869702,0.0
2018-09-26,0.9999978162859685,4.381485331127729e-06,0.0
2018-09-27,0.7223631257927796,0.2777159536443125,0.0
2018-09-28,0.9999068527768984,9.847215479733282e-05,0.0
2018-10-01,0.0108344493205386,0.9903710532698706,0.0
2018-10-02,0.9813105272585062,0.03737069432500522,0.0
2018-10-03,0.028922025292835173,0.9753601435662745,0.0
2018-10-04,0.9999166079927767,0.0001677397149969355,0.0
2018-10-05,0.9998664551146484,0.00013355099519645814,0.0
2018-10-09,0.9998715352564362,0.00012847794911155947,0.0
2018-10-10,0.03870822611747601,0.9615977045391685,0.0
2018-10-11,0.9997433980212301,0.000467442515071734,0.0
2018-10-12,0.9999999999965972,3.402803421476464e-12,0.0
2018-10-15,0.9989844089866564,0.0010155910133435434,0.0
2018-10-16,0.9790641841367318,0.02093582374344191,0.0
2018-10-17,0.9998235483782799,0.00018356726645995833,0.0
2018-10-18,0.9913692160750779,0.008634664468605426,0.0
2018-10-19,0.9999993942176553,6.468873868777268e-07,0.0
2018-10-22,0.9993150928467238,0.0006849072328337401,0.0
2018-10-23,0.9999737752448336,2.6274025483984737e-05,0.0
2018-10-24,0.9997510167065048,0.0002490273734157527,0.0
2018-10-25,0.999948722259425,5.127937994031595e-05,0.0
2018-10-26,0.9999464096249756,5.359218005297975e-05,0.0
2018-10-29,0.9880392218659723,0.011961226366944798,0.0
2018-10-30,0.9999755811698375,2.5099669506021238e-05,0.0
2018-10-31,0.9859598417519639,0.014040899741617792,0.0
2018-11-01,0.12137641325246226,0.8799943184561609,0.0
2018-11-02,0.9853196231950913,0.02893864957960745,0.0
2018-11-05,0.9979730034363558,0.002120302455932808,0.0
2018-11-06,0.07584581204410644,0.9269568108161929,0.0
2018-11-07,0.9140550569295908,0.16891632195192846,0.0
2018-11-08,0.999999898995705,2.2201702465201081e-07,0.0
2018-11-09,0.17468050086738196,0.8253297589315336,0.0
2018-11-12,0.7235069979760136,0.3031125403340952,0.0
2018-11-13,0.9988806801156788,0.001174414965223768,0.0
2018-11-14,0.01125594180616869,1.0041912877985082,0.0
2018-11-15,0.9991485636913849,0.0017196702575392698,0.0
2018-11-16,0.002768542137732151,0.9997202455988499,0.0
2018-11-19,0.01477859748185063,1.8691106676165399,0.0
2018-11-20,0.9999982036487582,5.389712101164725e-06,0.0
2018-11-21,0.9999999752249817,2.4775018284970885e-08,0.0
2018-11-22,0.19797798839257208,0.8020220879717078,0.0
2018-11-26,0.23603022812068492,0.7662621515962684,0.0
2018-11-27,0.9993137898813061,0.0012208329428710853,0.0
2018-11-28,0.013621254162705036,1.0376798533129914,0.0
2018-11-29,0.999722652584318,0.0005552777681325222,0.0
2018-11-30,0.0026164371904669657,0.9983098356323358,0.0
2018-12-03,0.9999999982529564,3.4940872889331996e-09,0.0
2018-12-04,0.9999994647268656,5.352731343481224e-07,0.0
2018-12-05,0.9999999979558596,2.044140418537095e-09,0.0
2018-12-06,0.9994921804101609,0.0005078195949056821,0.0
2018-12-07,0.9995050479983554,0.0004949668400424068,0.0
2018-12-10,0.9999999995046486,4.953514308773738e-10,0.0
2018-12-11,0.9807371458639795,0.019262857261987183,0.0
2018-12-12,0.9995881014666071,0.0004120706153081752,0.0
2018-12-13,0.9937405839428733,0.006261656928149235,0.0
2018-12-14,0.9950814407638097,0.004950189539407744,0.0
2018-12-17,0.07493407969575427,0.9358963269650202,0.0
2018-12-18,0.9999773096513885,4.592793160970824e-05,0.0
2018-12-19,0.6356643576198827,0.3644189115615242,0.0
2018-12-20,0.9987595367056273,0.001530462487793532,0.0
2018-12-21,0.8064880600752732,0.19410364431377738,0.0
2018-12-25,0.9999999659873414,5.2040670078777396e-08,0.0
2018-12-26,0.9999745193318835,2.548067902202669e-05,0.0
2018-12-27,0.9999673004649948,3.269959546018742e-05,0.0
2018-12-28,0.9805716165538719,0.01942865098469938,0.0
2019-01-04,0.9999727363724504,3.210691006039331e-05,0.0
2019-01-07,0.9996327743810949,0.00036722869202303885,0.0
2019-01-08,0.9365542917248999,0.06345132307086776,0.0
2019-01-09,0.5559353010704181,0.44842999708810094,0.0
2019-01-10,0.14006090019115017,1.2478913421565037,0.0
2019-01-11,0.8883693959899284,0.23088471328910648,0.0
2019-01-15,0.9980340093012676,0.00463754719732988,0.0
2019-01-16,0.10602569820807499,0.901600280176554,0.0
2019-01-17,0.9239276119016543,0.14736074314270348,0.0
2019-01-18,0.19791384174998922,0.8418498549845496,0.0
2019-01-21,0.9999373946905004,0.00012774192958736824,0.0
2019-01-22,0.2936557926137973,0.7071986190302609,0.0
2019-01-23,0.9995084128132773,0.0009717297545031956,0.0
2019-01-24,0.3415777291160138,0.6590516750403903,0.0
2019-01-25,0.015143874086290837,1.0352151918840884,0.0
2019-01-28,0.004428258754015721,1.9540204894218338,0.0
2019-01-29,0.9813464124157705,0.05491502144986685,0.0
2019-01-30,0.9489165232690946,0.05679847515778645,0.0
2019-01-31,0.9999999856598171,1.5227192238262192e-08,0.0
2019-02-01,0.08507262789236739,0.9149398421119088,0.0
2019-02-04,0.0030852983056981927,0.9994389670599045,0.0
2019-02-05,0.997150110410321,0.005700953506079084,0.0
2019-02-06,0.8053896634679869,0.1954998955500868,0.0
2019-02-07,0.02780635589824155,1.0557794146208155,0.0
2019-02-08,0.9999539293217666,0.00010094922424368418,0.0
2019-02-12,0.9999873038062169,1.2696363381738394e-05,0.0
2019-02-13,0.882765394645645,0.11723701250070394,0.0
2019-02-14,0.012586436231930913,0.9923094627556934,0.0
2019-02-15,0.06904941580405359,1.8284793806015682,0.0
2019-02-18,0.9999999999947551,1.5734860614328883e-11,0.0
2019-02-19,0.027416530404845638,0.9725835691745568,0.0
2019-02-20,0.13579785013797976,0.8649394562246133,0.0
2019-02-21,0.8491870259746959,0.2641543519128935,0.0
2019-02-22,0.9882184722884447,0.012897776475804042,0.0
2019-02-25,0.9999992311723135,7.696729853184255e-07,0.0
2019-02-26,0.10217933223992687,0.8978374830256156,0.0
2019-02-27,0.0024431159804297426,1.0180189710316565,0.0
2019-02-28,0.7197764569669844,0.560234918365074,0.0
2019-03-01,0.10408822231295735,1.3568614208168417,0.0
2019-03-04,0.9999998420238904,3.5558987627758413e-07,0.0
2019-03-05,0.9678383677622442,0.03216178487667546,0.0
2019-03-06,0.002231000385719958,0.9978767952355703,0.0
2019-03-07,0.999854332092366,0.00029137888111926567,0.0
2019-03-08,0.9859550007919168,0.01412543740060269,0.0
2019-03-11,0.26822301726076697,0.7322281739253855,0.0
2019-03-12,0.9967064775934326,0.006333972518635035,0.0
2019-03-13,0.04278818767131673,0.9696650403346094,0.0
2019-03-14,0.9999967143926596,6.583578473622728e-06,0.0
2019-03-15,0.0030133151680302684,0.9971400597650222,0.0
2019-03-18,0.997063297680656,0.005873445839098347,0.0
2019-03-19,0.005712649282841628,0.994548207463205,0.0
2019-03-20,0.002009035336811103,1.6845900661002389,0.0
2019-03-22,0.9620517454805778,0.10954759196531182,0.0
2019-03-25,0.9999670777965077,3.438268406188377e-05,0.0
2019-03-26,0.9959085527644178,0.00409187011265333,0.0
2019-03-27,0.09585736971694797,0.9044831617080604,0.0
2019-03-28,0.7744030853822358,0.42761885798778304,0.0
2019-03-29,0.9999938008072939,1.4422629757076506e-05,0.0
2019-04-01,0.9999656771963271,3.432321909049198e-05,0.0
2019-04-02,0.9999999998899499,1.1005003309365081e-10,0.0
2019-04-03,0.015425316473566753,0.9845746951489408,0.0
2019-04-04,0.0036164475152609178,1.0005501721388097,0.0
2019-04-05,0.0023114113649760383,1.8960107989750428,0.0
2019-04-08,0.999994742981769,1.554060796113424e-05,0.0
2019-04-09,0.011758401703989313,0.9888227781421322,0.0
2019-04-10,1.0,0.0,0.0
2019-04-11,0.0441100530592848,0.9558899469407153,0.0
2019-04-12,0.9869568654939829,0.013127581681040551,0.0
2019-04-15,0.9999999999473117,5.26882593923587e-11,0.0
2019-04-16,0.9987991058261404,0.0012008941850027758,0.0
2019-04-17,0.6606716536894438,0.3393285985529554,0.0
2019-04-18,0.9931515087301263,0.010259623588127683,0.0
2019-04-19,0.9999999861514449,1.4127763994516256e-08,0.0
2019-04-22,0.7557754681270382,0.24422541789120206,0.0
2019-04-23,0.9011301876766955,0.09916926657573816,0.0
2019-04-24,0.9999058646463282,9.784905915532264e-05,0.0
2019-04-25,0.5086097127686341,0.49186527001117314,0.0
2019-04-26,0.9997457515130338,0.0004751725292876082,0.0
2019-05-07,0.9914165331558398,0.008586442815441875,0.0
2019-05-08,0.9999999992556238,7.663766990986009e-10,0.0
2019-05-09,0.31602639418768397,0.6839739059658174,0.0
2019-05-10,0.996567991696502,0.0035667825524184787,0.0
2019-05-13,0.9999454839113242,5.462222980726911e-05,0.0
2019-05-14,0.999999965471016,3.45289839674234e-08,0.0
2019-05-15,0.94130710024469,0.05869293685909653,0.0
2019-05-16,0.06659409241203026,0.9335574604581387,0.0
2019-05-17,0.9790824325436139,0.041206455541557045,0.0
2019-05-20,0.004292080011909942,1.0333362600645344,0.0
2019-05-21,0.07925499645000302,1.8563875816283377,0.0
2019-05-22,0.7608919711270823,0.6491686009980235,0.0
2019-05-23,0.004061341422879546,1.5283018339162533,0.0
2019-05-24,0.9973973555948453,0.005892953640773634,0.0
2019-05-27,0.002042369871401679,1.1079762166785025,0.0
2019-05-28,0.002064318213762975,1.7650600802314778,0.0
2019-05-29,0.9923070657500666,0.040880190951832006,0.0
2019-05-30,0.9681029963616703,0.03271547546935024,0.0
2019-05-31,0.8498746572048059,0.15663655470043467,0.0
2019-06-03,0.9999999998802623,1.5132554866025075e-10,0.0
2019-06-04,0.26334466457389333,0.7366557524265528,0.0
2019-06-05,0.9999999125567203,1.7453322065725646e-07,0.0
2019-06-06,0.12975824213858592,0.8702418640747537,0.0
2019-06-07,0.8833353228574978,0.1222791059095396,0.0
2019-06-10,0.9999999852001242,2.925870287076402e-08,0.0
2019-06-11,0.14450926096679817,0.8554939810385388,0.0
2019-06-12,0.8509635128889135,0.191971679806641,0.0
2019-06-13,0.016849089145300058,1.1324921800277037,0.0
2019-06-14,0.0032951001417991957,2.3402941613747896,0.0
2019-06-17,0.0024923973991699566,3.5725596923253438,0.0
2019-06-18,0.007618203215646562,4.315616147468211,0.0
2019-06-19,0.999999262734103,3.674746604607942e-06,0.0
2019-06-20,0.0266489684291016,0.9743199138367866,0.0
2019-06-21,0.9673990449233766,0.061034595890867,0.0
2019-06-24,0.002815288521788066,1.0519878255161528,0.0
2019-06-25,0.006141493813796855,2.1248396367026334,0.0
2019-06-26,0.9795686973257542,0.062025750085104685,0.0
2019-06-27,0.009158363091764583,1.098190868000181,0.0
2019-06-28,0.002050830107485694,2.2970172780522713,0.0
2019-07-01,0.9999954045415202,1.4029654788678874e-05,0.0
2019-07-02,0.0020696821993604073,0.9984050552334406,0.0
2019-07-03,0.0020554831199455625,1.2520594120194302,0.0
2019-07-04,0.8322720190054912,0.44660543199741365,0.0
2019-07-05,0.0020022111837927287,2.9141864268872983,0.0
2019-07-08,0.0020738862998997748,4.000246587329512,0.0
2019-07-09,0.002214053261334688,5.01479428825439,0.0
2019-07-10,0.009481311912428243,6.102708052987982,0.0
2019-07-11,0.002013226092296528,6.994320648751156,0.0
2019-07-12,0.37412008715127354,5.1029108426448175,0.0
2019-07-16,0.002029468553875161,8.763937058714793,0.0
2019-07-17,0.0021952222305709913,9.934110593490551,0.0
2019-07-18,0.5477368326776569,4.909510750106472,0.0
2019-07-19,0.9612859092118898,0.07120806067211949,0.0
2019-07-22,0.0027471430373155687,1.4164206935961188,0.0
2019-07-23,0.011158742951844337,2.657977710789642,0.0
2019-07-24,0.9884562383803106,0.03848299492601104,0.0
2019-07-25,0.0020252719692644356,1.2441008814096133,0.0
2019-07-26,0.0020331714725316903,6.0422709885418495,0.0
2019-07-29,0.0023295154813282584,8.081027607290757,0.0
2019-07-30,0.0022018441178212377,7.749236098411659,0.0
2019-07-31,0.9996838947471092,0.004338799748778835,0.0
2019-08-01,0.9987419226444307,0.0012603596822899903,0.0
2019-08-02,0.99998836623224,1.163440016491164e-05,0.0
2019-08-05,0.9991104556685001,0.000889550152592126,0.0
2019-08-06,0.9999999999214377,7.85623105482225e-11,0.0
2019-08-07,0.9851937738633518,0.01480622614917374,0.0
2019-08-08,0.9949991961933228,0.005000995390881289,0.0
2019-08-09,0.999999999899564,1.0043599460263699e-10,0.0
2019-08-13,0.9999999999749029,2.5097146583159947e-11,0.0
2019-08-14,0.9999999999860006,1.3999357228744947e-11,0.0
2019-08-15,0.9999999999760529,2.3947066551420806e-11,0.0
2019-08-16,0.99994586474192,5.4135258079939895e-05,0.0
2019-08-19,0.9999999899650596,1.0034940454498683e-08,0.0
2019-08-20,0.5382687026035174,0.46173152704600917,0.0
2019-08-21,1.0,0.0,0.0
2019-08-22,0.999994954386727,5.0456132729692635e-06,0.0
2019-08-23,0.9999999813072119,1.86927880891438e-08,0.0
2019-08-26,1.0,0.0,0.0
2019-08-27,0.9999999997979422,2.0205781492421695e-10,0.0
2019-08-28,0.09632543336146464,0.9036745666822541,0.0
2019-08-29,0.9935017909616743,0.007337573964002261,0.0
2019-08-30,0.9999999269014551,7.380372372857853e-08,0.0
2019-09-02,0.9999991780065721,8.219934278949511e-07,0.0
2019-09-03,0.9961946192676063,0.003805381615469015,0.0
2019-09-04,0.9979663101288524,0.0020341304352865706,0.0
2019-09-05,0.9994186803676329,0.0005814932288043236,0.0
2019-09-06,0.9999789687512972,2.1041643183993303e-05,0.0
2019-09-09,0.2639752028593815,0.73607902861606,0.0
2019-09-10,0.09389359664132504,0.9211791445391266,0.0
2019-09-11,0.9397025769304006,0.11905533608088731,0.0
2019-09-12,0.9999999591839774,4.3002452080793743e-08,0.0
2019-09-13,0.9992729241329147,0.0007270759380960685,0.0
2019-09-17,0.1996127540863928,0.8004013601279844,0.0
2019-09-18,0.004320818457676151,1.1494789121806959,0.0
2019-09-19,0.9946813577313061,0.012692104925866364,0.0
2019-09-20,0.7356167416660552,0.2674642420867292,0.0
2019-09-24,0.008160610922945248,1.0966538568584583,0.0
2019-09-25,0.9999713397658326,6.165974667943238e-05,0.0
2019-09-26,0.9999077231037736,9.227839825735499e-05,0.0
2019-09-27,0.41323705468071803,0.5867951517745922,0.0
2019-09-30,0.0036832932925034206,1.0336774751176796,0.0
2019-10-01,0.0021369419569944284,1.9782901538113684,0.0
2019-10-02,0.9999951783366294,1.4440159014928453e-05,0.0
2019-10-03,0.9999999993224272,6.775727337051898e-10,0.0
2019-10-04,0.02057995213491847,0.9794200533326538,0.0
2019-10-07,0.034383689682671,0.9696981176697576,0.0
2019-10-08,0.12504066665063276,1.7182117928194678,0.0
2019-10-09,1.0,0.0,0.0
2019-10-10,0.9690087369727918,0.030991263027208227,0.0
2019-10-11,0.9999961273958156,3.887522057966404e-06,0.0
2019-10-15,0.9999999865520126,1.3447987429186363e-08,0.0
2019-10-16,0.9999998566604197,1.433395802690879e-07,0.0
2019-10-17,0.03605072084987132,0.9639493013223546,0.0
2019-10-18,0.9186859727293211,0.1220674593476494,0.0
2019-10-21,0.018390595470040426,1.3265537654393498,0.0
2019-10-23,0.9992065170873947,0.0016162413000869208,0.0
2019-10-24,0.9980589784015109,0.0019445386335923305,0.0
2019-10-25,0.0041040148146261135,0.9968988297290979,0.0
2019-10-28,0.2751735544468375,1.4366126587897803,0.0
2019-10-29,0.9763598429733592,0.0578301799128432,0.0
2019-10-30,0.6236380046680956,0.3840831371633429,0.0
2019-10-31,0.6588987531602482,0.41048925562413857,0.0
2019-11-01,0.9999999999871217,2.269537654398323e-11,0.0
2019-11-05,0.9999999502134259,4.978657408548192e-08,0.0
2019-11-06,0.9999711287284212,2.8871271578827903e-05,0.0
2019-11-07,0.03131130865316804,0.9686944079541715,0.0
2019-11-08,0.9999999996756146,6.487708923722633e-10,0.0
2019-11-11,0.9769398173395717,0.023060182927783574,0.0
2019-11-12,0.9992686927411187,0.0007318181472935576,0.0
2019-11-13,0.8234274934822028,0.17683940577994553,0.0
2019-11-14,0.9967510952974997,0.004144000961604255,0.0
2019-11-15,0.791306309401847,0.2098248124333351,0.0
2019-11-18,0.07387567854612839,0.9534906988705582,0.0
2019-11-19,0.011170153972635594,1.7790434467246488,0.0
2019-11-20,0.9970495011415095,0.00859168858843802,0.0
2019-11-21,0.9999578865454471,4.214857894967326e-05,0.0
2019-11-22,0.822559300173258,0.17747589763998875,0.0
2019-11-25,0.999999963028388,4.87686220957814e-08,0.0
2019-11-26,0.9995324134575109,0.0004675873089092058,0.0
2019-11-27,0.5540794466495848,0.4459454560913498,0.0
2019-11-28,0.004946258572184873,1.0383408901242472,0.0
2019-11-29,0.9999964500876338,7.585048872554956e-06,0.0
2019-12-02,0.06501819661962525,0.9355036057752398,0.0
2019-12-03,0.99999999992759,1.4481986294299656e-10,0.0
2019-12-04,0.9994692161446791,0.0005307838593188151,0.0
2019-12-05,0.9999673063822189,3.269458628156294e-05,0.0
2019-12-06,0.0033757314205486604,0.9967358544135037,0.0
2019-12-09,0.99999977926522,4.4148205054508315e-07,0.0
2019-12-10,0.11808349924961216,0.8819223509376696,0.0
2019-12-11,0.006287944177293152,0.9968323533210878,0.0
2019-12-12,0.735263140544086,0.5289039754100018,0.0
2019-12-13,0.9999999997488915,2.97930474890886e-10,0.0
2019-12-16,0.9995909827802543,0.00040901722340489264,0.0
2019-12-17,0.9999999302188858,6.98167562775436e-08,0.0
2019-12-18,0.028733129373354947,0.9712719838929929,0.0
2019-12-19,0.03835896787443658,0.9684945799489831,0.0
2019-12-20,0.8066584808580256,0.38218275668740836,0.0
2019-12-23,0.9999999894126503,1.1367794654657413e-08,0.0
2019-12-24,0.017057742087578903,0.9829519588782801,0.0
2019-12-25,0.008205040204967142,0.9922660737691193,0.0
2019-12-26,0.999980886597029,3.81776861784592e-05,0.0
2019-12-27,0.9999984983977339,1.5016022660534733e-06,0.0
2019-12-30,0.9999537281249848,4.627194271986086e-05,0.0
2020-01-06,1.0,0.0,0.0
2020-01-07,0.9999999511875742,4.8812425768041123e-08,0.0
2020-01-08,0.99999999999169,8.310014428621677e-12,0.0
2020-01-09,1.0,0.0,0.0
2020-01-10,0.9999295500794145,7.044992058546919e-05,0.0
2020-01-14,0.9999988507402248,1.1492622636012318e-06,0.0
2020-01-15,0.9999997114293339,2.8857066619408747e-07,0.0
2020-01-16,0.9996979583304874,0.0003020418516389639,0.0
2020-01-17,1.0,0.0,0.0
2020-01-20,0.9688299711346586,0.03117002886534126,0.0
2020-01-21,0.999999687321606,3.1821132790617817e-07,0.0
2020-01-22,0.9999999980778209,1.9221790696742685e-09,0.0
2020-01-23,0.9999999999622501,3.7749914290703884e-11,0.0
2020-01-24,0.9999576501752799,4.234982472010777e-05,0.0
2020-01-27,1.0,0.0,0.0
2020-01-28,1.0,0.0,0.0
2020-01-29,0.9999993701760724,6.298239275670525e-07,0.0
2020-01-30,0.9999788554537888,2.1144546211157592e-05,0.0
2020-01-31,0.9999854140608784,1.4585979878165221e-05,0.0
2020-02-03,0.9999999999933209,6.679144090071845e-12,0.0
2020-02-04,0.9999989728507832,1.0271492168042877e-06,0.0
2020-02-05,0.9999999999145768,8.542319662832088e-11,0.0
2020-02-06,0.9999991780566743,8.219433257221325e-07,0.0
2020-02-07,0.8777373846209904,0.12226261674044511,0.0
2020-02-10,0.999999996985124,5.584581572927792e-09,0.0
2020-02-12,0.659248223478415,0.3407519791066755,0.0
2020-02-13,0.43659308053322676,0.5636273584449405,0.0
2020-02-14,0.9970223239303593,0.0050593628260424605,0.0
2020-02-17,0.9999915860632871,8.42570865857988e-06,0.0
2020-02-18,0.9867410455145702,0.013259304315550327,0.0
2020-02-19,0.8597402919889885,0.141672678112969,0.0
2020-02-20,0.9999975706407583,2.483168875006835e-06,0.0
2020-02-21,0.9673244509249174,0.03267658936636717,0.0
2020-02-25,0.9999752088243379,3.142108012361808e-05,0.0
2020-02-26,0.9999290271291361,7.097591844153222e-05,0.0
2020-02-27,0.9789291992390734,0.021071300889365697,0.0
2020-02-28,0.9999560196740526,4.5418428922881334e-05,0.0
2020-03-02,0.9999999999147104,8.528953979761703e-11,0.0
2020-03-03,1.0,0.0,0.0
2020-03-04,0.9999999985077869,1.4922131308381381e-09,0.0
2020-03-05,1.0,0.0,0.0
2020-03-06,0.9999999047686008,9.523139921085998e-08,0.0
2020-03-09,0.9999999994379686,5.620314208465942e-10,0.0
2020-03-10,1.0,0.0,0.0
2020-03-11,0.9999999950654871,4.9345130204159204e-09,0.0
2020-03-12,0.9999999999189138,8.108624859144125e-11,0.0
2020-03-13,1.0,0.0,0.0
2020-03-16,0.999999999971053,2.894695594335417e-11,0.0
2020-03-17,0.9999999999935031,6.496914117714123e-12,0.0
2020-03-18,0.999999997246151,2.7538491486741206e-09,0.0
2020-03-19,0.999999999436061,5.639390050687962e-10,0.0
2020-03-23,0.9999681961379125,3.180386208744771e-05,0.0
2020-03-24,1.0,0.0,0.0
2020-03-25,0.9999999999983785,1.621480727465041e-12,0.0
2020-03-26,0.9996604598223082,0.00033954017769172916,0.0
2020-03-27,0.9999514650570689,4.853503678685357e-05,0.0
2020-03-30,0.9999947263203719,5.273717854490151e-06,0.0
2020-03-31,0.6532310895841619,0.3467794605375473,0.0
2020-04-01,0.9943468456815114,0.006749908866643024,0.0
2020-04-02,0.7515262736988231,0.25239779569912324,0.0
2020-04-03,0.9269634377728169,0.0823172401733554,0.0
2020-04-06,0.9998553811237917,0.0001563146727935117,0.0
2020-04-07,0.995168494967489,0.004831880429772736,0.0
2020-04-08,0.9525299137278188,0.04758468131812493,0.0
2020-04-09,0.42002061561128645,0.6032161153236317,0.0
2020-04-10,0.9999428858502019,7.845240678830276e-05,0.0
2020-04-13,0.9838275178059135,0.016175517762497083,0.0
2020-04-14,0.9979001915903306,0.0021371187249041358,0.0
2020-04-15,0.41651266606392384,0.5992711842574974,0.0
2020-04-16,0.9999417203730491,0.00011561669654143537,0.0
2020-04-17,0.9999902822758744,9.717890961886732e-06,0.0
2020-04-20,0.9999729949546994,2.700525178899084e-05,0.0
2020-04-21,0.8374257288752237,0.16258057702042755,0.0
2020-04-22,0.9985661676105522,0.0016607606240759945,0.0
2020-04-23,0.9987253048395965,0.001275414837385013,0.0
2020-04-24,0.19112770987130712,0.8105415466411076,0.0
2020-04-27,0.999917258813311,0.00016452270435795397,0.0
2020-04-28,0.4603491950962543,0.5397282950648935,0.0
2020-04-30,0.9999947959134664,1.0210619934587659e-05,0.0
2020-05-01,0.9949723962592425,0.005027652623898793,0.0
2020-05-07,0.999984803792234,1.5367614858270828e-05,0.0
2020-05-08,0.9999953049508292,4.695063089300107e-06,0.0
2020-05-11,0.22118037037751562,0.7788260989630557,0.0
2020-05-12,0.0027007652549756985,1.0174170323589744,0.0
2020-05-13,0.9990045258342599,0.002135309954414867,0.0
2020-05-14,0.10853729956675728,0.9039651963111827,0.0
2020-05-15,0.9998954876922181,0.00020834838890790937,0.0
2020-05-18,0.010809189008509494,0.9895848867431778,0.0
2020-05-19,0.9999947409576214,1.0520305961799271e-05,0.0
2020-05-20,0.0038043731022287136,0.9962268917004895,0.0
2020-05-21,0.7048967926306994,0.5847291717211011,0.0
2020-05-22,0.1293416204998459,0.8857166450429879,0.0
2020-05-25,0.9999986695955186,2.96238193233232e-06,0.0
2020-05-26,0.8259292364094903,0.17408901946303104,0.0
2020-05-27,0.048668163864299084,0.9529105088144595,0.0
2020-05-28,0.968085790896913,0.06351719816297413,0.0
2020-05-29,0.0513756696514237,1.0754234992295209,0.0
2020-06-01,0.0041864433803656545,1.9569523439963334,0.0
2020-06-02,0.0042189043397398394,2.4892446754294344,0.0
2020-06-03,0.9997581755109625,0.0009761498770295097,0.0
2020-06-04,0.9999919976704311,8.002985862203938e-06,0.0
2020-06-05,0.9843301773166298,0.0156700397534074,0.0
2020-06-08,0.9999984952973945,1.5201305732746476e-06,0.0
2020-06-09,0.04621646865515601,0.9539111297289001,0.0
2020-06-10,0.9872500941960263,0.02503085723325783,0.0
2020-06-11,0.9770769536273743,0.02295256709625606,0.0
2020-06-12,0.9999830042596364,1.711350650309347e-05,0.0
2020-06-15,0.9996403652008666,0.0003596397556394255,0.0
2020-06-16,0.9999944240017318,5.577322446537501e-06,0.0
2020-06-17,0.0361221355753945,0.9639062221073079,0.0
2020-06-18,0.43312265927530835,0.8845274632589618,0.0
2020-06-19,0.9995507127489428,0.0010357576385136384,0.0
2020-06-22,0.9186050465632853,0.08145579822070932,0.0
2020-06-23,0.9997867920181347,0.00021841921917615227,0.0
2020-06-24,0.03001523856851552,0.9717713670869802,0.0
2020-06-25,0.9999445783773502,0.00011087701274215118,0.0
2020-06-26,0.7454786250827401,0.2545291123879925,0.0
2020-06-29,0.99977923759519,0.0003511393020716458,0.0
2020-06-30,0.9999999892791475,1.0725898234028748e-08,0.0
2020-07-01,0.8707330395603264,0.12926705006749037,0.0
2020-07-02,0.061593557100827166,0.9385677785698027,0.0
2020-07-03,0.9891873744718346,0.02127198889695954,0.0
2020-07-06,0.9995948164062315,0.0004070545334282232,0.0
2020-07-07,0.0530865930872416,0.9486118001789529,0.0
2020-07-08,0.9991831071815455,0.0016323752781731015,0.0
2020-07-09,0.4360939281130528,0.564441520464994,0.0
2020-07-10,0.983580340246164,0.026397532653153442,0.0
2020-07-13,0.9999984302487969,1.677549995517547e-06,0.0
2020-07-14,0.6028360296675832,0.3971742163504625,0.0
2020-07-15,0.9968215107167586,0.00487392252377852,0.0
2020-07-16,0.002068366977005639,1.0460278875138083,0.0
2020-07-17,0.002848705915822843,2.403980074441594,0.0
2020-07-20,0.23246830170879118,2.9434257889579887,0.0
2020-07-21,0.0020417988650369176,3.148745307759713,0.0
2020-07-22,0.026659707635829477,4.213091488815773,0.0
2020-07-27,0.9999947547916729,3.166399210282398e-05,0.0
2020-07-28,0.004983788980004597,0.9982437605310663,0.0
2020-07-29,0.008273470907915349,1.4083980868619486,0.0
2020-07-30,0.9964653709241081,0.011312737423911007,0.0
2020-07-31,0.9999949818588649,5.1501391986111674e-06,0.0
2020-08-03,0.9902768750473182,0.009723196780514932,0.0
2020-08-04,0.6870438649540098,0.3131756307643211,0.0
2020-08-05,0.011953830136283304,1.120077283347655,0.0
2020-08-06,0.005538786185807819,1.9689014105089697,0.0
2020-08-07,0.012947485825701826,2.7233791385680477,0.0
2020-08-11,0.9544352108367166,0.18100053778675546,0.0
2020-08-12,0.0021765744308367024,1.7597184173415106,0.0
2020-08-13,0.998669241769356,0.0034384544280157284,0.0
2020-08-14,0.027053880401654767,0.9909661853261426,0.0
2020-08-17,0.002837161730785986,1.6696152042448662,0.0
2020-08-18,0.0023296502635697194,2.0894967548202383,0.0
2020-08-19,0.0030619162387728657,3.0305564080854057,0.0
2020-08-20,0.0030718290770957446,4.009660914893031,0.0
2020-08-21,0.2767834829980034,3.732716957234466,0.0
2020-08-24,0.0020025517114381753,5.572736528744098,0.0
2020-08-25,0.9501323535943764,0.278905113730287,0.0
2020-08-26,0.0020022730431196265,4.3729829029747345,0.0
2020-08-27,0.002013756354530253,8.191367607266514,0.0
2020-08-28,0.9989342814700211,0.009504211830761045,0.0
2020-08-31,0.9996759554573021,0.00032686586894923323,0.0
2020-09-01,0.004530060680428475,0.9956599277335795,0.0
2020-09-02,0.9768003204030234,0.04636494152854855,0.0
2020-09-03,0.9999999375325439,6.83560592273076e-08,0.0
2020-09-04,0.9999999999368162,6.318379151343868e-11,0.0
2020-09-07,0.1450029634185779,0.8549970368189205,0.0
2020-09-08,0.72164155107451,0.27861990849759805,0.0
2020-09-09,0.9999999984255014,1.9524800132466782e-09,0.0
2020-09-10,0.9999931920586833,6.807941316696669e-06,0.0
2020-09-11,0.9999999999841875,1.5812473542850503e-11,0.0
2020-09-14,0.26425178569675534,0.735748217239636,0.0
2020-09-15,0.9955436114842144,0.004478772311385221,0.0
2020-09-16,0.06131698101804115,0.9708072246260168,0.0
2020-09-17,0.4094776375148732,1.0571129424556782,0.0
2020-09-18,0.17489666352797517,1.2686878477696064,0.0
2020-09-23,0.9999652814070259,7.80957243189374e-05,0.0
2020-09-24,0.992162292108097,0.007838226068141989,0.0
2020-09-25,0.9999948699889568,5.2041602730347015e-06,0.0
2020-09-28,0.9999989453884102,1.0546126396757163e-06,0.0
2020-09-29,0.999886663073659,0.00011333695269997463,0.0
2020-09-30,0.9987244094738952,0.0012756962644467325,0.0
2020-10-02,0.9999515325541583,4.854614674251771e-05,0.0
2020-10-05,0.9999994945378583,5.055935531386727e-07,0.0
2020-10-06,0.9999197309153254,8.026908609125141e-05,0.0
2020-10-07,0.9999999998371749,1.6282510432733658e-10,0.0
2020-10-08,0.025926380293106586,0.9740736515250759,0.0
2020-10-09,0.6977135835299602,0.32039052257087786,0.0
2020-10-12,0.0034027825484477994,1.4968188305390764,0.0
2020-10-13,0.9994924455623007,0.0010768131180505362,0.0
2020-10-14,0.3497240016117964,0.6535754543148595,0.0
2020-10-15,0.006848809185993835,1.0574652515522889,0.0
2020-10-16,0.0036270625726288414,1.9838938117083067,0.0
2020-10-19,0.21867942505646568,2.3367114951117784,0.0
2020-10-20,0.08516630789306887,2.9601350449313237,0.0
2020-10-21,0.0024393801499283884,4.15221037118661,0.0
2020-10-22,0.2292792962812767,3.863449298125034,0.0
2020-10-23,0.5226855353514622,1.9861796898434703,0.0
2020-10-26,0.002155323617307294,4.785766380135396,0.0
2020-10-27,0.9837179300539294,0.10594672259707125,0.0
2020-10-28,0.9960000763993369,0.004978150003295815,0.0
2020-10-29,0.9999999997527903,2.472096506729814e-10,0.0
2020-10-30,0.9999949533387901,5.046661209910845e-06,0.0
2020-11-02,0.2556771619086445,0.7443228820385412,0.0
2020-11-04,0.9999998280722526,3.427179486798913e-07,0.0
2020-11-05,0.9999752675056008,2.4732552224470734e-05,0.0
2020-11-06,0.9963490942642433,0.003650962322557102,0.0
2020-11-09,0.9970452768546315,0.0029551726853175556,0.0
2020-11-10,0.9999996300095545,3.707939737851232e-07,0.0
2020-11-11,0.9998768489881152,0.00012315109676228162,0.0
2020-11-12,0.9454358542658038,0.054565276214935905,0.0
2020-11-13,0.9528308514304235,0.0482591875040194,0.0
2020-11-16,0.9999967228402598,3.442051590565513e-06,0.0
2020-11-17,0.999914648499859,8.535157208320733e-05,0.0
2020-11-18,0.24964773584191693,0.7503698533315211,0.0
2020-11-19,0.6734948488082017,0.4540405212818054,0.0
2020-11-20,0.983464684476365,0.02613555286505446,0.0
2020-11-24,0.9992620625552038,0.0007608192000148022,0.0
2020-11-25,0.999822562030938,0.0001774426745550287,0.0
2020-11-26,0.9244611084106666,0.07566255049512997,0.0
2020-11-27,0.0021492916304596005,1.0150922135166562,0.0
2020-11-30,0.9999954852109402,9.040814286807865e-06,0.0
2020-12-01,0.004228026779484004,0.9961776388721004,0.0
2020-12-02,0.08879719200580242,1.6051881645147839,0.0
2020-12-03,0.0027723001838744306,1.8358750323017365,0.0
2020-12-04,0.021815794304539275,2.7415729205478225,0.0
2020-12-07,0.9996753877818136,0.0010906818978293203,0.0
2020-12-08,0.9064149683816376,0.09370089114700207,0.0
2020-12-09,0.9324705879603061,0.07003041651315131,0.0
2020-12-10,0.060913664252513204,1.276676402077794,0.0
2020-12-11,0.0022512016469436466,2.0558406853334796,0.0
2020-12-14,0.0024066696854946057,2.4624984996931283,0.0
2020-12-15,0.002020939046553766,2.958619624753,0.0
2020-12-16,0.9718733230357028,0.12400860107746879,0.0
2020-12-17,0.0021194735283426363,1.1963685865504525,0.0
2020-12-18,0.0021477260409066786,2.02552028348847,0.0
2020-12-21,0.9557719435406211,0.13533919722337368,0.0
2020-12-22,0.571273631719532,0.43300149069809485,0.0
2020-12-23,0.9996455242313086,0.000519740928939719,0.0
2020-12-24,0.004733813730370455,0.9976564797637577,0.0
2020-12-25,0.007551011548790163,1.9487530545264713,0.0
2020-12-28,0.08273400607440304,2.358564059706301,0.0
2020-12-29,0.9999976101862746,9.539779909379008e-06,0.0
2020-12-30,0.02185172055873567,0.9782463475604336,0.0
2021-01-04,0.999969285147153,6.130608667987973e-05,0.0
2021-01-05,0.929068108118765,0.07093297740424274,0.0
2021-01-06,0.13857489462435332,0.862999249807019,0.0
2021-01-07,0.997399507149627,0.0051288214373454676,0.0
2021-01-08,0.9999404419290975,5.964167488085233e-05,0.0
2021-01-12,0.9982452301929207,0.001755020803746344,0.0
2021-01-13,0.9996804104145866,0.00032103933949489895,0.0
2021-01-14,0.9998779690938728,0.00012231154974876447,0.0
2021-01-15,0.9997476613445666,0.0002524330571898109,0.0
2021-01-18,0.9999989837145218,1.016364356738891e-06,0.0
2021-01-19,0.849110000553484,0.1508922733607316,0.0
2021-01-20,0.999994017783815,1.0050249052052134e-05,0.0
2021-01-21,0.955053745099628,0.044946852691874685,0.0
2021-01-22,0.9992199853627302,0.0007854713678091379,0.0
2021-01-25,0.19055484438480372,0.8119505840382045,0.0
2021-01-26,0.1099314391519938,1.142107114652113,0.0
2021-01-27,0.40832659262633825,1.1494285405628155,0.0
2021-01-28,0.9999992265546205,2.0593663848125047e-06,0.0
2021-01-29,0.9999999716338741,2.8366125903874556e-08,0.0
2021-02-01,0.9999964488703045,3.551129695537271e-06,0.0
2021-02-02,0.017033098923271598,0.9829673348769237,0.0
2021-02-03,0.0032874971664998043,1.0966079064936185,0.0
2021-02-04,0.005047613787755524,1.9852442945997417,0.0
2021-02-05,0.9980177599758623,0.00593894028270302,0.0
2021-02-08,0.9998828543148215,0.00011715512197544934,0.0
2021-02-09,0.00239362427455471,0.9980002710182412,0.0
2021-02-10,0.33949840520529917,1.3085263386939614,0.0
2021-02-12,0.052857862000052415,1.039621635232925,0.0
2021-02-15,0.9999771911106785,5.1694792237612315e-05,0.0
2021-02-16,0.33727144558292876,0.6639154011226405,0.0
2021-02-17,0.0023231042823755655,1.0333836816372106,0.0
2021-02-18,0.34108207670770774,1.3195213324257666,0.0
2021-02-19,0.9965799509027846,0.00825817072638308,0.0
2021-02-22,0.9922709747805241,0.00776268582851125,0.0
2021-02-24,0.6145517729016712,0.38791640574873976,0.0
2021-02-25,0.9999999921381229,1.3721472693449816e-08,0.0
2021-02-26,0.9999999999830137,1.6986301254050435e-11,0.0
2021-03-01,0.9999999666177395,3.338226050678562e-08,0.0
2021-03-02,0.9999984041200881,1.5958799118922454e-06,0.0
2021-03-03,0.021949571873196874,0.9780506686958319,0.0
2021-03-04,0.9418278484667755,0.11458105893512843,0.0
2021-03-05,0.999027421489398,0.0010275414539349843,0.0
2021-03-08,0.9999999548511153,4.518189089393682e-08,0.0
2021-03-09,0.446099579743146,0.5539017067489787,0.0
2021-03-10,0.16491612482452825,0.8383596828179971,0.0
2021-03-11,0.057102902356041665,1.44896088930381,0.0
2021-03-12,0.9769491407757557,0.06044382237213769,0.0
2021-03-15,0.04650134696825264,1.076130327635553,0.0
2021-03-16,0.015127667795678066,2.1730148947764545,0.0
2021-03-17,0.7532465386259193,0.7273490321776648,0.0
2021-03-18,0.9832805401085392,0.05061067107164848,0.0
2021-03-19,0.9932193666187419,0.007016597657762598,0.0
2021-03-22,0.9981206600337131,0.00188686069112776,0.0
2021-03-23,0.9999158230953304,8.432204435021902e-05,0.0
2021-03-24,0.9599470668345194,0.040058249463493324,0.0
2021-03-25,0.24025815155191085,0.7627836381400344,0.0
2021-03-26,0.9999810005575325,3.732847484452197e-05,0.0
2021-03-29,0.9999665739934057,3.342639176523692e-05,0.0
2021-03-30,0.008182851726675877,0.9918400939727264,0.0
2021-03-31,0.8543904358804084,0.28824778416783964,0.0
2021-04-01,0.9995471262216256,0.0007177033542316642,0.0
2021-04-02,0.9999998909379473,1.0908562347231031e-07,0.0
2021-04-05,0.9984030101519402,0.0015969907565097992,0.0
2021-04-06,0.9999961607071821,3.8478210436925486e-06,0.0
2021-04-07,0.026378324491098386,0.9736905615320333,0.0
2021-04-08,0.005167331803381427,1.0579350160919896,0.0
2021-04-09,0.1813708789225724,1.6362647397712755,0.0
2021-04-12,0.9999999999783667,5.294784978012123e-11,0.0
2021-04-13,0.004381189126415731,0.9956195474173555,0.0
2021-04-14,0.00202684980551586,1.0029259658693996,0.0
2021-04-15,0.13280751055067913,1.7342016292286888,0.0
2021-04-16,0.9991316454084765,0.0020700702669478187,0.0
2021-04-19,0.03314923906549872,0.9924051338695207,0.0
2021-04-20,0.9841795239543446,0.031524803090973635,0.0
2021-04-21,0.9999974301698457,2.6198111098294632e-06,0.0
2021-04-22,0.9999836596907895,1.6340325226467267e-05,0.0
2021-04-23,0.9989338571716716,0.0010661502274048867,0.0
2021-04-26,0.38858980404449084,0.6115181428396733,0.0
2021-04-27,0.9837820141441643,0.02905288574201926,0.0
2021-04-28,0.005984778665519884,1.1841333861653764,0.0
2021-04-30,0.0034975820032692295,2.601420855543959,0.0
2021-05-06,0.13355250808787536,3.323115601296174,0.0
2021-05-07,0.003016268586799049,4.4138745421009595,0.0
2021-05-10,0.056502760013162366,5.1740381299139715,0.0
2021-05-11,0.9978978933717199,0.013482649592940692,0.0
2021-05-12,0.9999755320574429,2.4546040708993168e-05,0.0
2021-05-13,0.9993330801171452,0.000667021125938582,0.0
2021-05-14,0.9992915682329727,0.0007084399625450194,0.0
2021-05-17,0.9999999349541501,6.515746317253058e-08,0.0
2021-05-18,0.9999354525750295,6.454745041606708e-05,0.0
2021-05-19,0.9999977594138064,2.240841064850955e-06,0.0
2021-05-20,0.9996024679138735,0.0003975329618243946,0.0
2021-05-21,0.8873683355465186,0.11263842293377781,0.0
2021-05-24,0.995326014002792,0.005905104384604478,0.0
2021-05-25,0.9964964392184983,0.0035878079549595218,0.0
2021-05-26,0.9999019270774818,9.856574181468703e-05,0.0
2021-05-27,0.1808048144851817,0.8195884838627376,0.0
2021-05-28,0.9999936859951312,1.2606803716547377e-05,0.0
2021-05-31,0.3235596554469387,0.6764642924972735,0.0
2021-06-01,0.9850695490812155,0.019065530685541884,0.0
2021-06-02,0.4773553810047858,0.5285382789386927,0.0
2021-06-03,0.0671245574302333,1.2521968895518394,0.0
2021-06-04,0.29129405926188934,1.4078845997839922,0.0
2021-06-07,0.9999826788108888,4.495645114136765e-05,0.0
2021-06-08,0.002652837877317892,1.0074677740265234,0.0
2021-06-09,0.002251121522057218,1.846947279451786,0.0
2021-06-10,0.6394369574944017,1.1447581765166142,0.0
2021-06-11,0.12662929980698873,2.059473309556215,0.0
2021-06-14,0.9998282866548224,0.00047583315163993997,0.0
2021-06-15,0.003757158186885801,1.0121544430301188,0.0
2021-06-16,0.9004063782058743,0.20128638799296222,0.0
2021-06-17,0.0070934003230779625,1.0270897774553216,0.0
2021-06-18,0.9999953053695437,9.521793830721026e-06,0.0
2021-06-21,0.9487158882545622,0.051369805965898165,0.0
2021-06-22,0.9999999941417972,7.100308353756875e-09,0.0
2021-06-23,0.010001622825587154,0.9899985653865176,0.0
2021-06-24,0.01988429422281161,0.9881603954184729,0.0
2021-06-25,0.9999997697110403,6.376254531301499e-07,0.0
2021-06-28,0.043794023324139404,0.9563164024156688,0.0
2021-06-29,0.014234405594135307,1.0055564052249326,0.0
2021-06-30,0.1707307970517379,1.643566496190428,0.0
2021-07-01,0.09890485451861694,2.1700436739512026,0.0
2021-07-02,0.0035611297494909304,3.6414666610939066,0.0
2021-07-05,0.010981396849330772,4.830678296419403,0.0
2021-07-06,0.05903533305771724,5.539774062880157,0.0
2021-07-07,0.9999999988982199,7.165025913771461e-09,0.0
2021-07-08,0.8728323128574124,0.12716798778896268,0.0
2021-07-09,0.9999999350992088,1.0932506301985662e-07,0.0
2021-07-12,1.0,0.0,0.0
2021-07-13,0.9994932422567939,0.0005067577432061876,0.0
2021-07-14,0.9999999591758725,4.0825655186337094e-08,0.0
2021-07-15,0.9988898178210885,0.0011101826936921228,0.0
2021-07-16,0.999998589348202,1.4123159103512967e-06,0.0
2021-07-19,0.9999999988170187,1.1829812631681053e-09,0.0
2021-07-20,0.999999999983329,1.6670997913782196e-11,0.0
2021-07-21,0.9999999998814695,1.1853051872854626e-10,0.0
2021-07-26,1.0,0.0,0.0
2021-07-27,0.9783734483512695,0.02162655164873051,0.0
2021-07-28,0.9999999907724899,9.37902913780325e-09,0.0
2021-07-29,0.9999981784912152,1.8215087848127558e-06,0.0
2021-07-30,0.9999999232000598,7.679994016669925e-08,0.0
2021-08-02,0.999984096067875,1.59039335317559e-05,0.0
2021-08-03,0.9999997893146724,2.106898781723087e-07,0.0
2021-08-04,0.8175752726578149,0.18242499451527042,0.0
2021-08-05,0.9999995945066829,7.032603327412165e-07,0.0
2021-08-06,0.6430422660866976,0.3569599309645178,0.0
2021-08-10,0.9976426192584464,0.002473401732662298,0.0
2021-08-11,0.9991779112385557,0.0008225684707691255,0.0
2021-08-12,0.9798350810179706,0.020194022148699333,0.0
2021-08-13,0.00549382837669618,1.0109018200121827,0.0
2021-08-16,0.9829466066170036,0.03419289275474773,0.0
2021-08-17,0.9999729632481255,2.829743360081621e-05,0.0
2021-08-18,0.8738916018858437,0.1261348301486267,0.0
2021-08-19,0.9995564653533872,0.0005754154190648859,0.0
2021-08-20,0.839882209180251,0.16026499778670203,0.0
2021-08-23,0.9736203284971463,0.03310966715821452,0.0
2021-08-24,0.05365730137185572,0.9542985187184025,0.0
2021-08-25,0.0022387050458861323,1.6846994368705133,0.0
2021-08-26,0.002270418618736177,2.1891475128422924,0.0
2021-08-27,0.03564966120247877,2.9962217872061734,0.0
2021-08-30,0.9892334225007322,0.030172850892520857,0.0
2021-08-31,0.9665807660227839,0.033548434748152646,0.0
2021-09-01,0.9976307610224967,0.003078905261695494,0.0
2021-09-02,0.002702680236556977,1.0094779620282135,0.0
2021-09-03,0.9935833279221791,0.01394620273874842,0.0
2021-09-06,0.9999850138748317,1.501255126587264e-05,0.0
2021-09-07,0.5203806172986787,0.47967509957680854,0.0
2021-09-08,0.9712020769225078,0.03379739368046051,0.0
2021-09-09,0.9989506665469261,0.001104776524409692,0.0
2021-09-10,0.5669029308024406,0.43329987217157934,0.0
2021-09-13,0.0021636864950088587,1.0517425744256903,0.0
2021-09-14,0.0023137991162855785,1.982606253376525,0.0
2021-09-15,0.25059363039619575,2.241745254479803,0.0
2021-09-16,0.19115113569047212,1.2159272675145973,0.0
2021-09-17,0.002005303260384526,3.031766573645433,0.0
2021-09-21,0.9999999996105071,1.5297155602260886e-09,0.0
2021-09-22,0.0246874594464932,0.9753137625931747,0.0
2021-09-24,0.9999999999962119,7.576156087903599e-12,0.0
2021-09-27,0.020583830386007734,0.9794161696315427,0.0
2021-09-28,0.058056278037536685,0.9427711247983038,0.0
2021-09-29,0.9999999954086026,8.990540220559288e-09,0.0
2021-09-30,0.5146535386001373,0.48534794774147233,0.0
2021-10-01,0.9988034919227095,0.0013710663062597446,0.0
2021-10-04,0.9999999989311076,1.0819471058754807e-09,0.0
2021-10-05,0.9999771206219333,2.2879378066680232e-05,0.0
2021-10-06,0.9999999333992975,6.660070249877065e-08,0.0
2021-10-07,0.9999640676064807,3.593240884557601e-05,0.0
2021-10-08,0.9999998514355619,1.4856443810735884e-07,0.0
2021-10-11,0.9999997064531251,2.935468748755909e-07,0.0
2021-10-12,0.9925617995753695,0.007438202194686926,0.0
2021-10-13,0.9999845460858467,1.5830453552633858e-05,0.0
2021-10-14,0.9989578770923647,0.001042167362085339,0.0
2021-10-15,0.9999521755291653,4.787630558827112e-05,0.0
2021-10-18,0.8693896239877676,0.1306397155732035,0.0
2021-10-19,0.7350587830423166,0.2658409924277477,0.0
2021-10-20,0.9999331500453703,0.00011013285071895612,0.0
2021-10-21,0.9999542081656575,4.5792289953237044e-05,0.0
2021-10-22,0.9999656058994522,3.4394950801512714e-05,0.0
2021-10-25,0.9999999886665158,1.1333484127191372e-08,0.0
2021-10-26,0.9999951975146159,4.802485384190944e-06,0.0
2021-10-27,0.6417361280651122,0.3582640306464952,0.0
2021-10-28,0.9904475428978781,0.012072540340965679,0.0
2021-10-29,0.9951513234945253,0.00488822168031803,0.0
2021-11-01,0.9999992788289214,7.240354782860342e-07,0.0
2021-11-02,0.9999401714426093,5.9828561441671715e-05,0.0
2021-11-04,0.9999999918254671,8.174532953173802e-09,0.0
2021-11-05,0.01872328496863578,0.9812769007465924,0.0
2021-11-08,0.9994313178383104,0.0011359429064036956,0.0
2021-11-09,0.042737277119340146,0.9577829333896958,0.0
2021-11-10,0.0020356509583390526,1.4066183369006466,0.0
2021-11-11,0.05147080234525739,2.166082609371805,0.0
2021-11-12,0.0024441810093011767,3.0332083167209554,0.0
2021-11-15,0.9879731633679285,0.03982940518270588,0.0
2021-11-16,0.003206920726825677,1.5454229181205037,0.0
2021-11-17,0.27745495851254937,2.2032203900608582,0.0
2021-11-18,0.002220774415725088,4.008752869200406,0.0
2021-11-19,0.002001707407062887,6.344372713784996,0.0
2021-11-22,0.09886953285105302,6.644129252561449,0.0
2021-11-24,0.04554360208865387,8.30078642174842,0.0
2021-11-25,0.13520733654391665,7.200808744284723,0.0
2021-11-26,0.7546392180724862,2.341624445546425,0.0
2021-11-29,0.9999988298391348,1.5214397098350204e-06,0.0
2021-11-30,0.9999999997483316,2.5166835157395546e-10,0.0
2021-12-01,0.9989393830124479,0.0010606169875521322,0.0
2021-12-02,0.999981586520003,1.8415662838031264e-05,0.0
2021-12-03,0.9989436646322727,0.0010563865159776001,0.0
2021-12-06,0.9958891413735778,0.004112606775730092,0.0
2021-12-07,0.9992503999494697,0.0007541728120817528,0.0
2021-12-08,0.9999999654088618,3.4620664106321165e-08,0.0
2021-12-09,0.12210497099590381,0.8778958996237711,0.0
2021-12-10,0.9994550267310163,0.001034587888943173,0.0
2021-12-13,0.9999998609515865,1.4004469120772744e-07,0.0
2021-12-14,0.9076196508735245,0.09238076147143019,0.0
2021-12-15,0.9777941785651255,0.022453531308607194,0.0
2021-12-16,0.999999994911306,5.453430980503183e-09,0.0
2021-12-17,0.9954853616370574,0.0045146390320676445,0.0
2021-12-20,0.99875651464588,0.0012436923701133874,0.0
2021-12-21,0.9999969545217553,3.0479638567661197e-06,0.0
2021-12-22,0.34343025485722717,0.6565870335521616,0.0
2021-12-23,0.9685255800860931,0.03455145147484864,0.0
2021-12-24,0.020460039944452477,1.017100494331516,0.0
2021-12-27,0.6595159076133197,0.4607266551587529,0.0
2021-12-28,0.9999997056620876,7.471159906328343e-07,0.0
2021-12-29,0.9685462095116867,0.03145385802091,0.0
2021-12-30,0.94086409582564,0.059224221511714366,0.0
2022-01-04,0.9999897474558083,1.0977188779815028e-05,0.0
2022-01-05,0.08471165513699093,0.9155302520774627,0.0
2022-01-06,0.9999999981601304,3.679739118217968e-09,0.0
2022-01-07,0.9999981349983559,1.8650016441632056e-06,0.0
2022-01-11,0.9769300713235622,0.023069930656121156,0.0
2022-01-12,0.9967101255138935,0.003303171226025598,0.0
2022-01-13,0.17230024042851041,0.8319399734656026,0.0
2022-01-14,0.9979580389158499,0.004057349687872831,0.0
2022-01-17,0.9999409381708841,5.956149486771269e-05,0.0
2022-01-18,0.9997542503426753,0.00024595472901495127,0.0
2022-01-19,0.9997442836881062,0.00025571839578127965,0.0
2022-01-20,0.9999355735473735,6.444411227965698e-05,0.0
2022-01-21,0.9999999071860931,9.281975171342224e-08,0.0
2022-01-24,0.999999998857086,1.1429139761952367e-09,0.0
2022-01-25,0.9999764974573104,2.3502542689526617e-05,0.0
2022-01-26,0.9967907748828734,0.003209227464887726,0.0
2022-01-27,0.9999999997293696,2.7744573340189014e-10,0.0
2022-01-28,0.9991188239027826,0.0008811760972173928,0.0
2022-01-31,0.9969665230226437,0.0030335045953643713,0.0
2022-02-01,0.9947399151091879,0.005282141407521924,0.0
2022-02-02,0.9982041316637416,0.0017973287427443974,0.0
2022-02-03,0.9922722831002673,0.00773104355198589,0.0
2022-02-04,0.9999960019038455,4.08041208717796e-06,0.0
2022-02-07,0.17932575447369659,0.8208785857189215,0.0
2022-02-08,0.184255007789683,0.8345122204150136,0.0
2022-02-09,0.9951831366648575,0.00909225751678017,0.0
2022-02-10,0.9999768323986746,2.3188081337514874e-05,0.0
2022-02-14,0.9958909767923213,0.0041090724865071445,0.0
2022-02-15,0.9795251940924802,0.020496070239323722,0.0
2022-02-16,0.9999993890905586,6.413537136184153e-07,0.0
2022-02-17,0.055957836734728476,0.9441069778552322,0.0
2022-02-18,0.9999952578661745,9.471400567923552e-06,0.0
2022-02-21,0.999928844917709,7.115513066195786e-05,0.0
2022-02-22,0.9999381067546899,6.18985631756184e-05,0.0
2022-02-24,0.8898541299584835,0.11015711706076334,0.0
2022-02-25,0.9915652286991815,0.010398077048161957,0.0
2022-02-28,0.29318434010019806,0.7142364972303817,0.0
2022-03-01,0.99684803811316,0.006139768382590043,0.0
2022-03-02,0.9419443847600256,0.05822847564478015,0.0
2022-03-03,0.9846522682896292,0.016469160274453734,0.0
2022-03-04,0.15450591189338667,0.8831092672163724,0.0
2022-03-07,0.12762444820443022,1.00669804864009,0.0
2022-03-08,0.9736828615531455,0.049648091090979896,0.0
2022-03-09,0.035754713766988015,1.1341701913745448,0.0
2022-03-10,0.999234495879375,0.0015805234429078275,0.0
2022-03-11,0.002208434539712454,1.0079462303098676,0.0
2022-03-14,0.002669699595618199,1.9500482392123366,0.0
2022-03-15,0.0020868933261448948,2.205724987999873,0.0
2022-03-16,0.0027732003986002986,2.940648493664265,0.0
2022-03-17,0.6083420761303897,1.5176608611949707,0.0
2022-03-18,0.0020059902346793953,4.563293894576338,0.0
2022-03-22,0.18055272875080833,3.845888119769643,0.0
2022-03-23,0.9987454384550245,0.003359736188654502,0.0
2022-03-24,0.9998880817711748,0.0001121534639683344,0.0
2022-03-25,0.8519481736870528,0.14805593245282586,0.0
2022-03-28,0.002056620629210473,1.0029162502442215,0.0
2022-03-29,0.9717526313728185,0.056573877423631916,0.0
2022-03-30,0.08143123291457065,1.1494425481940262,0.0
2022-03-31,0.9549280718682003,0.10945843589237475,0.0
2022-04-01,0.027405835142818684,1.0246980487500097,0.0
2022-04-04,0.0022345413806095925,1.7780409012796468,0.0
2022-04-05,0.9998318517523642,0.0004997148887890494,0.0
2022-04-06,0.06734680966700296,0.9333545645477455,0.0
2022-04-07,0.9862665475866517,0.027318341914171734,0.0
2022-04-08,0.9780975752424358,0.022681396528289915,0.0
2022-04-11,0.007863816903980445,1.008111474160245,0.0
2022-04-12,0.23342790545797726,1.5317060579037627,0.0
2022-04-13,0.8359663576618692,0.3564419526650319,0.0
2022-04-14,0.014854169084931286,1.1576319039223595,0.0
2022-04-15,0.990130182818863,0.023894223994866216,0.0
2022-04-18,0.8515901945217051,0.15351160590763288,0.0
2022-04-19,0.9999878163056173,1.5654255945711656e-05,0.0
2022-04-20,0.7992943768122943,0.20074312732238989,0.0
2022-04-21,0.5995345294238704,0.416856213613507,0.0
2022-04-22,0.9769087243014204,0.04112263496110359,0.0
2022-04-25,0.9999659789602313,3.4430777735785855e-05,0.0
2022-04-26,0.1991656216401058,0.8010968008272369,0.0
2022-04-27,0.9990227637906063,0.0018998166459684293,0.0
2022-04-28,0.44680454147148324,0.5535046389125209,0.0
2022-05-02,0.015117757769483235,1.0692957510089574,0.0
2022-05-06,0.2318637854606854,1.5424539182483976,0.0
2022-05-09,0.8800967596360755,0.3396616655563224,0.0
2022-05-10,0.06700505649469574,1.7485535726469883,0.0
2022-05-11,0.015305178232843893,2.7732775032668977,0.0
2022-05-12,0.04386946615512782,3.485104218587631,0.0
2022-05-13,0.17910781354742264,3.0962677831479137,0.0
2022-05-16,0.9946858597684625,0.01915899792483486,0.0
2022-05-17,0.0020518418988500252,1.3272541553442845,0.0
2022-05-18,0.002935194201681784,4.5601074242472865,0.0
2022-05-19,0.9992258471409738,0.0028904680263290095,0.0
2022-05-20,0.00899866814123609,1.0063586365704116,0.0
2022-05-23,0.9950510440840729,0.009921159077138902,0.0
2022-05-24,0.8443282623586509,0.15592696894706098,0.0
2022-05-25,0.002246103618886633,1.0254158266352977,0.0
2022-05-26,0.04095415974728113,1.9340003950301436,0.0
2022-05-27,0.9999991671506984,2.766586167901239e-06,0.0
2022-05-30,0.9793900246070745,0.02061012254168599,0.0
2022-05-31,0.006181976699345172,0.9940615432427319,0.0
2022-06-01,0.010459551561266971,1.8839246999353212,0.0
2022-06-02,0.21269584637254027,1.901168857757292,0.0
2022-06-03,0.999964510764445,0.00012729780540412616,0.0
2022-06-06,0.9999947710187311,5.2300475981782665e-06,0.0
2022-06-07,0.03169009493606494,0.9683188785962048,0.0
2022-06-08,0.9997343642878209,0.0005106098002328899,0.0
2022-06-09,0.6376476228772913,0.36267384533737385,0.0
2022-06-10,0.998920874420743,0.0011315086984430532,0.0
2022-06-13,0.9999996982057331,3.018104929959903e-07,0.0
2022-06-14,0.9999999453467225,5.465327740934756e-08,0.0
2022-06-15,0.9999080630965407,9.193691352176265e-05,0.0
2022-06-16,0.9999999155430727,8.49756763425862e-08,0.0
2022-06-17,0.9999999333634293,6.663657066547816e-08,0.0
2022-06-20,0.9999998879781532,1.1202184675709693e-07,0.0
2022-06-21,0.9999538366044547,4.6163397184797745e-05,0.0
2022-06-22,0.9999999998487721,1.5122792767208254e-10,0.0
2022-06-23,0.9943376527880877,0.005662347313056733,0.0
2022-06-24,0.9641357897925217,0.03586454499600008,0.0
2022-06-27,0.9998050277891768,0.00020684871799042087,0.0
2022-06-28,0.9999981316760777,1.8684077663847708e-06,0.0
2022-06-29,0.9999654753701042,3.452468396039599e-05,0.0
2022-06-30,0.931016337678692,0.06898404590015043,0.0
2022-07-01,0.9997328772549197,0.0002696370953305777,0.0
2022-07-04,0.6751975755746142,0.3252699497167012,0.0
2022-07-05,0.9954545747719944,0.005339945604299265,0.0
2022-07-06,0.9897074145008594,0.010305278283120728,0.0
2022-07-07,0.06276682624110463,0.9433878788479672,0.0
2022-07-08,0.0767471432456214,1.6952995690221806,0.0
2022-07-11,0.9992239062764717,0.002201719392083802,0.0
2022-07-12,0.04610069855555488,0.9658130814482989,0.0
2022-07-13,0.00204930449520179,1.3112610580231696,0.0
2022-07-14,0.9895548193184187,0.026236043731522215,0.0
2022-07-15,0.04589276835179719,0.991388700977897,0.0
2022-07-19,0.997081140089508,0.0058871334381190065,0.0
2022-07-20,0.9999736627672455,2.6352766694116754e-05,0.0
2022-07-21,0.0024483585746334596,0.9979985030302974,0.0
2022-07-22,0.002048947384354752,1.171618142341637,0.0
2022-07-25,0.9968262307616985,0.008690105398215435,0.0
2022-07-26,0.0022739814129441043,1.1529998335244795,0.0
2022-07-27,0.04930458202467473,3.184568309628119,0.0
2022-07-28,0.9672897616197158,0.1256199749520213,0.0
2022-07-29,0.07672724468636222,1.0529162986513636,0.0
2022-08-01,0.006601772129485103,1.9954486781305736,0.0
2022-08-02,0.0138491989299779,2.786612116374464,0.0
2022-08-03,0.0028364949242122663,3.646538035153347,0.0
2022-08-04,0.9976706167541176,0.010786726456094426,0.0
2022-08-05,0.9903987207395843,0.009606665464640994,0.0
2022-08-08,0.9993097840785974,0.0006995386523645209,0.0
2022-08-09,0.05760030427188567,0.9438337525468816,0.0
2022-08-10,0.0020601078902087095,1.166589964476772,0.0
2022-08-12,0.999999439046195,1.656021785294623e-06,0.0
2022-08-15,0.029875543707632422,0.97017783991122,0.0
2022-08-16,0.002026379777431396,1.0169873068704673,0.0
2022-08-17,0.9875846652304419,0.024873770210634322,0.0
2022-08-18,0.9991385045943697,0.0008703187927287508,0.0
2022-08-19,0.7701813853757207,0.22983355481044948,0.0
2022-08-22,0.9999306165805721,0.0001022001249209943,0.0
2022-08-23,0.30039271526926625,0.6999897648756618,0.0
2022-08-24,0.002944017760755925,1.0213527167699492,0.0
2022-08-25,0.002058859851905861,1.978460055995282,0.0
2022-08-26,0.016123782324596183,2.932949273400911,0.0
2022-08-29,0.999889514038942,0.00043963777094340747,0.0
2022-08-30,0.9065423341745821,0.09351697383895187,0.0
2022-08-31,0.9999999465465452,7.128306380164296e-08,0.0
2022-09-01,0.9983130770613009,0.0016869244616089976,0.0
2022-09-02,0.2950115706041566,0.7049987482897241,0.0
2022-09-05,0.01085774780612725,1.151562080634579,0.0
2022-09-06,0.01821972437511875,1.961933441085593,0.0
2022-09-07,0.03633498371532472,2.821807709015046,0.0
2022-09-08,0.9998430753919398,0.0006231184768168252,0.0
2022-09-09,0.3638683239766477,0.639882213039997,0.0
2022-09-12,0.9988914664152253,0.0021511841992739207,0.0
2022-09-13,0.0020091675445750804,1.0079204899935414,0.0
2022-09-14,0.9999999935441392,1.2957562952345398e-08,0.0
2022-09-15,0.0034911427945961584,0.9965090181494892,0.0
2022-09-16,0.99999743283546,5.134293454383434e-06,0.0
2022-09-20,0.999651171453719,0.0003488291193128534,0.0
2022-09-21,0.9999872442541098,1.2795798667809934e-05,0.0
2022-09-22,0.9999910250719812,8.975150216415254e-06,0.0
2022-09-26,0.9999999999269988,7.300113537034609e-11,0.0
2022-09-27,0.9603358851024817,0.0396641153098872,0.0
2022-09-28,0.9943035198282286,0.00570143229305737,0.0
2022-09-29,0.015026823071409588,0.9976801640372832,0.0
2022-09-30,0.7516230500685499,0.4957570130540063,0.0
2022-10-03,0.9999472514439967,0.00010970373461327446,0.0
2022-10-04,0.9999999997128619,2.8713814432071924e-10,0.0
2022-10-05,0.9999997666284457,2.3337155429830645e-07,0.0
2022-10-06,0.05620674050987607,0.9437932714899122,0.0
2022-10-07,0.9999999930089672,1.3982065456684843e-08,0.0
2022-10-11,0.999999445441516,5.545584840356107e-07,0.0
2022-10-12,0.3362561895188907,0.6637438659122183,0.0
2022-10-13,0.9991695862375229,0.0012994450273461837,0.0
2022-10-14,0.9999968344515272,3.3256591382811184e-06,0.0
2022-10-17,0.9999992488403833,7.511648278849892e-07,0.0
2022-10-18,0.9999999933633,6.636699943537322e-09,0.0
2022-10-19,0.015122850364353147,0.9848771817149273,0.0
2022-10-20,0.9999944964421146,1.1006132725091601e-05,0.0
2022-10-21,0.9806813640552934,0.01931865308088791,0.0
2022-10-24,0.999999998590375,2.1262198465686196e-09,0.0
2022-10-25,0.3398285445164027,0.6601715767398301,0.0
2022-10-26,0.98584012079465,0.014386151484707916,0.0
2022-10-27,0.014044106339061429,1.0204001431976109,0.0
2022-10-28,0.9999998248525969,3.5126859323372336e-07,0.0
2022-10-31,0.9999999993421629,6.578371069947418e-10,0.0
2022-11-01,0.8878970739856119,0.11210292724399573,0.0
2022-11-02,0.9999976343215348,3.3538309087276863e-06,0.0
2022-11-04,0.9998779427463965,0.00012205758322082567,0.0
2022-11-07,0.9999222145667153,7.779312286590092e-05,0.0
2022-11-08,0.9915750700715138,0.008425364784046582,0.0
2022-11-09,0.7377994313431889,0.262778652272108,0.0
2022-11-10,0.9999999927379699,1.0922571115970939e-08,0.0
2022-11-11,0.9999996800736041,3.199263958794847e-07,0.0
2022-11-14,0.9999737358597656,2.6264154180509568e-05,0.0
2022-11-15,0.014302096378048423,0.9857065622329187,0.0
2022-11-16,0.9996104140394929,0.0007785996012046535,0.0
2022-11-17,0.49031707132961355,0.5100879957414834,0.0
2022-11-18,0.860780902086836,0.16258713283133408,0.0
2022-11-21,0.7537251950069006,0.2673680033922908,0.0
2022-11-22,0.03278677905627337,1.2262702723430685,0.0
2022-11-24,0.9999646489242573,7.778471359861691e-05,0.0
2022-11-25,0.03182369015228915,0.9717852661066025,0.0
2022-11-28,0.024572195234525543,1.290803378871306,0.0
2022-11-29,0.9705965304132724,0.0822901018799396,0.0
2022-11-30,0.5707125704637119,0.43527009190479604,0.0
2022-12-01,0.999958410477712,6.749779999604813e-05,0.0
2022-12-02,0.042450344351797606,0.958060503917636,0.0
2022-12-05,0.0020421090620142807,1.112392158438479,0.0
2022-12-06,0.9903246281823961,0.02254618442173616,0.0
2022-12-07,0.999991249324088,8.990084956509235e-06,0.0
2022-12-08,0.026893001739294594,0.9732859639141496,0.0
2022-12-09,0.14349928493002242,1.1331577761415936,0.0
2022-12-12,0.9999811169601528,5.597579333062991e-05,0.0
2022-12-13,0.9997238447760167,0.00027619807782200336,0.0
2022-12-14,0.002115784653559961,0.9980540392467626,0.0
2022-12-15,0.9954947086900471,0.009010700446999578,0.0
2022-12-16,0.9999846276101637,1.5613870251497815e-05,0.0
2022-12-19,0.9987874428308622,0.0012125920950043544,0.0
2022-12-20,0.9999861427360861,1.3865087442304962e-05,0.0
2022-12-21,0.5457059636800309,0.45429790299162554,0.0
2022-12-22,0.9995981370618431,0.0004400822564679461,0.0
2022-12-23,0.9999997862050329,2.1379676818897633e-07,0.0
2022-12-26,0.0024249409913902824,0.9975793454588612,0.0
2022-12-27,0.999917294337996,0.0001654114045537769,0.0
2022-12-28,0.8642904451408704,0.13571148673064287,0.0
2022-12-29,0.9999949341533515,8.470881645391845e-06,0.0
2022-12-30,0.9999973027323946,2.6972784699370007e-06,0.0
2023-01-04,0.9999516032995356,4.8396855987897394e-05,0.0
2023-01-05,0.049477627981981624,0.9505343324440365,0.0
2023-01-06,0.9733623609216508,0.0516447995045,0.0
2023-01-10,0.9862463153921919,0.014212633022959288,0.0
2023-01-11,0.987249555747495,0.01281385656142823,0.0
2023-01-12,0.15278980010909565,0.8622200109682073,0.0
2023-01-13,0.5253308529231726,0.8220299554516148,0.0
2023-01-16,0.9999972315883626,7.310508285950263e-06,0.0
2023-01-17,0.009404308690133256,0.990896964981726,0.0
2023-01-18,0.9988470378402502,0.002304749602422378,0.0
2023-01-19,0.9942108669700875,0.005794532447918681,0.0
2023-01-20,0.9493660038682994,0.05071879221998035,0.0
2023-01-23,0.9999995711277465,4.862962058177073e-07,0.0
2023-01-24,0.20172056127809318,0.7983100742557839,0.0
2023-01-25,0.904769939934732,0.10417239548837531,0.0
2023-01-26,0.002143708090590124,1.3072021020506575,0.0
2023-01-27,0.002025076319922118,2.626753681643845,0.0
2023-01-30,0.0020031762602087727,3.6106515340653855,0.0
2023-01-31,0.0022612633296214485,3.965195568679057,0.0
2023-02-01,0.8791136486627913,0.7055570250287019,0.0
2023-02-02,0.22405703010436176,1.2925667279633601,0.0
2023-02-03,0.002138826401624921,2.2135555201229944,0.0
2023-02-06,0.9999929501159316,2.152006665531394e-05,0.0
2023-02-07,0.00224739887840137,0.9990690099267535,0.0
2023-02-08,0.02986515865630692,1.7976282682727422,0.0
2023-02-09,0.9968811748187673,0.009583280118929338,0.0
2023-02-10,0.1613640463433731,0.840013153414535,0.0
2023-02-13,0.06827209430845661,1.2958299946907486,0.0
2023-02-14,0.9999999463174247,1.5789184155231625e-07,0.0
2023-02-15,0.6184290071561409,0.38157692178462593,0.0
2023-02-16,0.8855251523830472,0.11866363063414749,0.0
2023-02-17,0.9999760019987431,2.5354415070033765e-05,0.0
2023-02-20,0.0021791865463747727,0.9991606967694046,0.0
2023-02-21,0.00351960354212212,1.5600421250733472,0.0
2023-02-22,0.5770281432229196,1.3029505893597169,0.0
2023-02-24,0.9556622488098162,0.11622318600703378,0.0
2023-02-27,0.978997182951347,0.022443214588375837,0.0
2023-02-28,0.0170697597251372,1.0119768190229321,0.0
2023-03-01,0.02954935987030579,1.9220124188020349,0.0
2023-03-02,0.002270643694992879,2.2663785317250422,0.0
2023-03-03,0.03943496678743244,2.727053213714626,0.0
2023-03-06,0.9998027985540339,0.0008928068109637916,0.0
2023-03-07,0.002189253782858917,1.0319931806456841,0.0
2023-03-08,0.39066832599248935,1.2398149786760746,0.0
2023-03-09,0.5588055978914155,0.6660393697016928,0.0
2023-03-10,0.07668924860937328,1.2192371770167236,0.0
2023-03-13,0.07206974020378455,1.811215585170534,0.0
2023-03-14,0.8595264389574051,0.33734460845798486,0.0
2023-03-15,0.9980927903542586,0.0020879179707763203,0.0
2023-03-16,0.9999995063644735,4.938190560202399e-07,0.0
2023-03-17,0.9988708646927383,0.0011291371717985232,0.0
2023-03-20,0.624054945211154,0.3759563609916602,0.0
2023-03-22,0.9999955423884624,8.390914986088211e-06,0.0
2023-03-23,0.9995709381210893,0.0004290643351083778,0.0
2023-03-24,0.002190373614168204,0.9979582522614121,0.0
2023-03-27,0.03211854178983924,1.9063863195099662,0.0
2023-03-28,0.15004669857372313,1.8181819294314518,0.0
2023-03-29,0.7013055699518143,0.6286903513233638,0.0
2023-03-30,0.007704435883990381,1.8252747426551295,0.0
2023-03-31,0.9976966692868983,0.00564266330794007,0.0
2023-04-03,0.9449872615374586,0.055120672405429845,0.0
2023-04-04,0.0021718479212392327,1.0173932887296473,0.0
2023-04-05,0.8550480571140849,0.29177701535839207,0.0
2023-04-06,0.9861816978519171,0.01825707979499331,0.0
2023-04-07,0.06859954291197577,0.9634386684545704,0.0
2023-04-10,0.8601156917050736,0.27595983917655,0.0
2023-04-11,0.9990442537480834,0.0014159721477683496,0.0
2023-04-12,0.0023645519656064914,1.0060436914635165,0.0
2023-04-13,0.9999999977793825,4.448503802047643e-09,0.0
2023-04-14,0.8314366139051411,0.16856344365984377,0.0
2023-04-17,0.002714993346615205,0.9973772305347264,0.0
2023-04-18,0.0020347590415518402,1.9625245305306442,0.0
2023-04-19,0.002082288740251358,2.7531961037916,0.0
2023-04-20,0.9836912805601243,0.06434001183069167,0.0
2023-04-21,0.019528508896912624,1.022217697989046,0.0
2023-04-24,0.00204547263335599,1.999528776701132,0.0
2023-04-25,0.004360462179261761,2.6484353225011037,0.0
2023-04-26,0.0038491892340775315,3.1840418410851856,0.0
2023-04-27,0.0025628586433354846,4.027576751462115,0.0
2023-04-28,0.9941792003457133,0.02913475575683982,0.0
2023-05-01,0.9985200126801245,0.001581902621248437,0.0
2023-05-02,0.9975372470542411,0.0024637865769613927,0.0
2023-05-08,0.0021196898549856367,0.9995417564565608,0.0
2023-05-09,0.09437956329682629,1.810548094637124,0.0
2023-05-10,0.0020088548333632695,1.4177093747136418,0.0
2023-05-11,0.002388426362822455,2.3105043733307147,0.0
2023-05-12,0.04045572790039835,3.6553660809263264,0.0
2023-05-15,0.9845939738575638,0.0645546531940371,0.0
2023-05-16,0.9996286103916169,0.0003744995092315622,0.0
2023-05-17,0.010330671777963568,0.992328131101288,0.0
2023-05-18,0.999898143150664,0.00020399917875583434,0.0
2023-05-19,0.999996930523633,3.069632542508369e-06,0.0
2023-05-22,0.9999041952595235,9.580505206591914e-05,0.0
2023-05-23,0.9994612656639521,0.0005387797226589235,0.0
2023-05-24,0.998828311068882,0.001172553245223835,0.0
2023-05-25,0.9733367971846271,0.02667832331898526,0.0
2023-05-26,0.3367601384297416,0.6724925384231459,0.0
2023-05-29,0.9999999982238232,3.5263236970744332e-09,0.0
2023-05-30,0.8333089075490118,0.16669135326238058,0.0
2023-05-31,0.9995611943378997,0.0004438140329851468,0.0
2023-06-01,0.9685570946248465,0.031464982843969716,0.0
2023-06-02,0.8615506639142192,0.1398024288654134,0.0
2023-06-05,0.9999978067926286,2.771928939160379e-06,0.0
2023-06-06,0.9999999959962944,4.003705595447512e-09,0.0
2023-06-07,0.9999999953755476,4.624452370511139e-09,0.0
2023-06-08,0.9971999089287796,0.002800091081643023,0.0
2023-06-09,0.9790681561479808,0.020937235612432638,0.0
2023-06-12,0.22535457556999755,0.7768615253116911,0.0
2023-06-13,0.1607520999154997,1.406495693376092,0.0
2023-06-14,0.8692034664602712,0.29352494324533557,0.0
2023-06-15,0.006709795776805599,1.294423103229894,0.0
2023-06-16,0.030221792193765182,2.018488672293007,0.0
2023-06-19,0.1971033683879797,2.357467640683912,0.0
2023-06-20,0.0045556663081476045,2.9606330591812817,0.0
2023-06-21,0.9622524816638581,0.12379463924130249,0.0
2023-06-22,0.013839209585244422,1.3041704529144957,0.0
2023-06-23,0.9994783539562326,0.0011856201422396633,0.0
2023-06-26,0.08059188587448456,0.9247367443093791,0.0
2023-06-27,0.005776884087420245,1.26193519018521,0.0
2023-06-28,0.15532702649215013,1.7589732428815896,0.0
2023-06-29,0.004219262605010153,2.813787457949774,0.0
2023-06-30,0.007630788152810107,3.817309704064601,0.0
2023-07-03,0.999497846357854,0.0023744254650738383,0.0
2023-07-04,0.027039205358431084,0.991794352444366,0.0
2023-07-05,0.3000772670686932,1.1883691847679376,0.0
2023-07-06,0.002031363541308928,1.7735169182652002,0.0
2023-07-07,0.8253870935273541,0.38374343182985293,0.0
2023-07-10,0.002262817715314093,1.8525065948842898,0.0
2023-07-11,0.6246981802687459,0.9854694354605598,0.0
2023-07-12,0.004180853174087755,2.1274067177624656,0.0
2023-07-13,0.0021317770711527886,3.402923149998155,0.0
2023-07-14,0.0042248950126479974,4.155613406074387,0.0
2023-07-18,0.002067588822898884,4.935716031327264,0.0
2023-07-19,0.9876673823302841,0.08515141119285677,0.0
2023-07-20,0.002125921466699668,1.9557168475868942,0.0
2023-07-21,0.0021896105723409093,6.86320403755707,0.0
2023-07-24,0.96559955995323,0.21653355815699554,0.0
2023-07-25,0.00200597001748821,1.9221446172940149,0.0
2023-07-26,0.002038812180797132,5.624812819758333,0.0
2023-07-27,0.7528717025285027,1.8605308062792707,0.0
2023-07-28,0.9944936345902587,0.02326491518512437,0.0
2023-07-31,0.8896776478911944,0.11987804097766529,0.0
2023-08-01,0.0022643031795352773,1.027649956809718,0.0
2023-08-02,0.48118555426786863,1.0407828868463793,0.0
2023-08-03,0.9768204039323065,0.05283460213869031,0.0
2023-08-04,0.07258571634645461,1.0184314956384146,0.0
2023-08-07,0.9983151976627912,0.003499069683543214,0.0
2023-08-08,0.09809495605099998,0.9098679713016878,0.0
2023-08-09,0.0020567771954117763,1.2120465954512396,0.0
2023-08-10,0.999999497406611,1.4140189365523915e-06,0.0
2023-08-14,0.43890511075445066,0.5611090728416475,0.0
2023-08-15,0.9999999228889906,1.5397888770521096e-07,0.0
2023-08-16,0.9995565303308799,0.0004434697818604604,0.0
2023-08-17,0.3572114499917101,0.6428089296865157,0.0
2023-08-18,0.9999447755567689,9.183254569327268e-05,0.0
2023-08-21,0.04490220686228844,0.9560031666137747,0.0
2023-08-22,0.9844305906655242,0.030654609825015652,0.0
2023-08-23,0.9999155281041411,8.546146141250968e-05,0.0
2023-08-24,0.0036752283071123247,0.997377297607478,0.0
2023-08-25,0.9999656810369113,6.865107940702873e-05,0.0
2023-08-28,0.9146582622381858,0.0853496305308909,0.0
2023-08-29,0.0023937744600136097,0.9997744274227048,0.0
2023-08-30,0.31903358682068184,1.3616755715780668,0.0
2023-08-31,0.0025310508070087562,1.9736076828328617,0.0
2023-09-01,0.030441125115611853,2.5824882616834337,0.0
2023-09-04,0.002086818106226077,3.2009434386785895,0.0
2023-09-05,0.003833544903010771,3.936282559996914,0.0
2023-09-06,0.0020148287245463905,4.6643454811131715,0.0
2023-09-07,0.43616732814782594,3.144850699321246,0.0
2023-09-08,0.00995333179202386,3.9578097228587454,0.0
2023-09-11,0.021072671460371763,4.465789093572427,0.0
2023-09-12,0.014463246488458564,5.340923673347015,0.0
2023-09-13,0.002065629884384927,8.256164622266942,0.0
2023-09-14,0.005231628759991704,8.948853623832015,0.0
2023-09-15,0.14245278652832932,8.36670484468494,0.0
2023-09-19,0.016275488046664986,7.1936339147132395,0.0
2023-09-20,0.0027889042298663855,7.427092282239944,0.0
2023-09-21,0.0023573636356365585,9.196856754026056,0.0
2023-09-22,0.9999826647095937,9.963729857694967e-05,0.0
2023-09-25,0.0025169137905662795,1.0257164453979302,0.0
2023-09-26,0.9998884789732212,0.00023338435213701996,0.0
2023-09-27,0.9999721362168356,3.346731958814267e-05,0.0
2023-09-28,0.021523576275095154,0.9784833540918941,0.0
2023-09-29,0.6877857947342088,0.5910190074131895,0.0
2023-10-02,0.9893723744070257,0.012722294065292981,0.0
2023-10-03,0.15504965730012363,0.8900749154611663,0.0
2023-10-04,0.9999979952818029,4.04043854496509e-06,0.0
2023-10-05,0.7709816882468491,0.22904121848829992,0.0
2023-10-06,0.0030009514355013043,1.0017774426289383,0.0
2023-10-10,0.7272578160552208,0.545199909149382,0.0
2023-10-11,0.0021443313831483687,1.5871275601419297,0.0
2023-10-12,0.5998993216967049,0.835287759747094,0.0
2023-10-13,0.7584240887887191,0.5454124909014839,0.0
2023-10-16,0.3865950859106629,0.9200581180452776,0.0
2023-10-17,0.9998902277674716,0.00023775918905010908,0.0
2023-10-18,0.005983585383364177,1.0001191085299803,0.0
2023-10-19,0.9999999323860003,1.352428622465398e-07,0.0
2023-10-20,0.9997429462425016,0.0002570539505220665,0.0
2023-10-23,0.0101244767056642,0.9898837397433072,0.0
2023-10-24,0.9999849318172829,3.013364317411232e-05,0.0
2023-10-25,0.9970464552884384,0.002953855589440352,0.0
2023-10-26,0.9999100958709457,8.995826457420983e-05,0.0
2023-10-27,0.13521061420487945,0.8652486782434265,0.0
2023-10-30,0.9999962117575352,7.5689975945063515e-06,0.0
2023-10-31,0.48468536231318504,0.5153326304560072,0.0
2023-11-01,0.999999999955494,8.901194573580809e-11,0.0
2023-11-02,0.9999999447814333,5.521856670602999e-08,0.0
2023-11-06,0.9999993769910988,6.230089012887942e-07,0.0
2023-11-07,0.515599485416549,0.484400612118602,0.0
2023-11-08,0.9986412031532685,0.0021013275046081114,0.0
2023-11-09,0.5575721017866586,0.442601174754186,0.0
2023-11-10,0.32974932711980043,0.8709588293193283,0.0
2023-11-13,0.9962734971651666,0.0082471172775762,0.0
2023-11-14,0.9132066896358263,0.08725486878342871,0.0
2023-11-15,0.9998564102448181,0.0001651234356293376,0.0
2023-11-16,0.0686241314361172,0.9318713281808128,0.0
2023-11-17,0.025721335448736546,1.3657031482584066,0.0
2023-11-20,0.09938956252079365,1.8166798708729535,0.0
2023-11-21,0.0041654210920475995,2.8274532410780497,0.0
2023-11-22,0.5872811706267583,1.4451778462171863,0.0
2023-11-24,0.9979362457418964,0.0022678880407549654,0.0
2023-11-27,0.002352988315375961,1.0638828196443395,0.0
2023-11-28,0.002059648139825592,2.574478892574611,0.0
2023-11-29,0.01435661410022043,3.5982388185153384,0.0
2023-11-30,0.002081630896445264,3.7320557475282623,0.0
2023-12-01,0.00208622162297518,4.785702254970477,0.0
2023-12-04,0.003984274408412983,6.306281834002049,0.0
2023-12-05,0.004435249256531156,7.652867766123363,0.0
2023-12-06,0.9748021903050321,0.21605307194613488,0.0
2023-12-07,0.019148720428815897,1.8284762777955383,0.0
2023-12-08,0.0020968628284598117,7.451788311545254,0.0
2023-12-11,0.27383790132100927,5.245047565240225,0.0
2023-12-12,0.9985126115384946,0.004302093881988367,0.0
2023-12-13,0.0020716168709488778,1.1669075226100567,0.0
2023-12-14,0.0621104393725418,2.7589740713637694,0.0
2023-12-15,0.002116760087233993,8.821215833387601,0.0
2023-12-18,0.005323737263271022,10.302520774764687,0.0
2023-12-19,0.04656131562981649,11.598556333465767,0.0
2023-12-20,0.0021170846701024726,13.78276702554252,0.0
2023-12-21,0.9994523015167225,0.0071223957570349435,0.0
2023-12-22,0.0021198678565671606,1.6910856153879137,0.0
2023-12-25,0.9999279651896221,0.00014506643538928375,0.0
2023-12-26,0.002130007868429418,0.9984104764294951,0.0
2023-12-27,0.012768632790319465,1.8025638018027654,0.0
2023-12-28,0.9265963449632214,0.21235194810336053,0.0
2023-12-29,0.0035846077839569754,1.0713378554565363,0.0
2024-01-04,0.8899260251054801,0.2454904760515769,0.0
2024-01-05,0.0023371733692426288,1.5493133223013058,0.0
2024-01-09,0.42891175091264316,1.252819266377927,0.0
2024-01-10,0.2786100008773413,1.3460189955469113,0.0
2024-01-11,0.9966003531452535,0.00751404060473471,0.0
2024-01-12,0.9999921763522954,7.844233490825968e-06,0.0
2024-01-15,0.013525846187117984,0.9865115573006414,0.0
2024-01-16,0.020667563203646183,1.3839796670128695,0.0
2024-01-17,0.9824951145662113,0.04291488857292878,0.0
2024-01-18,0.7553523332243136,0.25619241700217843,0.0
2024-01-19,0.9999949552566992,5.908896730838315e-06,0.0
2024-01-22,0.9812224636766812,0.018777891735095403,0.0
2024-01-23,0.5622056661542723,0.43841351653848865,0.0
2024-01-24,0.004632737945733596,1.168260856479287,0.0
2024-01-25,0.1215143881334419,1.8259821085838293,0.0
2024-01-26,0.02507917985761927,2.5347349825307193,0.0
2024-01-29,0.00481710748920867,3.009463247635546,0.0
2024-01-30,0.3966885671293497,2.218705269964876,0.0
2024-01-31,0.9999990430355733,2.1200707676182483e-06,0.0
2024-02-01,0.9924720602527258,0.007527977368367897,0.0
2024-02-02,0.14698961850241332,0.8532535688080469,0.0
2024-02-05,0.9888067512256231,0.02210627705312037,0.0
2024-02-06,0.0020214715676350153,1.0436515557741628,0.0
2024-02-07,0.032463370551001236,2.095921899957556,0.0
2024-02-08,0.7841521993998231,0.7215573988482775,0.0
2024-02-09,0.1806860704205694,1.2986860269407454,0.0
2024-02-13,0.9213477957731745,0.1848981339669807,0.0
2024-02-14,0.5651773019325971,0.5004430208212035,0.0
2024-02-15,0.9284775801460357,0.08620453193788491,0.0
2024-02-16,0.15484762994239798,1.030850777998161,0.0
2024-02-19,0.00205304690948606,2.064581086276392,0.0
2024-02-20,0.0030735790461956973,2.877302223721601,0.0
2024-02-21,0.008109060018307529,4.2445124080625565,0.0
2024-02-22,0.4439701033342051,3.104585607866783,0.0
2024-02-26,0.44847041222433887,2.2473141801832313,0.0
2024-02-27,0.002053520851419335,3.5237180275044477,0.0
2024-02-28,0.0020184267201666687,4.956430637433313,0.0
2024-02-29,0.9979612343569589,0.014556387389371402,0.0
2024-03-01,0.9706644100055719,0.0294894386742242,0.0
2024-03-04,0.9411115273196275,0.06134176117120861,0.0
2024-03-05,0.8967798215431341,0.1085558088039867,0.0
2024-03-06,0.9999241280600919,8.728809071479224e-05,0.0
2024-03-07,0.9998689645877163,0.00013106611582257136,0.0
2024-03-08,0.1650327894479786,0.8350080983070517,0.0
2024-03-11,0.43704210902403495,0.9014751345860414,0.0
2024-03-12,0.9981415526853192,0.0042622274954913116,0.0
2024-03-13,0.9982728546105407,0.0017337872931577985,0.0
2024-03-14,0.07119066745566087,0.9299795538856935,0.0
2024-03-15,0.9995815871581968,0.0008190138830527928,0.0
2024-03-18,0.9998618547222475,0.00013815443583651676,0.0
2024-03-19,0.5632937395017372,0.4367699668978071,0.0
2024-03-21,0.9999882952476512,2.3084093673555035e-05,0.0
2024-03-22,0.009386181155244077,0.9907835114597363,0.0
2024-03-25,0.41852570206174167,1.1271742570192917,0.0
2024-03-26,0.003964270731253082,1.202244575628082,0.0
2024-03-27,0.13472334195240843,2.2836295848099395,0.0
2024-03-28,0.9983691638095268,0.005090578905239342,0.0
2024-03-29,0.002106354386231833,1.1409115822772966,0.0
2024-04-01,0.9999973648611241,5.2770475604600424e-06,0.0
2024-04-02,0.12084280239704295,0.8792186602568678,0.0
2024-04-03,0.9372522249423917,0.08927329889479303,0.0
2024-04-04,0.999932773985343,7.434120474073057e-05,0.0
2024-04-05,0.9989623186379908,0.0010377368874959977,0.0
2024-04-08,0.998964221484889,0.0010368997694376416,0.0
2024-04-09,0.8794141767352385,0.12066132307199455,0.0
2024-04-10,0.9791155215790349,0.02150325669722952,0.0
2024-04-11,0.9999999998981,1.0300539391332098e-10,0.0
2024-04-12,0.9999620634142595,3.7936585740497505e-05,0.0
2024-04-15,0.9999963991213174,3.6008904263313897e-06,0.0
2024-04-16,0.9995126071402025,0.00048739431099874357,0.0
2024-04-17,1.0,0.0,0.0
2024-04-18,0.9993304378932047,0.0006695621067952517,0.0
2024-04-19,0.99908482791623,0.0009151720911798011,0.0
2024-04-22,0.7616807669438486,0.23858704863834632,0.0
2024-04-23,0.9999992522565021,1.210908246704151e-06,0.0
2024-04-24,0.9999989711842675,1.028815732522112e-06,0.0
2024-04-25,0.9966720286960937,0.003327996623663908,0.0
2024-04-26,0.27065743945171983,0.7293920441926689,0.0
2024-04-30,0.7112873341702166,0.5363778698318934,0.0
2024-05-01,0.9164869072457194,0.10113410344688967,0.0
2024-05-02,0.849327613089539,0.15699357426056335,0.0
2024-05-07,0.9641970365293474,0.04036865617692166,0.0
2024-05-08,0.0071789029767251825,1.0789408050353066,0.0
2024-05-09,0.0021512076076479467,1.9521849216222356,0.0
2024-05-10,0.14671116440764093,2.3733962699156863,0.0
2024-05-13,0.0020194711059872087,2.9666839157797873,0.0
2024-05-14,0.002067839003379579,3.952187153862573,0.0
2024-05-15,0.0024436699452759798,4.959086787778555,0.0
2024-05-16,0.0025910660059407548,5.953503745534473,0.0
2024-05-17,0.9988991907728133,0.007659286310409881,0.0
2024-05-20,0.006044357626957262,1.2076496109077035,0.0
2024-05-21,0.004075085394313269,6.132173172405494,0.0
2024-05-22,0.0020141851765315432,9.869386059615541,0.0
2024-05-23,0.0029761414106273636,10.890705711571526,0.0
2024-05-24,0.9999987208042518,1.525204613783405e-05,0.0
2024-05-27,0.0022794632201906303,1.0093917561227645,0.0
2024-05-28,0.0021802130870171355,1.1450153795524478,0.0
2024-05-29,0.46138173607200633,1.2033481826976093,0.0
2024-05-30,0.9974939682867139,0.0028685482119431374,0.0
2024-05-31,0.054677384972415796,0.9544874672104109,0.0
2024-06-03,0.03090896014959427,1.5025273163156172,0.0
2024-06-04,0.9447995966823013,0.14115608650022546,0.0
2024-06-05,0.005240916937813497,1.3032645457143515,0.0
2024-06-06,0.9998611107103254,0.00028442691243018865,0.0
2024-06-07,0.16924989715269484,0.8322755686160884,0.0
2024-06-10,0.8760649140391088,0.19718125746123583,0.0
2024-06-11,0.024980289286416855,1.0867469387462514,0.0
2024-06-12,0.9999946939862684,1.0783868093958195e-05,0.0
2024-06-13,0.9999986895187546,1.3104969016209718e-06,0.0
2024-06-14,0.9775042630277351,0.022495739812794513,0.0
2024-06-17,0.7231542317919194,0.2770150887932396,0.0
2024-06-18,0.9999976815375994,3.1571286243280223e-06,0.0
2024-06-19,0.39430538092887063,0.6058094044329686,0.0
2024-06-20,0.3192057261984569,0.697034953972593,0.0
2024-06-21,0.005421031363929553,1.740406602197581,0.0
2024-06-24,0.06526300085113844,2.4570512903074526,0.0
2024-06-25,0.005169042400728063,3.2781949122373994,0.0
2024-06-26,0.0023483971111853863,3.614359913754981,0.0
2024-06-27,0.002189277767134265,4.254881040307474,0.0
2024-06-28,0.004654514186498948,4.697844695905256,0.0
2024-07-01,0.17780211607642185,4.315468785446458,0.0
2024-07-02,0.20607525557864304,2.600112947658552,0.0
2024-07-03,0.002107787064470068,4.405083356275559,0.0
2024-07-04,0.0020271100880504904,5.881566727705243,0.0
2024-07-05,0.002019122955838826,6.697425089257948,0.0
2024-07-08,0.002060117331171914,6.617078866958461,0.0
2024-07-09,0.003497405389537835,7.210852052022084,0.0
2024-07-10,0.03694161858001555,7.497723944664964,0.0
2024-07-11,0.9998454855704321,0.0011219208217608247,0.0
2024-07-12,0.9524563045009045,0.04757369153069202,0.0
2024-07-16,0.0020661197627800673,1.0024542885188954,0.0
2024-07-17,0.013029479541778216,1.971707881365052,0.0
2024-07-18,0.9972566402756675,0.008224646385193326,0.0
2024-07-19,0.00236452215258796,1.0146952354622558,0.0
2024-07-22,0.0020827943617225753,1.7307191727282112,0.0
2024-07-23,0.5196122877930136,1.4267762716544867,0.0
2024-07-24,0.03705287495856426,1.5552747062300445,0.0
2024-07-25,0.9980961668964717,0.005369958499061614,0.0
2024-07-26,0.008175948614000571,1.0095843762768126,0.0
2024-07-29,0.07671128401173237,1.8276679443138415,0.0
2024-07-30,0.06178605561564576,2.3549920588425306,0.0
2024-07-31,0.9999838850151325,5.821834824708904e-05,0.0
2024-08-01,0.9188234231798457,0.08117945288678503,0.0
2024-08-02,0.9999999964472618,5.50888211105269e-09,0.0
2024-08-05,1.0,0.0,0.0
2024-08-06,1.0,0.0,0.0
2024-08-07,1.0,0.0,0.0
2024-08-08,0.9999999999414058,5.859424057064189e-11,0.0
2024-08-09,0.9999999999710747,2.8925306593902172e-11,0.0
2024-08-13,1.0,0.0,0.0
2024-08-14,0.9999999991144535,8.855464139756463e-10,0.0
2024-08-15,0.9999981418905627,1.8581094374147906e-06,0.0
2024-08-16,0.999999999651187,3.488129426618823e-10,0.0
2024-08-19,0.9999977121518646,2.287848135391145e-06,0.0
2024-08-20,0.9999999087303324,9.126966758505429e-08,0.0
2024-08-21,0.9999999997290896,2.7091040344031466e-10,0.0
2024-08-22,0.9993644720314073,0.0006355279762640671,0.0
2024-08-23,0.999544233043177,0.0004557674805171344,0.0
2024-08-26,0.9999801540700114,1.985099058793755e-05,0.0
2024-08-27,0.9998924981352568,0.0001075038285061024,0.0
2024-08-28,0.9998830872604506,0.00011692363729915249,0.0
2024-08-29,0.9999999970799649,2.9200351359255747e-09,0.0
2024-08-30,0.9999929308263166,7.069173683422833e-06,0.0
2024-09-02,0.9999999999987174,1.282641283228546e-12,0.0
2024-09-03,0.9999995161021712,4.838978288640388e-07,0.0
2024-09-04,0.9999999992032178,7.967822294998994e-10,0.0
2024-09-05,0.9999999995747633,4.252367347132636e-10,0.0
2024-09-06,0.9998965625382711,0.00010343746172891368,0.0
2024-09-09,0.9999998356066194,1.6441218883212808e-07,0.0
2024-09-10,0.9814499779291948,0.01855005805668821,0.0
2024-09-11,0.9965815464762737,0.0034261645412626014,0.0
2024-09-12,0.9999963937947557,3.6152022820551865e-06,0.0
2024-09-13,0.8023367114301111,0.1976709596030616,0.0
2024-09-17,0.998087565906876,0.0021002168574541726,0.0
2024-09-18,0.99998069128769,1.932752868267225e-05,0.0
2024-09-19,0.9999963135156235,3.686496815079635e-06,0.0
2024-09-20,0.9999999558965936,4.410340633523284e-08,0.0
2024-09-24,0.9999938347483572,6.165252685455299e-06,0.0
2024-09-25,0.23462272084064434,0.7653777884833916,0.0
2024-09-26,0.9999999303407747,1.3877047521299138e-07,0.0
2024-09-27,0.999619742691622,0.0003802589181266499,0.0
2024-09-30,0.9999982443352261,1.7557572929123875e-06,0.0
2024-10-01,0.981728125023852,0.018271962382403015,0.0
2024-10-02,0.9956227540054758,0.004525118576211096,0.0
2024-10-03,0.9999969519222828,3.052310740217432e-06,0.0
2024-10-04,0.005764699523114902,0.9943096864440212,0.0
2024-10-07,0.9999998759594405,2.4808228938670286e-07,0.0
2024-10-08,0.9966660530693263,0.0033339475186789976,0.0
2024-10-09,0.9999998824489145,1.2392381576571245e-07,0.0
2024-10-10,0.9999196566874353,8.034331954282391e-05,0.0
2024-10-11,0.9996365857006608,0.0003634218884460461,0.0
2024-10-15,0.9999764510570675,2.3561578775134034e-05,0.0
2024-10-16,0.9999981041437905,1.895882930473622e-06,0.0
2024-10-17,0.9973433865179023,0.0026566210978286246,0.0
2024-10-18,0.776872879211934,0.22316673745754773,0.0
2024-10-21,0.05896365480748314,0.971600839387496,0.0
2024-10-22,0.9577475254654841,0.0832329631256948,0.0
2024-10-23,0.23633100014445463,0.8169977340197757,0.0
2024-10-24,0.9998636903453413,0.000267359485921912,0.0
2024-10-25,0.03612668410074809,0.9648338795154852,0.0
2024-10-28,0.9999969149076784,6.1693636201326194e-06,0.0
2024-10-29,0.8926690416868622,0.10733392790584505,0.0
2024-10-30,0.005463585522409498,0.9955434122567983,0.0
2024-10-31,0.2057634563161308,1.5839699845275093,0.0
2024-11-01,0.9999100265085564,0.00026125112857631734,0.0
2024-11-05,0.07862239761585474,0.9247471803135541,0.0
2024-11-06,0.8955548153829567,0.20450780701618113,0.0
2024-11-07,0.9879000696368713,0.012506574638626084,0.0
2024-11-08,0.9999896835297439,1.0525481783810292e-05,0.0
2024-11-11,0.0031883088042831496,0.9969516502762596,0.0
2024-11-12,0.7653357242803576,0.467956875503851,0.0
2024-11-13,0.9174307865567064,0.08514007340368741,0.0
2024-11-14,0.9391276702934341,0.0644232243750736,0.0
2024-11-15,0.7926209937358832,0.218547614628379,0.0
2024-11-18,0.9999303703429498,8.901442994755487e-05,0.0
2024-11-19,0.07304075911529227,0.9285977978280361,0.0
2024-11-20,0.011408043988790653,1.1257378928967317,0.0
2024-11-21,0.049286302201103555,1.8991508189383874,0.0
2024-11-22,0.006336909200221407,2.8800960938311797,0.0
2024-11-25,0.9672104277287866,0.12786738874632092,0.0
2024-11-26,0.821103129578135,0.18972807195738642,0.0
2024-11-27,0.00268526305399504,1.195423388621933,0.0
2024-11-28,0.9741676347836552,0.054394036806813435,0.0
2024-11-29,0.009040001991527756,1.1930673924637585,0.0
2024-12-02,0.1541131869715187,1.8926504034073273,0.0
2024-12-03,0.11284421581168486,2.407596200803338,0.0
2024-12-04,0.04401083683958741,2.8622470596779728,0.0
2024-12-05,0.9999785223119864,0.00010374940137078932,0.0
2024-12-06,0.003736655385719616,1.0033014698213993,0.0
2024-12-09,0.8993972051698523,0.2016538688587166,0.0
2024-12-10,0.03710433363112712,0.9729656756353623,0.0
2024-12-11,0.0021584348983369915,1.802745025623084,0.0
2024-12-12,0.9984824631638175,0.004467339755599634,0.0
2024-12-13,0.002487280991514092,1.0423495829480454,0.0
2024-12-16,0.0020138292136127186,2.1271323679928886,0.0
2024-12-17,0.0025960057637641736,2.4406697694441086,0.0
2024-12-18,0.025709035395935234,3.8184918310458995,0.0
2024-12-19,0.9999800569589431,0.00013032629198270944,0.0
2024-12-20,0.07119068718535777,0.9328676288303748,0.0
2024-12-23,0.9407081373737288,0.11262278732118783,0.0
2024-12-24,0.0022371716758212553,1.1045510227652822,0.0
2024-12-25,0.28385521903209177,1.6187462467943972,0.0
2024-12-26,0.7298224911871427,0.6464483934410417,0.0
2024-12-27,0.1637791639668276,1.8738158537546976,0.0
2024-12-30,0.8799406588837005,0.29647204775507563,0.0
2025-01-06,0.8380326840505201,0.32468003487411157,0.0
2025-01-07,0.009227453342368788,1.1518592508401713,0.0
2025-01-08,0.009693038617689186,2.1383317693638615,0.0
2025-01-09,0.0028471657011370625,3.0814762596573058,0.0
2025-01-10,0.004814238283103973,4.291066054500587,0.0
2025-01-14,0.019765549792973056,4.87661341027553,0.0
2025-01-15,0.8784856592652881,0.7637447311533845,0.0
2025-01-16,0.3060290717103469,1.2584438342323998,0.0
2025-01-17,0.01781599416229425,2.3400012864944943,0.0
2025-01-20,0.0020169125824593187,4.0168721136719165,0.0
2025-01-21,0.8682419693759156,0.5820659226105759,0.0
2025-01-22,0.16925611092968085,2.001973573339402,0.0
2025-01-23,0.0021955548162537653,4.131456870124968,0.0
2025-01-24,0.0020945062399580646,6.880584610100488,0.0
2025-01-27,0.6326181825503038,2.877650963222898,0.0
2025-01-28,0.0021902644190341346,6.941469990553171,0.0
2025-01-29,0.0046572938377750376,8.46918101471351,0.0
2025-01-30,0.0020281063015424048,10.726886219313666,0.0
2025-01-31,0.0020008372915277044,12.152437724604589,0.0
2025-02-03,0.9975821727675985,0.031442216535303685,0.0
2025-02-04,0.9999974392626136,2.5629090437554623e-06,0.0
2025-02-05,0.17153906015772202,0.8284721489332026,0.0
2025-02-06,0.004351693944000714,1.0065387525940066,0.0
2025-02-07,0.013461011324488271,1.9596065366892534,0.0
2025-02-10,0.004385575287004302,2.7437973327898018,0.0
2025-02-12,0.9972810443716157,0.010634414988455845,0.0
2025-02-13,0.14431742802620154,0.9047523030603938,0.0
2025-02-14,0.006969282060575738,1.3940247515055255,0.0
2025-02-17,0.0023427560593685865,2.088451947609459,0.0
2025-02-18,0.14633387754037055,2.598157489466951,0.0
2025-02-19,0.019815921881128525,2.6653319544609753,0.0
2025-02-20,0.10973445282459657,3.445246479673269,0.0
2025-02-21,0.9447665164691006,0.2340506271111556,0.0
2025-02-25,0.9999136345330206,8.913226474728026e-05,0.0
2025-02-26,0.9248900919431629,0.07513442256561968,0.0
2025-02-27,0.02086941485892518,0.9834405164516995,0.0
2025-02-28,0.9978715857791752,0.0042482355737524825,0.0
2025-03-03,0.999999216015953,7.86007473689693e-07,0.0
2025-03-04,0.9998160041068719,0.00018399616965578957,0.0
2025-03-05,0.442291453343813,0.5577198124541934,0.0
2025-03-06,0.5998533145035377,0.4515097642814429,0.0
2025-03-07,0.9998381221017794,0.00021110327739091108,0.0
2025-03-10,0.09989873042282418,0.9021601614137726,0.0
2025-03-11,0.9999132050970497,0.000168220107106438,0.0
2025-03-12,0.011979738957486977,0.9882905893501577,0.0
2025-03-13,0.9912641721026683,0.01746331563765672,0.0
2025-03-14,0.9998646802293965,0.00013686214857666336,0.0
2025-03-17,0.9999999463506221,5.365090322972674e-08,0.0
2025-03-18,0.9999999957354629,4.264537051264654e-09,0.0
2025-03-19,0.23940574050989033,0.7605942688039117,0.0
2025-03-21,0.8933691241364806,0.10934042648243937,0.0
2025-03-24,0.9996713915401066,0.00035482137932394016,0.0
2025-03-25,0.9759298904682231,0.024504601124182797,0.0
2025-03-26,0.9814972138188209,0.018523300361654192,0.0
2025-03-27,0.3131491012408911,0.6986996784099518,0.0
2025-03-28,0.20977160263066721,1.2582290351194685,0.0
2025-03-31,0.999789104925324,0.0005945116309827449,0.0
2025-04-01,0.9980783283467917,0.0019223960218072687,0.0
2025-04-02,0.18878943108774582,0.8118835133452673,0.0
2025-04-03,0.9959930499296882,0.007763157512937349,0.0
2025-04-04,0.9781618331325949,0.02186847771748477,0.0
2025-04-07,0.9999999607115374,4.085706488565783e-08,0.0
2025-04-08,0.9999992174151183,7.825848816250982e-07,0.0
2025-04-09,0.999982844395004,1.7155607541283853e-05,0.0
2025-04-10,1.0,0.0,0.0
2025-04-11,0.9999998256743968,1.7432560317498513e-07,0.0
2025-04-14,0.9999860494645934,1.3950535406604096e-05,0.0
2025-04-15,0.9999999859769233,1.40230766786518e-08,0.0
2025-04-16,0.9945327764350651,0.005467226872177518,0.0
2025-04-17,0.9985011865727697,0.0015005255251820207,0.0
2025-04-18,0.9865741111327393,0.013491648891938506,0.0
2025-04-21,0.8765655666702672,0.12481752571663805,0.0
2025-04-22,0.9999504216588783,5.710271334151428e-05,0.0
2025-04-23,0.9999999190592024,8.094079759165449e-08,0.0
2025-04-24,0.9999995785510427,4.214489572712732e-07,0.0
2025-04-25,0.9948174123699571,0.005182589040076299,0.0
2025-04-28,0.9999563890219946,4.40618088180125e-05,0.0
2025-04-30,0.9777573978567173,0.022244383670172695,0.0
2025-05-01,0.9930922711916312,0.0069438048923554435,0.0
2025-05-02,0.9669127677000582,0.03337622490340787,0.0
2025-05-07,0.9942228343005272,0.00580756492005168,0.0
2025-05-08,0.9999434377131271,5.7073882173924473e-05,0.0
2025-05-09,0.999999885053327,1.1494667292928358e-07,0.0
2025-05-12,0.9999440285731682,5.597142805581263e-05,0.0
2025-05-13,0.9999981932451933,1.8068861054284525e-06,0.0
2025-05-14,0.08932751596477402,0.9106780748546801,0.0
2025-05-15,0.11341354582065846,1.2994068246233308,0.0
2025-05-16,0.0024787287683384475,1.6523340960691073,0.0
2025-05-19,0.0034770555197262093,2.2851963127360952,0.0
2025-05-20,0.023210944374298832,3.2112431117343903,0.0
2025-05-21,0.004522797552779934,4.034540874648823,0.0
2025-05-22,0.9994663139321539,0.002660408078468901,0.0
2025-05-23,0.0025316900318474995,1.15764361960554,0.0
2025-05-26,0.010711746230565157,4.489116642549477,0.0
2025-05-27,0.0020055072118357747,5.183323996196303,0.0
2025-05-28,0.9996877725041459,0.002553910126986665,0.0
2025-05-29,0.8100799413004695,0.19153157838297008,0.0
2025-05-30,0.9999719539945493,4.749157984520975e-05,0.0
2025-06-02,0.01339563687415421,0.9867577935306067,0.0
2025-06-03,0.0037367678262965743,1.1719763458766121,0.0
2025-06-04,0.057179981039023074,1.888007369657845,0.0
2025-06-05,0.024876827035777337,2.688286350609741,0.0
2025-06-06,0.0033318510821365587,2.838134900100129,0.0
2025-06-09,0.9995175261615311,0.0015603599826356017,0.0
2025-06-10,0.2702951026113011,0.7346879096250688,0.0
2025-06-11,0.8781229637916542,0.20542270376941357,0.0
2025-06-12,0.002437154938449777,1.203485821866076,0.0
2025-06-13,0.6156734947763935,0.9670792721997359,0.0
2025-06-16,0.6739136544334459,0.9752363148240877,0.0
2025-06-17,0.0023911531509110497,1.6450194354685166,0.0
2025-06-18,0.9999988296507358,3.1147216402274315e-06,0.0
2025-06-19,0.9999444356155299,5.5564558321326724e-05,0.0
2025-06-20,0.018154939351938973,0.9818567557923614,0.0
2025-06-23,0.424268859678967,0.8766409082967221,0.0
2025-06-24,0.999991426812962,1.4252986709290237e-05,0.0
2025-06-25,0.9122649603616277,0.08773935434179397,0.0
2025-06-26,0.9853650866980763,0.015277429673867382,0.0
2025-06-27,0.04756363143019583,0.9802457382528496,0.0
2025-06-30,0.98855288689648,0.022520860295023183,0.0
2025-07-01,0.010109937510498481,1.036579487957199,0.0
2025-07-02,0.9988764478168458,0.0022542486424437127,0.0
2025-07-03,0.0024959300365438937,0.9996043172478468,0.0
2025-07-04,0.9993934404046436,0.0012137821922828824,0.0
2025-07-07,0.0021502409326562477,0.9990337424365618,0.0
2025-07-08,0.0029897070192896192,1.902833621265255,0.0
2025-07-09,0.998227489896854,0.005317323513229218,0.0
2025-07-10,0.0023409645083555994,1.0080436045839172,0.0
2025-07-11,0.9993126397617951,0.0013795697982205808,0.0
2025-07-14,0.1446741168697285,0.8563271922753493,0.0
2025-07-15,0.007971951356323751,1.160342636909698,0.0
2025-07-16,0.0123150655981235,1.9793942190422014,0.0
2025-07-17,0.9445407339052799,0.16714815158730142,0.0
2025-07-18,0.9588263907592927,0.0438449738730282,0.0
2025-07-22,0.6497429436441486,0.40126092468212704,0.0
2025-07-23,0.9992819437829369,0.0008341009109054542,0.0
2025-07-24,0.9979002053738047,0.0021016312437115913,0.0
2025-07-25,0.027496081003880526,0.9731713997461122,0.0
2025-07-28,0.9999986948520748,2.6042995608732036e-06,0.0
2025-07-29,0.3300905850393735,0.6699268518988563,0.0
2025-07-30,0.044713994878882196,0.9608065969595334,0.0
2025-07-31,0.34792524200787234,1.2904272334537432,0.0
2025-08-01,0.07600605657894136,1.6656838282869906,0.0
2025-08-04,0.9999999371378985,1.7146399685143518e-07,0.0
2025-08-05,0.9509059581362234,0.049094396917360984,0.0
2025-08-06,0.9957073079311597,0.00430793733030817,0.0
2025-08-07,0.9834113547578074,0.016628776239359027,0.0
2025-08-08,0.5411577585632982,0.46109402747663186,0.0
2025-08-12,0.4908542524944987,0.6191959697796214,0.0
2025-08-13,0.37907875857647,1.0196175157195964,0.0
2025-08-14,0.09716146804527827,1.524650326606985,0.0
2025-08-15,0.0837686431199865,2.1441974054345296,0.0
2025-08-18,0.00235077220209351,2.8329320421454867,0.0
2025-08-19,0.12290584606722317,3.2538528306206613,0.0
2025-08-20,0.031501095811869675,4.027837561484645,0.0
2025-08-21,0.0022009745208870788,4.766054843936743,0.0
2025-08-22,0.003154284711477722,5.512177514328087,0.0
2025-08-25,0.5811054377332783,2.715265572129134,0.0
2025-08-26,0.003135499252427383,4.344682771853625,0.0
2025-08-27,0.002083927781539034,6.6069430190472715,0.0
2025-08-28,0.9999999378814036,3.724975610744711e-07,0.0
2025-08-29,0.002002749764594438,0.9998646924382035,0.0
2025-09-01,0.3330186390597036,2.9399924537825792,0.0
2025-09-02,0.006744215111154778,5.905319161048295,0.0
2025-09-03,0.01033587937483235,7.824715932842214,0.0
2025-09-04,0.06698300772920492,10.838134210676808,0.0
2025-09-05,0.8889418491507269,1.350790481526604,0.0
2025-09-08,0.39213910345567904,1.3066712069106583,0.0
2025-09-09,0.7172902703999079,0.5764012412400891,0.0
2025-09-10,0.5516910085002288,1.2215576765204563,0.0
2025-09-11,0.9749533437373462,0.0340679512635733,0.0
2025-09-12,0.999965401763629,3.496762710995171e-05,0.0
2025-09-16,0.32753106302905993,0.6725072515482494,0.0
2025-09-17,0.028047042946018032,0.999293310517565,0.0
2025-09-18,0.0464995217462063,1.877930844675839,0.0
2025-09-19,0.9999646043175479,0.00010197153208567845,0.0
2025-09-22,0.3192175078490327,0.6828144113823512,0.0
2025-09-24,0.2941781724285723,0.7281925926088308,0.0
2025-09-25,0.003991585874104722,1.6934316614694236,0.0
2025-09-26,0.05247967721726519,2.554757705578146,0.0
2025-09-29,0.4501727098964779,1.9490945344151807,0.0
2025-09-30,0.08063898274516018,2.68385157868647,0.0
2025-10-01,0.010644402976036565,4.330955926581106,0.0
2025-10-02,0.006733505479878949,5.674647759549416,0.0
2025-10-03,0.9999998783248126,8.58581817276722e-07,0.0
2025-10-06,0.9999857005571539,1.4300804229029101e-05,0.0
2025-10-07,0.997041404363065,0.0029585957824852733,0.0
2025-10-08,0.16245987449251897,0.8377446561017445,0.0
2025-10-09,0.9914229187751703,0.015363844859066608,0.0
2025-10-10,0.05603204277384308,0.9645569698283504,0.0
2025-10-14,0.9996181854709082,0.0008424348904975231,0.0
2025-10-15,0.9690983652744144,0.030997359482806405,0.0
2025-10-16,0.9999191940465403,8.098392224475759e-05,0.0
2025-10-17,0.9996615067445143,0.00033855045036773786,0.0
2025-10-20,0.9999998993770493,1.0071198363782266e-07,0.0
2025-10-21,0.9999905629933645,9.437010904801603e-06,0.0
2025-10-22,0.991887688468915,0.008112321501975482,0.0
2025-10-23,0.8297966766037631,0.17043542025707611,0.0
2025-10-24,0.9962692938889508,0.004353437807525144,0.0
2025-10-27,0.9996438649052702,0.0003565532100283612,0.0
2025-10-28,0.0032225854280011124,0.9990856585565814,0.0
2025-10-29,0.931732315591854,0.13677944402114633,0.0
2025-10-30,0.11704482069139843,0.899948712559675,0.0
2025-10-31,0.9999594174829143,8.156147675290605e-05,0.0
2025-11-04,0.33165673638218407,0.6936481916755798,0.0
2025-11-05,0.999981687286943,1.951509609812354e-05,0.0
2025-11-06,0.9948458843826882,0.005154944047286998,0.0
2025-11-07,0.9630278740883292,0.036986023632401825,0.0
2025-11-10,0.7372409138598538,0.271734913577192,0.0
2025-11-11,0.9914831757805984,0.011993168147735996,0.0
2025-11-12,0.4675023922473326,0.5468313336567006,0.0
2025-11-13,0.002755065331481415,1.183812449960941,0.0
2025-11-14,0.7825937067742336,0.4503099107632947,0.0
2025-11-17,0.1749031877511733,1.1062537802226944,0.0
2025-11-18,0.9986937811221744,0.0029408400111214468,0.0
2025-11-19,0.46810989050541707,0.5333840762240666,0.0
2025-11-20,0.9950313165865242,0.008211812731333068,0.0
2025-11-21,0.9621985540773856,0.03804889401640149,0.0
2025-11-25,0.9999890798494964,1.1432205276160765e-05,0.0
2025-11-26,0.18649932604713645,0.81370458067606,0.0
2025-11-27,0.011068452457589233,1.0060306033400517,0.0
