Date,abs_return,p_evt
1992-06-10,0.0128518824557363,0.0
1992-06-12,0.0036324049524384,0.0
1992-06-15,0.0019757645730209,0.0
1992-06-16,0.0,0.0
1992-06-17,0.0016461992719764,0.0
1992-06-18,0.00754123063354,0.0
1992-06-19,0.0046589102572411,0.0
1992-06-22,0.0068277599775898,0.0
1992-06-23,0.001208247943904,0.0
1992-06-24,0.0012754839850712,0.0
1992-06-25,0.008494799315926,0.0
1992-06-26,0.0058114944718514,0.0
1992-06-29,0.0073964836673505,0.0
1992-06-30,0.0004050058113746,0.0
1992-07-01,0.0067960937379537,0.0
1992-07-02,0.0003352442395334,0.0
1992-07-06,0.0024286429097103,0.0
1992-07-07,0.0002701589877744,0.0
1992-07-08,0.0050095043516709,0.0
1992-07-09,0.0050770120900492,0.0
1992-07-10,0.0041103630096092,0.0
1992-07-13,0.0028282518326565,0.0
1992-07-14,0.0006067512181579,0.0
1992-07-17,0.0078937844720899,0.0
1992-07-20,0.0036590373339373,0.0
1992-07-21,0.0078464789171692,0.0
1992-07-22,0.0016716758045287,0.0
1992-07-23,0.0085268012753291,0.0
1992-07-24,0.0165608189295714,0.0
1992-07-27,0.0,0.0
1992-07-28,0.0079607719995484,0.0
1992-07-29,0.0120334837470741,0.0
1992-07-30,0.0134789955530122,0.0
1992-07-31,0.001930536162875,0.0
1992-08-03,0.004694877937025,0.0
1992-08-04,0.0074462896780317,0.0
1992-08-05,0.0095245723796699,0.0
1992-08-06,0.017630196912603,0.0
1992-08-07,0.0054902134744759,0.0
1992-08-11,0.0225031331852761,0.0
1992-08-12,0.019354794663843,0.0
1992-08-13,0.0062751739345598,0.0
1992-08-14,0.0271323398040341,0.0
1992-08-17,0.0026941907877815,0.0
1992-08-18,0.0176915661366924,0.0
1992-08-19,0.0008386837411088,0.0
1992-08-20,0.0087263900974514,0.0
1992-08-21,0.0177473474010057,0.0
1992-08-24,0.0123223241681384,0.0
1992-08-25,0.0060680977026245,0.0
1992-08-26,0.0233272372050884,0.0
1992-08-27,0.007102838779263,0.0
1992-08-28,0.0011029007008538,0.0
1992-08-31,0.0140260542011277,0.0
1992-09-01,0.0021786500992221,0.0
1992-09-02,0.0075896332401471,0.0
1992-09-03,0.0019027930621196,0.0
1992-09-04,0.0020492774373817,0.0
1992-09-07,0.0005126908531089,0.0
1992-09-08,0.0084585424074029,0.0
1992-09-09,0.006337167528998,0.0
1992-09-10,0.0026271456531861,0.0
1992-09-11,0.0021158031396819,0.0
1992-09-15,0.0021709249042822,0.0
1992-09-16,0.0113406094520656,0.0
1992-09-17,0.0117665715752144,0.0
1992-09-18,0.0073505354865089,0.0
1992-09-21,0.0032095932222676,0.0
1992-09-22,0.0058483533915455,0.0
1992-09-23,0.0002255173174411,0.0
1992-09-24,0.0036152232744868,0.0
1992-09-25,0.0108814997887996,0.0
1992-09-28,0.0074360839651409,0.0
1992-09-29,0.0029590196583188,0.0
1992-09-30,0.002070430181766,0.0
1992-10-01,0.0009618236265796,0.0
1992-10-02,0.0057103297089615,0.0
1992-10-05,0.0037255091826574,0.0
1992-10-06,0.005239140887346,0.0
1992-10-07,0.0006756179657244,0.0
1992-10-08,0.0006005921979107,0.0
1992-10-09,0.0005251537688281,0.0
1992-10-12,0.0049627711208567,0.0
1992-10-13,0.0047377782385011,0.0
1992-10-14,0.0007499625232943,0.0
1992-10-15,0.0027699446285305,0.0
1992-10-16,0.0026200561935611,0.0
1992-10-19,0.004281660003597,0.0
1992-10-20,0.0030066167617588,0.0
1992-10-21,0.0002250773042859,0.0
1992-10-22,0.0009007966931966,0.0
1992-10-23,0.0259466001141357,0.0
1992-10-27,0.0176983107976703,0.0
1992-10-28,0.0007187006076597,0.0
1992-10-29,0.0064146851086945,0.0
1992-10-30,0.0028880886500734,0.0
1992-11-02,0.0217516152870755,0.0
1992-11-03,0.0082170721506124,0.0
1992-11-04,0.0110349676397596,0.0
1992-11-05,0.0033824631718506,0.0
1992-11-06,0.0025443336074566,0.0
1992-11-09,0.001979533221965,0.0
1992-11-10,0.0155573923820118,0.0
1992-11-11,0.0026389243287465,0.0
1992-11-12,0.0006243882449484,0.0
1992-11-13,0.0040169378274698,0.0
1992-11-16,0.0227195112759502,0.0
1992-11-17,0.0136237376437585,0.0
1992-11-18,0.0075614214851938,0.0
1992-11-19,0.0031675667372124,0.0
1992-11-20,0.0032483436987429,0.0
1992-11-23,0.0038121488762766,0.0
1992-11-24,7.052855824661904e-05,0.0
1992-11-25,0.0003522242879581,0.0
1992-11-26,0.0120415560828926,0.0
1992-11-27,0.0076256868666368,0.0
1992-11-30,0.0144666578123393,0.0
1992-12-01,0.0034092492336977,0.0
1992-12-02,0.002872745595263,0.0
1992-12-10,0.002976657069054,0.0
1992-12-11,0.0035985860092805,0.0
1992-12-14,0.0014517133679871,0.0
1992-12-15,0.0023549148178973,0.0
1992-12-16,0.0100045683843182,0.0
1992-12-17,0.0080003662009394,0.0
1992-12-18,0.0158781750283142,0.0
1992-12-21,0.0131190579674374,0.0
1992-12-22,0.0148635050091094,0.0
1992-12-23,0.0020838078741566,0.0
1992-12-24,0.0018823863226403,0.0
1992-12-28,0.0098910963974011,0.0
1992-12-29,0.0015284243035506,0.0
1992-12-30,0.0043067815451576,0.0
1992-12-31,0.0078369951102309,0.0
1993-01-04,0.0043855093503822,0.0
1993-01-05,0.0202367008228594,0.0
1993-01-06,0.0026918386279491,0.0
1993-01-07,0.001605703854039,0.0
1993-01-08,0.0003213470998383,0.0
1993-01-11,0.0078704692215976,0.0
1993-01-12,0.0006474587471243,0.0
1993-01-13,0.0078625282330685,0.0
1993-01-14,0.0164982874556011,0.0
1993-01-15,0.00894346051995,0.0
1993-01-18,0.0029211778887099,0.0
1993-01-19,0.0025396839047605,0.0
1993-01-20,0.0033003020895326,0.0
1993-01-21,0.0098989322943825,0.0
1993-01-22,0.0018177986937417,0.0
1993-01-25,0.0,0.0
1993-01-26,0.0053090282662558,0.0
1993-01-27,0.0013714459358451,0.0
1993-01-28,0.0030612740779325,0.0
1993-01-29,0.0136716028708802,0.0
1993-02-01,0.0148260226112206,0.0
1993-02-02,0.0007902050606976,0.0
1993-02-03,0.0049340554925726,0.0
1993-02-04,0.0064324662980136,0.0
1993-02-05,0.0052377111624679,0.0
1993-02-08,0.0017932939164072,0.0
1993-02-09,0.0054318070474048,0.0
1993-02-10,0.0008614475080762,0.0
1993-02-11,0.0027098768698586,0.0
1993-02-12,0.0049459142553561,0.0
1993-02-15,0.0031558304861407,0.0
1993-02-16,0.0066503008818517,0.0
1993-02-17,0.0078867006623699,0.0
1993-02-18,0.0095423510003304,0.0
1993-02-19,0.0042187855458601,0.0
1993-02-22,0.0005489794931015,0.0
1993-02-23,0.0129651785470172,0.0
1993-02-24,0.0097637282507917,0.0
1993-02-25,0.0020246683738755,0.0
1993-02-26,0.0098640763935359,0.0
1993-03-01,0.0033700311998315,0.0
1993-03-02,0.0036838979072043,0.0
1993-03-03,0.0004236577490919,0.0
1993-03-04,0.0039266671384706,0.0
1993-03-05,0.0007237341521423,0.0
1993-03-08,0.0021697064680147,0.0
1993-03-09,0.0019887606378197,0.0
1993-03-10,0.0061942339432169,0.0
1993-03-11,0.0009596783211483,0.0
1993-03-12,0.0081342899037949,0.0
1993-03-15,0.0134606138074411,0.0
1993-03-16,0.0113408783147311,0.0
1993-03-17,0.0079710272116815,0.0
1993-03-18,0.0037222070932099,0.0
1993-03-19,0.0023998090967819,0.0
1993-03-22,0.0075367392005939,0.0
1993-03-23,0.0016327226026087,0.0
1993-03-24,0.0017538176522115,0.0
1993-03-26,0.0052522522129817,0.0
1993-03-29,0.005943227665651,0.0
1993-03-30,0.0005387830357846,0.0
1993-03-31,0.0008987148719802,0.0
1993-04-01,0.00047937122747,0.0
1993-04-02,0.0113782992691419,0.0
1993-04-05,0.0074359136701677,0.0
1993-04-06,0.0058623685972601,0.0
1993-04-07,0.0060605677019318,0.0
1993-04-08,0.0016280540738074,0.0
1993-04-12,0.0061876184572355,0.0
1993-04-13,0.008408627806922,0.0
1993-04-14,0.0088769141707636,0.0
1993-04-15,0.0132560364538469,0.0
1993-04-16,0.01831343361537,0.0
1993-04-19,0.0048650746672189,0.0
1993-04-20,0.0050352427255483,0.0
1993-04-21,0.0039624189151562,0.0
1993-04-22,0.0017497679795363,0.0
1993-04-23,5.638304036813456e-05,0.0
1993-04-26,0.0135561526316734,0.0
1993-04-27,0.0059712073228344,0.0
1993-04-28,0.0037571619533982,0.0
1993-04-29,0.0003933990368455,0.0
1993-04-30,0.0024699824528422,0.0
1993-05-03,0.0040845203397406,0.0
1993-05-04,0.0080168888113942,0.0
1993-05-05,0.0020242785027955,0.0
1993-05-07,0.0030379220797249,0.0
1993-05-10,0.0015789158516304,0.0
1993-05-11,0.012338911453715,0.0
1993-05-12,0.0191028697603527,0.0
1993-05-13,0.0163266589651719,0.0
1993-05-14,0.0025254967739487,0.0
1993-05-17,0.0092191262700437,0.0
1993-05-18,0.0170237179200371,0.0
1993-05-19,0.0007457649219907,0.0
1993-05-20,0.0001065553807961,0.0
1993-05-21,0.0077575756509691,0.0
1993-05-24,0.0036050041927322,0.0
1993-05-25,0.0029602541300712,0.0
1993-05-26,0.0042367395416339,0.0
1993-05-27,0.0092156991704708,0.0
1993-05-28,0.0102343286406687,0.0
1993-05-31,0.0057373235273871,0.0
1993-06-02,0.0021666061301714,0.0
1993-06-03,0.0110645570298374,0.0
1993-06-04,0.0007485961235723,0.0
1993-06-07,0.007942112489108,0.0
1993-06-08,0.0078351672016995,0.0
1993-06-09,0.0033197456344568,0.0
1993-06-10,0.0001072354256595,0.0
1993-06-11,0.0062402568492859,0.0
1993-06-14,0.0056822947702071,0.0
1993-06-15,0.0125609211464618,0.0
1993-06-16,0.0043510792481661,0.0
1993-06-17,0.0007173277244372,0.0
1993-06-18,0.007254346689832,0.0
1993-06-21,0.0036755403924687,0.0
1993-06-22,0.0176318879445494,0.0
1993-06-23,0.0019000924927831,0.0
1993-06-24,0.0113420368994492,0.0
1993-06-25,0.0004516043453511,0.0
1993-06-28,0.0064138988017307,0.0
1993-06-29,0.0141443635440717,0.0
1993-06-30,0.0031567334910552,0.0
1993-07-01,0.0021656583607951,0.0
1993-07-02,0.010671593292255,0.0
1993-07-05,0.0042260556811045,0.0
1993-07-06,0.0037861299955395,0.0
1993-07-07,0.009112309359018,0.0
1993-07-08,0.0001109360682266,0.0
1993-07-09,0.0026112258012348,0.0
1993-07-12,0.0114133637026392,0.0
1993-07-13,0.0001688180903925,0.0
1993-07-14,0.0013511370802644,0.0
1993-07-15,0.0068398421992611,0.0
1993-07-16,0.0083034630637471,0.0
1993-07-19,0.0005061577773605,0.0
1993-07-20,0.0024205177897889,0.0
1993-07-21,0.0175422947315394,0.0
1993-07-22,0.0070087057837281,0.0
1993-07-23,0.0025813284534519,0.0
1993-07-26,0.0063279162123694,0.0
1993-07-27,0.0033728574880268,0.0
1993-07-28,0.0062783488067567,0.0
1993-07-29,0.0071087986814726,0.0
1993-07-30,0.0011061948030665,0.0
1993-08-02,0.0023190067421437,0.0
1993-08-03,0.0171692254287556,0.0
1993-08-04,0.0078300479377822,0.0
1993-08-05,0.001343833369546,0.0
1993-08-06,0.0051970827033765,0.0
1993-08-10,0.0145887308155173,0.0
1993-08-11,0.0012105197630919,0.0
1993-08-12,0.0008938580638135,0.0
1993-08-13,0.0079043389510485,0.0
1993-08-16,0.0026036256826506,0.0
1993-08-17,0.0028043351943879,0.0
1993-08-18,0.0119082651374894,0.0
1993-08-19,0.0013332526138388,0.0
1993-08-20,0.0119865755953432,0.0
1993-08-23,0.0039626391678891,0.0
1993-08-24,0.0048987062937903,0.0
1993-08-25,0.0107861392553631,0.0
1993-08-26,0.0171090023403694,0.0
1993-08-27,0.0011447833667472,0.0
1993-08-30,0.0063952497897059,0.0
1993-08-31,0.0067935601881775,0.0
1993-09-01,0.0020390894327463,0.0
1993-09-02,0.0045108636831397,0.0
1993-09-03,0.0097450947786605,0.0
1993-09-06,0.0018106110812667,0.0
1993-09-07,0.0042625543064207,0.0
1993-09-08,0.0037877661757589,0.0
1993-09-09,0.00409909897033,0.0
1993-09-10,0.0108969369567153,0.0
1993-09-13,0.0053389099904864,0.0
1993-09-14,0.0014917954034625,0.0
1993-09-15,0.0055307824378704,0.0
1993-09-16,0.0003498529539984,0.0
1993-09-17,0.003841302415677,0.0
1993-09-20,0.0049915247284086,0.0
1993-09-21,0.0013520310808443,0.0
1993-09-22,0.0129612987752393,0.0
1993-09-23,0.0126105075919297,0.0
1993-09-24,0.0058819016966855,0.0
1993-09-27,0.0030709493631083,0.0
1993-09-28,0.0001508351532959,0.0
1993-09-29,0.0001005797512209,0.0
1993-09-30,0.0098542432266227,0.0
1993-10-01,0.0045193767871867,0.0
1993-10-04,0.0024745138135969,0.0
1993-10-05,0.0051274699315611,0.0
1993-10-06,0.0027500757004628,0.0
1993-10-07,0.0008340249088261,0.0
1993-10-08,0.0029000607111345,0.0
1993-10-11,0.0074054312957899,0.0
1993-10-12,0.0023913651586695,0.0
1993-10-13,0.0011691443826208,0.0
1993-10-14,0.011665515394311,0.0
1993-10-15,0.0167028459568839,0.0
1993-10-18,0.0014660793738338,0.0
1993-10-19,0.0036928593039919,0.0
1993-10-20,0.0059465933469732,0.0
1993-10-21,0.0040475281096273,0.0
1993-10-22,0.0067709350211279,0.0
1993-10-25,0.005962762159777,0.0
1993-10-26,0.0040508071711007,0.0
1993-10-27,0.0063310004096411,0.0
1993-10-28,0.0027083960250566,0.0
1993-10-29,0.0003805950464174,0.0
1993-11-01,0.0015208173688344,0.0
1993-11-02,0.0086060450785789,0.0
1993-11-03,0.0016465556190093,0.0
1993-11-04,0.0016465556190093,0.0
1993-11-05,0.0263336082488025,0.0
1993-11-08,4.838557402760336e-05,0.0
1993-11-09,0.0075204738779716,0.0
1993-11-10,0.0134002686518647,0.0
1993-11-11,0.0134128151002661,0.0
1993-11-12,0.0013740033322514,0.0
1993-11-15,0.0077954106914729,0.0
1993-11-16,0.0083858934449646,0.0
1993-11-17,0.0088152259211029,0.0
1993-11-18,0.0049250817742412,0.0
1993-11-19,0.0030631527777931,0.0
1993-11-22,0.00195729824874,0.0
1993-11-23,0.0095845850265393,0.0
1993-11-24,0.0019723867639066,0.0
1993-11-25,0.004985581920148,0.0
1993-11-26,0.0080015901406287,0.0
1993-11-29,0.0043262792370312,0.0
1993-11-30,0.0013348296082085,0.0
1993-12-01,0.0047118918779076,0.0
1993-12-02,0.0119417313832915,0.0
1993-12-03,0.0094331282014419,0.0
1993-12-06,0.0018608984202438,0.0
1993-12-07,0.0074229058065289,0.0
1993-12-08,0.0019895205751338,0.0
1993-12-09,0.0032829055753118,0.0
1993-12-10,0.0246666501695105,0.0
1993-12-13,0.0111518484503424,0.0
1993-12-14,0.0031127737015897,0.0
1993-12-15,0.0083563666733788,0.0
1993-12-16,0.0064952606948168,0.0
1993-12-17,0.0024965307016249,0.0
1993-12-20,0.0012286845190176,0.0
1993-12-21,0.0002635243599992,0.0
1993-12-22,0.0012744304636327,0.0
1993-12-23,0.0107598891092757,0.0
1993-12-24,0.0121936696019466,0.0
1993-12-27,0.0219339976025423,0.0
1993-12-28,0.0058690537267895,0.0
1993-12-29,0.0143176771561634,0.0
1993-12-30,0.015070261213219,0.0
1993-12-31,0.0145757010876964,0.0
1994-01-03,0.0064924821200383,0.0
1994-01-04,0.0123744416766305,0.0
1994-01-05,0.0162730820922879,0.0
1994-01-06,0.0181321278786955,0.0
1994-01-07,0.0092120645186816,0.0
1994-01-10,0.0242142591078638,0.0
1994-01-11,0.0319349743942857,0.0
1994-01-12,0.0381514869802184,0.0
1994-01-13,0.0293611265294767,0.0
1994-01-14,0.0480327129556352,0.0
1994-01-17,0.0113103687844589,0.0
1994-01-18,0.0014920362695107,0.0
1994-01-19,0.0099920750748124,0.0
1994-01-20,0.0192878460205883,0.0
1994-01-21,0.0098657053641616,0.0
1994-01-24,0.0159134217512503,0.0
1994-01-25,0.0271964773407558,0.0
1994-01-26,0.00026602431368,0.0
1994-01-27,0.0135631338485626,0.0
1994-01-28,0.0060178309933375,0.0
1994-01-31,0.0168136390428099,0.0
1994-02-01,0.0042660358983301,0.0
1994-02-02,0.0046936421471451,0.0
1994-02-03,0.0095347855019957,0.0
1994-02-04,0.0002117970991715,0.0
1994-02-07,0.0198915766141877,0.0
1994-02-08,0.0030629637227987,0.0
1994-02-09,0.0085778528884752,0.0
1994-02-14,0.0001707670750633,0.0
1994-02-15,0.0053516129008111,0.0
1994-02-16,0.0050953470802334,0.0
1994-02-17,0.0006831601707109,0.0
1994-02-18,0.0037200782991283,0.0
1994-02-21,0.007086110795366,0.0
1994-02-22,0.020837157428,0.0
1994-02-23,0.0097424234918895,0.0
1994-02-24,0.016094815146264,0.0
1994-02-25,0.0117236824105958,0.0
1994-02-28,0.006255185872995,0.0
1994-03-01,0.0124561358843454,0.0
1994-03-02,0.0127007716063964,0.0
1994-03-03,0.018511231430551,0.0
1994-03-04,0.0026718931726838,0.0
1994-03-07,0.002181576642051,0.0
1994-03-08,0.001561141322093,0.0
1994-03-09,0.007752520016365,0.0
1994-03-10,0.0130406216084781,0.0
1994-03-11,0.0018247346980925,0.0
1994-03-15,4.570564783261778e-05,0.0
1994-03-16,0.0019196272291845,0.0
1994-03-17,0.0147946460025543,0.0
1994-03-18,0.0233469757212069,0.0
1994-03-21,0.0327058353222851,0.0
1994-03-22,0.0042633299415868,0.0
1994-03-23,0.0319061051441774,0.0
1994-03-24,0.0007581604988844,0.0
1994-03-25,0.0125446064453479,0.0
1994-03-28,0.011343737169073,0.0
1994-03-29,0.0162754218619886,0.0
1994-03-30,0.0164376654699797,0.0
1994-03-31,0.022570032350824,0.0
1994-04-04,0.0202919234411766,0.0
1994-04-05,0.0109253510992125,0.0
1994-04-06,0.0259046332049418,0.0
1994-04-07,0.0043107039328254,0.0
1994-04-08,0.0064825983899641,0.0
1994-04-11,0.0293728493104451,0.0
1994-04-12,0.0227761313602798,0.0
1994-04-13,0.0008957764936959,0.0
1994-04-14,0.0025508287795628,0.0
1994-04-15,0.0113269603696753,0.0
1994-04-18,0.0120865696154038,0.0
1994-04-19,0.0081164981169281,0.0
1994-04-20,0.003909480462931,0.0
1994-04-21,0.0007173717663619,0.0
1994-04-22,0.0152552704796032,0.0
1994-04-25,0.0184550433151102,0.0
1994-04-26,0.0028125761656245,0.0
1994-04-27,0.0102498607053393,0.0
1994-04-28,0.0060497415756842,0.0
1994-04-29,0.0036516065594446,0.0
1994-05-03,0.0062517119184138,0.0
1994-05-04,0.0041199614179028,0.0
1994-05-05,0.0102211714671225,0.0
1994-05-06,0.0094841798992812,0.0
1994-05-09,0.0150943114707847,0.0
1994-05-10,0.0055193199420902,0.0
1994-05-11,0.0117886552068649,0.0
1994-05-12,0.0047876894266531,0.0
1994-05-13,0.0157394168667421,0.0
1994-05-16,0.001879080499376,0.0
1994-05-17,0.0061373010138615,0.0
1994-05-18,0.0080817914522978,0.0
1994-05-19,0.0027510963092552,0.0
1994-05-20,0.0031714346167418,0.0
1994-05-23,0.0009837046338275,0.0
1994-05-24,0.0156826043244869,0.0
1994-05-26,0.00532689993878,0.0
1994-05-27,0.0037937831848233,0.0
1994-05-30,0.0078188255681255,0.0
1994-05-31,0.01055025565204,0.0
1994-06-01,0.0060665076470306,0.0
1994-06-02,0.0068579790806737,0.0
1994-06-03,0.0072106876563701,0.0
1994-06-06,0.0014094841231875,0.0
1994-06-07,0.002070874403826,0.0
1994-06-08,0.0006618280072658,0.0
1994-06-09,0.0072999874116961,0.0
1994-06-10,0.0007883886052986,0.0
1994-06-13,0.0051527645395293,0.0
1994-06-14,0.0076953087120932,0.0
1994-06-15,0.0035926918612815,0.0
1994-06-16,0.0003498398826986,0.0
1994-06-17,0.0082290231836612,0.0
1994-06-20,0.0094539451611436,0.0
1994-06-21,0.0099420571438245,0.0
1994-06-22,0.0029221014270489,0.0
1994-06-23,0.0021306096994653,0.0
1994-06-24,0.0020905868525754,0.0
1994-06-27,0.0166577418481675,0.0
1994-06-28,0.0085207315224898,0.0
1994-06-29,0.0041386452741954,0.0
1994-06-30,0.0029257555971503,0.0
1994-07-01,0.0064027415238041,0.0
1994-07-04,0.0088598686887539,0.0
1994-07-05,0.001461432123259,0.0
1994-07-06,0.0115380158932248,0.0
1994-07-07,0.0078442244580032,0.0
1994-07-08,0.007844224458003,0.0
1994-07-11,0.0053775353949762,0.0
1994-07-12,0.0037580268355792,0.0
1994-07-13,0.0112818644650277,0.0
1994-07-14,0.0026980131830303,0.0
1994-07-15,0.0038741188405289,0.0
1994-07-18,0.0004092790705227,0.0
1994-07-19,0.002588476439696,0.0
1994-07-20,0.0119470353064575,0.0
1994-07-21,0.0103155953579324,0.0
1994-07-22,0.0042199163882213,0.0
1994-07-25,0.0059390847387851,0.0
1994-07-26,0.0028517995736971,0.0
1994-07-27,0.0020874435851322,0.0
1994-07-28,9.08332252147416e-05,0.0
1994-07-29,0.0023595397754886,0.0
1994-08-01,0.0168531960703991,0.0
1994-08-02,0.0086085669605544,0.0
1994-08-03,0.0016775779606444,0.0
1994-08-04,0.0018067798897513,0.0
1994-08-05,0.0008362769072017,0.0
1994-08-08,0.002378501132904,0.0
1994-08-10,0.0038730953405999,0.0
1994-08-11,0.0102699471424041,0.0
1994-08-12,0.0077093580496317,0.0
1994-08-15,0.0069270342194643,0.0
1994-08-16,0.0029498757344722,0.0
1994-08-17,0.015388141465278,0.0
1994-08-18,0.0057843381501572,0.0
1994-08-19,0.0045906945113109,0.0
1994-08-22,0.0112681081938455,0.0
1994-08-23,0.0078292043866992,0.0
1994-08-24,0.0104767849720984,0.0
1994-08-25,0.0036793306263116,0.0
1994-08-26,0.002750694377553,0.0
1994-08-29,0.005348673937845,0.0
1994-08-30,0.0027360009950932,0.0
1994-08-31,0.0057239440403085,0.0
1994-09-01,0.0103668409485387,0.0
1994-09-02,0.0026567059279002,0.0
1994-09-05,0.001073260838932,0.0
1994-09-06,0.0044999752626474,0.0
1994-09-07,0.0049726171623493,0.0
1994-09-08,0.0098463608892618,0.0
1994-09-09,0.0018244004957887,0.0
1994-09-12,0.0085582995839907,0.0
1994-09-13,0.0084278350616366,0.0
1994-09-14,0.0006089179586797,0.0
1994-09-15,0.0076434604294127,0.0
1994-09-16,0.0071646887278507,0.0
1994-09-19,0.0110745259311559,0.0
1994-09-20,0.0106391185914692,0.0
1994-09-21,0.0028347781204264,0.0
1994-09-22,0.0015734316272069,0.0
1994-09-23,0.0069744405980319,0.0
1994-09-26,0.0009996083993272,0.0
1994-09-27,0.0043576850321305,0.0
1994-09-28,0.0177041318606023,0.0
1994-09-29,0.0077784611959755,0.0
1994-09-30,0.006963524747692,0.0
1994-10-03,0.0067932593442648,0.0
1994-10-04,0.0093663023730891,0.0
1994-10-05,0.0042934573077587,0.0
1994-10-06,0.0201529906682464,0.0
1994-10-07,0.0013723684751858,0.0
1994-10-10,0.0120025825457298,0.0
1994-10-11,0.0184620208108719,0.0
1994-10-12,0.0098017535164535,0.0
1994-10-13,0.0044434172188454,0.0
1994-10-14,0.0082364088763311,0.0
1994-10-17,0.0043233077523755,0.0
1994-10-18,0.0015089690106817,0.0
1994-10-19,0.008382308061486,0.0
1994-10-20,0.0076689869417319,0.0
1994-10-21,0.0020169126459409,0.0
1994-10-24,0.0002524388657929,0.0
1994-10-25,0.0060766961858546,0.0
1994-10-26,0.0022034633764149,0.0
1994-10-27,0.0002546023162883,0.0
1994-10-28,0.0024580656927032,0.0
1994-10-31,0.0069598509350599,0.0
1994-11-01,0.0062405536398091,0.0
1994-11-03,0.0050886380047045,0.0
1994-11-04,0.0001275528010907,0.0
1994-11-07,0.0088809981455856,0.0
1994-11-08,0.0020177100116573,0.0
1994-11-09,0.0074495796448672,0.0
1994-11-10,0.006204157677725,0.0
1994-11-11,0.0031380164116868,0.0
1994-11-14,0.0018495777667621,0.0
1994-11-15,0.0061267299365315,0.0
1994-11-16,0.0022612586734313,0.0
1994-11-17,0.0048889458628438,0.0
1994-11-18,0.0014004920328913,0.0
1994-11-21,0.013984426806588,0.0
1994-11-22,0.0226049568707727,0.0
1994-11-23,0.0233081908514797,0.0
1994-11-24,0.0083516509501862,0.0
1994-11-25,0.0006258757075501,0.0
1994-11-28,8.934767854983288e-05,0.0
1994-11-29,0.0023261847811964,0.0
1994-11-30,0.0041565451354574,0.0
1994-12-01,0.0056805230744355,0.0
1994-12-02,0.018287628628833,0.0
1994-12-05,0.0015543834647266,0.0
1994-12-06,0.0006860749613912,0.0
1994-12-07,0.0030682086176297,0.0
1994-12-08,0.0188426919490728,0.0
1994-12-09,0.0176336027556951,0.0
1994-12-12,0.0050548975810074,0.0
1994-12-13,0.0012437111655118,0.0
1994-12-14,0.0118484894795723,0.0
1994-12-15,0.0308347058679072,0.0
1994-12-16,0.0048277066733156,0.0
1994-12-19,0.0071184485518652,0.0
1994-12-20,0.000778241251024,0.0
1994-12-21,0.0154513412581188,0.0
1994-12-22,0.0009466082652399,0.0
1994-12-23,0.000135190618703,0.0
1994-12-27,0.0035982586497302,0.0
1994-12-28,0.0030930888018874,0.0
1994-12-29,0.003931055238319,0.0
1994-12-30,0.0015169334411443,0.0
1995-01-03,0.0029871178291948,0.0
1995-01-04,0.00097984646184,0.0
1995-01-05,0.0055409884603543,0.0
1995-01-06,0.010042663748239,0.0
1995-01-09,0.0126165742206164,0.0
1995-01-10,0.0206078287803665,0.0
1995-01-11,0.0039692784579245,0.0
1995-01-12,0.020386313854367,0.0
1995-01-13,0.0103751507670263,0.0
1995-01-16,0.0127505617523688,0.0
1995-01-17,0.0006645001318214,0.0
1995-01-18,0.0011402045553395,0.0
1995-01-19,0.0106574872139784,0.0
1995-01-20,0.0256468340176393,0.0
1995-01-23,0.0566365773266276,0.0
1995-01-24,0.0011470028222449,0.0
1995-01-25,0.0224647380114144,0.0
1995-01-26,0.0192760401099924,0.0
1995-01-27,0.0168987273527077,0.0
1995-01-30,0.0235053088001518,0.0
1995-02-02,0.0083646501696784,0.0
1995-02-03,0.0044169287223675,0.0
1995-02-06,0.0069419899007471,0.0
1995-02-07,0.0028747827540903,0.0
1995-02-08,0.0129205437118405,0.0
1995-02-09,0.0031605147708077,0.0
1995-02-10,0.0052414835143952,0.0
1995-02-13,0.0091188955510682,0.0
1995-02-14,0.0019128693189641,0.0
1995-02-15,0.0088638844258463,0.0
1995-02-16,0.0119790841026883,0.0
1995-02-17,0.0018734490126846,0.0
1995-02-20,0.0095442780641867,0.0
1995-02-21,0.0055425191109778,0.0
1995-02-22,0.0249147395748958,0.0
1995-02-23,0.0157042193551252,0.0
1995-02-24,0.0136658798156483,0.0
1995-02-27,0.0096944644964423,0.0
1995-02-28,0.0154475461534067,0.0
1995-03-01,0.000799018270235,0.0
1995-03-02,0.0021589616316077,0.0
1995-03-06,0.0028169032711133,0.0
1995-03-07,0.0134897324265916,0.0
1995-03-08,0.0168677434352038,0.0
1995-03-09,0.0035316304270449,0.0
1995-03-10,0.0045498153723224,0.0
1995-03-13,0.0010666947994722,0.0
1995-03-14,0.0015034788979508,0.0
1995-03-15,0.0077836927761224,0.0
1995-03-16,0.0002890365449093,0.0
1995-03-17,0.0123993961371722,0.0
1995-03-20,0.004912631780818,0.0
1995-03-21,0.0011481139316424,0.0
1995-03-22,0.0038848505569762,0.0
1995-03-23,0.0011539102575717,0.0
1995-03-24,0.0106404558566547,0.0
1995-03-27,0.0163969715312661,0.0
1995-03-28,0.0064841713584352,0.0
1995-03-29,0.0086121536422399,0.0
1995-03-30,0.009753334148278,0.0
1995-03-31,0.0041478763934963,0.0
1995-04-03,0.0088297259055104,0.0
1995-04-04,0.0002891696455577,0.0
1995-04-05,0.0129812151230904,0.0
1995-04-06,0.0029072553158946,0.0
1995-04-07,0.0102186348562818,0.0
1995-04-10,0.0043977829276039,0.0
1995-04-11,0.0049036844291131,0.0
1995-04-12,0.0038376098961326,0.0
1995-04-13,0.0043058208008945,0.0
1995-04-17,0.0085816394393686,0.0
1995-04-18,0.0012667383708576,0.0
1995-04-19,0.0075365661124179,0.0
1995-04-20,0.001766919554786,0.0
1995-04-21,0.0195208445410938,0.0
1995-04-24,0.0029291502603799,0.0
1995-04-25,0.0052400890792819,0.0
1995-04-26,0.0053644636703248,0.0
1995-04-27,0.0036897301186837,0.0
1995-04-28,0.0074141054600827,0.0
1995-05-02,0.0003863290495164,0.0
1995-05-03,0.0019822084631144,0.0
1995-05-04,0.0017406917369072,0.0
1995-05-05,0.0054252947640266,0.0
1995-05-08,0.0082714350305108,0.0
1995-05-09,0.0076779496861354,0.0
1995-05-11,0.0341629347641589,0.0
1995-05-12,0.0070433273966752,0.0
1995-05-16,0.0063562628616923,0.0
1995-05-17,0.0153880987091562,0.0
1995-05-18,0.0014801571395346,0.0
1995-05-19,0.0021284931967898,0.0
1995-05-22,0.0039449615523828,0.0
1995-05-23,0.0141755555358917,0.0
1995-05-24,0.0038587701839409,0.0
1995-05-25,0.0002761247986996,0.0
1995-05-26,0.0041059021925463,0.0
1995-05-29,0.0040763671078291,0.0
1995-05-30,0.0037527426373921,0.0
1995-05-31,0.0073256577241673,0.0
1995-06-01,0.0121368913507448,0.0
1995-06-02,0.0015860431556347,0.0
1995-06-05,0.0042923368737312,0.0
1995-06-06,0.0122478283148457,0.0
1995-06-07,0.0054460682776452,0.0
1995-06-08,0.0016534691570865,0.0
1995-06-09,0.0069651786448557,0.0
1995-06-12,0.0091604889921223,0.0
1995-06-13,0.0011685247804462,0.0
1995-06-14,0.0,0.0
1995-06-15,0.0072694158221565,0.0
1995-06-16,0.009563647119344,0.0
1995-06-19,0.0024404907185595,0.0
1995-06-20,0.005465827766585,0.0
1995-06-21,0.0018881289536669,0.0
1995-06-22,0.0085724070742456,0.0
1995-06-23,0.0001903103254204,0.0
1995-06-26,0.0047191958306229,0.0
1995-06-27,0.0027674648022873,0.0
1995-06-28,0.0048719772002544,0.0
1995-06-29,0.0031171347623157,0.0
1995-06-30,0.0053650019961151,0.0
1995-07-03,0.0004299412450717,0.0
1995-07-04,0.0129994722262786,0.0
1995-07-05,0.0032001762686913,0.0
1995-07-06,0.0025339771155164,0.0
1995-07-07,0.0103971140023004,0.0
1995-07-10,0.013818736707596,0.0
1995-07-11,0.0065170504708932,0.0
1995-07-12,0.0021157514756356,0.0
1995-07-13,0.0015610611142624,0.0
1995-07-14,0.0038918571180938,0.0
1995-07-17,0.0072925067660555,0.0
1995-07-18,0.0039665443881399,0.0
1995-07-19,0.0083069585452349,0.0
1995-07-20,0.0028386430075231,0.0
1995-07-21,0.0008832441942937,0.0
1995-07-24,0.0048487886345563,0.0
1995-07-25,0.0062431000074242,0.0
1995-07-26,9.286232826352202e-05,0.0
1995-07-27,0.004217099012676,0.0
1995-07-28,0.0108089275592327,0.0
1995-07-31,0.0135874790696136,0.0
1995-08-01,0.0072605055485445,0.0
1995-08-02,0.0056826046220995,0.0
1995-08-03,0.0097079307483379,0.0
1995-08-04,0.0102294013934716,0.0
1995-08-07,0.0067033448773758,0.0
1995-08-08,0.0029139216580548,0.0
1995-08-10,0.0043439233983068,0.0
1995-08-11,0.0103418779490829,0.0
1995-08-14,0.0066153217843536,0.0
1995-08-15,0.0007269731238364,0.0
1995-08-16,0.0045678423234842,0.0
1995-08-17,0.0108507876385591,0.0
1995-08-18,0.0137800289076742,0.0
1995-08-21,0.0009499383695091,0.0
1995-08-22,0.0003323526044776,0.0
1995-08-23,0.0003798722031336,0.0
1995-08-24,0.0093481379531745,0.0
1995-08-25,0.018139241562637,0.0
1995-08-28,0.0061454247147768,0.0
1995-08-29,0.0037953579392205,0.0
1995-08-30,0.0013153798729317,0.0
1995-08-31,0.0090316476097195,0.0
1995-09-01,0.0065902401750435,0.0
1995-09-04,0.0069171633134199,0.0
1995-09-05,0.0013230245720359,0.0
1995-09-06,0.0049522563184665,0.0
1995-09-07,0.0012240363622321,0.0
1995-09-08,0.0030571715829689,0.0
1995-09-11,0.0007986428886923,0.0
1995-09-12,0.00254113188212,0.0
1995-09-13,0.0019299337845853,0.0
1995-09-14,0.0016446213610418,0.0
1995-09-15,0.0045906250584286,0.0
1995-09-18,0.0111854017241108,0.0
1995-09-19,0.0026027510394757,0.0
1995-09-20,0.0003317225670432,0.0
1995-09-21,0.00156545130178,0.0
1995-09-22,0.0009490368429303,0.0
1995-09-25,0.0027944918617049,0.0
1995-09-26,0.00283379959233,0.0
1995-09-27,0.0036855308860514,0.0
1995-09-28,0.0024645498572205,0.0
1995-09-29,0.0060085582919498,0.0
1995-10-02,9.431214297720782e-05,0.0
1995-10-03,0.0046329441197968,0.0
1995-10-04,0.0081641044416506,0.0
1995-10-05,0.0074451430469286,0.0
1995-10-06,0.0007467321701235,0.0
1995-10-09,0.0015885170215038,0.0
1995-10-10,0.0111911865361281,0.0
1995-10-11,0.0066921174434174,0.0
1995-10-12,0.003282535186606,0.0
1995-10-13,0.003282535186606,0.0
1995-10-16,0.0081116983994988,0.0
1995-10-17,0.0058891444085509,0.0
1995-10-18,0.0026163705696441,0.0
1995-10-19,0.0077260741710827,0.0
1995-10-20,0.0091503053931648,0.0
1995-10-24,0.0088152482126456,0.0
1995-10-25,0.0072485750435356,0.0
1995-10-26,0.001950060098609,0.0
1995-10-27,0.0023300148240828,0.0
1995-10-30,0.0024728714109006,0.0
1995-10-31,0.0034223588031232,0.0
1995-11-01,0.0032795022163054,0.0
1995-11-02,0.000523868524007,0.0
1995-11-03,0.0010007166179594,0.0
1995-11-06,0.0007154611285449,0.0
1995-11-07,0.0029626585223916,0.0
1995-11-08,0.0056786686286377,0.0
1995-11-09,0.0055352042486811,0.0
1995-11-10,0.0087466685137572,0.0
1995-11-13,0.0037721531837712,0.0
1995-11-14,0.0015009311828066,0.0
1995-11-15,9.673028609761652e-05,0.0
1995-11-16,0.0106340940309057,0.0
1995-11-17,0.005712040213943,0.0
1995-11-20,0.0045625996810679,0.0
1995-11-21,0.007495056121305,0.0
1995-11-22,0.0021853082297735,0.0
1995-11-23,0.0021853082297734,0.0
1995-11-24,0.0012373758756873,0.0
1995-11-27,0.0035650661644961,0.0
1995-11-28,0.0027955679227943,0.0
1995-11-29,0.0015152722299116,0.0
1995-11-30,0.0084469021586701,0.0
1995-12-01,0.0011270852124034,0.0
1995-12-04,0.0158789380362264,0.0
1995-12-05,0.0018000522992275,0.0
1995-12-06,0.0065234671067785,0.0
1995-12-07,0.0009743199192555,0.0
1995-12-08,0.0039027611462807,0.0
1995-12-11,0.0010247766674652,0.0
1995-12-12,0.0039068681756543,0.0
1995-12-13,0.0082286190192115,0.0
1995-12-14,0.0148969365866295,0.0
1995-12-15,0.0007259193103848,0.0
1995-12-18,0.0011808964941164,0.0
1995-12-19,0.0060166784471824,0.0
1995-12-20,0.0180772404125891,0.0
1995-12-21,0.0132469777476489,0.0
1995-12-22,0.0134236116897905,0.0
1995-12-26,0.004600932879878,0.0
1995-12-27,0.0024184873104276,0.0
1995-12-28,0.0076012173166637,0.0
1995-12-29,0.0054416702338811,0.0
1996-01-02,0.0037129964252206,0.0
1996-01-03,0.0210773322087865,0.0
1996-01-04,0.0252192184562838,0.0
1996-01-05,0.0001690704504491,0.0
1996-01-08,0.0085869546294243,0.0
1996-01-09,0.0051685395813423,0.0
1996-01-10,0.0048567359126446,0.0
1996-01-11,0.0031278672010028,0.0
1996-01-12,0.0136227612322857,0.0
1996-01-15,0.0048177256657478,0.0
1996-01-16,0.0065677786684048,0.0
1996-01-17,0.0032164237241966,0.0
1996-01-18,0.0025906545419127,0.0
1996-01-19,0.0028752607968658,0.0
1996-01-22,0.018674429890518,0.0
1996-01-23,0.0063505283588494,0.0
1996-01-24,0.0093738224600678,0.0
1996-01-25,0.0093738224600677,0.0
1996-01-26,0.0017658254737325,0.0
1996-01-29,0.0054305275079966,0.0
1996-01-30,0.0001650837415954,0.0
1996-01-31,0.0104661426597792,0.0
1996-02-01,0.0012649589185463,0.0
1996-02-02,0.0064627406502057,0.0
1996-02-05,0.0063810438171748,0.0
1996-02-06,0.0038973676778911,0.0
1996-02-07,0.0007220992294726,0.0
1996-02-08,0.0059165621488967,0.0
1996-02-09,0.0084320466534897,0.0
1996-02-12,0.0175773743937247,0.0
1996-02-13,0.0037631512365102,0.0
1996-02-14,0.0086641239857993,0.0
1996-02-15,0.0154516200995673,0.0
1996-02-16,0.0060084591920099,0.0
1996-02-20,0.0,0.0
1996-02-22,0.000366755557854,0.0
1996-02-23,0.0045520933184708,0.0
1996-02-26,0.0021064381212098,0.0
1996-02-27,0.0104133113374681,0.0
1996-02-28,0.0028663873358372,0.0
1996-02-29,4.104802208680448e-05,0.0
1996-03-01,0.0070372512069587,0.0
1996-03-04,0.0003716772317903,0.0
1996-03-05,0.0041608619229102,0.0
1996-03-06,0.001110611271155,0.0
1996-03-07,0.0112995758070291,0.0
1996-03-08,0.0006661615552352,0.0
1996-03-11,0.0357878212714257,0.0
1996-03-12,0.016059271354276,0.0
1996-03-13,0.0228600823315175,0.0
1996-03-14,0.0124832177063534,0.0
1996-03-15,0.016053464899065,0.0
1996-03-18,0.0024530754850094,0.0
1996-03-19,0.010027912709809,0.0
1996-03-20,0.0029389557876456,0.0
1996-03-21,0.0185379490020498,0.0
1996-03-22,0.0099136580332716,0.0
1996-03-25,0.0031631515160507,0.0
1996-03-26,0.0034430783994667,0.0
1996-03-27,0.0062727789673406,0.0
1996-03-28,0.0032557208266298,0.0
1996-03-29,0.0019249476828707,0.0
1996-04-01,0.004744639183254,0.0
1996-04-02,0.0043021497317391,0.0
1996-04-03,0.0064463550272245,0.0
1996-04-04,0.0064467328216651,0.0
1996-04-08,0.0131467752974072,0.0
1996-04-09,0.0071199282557587,0.0
1996-04-10,0.0033108733675188,0.0
1996-04-11,0.0021780820869695,0.0
1996-04-12,0.0003355346533464,0.0
1996-04-15,0.0001677302042099,0.0
1996-04-16,0.0071043805407842,0.0
1996-04-17,0.001040517897809,0.0
1996-04-18,0.0066781001355687,0.0
1996-04-19,0.0047627707848883,0.0
1996-04-22,0.0084968171744055,0.0
1996-04-23,0.0001261318837262,0.0
1996-04-24,0.0010504423543234,0.0
1996-04-25,0.0015107420650319,0.0
1996-04-26,0.0070199387036054,0.0
1996-04-30,0.0058538574042521,0.0
1996-05-02,0.0030679552852217,0.0
1996-05-03,0.0020740010332726,0.0
1996-05-06,0.005234784557365,0.0
1996-05-07,0.0018762123086478,0.0
1996-05-08,0.0102349477108389,0.0
1996-05-09,0.001179862239395,0.0
1996-05-10,0.0018547242035362,0.0
1996-05-13,0.0064344268026596,0.0
1996-05-14,0.0085461816538828,0.0
1996-05-15,0.0186490358423023,0.0
1996-05-16,0.0113077415502151,0.0
1996-05-17,0.0026013847448864,0.0
1996-05-20,0.0081035222451788,0.0
1996-05-21,0.0054822833014331,0.0
1996-05-22,0.0012113035127459,0.0
1996-05-23,0.0098518307745102,0.0
1996-05-24,0.0064861312573866,0.0
1996-05-27,0.0002978603925032,0.0
1996-05-28,0.0027616699173148,0.0
1996-05-29,0.0095922978531823,0.0
1996-05-30,0.0006427699588261,0.0
1996-06-03,0.0039943378297676,0.0
1996-06-04,0.0021110864238427,0.0
1996-06-05,0.0034872912991745,0.0
1996-06-06,0.0032181271869634,0.0
1996-06-07,0.0017121092725707,0.0
1996-06-10,0.0018835442965801,0.0
1996-06-11,0.0105961767506852,0.0
1996-06-12,0.0087420792288023,0.0
1996-06-13,0.0053436031414305,0.0
1996-06-14,0.0026826013964419,0.0
1996-06-17,0.0006163701988689,0.0
1996-06-18,0.0020705093501123,0.0
1996-06-19,0.010659078740008,0.0
1996-06-20,0.0031800898316914,0.0
1996-06-21,0.0017816833203088,0.0
1996-06-24,0.0016917485191978,0.0
1996-06-25,0.0035168624615107,0.0
1996-06-26,0.0061517601374448,0.0
1996-06-28,0.0048895370666537,0.0
1996-07-01,0.00204893644578,0.0
1996-07-02,0.0078861306841134,0.0
1996-07-03,0.0008360222717155,0.0
1996-07-04,0.0014537982347076,0.0
1996-07-05,0.0041084362906386,0.0
1996-07-08,0.016829605422648,0.0
1996-07-09,0.0026597020431637,0.0
1996-07-11,0.0032782356461112,0.0
1996-07-12,0.0061817208980805,0.0
1996-07-15,0.0130291369055513,0.0
1996-07-16,0.0005963116538266,0.0
1996-07-17,0.0111783985943577,0.0
1996-07-18,0.0059158306773385,0.0
1996-07-19,0.0053712399592501,0.0
1996-07-22,0.0131144698533602,0.0
1996-07-23,0.0021181044629511,0.0
1996-07-24,0.0150469107465752,0.0
1996-07-25,0.0045492845783045,0.0
1996-07-26,0.001221448789945,0.0
1996-07-29,0.0148514774456624,0.0
1996-07-30,0.0073653526825586,0.0
1996-07-31,0.0136355379187309,0.0
1996-08-01,0.0036867501975872,0.0
1996-08-02,0.0079415383925117,0.0
1996-08-05,0.004762780430295,0.0
1996-08-06,0.0080915524947932,0.0
1996-08-07,0.0023922231784352,0.0
1996-08-08,0.0025800413045372,0.0
1996-08-12,0.0062666819831534,0.0
1996-08-13,0.0064488124092095,0.0
1996-08-14,0.0021907321597552,0.0
1996-08-15,0.0011435186835193,0.0
1996-08-16,0.0002380782447021,0.0
1996-08-19,0.0025201739463544,0.0
1996-08-20,0.0085590297447316,0.0
1996-08-21,0.0148621924021831,0.0
1996-08-22,0.0032882661383982,0.0
1996-08-23,0.0086552950624136,0.0
1996-08-26,0.0099044918854536,0.0
1996-08-27,0.0053099512966658,0.0
1996-08-28,0.0053562938779898,0.0
1996-08-29,0.0012955394043638,0.0
1996-08-30,0.0042629930070854,0.0
1996-09-02,0.0115359618937615,0.0
1996-09-03,0.0111004656309408,0.0
1996-09-04,0.0051431365823733,0.0
1996-09-05,0.007515279209179,0.0
1996-09-06,0.0064654837331595,0.0
1996-09-09,0.0008581469105364,0.0
1996-09-10,0.006270483385888,0.0
1996-09-11,0.0041283904568336,0.0
1996-09-12,0.0063515891846515,0.0
1996-09-13,0.0046669170891969,0.0
1996-09-16,0.0131752750793445,0.0
1996-09-17,0.0159318669940183,0.0
1996-09-18,0.0031111561903409,0.0
1996-09-19,0.010846906108612,0.0
1996-09-20,0.0082841599445814,0.0
1996-09-23,0.0143164706664601,0.0
1996-09-24,0.0016214591682641,0.0
1996-09-25,0.0022655898460945,0.0
1996-09-26,0.0033658647680478,0.0
1996-09-27,0.0003222388739564,0.0
1996-09-30,0.0024832858674262,0.0
1996-10-01,0.0025293766496377,0.0
1996-10-02,0.0040603798347321,0.0
1996-10-03,0.0056099800108157,0.0
1996-10-04,0.0008838507940794,0.0
1996-10-07,0.010384578274244,0.0
1996-10-08,0.0050439455913177,0.0
1996-10-09,0.0091732973033311,0.0
1996-10-10,0.0117284977751066,0.0
1996-10-11,0.0161922416698448,0.0
1996-10-14,0.0150889387945081,0.0
1996-10-15,0.0072575387368105,0.0
1996-10-16,0.0052277812562664,0.0
1996-10-17,0.0012560859894247,0.0
1996-10-18,0.0020323007195688,0.0
1996-10-21,0.0098815753173472,0.0
1996-10-22,0.0026450675934679,0.0
1996-10-23,0.003769593517128,0.0
1996-10-24,0.0063808196546809,0.0
1996-10-25,0.0085089728763212,0.0
1996-10-28,0.0044872571285868,0.0
1996-10-29,0.0028571667579678,0.0
1996-10-30,0.0106127382963523,0.0
1996-10-31,0.0003839742980077,0.0
1996-11-01,0.007226509433371,0.0
1996-11-04,0.0036680049118672,0.0
1996-11-05,0.0027014476902837,0.0
1996-11-06,0.0049630520595338,0.0
1996-11-07,0.0106139605297607,0.0
1996-11-08,0.0068722279684809,0.0
1996-11-12,0.005182091143002,0.0
1996-11-13,0.0085620796003755,0.0
1996-11-14,0.0199716290726927,0.0
1996-11-15,0.0017338365894544,0.0
1996-11-18,0.0071370498338567,0.0
1996-11-19,0.0035877178061651,0.0
1996-11-20,0.0110438046073388,0.0
1996-11-21,0.0015482254202554,0.0
1996-11-22,0.0013203882823283,0.0
1996-11-25,0.0049539482492885,0.0
1996-11-26,0.0064172091341418,0.0
1996-11-27,0.0002252100191909,0.0
1996-11-28,0.0093663506205798,0.0
1996-11-29,0.0052873332468278,0.0
1996-12-02,0.0024191748361144,0.0
1996-12-03,0.0035166857870042,0.0
1996-12-04,0.0039724951045785,0.0
1996-12-05,0.0089825262521924,0.0
1996-12-06,0.0108070114226696,0.0
1996-12-09,0.0030542224596868,0.0
1996-12-10,0.0056278921606763,0.0
1996-12-11,0.0077238003244565,0.0
1996-12-12,0.0045255738242679,0.0
1996-12-13,0.0016048791042487,0.0
1996-12-16,0.0019255237156174,0.0
1996-12-17,0.0031194340410865,0.0
1996-12-18,0.0088283850453344,0.0
1996-12-19,0.0016380844378324,0.0
1996-12-20,0.0011827732348804,0.0
1996-12-23,0.0004098374607782,0.0
1996-12-24,0.0039697761346658,0.0
1996-12-26,0.0047891720691402,0.0
1996-12-27,0.0022271883533142,0.0
1996-12-30,0.0071927667513149,0.0
1996-12-31,0.0007665552437951,0.0
1997-01-03,0.0032876467214383,0.0
1997-01-06,0.0096648715449459,0.0
1997-01-07,0.0004007508343779,0.0
1997-01-08,0.0014699878904681,0.0
1997-01-09,0.0046252705733957,0.0
1997-01-10,0.0050711418034632,0.0
1997-01-13,0.0044249503860786,0.0
1997-01-14,0.0075990845297727,0.0
1997-01-15,0.0025694567451393,0.0
1997-01-16,0.0003602525500555,0.0
1997-01-17,0.0106617726386628,0.0
1997-01-20,0.0122673543301986,0.0
1997-01-21,0.0093307125506902,0.0
1997-01-22,0.0048098644037137,0.0
1997-01-23,0.0036985309356688,0.0
1997-01-24,0.0024939214245383,0.0
1997-01-27,0.0077438445191773,0.0
1997-01-28,0.0004044057355688,0.0
1997-01-29,0.0027887526924156,0.0
1997-01-30,0.0015327024488749,0.0
1997-01-31,9.020625020883248e-05,0.0
1997-02-03,0.0007216423986168,0.0
1997-02-04,0.0117454340756746,0.0
1997-02-05,0.0016408835296361,0.0
1997-02-06,0.003455110547568,0.0
1997-02-11,0.0028632241751362,0.0
1997-02-12,0.0124388146461507,0.0
1997-02-13,0.0134397366800453,0.0
1997-02-14,0.0009761942538216,0.0
1997-02-17,0.0015969916796376,0.0
1997-02-18,0.0117257849306757,0.0
1997-02-19,0.0076840759538741,0.0
1997-02-20,0.0022227170742517,0.0
1997-02-21,0.0047626338240892,0.0
1997-02-24,0.0032623758063456,0.0
1997-02-25,0.0144276623465207,0.0
1997-02-26,0.0063828999868917,0.0
1997-02-27,0.0115734148001905,0.0
1997-02-28,0.0023253565678967,0.0
1997-03-03,0.0002732685154756,0.0
1997-03-04,0.0031466594863581,0.0
1997-03-05,0.0014149561799974,0.0
1997-03-06,0.0057634858734694,0.0
1997-03-07,0.0007341809028554,0.0
1997-03-10,0.0026662003304659,0.0
1997-03-11,0.0102123702924595,0.0
1997-03-12,0.0079594888348636,0.0
1997-03-13,0.0106655921473366,0.0
1997-03-14,0.008765056168285,0.0
1997-03-17,0.000140515059381,0.0
1997-03-18,0.0051179369107895,0.0
1997-03-19,0.0017432457684182,0.0
1997-03-20,0.0119546942291322,0.0
1997-03-21,0.0129207124123337,0.0
1997-03-24,0.0124433626268525,0.0
1997-03-25,0.0026702751831956,0.0
1997-03-26,0.0055086554854593,0.0
1997-03-27,0.0060326487727521,0.0
1997-03-31,0.012416517988442,0.0
1997-04-01,0.0008197079282848,0.0
1997-04-02,0.007251849600921,0.0
1997-04-03,0.0056143292752709,0.0
1997-04-04,0.0011074166359686,0.0
1997-04-07,0.005907963290264,0.0
1997-04-08,0.0079183076015508,0.0
1997-04-09,0.0007129447460005,0.0
1997-04-10,0.0075885830547397,0.0
1997-04-11,0.009047681243354,0.0
1997-04-14,0.0165244795412593,0.0
1997-04-15,0.0007866927318601,0.0
1997-04-16,0.0035352836870625,0.0
1997-04-17,0.0014693640649967,0.0
1997-04-21,0.0025973045350301,0.0
1997-04-22,0.0047484858147943,0.0
1997-04-23,0.0062708057150376,0.0
1997-04-24,0.0072010657199952,0.0
1997-04-25,0.0002970323289403,0.0
1997-04-28,0.0113535362679012,0.0
1997-04-29,0.0033108119815148,0.0
1997-04-30,0.007059785314445,0.0
1997-05-02,0.0059196304407174,0.0
1997-05-05,0.0061313605050201,0.0
1997-05-06,0.0132705108721096,0.0
1997-05-07,0.0060139597998311,0.0
1997-05-08,0.004215727776013,0.0
1997-05-09,0.0032965169806053,0.0
1997-05-12,0.0169402276616749,0.0
1997-05-13,0.0054573631708853,0.0
1997-05-14,0.0069812222850816,0.0
1997-05-15,0.0137238707026878,0.0
1997-05-16,0.004454973849415,0.0
1997-05-19,0.0046699982154764,0.0
1997-05-20,0.0015104379251079,0.0
1997-05-22,0.0037417500045898,0.0
1997-05-23,0.0030604328141632,0.0
1997-05-26,0.0004378463941654,0.0
1997-05-27,0.0095346902126835,0.0
1997-05-28,0.0056033853161153,0.0
1997-05-29,0.001355430998202,0.0
1997-05-30,0.0008226831310467,0.0
1997-06-02,0.0022295946446018,0.0
1997-06-03,0.0001455805726778,0.0
1997-06-04,0.0064734240011174,0.0
1997-06-05,0.0020530231413094,0.0
1997-06-06,0.0055936860001652,0.0
1997-06-09,0.0010338943228665,0.0
1997-06-10,0.0076143271932157,0.0
1997-06-11,0.0106280712848109,0.0
1997-06-12,0.0014055766896405,0.0
1997-06-13,0.0003014346872586,0.0
1997-06-16,0.0005023611138827,0.0
1997-06-17,0.0066076594028325,0.0
1997-06-18,0.0096256185737588,0.0
1997-06-19,0.0089767782783512,0.0
1997-06-20,0.0026923406507082,0.0
1997-06-23,0.013059160628606,0.0
1997-06-24,0.0032383009837355,0.0
1997-06-25,0.0086095037938284,0.0
1997-06-26,0.0169921994405682,0.0
1997-06-27,0.0077695886180956,0.0
1997-06-30,0.0068645411401435,0.0
1997-07-01,0.0033758886718179,0.0
1997-07-02,0.0062781959970658,0.0
1997-07-03,0.0033067971624355,0.0
1997-07-04,0.0119039977786208,0.0
1997-07-07,0.0060744560446781,0.0
1997-07-08,0.0045940115172263,0.0
1997-07-09,0.012129842205929,0.0
1997-07-10,0.0074405986935972,0.0
1997-07-11,0.0006098862997109,0.0
1997-07-14,0.0063748081123197,0.0
1997-07-15,0.0089935597170457,0.0
1997-07-16,0.009961146526751,0.0
1997-07-17,0.0013547186155881,0.0
1997-07-18,0.0019247027653989,0.0
1997-07-21,0.0137292983143344,0.0
1997-07-22,0.0001538199189815,0.0
1997-07-23,0.0123307133896952,0.0
1997-07-24,0.003336756208295,0.0
1997-07-25,0.0001514518461504,0.0
1997-07-28,0.0030333693633286,0.0
1997-07-29,0.0010627138971918,0.0
1997-07-30,0.0054266400050301,0.0
1997-07-31,0.0003558922991039,0.0
1997-08-01,0.0060167052220679,0.0
1997-08-04,0.0042358514461596,0.0
1997-08-05,0.0060787481316771,0.0
1997-08-06,0.0035291572027335,0.0
1997-08-07,0.0027608916331711,0.0
1997-08-08,0.0047727512610775,0.0
1997-08-11,0.0260580689948046,0.0
1997-08-12,0.0002112395907331,0.0
1997-08-13,0.0096049853382686,0.0
1997-08-14,0.0087067995858943,0.0
1997-08-15,0.0322474366207295,0.0
1997-08-18,0.0180241013115615,0.0
1997-08-19,0.0002084872116362,0.0
1997-08-20,0.0131526462403802,0.0
1997-08-21,0.0013879715231058,0.0
1997-08-22,0.0006166244655168,0.0
1997-08-25,0.0164813519868486,0.0
1997-08-26,0.0060435610682018,0.0
1997-08-27,0.0047901535355234,0.0
1997-08-28,0.0368935824133672,0.0
1997-08-29,0.0224531641354146,0.0
1997-09-01,0.0106904977894489,0.0
1997-09-02,0.0054708598601491,0.0
1997-09-03,0.0132730632648385,0.0
1997-09-04,0.003509943574165,0.0
1997-09-05,0.0309939384342827,0.0
1997-09-08,0.0041313876708836,0.0
1997-09-09,0.0146914860515355,0.0
1997-09-10,0.0127831737723276,0.0
1997-09-11,0.0087287307469442,0.0
1997-09-12,0.0042964317627092,0.0
1997-09-15,0.0020165072052089,0.0
1997-09-16,0.0059698571391263,0.0
1997-09-17,0.0054297014533369,0.0
1997-09-18,0.0074087908746284,0.0
1997-09-19,0.0007386432968059,0.0
1997-09-22,0.0070998748617512,0.0
1997-09-23,0.0041314937649471,0.0
1997-09-24,0.0081748480648107,0.0
1997-09-25,0.0107809164967165,0.0
1997-09-26,0.0009365499270019,0.0
1997-09-29,0.0061695113325874,0.0
1997-09-30,0.0102327167935102,0.0
1997-10-01,0.0066728511258124,0.0
1997-10-02,0.0072881597526529,0.0
1997-10-03,0.0133697289953186,0.0
1997-10-06,0.0113151022444195,0.0
1997-10-07,0.0001594973312244,0.0
1997-10-08,0.0009036766156333,0.0
1997-10-09,0.0109524268325533,0.0
1997-10-10,0.02110262574429,0.0
1997-10-13,0.012437642462517,0.0
1997-10-14,0.0003195408207433,0.0
1997-10-15,0.0124824423737524,0.0
1997-10-16,0.0277674428825852,0.0
1997-10-17,0.012776951765569,0.0
1997-10-20,0.0179448812585168,0.0
1997-10-21,0.0132920682794516,0.0
1997-10-22,0.0225536986250881,0.0
1997-10-23,0.0483888619667658,0.0
1997-10-24,0.0196474630290395,0.0
1997-10-27,0.001297202231774,0.0
1997-10-28,0.0789013285778031,0.0
1997-10-29,0.0292280047631527,0.0
1997-10-31,0.0285870473342214,0.0
1997-11-03,0.0717002708722584,0.0
1997-11-04,0.0057347273369022,0.0
1997-11-05,0.008084904681856,0.0
1997-11-06,0.0056039078963667,0.0
1997-11-07,0.0114225472374061,0.0
1997-11-10,0.0045577875939542,0.0
1997-11-11,0.0121872736486273,0.0
1997-11-12,0.0010089755625379,0.0
1997-11-13,0.0029023579347554,0.0
1997-11-14,0.0056621193182974,0.0
1997-11-17,0.0009415108999408,0.0
1997-11-18,0.0057265860730574,0.0
1997-11-19,0.0047477833991845,0.0
1997-11-20,0.0240830423185246,0.0
1997-11-21,0.0008527894795027,0.0
1997-11-24,0.0237655196795567,0.0
1997-11-25,0.0213330203406102,0.0
1997-11-26,0.0043636136948294,0.0
1997-11-28,0.0042242535226079,0.0
1997-12-01,0.0200316560507165,0.0
1997-12-02,0.0018281577589083,0.0
1997-12-03,0.0005893446488491,0.0
1997-12-04,0.0022964251774572,0.0
1997-12-05,0.0079672932619532,0.0
1997-12-08,0.0229576481052801,0.0
1997-12-09,0.0111246200443779,0.0
1997-12-10,0.0178612256860443,0.0
1997-12-11,0.0232803141698052,0.0
1997-12-12,0.0189858299607509,0.0
1997-12-15,0.0200402702905885,0.0
1997-12-16,0.0245395101872959,0.0
1997-12-17,0.0049180637894276,0.0
1997-12-18,0.0138570500026743,0.0
1997-12-19,0.0118838622519157,0.0
1997-12-22,0.0198446130380862,0.0
1997-12-23,0.0035087120751304,0.0
1997-12-24,0.0236076641387276,0.0
1997-12-26,0.013118089250644,0.0
1997-12-29,0.0225387180907157,0.0
1997-12-30,0.002044367455238,0.0
1997-12-31,0.0098535905440646,0.0
1998-01-02,0.0076116493849302,0.0
1998-01-05,0.0147305108863918,0.0
1998-01-06,0.0387769783231078,0.0
1998-01-07,0.0505950031304788,0.0
1998-01-08,0.0738550067965106,0.0
1998-01-09,0.077108942851287,0.0
1998-01-12,0.0915346101142023,0.0
1998-01-13,0.0744738643526582,0.0
1998-01-14,0.0723709715604005,0.0
1998-01-15,0.0079945708803863,0.0
1998-01-16,0.0096019005855232,0.0
1998-01-19,0.0636949191488734,0.0
1998-01-20,0.0230946029192708,0.0
1998-01-21,0.0111184672796781,0.0
1998-01-22,0.0324721653015788,0.0
1998-01-23,0.0076701051982729,0.0
1998-01-26,0.0027820850694765,0.0
1998-01-27,0.0028614402173781,0.0
1998-02-02,0.12873777673381,0.0
1998-02-03,0.010593227866194,0.0
1998-02-04,0.0051351995091602,0.0
1998-02-05,0.0459393878440364,0.0
1998-02-06,0.0295159081833558,0.0
1998-02-09,0.0044146840586856,0.0
1998-02-10,0.037694773052337,0.0
1998-02-11,0.0113514530631203,0.0
1998-02-12,0.0130371845088719,0.0
1998-02-13,0.0301958226239147,0.0
1998-02-16,0.0468727511261456,0.0
1998-02-17,0.0102737508171975,0.0
1998-02-18,0.0277365356079408,0.0
1998-02-19,0.0093775949942228,0.0
1998-02-20,0.0049688425727235,0.0
1998-02-23,0.0039383951489245,0.0
1998-02-24,0.0063590310832775,0.0
1998-02-25,0.013609050954362,0.0
1998-02-26,0.0074256517720023,0.0
1998-02-27,0.0127088829025741,0.0
1998-03-02,0.0029758539184396,0.0
1998-03-03,0.0110504955756852,0.0
1998-03-04,0.0135256923897719,0.0
1998-03-05,0.0052043474276831,0.0
1998-03-06,0.005395297142068,0.0
1998-03-09,0.0209017551932681,0.0
1998-03-10,0.0047977429878397,0.0
1998-03-11,0.0202958872901469,0.0
1998-03-12,0.0018995762738838,0.0
1998-03-13,0.0111971520379265,0.0
1998-03-16,0.0038709377142034,0.0
1998-03-17,0.0102291580387033,0.0
1998-03-18,0.0146944413972692,0.0
1998-03-19,0.0319993801118886,0.0
1998-03-20,0.0116642271563769,0.0
1998-03-23,0.011199369142847,0.0
1998-03-24,0.0120574784814508,0.0
1998-03-25,0.0161444698703881,0.0
1998-03-26,0.0094010430416766,0.0
1998-03-27,0.0013916497953903,0.0
1998-03-30,0.0032097219550977,0.0
1998-03-31,0.0118373612665176,0.0
1998-04-01,0.0180229547866492,0.0
1998-04-02,0.0198826258026647,0.0
1998-04-03,0.0109612813258939,0.0
1998-04-06,0.0010317764334056,0.0
1998-04-08,0.0148577508537155,0.0
1998-04-09,0.013261119015592,0.0
1998-04-13,0.0045268553707885,0.0
1998-04-14,0.0160715219287254,0.0
1998-04-15,0.011399222563701,0.0
1998-04-16,0.0187642872548396,0.0
1998-04-17,0.0,0.0
1998-04-20,0.0031728786510743,0.0
1998-04-21,0.0120559458977395,0.0
1998-04-22,0.0113216712744738,0.0
1998-04-23,0.0137311333180723,0.0
1998-04-24,0.0030797931903435,0.0
1998-04-27,0.0133659668371955,0.0
1998-04-28,0.0069550436379239,0.0
1998-04-29,0.0136334442648717,0.0
1998-04-30,0.0058153606267491,0.0
1998-05-04,0.0114487072575191,0.0
1998-05-05,0.0048410166115042,0.0
1998-05-06,0.0143061763331803,0.0
1998-05-07,0.0138345730765422,0.0
1998-05-08,0.0054400414935968,0.0
1998-05-12,0.0146769160499206,0.0
1998-05-13,0.0498414428180382,0.0
1998-05-14,0.0229339611268234,0.0
1998-05-15,0.0154358750217863,0.0
1998-05-18,0.0231783170629971,0.0
1998-05-19,0.010208771641206,0.0
1998-05-20,0.0037924867380509,0.0
1998-05-21,0.0353776876448132,0.0
1998-05-22,0.0045417880037483,0.0
1998-05-25,0.0007380946125353,0.0
1998-05-26,0.0014082018199023,0.0
1998-05-27,0.0132347727656133,0.0
1998-05-28,0.0265232948919392,0.0
1998-05-29,0.0053167686203147,0.0
1998-06-01,0.0163409334652765,0.0
1998-06-02,0.022501550292149,0.0
1998-06-03,0.0104495977315846,0.0
1998-06-04,0.0266346173625563,0.0
1998-06-05,0.0163657244884493,0.0
1998-06-08,0.0347353120567826,0.0
1998-06-09,0.0101168259687508,0.0
1998-06-10,0.0452245940707402,0.0
1998-06-11,0.0176552847670964,0.0
1998-06-12,0.0042785645851069,0.0
1998-06-15,0.0360524839908953,0.0
1998-06-16,0.003692082429855,0.0
1998-06-17,0.0544865895661021,0.0
1998-06-18,0.0229450684212687,0.0
1998-06-19,0.0092894292733018,0.0
1998-06-22,0.0220413378668667,0.0
1998-06-23,0.0148578434012562,0.0
1998-06-24,0.0068611130938706,0.0
1998-06-25,0.0046813779763794,0.0
1998-06-26,0.0146238702455508,0.0
1998-06-29,0.0004053377320662,0.0
1998-06-30,0.0171859456214906,0.0
1998-07-01,0.0263133578439679,0.0
1998-07-02,0.0268218080773263,0.0
1998-07-03,0.0019576531107181,0.0
1998-07-06,0.0043018542239248,0.0
1998-07-07,0.0109957951722929,0.0
1998-07-08,0.0066578359238614,0.0
1998-07-09,0.0037351483737597,0.0
1998-07-10,0.0121241675006994,0.0
1998-07-13,0.034675125137962,0.0
1998-07-14,0.0102595352182022,0.0
1998-07-15,0.0129336013144457,0.0
1998-07-16,0.0168643712727367,0.0
1998-07-17,0.0194836255490625,0.0
1998-07-20,0.0065713399724859,0.0
1998-07-21,0.0367735374274576,0.0
1998-07-22,0.0093231370578099,0.0
1998-07-23,0.0090783966486025,0.0
1998-07-24,0.0075963036587982,0.0
1998-07-27,0.0023851498377297,0.0
1998-07-28,0.0072088882706217,0.0
1998-07-29,0.0058275326158134,0.0
1998-07-30,0.0052519851430892,0.0
1998-07-31,0.0043978560784521,0.0
1998-08-03,0.0098740926290539,0.0
1998-08-04,0.0091319896504577,0.0
1998-08-05,0.0121487148100242,0.0
1998-08-06,0.0128902674801498,0.0
1998-08-07,0.0251883905401266,0.0
1998-08-11,0.0306198468794949,0.0
1998-08-12,0.0121376676718424,0.0
1998-08-13,0.0306216901029862,0.0
1998-08-14,0.0086295818388411,0.0
1998-08-17,0.029820917273563,0.0
1998-08-18,0.0190811403965324,0.0
1998-08-19,0.0049496141988985,0.0
1998-08-20,0.0001950188850129,0.0
1998-08-21,0.0110991193644735,0.0
1998-08-24,0.0171311758297495,0.0
1998-08-25,0.0065513653858434,0.0
1998-08-26,0.0158181021466915,0.0
1998-08-27,0.016301037551159,0.0
1998-08-28,0.0285297723597422,0.0
1998-08-31,0.0331088202939837,0.0
1998-09-01,0.0508736238577967,0.0
1998-09-02,0.0169329950109013,0.0
1998-09-03,0.018469896283194,0.0
1998-09-04,0.0094701144482916,0.0
1998-09-07,0.0684793065653774,0.0
1998-09-08,0.0076035647650296,0.0
1998-09-09,0.0191324991368536,0.0
1998-09-10,0.0233778018665898,0.0
1998-09-11,0.0137472381232075,0.0
1998-09-14,0.0284707036797133,0.0
1998-09-15,0.0274719531593766,0.0
1998-09-16,0.0481101411341424,0.0
1998-09-17,0.0056457112394717,0.0
1998-09-18,0.0309383016684358,0.0
1998-09-21,0.0335902568356024,0.0
1998-09-22,0.0154367032047822,0.0
1998-09-23,0.0051966476856631,0.0
1998-09-24,0.0338171863423043,0.0
1998-09-25,0.0086858649614155,0.0
1998-09-28,0.0071288784677187,0.0
1998-09-29,0.0085391738988177,0.0
1998-09-30,0.0012139698084255,0.0
1998-10-01,0.0254692716659249,0.0
1998-10-02,0.0176545785181098,0.0
1998-10-05,0.0180849788190093,0.0
1998-10-06,0.0085843185612763,0.0
1998-10-07,0.0331957642330846,0.0
1998-10-08,0.0313932785021239,0.0
1998-10-09,0.026656349570609,0.0
1998-10-12,0.0400906076486547,0.0
1998-10-13,0.0009447319347237,0.0
1998-10-14,0.0298410133686051,0.0
1998-10-15,0.0387707236903806,0.0
1998-10-16,0.0885227764507932,0.0
1998-10-20,0.009738202211451,0.0
1998-10-21,0.0285929649084692,0.0
1998-10-22,0.0207321720445345,0.0
1998-10-23,0.0035050475261881,0.0
1998-10-26,8.079226411342104e-05,0.0
1998-10-27,0.035379258669893,0.0
1998-10-28,0.0228133705692255,0.0
1998-10-29,0.004590331046867,0.0
1998-10-30,0.0158729924567291,0.0
1998-11-02,0.047436535553334,0.0
1998-11-03,0.0002611847958142,0.0
1998-11-04,0.0293097874899166,0.0
1998-11-05,0.0011766877516815,0.0
1998-11-06,0.0122017010293675,0.0
1998-11-09,0.0515327348925468,0.0
1998-11-10,0.0394976102476883,0.0
1998-11-11,0.0537805916811126,0.0
1998-11-12,0.0325664308613598,0.0
1998-11-13,0.008086307422464,0.0
1998-11-16,0.0284502113396345,0.0
1998-11-17,0.0048274406312482,0.0
1998-11-18,0.0286683763222328,0.0
1998-11-19,0.0346601661634198,0.0
1998-11-20,0.0235331280627159,0.0
1998-11-23,0.0213157593840875,0.0
1998-11-24,0.0257807438101834,0.0
1998-11-25,0.0159737537222712,0.0
1998-11-26,0.000136589045209,0.0
1998-11-27,0.0029151820711708,0.0
1998-11-30,0.0155020079424669,0.0
1998-12-01,0.0343630238453357,0.0
1998-12-02,0.0108201972684641,0.0
1998-12-03,0.029455460849047,0.0
1998-12-04,0.0101460944403105,0.0
1998-12-07,0.014404273816946,0.0
1998-12-08,0.0121210390024339,0.0
1998-12-09,0.0219865367912092,0.0
1998-12-10,0.0106757511427046,0.0
1998-12-11,0.0200697581190042,0.0
1998-12-14,0.0227689073790774,0.0
1998-12-15,0.0081593010886901,0.0
1998-12-16,0.0067391155707531,0.0
1998-12-17,0.0052031028120911,0.0
1998-12-18,0.0286945148702854,0.0
1998-12-21,0.0058708375598674,0.0
1998-12-22,0.0104409242193403,0.0
1998-12-23,0.0199296493309568,0.0
1998-12-24,0.0059194568921347,0.0
1998-12-28,0.0082768299616151,0.0
1998-12-29,0.0020437358651584,0.0
1998-12-30,0.0117196592807278,0.0
1998-12-31,0.0014134676597575,0.0
1999-01-04,0.0052849587878792,0.0
1999-01-05,0.0099557555951699,0.0
1999-01-06,0.0552397055396873,0.0
1999-01-07,0.035479883236796,0.0
1999-01-08,0.0178258154960477,0.0
1999-01-11,0.0013600525689736,0.0
1999-01-12,0.0039609512067474,0.0
1999-01-13,0.020322431275647,0.0
1999-01-14,0.019897079286481,0.0
1999-01-15,0.0157385436456701,0.0
1999-01-18,0.0310437224763069,0.0
1999-01-20,0.0007559962155636,0.0
1999-01-21,0.0289700338719207,0.0
1999-01-22,0.0169710209955361,0.0
1999-01-25,0.0561401724788764,0.0
1999-01-26,0.0135838026154402,0.0
1999-01-27,0.0280406653641397,0.0
1999-01-28,0.0217940709756333,0.0
1999-01-29,0.0014855477490232,0.0
1999-02-01,0.0150055333587113,0.0
1999-02-02,0.0145199042609573,0.0
1999-02-03,0.0143825175122911,0.0
1999-02-04,0.008821144118428,0.0
1999-02-05,0.0136690141516524,0.0
1999-02-08,0.0172785388539844,0.0
1999-02-09,0.023086249762812,0.0
1999-02-10,0.0152802594419117,0.0
1999-02-11,0.0534296463706325,0.0
1999-02-12,0.0017109526542128,0.0
1999-02-15,0.004639219534202,0.0
1999-02-18,0.0193911588353998,0.0
1999-02-19,0.029013039842982,0.0
1999-02-22,0.0186490085263448,0.0
1999-02-23,0.0001785325276099,0.0
1999-02-24,0.0075051139106345,0.0
1999-02-25,0.0005387847704269,0.0
1999-02-26,0.0011977220579326,0.0
1999-03-01,0.0077184634187479,0.0
1999-03-02,0.0029843766511726,0.0
1999-03-03,0.0019756617756959,0.0
1999-03-04,0.0123543979552269,0.0
1999-03-05,0.0112728249381427,0.0
1999-03-08,0.0015026241949291,0.0
1999-03-09,0.0078275208785707,0.0
1999-03-10,0.0199384686392825,0.0
1999-03-11,0.0014959245866214,0.0
1999-03-12,0.0094743917631707,0.0
1999-03-15,0.0056712567166301,0.0
1999-03-16,0.0031168410939018,0.0
1999-03-17,0.013096112030381,0.0
1999-03-18,0.0027859469886665,0.0
1999-03-19,0.0047090272960694,0.0
1999-03-22,0.0166229380192424,0.0
1999-03-23,0.0032168414927787,0.0
1999-03-24,0.0070650360151056,0.0
1999-03-25,0.0120763386304549,0.0
1999-03-26,0.0019146900957377,0.0
1999-03-30,0.013649298551636,0.0
1999-03-31,0.0001515632302785,0.0
1999-04-01,0.0175489294254164,0.0
1999-04-05,0.0232901352231649,0.0
1999-04-06,0.0154030486764179,0.0
1999-04-07,0.0100171643124028,0.0
1999-04-08,0.011820268243695,0.0
1999-04-09,0.0143038145913051,0.0
1999-04-12,0.002392866053656,0.0
1999-04-13,0.0111339579911124,0.0
1999-04-14,0.013510468695042,0.0
1999-04-15,0.0019948167751961,0.0
1999-04-16,0.0367067219836794,0.0
1999-04-19,0.0400858781555485,0.0
1999-04-20,0.017980750418986,0.0
1999-04-21,0.0179915506387409,0.0
1999-04-22,0.0108295659616944,0.0
1999-04-23,0.0015505745913139,0.0
1999-04-26,0.002324007467559,0.0
1999-04-27,0.0036145268615659,0.0
1999-04-28,0.021128806335618,0.0
1999-04-29,0.010214438553042,0.0
1999-04-30,0.0365524093623288,0.0
1999-05-03,0.0063682455584887,0.0
1999-05-04,0.0175768513109508,0.0
1999-05-05,0.0170798842569589,0.0
1999-05-06,0.004802239164951,0.0
1999-05-07,0.0388217657994783,0.0
1999-05-10,0.0197091025886172,0.0
1999-05-11,0.0141288211240834,0.0
1999-05-12,7.412300357179338e-05,0.0
1999-05-13,0.0107456433249398,0.0
1999-05-14,0.0077024099712602,0.0
1999-05-17,0.0015038691261417,0.0
1999-05-18,0.0196780123575912,0.0
1999-05-19,0.0033008221386125,0.0
1999-05-20,0.008019037701126,0.0
1999-05-21,0.0136129630710924,0.0
1999-05-24,0.0105505209052946,0.0
1999-05-25,0.019112617428436,0.0
1999-05-26,0.0013087177427902,0.0
1999-05-27,0.0115712219343862,0.0
1999-05-28,0.006330757552743,0.0
1999-05-31,9.451332824511006e-05,0.0
1999-06-01,0.0026332886296625,0.0
1999-06-02,0.0096344980833803,0.0
1999-06-03,0.0076186660053489,0.0
1999-06-04,0.0070947653204758,0.0
1999-06-07,0.0139248236412377,0.0
1999-06-08,0.020765657529328,0.0
1999-06-09,0.0050463000758892,0.0
1999-06-10,0.0116239278494087,0.0
1999-06-11,0.0181446912700276,0.0
1999-06-14,0.0042612756019315,0.0
1999-06-15,0.0056269753247423,0.0
1999-06-16,0.0014813893102254,0.0
1999-06-17,0.0066030849019447,0.0
1999-06-18,0.0064389232150952,0.0
1999-06-21,0.0237424104333418,0.0
1999-06-22,0.0013432422756138,0.0
1999-06-23,0.020622070316882,0.0
1999-06-24,0.0111306021755602,0.0
1999-06-25,0.0059903977995098,0.0
1999-06-28,0.0068995880378908,0.0
1999-06-29,0.0080190112201551,0.0
1999-06-30,0.0061535276945908,0.0
1999-07-01,0.0214728552165788,0.0
1999-07-02,0.0034706386845964,0.0
1999-07-05,0.004966308438776,0.0
1999-07-06,0.0163807362544523,0.0
1999-07-07,0.0143426964883243,0.0
1999-07-08,0.0071230267032113,0.0
1999-07-09,0.0100287955979982,0.0
1999-07-12,0.0078304243024179,0.0
1999-07-13,0.0092707026490377,0.0
1999-07-14,6.42133254302462e-05,0.0
1999-07-15,0.0096440900213588,0.0
1999-07-16,0.0109508684495432,0.0
1999-07-19,0.006053220710459,0.0
1999-07-20,0.0077806692782962,0.0
1999-07-21,0.0191587581218328,0.0
1999-07-22,0.0141412052736452,0.0
1999-07-23,0.0383186867469483,0.0
1999-07-26,0.0255375311111491,0.0
1999-07-27,0.0301846665444159,0.0
1999-07-28,0.0383802398230105,0.0
1999-07-29,0.0326943562283834,0.0
1999-07-30,0.0004332851069526,0.0
1999-08-02,0.0080105413358487,0.0
1999-08-03,0.0068914813295535,0.0
1999-08-04,0.0002938317895657,0.0
1999-08-05,0.0292818912860066,0.0
1999-08-06,0.0062196414092169,0.0
1999-08-10,0.0228076457781296,0.0
1999-08-11,0.0174713882228048,0.0
1999-08-12,0.0126391083131652,0.0
1999-08-13,0.0221684901387103,0.0
1999-08-16,0.0150786201418294,0.0
1999-08-17,0.0075688608742199,0.0
1999-08-18,0.0324201912376774,0.0
1999-08-19,0.0102650333095071,0.0
1999-08-20,0.0083705377269904,0.0
1999-08-23,0.0173581489640709,0.0
1999-08-24,0.0018614333782552,0.0
1999-08-25,0.0076779646908461,0.0
1999-08-26,0.0121799783206054,0.0
1999-08-27,0.0036645141354385,0.0
1999-08-30,0.0015095184609556,0.0
1999-08-31,0.0160291878869185,0.0
1999-09-01,0.0024390406281813,0.0
1999-09-02,0.0019479210062435,0.0
1999-09-03,0.0118869659011153,0.0
1999-09-06,0.0031481832256446,0.0
1999-09-07,0.0026823437768392,0.0
1999-09-08,0.0038164992083534,0.0
1999-09-09,0.0142115053577471,0.0
1999-09-10,0.0026523474106024,0.0
1999-09-13,0.0028836534454571,0.0
1999-09-14,0.001527429418447,0.0
1999-09-15,0.010283698476407,0.0
1999-09-16,0.0146021229349306,0.0
1999-09-17,0.0199447857562386,0.0
1999-09-20,0.0042351580667981,0.0
1999-09-21,0.0065642915949059,0.0
1999-09-22,0.0198153956089458,0.0
1999-09-23,0.0003578237624536,0.0
1999-09-24,0.0241680172242259,0.0
1999-09-27,0.0142817193683421,0.0
1999-09-28,0.0169675124263772,0.0
1999-09-29,0.003399299815406,0.0
1999-09-30,0.002158737029386,0.0
1999-10-01,0.014401715872955,0.0
1999-10-04,0.0065491009047718,0.0
1999-10-05,0.0130894674673174,0.0
1999-10-06,0.0172807544214603,0.0
1999-10-07,0.0091265595896701,0.0
1999-10-08,0.002588279770544,0.0
1999-10-11,0.0036537693775627,0.0
1999-10-12,0.0018676863995339,0.0
1999-10-13,0.0107597718758658,0.0
1999-10-14,0.0080510783194032,0.0
1999-10-15,0.0245784385802736,0.0
1999-10-18,0.0334458133761504,0.0
1999-10-19,0.0051500571302045,0.0
1999-10-20,0.021089975478607,0.0
1999-10-21,0.0039475787019567,0.0
1999-10-22,5.947890250889848e-05,0.0
1999-10-25,0.0024654967910945,0.0
1999-10-26,0.0043757238733141,0.0
1999-10-27,0.0122674804798627,0.0
1999-10-28,0.0071489269786673,0.0
1999-10-29,0.0216777322120468,0.0
1999-11-01,0.0125675539291981,0.0
1999-11-02,0.0076606052347562,0.0
1999-11-03,0.0148463334773154,0.0
1999-11-04,0.0104576072345195,0.0
1999-11-05,0.0007628147898844,0.0
1999-11-09,0.0030877567489892,0.0
1999-11-10,0.0097629722035046,0.0
1999-11-11,0.0069003003427135,0.0
1999-11-12,0.0148177480811097,0.0
1999-11-15,0.0181747058233162,0.0
1999-11-16,0.0058010744441458,0.0
1999-11-17,0.004476563535225,0.0
1999-11-18,0.0113707176589115,0.0
1999-11-19,0.0078559977091494,0.0
1999-11-22,0.002795366435374,0.0
1999-11-23,0.0017534131250504,0.0
1999-11-24,0.0091965491361619,0.0
1999-11-25,0.0050586247124676,0.0
1999-11-26,0.0153192134737349,0.0
1999-11-29,0.0060069206445837,0.0
1999-11-30,0.0065925808933511,0.0
1999-12-01,0.0128213812362794,0.0
1999-12-02,0.0084177507527172,0.0
1999-12-03,0.0002289549553457,0.0
1999-12-06,0.0071696565871499,0.0
1999-12-07,0.0246639275121651,0.0
1999-12-08,0.0221285081827118,0.0
1999-12-09,0.0087987409779733,0.0
1999-12-10,0.0097870058905549,0.0
1999-12-13,0.0038144465996182,0.0
1999-12-14,0.0071790096359802,0.0
1999-12-15,0.0169541733550544,0.0
1999-12-16,0.0062743432037468,0.0
1999-12-17,0.0245866613745946,0.0
1999-12-20,0.0011851463338638,0.0
1999-12-21,0.0029921725361298,0.0
1999-12-22,0.0088828093965044,0.0
1999-12-23,0.016843822485414,0.0
1999-12-24,0.0092061643860246,0.0
1999-12-27,0.0056449637439698,0.0
1999-12-28,0.0054815228233079,0.0
1999-12-29,0.0104560906616313,0.0
1999-12-30,0.0027826193391794,0.0
2000-01-03,0.0408390398519055,0.0
2000-01-04,0.0206497114328263,0.0
2000-01-05,0.0565543032207186,0.0
2000-01-06,0.0133974470242549,0.0
2000-01-07,0.0196554580758933,0.0
2000-01-10,0.0114222282501046,0.0
2000-01-11,0.0099022488403223,0.0
2000-01-12,0.0073844236384323,0.0
2000-01-13,0.0137873675457883,0.0
2000-01-14,0.0007478985593532,0.0
2000-01-17,0.0213290345686453,0.0
2000-01-18,0.0095543098756376,0.0
2000-01-19,0.0283756776558975,0.0
2000-01-20,0.0265462420757813,0.0
2000-01-21,0.016130070265462,0.0
2000-01-24,0.006092786935727,0.0
2000-01-25,0.0114623155943867,0.0
2000-01-26,0.0091901069927178,0.0
2000-01-27,0.020249429522795,0.0
2000-01-28,0.0090663815957428,0.0
2000-01-31,0.0241994465322073,0.0
2000-02-01,4.925864643493157e-05,0.0
2000-02-02,0.0182199285710726,0.0
2000-02-03,0.0097639096550402,0.0
2000-02-04,0.0042499283198241,0.0
2000-02-08,0.0058205302480584,0.0
2000-02-09,0.008262727190092,0.0
2000-02-10,0.0009073397759835,0.0
2000-02-11,0.0043136383527515,0.0
2000-02-14,0.0005546714942287,0.0
2000-02-15,0.0165936119857438,0.0
2000-02-16,0.005875311764141,0.0
2000-02-17,0.0079822590832846,0.0
2000-02-18,0.0239108455424887,0.0
2000-02-21,0.0286565139292174,0.0
2000-02-22,0.0043718461943813,0.0
2000-02-23,0.0146456388868939,0.0
2000-02-24,0.0065847745720837,0.0
2000-02-25,0.0078469945401938,0.0
2000-02-28,0.0102136345307382,0.0
2000-02-29,0.0008728626334686,0.0
2000-03-01,0.0030463478223608,0.0
2000-03-02,0.0018370861703623,0.0
2000-03-03,0.0032457009478964,0.0
2000-03-06,0.0013877469332412,0.0
2000-03-07,0.0136112319215814,0.0
2000-03-08,0.0089964461986901,0.0
2000-03-09,0.0046740226967408,0.0
2000-03-10,0.0066769906644969,0.0
2000-03-13,0.0258923622716761,0.0
2000-03-14,0.0052781340467403,0.0
2000-03-15,0.0153895173799293,0.0
2000-03-17,0.0351590106301223,0.0
2000-03-20,0.0083277869715507,0.0
2000-03-21,0.0197544535129651,0.0
2000-03-22,0.007102200391147,0.0
2000-03-23,0.0031873332342603,0.0
2000-03-24,0.0090567559744758,0.0
2000-03-27,0.0324877214083705,0.0
2000-03-28,0.0042670463419922,0.0
2000-03-29,0.0119251293268006,0.0
2000-03-30,0.0300840933400262,0.0
2000-03-31,0.0074269785326814,0.0
2000-04-03,0.0289774053735409,0.0
2000-04-04,0.006362826678787,0.0
2000-04-05,0.0015751661878254,0.0
2000-04-06,0.0269814895232825,0.0
2000-04-07,0.0183016918780078,0.0
2000-04-10,0.0110254345188353,0.0
2000-04-11,0.0020900089404506,0.0
2000-04-12,0.0018796472073049,0.0
2000-04-13,0.0132628545836428,0.0
2000-04-14,0.0118798491758181,0.0
2000-04-17,0.0909498118772352,0.0
2000-04-18,0.0038836502944039,0.0
2000-04-19,0.0254508822044393,0.0
2000-04-20,0.0103210285067679,0.0
2000-04-24,0.0147652177591008,0.0
2000-04-25,0.0083464252854427,0.0
2000-04-26,0.0200401785841187,0.0
2000-04-27,0.0201484202140639,0.0
2000-04-28,0.0057417324286429,0.0
2000-05-02,0.0012653039835006,0.0
2000-05-03,0.0100277814723216,0.0
2000-05-04,0.0114533646182717,0.0
2000-05-05,0.001151143899147,0.0
2000-05-08,0.0185725391175286,0.0
2000-05-09,0.0048455058452906,0.0
2000-05-10,0.0155596792622081,0.0
2000-05-11,0.0263501043018641,0.0
2000-05-12,0.0113787573577846,0.0
2000-05-15,0.0075233885059119,0.0
2000-05-16,0.0212446624791004,0.0
2000-05-17,0.021060735829088,0.0
2000-05-19,0.0096947314147432,0.0
2000-05-22,0.0318921750197242,0.0
2000-05-23,0.0125664383791741,0.0
2000-05-24,0.017916094010299,0.0
2000-05-25,0.0116599398308539,0.0
2000-05-26,0.016132757408385,0.0
2000-05-29,0.0071040955673691,0.0
2000-05-30,0.0189279085407544,0.0
2000-05-31,0.0022813393098315,0.0
2000-06-01,0.0231978912085987,0.0
2000-06-02,0.0390373203509464,0.0
2000-06-05,0.0370107350479318,0.0
2000-06-06,0.0096834042923434,0.0
2000-06-07,0.016425136054584,0.0
2000-06-08,0.0124051192633861,0.0
2000-06-09,0.0086086569543609,0.0
2000-06-12,0.0002692637374469,0.0
2000-06-13,0.0115400650456817,0.0
2000-06-14,0.0086564638866911,0.0
2000-06-15,0.0002505051787566,0.0
2000-06-16,0.0115963980146183,0.0
2000-06-19,0.0079932455189235,0.0
2000-06-20,0.0069391193206513,0.0
2000-06-21,0.0095360997827342,0.0
2000-06-22,0.0003548436739692,0.0
2000-06-23,0.002800967342001,0.0
2000-06-26,0.0035406597641014,0.0
2000-06-27,0.0045870924887127,0.0
2000-06-28,0.0120657318842481,0.0
2000-06-29,0.0055705877999104,0.0
2000-06-30,0.0057441006685794,0.0
2000-07-03,0.0159856633779743,0.0
2000-07-04,0.0007771054804365,0.0
2000-07-05,0.00380960366828,0.0
2000-07-06,0.007517418820638,0.0
2000-07-07,0.0134124383856892,0.0
2000-07-10,0.0026153985911866,0.0
2000-07-11,0.0042661491689138,0.0
2000-07-12,0.0029807453842971,0.0
2000-07-13,0.0135102291527128,0.0
2000-07-14,0.0024587000345267,0.0
2000-07-17,0.0133961834277099,0.0
2000-07-18,0.0006975926848088,0.0
2000-07-19,0.0144876750380388,0.0
2000-07-20,0.0018545833979193,0.0
2000-07-21,0.0030751788471865,0.0
2000-07-24,0.0131294942345267,0.0
2000-07-25,0.000314449004006,0.0
2000-07-26,0.0091587783092736,0.0
2000-07-27,0.0107103950236632,0.0
2000-07-28,0.0087890331631751,0.0
2000-07-31,0.0059605340309741,0.0
2000-08-01,0.0110878756531979,0.0
2000-08-02,0.0039421095736978,0.0
2000-08-03,0.010163136323497,0.0
2000-08-04,0.0037581313771803,0.0
2000-08-07,0.0032052593983111,0.0
2000-08-08,0.0069682854665127,0.0
2000-08-10,0.0190399192167899,0.0
2000-08-11,0.0079659236973915,0.0
2000-08-14,0.0123648820928795,0.0
2000-08-15,0.0122882323381532,0.0
2000-08-16,0.0149474359530423,0.0
2000-08-17,0.0096428320827795,0.0
2000-08-18,0.0098030088897215,0.0
2000-08-21,0.0069171254891347,0.0
2000-08-22,0.0044523416259917,0.0
2000-08-23,0.009116282674037,0.0
2000-08-24,0.007556608583728,0.0
2000-08-25,0.0035343262987354,0.0
2000-08-28,0.0045228835521535,0.0
2000-08-29,0.0043429180403621,0.0
2000-08-30,0.0006185769163956,0.0
2000-08-31,0.0081473299368401,0.0
2000-09-01,0.0060021170140192,0.0
2000-09-04,0.0134967467965916,0.0
2000-09-05,0.005567902533003,0.0
2000-09-06,0.0066846787395402,0.0
2000-09-07,0.0101745423171561,0.0
2000-09-08,0.0030117553981995,0.0
2000-09-11,0.007257928303235,0.0
2000-09-12,0.0159550127403634,0.0
2000-09-13,0.0019049082994053,0.0
2000-09-14,0.0024380556127859,0.0
2000-09-15,0.0112960369633658,0.0
2000-09-18,0.0183938315698988,0.0
2000-09-19,0.0009129804021157,0.0
2000-09-20,0.0038945876797509,0.0
2000-09-21,0.0089002475279043,0.0
2000-09-22,0.028468477526077,0.0
2000-09-25,0.0228159540809485,0.0
2000-09-26,0.0059893123040375,0.0
2000-09-27,0.0096925283765395,0.0
2000-09-28,0.0027190791791502,0.0
2000-09-29,0.016199410840581,0.0
2000-10-02,0.0121312316728943,0.0
2000-10-03,0.0026271568132292,0.0
2000-10-04,0.0007333176512175,0.0
2000-10-05,0.0092253687416362,0.0
2000-10-06,0.0161904502333603,0.0
2000-10-09,0.0393749377170295,0.0
2000-10-10,0.0140123703668248,0.0
2000-10-11,0.0357715697507955,0.0
2000-10-12,0.010392219836002,0.0
2000-10-13,0.0029251687664368,0.0
2000-10-16,0.0122711912438535,0.0
2000-10-17,0.0350782597076197,0.0
2000-10-18,0.005544340867327,0.0
2000-10-19,0.0298949371023346,0.0
2000-10-20,0.0208111017089578,0.0
2000-10-23,0.0047835791809067,0.0
2000-10-24,0.0006265769402741,0.0
2000-10-25,0.0034341562949025,0.0
2000-10-27,0.0199629679217558,0.0
2000-10-30,0.0016791100327919,0.0
2000-10-31,0.0095520064580628,0.0
2000-11-01,0.0316068534849695,0.0
2000-11-02,0.0002058816893578,0.0
2000-11-03,0.0102732768835175,0.0
2000-11-06,0.0268725445366803,0.0
2000-11-07,0.0071795642994701,0.0
2000-11-08,0.0023676297848289,0.0
2000-11-09,0.0063328563359133,0.0
2000-11-10,0.0088171659034343,0.0
2000-11-13,0.0245822225481326,0.0
2000-11-14,0.02173359020964,0.0
2000-11-15,0.0116144824506263,0.0
2000-11-16,0.0125178217344767,0.0
2000-11-17,0.0146348164810863,0.0
2000-11-20,0.0099545274701946,0.0
2000-11-21,0.0050847634207283,0.0
2000-11-22,0.006940573958042,0.0
2000-11-23,0.0151638821965072,0.0
2000-11-24,0.0224692879180412,0.0
2000-11-27,0.0024420356921133,0.0
2000-11-28,0.0067211347738881,0.0
2000-11-29,0.0028266335443722,0.0
2000-11-30,0.0043343337089016,0.0
2000-12-01,0.0014178945233184,0.0
2000-12-04,0.0123677412754533,0.0
2000-12-05,0.0116564834563073,0.0
2000-12-06,0.010803360828081,0.0
2000-12-07,0.0081860023751743,0.0
2000-12-08,0.0007298259298261,0.0
2000-12-11,0.022263782820424,0.0
2000-12-12,0.0103210936889173,0.0
2000-12-13,0.0149851696143559,0.0
2000-12-14,0.0165844242277734,0.0
2000-12-15,0.0164739235336389,0.0
2000-12-18,0.0110008366182588,0.0
2000-12-19,0.004513322555235,0.0
2000-12-20,0.0162155636604871,0.0
2000-12-21,0.0159244259786787,0.0
2000-12-22,0.0021148544499638,0.0
2000-12-26,0.0054064776669404,0.0
2000-12-28,0.0041812778650925,0.0
2000-12-29,0.0137433326450845,0.0
2001-01-02,0.0159820549985614,0.0
2001-01-03,0.0185007189152105,0.0
2001-01-04,0.0313223659769546,0.0
2001-01-05,0.027761492995648,0.0
2001-01-08,0.0120326848663465,0.0
2001-01-09,0.0086087969171055,0.0
2001-01-10,0.0009345339659784,0.0
2001-01-11,0.0282597971367109,0.0
2001-01-12,0.0025033270265325,0.0
2001-01-15,0.004998371337063,0.0
2001-01-16,0.0069796469036706,0.0
2001-01-17,0.0046243886819895,0.0
2001-01-18,0.0103248744033058,0.0
2001-01-19,0.0101727853971465,0.0
2001-01-22,0.0021425388450191,0.0
2001-01-23,0.00168356601322,0.0
2001-01-26,0.0043506565057223,0.0
2001-01-29,0.0136325418797586,0.0
2001-01-30,0.0151380522057148,0.0
2001-01-31,0.0150629966904891,0.0
2001-02-01,0.0044845440178577,0.0
2001-02-02,0.0029199609152778,0.0
2001-02-05,0.0118118523704889,0.0
2001-02-06,0.002881193776061,0.0
2001-02-07,0.0026321055388816,0.0
2001-02-08,0.0202249149258183,0.0
2001-02-09,0.0045352091868814,0.0
2001-02-12,0.0084823752332204,0.0
2001-02-13,0.0006986806498027,0.0
2001-02-14,0.0114745605315249,0.0
2001-02-15,0.0047949925995215,0.0
2001-02-16,0.002021728041447,0.0
2001-02-19,0.0120167935813527,0.0
2001-02-20,0.0143320454157024,0.0
2001-02-21,0.0075736754633094,0.0
2001-02-22,0.0085001309218238,0.0
2001-02-23,0.0011512280638782,0.0
2001-02-26,0.0068848431063146,0.0
2001-02-27,0.0118899877998003,0.0
2001-02-28,0.0052824960077827,0.0
2001-03-01,0.018465637376538,0.0
2001-03-02,0.0023723590196976,0.0
2001-03-05,0.0037716702440305,0.0
2001-03-07,0.0056051010102119,0.0
2001-03-08,0.0029193299606057,0.0
2001-03-09,0.0036020103011742,0.0
2001-03-12,0.0258701258209622,0.0
2001-03-13,0.0284408959764437,0.0
2001-03-14,0.0032254485035104,0.0
2001-03-15,0.0009257685226998,0.0
2001-03-16,0.012193284206964,0.0
2001-03-19,0.0285917458199566,0.0
2001-03-20,0.0055300323770304,0.0
2001-03-21,0.0021388863974618,0.0
2001-03-22,0.0260778192201223,0.0
2001-03-23,0.018707005298169,0.0
2001-03-26,0.0016775205987189,0.0
2001-03-27,0.0228407360941189,0.0
2001-03-28,0.0150406251682206,0.0
2001-03-29,0.0160193028720067,0.0
2001-03-30,0.0279587183013982,0.0
2001-04-02,0.0152210174946235,0.0
2001-04-03,0.0029092182694187,0.0
2001-04-04,0.0135454110363041,0.0
2001-04-05,0.0332811424166767,0.0
2001-04-06,0.0040034896317632,0.0
2001-04-09,0.0460890800413852,0.0
2001-04-10,0.0063561599313683,0.0
2001-04-11,0.0068791675052934,0.0
2001-04-12,0.014722369518083,0.0
2001-04-16,0.0008097030568495,0.0
2001-04-17,0.0171743858478148,0.0
2001-04-18,0.0247435176888481,0.0
2001-04-19,0.024577464001343,0.0
2001-04-20,0.0062081343157997,0.0
2001-04-23,0.0171864810496524,0.0
2001-04-24,0.0007356722411666,0.0
2001-04-25,0.0091214189446546,0.0
2001-04-26,0.0004549730916523,0.0
2001-04-27,0.0097601893715603,0.0
2001-04-30,0.021278721150556,0.0
2001-05-02,0.0086349801389142,0.0
2001-05-03,0.0019759006261308,0.0
2001-05-04,0.0112437377185234,0.0
2001-05-08,0.007527494148137,0.0
2001-05-09,0.0116066066096605,0.0
2001-05-10,0.0038917827817796,0.0
2001-05-11,0.0085194420051379,0.0
2001-05-14,0.013761458658138,0.0
2001-05-15,0.0062658161782961,0.0
2001-05-16,0.0202554751257092,0.0
2001-05-17,0.015119939766947,0.0
2001-05-18,0.011558998724843,0.0
2001-05-21,0.0024328791732043,0.0
2001-05-22,0.009322345255368,0.0
2001-05-23,0.0027661356304629,0.0
2001-05-24,0.0032077557438332,0.0
2001-05-25,0.0027395442020546,0.0
2001-05-28,0.0066581412980814,0.0
2001-05-29,0.0033940434445288,0.0
2001-05-30,0.0116653449284071,0.0
2001-05-31,0.0034278956867278,0.0
2001-06-01,0.0043969790236291,0.0
2001-06-04,0.0098556035840503,0.0
2001-06-05,0.0050887039201287,0.0
2001-06-06,0.0026895340942265,0.0
2001-06-07,0.0027595334736311,0.0
2001-06-08,0.0139715247298077,0.0
2001-06-11,0.0126598777207786,0.0
2001-06-12,0.004517940141034,0.0
2001-06-13,0.0104434919821531,0.0
2001-06-14,0.0038399101975037,0.0
2001-06-15,0.0097774225166529,0.0
2001-06-18,0.0044563794863592,0.0
2001-06-19,0.0070915760753581,0.0
2001-06-20,0.0099279617207323,0.0
2001-06-21,0.0006704808102514,0.0
2001-06-22,0.0181913207857119,0.0
2001-06-25,0.005437417199572,0.0
2001-06-26,0.001462998165101,0.0
2001-06-27,0.003919758641599,0.0
2001-06-28,0.0024977935960929,0.0
2001-06-29,0.0109839289527943,0.0
2001-07-02,0.0115814344495515,0.0
2001-07-03,0.0019648590712951,0.0
2001-07-04,0.0056285782594949,0.0
2001-07-05,0.0033651100522532,0.0
2001-07-06,0.0162809212141311,0.0
2001-07-09,0.0037281611736909,0.0
2001-07-10,0.0154489599228576,0.0
2001-07-11,0.0113415233487572,0.0
2001-07-12,0.0068502719409212,0.0
2001-07-13,0.009532389734419,0.0
2001-07-16,0.0021824377539684,0.0
2001-07-17,0.0132028497204531,0.0
2001-07-18,0.0067104170802247,0.0
2001-07-19,0.0006022014740891,0.0
2001-07-20,0.0068853355724544,0.0
2001-07-23,0.0065472839678261,0.0
2001-07-24,0.00212382282976,0.0
2001-07-25,0.0010173773842449,0.0
2001-07-26,0.0041871991273093,0.0
2001-07-27,0.0006342165855211,0.0
2001-07-30,0.0104065474483696,0.0
2001-07-31,0.0050968915031164,0.0
2001-08-01,0.0112210740536679,0.0
2001-08-02,0.0087931392643013,0.0
2001-08-03,0.0124841781607232,0.0
2001-08-06,0.0053513587615077,0.0
2001-08-07,0.0006635713259175,0.0
2001-08-08,0.0092148932952505,0.0
2001-08-10,0.0002923732901988,0.0
2001-08-13,0.0093587285607659,0.0
2001-08-14,0.0130194909934543,0.0
2001-08-15,0.001676727297327,0.0
2001-08-16,0.0064597018491629,0.0
2001-08-17,0.0012781534101796,0.0
2001-08-20,0.0056816487580479,0.0
2001-08-21,0.0028969691638358,0.0
2001-08-22,0.0004656865542484,0.0
2001-08-23,0.0018299774667552,0.0
2001-08-24,0.0066135390116953,0.0
2001-08-27,0.0124421809744572,0.0
2001-08-28,0.0026174392772455,0.0
2001-08-29,0.0035537231301609,0.0
2001-08-30,0.0117457465061778,0.0
2001-08-31,0.0020897387387154,0.0
2001-09-03,0.0022320864178725,0.0
2001-09-04,0.0031149255863197,0.0
2001-09-05,0.0012148802855913,0.0
2001-09-06,0.0089893374573571,0.0
2001-09-07,0.0194986000126107,0.0
2001-09-10,0.0118008644950161,0.0
2001-09-11,0.0053180927253586,0.0
2001-09-12,0.0771359795255541,0.0
2001-09-13,0.0081547132179196,0.0
2001-09-14,0.0270325719816789,0.0
2001-09-17,0.0481673488954614,0.0
2001-09-18,0.0076351305322173,0.0
2001-09-19,0.013396227124512,0.0
2001-09-20,0.0216078141096544,0.0
2001-09-21,0.0565212749301893,0.0
2001-09-24,0.0343585089998602,0.0
2001-09-25,0.0024628132544217,0.0
2001-09-26,0.0029775060761868,0.0
2001-09-27,0.0256216526184895,0.0
2001-09-28,0.0065845995960134,0.0
2001-10-01,0.0096236606685719,0.0
2001-10-02,0.0134422661634138,0.0
2001-10-03,0.0112155248645085,0.0
2001-10-04,0.0313184316982929,0.0
2001-10-05,0.0055804929154713,0.0
2001-10-08,0.0266539640356474,0.0
2001-10-09,0.0245658981558796,0.0
2001-10-10,0.0123722516683232,0.0
2001-10-11,0.0218600897558401,0.0
2001-10-12,0.0145807319603386,0.0
2001-10-15,0.0032005716609645,0.0
2001-10-16,0.0055239223148002,0.0
2001-10-17,0.0093495846129573,0.0
2001-10-18,0.0248045803478038,0.0
2001-10-19,0.0128564864084941,0.0
2001-10-22,0.0005690386846624,0.0
2001-10-23,0.012536550798023,0.0
2001-10-24,0.008297070070027,0.0
2001-10-25,0.0056750465055945,0.0
2001-10-26,0.0014678234320907,0.0
2001-10-29,0.0124850621758516,0.0
2001-10-30,0.007475462397781,0.0
2001-10-31,0.0112824836003901,0.0
2001-11-01,0.0149743761367918,0.0
2001-11-02,0.0044179222895299,0.0
2001-11-05,0.0008053184034756,0.0
2001-11-06,0.0040964217020321,0.0
2001-11-07,0.0048883035581511,0.0
2001-11-08,0.0033140614631604,0.0
2001-11-09,0.0221548597118899,0.0
2001-11-12,0.0055248426189014,0.0
2001-11-13,0.0029159689430178,0.0
2001-11-15,0.0470625261919338,0.0
2001-11-16,0.0070069021952147,0.0
2001-11-19,0.0208957092750705,0.0
2001-11-20,0.0037116068529091,0.0
2001-11-21,0.0126237111097473,0.0
2001-11-22,0.0096491519597819,0.0
2001-11-23,0.0048601982674768,0.0
2001-11-26,0.0118280698312254,0.0
2001-11-27,0.0178332780323712,0.0
2001-11-28,0.0171693526110999,0.0
2001-11-29,0.0151012989300607,0.0
2001-11-30,0.0164616795837241,0.0
2001-12-03,0.0105893642772396,0.0
2001-12-04,0.0288578907048951,0.0
2001-12-05,0.0352358630588692,0.0
2001-12-06,0.0155267196530178,0.0
2001-12-07,0.0065785988468709,0.0
2001-12-10,0.0076668788485767,0.0
2001-12-11,0.0084121541485233,0.0
2001-12-12,0.0051479158883101,0.0
2001-12-13,0.0157130108604469,0.0
2001-12-14,0.0072119113570356,0.0
2001-12-18,0.0160090145838792,0.0
2001-12-19,0.0074488027040392,0.0
2001-12-20,0.0013610031872029,0.0
2001-12-21,0.0102198593328752,0.0
2001-12-24,0.0026975762922075,0.0
2001-12-26,0.0035602820038309,0.0
2001-12-27,0.0156553342841564,0.0
2001-12-28,0.0086288453178007,0.0
2001-12-31,0.0014648079693716,0.0
2002-01-02,0.0012864140547138,0.0
2002-01-03,0.0170889200802915,0.0
2002-01-04,0.0149806143129894,0.0
2002-01-07,0.0102411876184344,0.0
2002-01-08,0.0047471498772719,0.0
2002-01-09,0.0105127293403687,0.0
2002-01-10,0.0120490862954934,0.0
2002-01-11,0.0015070579880688,0.0
2002-01-14,0.0159801708956933,0.0
2002-01-15,0.0216237491748543,0.0
2002-01-16,0.0118373735554118,0.0
2002-01-17,0.0084137340417213,0.0
2002-01-18,0.0007464739594791,0.0
2002-01-21,0.0058561514132772,0.0
2002-01-22,0.0049959505813699,0.0
2002-01-23,0.0019101332737725,0.0
2002-01-24,0.0020304361096991,0.0
2002-01-25,0.0399898749182996,0.0
2002-01-28,0.0240156008390568,0.0
2002-01-29,0.0009367769299313,0.0
2002-01-30,0.0088634942327007,0.0
2002-01-31,0.0176603202702204,0.0
2002-02-01,0.0030658630544398,0.0
2002-02-04,0.0131486900046551,0.0
2002-02-05,0.0175116038306235,0.0
2002-02-06,0.0120706483211532,0.0
2002-02-07,0.0181785416694798,0.0
2002-02-08,0.0111829112059222,0.0
2002-02-11,0.0024100703180765,0.0
2002-02-14,0.0193563351593067,0.0
2002-02-15,0.0035902747124994,0.0
2002-02-18,0.004267508850288,0.0
2002-02-19,0.0102813316870399,0.0
2002-02-20,0.0077072367484563,0.0
2002-02-21,0.0014330262755073,0.0
2002-02-22,0.0243554082903689,0.0
2002-02-25,0.0133957502445906,0.0
2002-02-26,0.0087938909297984,0.0
2002-02-27,0.0118000350434183,0.0
2002-02-28,0.0077297952869152,0.0
2002-03-01,0.0034564426013674,0.0
2002-03-04,0.0490523154789369,0.0
2002-03-05,0.000984908740501,0.0
2002-03-06,0.0037161974019375,0.0
2002-03-07,0.0029382626057029,0.0
2002-03-08,0.002604811300564,0.0
2002-03-11,0.0033905875063688,0.0
2002-03-12,0.0121392129293984,0.0
2002-03-13,0.0013169540975691,0.0
2002-03-14,0.0044339386750344,0.0
2002-03-15,0.0001743248597947,0.0
2002-03-18,0.0046123630673233,0.0
2002-03-19,0.0123015562660018,0.0
2002-03-20,0.0036174580696944,0.0
2002-03-21,0.0044552724828737,0.0
2002-03-22,0.0035224481962057,0.0
2002-03-25,0.0008947371178114,0.0
2002-03-26,0.0024939365110669,0.0
2002-03-27,0.0005851044097366,0.0
2002-03-28,0.0044797658899836,0.0
2002-04-01,0.0078668477969505,0.0
2002-04-02,0.0045673356207794,0.0
2002-04-03,0.007982702348584,0.0
2002-04-04,0.0027013253447533,0.0
2002-04-05,0.0010060942517259,0.0
2002-04-08,0.0080719162471161,0.0
2002-04-09,0.0064774563804644,0.0
2002-04-10,0.0224299939465714,0.0
2002-04-11,0.0146012385730145,0.0
2002-04-12,0.0063969224994594,0.0
2002-04-15,0.0032998380025553,0.0
2002-04-16,0.0070926960889946,0.0
2002-04-17,0.0007284806496301,0.0
2002-04-18,0.0135271959503441,0.0
2002-04-19,0.0096138534394612,0.0
2002-04-22,0.0018273420731146,0.0
2002-04-23,0.0073757608778752,0.0
2002-04-24,0.0032976722233376,0.0
2002-04-25,0.0042170088701819,0.0
2002-04-26,0.0005208160143033,0.0
2002-04-29,0.0093356662945956,0.0
2002-04-30,0.0076273763558259,0.0
2002-05-02,0.0086447109889875,0.0
2002-05-03,0.000379181808473,0.0
2002-05-06,0.0109499402608184,0.0
2002-05-07,0.0006215852808271,0.0
2002-05-08,0.0083613675957918,0.0
2002-05-09,0.0010493211412281,0.0
2002-05-10,0.0013488547354146,0.0
2002-05-13,0.0018219370678516,0.0
2002-05-14,0.0054445325518939,0.0
2002-05-15,0.0029057734531458,0.0
2002-05-16,0.0079522173325048,0.0
2002-05-17,7.499365990223765e-05,0.0
2002-05-20,0.0052282182148366,0.0
2002-05-21,0.0034211024843031,0.0
2002-05-22,0.0040484830703093,0.0
2002-05-23,0.0114145219184499,0.0
2002-05-24,0.0026336705141885,0.0
2002-05-28,0.0079745643787639,0.0
2002-05-29,0.0142705656851436,0.0
2002-05-30,0.000587906370048,0.0
2002-05-31,0.0069086147592828,0.0
2002-06-03,0.0008071531177124,0.0
2002-06-04,0.015315153236331,0.0
2002-06-05,0.003779800860808,0.0
2002-06-06,0.0009315335386235,0.0
2002-06-07,6.057511939081338e-06,0.0
2002-06-10,0.0072296897681006,0.0
2002-06-11,0.0047454968986676,0.0
2002-06-12,0.0064011774510695,0.0
2002-06-13,0.0036824008975117,0.0
2002-06-14,0.0198114822233034,0.0
2002-06-17,0.0062266889600175,0.0
2002-06-18,0.001757094809272,0.0
2002-06-19,0.0227802697802055,0.0
2002-06-20,0.0062124861366808,0.0
2002-06-21,0.017978115329654,0.0
2002-06-24,0.0054277969170865,0.0
2002-06-25,0.0179920588683413,0.0
2002-06-26,0.0217249129887412,0.0
2002-06-27,0.0003656045237347,0.0
2002-06-28,0.0138692640435932,0.0
2002-07-01,0.0016885006274003,0.0
2002-07-02,0.0015275068426075,0.0
2002-07-03,0.0193955664904623,0.0
2002-07-04,0.0098118479983131,0.0
2002-07-05,0.0264066776959925,0.0
2002-07-08,0.0124127728188246,0.0
2002-07-09,0.0146824535867801,0.0
2002-07-10,0.0081289771190226,0.0
2002-07-11,0.0146601687099298,0.0
2002-07-12,0.0036620226531579,0.0
2002-07-15,0.0026862035709555,0.0
2002-07-16,0.0149645798367281,0.0
2002-07-17,0.0016092184266692,0.0
2002-07-18,0.0021497380151335,0.0
2002-07-19,0.0125603357029295,0.0
2002-07-22,0.0155284477054942,0.0
2002-07-23,0.0190729774403344,0.0
2002-07-24,0.0277949857905885,0.0
2002-07-25,0.0042050558466565,0.0
2002-07-26,0.0144335487008918,0.0
2002-07-29,0.0077839618682303,0.0
2002-07-30,0.0068539542841173,0.0
2002-07-31,0.0055271310216943,0.0
2002-08-01,0.0057183405658864,0.0
2002-08-02,0.004704488547045,0.0
2002-08-05,0.018414912986455,0.0
2002-08-06,0.0105728283825638,0.0
2002-08-07,0.0188697194563991,0.0
2002-08-08,0.0052858635986703,0.0
2002-08-12,0.0002489647284363,0.0
2002-08-13,0.028249606628852,0.0
2002-08-14,0.0013088749875196,0.0
2002-08-15,0.0031449133147185,0.0
2002-08-16,0.0060502210536563,0.0
2002-08-19,0.0070746520114479,0.0
2002-08-20,0.0001303879145783,0.0
2002-08-21,9.130159665925384e-05,0.0
2002-08-22,0.0055601357067677,0.0
2002-08-23,0.0065844469180283,0.0
2002-08-26,0.0104071131111148,0.0
2002-08-27,0.0043364901449252,0.0
2002-08-28,0.0030387406840035,0.0
2002-08-29,0.009715491713312,0.0
2002-08-30,0.0012420738465761,0.0
2002-09-02,0.018866783987065,0.0
2002-09-03,0.0039511709880289,0.0
2002-09-04,0.0017579571221328,0.0
2002-09-05,0.0066844485620124,0.0
2002-09-06,0.0035913083873134,0.0
2002-09-09,0.0130405735687334,0.0
2002-09-10,0.0167078478709108,0.0
2002-09-11,0.0004142962874461,0.0
2002-09-12,0.0104445061730391,0.0
2002-09-13,0.0009981425495375,0.0
2002-09-16,0.0073818942992964,0.0
2002-09-17,0.0109339581111192,0.0
2002-09-18,0.0188397326284568,0.0
2002-09-19,0.0054766684580547,0.0
2002-09-20,0.0126428753766762,0.0
2002-09-23,0.0036731507908668,0.0
2002-09-24,0.027750816011377,0.0
2002-09-25,0.0253350893552271,0.0
2002-09-26,0.0101301345159508,0.0
2002-09-27,0.0128930832729089,0.0
2002-09-30,0.0158392604285385,0.0
2002-10-01,0.0023413534386185,0.0
2002-10-02,2.9449254366330444e-05,0.0
2002-10-03,0.0025486166233502,0.0
2002-10-04,0.0114652328634695,0.0
2002-10-07,0.0080403315242547,0.0
2002-10-08,0.0129005395761076,0.0
2002-10-09,0.0143741437249317,0.0
2002-10-10,0.0140678789078928,0.0
2002-10-11,0.0119662555618869,0.0
2002-10-14,0.0034518753974465,0.0
2002-10-15,0.0364982981190227,0.0
2002-10-16,0.0065325270091208,0.0
2002-10-17,0.0185680516748105,0.0
2002-10-18,0.0031632116371604,0.0
2002-10-21,0.0025213632224368,0.0
2002-10-22,0.0006931144461614,0.0
2002-10-23,0.0045410605279342,0.0
2002-10-24,0.004403723045659,0.0
2002-10-25,0.010399427505997,0.0
2002-10-28,0.003972715054536,0.0
2002-10-29,0.019167733546977,0.0
2002-10-30,0.0062085099033196,0.0
2002-10-31,0.0030181653637378,0.0
2002-11-01,0.0247472961835728,0.0
2002-11-05,0.0045009674982691,0.0
2002-11-06,0.0095080500539134,0.0
2002-11-07,0.0148779788055796,0.0
2002-11-08,0.0003155039126914,0.0
2002-11-11,0.0152071751275507,0.0
2002-11-12,0.001138618803162,0.0
2002-11-13,0.0080264862984173,0.0
2002-11-14,0.0025772316861282,0.0
2002-11-15,0.0168855450959606,0.0
2002-11-18,0.0125533021499202,0.0
2002-11-19,0.0024578790910416,0.0
2002-11-20,0.0075330995923696,0.0
2002-11-21,0.0112070106325746,0.0
2002-11-22,0.0175096578320795,0.0
2002-11-25,6.319754994545846e-05,0.0
2002-11-26,0.0129032221943678,0.0
2002-11-27,0.0073781074491863,0.0
2002-11-28,0.0065024614566204,0.0
2002-11-29,0.0089499407744564,0.0
2002-12-02,0.00378722497359,0.0
2002-12-03,0.0107534564296392,0.0
2002-12-04,0.0115508896686726,0.0
2002-12-05,0.000336777740959,0.0
2002-12-09,0.0129872872573319,0.0
2002-12-10,0.0141289939472163,0.0
2002-12-11,0.0053110337927662,0.0
2002-12-12,0.005333599202423,0.0
2002-12-13,0.0103667073968412,0.0
2002-12-16,0.0048748402770058,0.0
2002-12-17,0.0131814046176592,0.0
2002-12-18,0.006236767424528,0.0
2002-12-19,0.0148517545404787,0.0
2002-12-20,0.0127635785138459,0.0
2002-12-23,0.0017660996941361,0.0
2002-12-24,0.0015716736952077,0.0
2002-12-26,0.0043018161440042,0.0
2002-12-27,0.0075794538259306,0.0
2002-12-30,0.0072039938693287,0.0
2002-12-31,0.0067940000435256,0.0
2003-01-02,0.003772906937403,0.0
2003-01-03,0.002952323554135,0.0
2003-01-06,0.0062211714127356,0.0
2003-01-07,0.0097195145946717,0.0
2003-01-08,0.0102450153216988,0.0
2003-01-09,0.0020769365176454,0.0
2003-01-10,0.0090074487607193,0.0
2003-01-13,0.0284518819114595,0.0
2003-01-14,0.010992315695228,0.0
2003-01-15,0.0105811984053544,0.0
2003-01-16,0.0051335009365906,0.0
2003-01-17,0.0092414687896407,0.0
2003-01-20,0.00266665954256,0.0
2003-01-21,0.0015612956545262,0.0
2003-01-22,0.0027867111320016,0.0
2003-01-23,0.0034533793736124,0.0
2003-01-24,0.0046796132677583,0.0
2003-01-27,0.0199241620719952,0.0
2003-01-28,0.0063198497028561,0.0
2003-01-29,0.0278840463576633,0.0
2003-01-30,0.0053564247323694,0.0
2003-01-31,0.0034398995921508,0.0
2003-02-04,0.0039798853927403,0.0
2003-02-05,0.0036314411332787,0.0
2003-02-06,0.0033029506313144,0.0
2003-02-07,0.0017255629296592,0.0
2003-02-10,0.0020871562053154,0.0
2003-02-11,0.0102688229184323,0.0
2003-02-13,0.0215583870348527,0.0
2003-02-14,0.0040522553534325,0.0
2003-02-17,0.0215258901165279,0.0
2003-02-18,0.0056877862874641,0.0
2003-02-19,0.016648249469781,0.0
2003-02-20,0.0023744807779054,0.0
2003-02-21,0.0019943335888018,0.0
2003-02-24,0.0062857230091283,0.0
2003-02-25,0.0125905782445523,0.0
2003-02-26,0.0025604858952638,0.0
2003-02-27,0.0124220458066193,0.0
2003-02-28,0.0020431232684865,0.0
2003-03-03,0.004191052717658,0.0
2003-03-04,0.0080372077969875,0.0
2003-03-05,0.002730335566748,0.0
2003-03-06,0.0172800548713238,0.0
2003-03-07,0.0143080470878112,0.0
2003-03-10,0.0101068318304377,0.0
2003-03-11,0.0018848607201927,0.0
2003-03-12,0.0143443881707726,0.0
2003-03-13,0.0015494408769792,0.0
2003-03-14,0.0153951322984996,0.0
2003-03-17,0.013246047786928,0.0
2003-03-18,0.0316544806656628,0.0
2003-03-19,0.0085107676130293,0.0
2003-03-20,0.017862739583922,0.0
2003-03-21,0.0136507783458741,0.0
2003-03-24,0.020254235222145,0.0
2003-03-25,0.0090084317940762,0.0
2003-03-26,0.0103782369187391,0.0
2003-03-27,0.0086029185242494,0.0
2003-03-28,0.0036321345931727,0.0
2003-03-31,0.0391428277695184,0.0
2003-04-01,0.0115747922841874,0.0
2003-04-02,0.0133137007427533,0.0
2003-04-03,0.0021288935715324,0.0
2003-04-04,0.0085541702934853,0.0
2003-04-07,0.0189256607774384,0.0
2003-04-08,0.0155895901346074,0.0
2003-04-09,0.0193574103769089,0.0
2003-04-10,0.0023641125538372,0.0
2003-04-11,0.0039354097653206,0.0
2003-04-14,0.0140488355405048,0.0
2003-04-15,0.006960032063772,0.0
2003-04-16,0.0004024638779228,0.0
2003-04-17,0.0076431446980118,0.0
2003-04-21,0.0087869392121151,0.0
2003-04-22,0.0024197713097357,0.0
2003-04-23,0.006526456846426,0.0
2003-04-24,0.0183896127640629,0.0
2003-04-25,0.0112211156400711,0.0
2003-04-28,0.0096350194846877,0.0
2003-04-29,0.0345053896830429,0.0
2003-04-30,0.002556592249501,0.0
2003-05-02,0.0138654951627739,0.0
2003-05-05,0.0197917393231147,0.0
2003-05-06,0.0072553759048826,0.0
2003-05-07,0.0061681971194076,0.0
2003-05-08,0.0079149462581113,0.0
2003-05-09,0.0063254459704002,0.0
2003-05-12,0.0135155133379473,0.0
2003-05-13,0.0032144008541999,0.0
2003-05-14,0.0092326361345913,0.0
2003-05-16,0.0046561057092405,0.0
2003-05-19,0.0092540650441041,0.0
2003-05-20,0.0048917322305246,0.0
2003-05-21,0.0065638316004339,0.0
2003-05-22,0.011531323377418,0.0
2003-05-23,0.0094824050642395,0.0
2003-05-26,0.0129642523780774,0.0
2003-05-27,0.0075470297304752,0.0
2003-05-28,0.0099853876983312,0.0
2003-05-29,0.004249194354512,0.0
2003-05-30,0.003490109425207,0.0
2003-06-02,0.0232415037968425,0.0
2003-06-03,0.0016889189781467,0.0
2003-06-04,0.0164128154495164,0.0
2003-06-05,0.0186727296179311,0.0
2003-06-06,0.0081204374620197,0.0
2003-06-09,0.0031078842760546,0.0
2003-06-10,0.0019481998775666,0.0
2003-06-11,0.0054469232891873,0.0
2003-06-12,0.0209146304880142,0.0
2003-06-13,7.434682583120169e-05,0.0
2003-06-16,0.0096045610727742,0.0
2003-06-17,0.0192850544485526,0.0
2003-06-18,0.0046906635055453,0.0
2003-06-19,0.0229077779998445,0.0
2003-06-20,0.001309070772523,0.0
2003-06-23,0.0181808056311868,0.0
2003-06-24,0.0186609461930558,0.0
2003-06-25,0.0011206956942934,0.0
2003-06-26,0.0031157611934152,0.0
2003-06-27,0.0134277490154623,0.0
2003-06-30,0.0203997789805445,0.0
2003-07-01,0.0063957636214668,0.0
2003-07-02,0.013625026881963,0.0
2003-07-03,0.0038917717952999,0.0
2003-07-04,0.0022295374434908,0.0
2003-07-07,0.0198851955816495,0.0
2003-07-08,0.0018846448655115,0.0
2003-07-09,0.0027613003810616,0.0
2003-07-10,0.0022281408341801,0.0
2003-07-11,0.0163678889109739,0.0
2003-07-14,0.0189920085442989,0.0
2003-07-15,0.0089848843277932,0.0
2003-07-16,0.0045531841305645,0.0
2003-07-17,0.006285691705859,0.0
2003-07-18,0.0031324755317696,0.0
2003-07-21,0.0064535303697503,0.0
2003-07-22,0.012994787018368,0.0
2003-07-23,0.0040613293637234,0.0
2003-07-24,0.0048743018719518,0.0
2003-07-25,0.0113473824473025,0.0
2003-07-28,0.0128279518457434,0.0
2003-07-29,0.0039646200460483,0.0
2003-07-30,0.0017030734820696,0.0
2003-07-31,0.0123173869449181,0.0
2003-08-01,0.0011489525104501,0.0
2003-08-04,0.0127976040826624,0.0
2003-08-05,0.0187729543055277,0.0
2003-08-06,0.0009871988049268,0.0
2003-08-07,0.0153955391951691,0.0
2003-08-08,0.0006062635347189,0.0
2003-08-11,0.0123376725542541,0.0
2003-08-12,0.0064416844975365,0.0
2003-08-13,0.0176543442596937,0.0
2003-08-14,0.004695264999644,0.0
2003-08-15,0.0029123742733667,0.0
2003-08-18,0.0173606248482666,0.0
2003-08-19,0.0042995698049758,0.0
2003-08-20,0.002051319082471,0.0
2003-08-21,0.0143936975852189,0.0
2003-08-22,0.0029613401603037,0.0
2003-08-25,0.0059927940724138,0.0
2003-08-26,0.0188031176134649,0.0
2003-08-27,0.0034433786192302,0.0
2003-08-28,0.0005897327630917,0.0
2003-08-29,0.003551739355942,0.0
2003-09-01,0.0039627339463116,0.0
2003-09-02,0.0057714749688932,0.0
2003-09-03,0.0053977282564506,0.0
2003-09-04,0.0032532572246612,0.0
2003-09-05,0.004714891297774,0.0
2003-09-08,0.0027406801368369,0.0
2003-09-09,0.0263191252625187,0.0
2003-09-10,0.0085356056717016,0.0
2003-09-11,0.0167981009052355,0.0
2003-09-12,0.00565220947207,0.0
2003-09-15,0.0028065272432624,0.0
2003-09-16,0.0029390469673223,0.0
2003-09-17,0.0114646384209735,0.0
2003-09-18,0.0009488321740792,0.0
2003-09-19,0.0071261188837972,0.0
2003-09-22,0.0020336796853804,0.0
2003-09-23,0.0010897550198751,0.0
2003-09-24,0.0283473458897591,0.0
2003-09-25,0.0025798277337043,0.0
2003-09-26,0.0013998499454283,0.0
2003-09-29,0.0007185700885005,0.0
2003-09-30,0.0012824554431958,0.0
2003-10-01,4.910478828068573e-05,0.0
2003-10-02,0.0081167681647844,0.0
2003-10-03,0.0158648949662369,0.0
2003-10-06,0.0280935218528058,0.0
2003-10-07,0.0024476600520862,0.0
2003-10-08,0.0068345314578388,0.0
2003-10-09,0.0024250729199923,0.0
2003-10-10,0.004546322504856,0.0
2003-10-13,0.0027110306191527,0.0
2003-10-14,0.0115181461133429,0.0
2003-10-15,0.0104780296883859,0.0
2003-10-16,0.0029858752837763,0.0
2003-10-17,0.0102032789547878,0.0
2003-10-20,0.0045377237229065,0.0
2003-10-21,0.0070639207861206,0.0
2003-10-22,0.0121209387256676,0.0
2003-10-23,0.0218602566862328,0.0
2003-10-27,0.011806547723508,0.0
2003-10-28,0.0136168453623067,0.0
2003-10-29,0.007986380869307,0.0
2003-10-30,0.0040668024339963,0.0
2003-10-31,0.0048909010732071,0.0
2003-11-03,0.0212950417542072,0.0
2003-11-04,0.0184006353823403,0.0
2003-11-05,0.0091073732821717,0.0
2003-11-06,0.007976584414149,0.0
2003-11-07,0.0033746293509443,0.0
2003-11-10,0.0152419980688525,0.0
2003-11-11,0.025212888254752,0.0
2003-11-12,0.0107778349934245,0.0
2003-11-13,0.0169629684914888,0.0
2003-11-14,0.0057529279962802,0.0
2003-11-17,0.0224765060345583,0.0
2003-11-18,0.0060238020198613,0.0
2003-11-19,0.018330403382062,0.0
2003-11-20,0.0089347328255665,0.0
2003-11-21,0.0031208175675895,0.0
2003-11-24,0.0058240413674124,0.0
2003-11-26,0.0128036344127204,0.0
2003-11-27,0.004744625226066,0.0
2003-11-28,0.0102979170300252,0.0
2003-12-01,0.0137613528228701,0.0
2003-12-02,0.0050711239179563,0.0
2003-12-03,0.0049042050460414,0.0
2003-12-04,0.0031416646925931,0.0
2003-12-05,0.0005714212995186,0.0
2003-12-08,0.0079193562398061,0.0
2003-12-09,0.0046462870018611,0.0
2003-12-10,0.0001226941263367,0.0
2003-12-11,0.0052690424129823,0.0
2003-12-12,0.0043736810905403,0.0
2003-12-15,0.0088969231119604,0.0
2003-12-16,0.0081389561954062,0.0
2003-12-17,0.0031686737705759,0.0
2003-12-18,0.0046173270675793,0.0
2003-12-19,0.0028133861261152,0.0
2003-12-22,0.006803935882832,0.0
2003-12-23,0.0009118556211782,0.0
2003-12-24,0.0028722112566777,0.0
2003-12-26,0.0025230680219248,0.0
2003-12-29,0.0062110738425883,0.0
2003-12-30,0.0130448457514258,0.0
2003-12-31,0.0003684538379927,0.0
2004-01-02,0.0150908021160785,0.0
2004-01-05,0.0206139649786978,0.0
2004-01-06,3.277566091736098e-05,0.0
2004-01-07,0.0039512316430309,0.0
2004-01-08,0.0031107435003425,0.0
2004-01-09,0.0058740605108807,0.0
2004-01-12,0.0054343758455016,0.0
2004-01-13,0.0102969649997383,0.0
2004-01-14,0.0005534682389982,0.0
2004-01-15,0.016556381959793,0.0
2004-01-16,0.0037580063558965,0.0
2004-01-19,0.00669546622249,0.0
2004-01-20,0.0087384190553785,0.0
2004-01-21,0.0128471099521436,0.0
2004-01-26,0.0054993207766522,0.0
2004-01-27,0.0024024363179008,0.0
2004-01-28,0.0221435992406883,0.0
2004-01-29,0.0110765687950466,0.0
2004-01-30,0.0032731337134739,0.0
2004-02-03,0.0017490131559466,0.0
2004-02-04,0.0057014534032376,0.0
2004-02-05,0.003264808069634,0.0
2004-02-06,0.0139831277118788,0.0
2004-02-09,0.0180573638564737,0.0
2004-02-10,0.0082533798152271,0.0
2004-02-11,0.0022292615993926,0.0
2004-02-12,0.002985473512685,0.0
2004-02-13,0.0006063868631895,0.0
2004-02-16,0.0014387120683025,0.0
2004-02-17,0.0170875807616364,0.0
2004-02-18,0.0026229455506166,0.0
2004-02-19,0.000767480622733,0.0
2004-02-20,0.000962556127392,0.0
2004-02-23,0.0038397317990637,0.0
2004-02-24,0.0032527759730561,0.0
2004-02-25,0.005407455324623,0.0
2004-02-26,0.0108704986782462,0.0
2004-02-27,3.703477847278629e-05,0.0
2004-03-01,0.001640042902154,0.0
2004-03-02,0.0006341775861343,0.0
2004-03-03,0.0065457050441326,0.0
2004-03-04,0.0065879434596168,0.0
2004-03-05,0.0007768272360422,0.0
2004-03-08,0.0016879137866913,0.0
2004-03-09,0.0016695288027883,0.0
2004-03-10,0.005414553717964,0.0
2004-03-11,0.0146344020798185,0.0
2004-03-12,0.0068968810297757,0.0
2004-03-15,0.001715088157903,0.0
2004-03-16,0.0065001576471764,0.0
2004-03-17,0.003961873004958,0.0
2004-03-18,0.0008777417514127,0.0
2004-03-19,0.0021445950869383,0.0
2004-03-22,0.0147676708885496,0.0
2004-03-23,0.0034429888730235,0.0
2004-03-24,0.0092400167734389,0.0
2004-03-25,0.0026679929096181,0.0
2004-03-26,0.001799059984032,0.0
2004-03-29,0.0046032618682231,0.0
2004-03-30,0.0048912076649771,0.0
2004-03-31,0.007765752473761,0.0
2004-04-01,0.0063169687068219,0.0
2004-04-02,0.0051984176641565,0.0
2004-04-05,0.0051715338112132,0.0
2004-04-06,0.0045229139810131,0.0
2004-04-07,0.0014657126407533,0.0
2004-04-08,0.0092385089496343,0.0
2004-04-12,0.0019209699912451,0.0
2004-04-13,0.0014550185995187,0.0
2004-04-14,0.0137259685553676,0.0
2004-04-15,0.0136187879055733,0.0
2004-04-16,0.0051968878142686,0.0
2004-04-19,0.0050180057275618,0.0
2004-04-20,0.0030906017084141,0.0
2004-04-21,0.0010868355242194,0.0
2004-04-22,0.0082432752258534,0.0
2004-04-23,0.0021065057900807,0.0
2004-04-26,0.0098251591660587,0.0
2004-04-27,0.0022684301300475,0.0
2004-04-28,0.003144780614177,0.0
2004-04-29,0.0194711482696918,0.0
2004-04-30,0.0163652885789174,0.0
2004-05-03,0.0015212450958005,0.0
2004-05-04,0.0141016948062454,0.0
2004-05-05,0.0075251389919267,0.0
2004-05-06,0.0068498853307456,0.0
2004-05-07,0.012338689724648,0.0
2004-05-10,0.0285756983873703,0.0
2004-05-11,0.0064586795997898,0.0
2004-05-12,0.000676716365755,0.0
2004-05-13,0.0131706223930882,0.0
2004-05-14,0.0133748539737095,0.0
2004-05-17,0.0316237183512832,0.0
2004-05-18,0.0131285785144548,0.0
2004-05-19,0.0243470913102493,0.0
2004-05-20,0.0135110194407958,0.0
2004-05-21,0.0146263635254443,0.0
2004-05-24,0.0070820638287996,0.0
2004-05-25,0.0075404773853346,0.0
2004-05-26,0.0058027591987543,0.0
2004-05-27,0.0010407694667053,0.0
2004-05-28,0.0048405355903463,0.0
2004-05-31,0.0008277666321088,0.0
2004-06-01,0.0018488017257983,0.0
2004-06-03,0.0062079300904662,0.0
2004-06-04,0.0060572356695806,0.0
2004-06-07,0.0145721331839722,0.0
2004-06-08,0.0011764334998846,0.0
2004-06-09,1.0998956775720766e-05,0.0
2004-06-10,0.0047521370383228,0.0
2004-06-11,0.0030942700648592,0.0
2004-06-14,0.0049928377511581,0.0
2004-06-15,0.0035437291126495,0.0
2004-06-16,0.0059204011138023,0.0
2004-06-17,0.009414537827846,0.0
2004-06-18,0.0124968161498963,0.0
2004-06-21,0.0024980498904421,0.0
2004-06-22,0.0006828678472675,0.0
2004-06-23,0.0048707124276633,0.0
2004-06-24,0.0026876929636019,0.0
2004-06-25,0.0033620142296339,0.0
2004-06-28,0.0060078175123798,0.0
2004-06-29,0.0075795452945385,0.0
2004-06-30,0.0042309234739764,0.0
2004-07-01,0.0033567394444079,0.0
2004-07-02,0.0026334123953984,0.0
2004-07-05,0.0126525394691948,0.0
2004-07-06,0.0063253806840261,0.0
2004-07-07,0.0004375007010556,0.0
2004-07-08,0.0070965016301302,0.0
2004-07-09,0.0008220373622201,0.0
2004-07-12,0.0047469551367404,0.0
2004-07-13,0.0038730014964233,0.0
2004-07-14,0.0038676512413205,0.0
2004-07-15,0.0017868141613283,0.0
2004-07-16,0.0020914052595963,0.0
2004-07-19,0.0054886310027531,0.0
2004-07-20,0.0088123748573453,0.0
2004-07-21,0.0042317474823599,0.0
2004-07-22,0.0054602335803224,0.0
2004-07-23,0.0068457976704651,0.0
2004-07-26,0.0030866728866116,0.0
2004-07-27,0.0070334597634871,0.0
2004-07-28,0.0032956761836578,0.0
2004-07-29,0.0089506168650712,0.0
2004-07-30,0.0002114394560159,0.0
2004-08-02,0.0022756242823479,0.0
2004-08-03,0.0128396951936025,0.0
2004-08-04,0.0041670932582987,0.0
2004-08-05,0.016590854014695,0.0
2004-08-06,0.0067125399892887,0.0
2004-08-10,0.0111607187674602,0.0
2004-08-11,0.002749155305836,0.0
2004-08-12,0.0042331482739648,0.0
2004-08-13,0.0081360749307251,0.0
2004-08-16,0.0025169968748336,0.0
2004-08-17,0.0015539921752042,0.0
2004-08-18,0.005388236404214,0.0
2004-08-19,0.0086209899397305,0.0
2004-08-20,0.0063756441883409,0.0
2004-08-23,0.0033191079852652,0.0
2004-08-24,0.0021909382356856,0.0
2004-08-25,0.0061164203857004,0.0
2004-08-26,0.0010479199311108,0.0
2004-08-27,0.0016688145577651,0.0
2004-08-30,0.0054693233327447,0.0
2004-08-31,0.0067420353913613,0.0
2004-09-01,0.0057903155183423,0.0
2004-09-02,0.0058806398293167,0.0
2004-09-03,0.0022231016376836,0.0
2004-09-06,0.0004543156519423,0.0
2004-09-07,0.0123317969135756,0.0
2004-09-08,0.0011936775558478,0.0
2004-09-09,0.0031342440749332,0.0
2004-09-10,0.0012305794549662,0.0
2004-09-13,0.0091515163509968,0.0
2004-09-14,0.0041910279280226,0.0
2004-09-15,0.0049323208672574,0.0
2004-09-16,0.0034340479985032,0.0
2004-09-17,0.0032194871635612,0.0
2004-09-20,0.0077411961546211,0.0
2004-09-21,0.0068973099530414,0.0
2004-09-22,0.0041647477478829,0.0
2004-09-23,0.0024659981515903,0.0
2004-09-24,0.0076626678180815,0.0
2004-09-27,0.0050191817323597,0.0
2004-09-28,0.0021653257165445,0.0
2004-09-29,0.0024029656853149,0.0
2004-09-30,0.0052487003785603,0.0
2004-10-01,0.0018154742807561,0.0
2004-10-04,0.0163957384108625,0.0
2004-10-05,0.0010681680213446,0.0
2004-10-06,0.0021351962771206,0.0
2004-10-07,0.0048978389575415,0.0
2004-10-08,0.0009424747213531,0.0
2004-10-11,0.006160762812051,0.0
2004-10-12,0.0105727921172932,0.0
2004-10-13,5.579911156991722e-05,0.0
2004-10-14,0.0100342214438271,0.0
2004-10-15,0.0056566528188833,0.0
2004-10-18,0.0061281634146459,0.0
2004-10-19,0.010038868169126,0.0
2004-10-20,0.008783625396309,0.0
2004-10-21,0.0082505878228841,0.0
2004-10-22,0.0010721410601476,0.0
2004-10-25,0.006953207714033,0.0
2004-10-26,0.0020302973327965,0.0
2004-10-27,0.0008374985111745,0.0
2004-10-28,0.0146945965971326,0.0
2004-10-29,0.0037090441186565,0.0
2004-11-01,0.0009596727342655,0.0
2004-11-02,0.0083489443096484,0.0
2004-11-03,0.0109899399359582,0.0
2004-11-04,0.003366385756139,0.0
2004-11-05,0.0025432010674142,0.0
2004-11-08,0.0028864641473212,0.0
2004-11-09,0.0007708867236006,0.0
2004-11-10,0.005690921527748,0.0
2004-11-12,0.0076179914582869,0.0
2004-11-16,0.0010012158199258,0.0
2004-11-17,0.004888777941993,0.0
2004-11-18,0.0067565648875091,0.0
2004-11-19,0.0027463536400015,0.0
2004-11-22,0.0089051293317919,0.0
2004-11-23,0.0047999947483559,0.0
2004-11-24,0.0050760941125229,0.0
2004-11-25,0.0026060605578062,0.0
2004-11-26,0.0031747302057872,0.0
2004-11-29,0.0050600242850797,0.0
2004-11-30,0.0054397099053766,0.0
2004-12-01,0.0054985662405819,0.0
2004-12-02,0.011663894711079,0.0
2004-12-03,0.0005721796203377,0.0
2004-12-06,0.0142651944927349,0.0
2004-12-07,0.0079632075181326,0.0
2004-12-08,0.0021798926451597,0.0
2004-12-09,0.0107071122251913,0.0
2004-12-10,0.0085619100839818,0.0
2004-12-13,0.0004760403940409,0.0
2004-12-14,0.0069160325512757,0.0
2004-12-15,0.0085783156113999,0.0
2004-12-16,0.0070975906733123,0.0
2004-12-17,0.0115731063229673,0.0
2004-12-20,0.0008458421525853,0.0
2004-12-21,0.0035681595188029,0.0
2004-12-22,0.0037967439356965,0.0
2004-12-23,0.0001410953179597,0.0
2004-12-24,3.895759917157463e-05,0.0
2004-12-27,0.0022257467663572,0.0
2004-12-28,0.0034704030424182,0.0
2004-12-29,0.0001457984397879,0.0
2004-12-30,0.0018158029347717,0.0
2004-12-31,0.0022190740208446,0.0
2005-01-03,0.0019389410417269,0.0
2005-01-04,0.0008021534810784,0.0
2005-01-05,0.0012320476636942,0.0
2005-01-06,0.0090270551474158,0.0
2005-01-07,0.0020309390923121,0.0
2005-01-10,0.0019638800092626,0.0
2005-01-11,0.0012099934099396,0.0
2005-01-12,0.0059491461821156,0.0
2005-01-13,0.0012205448612469,0.0
2005-01-14,0.0029867762607686,0.0
2005-01-17,0.0052796540703321,0.0
2005-01-18,0.001404918944914,0.0
2005-01-19,0.0063134009349,0.0
2005-01-20,0.0057378267750186,0.0
2005-01-24,0.0053610197841495,0.0
2005-01-25,0.0041208427485479,0.0
2005-01-26,0.0102200797343125,0.0
2005-01-27,0.0066392783832251,0.0
2005-01-28,0.0078748179764755,0.0
2005-01-31,0.0032538657686448,0.0
2005-02-01,0.0007970308142104,0.0
2005-02-02,0.0066804454551319,0.0
2005-02-03,0.0002513863751749,0.0
2005-02-04,0.0025677417397691,0.0
2005-02-07,0.0021362773472876,0.0
2005-02-08,0.0103610450033154,0.0
2005-02-11,0.0044012722223872,0.0
2005-02-14,0.0071061730433366,0.0
2005-02-15,0.0007116105971981,0.0
2005-02-16,0.0038392146898349,0.0
2005-02-17,0.004213584088257,0.0
2005-02-18,0.0021509778234074,0.0
2005-02-21,0.0011442157230328,0.0
2005-02-22,0.0091117726736477,0.0
2005-02-23,0.0048142506061378,0.0
2005-02-24,0.0075403147082645,0.0
2005-02-25,0.0081676558268141,0.0
2005-02-28,0.0073711696144192,0.0
2005-03-01,0.0026906326100811,0.0
2005-03-02,0.0090175733646399,0.0
2005-03-03,0.0014771684970612,0.0
2005-03-04,0.0032635495548552,0.0
2005-03-07,0.0053556950984945,0.0
2005-03-08,0.0025378112077877,0.0
2005-03-09,0.0108910592351957,0.0
2005-03-10,0.0064715441292247,0.0
2005-03-11,0.0003641060353894,0.0
2005-03-14,0.0002028136860495,0.0
2005-03-15,0.0023264056171247,0.0
2005-03-16,0.0026352242947356,0.0
2005-03-17,0.0045039609222803,0.0
2005-03-18,0.0067369050571558,0.0
2005-03-21,0.001392473721188,0.0
2005-03-22,0.0005099335374522,0.0
2005-03-23,0.014490473114201,0.0
2005-03-24,0.0029557938655593,0.0
2005-03-28,0.0033008210747357,0.0
2005-03-29,0.0077949240177569,0.0
2005-03-30,0.0021407621036165,0.0
2005-03-31,0.0085682947134402,0.0
2005-04-01,0.0010828336840372,0.0
2005-04-04,0.0065325748316505,0.0
2005-04-05,4.638864668459771e-06,0.0
2005-04-06,0.0036867416052263,0.0
2005-04-07,0.0048869042839802,0.0
2005-04-08,0.0025468709526774,0.0
2005-04-11,0.0001649417353215,0.0
2005-04-12,0.0036830174668034,0.0
2005-04-13,0.0002438233444011,0.0
2005-04-14,0.0025329993082974,0.0
2005-04-15,0.0085024232254717,0.0
2005-04-18,0.0199917692109501,0.0
2005-04-19,0.0099331092300959,0.0
2005-04-20,0.0002536609410843,0.0
2005-04-21,0.003974704203746,0.0
2005-04-22,0.0003836900370763,0.0
2005-04-25,0.000224589052102,0.0
2005-04-26,0.0057149280292964,0.0
2005-04-27,0.0020022473415681,0.0
2005-04-28,0.0023801212302361,0.0
2005-04-29,0.007028525199986,0.0
2005-05-03,0.0055930448744431,0.0
2005-05-04,0.0056968865480088,0.0
2005-05-05,0.0005955979783029,0.0
2005-05-06,0.0060890875478454,0.0
2005-05-09,0.0023431814912968,0.0
2005-05-10,0.000203105806312,0.0
2005-05-11,0.0033601376343719,0.0
2005-05-12,0.0036974957370619,0.0
2005-05-13,0.0043741517114257,0.0
2005-05-16,0.0028543839841094,0.0
2005-05-17,0.0051436450453759,0.0
2005-05-18,0.0003343600295237,0.0
2005-05-19,0.0063042882273295,0.0
2005-05-20,0.0029946762984091,0.0
2005-05-24,0.0006575955694275,0.0
2005-05-25,0.0067948148300611,0.0
2005-05-26,0.0036679183421986,0.0
2005-05-27,0.0009936213506174,0.0
2005-05-30,0.0079600529435247,0.0
2005-05-31,0.0046841933962931,0.0
2005-06-01,0.0069882563788142,0.0
2005-06-02,0.0066934823269844,0.0
2005-06-03,0.000510865366571,0.0
2005-06-06,0.0039644395181491,0.0
2005-06-07,0.0024772846667476,0.0
2005-06-08,0.0038818646979083,0.0
2005-06-09,0.0001228240788711,0.0
2005-06-10,0.0098982127828378,0.0
2005-06-13,0.0007072411445843,0.0
2005-06-14,0.0075413057241723,0.0
2005-06-15,0.0001271675514027,0.0
2005-06-16,0.0003769099262055,0.0
2005-06-17,0.002905746415049,0.0
2005-06-20,0.0053420937091672,0.0
2005-06-21,0.000336816982716,0.0
2005-06-22,0.0044062026397241,0.0
2005-06-23,0.0077249477812505,0.0
2005-06-24,0.0001214343217485,0.0
2005-06-27,0.007678755158528,0.0
2005-06-28,0.0041322457600994,0.0
2005-06-29,0.0021182003678505,0.0
2005-06-30,0.0047067164914305,0.0
2005-07-01,0.0012255032030585,0.0
2005-07-04,0.0050596736249955,0.0
2005-07-05,0.0006526869561692,0.0
2005-07-06,0.0051696087594143,0.0
2005-07-07,0.0098010194569812,0.0
2005-07-08,0.0016484332043266,0.0
2005-07-11,0.0113076968270035,0.0
2005-07-12,0.0025017340140082,0.0
2005-07-13,0.0015285936022335,0.0
2005-07-14,0.0049674774916268,0.0
2005-07-15,5.782841919063979e-05,0.0
2005-07-18,0.0009559542688411,0.0
2005-07-19,0.0197229205130975,0.0
2005-07-20,0.007101050717522,0.0
2005-07-21,0.0008137316924789,0.0
2005-07-22,0.0035418375284821,0.0
2005-07-25,0.0042039747192591,0.0
2005-07-26,0.0052511086188715,0.0
2005-07-27,0.0050909259597993,0.0
2005-07-28,0.0053719506943801,0.0
2005-07-29,0.0027114109455173,0.0
2005-08-01,0.0055782811332243,0.0
2005-08-02,0.0048114253974768,0.0
2005-08-03,0.0050354961614269,0.0
2005-08-04,0.0011845592264402,0.0
2005-08-05,0.0100058161291337,0.0
2005-08-08,0.0039853622965545,0.0
2005-08-10,0.0041479013977706,0.0
2005-08-11,0.014004018236047,0.0
2005-08-12,0.0012019604014132,0.0
2005-08-15,0.0102292605641857,0.0
2005-08-16,0.0111406624527053,0.0
2005-08-17,0.0109345344981282,0.0
2005-08-18,0.0010826249718397,0.0
2005-08-19,0.0016021487947166,0.0
2005-08-22,0.0063609796408817,0.0
2005-08-23,0.0049187633719937,0.0
2005-08-24,0.0049517569088335,0.0
2005-08-25,0.0026518254266724,0.0
2005-08-26,0.0009407876550526,0.0
2005-08-29,0.0063836518555274,0.0
2005-08-30,0.0015460932508911,0.0
2005-08-31,0.0030546078811854,0.0
2005-09-01,0.0087991114803299,0.0
2005-09-02,0.0023278309518489,0.0
2005-09-05,0.003012029664689,0.0
2005-09-06,0.0020072065226545,0.0
2005-09-07,0.0032836234629922,0.0
2005-09-08,0.0004352746836842,0.0
2005-09-09,0.0014698827234179,0.0
2005-09-12,0.0103018933447487,0.0
2005-09-13,0.0063683254718938,0.0
2005-09-14,0.00129766217283,0.0
2005-09-15,0.0018656043176029,0.0
2005-09-16,0.0048831919958237,0.0
2005-09-19,0.0034224087074471,0.0
2005-09-20,0.0038732471157628,0.0
2005-09-21,0.0038080317771344,0.0
2005-09-22,0.0034732647264945,0.0
2005-09-23,0.0010297782785698,0.0
2005-09-26,0.0106451063738051,0.0
2005-09-27,0.0047923475129162,0.0
2005-09-28,0.0020223827273015,0.0
2005-09-29,0.0011084446728772,0.0
2005-09-30,0.0025409689146975,0.0
2005-10-03,0.0015846305001087,0.0
2005-10-04,0.0096341401691521,0.0
2005-10-05,0.000911840106084,0.0
2005-10-06,0.0157823783702402,0.0
2005-10-07,0.0068644513319848,0.0
2005-10-10,0.0164137648313914,0.0
2005-10-11,0.0049506751962551,0.0
2005-10-12,0.0147536078059496,0.0
2005-10-13,7.322277749253366e-05,0.0
2005-10-14,0.007552020199879,0.0
2005-10-17,0.0064027463410509,0.0
2005-10-18,0.0019157733240991,0.0
2005-10-19,0.0293338576607716,0.0
2005-10-20,0.0039370043097542,0.0
2005-10-21,0.0055887086767582,0.0
2005-10-24,0.0074089647569287,0.0
2005-10-25,0.001631668686898,0.0
2005-10-26,0.0010459921833543,0.0
2005-10-27,0.0121382751826534,0.0
2005-10-28,0.004319224355411,0.0
2005-10-31,0.0110498349628794,0.0
2005-11-02,0.0173382391893171,0.0
2005-11-04,0.004856194700882,0.0
2005-11-07,0.0041736470534864,0.0
2005-11-08,0.006584118040617,0.0
2005-11-09,0.0007308653543928,0.0
2005-11-10,0.0053350527402898,0.0
2005-11-11,0.0034392375870812,0.0
2005-11-14,0.0052564961959544,0.0
2005-11-15,0.0060783308529872,0.0
2005-11-16,0.0062158715156929,0.0
2005-11-17,0.0031134246622012,0.0
2005-11-18,0.0139243169956693,0.0
2005-11-21,0.0046768672725323,0.0
2005-11-22,0.0019558922062311,0.0
2005-11-23,0.0080795008746044,0.0
2005-11-24,0.0042539279789287,0.0
2005-11-25,0.0045980029183568,0.0
2005-11-28,0.0055644397885163,0.0
2005-11-29,0.0024548443595928,0.0
2005-11-30,0.0011426499645216,0.0
2005-12-01,0.0046581872457037,0.0
2005-12-02,0.0092732366409078,0.0
2005-12-05,3.862181254747144e-05,0.0
2005-12-06,0.0104548324780087,0.0
2005-12-07,0.001497766946296,0.0
2005-12-08,0.0026421547407135,0.0
2005-12-09,0.0066526152075771,0.0
2005-12-12,0.0044276503015655,0.0
2005-12-13,0.0031919860942233,0.0
2005-12-14,0.0001763688721181,0.0
2005-12-15,0.0005806734610063,0.0
2005-12-16,8.597720685511566e-05,0.0
2005-12-19,0.0004385219215774,0.0
2005-12-20,0.0009322432525066,0.0
2005-12-21,0.0016947529420702,0.0
2005-12-22,0.0038700097854267,0.0
2005-12-23,0.0019906183560244,0.0
2005-12-27,0.0028520604299014,0.0
2005-12-28,0.0012625974702994,0.0
2005-12-29,0.0031986184779159,0.0
2005-12-30,0.0008354238924846,0.0
2006-01-03,0.0093413368788306,0.0
2006-01-04,0.0062142807697766,0.0
2006-01-05,0.0081915906666362,0.0
2006-01-06,0.0070432565948184,0.0
2006-01-09,0.0021664099607319,0.0
2006-01-11,0.0030301915807186,0.0
2006-01-12,0.0046705223630058,0.0
2006-01-13,0.0006314978867517,0.0
2006-01-16,0.0019388805852603,0.0
2006-01-17,0.0101462481923779,0.0
2006-01-18,0.0074573583017356,0.0
2006-01-19,0.0081134681607286,0.0
2006-01-20,0.004358704449271,0.0
2006-01-23,0.0100718336903824,0.0
2006-01-24,0.0014155474048731,0.0
2006-01-25,0.0043479787323339,0.0
2006-01-26,0.004019455699459,0.0
2006-01-27,0.0099411718769858,0.0
2006-01-30,0.0,0.0
2006-01-31,0.0,0.0
2006-02-01,0.0081175682784055,0.0
2006-02-02,0.0039604587561665,0.0
2006-02-03,0.0039686913853692,0.0
2006-02-06,0.0038417824825393,0.0
2006-02-07,0.0031289185032588,0.0
2006-02-08,0.00839868153452,0.0
2006-02-09,0.0013869167884934,0.0
2006-02-10,0.0033078018373845,0.0
2006-02-13,0.0024355266124089,0.0
2006-02-14,0.0047141151486638,0.0
2006-02-15,0.0069104244788757,0.0
2006-02-16,0.0043179147618162,0.0
2006-02-17,0.0013644984520494,0.0
2006-02-20,0.0001768134515766,0.0
2006-02-21,0.0048366210521806,0.0
2006-02-22,0.0064334931987206,0.0
2006-02-23,0.0031624301177161,0.0
2006-02-24,0.0073998778124193,0.0
2006-02-27,0.0096127298196765,0.0
2006-02-28,0.0018509939803013,0.0
2006-03-01,0.0002860076014116,0.0
2006-03-02,0.0009550221907398,0.0
2006-03-03,0.0052797049152163,0.0
2006-03-06,0.0077702138909482,0.0
2006-03-07,0.0094882115918168,0.0
2006-03-08,0.0053889829671886,0.0
2006-03-09,0.0006590580390026,0.0
2006-03-10,0.0030074206369828,0.0
2006-03-13,0.0061530689031747,0.0
2006-03-14,0.0021678091774116,0.0
2006-03-15,0.0034687017033656,0.0
2006-03-16,0.0003641870054027,0.0
2006-03-17,0.0018104198421355,0.0
2006-03-20,0.0072659193963736,0.0
2006-03-21,0.0061600530619873,0.0
2006-03-22,0.0031685567442902,0.0
2006-03-23,0.0009515824487978,0.0
2006-03-24,0.0022730909359974,0.0
2006-03-27,0.0027671182221508,0.0
2006-03-28,0.0037227863154629,0.0
2006-03-29,0.0028523957202642,0.0
2006-03-30,0.0001150540028731,0.0
2006-03-31,0.0048907052258282,0.0
2006-04-03,0.0060133157446471,0.0
2006-04-04,0.0063330220455217,0.0
2006-04-05,0.004844855634631,0.0
2006-04-06,0.0008845157637243,0.0
2006-04-07,0.0036941078100841,0.0
2006-04-10,0.0024049297829977,0.0
2006-04-11,0.0034270608726563,0.0
2006-04-12,0.0032974194307851,0.0
2006-04-13,0.0007347292239581,0.0
2006-04-17,0.0023397587429649,0.0
2006-04-18,0.0034875287398575,0.0
2006-04-19,0.0103361939905956,0.0
2006-04-20,0.0008163570707661,0.0
2006-04-21,0.0076033860272072,0.0
2006-04-24,0.0042148086432343,0.0
2006-04-25,0.0034349738064484,0.0
2006-04-26,0.0050344277850601,0.0
2006-04-27,0.0016969616779171,0.0
2006-04-28,0.0037031232518349,0.0
2006-05-02,0.0084257371631657,0.0
2006-05-03,0.0101465612781872,0.0
2006-05-04,0.0056368796064375,0.0
2006-05-05,0.0046540733423354,0.0
2006-05-08,0.0095876533668363,0.0
2006-05-09,0.0106290591015363,0.0
2006-05-10,0.0050108349507165,0.0
2006-05-11,0.008477277607215,0.0
2006-05-15,0.0332690926602208,0.0
2006-05-16,0.0083708525906589,0.0
2006-05-17,0.0138237268078254,0.0
2006-05-18,0.0184171541051351,0.0
2006-05-19,0.0032825044349598,0.0
2006-05-22,0.0314810090693207,0.0
2006-05-23,0.0053072640371576,0.0
2006-05-24,0.0028770492542319,0.0
2006-05-25,0.0132619575021729,0.0
2006-05-26,0.0167321439726183,0.0
2006-05-29,0.0020921934838015,0.0
2006-05-30,0.0006678863985196,0.0
2006-05-31,0.0239037370819283,0.0
2006-06-01,0.0011863715554895,0.0
2006-06-02,0.0136161715020693,0.0
2006-06-05,0.005042792592748,0.0
2006-06-06,0.0071874630171534,0.0
2006-06-07,0.0145742821087806,0.0
2006-06-08,0.0250714141377761,0.0
2006-06-09,0.0174044304600323,0.0
2006-06-12,0.0004662510312096,0.0
2006-06-13,0.0195088660908357,0.0
2006-06-14,0.005544448083055,0.0
2006-06-15,0.0094958320659439,0.0
2006-06-16,0.0305732904881934,0.0
2006-06-19,0.0025349025874177,0.0
2006-06-20,0.0173762446300549,0.0
2006-06-21,0.0010694204114176,0.0
2006-06-22,0.0127743226439124,0.0
2006-06-23,0.0070259675390524,0.0
2006-06-26,0.0105753780734642,0.0
2006-06-27,0.0043846517784023,0.0
2006-06-28,0.0028799858126883,0.0
2006-06-29,0.015185279112499,0.0
2006-06-30,0.0201658682322651,0.0
2006-07-03,0.0011778102969252,0.0
2006-07-04,0.0042848406659209,0.0
2006-07-05,0.0101050238054782,0.0
2006-07-06,0.0098354959069364,0.0
2006-07-07,0.0012017436156554,0.0
2006-07-10,0.0027356717955687,0.0
2006-07-11,0.0092865801819036,0.0
2006-07-12,0.0028313988526532,0.0
2006-07-13,0.010839678579401,0.0
2006-07-14,0.0139029648635708,0.0
2006-07-17,0.0185113789384569,0.0
2006-07-18,0.0058487825301043,0.0
2006-07-19,0.0034134605400144,0.0
2006-07-20,0.0176711830690825,0.0
2006-07-21,0.0051188973289608,0.0
2006-07-24,0.001546399272514,0.0
2006-07-25,0.0135995149382398,0.0
2006-07-26,0.0005193326773114,0.0
2006-07-27,0.0158115398423437,0.0
2006-07-28,0.0062452639993551,0.0
2006-07-31,0.0065601946293509,0.0
2006-08-01,0.0001594499429653,0.0
2006-08-02,0.0036537686338685,0.0
2006-08-03,0.0012624913537147,0.0
2006-08-04,0.0023698475008186,0.0
2006-08-07,0.0010846353788788,0.0
2006-08-08,0.0019450795931623,0.0
2006-08-10,0.0083143160947672,0.0
2006-08-11,0.00245135224353,0.0
2006-08-14,5.300117141805081e-05,0.0
2006-08-15,0.0040399319637576,0.0
2006-08-16,0.0052348642038572,0.0
2006-08-17,0.0069942167805503,0.0
2006-08-18,0.0051997126268516,0.0
2006-08-21,0.0065564918824662,0.0
2006-08-22,0.0055332150000503,0.0
2006-08-23,0.0035249541243163,0.0
2006-08-24,0.0106336644571991,0.0
2006-08-25,0.0028983035958277,0.0
2006-08-28,0.0107208069305873,0.0
2006-08-29,0.0115846553671773,0.0
2006-08-30,0.0065235485899524,0.0
2006-08-31,0.0044370103372917,0.0
2006-09-01,0.0036591586545798,0.0
2006-09-04,0.0115565164718654,0.0
2006-09-05,0.0002896650252547,0.0
2006-09-06,0.0026990587973152,0.0
2006-09-07,0.0084024632441461,0.0
2006-09-08,0.0018941175204188,0.0
2006-09-11,0.0086543439677612,0.0
2006-09-12,0.0005265815870727,0.0
2006-09-13,0.0083400359722091,0.0
2006-09-14,0.0043524800783133,0.0
2006-09-15,0.0011664399104648,0.0
2006-09-18,0.0118686940040515,0.0
2006-09-19,0.0054142864738965,0.0
2006-09-20,0.0026905443725354,0.0
2006-09-21,0.0026984315118047,0.0
2006-09-22,0.0070215162205052,0.0
2006-09-25,0.0013440250102019,0.0
2006-09-26,0.0008357043775488,0.0
2006-09-27,0.0125495472444686,0.0
2006-09-28,0.0039291209351444,0.0
2006-09-29,0.0003465704390146,0.0
2006-10-02,0.0120722816728556,0.0
2006-10-03,0.00261490905812,0.0
2006-10-04,0.0037142265953764,0.0
2006-10-05,0.0147054969868627,0.0
2006-10-06,0.002956113847403,0.0
2006-10-09,0.0105449812329831,0.0
2006-10-10,0.0099257064854821,0.0
2006-10-11,0.0022875774174449,0.0
2006-10-12,0.0003673490859616,0.0
2006-10-13,0.009812956024191,0.0
2006-10-16,0.0010757098081485,0.0
2006-10-17,0.0120026303731979,0.0
2006-10-18,0.001787827577337,0.0
2006-10-19,0.009476589281958,0.0
2006-10-20,0.0070414255352975,0.0
2006-10-23,0.0019264183031855,0.0
2006-10-25,0.0085271154677543,0.0
2006-10-26,0.0099078142489381,0.0
2006-10-27,0.004280221205659,0.0
2006-10-30,0.0141584273944669,0.0
2006-10-31,0.0037638625872543,0.0
2006-11-01,0.0132476725169041,0.0
2006-11-02,0.002486871729816,0.0
2006-11-03,0.0031797058721201,0.0
2006-11-06,0.0025020280328897,0.0
2006-11-07,0.0073343902770149,0.0
2006-11-08,0.0050760875024901,0.0
2006-11-09,0.0037548832017723,0.0
2006-11-10,0.0001019975922516,0.0
2006-11-13,0.0007027452468864,0.0
2006-11-14,0.0045903902819683,0.0
2006-11-15,0.0064073300467998,0.0
2006-11-16,0.0074711869183834,0.0
2006-11-17,0.0052498167580197,0.0
2006-11-20,0.0149593075378347,0.0
2006-11-21,0.0112912339356477,0.0
2006-11-22,0.0096363674865244,0.0
2006-11-23,0.0029849050785143,0.0
2006-11-24,0.0083739061774912,0.0
2006-11-27,0.0092401781296179,0.0
2006-11-28,0.018878600317125,0.0
2006-11-29,0.0137333403083291,0.0
2006-11-30,0.0042966201651346,0.0
2006-12-01,0.0008775961400387,0.0
2006-12-04,0.0051628569601362,0.0
2006-12-05,0.0178251215150178,0.0
2006-12-06,0.00240467898107,0.0
2006-12-07,0.0023392247158265,0.0
2006-12-08,0.012714073826639,0.0
2006-12-11,0.00768038111805,0.0
2006-12-12,0.0022764350089676,0.0
2006-12-13,0.0033437979204234,0.0
2006-12-14,0.011078646224205,0.0
2006-12-15,0.005133770970379,0.0
2006-12-18,0.0109081234374089,0.0
2006-12-19,0.0225714502573979,0.0
2006-12-20,0.0080885635318245,0.0
2006-12-21,3.427021841585461e-06,0.0
2006-12-22,0.0073508635330773,0.0
2006-12-26,4.762570116054519e-05,0.0
2006-12-27,0.0063417110221162,0.0
2006-12-28,0.0007561480654999,0.0
2006-12-29,0.0075101667542149,0.0
2007-01-03,0.017236023365695,0.0
2007-01-04,0.0045994799643699,0.0
2007-01-05,0.0017314158204493,0.0
2007-01-08,0.009633461864238,0.0
2007-01-09,0.0027794994953144,0.0
2007-01-10,0.0158141147449387,0.0
2007-01-11,0.0028798771134815,0.0
2007-01-12,0.0131801861462035,0.0
2007-01-15,0.0087647991008469,0.0
2007-01-16,0.0008659775724666,0.0
2007-01-17,0.0001810601086332,0.0
2007-01-18,0.0078665011865648,0.0
2007-01-19,0.0036612400319397,0.0
2007-01-22,0.0232622711492196,0.0
2007-01-23,0.0039184036102992,0.0
2007-01-24,0.0055195753111471,0.0
2007-01-25,0.0132965603422115,0.0
2007-01-26,0.0067426484053403,0.0
2007-01-29,0.0132452444362257,0.0
2007-01-30,0.0004313983144857,0.0
2007-01-31,0.0015025854339793,0.0
2007-02-01,0.01351858405482,0.0
2007-02-02,0.0155285117989284,0.0
2007-02-05,0.0017513237572855,0.0
2007-02-06,2.173818282738493e-05,0.0
2007-02-07,0.004133258964318,0.0
2007-02-08,0.0058379579340581,0.0
2007-02-09,0.0009722171904059,0.0
2007-02-12,0.0157810100784563,0.0
2007-02-13,0.0067409527512506,0.0
2007-02-14,0.0104401889916839,0.0
2007-02-15,0.0218449421478046,0.0
2007-02-16,0.0047955252089399,0.0
2007-02-21,0.0173589316452706,0.0
2007-02-22,0.0014462709828954,0.0
2007-02-23,0.0065431040757098,0.0
2007-02-26,0.0007615239138068,0.0
2007-02-27,0.0232122346530336,0.0
2007-02-28,0.0403674403658251,0.0
2007-03-01,0.0037341751857548,0.0
2007-03-02,0.0044853000460588,0.0
2007-03-05,0.0318289443240385,0.0
2007-03-06,0.0180206544165789,0.0
2007-03-07,0.0074249383799803,0.0
2007-03-08,0.0204936896464621,0.0
2007-03-09,0.0067728613784027,0.0
2007-03-12,0.0123199689788603,0.0
2007-03-13,0.0074997528631192,0.0
2007-03-14,0.0340303514219529,0.0
2007-03-15,0.013465205235324,0.0
2007-03-16,0.0083883760697273,0.0
2007-03-19,0.0144418176279162,0.0
2007-03-20,0.001120333701503,0.0
2007-03-21,0.0123746900993856,0.0
2007-03-22,0.0200220231074146,0.0
2007-03-23,0.0042612478908377,0.0
2007-03-26,0.0003962390703343,0.0
2007-03-27,0.0091821172614477,0.0
2007-03-28,0.0100562720731448,0.0
2007-03-29,0.008437756259556,0.0
2007-03-30,0.0007306698863972,0.0
2007-04-02,0.0046530232682007,0.0
2007-04-03,0.0128700081806509,0.0
2007-04-04,0.0134597802780445,0.0
2007-04-05,0.0038750195941032,0.0
2007-04-09,0.0160516388311188,0.0
2007-04-10,0.006630942271927,0.0
2007-04-11,0.0005845184411026,0.0
2007-04-12,0.0141112272849264,0.0
2007-04-13,0.0002668571378026,0.0
2007-04-16,0.0119510462289634,0.0
2007-04-17,0.0003426813594894,0.0
2007-04-18,0.0043752261541034,0.0
2007-04-19,0.0326194309741057,0.0
2007-04-20,0.0208637798456177,0.0
2007-04-23,0.0082411018842596,0.0
2007-04-24,0.0041283397203456,0.0
2007-04-25,0.0035148430107238,0.0
2007-04-26,0.0130615653929345,0.0
2007-04-27,0.0024362093056765,0.0
2007-04-30,0.0110387703660177,0.0
2007-05-02,0.0166751717426756,0.0
2007-05-03,0.0095596777255189,0.0
2007-05-04,0.0101264107592177,0.0
2007-05-07,0.0023465502981345,0.0
2007-05-08,0.0110977679247223,0.0
2007-05-09,0.0039205352359544,0.0
2007-05-10,0.0047789998205037,0.0
2007-05-11,0.0064602615340566,0.0
2007-05-14,0.0155961767121976,0.0
2007-05-15,0.0074597099092697,0.0
2007-05-16,0.0074796532186701,0.0
2007-05-17,0.0069279333853567,0.0
2007-05-18,0.0037255727195998,0.0
2007-05-21,0.0005948827957217,0.0
2007-05-22,0.0071814782106778,0.0
2007-05-23,0.0054065213392319,0.0
2007-05-24,0.0081108936560008,0.0
2007-05-25,0.0124359053396057,0.0
2007-05-28,0.0076401041275668,0.0
2007-05-29,0.0038946311348633,0.0
2007-05-30,0.0045324656998715,0.0
2007-06-01,0.0105363816898565,0.0
2007-06-04,0.0087069756623906,0.0
2007-06-05,0.0018036833335488,0.0
2007-06-06,0.0025642023869577,0.0
2007-06-07,0.0049000732872147,0.0
2007-06-08,0.0155560429269786,0.0
2007-06-11,0.0153106557434683,0.0
2007-06-12,0.0045251457898493,0.0
2007-06-13,0.0029018483927689,0.0
2007-06-14,0.0062347015464422,0.0
2007-06-15,0.0021608460150301,0.0
2007-06-18,0.0118337045287596,0.0
2007-06-19,0.0015882368416839,0.0
2007-06-20,0.0002425186784063,0.0
2007-06-21,0.0029773908343823,0.0
2007-06-22,0.0066466240206352,0.0
2007-06-25,0.0097419384823857,0.0
2007-06-26,0.0155461643966848,0.0
2007-06-27,0.0055756686944007,0.0
2007-06-28,0.0092934329190531,0.0
2007-06-29,0.0028138222990936,0.0
2007-07-02,0.0006029794216322,0.0
2007-07-03,0.0053625017223629,0.0
2007-07-04,0.0040930042835746,0.0
2007-07-05,0.0008921840090287,0.0
2007-07-06,0.0028902324571522,0.0
2007-07-09,0.0180177062642694,0.0
2007-07-10,0.0017662118528292,0.0
2007-07-11,0.007035153715244,0.0
2007-07-12,0.0082056329072114,0.0
2007-07-13,0.0082564959607233,0.0
2007-07-16,0.0003777113217952,0.0
2007-07-17,0.0005968916023492,0.0
2007-07-18,0.0185436944640457,0.0
2007-07-19,0.0057452721698684,0.0
2007-07-20,0.012888757699703,0.0
2007-07-23,0.0043997269165686,0.0
2007-07-24,0.0081583540838839,0.0
2007-07-25,0.0086563829705826,0.0
2007-07-26,0.0149200173158486,0.0
2007-07-27,0.0246123110195773,0.0
2007-07-30,0.0095712757440579,0.0
2007-07-31,0.006041868602919,0.0
2007-08-01,0.0332295386071917,0.0
2007-08-02,0.0010921530748216,0.0
2007-08-03,0.0001688359532498,0.0
2007-08-06,0.037676652943629,0.0
2007-08-07,0.0021116270041978,0.0
2007-08-08,0.0331100784281255,0.0
2007-08-10,0.0159445791249698,0.0
2007-08-13,0.0063593221386527,0.0
2007-08-14,0.0017673430230221,0.0
2007-08-15,0.0340401662575295,0.0
2007-08-16,0.037695470879757,0.0
2007-08-17,0.0068281008340416,0.0
2007-08-20,0.0594215548874434,0.0
2007-08-21,0.0286141950464334,0.0
2007-08-22,0.028349324870222,0.0
2007-08-23,0.0147662233899876,0.0
2007-08-24,0.0004331997074176,0.0
2007-08-27,0.0056201093893043,0.0
2007-08-28,0.0135010137570715,0.0
2007-08-29,0.0024979086497147,0.0
2007-08-30,0.0040596196996513,0.0
2007-08-31,0.0213768552585573,0.0
2007-09-03,0.001973687978719,0.0
2007-09-04,0.0030048799251439,0.0
2007-09-05,0.0202377824909291,0.0
2007-09-06,0.0060713701357131,0.0
2007-09-07,0.0065880362484611,0.0
2007-09-10,0.0135915929337828,0.0
2007-09-11,0.0151953923894441,0.0
2007-09-12,0.0032911267430216,0.0
2007-09-13,0.000482187573758,0.0
2007-09-14,0.0090899389915998,0.0
2007-09-17,0.0171378296842504,0.0
2007-09-18,0.0004141297068754,0.0
2007-09-19,0.0329804472185902,0.0
2007-09-20,0.0117256699225907,0.0
2007-09-21,0.0028866692912829,0.0
2007-09-24,0.0269607790352223,0.0
2007-09-25,0.0039097692374213,0.0
2007-09-26,0.0069471981436235,0.0
2007-09-27,0.0175649214362621,0.0
2007-09-28,0.0023015881505011,0.0
2007-10-01,0.0131316820573729,0.0
2007-10-02,0.0102292192638277,0.0
2007-10-03,0.0103889706060349,0.0
2007-10-04,0.0077443410932789,0.0
2007-10-05,0.0102046280541324,0.0
2007-10-08,0.000604495556276,0.0
2007-10-09,0.0118241258776568,0.0
2007-10-10,0.0133592385898292,0.0
2007-10-11,0.0159478839983244,0.0
2007-10-12,0.0047898634408997,0.0
2007-10-15,0.0012358733730827,0.0
2007-10-16,0.0133722277393207,0.0
2007-10-17,0.0075839065662148,0.0
2007-10-18,0.0078542409222476,0.0
2007-10-19,0.0163307826472251,0.0
2007-10-22,0.0285083589723065,0.0
2007-10-23,0.0143530911171263,0.0
2007-10-24,0.0125756803667129,0.0
2007-10-25,0.0157745861167469,0.0
2007-10-26,0.017225409628421,0.0
2007-10-29,0.0127067665119894,0.0
2007-10-30,0.0055997610777054,0.0
2007-10-31,0.0019068540967534,0.0
2007-11-01,0.0005624443459128,0.0
2007-11-02,0.0234726555391664,0.0
2007-11-05,0.0122241415810814,0.0
2007-11-06,0.0035141268278012,0.0
2007-11-07,0.0027433233247723,0.0
2007-11-09,0.0201693391723094,0.0
2007-11-12,0.0249070446152596,0.0
2007-11-13,0.0102053950351122,0.0
2007-11-14,0.0141251658492444,0.0
2007-11-15,0.0135153286738598,0.0
2007-11-16,0.0105890595475715,0.0
2007-11-19,0.0085339364988656,0.0
2007-11-20,0.0077518892200323,0.0
2007-11-21,0.0268442827283217,0.0
2007-11-22,0.0103062945199776,0.0
2007-11-23,0.0039194088243802,0.0
2007-11-26,0.0274880078628151,0.0
2007-11-27,0.0135294944094061,0.0
2007-11-28,0.0008661424536077,0.0
2007-11-29,0.0316910140878862,0.0
2007-11-30,0.012301065287422,0.0
2007-12-03,8.23643505371726e-05,0.0
2007-12-04,0.0017902327200019,0.0
2007-12-05,0.0090802808139921,0.0
2007-12-06,0.0021089341947464,0.0
2007-12-07,0.0015188533526033,0.0
2007-12-10,0.0013696676256831,0.0
2007-12-11,0.0100671242108916,0.0
2007-12-12,0.0111456656062218,0.0
2007-12-13,0.0199022984558662,0.0
2007-12-14,0.0037232271602351,0.0
2007-12-17,0.0330883023208584,0.0
2007-12-18,0.0046855073919459,0.0
2007-12-19,0.0035589730629802,0.0
2007-12-21,0.012067460677574,0.0
2007-12-24,0.0106636174285303,0.0
2007-12-26,0.0111991290829712,0.0
2007-12-27,0.0011481310377754,0.0
2007-12-28,0.0090654360753389,0.0
2007-12-31,0.0105310869322177,0.0
2008-01-02,0.006071889425079,0.0
2008-01-03,0.0187107506978593,0.0
2008-01-04,0.0119184655189758,0.0
2008-01-07,0.0249554552117169,0.0
2008-01-08,0.0044206646438685,0.0
2008-01-09,0.0018734696686659,0.0
2008-01-10,0.0100547636100186,0.0
2008-01-11,0.0071926667823115,0.0
2008-01-14,0.0212752343275343,0.0
2008-01-15,0.0199481296578302,0.0
2008-01-16,0.0309340629431139,0.0
2008-01-17,0.0262632183815029,0.0
2008-01-18,0.0114124049922798,0.0
2008-01-21,0.0621650615333781,0.0
2008-01-22,0.0174978456589154,0.0
2008-01-23,0.0400281345422703,0.0
2008-01-24,0.0220337595316397,0.0
2008-01-25,0.0352363237175894,0.0
2008-01-28,0.0382012927940343,0.0
2008-01-29,0.0029026130570936,0.0
2008-01-30,0.0164864727934424,0.0
2008-01-31,0.0061119219069959,0.0
2008-02-01,0.0086985542725678,0.0
2008-02-04,0.0227721899920644,0.0
2008-02-05,0.0126435029876346,0.0
2008-02-06,0.0356630756973971,0.0
2008-02-11,0.0219584950518687,0.0
2008-02-12,0.0199988514346786,0.0
2008-02-13,0.0079343407941874,0.0
2008-02-14,0.0320454322805759,0.0
2008-02-15,0.0140491215283122,0.0
2008-02-19,0.0030323350118143,0.0
2008-02-20,0.0232602349963537,0.0
2008-02-21,0.0092015236866914,0.0
2008-02-22,0.0020218624440011,0.0
2008-02-25,0.0053356858099987,0.0
2008-02-26,0.0041935884950182,0.0
2008-02-27,0.0053853399830451,0.0
2008-02-28,0.0065817600728126,0.0
2008-02-29,0.0156381091697076,0.0
2008-03-03,0.0335660278026736,0.0
2008-03-04,0.0023502737226804,0.0
2008-03-05,0.0030563401177525,0.0
2008-03-06,0.0024533492094624,0.0
2008-03-07,0.0178559749181618,0.0
2008-03-10,0.0104123744844982,0.0
2008-03-11,0.0085161600988422,0.0
2008-03-12,0.0197590501715286,0.0
2008-03-13,0.0392782521905988,0.0
2008-03-14,0.0118557877021732,0.0
2008-03-17,0.01642862982264,0.0
2008-03-18,0.014514183964599,0.0
2008-03-19,0.0001306267518207,0.0
2008-03-20,0.0029338561104816,0.0
2008-03-24,0.0357714109863505,0.0
2008-03-25,0.0244277149084907,0.0
2008-03-26,0.0016579256178988,0.0
2008-03-27,0.0099595140112153,0.0
2008-03-28,0.0022122646370154,0.0
2008-03-31,0.0081268002843731,0.0
2008-04-01,0.0129438800513274,0.0
2008-04-02,0.0253029765162414,0.0
2008-04-03,0.0149109329944102,0.0
2008-04-04,0.005054447924828,0.0
2008-04-07,0.008318768777199,0.0
2008-04-08,0.0163176077294497,0.0
2008-04-09,0.013086693461721,0.0
2008-04-10,0.0081633754072547,0.0
2008-04-11,0.0201154546682084,0.0
2008-04-14,0.0272018286273933,0.0
2008-04-15,0.0044364825015726,0.0
2008-04-16,0.0100912643492577,0.0
2008-04-17,0.012491752383369,0.0
2008-04-18,0.0004574924782368,0.0
2008-04-21,0.0146826852588539,0.0
2008-04-22,0.0050767898030015,0.0
2008-04-23,0.0020717872442846,0.0
2008-04-24,0.0051135071652694,0.0
2008-04-25,0.0036596113702506,0.0
2008-04-28,0.003889932180082,0.0
2008-04-29,0.0091841942569427,0.0
2008-04-30,0.0077751925409705,0.0
2008-05-02,0.0276682995265878,0.0
2008-05-05,0.0036828182765208,0.0
2008-05-06,0.0002185574525441,0.0
2008-05-07,0.0061133151094725,0.0
2008-05-08,0.0178325567742927,0.0
2008-05-09,0.0031101994162798,0.0
2008-05-12,0.0057172466810751,0.0
2008-05-13,0.0072874823564009,0.0
2008-05-14,0.0015338852891157,0.0
2008-05-15,0.0027848926844628,0.0
2008-05-16,0.0105631255176012,0.0
2008-05-20,0.0129198251438715,0.0
2008-05-21,0.0009317127631121,0.0
2008-05-22,0.011337383260999,0.0
2008-05-23,0.0123223406711442,0.0
2008-05-26,0.0060557586259376,0.0
2008-05-27,0.0038754596660376,0.0
2008-05-28,0.0055792617951059,0.0
2008-05-29,0.0088980432318567,0.0
2008-05-30,0.0100230911691128,0.0
2008-06-02,0.0014324730857236,0.0
2008-06-03,0.0107570136155924,0.0
2008-06-04,0.0060870545469491,0.0
2008-06-05,0.0028954607363527,0.0
2008-06-06,0.0009029596894775,0.0
2008-06-09,0.0201298651011457,0.0
2008-06-10,0.0166652171001018,0.0
2008-06-11,0.0045132894849699,0.0
2008-06-12,0.0087755527896866,0.0
2008-06-13,0.0135308084182373,0.0
2008-06-16,0.0190681599325734,0.0
2008-06-17,0.0028622287597232,0.0
2008-06-18,0.0039055597063899,0.0
2008-06-19,0.015724554500808,0.0
2008-06-20,0.0030528649357476,0.0
2008-06-23,0.007577467437665,0.0
2008-06-24,0.0057192898795792,0.0
2008-06-25,0.0082236501628665,0.0
2008-06-26,0.0019003271539452,0.0
2008-06-27,0.0084354989410164,0.0
2008-06-30,0.0028355889265806,0.0
2008-07-01,0.0139215444289892,0.0
2008-07-02,0.0001926910946809,0.0
2008-07-03,0.0089101868984105,0.0
2008-07-07,0.0184611036289561,0.0
2008-07-08,0.016321310528899,0.0
2008-07-09,0.0106819475129636,0.0
2008-07-10,0.0055128124645964,0.0
2008-07-11,0.0086679296279114,0.0
2008-07-14,0.0077929139918589,0.0
2008-07-15,0.0255887645629981,0.0
2008-07-16,0.001613135487299,0.0
2008-07-17,0.0100993690873109,0.0
2008-07-18,0.0057320199603354,0.0
2008-07-21,0.0247908395228121,0.0
2008-07-22,0.0098281990006775,0.0
2008-07-23,0.0300961341415301,0.0
2008-07-24,0.0003592708242662,0.0
2008-07-25,0.018642017364124,0.0
2008-07-28,0.0043028435194032,0.0
2008-07-29,0.0082113197609858,0.0
2008-07-30,0.0133999042249821,0.0
2008-07-31,0.0014175223889585,0.0
2008-08-01,0.0080812521605732,0.0
2008-08-04,0.0103733934272166,0.0
2008-08-05,0.0054283490207147,0.0
2008-08-06,0.0091417702275459,0.0
2008-08-07,0.0182020788557292,0.0
2008-08-08,0.0096309564048307,0.0
2008-08-11,0.0063377011535093,0.0
2008-08-12,0.0030377567897157,0.0
2008-08-13,0.0017873082483598,0.0
2008-08-14,0.0017304495213922,0.0
2008-08-15,0.0068255934264766,0.0
2008-08-18,0.0073621619550499,0.0
2008-08-19,0.0176523469808122,0.0
2008-08-20,0.0085254206532831,0.0
2008-08-21,0.0140088250899393,0.0
2008-08-22,0.0036161503251514,0.0
2008-08-25,0.0037201315982746,0.0
2008-08-26,0.0096533548290866,0.0
2008-08-27,0.0007759589709404,0.0
2008-08-28,0.0052223442100551,0.0
2008-08-29,0.0180267824927187,0.0
2008-09-01,0.0095934579904091,0.0
2008-09-02,0.0165003305040386,0.0
2008-09-03,0.0191791443067571,0.0
2008-09-04,0.0301865477856929,0.0
2008-09-05,0.0199381589055871,0.0
2008-09-08,0.0456662677434682,0.0
2008-09-09,0.0079289606263944,0.0
2008-09-10,0.0191862740844145,0.0
2008-09-11,0.0314770127427548,0.0
2008-09-12,0.0115498388858976,0.0
2008-09-15,0.0332703077351378,0.0
2008-09-16,0.0101537730985547,0.0
2008-09-17,0.0172683292568854,0.0
2008-09-18,3.3100392686715866e-05,0.0
2008-09-19,0.05620291350582,0.0
2008-09-22,0.0058552392121392,0.0
2008-09-23,0.0269383838011997,0.0
2008-09-24,0.0004400741544217,0.0
2008-09-25,0.0135561569271377,0.0
2008-09-26,0.0135018751611527,0.0
2008-09-29,0.0210030652713883,0.0
2008-09-30,0.001029681053319,0.0
2008-10-02,0.0019863111266014,0.0
2008-10-03,0.028529706393911,0.0
2008-10-06,0.0577035097244003,0.0
2008-10-07,0.0042477083290211,0.0
2008-10-08,0.0683878823911565,0.0
2008-10-09,0.033414438768224,0.0
2008-10-10,0.0762543975588027,0.0
2008-10-13,0.0636390187398589,0.0
2008-10-14,0.0247166735169979,0.0
2008-10-15,0.0329184948084568,0.0
2008-10-16,0.0539652273885886,0.0
2008-10-17,0.0379656282822631,0.0
2008-10-20,0.0318069006508253,0.0
2008-10-21,0.0095492351795309,0.0
2008-10-22,0.0532793898588552,0.0
2008-10-23,0.0423187289336067,0.0
2008-10-24,0.0869598290491135,0.0
2008-10-29,0.0433632698004501,0.0
2008-10-30,0.0753053303585458,0.0
2008-10-31,0.004288019472742,0.0
2008-11-03,0.0487052580299494,0.0
2008-11-04,0.0291179493858257,0.0
2008-11-05,0.0211606653359936,0.0
2008-11-06,0.02691036973504,0.0
2008-11-07,0.0240542512622678,0.0
2008-11-10,0.0114873728485951,0.0
2008-11-11,0.0422925876745198,0.0
2008-11-12,0.0127822086127913,0.0
2008-11-13,0.0161270343542166,0.0
2008-11-14,0.0020884509487855,0.0
2008-11-17,0.0053978377504497,0.0
2008-11-18,0.0331909275270923,0.0
2008-11-19,0.0160569018172589,0.0
2008-11-20,0.0314948343172436,0.0
2008-11-21,0.0293972882264706,0.0
2008-11-24,0.0254766787287307,0.0
2008-11-25,0.0201378778951226,0.0
2008-11-26,0.0344109262643996,0.0
2008-11-27,0.0003565445639806,0.0
2008-11-28,0.0128083950323181,0.0
2008-12-01,0.0247412215112538,0.0
2008-12-02,0.0306684532327388,0.0
2008-12-03,0.0008475601258194,0.0
2008-12-04,0.0018939534758641,0.0
2008-12-05,0.0093798406500291,0.0
2008-12-09,0.0559119831786615,0.0
2008-12-10,0.0375406172592881,0.0
2008-12-11,0.015233139364622,0.0
2008-12-12,0.0304564880893354,0.0
2008-12-16,0.023706336847149,0.0
2008-12-17,0.001572383363106,0.0
2008-12-18,0.0109887039400056,0.0
2008-12-19,0.0019363244315876,0.0
2008-12-22,0.0281512849755637,0.0
2008-12-23,0.0121551539082355,0.0
2008-12-24,0.0071933536621067,0.0
2008-12-26,0.0065731218949136,0.0
2008-12-29,0.0313529049241383,0.0
2008-12-30,0.0055867829977643,0.0
2008-12-31,0.0051469112387502,0.0
2009-01-02,0.0379576496407108,0.0
2009-01-05,0.050700967453824,0.0
2009-01-06,0.0058407737965162,0.0
2009-01-07,0.0174374401260046,0.0
2009-01-08,0.0285711221988279,0.0
2009-01-09,0.0118835543886274,0.0
2009-01-12,0.0166211395159483,0.0
2009-01-13,0.0081570652597654,0.0
2009-01-14,0.0016446858031017,0.0
2009-01-15,0.0349783475328899,0.0
2009-01-16,0.0153677886357946,0.0
2009-01-19,0.0095128393716958,0.0
2009-01-20,0.0136126280587743,0.0
2009-01-21,0.0109981157566189,0.0
2009-01-22,0.0024902672481399,0.0
2009-01-23,0.0138717834639506,0.0
2009-01-28,0.0468603349701246,0.0
2009-01-29,0.0003623271448754,0.0
2009-01-30,0.0115281124001617,0.0
2009-02-02,0.0238613839753841,0.0
2009-02-03,0.0038803661705848,0.0
2009-02-04,0.0026496760279764,0.0
2009-02-05,0.0016354325143671,0.0
2009-02-06,0.0062866624124305,0.0
2009-02-09,0.0194314660804736,0.0
2009-02-10,0.0123760367287806,0.0
2009-02-11,0.0109072693930737,0.0
2009-02-12,0.0217271657703064,0.0
2009-02-13,0.0121986139931176,0.0
2009-02-17,0.0405132444409507,0.0
2009-02-18,0.0079903703580859,0.0
2009-02-19,0.0132363940798505,0.0
2009-02-20,0.0213450660603941,0.0
2009-02-23,0.0221671209614939,0.0
2009-02-24,0.0100150911749539,0.0
2009-02-25,0.0014546151681168,0.0
2009-02-26,0.00040189000561,0.0
2009-02-27,0.0140523910460311,0.0
2009-03-02,0.0393047170871715,0.0
2009-03-03,0.0031940969860523,0.0
2009-03-04,0.0103032014040549,0.0
2009-03-05,0.0167814053362722,0.0
2009-03-06,0.0036414660878276,0.0
2009-03-09,0.0378285650377035,0.0
2009-03-10,0.0195745192442544,0.0
2009-03-11,0.0132120224510721,0.0
2009-03-12,0.0079892525837033,0.0
2009-03-13,0.0547115408902757,0.0
2009-03-16,0.005562828427306,0.0
2009-03-17,0.0173529826628033,0.0
2009-03-18,0.0107880306780045,0.0
2009-03-19,0.0056441836448625,0.0
2009-03-20,0.0075807354611678,0.0
2009-03-23,0.0411955901874471,0.0
2009-03-24,0.0250783140235356,0.0
2009-03-25,0.0086285560296612,0.0
2009-03-26,0.0389039450712974,0.0
2009-03-27,0.0074933676020096,0.0
2009-03-30,0.0424306179544551,0.0
2009-03-31,0.0159202536804399,0.0
2009-04-01,0.001334422730898,0.0
2009-04-02,0.0576836964092648,0.0
2009-04-03,0.0096739240814632,0.0
2009-04-06,0.0147787339120982,0.0
2009-04-07,0.0249795699914089,0.0
2009-04-08,0.0102779796044481,0.0
2009-04-09,0.0246658424114546,0.0
2009-04-13,0.0260507916446979,0.0
2009-04-14,0.0107320196141971,0.0
2009-04-15,0.0047173093492544,0.0
2009-04-16,0.0074992269123867,0.0
2009-04-17,0.0025394231750969,0.0
2009-04-20,0.0115131065672627,0.0
2009-04-21,0.0065920998372689,0.0
2009-04-22,0.0235036071747314,0.0
2009-04-23,0.0089485886154764,0.0
2009-04-24,0.0038407434393412,0.0
2009-04-27,0.0186525160638964,0.0
2009-04-28,0.0056244399016169,0.0
2009-04-29,0.0225051255280199,0.0
2009-04-30,0.0375178733954332,0.0
2009-05-04,0.0549290798262568,0.0
2009-05-05,0.0222477948514415,0.0
2009-05-06,0.0492319384213711,0.0
2009-05-07,0.0283101030700161,0.0
2009-05-08,0.0015135183508086,0.0
2009-05-11,0.0327480611665169,0.0
2009-05-12,0.0055382960658967,0.0
2009-05-13,0.0032819040133528,0.0
2009-05-14,0.0293376333705988,0.0
2009-05-15,0.0082921063449601,0.0
2009-05-18,0.017235552581656,0.0
2009-05-19,0.0375855538742275,0.0
2009-05-20,0.0039208292109005,0.0
2009-05-21,0.0260136493575597,0.0
2009-05-22,0.0153944699105757,0.0
2009-05-25,0.0098344551287008,0.0
2009-05-26,0.0127246862562578,0.0
2009-05-27,0.029613588435936,0.0
2009-05-28,0.0057012395141259,0.0
2009-05-29,0.0156254656454208,0.0
2009-06-01,0.0216565543753671,0.0
2009-06-02,0.0017872579093021,0.0
2009-06-03,0.003361601845425,0.0
2009-06-04,0.0088823132787464,0.0
2009-06-05,0.0141248287372354,0.0
2009-06-08,0.0264918171561156,0.0
2009-06-09,0.0069050873711002,0.0
2009-06-10,0.0174436263553488,0.0
2009-06-11,0.0039429562533081,0.0
2009-06-12,0.0019920618613645,0.0
2009-06-15,0.0257853136108911,0.0
2009-06-16,0.0123353892450959,0.0
2009-06-17,0.0073295901392578,0.0
2009-06-18,0.0151933104524373,0.0
2009-06-19,0.0159546400202658,0.0
2009-06-22,0.0027576546484458,0.0
2009-06-23,0.0181708281686568,0.0
2009-06-24,0.0234679620684152,0.0
2009-06-25,0.0102589181982694,0.0
2009-06-26,0.0067050536908656,0.0
2009-06-29,0.0003365735193924,0.0
2009-06-30,0.0068683739886767,0.0
2009-07-01,0.0082849132223191,0.0
2009-07-02,0.0135792660312708,0.0
2009-07-03,0.0091201795856602,0.0
2009-07-06,0.0147445032089047,0.0
2009-07-07,0.0027190170627866,0.0
2009-07-08,0.0055118883922045,0.0
2009-07-09,0.0209493566122128,0.0
2009-07-10,0.0001602711855357,0.0
2009-07-13,0.0180741632882535,0.0
2009-07-14,0.0191871012180073,0.0
2009-07-15,0.0335650134075944,0.0
2009-07-16,0.00484302922964,0.0
2009-07-17,0.0123925697942156,0.0
2009-07-20,0.0103088185828171,0.0
2009-07-21,0.0007412001715931,0.0
2009-07-22,0.0014270688346544,0.0
2009-07-23,0.01380560341799,0.0
2009-07-24,0.0193417108176649,0.0
2009-07-27,0.0169198636874754,0.0
2009-07-28,0.0182211772590314,0.0
2009-07-29,0.0076433416980431,0.0
2009-07-30,0.0122628826670091,0.0
2009-07-31,0.0086906365935745,0.0
2009-08-03,0.0084032002868497,0.0
2009-08-04,0.0123368979580308,0.0
2009-08-05,0.0159566559038899,0.0
2009-08-06,0.0020467519937393,0.0
2009-08-07,0.020249738725365,0.0
2009-08-11,0.0186339996909217,0.0
2009-08-12,0.0100569432596787,0.0
2009-08-13,0.0165349272124363,0.0
2009-08-14,0.0066073829629788,0.0
2009-08-17,0.0330421926561057,0.0
2009-08-18,0.0085026972320408,0.0
2009-08-19,0.0176568545159635,0.0
2009-08-20,0.0144778226510212,0.0
2009-08-21,0.0057636214629904,0.0
2009-08-24,0.0261668924320698,0.0
2009-08-25,0.0024583537162876,0.0
2009-08-26,0.0036857567307366,0.0
2009-08-27,0.005236566423642,0.0
2009-08-28,0.0002157294692464,0.0
2009-08-31,0.0190620768678802,0.0
2009-09-01,0.0013450745279139,0.0
2009-09-02,0.0102433427271374,0.0
2009-09-03,0.0110018835378479,0.0
2009-09-04,0.0093199681549468,0.0
2009-09-08,0.0144676502466231,0.0
2009-09-09,0.0039273882195932,0.0
2009-09-10,0.011829500933304,0.0
2009-09-11,0.0003691892623063,0.0
2009-09-14,0.0155206362128941,0.0
2009-09-15,0.0005077879505635,0.0
2009-09-16,0.0135598693869797,0.0
2009-09-17,0.0006806872921246,0.0
2009-09-18,0.0092812015153162,0.0
2009-09-22,0.0141446772850976,0.0
2009-09-23,0.0001154443130187,0.0
2009-09-24,0.0069153015648339,0.0
2009-09-25,0.0017296991437881,0.0
2009-09-28,0.0126871028607926,0.0
2009-09-29,0.0128710977028555,0.0
2009-09-30,0.0034708497347869,0.0
2009-10-01,0.0056773505360374,0.0
2009-10-02,0.020110983408775,0.0
2009-10-05,0.0080181641732582,0.0
2009-10-06,0.0108399723386721,0.0
2009-10-07,0.00866865412064,0.0
2009-10-08,0.0061753377057892,0.0
2009-10-09,0.00058831730615,0.0
2009-10-12,0.010485776142446,0.0
2009-10-13,0.004513136095353,0.0
2009-10-14,0.0149085794605135,0.0
2009-10-15,0.0013540575597539,0.0
2009-10-16,0.0014869317890826,0.0
2009-10-19,0.0013210159967731,0.0
2009-10-20,0.0002249260175769,0.0
2009-10-21,0.0068620823536496,0.0
2009-10-22,0.0039371299216885,0.0
2009-10-23,0.0123656199250536,0.0
2009-10-26,0.0004712955442389,0.0
2009-10-27,0.0081758452688379,0.0
2009-10-28,0.0170380055219792,0.0
2009-10-29,0.0063128429275636,0.0
2009-10-30,0.007124110058669,0.0
2009-11-02,0.0021523228555775,0.0
2009-11-03,0.0090678326209504,0.0
2009-11-04,0.0102804956335095,0.0
2009-11-05,0.0073095556621611,0.0
2009-11-06,0.0109162447517916,0.0
2009-11-09,0.0131439176908513,0.0
2009-11-10,0.005265802781769,0.0
2009-11-11,0.0120521477291123,0.0
2009-11-12,0.005191450546179,0.0
2009-11-13,0.0003630680101177,0.0
2009-11-17,0.0137360990556535,0.0
2009-11-18,0.0072268729339439,0.0
2009-11-19,0.0049965309287927,0.0
2009-11-20,0.0009963173174658,0.0
2009-11-23,0.0130734363814145,0.0
2009-11-24,0.0064182192558243,0.0
2009-11-25,0.0046153043134054,0.0
2009-11-26,0.0110243370852739,0.0
2009-11-30,0.0109567861327801,0.0
2009-12-01,0.0141122965674466,0.0
2009-12-02,0.0091212466290013,0.0
2009-12-03,0.0042251116320573,0.0
2009-12-04,0.0061330213383344,0.0
2009-12-07,0.0021367157009622,0.0
2009-12-08,0.0030415195160226,0.0
2009-12-09,0.002959298328938,0.0
2009-12-10,0.0055026705381125,0.0
2009-12-11,0.0067674311148566,0.0
2009-12-14,0.0004321065330141,0.0
2009-12-15,0.0003001257175099,0.0
2009-12-16,0.0054270522615276,0.0
2009-12-17,0.0002345436871362,0.0
2009-12-18,0.00380349378777,0.0
2009-12-21,0.0056464274549653,0.0
2009-12-22,0.0131930088930774,0.0
2009-12-23,0.0062626153294315,0.0
2009-12-28,0.0049567516835468,0.0
2009-12-29,0.0049184365405519,0.0
2009-12-30,0.0034785547487953,0.0
2010-01-04,0.0051227146640931,0.0
2010-01-05,0.0088498367288481,0.0
2010-01-06,0.0034901290829674,0.0
2010-01-07,0.0059003447379038,0.0
2010-01-08,0.0032590822042285,0.0
2010-01-11,0.0036781073345876,0.0
2010-01-12,0.0059559128296507,0.0
2010-01-13,0.0095548224302549,0.0
2010-01-14,0.0072923750870314,0.0
2010-01-15,0.0003781742955204,0.0
2010-01-18,0.001237053608179,0.0
2010-01-19,0.0003089825337124,0.0
2010-01-20,0.0068170671520437,0.0
2010-01-21,0.0146761325587175,0.0
2010-01-22,0.0110287590436473,0.0
2010-01-25,0.0028412036369544,0.0
2010-01-26,0.0257144456787309,0.0
2010-01-27,0.0125107680929715,0.0
2010-01-28,0.0188221102244771,0.0
2010-01-29,0.0044811147862357,0.0
2010-02-01,0.0033495031784501,0.0
2010-02-02,0.0056073786033761,0.0
2010-02-03,0.0160310737273228,0.0
2010-02-04,0.0072090170590301,0.0
2010-02-05,0.022629488766366,0.0
2010-02-08,0.0037417642713419,0.0
2010-02-09,0.0189023106744417,0.0
2010-02-10,0.0038800310470261,0.0
2010-02-11,0.0070116617093344,0.0
2010-02-12,0.0019120154782486,0.0
2010-02-17,0.0126637419982603,0.0
2010-02-18,0.0089409186586131,0.0
2010-02-19,0.0043609658805954,0.0
2010-02-22,0.0001160803569564,0.0
2010-02-23,0.00905783902485,0.0
2010-02-24,0.0073620882870134,0.0
2010-02-25,0.0047139652504053,0.0
2010-02-26,0.0006218916439085,0.0
2010-03-01,0.0083983430842396,0.0
2010-03-02,0.0006707610131301,0.0
2010-03-03,0.0038128244114945,0.0
2010-03-04,0.0050761572733722,0.0
2010-03-05,0.0077676687616367,0.0
2010-03-08,0.015744727223747,0.0
2010-03-09,0.0017518066727758,0.0
2010-03-10,0.0079799364111721,0.0
2010-03-11,0.0040514239530933,0.0
2010-03-12,0.0025890008457378,0.0
2010-03-15,0.002442811397459,0.0
2010-03-16,0.0076592897705893,0.0
2010-03-17,0.0078649576768477,0.0
2010-03-18,0.0018377810408857,0.0
2010-03-19,0.0006038142497753,0.0
2010-03-22,0.0091372102700982,0.0
2010-03-23,0.0056878275646149,0.0
2010-03-24,0.0066642988292018,0.0
2010-03-25,0.0006961398259721,0.0
2010-03-26,0.0061815532213755,0.0
2010-03-29,0.0078349049515916,0.0
2010-03-30,0.0014498862778589,0.0
2010-03-31,0.0157815047811066,0.0
2010-04-01,0.01905906224154,0.0
2010-04-05,0.0085800383247791,0.0
2010-04-06,0.0023991461827224,0.0
2010-04-07,0.004222310435595,0.0
2010-04-08,0.0083713956342871,0.0
2010-04-09,0.0029586517740536,0.0
2010-04-12,0.0017481358952771,0.0
2010-04-13,0.0018725974707605,0.0
2010-04-14,0.0160701705727251,0.0
2010-04-15,0.000927678479111,0.0
2010-04-16,0.0032369848270532,0.0
2010-04-19,0.0155026833343217,0.0
2010-04-20,0.0068795806324208,0.0
2010-04-21,0.0046126048071037,0.0
2010-04-22,0.0043844367653475,0.0
2010-04-23,0.002613442166941,0.0
2010-04-26,0.0047170400476434,0.0
2010-04-27,0.0036502002252052,0.0
2010-04-28,0.0201366398522014,0.0
2010-04-29,0.0091563164139879,0.0
2010-04-30,0.0052582178474088,0.0
2010-05-03,0.0102690576953391,0.0
2010-05-04,0.0147263891632526,0.0
2010-05-05,0.0141874961702771,0.0
2010-05-06,0.0072492602996621,0.0
2010-05-07,0.0065503081493333,0.0
2010-05-10,0.0208264775443053,0.0
2010-05-11,0.0079503600046819,0.0
2010-05-12,0.0078983178987075,0.0
2010-05-13,0.0043178969361047,0.0
2010-05-14,0.0044416192163729,0.0
2010-05-17,0.0075656533071299,0.0
2010-05-18,0.0037548762254368,0.0
2010-05-19,0.0248496230355969,0.0
2010-05-20,0.0076085167690453,0.0
2010-05-21,0.0191803643597411,0.0
2010-05-24,0.0083576055933873,0.0
2010-05-25,0.0272638635202263,0.0
2010-05-26,0.0169867759493917,0.0
2010-05-27,0.0160717888674395,0.0
2010-05-31,0.0046975475090302,0.0
2010-06-01,0.0135919737488373,0.0
2010-06-02,0.0044571466938105,0.0
2010-06-03,0.0238734121696464,0.0
2010-06-04,0.0046571818746238,0.0
2010-06-07,0.01965745014566,0.0
2010-06-08,0.0019168088015008,0.0
2010-06-09,0.0002949738189897,0.0
2010-06-10,0.0122273759948081,0.0
2010-06-11,0.0059936873028714,0.0
2010-06-14,0.0077587251758778,0.0
2010-06-15,4.964003826170189e-05,0.0
2010-06-16,0.010142794900892,0.0
2010-06-17,0.0010507989316039,0.0
2010-06-18,0.0037165442483033,0.0
2010-06-21,0.0182693057228692,0.0
2010-06-22,0.0046335556649648,0.0
2010-06-23,0.0004352860259196,0.0
2010-06-24,0.0081977498348863,0.0
2010-06-25,0.0014141460114283,0.0
2010-06-28,0.0064143123366943,0.0
2010-06-29,0.0139116652076973,0.0
2010-06-30,0.0018249417901012,0.0
2010-07-01,0.0053607932753,0.0
2010-07-02,0.0084172710725825,0.0
2010-07-05,5.974528936780006e-05,0.0
2010-07-06,0.0084033518912164,0.0
2010-07-07,0.002440192926686,0.0
2010-07-08,0.012545751343086,0.0
2010-07-09,0.0068864800199872,0.0
2010-07-12,0.0027899583173049,0.0
2010-07-13,0.0011547221146425,0.0
2010-07-14,0.0081986572952934,0.0
2010-07-15,0.0031409266767109,0.0
2010-07-16,0.0048023388392196,0.0
2010-07-19,0.0041672963380633,0.0
2010-07-20,0.0010825142873548,0.0
2010-07-21,0.0076668184224515,0.0
2010-07-22,0.0100582421972826,0.0
2010-07-23,0.0060042780662665,0.0
2010-07-26,0.0021816435365339,0.0
2010-07-27,0.0041672182432572,0.0
2010-07-28,0.0020118168239672,0.0
2010-07-29,0.004101613120318,0.0
2010-07-30,0.0033247715107847,0.0
2010-08-03,0.00901970422682,0.0
2010-08-04,0.0042880816592587,0.0
2010-08-05,0.0016276234530392,0.0
2010-08-06,0.0038988059819256,0.0
2010-08-10,0.0036024086238602,0.0
2010-08-11,0.0118075809575053,0.0
2010-08-12,0.0075626079065715,0.0
2010-08-13,0.0044076804206145,0.0
2010-08-16,0.0021997056476915,0.0
2010-08-17,0.003465985176931,0.0
2010-08-18,0.0013657967084681,0.0
2010-08-19,0.0093417821491222,0.0
2010-08-20,0.0034980833911227,0.0
2010-08-23,0.0035786968572289,0.0
2010-08-24,0.0010736805358252,0.0
2010-08-25,0.0012650704594213,0.0
2010-08-26,0.000232359134989,0.0
2010-08-27,0.004389002327814,0.0
2010-08-30,0.0062146365786852,0.0
2010-08-31,0.0022784963324163,0.0
2010-09-01,0.0109554855101939,0.0
2010-09-02,0.0012831362532162,0.0
2010-09-03,0.0053096008884948,0.0
2010-09-06,0.0106077775436014,0.0
2010-09-07,0.0004974771336516,0.0
2010-09-08,0.0081588299403219,0.0
2010-09-09,0.0035998207526083,0.0
2010-09-13,0.0146264294071603,0.0
2010-09-14,0.0059391148814193,0.0
2010-09-15,0.00731418210625,0.0
2010-09-16,0.001277234576135,0.0
2010-09-17,0.0030145834086755,0.0
2010-09-20,0.0014973532670512,0.0
2010-09-21,0.0046661513319646,0.0
2010-09-22,0.0002294133019224,0.0
2010-09-23,0.0041980097626698,0.0
2010-09-24,0.003092730096041,0.0
2010-09-27,0.0066966286010027,0.0
2010-09-28,0.005187696696105,0.0
2010-09-29,0.0027984541097325,0.0
2010-09-30,0.0027081276979209,0.0
2010-10-01,0.0106832068261329,0.0
2010-10-04,0.0120924500872361,0.0
2010-10-05,0.0020943037846654,0.0
2010-10-06,0.0087242632905265,0.0
2010-10-07,0.0073686656308031,0.0
2010-10-08,0.0042119794970825,0.0
2010-10-11,0.0031882954838865,0.0
2010-10-12,0.0044512402137423,0.0
2010-10-13,0.0166262629476275,0.0
2010-10-14,0.0022322009445083,0.0
2010-10-15,0.002890947710085,0.0
2010-10-18,0.0072038071406081,0.0
2010-10-19,0.0034580455542772,0.0
2010-10-20,0.0041247050805546,0.0
2010-10-21,0.0049253327590094,0.0
2010-10-22,0.00316865673834,0.0
2010-10-25,0.0026779368452233,0.0
2010-10-26,0.0061690763796858,0.0
2010-10-27,0.0121301931948711,0.0
2010-10-28,0.0016374213855799,0.0
2010-10-29,0.0041836368178362,0.0
2010-11-01,0.0156471633600022,0.0
2010-11-02,0.0040954116309397,0.0
2010-11-03,0.0061241796031031,0.0
2010-11-04,0.0047453835278986,0.0
2010-11-08,0.0183746213364349,0.0
2010-11-09,0.0039946182799416,0.0
2010-11-10,0.0073817298552816,0.0
2010-11-11,0.0012608647204581,0.0
2010-11-12,0.0126472051183881,0.0
2010-11-15,0.0046849891689122,0.0
2010-11-16,0.0076602432638371,0.0
2010-11-18,0.0009708162216066,0.0
2010-11-19,0.0055671419419497,0.0
2010-11-22,0.0020193815449822,0.0
2010-11-23,0.0204590396846324,0.0
2010-11-24,0.0034199077726445,0.0
2010-11-25,0.0070582007623874,0.0
2010-11-26,0.000364048098252,0.0
2010-11-29,4.112629778392252e-05,0.0
2010-11-30,0.0042869184691569,0.0
2010-12-01,0.0117725746897117,0.0
2010-12-02,0.005022039043359,0.0
2010-12-03,0.0080121048729408,0.0
2010-12-06,0.0028234776927348,0.0
2010-12-07,0.0032855810605423,0.0
2010-12-08,0.0034153942801193,0.0
2010-12-09,0.002307782824883,0.0
2010-12-10,0.0077491013503255,0.0
2010-12-13,0.0009736119141945,0.0
2010-12-14,0.0017015134133796,0.0
2010-12-15,0.0093958454708997,0.0
2010-12-16,0.0001493186399325,0.0
2010-12-17,0.0016950834599456,0.0
2010-12-20,0.0063793231331139,0.0
2010-12-21,0.0021968270760316,0.0
2010-12-22,0.0014194296693359,0.0
2010-12-23,0.0020789360093219,0.0
2010-12-24,0.0019167220028778,0.0
2010-12-27,0.0049372345985351,0.0
2010-12-28,0.0076745176585124,0.0
2010-12-29,0.0075755802491738,0.0
2010-12-30,0.0014173792724828,0.0
2010-12-31,0.0070035184740315,0.0
2011-01-03,0.0142334591563472,0.0
2011-01-04,0.0044773078436243,0.0
2011-01-05,0.0012175992162258,0.0
2011-01-06,0.0077901055459669,0.0
2011-01-07,0.0056106898788907,0.0
2011-01-10,0.0098851384839488,0.0
2011-01-11,0.0037769860763818,0.0
2011-01-12,0.0010637443196179,0.0
2011-01-13,0.0033627151024153,0.0
2011-01-14,0.0030484229225964,0.0
2011-01-17,0.0022607694314282,0.0
2011-01-18,0.0033754165710175,0.0
2011-01-19,0.0023477081375607,0.0
2011-01-20,0.0113162340690219,0.0
2011-01-21,0.006535115951043,0.0
2011-01-24,0.000364159043644,0.0
2011-01-25,0.001448146209442,0.0
2011-01-26,0.0123808394034135,0.0
2011-01-27,0.0002949879477004,0.0
2011-01-28,0.0030575518589711,0.0
2011-01-31,0.01559300586693,0.0
2011-02-01,0.00157751658526,0.0
2011-02-02,0.0082491724661426,0.0
2011-02-07,0.0059157748782435,0.0
2011-02-08,0.002138701372784,0.0
2011-02-09,0.0109851127750665,0.0
2011-02-10,0.0150852056372643,0.0
2011-02-11,0.008452181131806,0.0
2011-02-14,0.0087840306365797,0.0
2011-02-15,0.0076830460660559,0.0
2011-02-16,0.0045535928656721,0.0
2011-02-17,0.0038493924504056,0.0
2011-02-18,0.0013257731185384,0.0
2011-02-22,0.0222083677369734,0.0
2011-02-23,0.0057366392048507,0.0
2011-02-24,0.0096303190283708,0.0
2011-02-25,0.0173654748151401,0.0
2011-02-28,0.00485445072476,0.0
2011-03-01,0.0187860258752568,0.0
2011-03-02,0.0131550260226964,0.0
2011-03-03,0.0032449541624333,0.0
2011-03-04,0.0078574911858803,0.0
2011-03-07,0.0017004264564906,0.0
2011-03-08,0.0120967083919815,0.0
2011-03-09,0.0035309523816149,0.0
2011-03-10,0.0056611691348744,0.0
2011-03-11,0.0104430813539725,0.0
2011-03-14,0.0041584369717703,0.0
2011-03-15,0.028370943420103,0.0
2011-03-16,0.0084230968254093,0.0
2011-03-17,0.0095099426008068,0.0
2011-03-18,0.0024154678357898,0.0
2011-03-21,0.0161272769717659,0.0
2011-03-22,0.0064280724368225,0.0
2011-03-23,0.0064531793038819,0.0
2011-03-24,0.0068720244295071,0.0
2011-03-25,0.0090974292435386,0.0
2011-03-28,0.0043928667012312,0.0
2011-03-29,0.0001406308305266,0.0
2011-03-30,0.0124736445476948,0.0
2011-03-31,0.0033961459324322,0.0
2011-04-01,0.0046961607354428,0.0
2011-04-04,0.0064366478586249,0.0
2011-04-05,0.00194990421765,0.0
2011-04-06,0.0074655338705014,0.0
2011-04-07,0.0004162183551092,0.0
2011-04-08,0.0049253928331496,0.0
2011-04-11,0.0084660793758921,0.0
2011-04-12,0.0071255855615048,0.0
2011-04-13,0.0108018944536328,0.0
2011-04-14,0.0041573764665183,0.0
2011-04-15,0.0017806332979041,0.0
2011-04-18,0.0028328438656185,0.0
2011-04-19,0.0060639814592348,0.0
2011-04-20,0.012853090017932,0.0
2011-04-21,0.0090967674096095,0.0
2011-04-25,0.0021966525826374,0.0
2011-04-26,0.0049971854998528,0.0
2011-04-27,0.0034148546599199,0.0
2011-04-28,0.0007255585554632,0.0
2011-04-29,0.0038567363831131,0.0
2011-05-03,0.0060572437422223,0.0
2011-05-04,0.0137130652015625,0.0
2011-05-05,0.0002475759897846,0.0
2011-05-06,0.0033272578248981,0.0
2011-05-09,0.0120005166989094,0.0
2011-05-10,0.0061400016544342,0.0
2011-05-11,0.006606203943081,0.0
2011-05-12,0.0148172408020722,0.0
2011-05-13,0.0105591367944276,0.0
2011-05-16,0.0086347396099786,0.0
2011-05-18,0.0015069178019202,0.0
2011-05-19,0.0087480780053362,0.0
2011-05-20,8.521527996796675e-05,0.0
2011-05-23,0.0184938774614831,0.0
2011-05-24,0.000838781453807,0.0
2011-05-25,0.0017843542692746,0.0
2011-05-26,0.0016179964431172,0.0
2011-05-27,0.00377685477278,0.0
2011-05-31,0.0077548180438989,0.0
2011-06-01,0.0040867241842276,0.0
2011-06-02,0.0038746641148886,0.0
2011-06-03,0.0047350346972879,0.0
2011-06-06,0.0102055210158283,0.0
2011-06-07,0.0007127078185252,0.0
2011-06-08,0.0041711322206087,0.0
2011-06-09,0.0017449785710995,0.0
2011-06-10,0.0062241843274053,0.0
2011-06-13,0.0062926168556855,0.0
2011-06-14,0.0005395783301217,0.0
2011-06-15,0.0008408822296998,0.0
2011-06-16,0.011420855445876,0.0
2011-06-17,0.0049290865843473,0.0
2011-06-20,0.0027646583694328,0.0
2011-06-21,0.0131563420033876,0.0
2011-06-22,0.0035037226966623,0.0
2011-06-23,0.0006209041810523,0.0
2011-06-24,0.0072420747625457,0.0
2011-06-27,0.0060735013179784,0.0
2011-06-28,0.0008230795446502,0.0
2011-06-29,0.0094445883890776,0.0
2011-06-30,0.0131288240748892,0.0
2011-07-01,0.0059334679518978,0.0
2011-07-05,0.0029735273020567,0.0
2011-07-06,0.0047979019407585,0.0
2011-07-07,0.00357664448092,0.0
2011-07-08,0.0080960468713901,0.0
2011-07-11,0.0108189935890553,0.0
2011-07-12,0.0135385190758861,0.0
2011-07-13,0.0042083918422601,0.0
2011-07-14,9.066662225185996e-05,0.0
2011-07-15,0.0014450040842389,0.0
2011-07-18,0.0017166566053937,0.0
2011-07-19,0.0055611386028916,0.0
2011-07-20,0.0097740202277452,0.0
2011-07-21,0.0038243953735812,0.0
2011-07-22,0.0140602562675203,0.0
2011-07-25,0.0035879816110076,0.0
2011-07-26,0.0047246818854997,0.0
2011-07-27,0.0021849069556959,0.0
2011-07-28,0.0011561072527958,0.0
2011-07-29,0.0001850063354828,0.0
2011-08-01,0.0081224235485429,0.0
2011-08-02,0.0119456304134512,0.0
2011-08-03,0.0148240582341373,0.0
2011-08-04,0.0074808008401598,0.0
2011-08-05,0.0367900691951547,0.0
2011-08-08,0.037692563469751,0.0
2011-08-10,0.0220548531766154,0.0
2011-08-11,0.0088548716131992,0.0
2011-08-12,0.0192575265987884,0.0
2011-08-15,0.0083179016110132,0.0
2011-08-16,0.0146030187610411,0.0
2011-08-17,0.0014837516507465,0.0
2011-08-18,0.0012629610524063,0.0
2011-08-19,0.0328638379495248,0.0
2011-08-22,0.000665938810238,0.0
2011-08-23,0.0121304331152313,0.0
2011-08-24,0.0157977260299002,0.0
2011-08-25,0.0160111050355666,0.0
2011-08-26,0.006369377215713,0.0
2011-08-29,0.0157798978428734,0.0
2011-08-31,0.032896273234408,0.0
2011-09-01,0.0062860761155063,0.0
2011-09-02,0.0084374247034567,0.0
2011-09-05,0.0249004777540626,0.0
2011-09-06,0.0006921687480065,0.0
2011-09-07,0.0203458265786728,0.0
2011-09-08,0.0087080493485264,0.0
2011-09-09,0.0110907165562762,0.0
2011-09-12,0.0293827047474507,0.0
2011-09-13,0.0051928091291378,0.0
2011-09-14,0.0036498453589114,0.0
2011-09-15,0.0096634371514884,0.0
2011-09-16,0.0083133258253917,0.0
2011-09-19,0.011470919116278,0.0
2011-09-20,0.0085265264510638,0.0
2011-09-21,0.0039299092224574,0.0
2011-09-22,0.0269117975792008,0.0
2011-09-23,0.0069639357206835,0.0
2011-09-26,0.0166224918769467,0.0
2011-09-27,0.0266175290927384,0.0
2011-09-28,0.0091173015202667,0.0
2011-09-29,0.0025733329745308,0.0
2011-09-30,0.0122491577447137,0.0
2011-10-03,0.0203006698391709,0.0
2011-10-04,0.0350860976863053,0.0
2011-10-05,0.0009131154283623,0.0
2011-10-06,0.0290014947858428,0.0
2011-10-07,0.0141817949381277,0.0
2011-10-10,0.0105490182503599,0.0
2011-10-11,0.0092328146330553,0.0
2011-10-12,0.0164620167311774,0.0
2011-10-13,0.0013816605814805,0.0
2011-10-14,0.0037238782356812,0.0
2011-10-17,0.0126017120817249,0.0
2011-10-18,0.0197257062384065,0.0
2011-10-19,0.0016455698213171,0.0
2011-10-20,0.0096782752912233,0.0
2011-10-21,0.006806712630757,0.0
2011-10-24,0.0177372995286518,0.0
2011-10-25,0.0032508324432766,0.0
2011-10-27,0.0276403848493775,0.0
2011-10-28,0.020215175038248,0.0
2011-10-31,0.0173396821882374,0.0
2011-11-01,0.0235328870703779,0.0
2011-11-02,0.0161451210794063,0.0
2011-11-03,0.0087550178489801,0.0
2011-11-04,0.0135025242126778,0.0
2011-11-08,0.00639750107186,0.0
2011-11-09,0.0027458044826982,0.0
2011-11-10,0.0254231208832631,0.0
2011-11-11,0.0014486037183419,0.0
2011-11-14,0.0140149045758776,0.0
2011-11-15,0.0066467095398431,0.0
2011-11-16,0.0014736154893793,0.0
2011-11-17,0.0104517821207865,0.0
2011-11-18,0.0173950573265762,0.0
2011-11-21,0.0119228381366096,0.0
2011-11-22,0.0070985827445616,0.0
2011-11-23,0.0150657707570254,0.0
2011-11-25,0.0122697288620346,0.0
2011-11-28,0.0189202330916008,0.0
2011-11-29,0.0023519931585732,0.0
2011-11-30,0.0053277941782203,0.0
2011-12-01,0.0217491099780437,0.0
2011-12-02,0.0041480554016451,0.0
2011-12-05,0.0024911098077342,0.0
2011-12-06,0.006244004134606,0.0
2011-12-07,0.0120432847114921,0.0
2011-12-08,0.019685399641087,0.0
2011-12-09,0.0124325847838621,0.0
2011-12-12,0.0026387898004986,0.0
2011-12-13,0.0059323048148345,0.0
2011-12-14,0.0049831286562825,0.0
2011-12-15,0.013995108757294,0.0
2011-12-16,0.009054781539419,0.0
2011-12-19,0.0155877578379301,0.0
2011-12-20,0.0013913461832315,0.0
2011-12-21,0.0222674395662503,0.0
2011-12-22,0.0031921450169633,0.0
2011-12-23,0.0043697249536511,0.0
2011-12-27,0.0010653479617533,0.0
2011-12-28,0.0027604124091804,0.0
2011-12-29,0.0024461494006058,0.0
2011-12-30,0.0099377712243319,0.0
2012-01-03,0.0157500132431468,0.0
2012-01-04,0.0083935728223944,0.0
2012-01-05,0.0007374577164759,0.0
2012-01-06,0.0009468606146078,0.0
2012-01-09,0.0089923456197506,0.0
2012-01-10,0.010552479322349,0.0
2012-01-11,0.0099872806101376,0.0
2012-01-12,0.00126392424211,0.0
2012-01-13,0.0173006654255239,0.0
2012-01-16,0.0126353011630897,0.0
2012-01-17,0.0213060768031321,0.0
2012-01-18,0.007289030378471,0.0
2012-01-19,0.0056362469475124,0.0
2012-01-20,0.0134899645458872,0.0
2012-01-25,0.014722392443712,0.0
2012-01-26,0.0009643987589173,0.0
2012-01-27,0.0075137999275262,0.0
2012-01-30,0.0096373317314157,0.0
2012-01-31,0.0063503115590719,0.0
2012-02-01,0.0006641825113483,0.0
2012-02-02,0.0012814672158545,0.0
2012-02-03,0.0058119913380374,0.0
2012-02-06,0.0075623293967741,0.0
2012-02-07,0.0059953692574223,0.0
2012-02-08,0.0082222699511941,0.0
2012-02-09,0.0003454520947204,0.0
2012-02-10,0.0071265463707911,0.0
2012-02-13,0.0055051189507433,0.0
2012-02-14,0.0037123745737788,0.0
2012-02-15,0.0080912780351524,0.0
2012-02-16,0.0115147947927118,0.0
2012-02-17,0.007825720186605,0.0
2012-02-21,0.008125289019016,0.0
2012-02-22,0.0097930178104484,0.0
2012-02-23,0.0091383328885059,0.0
2012-02-24,0.0032759201916321,0.0
2012-02-27,0.0105657650789566,0.0
2012-02-28,0.007757974292167,0.0
2012-02-29,0.0081593124323546,0.0
2012-03-01,0.0050963529514856,0.0
2012-03-02,0.0049059350488548,0.0
2012-03-05,0.0005646982652899,0.0
2012-03-06,0.0201870312883924,0.0
2012-03-07,0.0064498254988468,0.0
2012-03-08,0.0194514788144874,0.0
2012-03-09,0.0024369925857737,0.0
2012-03-12,0.0009985075099413,0.0
2012-03-13,0.0077109588708123,0.0
2012-03-14,0.0124114369674551,0.0
2012-03-15,0.0001849941362619,0.0
2012-03-16,0.0050228237705154,0.0
2012-03-19,0.0068624274837708,0.0
2012-03-20,0.0042183516866212,0.0
2012-03-21,0.0009652892419594,0.0
2012-03-22,0.0088155666178121,0.0
2012-03-23,0.003628578036791,0.0
2012-03-26,0.0052242113797462,0.0
2012-03-27,0.0148198523253915,0.0
2012-03-28,0.0027929570055894,0.0
2012-03-29,0.0054624779450413,0.0
2012-03-30,0.0054525030084885,0.0
2012-04-02,0.0018618040614202,0.0
2012-04-03,0.0003614919105861,0.0
2012-04-04,0.0099800300040273,0.0
2012-04-05,0.0003884995832895,0.0
2012-04-09,0.0087785752192139,0.0
2012-04-10,0.0075186532501609,0.0
2012-04-11,0.011190837050301,0.0
2012-04-12,0.0097480077639354,0.0
2012-04-13,0.0032451388677536,0.0
2012-04-16,0.0014381580537098,0.0
2012-04-17,0.0018499076503928,0.0
2012-04-18,0.0046733315767742,0.0
2012-04-19,0.0025395751436163,0.0
2012-04-20,0.0045746172288909,0.0
2012-04-23,0.0107876820325489,0.0
2012-04-24,0.0040493860317266,0.0
2012-04-25,0.0018171908551144,0.0
2012-04-26,0.0005669755341652,0.0
2012-04-27,3.6929900298048695e-05,0.0
2012-04-30,0.0010100450316001,0.0
2012-05-02,0.0092134855082655,0.0
2012-05-03,0.0017312746340675,0.0
2012-05-04,0.0034548316572061,0.0
2012-05-07,0.0221933519135075,0.0
2012-05-08,0.002400586230325,0.0
2012-05-09,0.0106535054817725,0.0
2012-05-10,0.0009269294858534,0.0
2012-05-11,0.0056156865641274,0.0
2012-05-14,0.0080745049195473,0.0
2012-05-15,0.004382598294258,0.0
2012-05-16,0.0159608318283037,0.0
2012-05-17,0.0030209281616631,0.0
2012-05-18,0.0155348574625405,0.0
2012-05-22,0.0159386193806343,0.0
2012-05-23,0.0154638214704164,0.0
2012-05-24,0.0003201081281446,0.0
2012-05-25,0.0024422516988009,0.0
2012-05-28,0.0052050652966028,0.0
2012-05-29,0.0052352753461707,0.0
2012-05-30,0.006409183143861,0.0
2012-05-31,0.0041068833621663,0.0
2012-06-01,0.0097242022546739,0.0
2012-06-06,0.0054917080710123,0.0
2012-06-07,0.000568856079055,0.0
2012-06-08,0.0077750198632599,0.0
2012-06-11,0.0180688508694689,0.0
2012-06-12,0.0033196814324024,0.0
2012-06-13,0.0036533953428294,0.0
2012-06-14,0.0047008009524101,0.0
2012-06-15,0.0133184444042796,0.0
2012-06-18,0.0046919179815466,0.0
2012-06-19,0.0064200430450588,0.0
2012-06-20,0.004657716492883,0.0
2012-06-21,0.0089802901654863,0.0
2012-06-22,0.0007280760616981,0.0
2012-06-25,0.0045469800767831,0.0
2012-06-26,0.0034265522220331,0.0
2012-06-27,0.0127392372644728,0.0
2012-06-28,0.0018352976805477,0.0
2012-06-29,0.011049331998553,0.0
2012-07-02,0.0111039021088501,0.0
2012-07-03,0.011865051710039,0.0
2012-07-05,0.0088358783227248,0.0
2012-07-06,0.0023798513091971,0.0
2012-07-09,0.016748214091334,0.0
2012-07-10,0.0120604946552913,0.0
2012-07-11,0.00829370926538,0.0
2012-07-12,0.0057940122831319,0.0
2012-07-13,0.0078826130880375,0.0
2012-07-16,0.0010643232252569,0.0
2012-07-17,0.005337974011551,0.0
2012-07-18,0.0007990411931327,0.0
2012-07-19,0.003886763006671,0.0
2012-07-20,0.0044437012094669,0.0
2012-07-23,0.0110170933555305,0.0
2012-07-24,0.006523548753218,0.0
2012-07-25,0.0037010613093509,0.0
2012-07-26,0.0045534793960051,0.0
2012-07-27,0.0020256602948116,0.0
2012-07-30,0.0113774759568178,0.0
2012-07-31,0.0011862696786198,0.0
2012-08-01,0.0048230809090113,0.0
2012-08-02,0.0048922312856993,0.0
2012-08-03,0.0049741661257833,0.0
2012-08-06,0.0066926553247312,0.0
2012-08-07,0.0013291111046052,0.0
2012-08-08,0.0050621074010163,0.0
2012-08-10,0.0006386529829101,0.0
2012-08-13,0.0034679198231247,0.0
2012-08-14,0.0074862494392646,0.0
2012-08-15,0.0083675899083698,0.0
2012-08-16,0.0002546237258654,0.0
2012-08-17,0.0002546237258655,0.0
2012-08-21,0.0011945117948565,0.0
2012-08-22,0.0053309722781405,0.0
2012-08-23,0.0022601801955016,0.0
2012-08-24,0.001925745364031,0.0
2012-08-27,0.0019688340100806,0.0
2012-08-28,0.0014528322869268,0.0
2012-08-29,0.0004932879935991,0.0
2012-08-30,0.0098292820557892,0.0
2012-08-31,0.0045185632336212,0.0
2012-09-03,0.0027272651985526,0.0
2012-09-04,0.0018809553286358,0.0
2012-09-05,0.0052102579350072,0.0
2012-09-06,0.0022187862645786,0.0
2012-09-07,0.0074788187710484,0.0
2012-09-10,0.0009899577606842,0.0
2012-09-11,0.0025493055612974,0.0
2012-09-12,0.0043863380226881,0.0
2012-09-13,0.0001584146292696,0.0
2012-09-14,0.0132055469917447,0.0
2012-09-17,0.0026995820598784,0.0
2012-09-18,0.0034945584620574,0.0
2012-09-19,0.0024903620078917,0.0
2012-09-20,0.0042421915522564,0.0
2012-09-21,0.0050872214582789,0.0
2012-09-24,0.0033517053307808,0.0
2012-09-25,0.0002608120725328,0.0
2012-09-26,0.0066897820047248,0.0
2012-09-27,0.004176151040753,0.0
2012-09-28,0.0002974478628464,0.0
2012-10-01,0.0008106895902078,0.0
2012-10-02,0.0069349422978632,0.0
2012-10-03,0.0006497430721661,0.0
2012-10-04,0.0030825265838567,0.0
2012-10-05,0.0068545559538702,0.0
2012-10-08,0.0100963308226832,0.0
2012-10-09,0.0034969138285038,0.0
2012-10-10,0.0105251224645048,0.0
2012-10-11,0.0003791814691938,0.0
2012-10-12,0.0029929144748373,0.0
2012-10-15,0.0004273102936741,0.0
2012-10-16,0.0012348428952666,0.0
2012-10-17,0.0003742767266251,0.0
2012-10-18,0.0048117070565612,0.0
2012-10-19,0.0037451872770895,0.0
2012-10-22,0.0010665197794716,0.0
2012-10-23,0.0017255556202365,0.0
2012-10-24,0.0020342189030369,0.0
2012-10-25,0.0041886415488376,0.0
2012-10-29,0.0091669285906687,0.0
2012-10-30,0.0030057247223525,0.0
2012-10-31,0.0001184325668123,0.0
2012-11-01,0.0038780091833084,0.0
2012-11-02,0.0046609787210716,0.0
2012-11-05,0.0029839950345841,0.0
2012-11-06,0.0040852221380433,0.0
2012-11-07,0.0078976232815077,0.0
2012-11-08,0.0102452938040403,0.0
2012-11-09,0.0008933996784998,0.0
2012-11-12,0.0006614416723393,0.0
2012-11-14,0.0098704485465799,0.0
2012-11-15,0.0108408822368739,0.0
2012-11-16,9.845934341536831e-05,0.0
2012-11-19,0.001797675397934,0.0
2012-11-20,0.0026702115679429,0.0
2012-11-21,0.0005000677365184,0.0
2012-11-22,0.0088549911743505,0.0
2012-11-23,0.0008869433097499,0.0
2012-11-26,0.0050785992618093,0.0
2012-11-27,0.0024632350402567,0.0
2012-11-28,4.6447546927407176e-05,0.0
2012-11-29,0.0112684396464324,0.0
2012-11-30,0.0078648669847324,0.0
2012-12-03,0.0013722862916399,0.0
2012-12-04,0.0011814478152163,0.0
2012-12-05,0.0044964932944591,0.0
2012-12-06,0.0007409765972161,0.0
2012-12-07,0.0093480735825871,0.0
2012-12-10,0.0023242117179912,0.0
2012-12-11,0.0012803471620216,0.0
2012-12-12,0.0074250695576758,0.0
2012-12-13,0.0047569777769574,0.0
2012-12-14,0.003756500991064,0.0
2012-12-17,0.0030756403990676,0.0
2012-12-18,0.0006048341998966,0.0
2012-12-19,0.0005637142819204,0.0
2012-12-20,0.0053519894399666,0.0
2012-12-21,0.0037734103312199,0.0
2012-12-24,0.001582409303223,0.0
2012-12-26,0.0038554961749881,0.0
2012-12-27,0.0009803615863459,0.0
2012-12-28,0.0024687749352227,0.0
2012-12-31,0.0077749838767499,0.0
2013-01-02,0.0108843565729284,0.0
2013-01-03,0.0071765389851441,0.0
2013-01-04,0.0001302079293774,0.0
2013-01-07,0.002160312025617,0.0
2013-01-08,0.0039665140710624,0.0
2013-01-09,0.0046343235564795,0.0
2013-01-10,0.001811818699247,0.0
2013-01-11,0.0030266601817685,0.0
2013-01-14,0.0030857172597606,0.0
2013-01-15,0.0032861431784379,0.0
2013-01-16,0.0038815867777134,0.0
2013-01-17,0.0041851213998176,0.0
2013-01-18,0.0050325013099365,0.0
2013-01-21,0.0031403165453037,0.0
2013-01-22,0.0004533209513347,0.0
2013-01-23,0.003524949943275,0.0
2013-01-24,0.0052965922577009,0.0
2013-01-25,0.0064195154781443,0.0
2013-01-28,0.0014059910239832,0.0
2013-01-29,0.0043344570941803,0.0
2013-01-30,0.0079900519744408,0.0
2013-01-31,0.0009865147273263,0.0
2013-02-01,0.0025799341094347,0.0
2013-02-04,0.0018912398879735,0.0
2013-02-05,0.007522133531073,0.0
2013-02-06,0.001181861473741,0.0
2013-02-07,0.0045149456980036,0.0
2013-02-08,0.002611739940432,0.0
2013-02-13,0.0093558434201064,0.0
2013-02-14,0.0032071793576959,0.0
2013-02-15,0.0022514217379241,0.0
2013-02-18,0.0015430416178499,0.0
2013-02-19,0.002317811291738,0.0
2013-02-20,0.003972919265659,0.0
2013-02-21,0.0064549082541701,0.0
2013-02-22,0.0001611334890484,0.0
2013-02-25,0.0001916185204086,0.0
2013-02-26,0.0105456867408353,0.0
2013-02-27,0.0021058203276824,0.0
2013-02-28,0.002703948747075,0.0
2013-03-01,0.0001376113208128,0.0
2013-03-04,0.0090791855034386,0.0
2013-03-05,0.0025615888474064,0.0
2013-03-06,0.0133181119115438,0.0
2013-03-07,0.0020423748991842,0.0
2013-03-08,0.0027352518384221,0.0
2013-03-11,0.0010451778866383,0.0
2013-03-12,0.0030473231827869,0.0
2013-03-13,0.0043995859246833,0.0
2013-03-14,0.0027466497285561,0.0
2013-03-15,0.0019952786750434,0.0
2013-03-18,0.009042472805866,0.0
2013-03-19,0.0038800809968436,0.0
2013-03-20,0.0063613212544328,0.0
2013-03-21,0.005908504870011,0.0
2013-03-22,0.0027825724182382,0.0
2013-03-25,0.0027305698174988,0.0
2013-03-26,0.0064216256942693,0.0
2013-03-27,0.0074225220298483,0.0
2013-03-28,0.0014891513856814,0.0
2013-04-01,0.0001572081837404,0.0
2013-04-02,0.0030218144234412,0.0
2013-04-03,0.001259137062983,0.0
2013-04-04,0.0042144486705664,0.0
2013-04-05,0.0024275221411867,0.0
2013-04-08,0.0046078523298383,0.0
2013-04-09,0.0036345985930423,0.0
2013-04-10,0.0010076355972842,0.0
2013-04-11,0.0047106815211679,0.0
2013-04-12,0.0044253077125293,0.0
2013-04-15,0.0029854045337174,0.0
2013-04-16,0.0021928279906155,0.0
2013-04-17,3.6492923269716175e-05,0.0
2013-04-18,0.0014906751088033,0.0
2013-04-19,0.0007040730019553,0.0
2013-04-22,0.0045040029715163,0.0
2013-04-23,0.0074530355586964,0.0
2013-04-24,0.0116119102795405,0.0
2013-04-25,0.0045042281225587,0.0
2013-04-26,0.0033380791024791,0.0
2013-04-29,0.0038892056108824,0.0
2013-04-30,0.0018603027316758,0.0
2013-05-02,0.0101055754418095,0.0
2013-05-03,0.0095950529241608,0.0
2013-05-06,0.0036699650729002,0.0
2013-05-07,0.0002571515739372,0.0
2013-05-08,0.0087873775758745,0.0
2013-05-09,0.0057729014876682,0.0
2013-05-10,0.0031963701313008,0.0
2013-05-13,0.0043098103839108,0.0
2013-05-14,0.0011076083643285,0.0
2013-05-15,0.0025515432835749,0.0
2013-05-16,0.0031187423564038,0.0
2013-05-17,0.0008635647547978,0.0
2013-05-20,0.0014282352529018,0.0
2013-05-21,0.0029950395317131,0.0
2013-05-22,0.0030356083059331,0.0
2013-05-23,0.0178755654125913,0.0
2013-05-27,0.000551221569937,0.0
2013-05-28,0.0043487497576087,0.0
2013-05-29,0.0114003809872377,0.0
2013-05-30,0.0093862268555015,0.0
2013-05-31,0.007413448593746,0.0
2013-06-03,0.0061462343026046,0.0
2013-06-04,8.204250533327095e-05,0.0
2013-06-05,0.0146664538932075,0.0
2013-06-06,0.0155107623038978,0.0
2013-06-07,0.0027562645606191,0.0
2013-06-10,0.0049458112855855,0.0
2013-06-11,0.0094587575994096,0.0
2013-06-12,0.0053448188102992,0.0
2013-06-13,0.007253189922845,0.0
2013-06-14,0.0097710264343439,0.0
2013-06-17,0.0069379194508632,0.0
2013-06-18,0.0143804690517519,0.0
2013-06-19,0.0048918855684902,0.0
2013-06-20,0.025376938998614,0.0
2013-06-21,0.0028157471246106,0.0
2013-06-24,0.0161777471763208,0.0
2013-06-25,0.0050679099136194,0.0
2013-06-26,0.0046720137323839,0.0
2013-06-27,0.0043809729970524,0.0
2013-06-28,0.010340705486402,0.0
2013-07-01,0.0030231943760258,0.0
2013-07-02,0.0102594673396669,0.0
2013-07-03,0.0139083311292037,0.0
2013-07-04,0.005617737287195,0.0
2013-07-05,0.0071586184527744,0.0
2013-07-08,0.0045089590954842,0.0
2013-07-09,0.007312803983298,0.0
2013-07-10,0.0029560706673692,0.0
2013-07-11,0.0189162892229254,0.0
2013-07-12,0.0039660508364379,0.0
2013-07-15,0.0002348289337084,0.0
2013-07-16,0.0036708525162318,0.0
2013-07-17,0.0051699580626542,0.0
2013-07-18,0.0030716049755832,0.0
2013-07-19,0.0015361807140879,0.0
2013-07-22,0.0065420094443661,0.0
2013-07-23,0.0059832430994282,0.0
2013-07-24,0.006433333241143,0.0
2013-07-25,0.0120055012769068,0.0
2013-07-26,0.0001298455801381,0.0
2013-07-29,0.0002687667653602,0.0
2013-07-30,0.0026163023710583,0.0
2013-07-31,0.0072734627152922,0.0
2013-08-01,0.0066077210790422,0.0
2013-08-02,0.0033366640719846,0.0
2013-08-05,0.003799264381828,0.0
2013-08-06,0.005226850606173,0.0
2013-08-07,0.0015554380291451,0.0
2013-08-12,0.0007211464485326,0.0
2013-08-13,0.0036687707544024,0.0
2013-08-14,0.0013984135119966,0.0
2013-08-15,0.0085755677947414,0.0
2013-08-16,0.0072883628588473,0.0
2013-08-19,0.007597111585445,0.0
2013-08-20,0.0141479705698458,0.0
2013-08-21,0.0063356523018132,0.0
2013-08-22,0.0063210457741228,0.0
2013-08-23,0.0001779807191199,0.0
2013-08-26,0.0014385223708513,0.0
2013-08-27,0.016471883298098,0.0
2013-08-28,0.00988384984132,0.0
2013-08-29,0.0112046592273909,0.0
2013-08-30,0.0029965846993049,0.0
2013-09-02,0.0088025304958184,0.0
2013-09-03,0.0003076479547217,0.0
2013-09-04,0.0129684884762947,0.0
2013-09-05,0.0079374638811117,0.0
2013-09-06,0.0029239307315867,0.0
2013-09-09,0.0129878884293263,0.0
2013-09-10,0.0114906046092537,0.0
2013-09-11,0.0050384413560786,0.0
2013-09-12,0.0041385764549144,0.0
2013-09-13,0.000249954107928,0.0
2013-09-16,0.0187884885718225,0.0
2013-09-17,0.000452783300723,0.0
2013-09-18,0.004056677644493,0.0
2013-09-19,0.0179754315195019,0.0
2013-09-20,0.0043918452890021,0.0
2013-09-23,0.0072166534589123,0.0
2013-09-24,0.0007780890526392,0.0
2013-09-25,0.0009874639135389,0.0
2013-09-26,0.0044573756079423,0.0
2013-09-27,0.0049558686334863,0.0
2013-09-30,0.0132675142923951,0.0
2013-10-01,0.0042933089415176,0.0
2013-10-02,0.0091315936892943,0.0
2013-10-03,0.0024740623120744,0.0
2013-10-04,0.0021359548624814,0.0
2013-10-07,0.000474922258209,0.0
2013-10-08,0.0031544734162006,0.0
2013-10-09,0.0026470854276253,0.0
2013-10-10,0.0047653591799466,0.0
2013-10-11,0.0030868167876694,0.0
2013-10-14,0.004557943961867,0.0
2013-10-16,0.0027700416673472,0.0
2013-10-17,0.0039587476257915,0.0
2013-10-18,0.0019687334361669,0.0
2013-10-21,0.000895370125284,0.0
2013-10-22,0.0045114091218183,0.0
2013-10-23,0.0016866422292816,0.0
2013-10-24,0.0040947945094611,0.0
2013-10-25,0.0039575281572199,0.0
2013-10-28,0.0008139937316401,0.0
2013-10-29,0.0003023283682713,0.0
2013-10-30,0.0067150431117703,0.0
2013-10-31,0.0061387189584055,0.0
2013-11-01,0.0029538895131841,0.0
2013-11-05,0.0013548508480557,0.0
2013-11-06,7.799302027350049e-05,0.0
2013-11-07,0.0009957070200924,0.0
2013-11-08,0.0077908322853319,0.0
2013-11-11,0.0029761226833529,0.0
2013-11-12,0.0020323554092123,0.0
2013-11-13,0.004257145573011,0.0
2013-11-14,0.0076567774937925,0.0
2013-11-15,0.0031881701977585,0.0
2013-11-18,0.0005496337762172,0.0
2013-11-19,0.0034244795441628,0.0
2013-11-20,0.0024622709843874,0.0
2013-11-21,0.003728437528404,0.0
2013-11-22,0.0001482104970374,0.0
2013-11-25,0.0024552793281999,0.0
2013-11-26,0.0022473137855634,0.0
2013-11-27,0.0004569963554069,0.0
2013-11-28,0.0045011370286572,0.0
2013-11-29,0.0031496050356257,0.0
2013-12-02,0.003899359987285,0.0
2013-12-03,0.0003419116693608,0.0
2013-12-04,0.008496711281271,0.0
2013-12-05,0.011557680608899,0.0
2013-12-06,0.0032731869978532,0.0
2013-12-09,0.0001702137072087,0.0
2013-12-10,0.0103045521251758,0.0
2013-12-11,0.0068311595639381,0.0
2013-12-12,0.0005555595813773,0.0
2013-12-13,0.0022791559342983,0.0
2013-12-16,0.0040034106670336,0.0
2013-12-17,0.0045088402242462,0.0
2013-12-18,0.0018892837552085,0.0
2013-12-19,0.0027560152403433,0.0
2013-12-20,0.0078674017869625,0.0
2013-12-23,0.0070008466673077,0.0
2013-12-24,0.003546107859988,0.0
2013-12-26,0.0022582134735985,0.0
2013-12-27,0.0049012217731558,0.0
2013-12-30,0.0011201020580836,0.0
2013-12-31,0.0044741473222504,0.0
2014-01-02,0.0022768473469802,0.0
2014-01-03,0.0136948257780943,0.0
2014-01-06,0.0024458997455675,0.0
2014-01-07,0.0009416579778451,0.0
2014-01-08,0.0094937739762818,0.0
2014-01-09,0.0016645303884182,0.0
2014-01-10,0.000489656986322,0.0
2014-01-13,0.0026691037891908,0.0
2014-01-14,0.0037512554302767,0.0
2014-01-15,0.0062230933241284,0.0
2014-01-16,0.0008943976571976,0.0
2014-01-17,0.0021916003464467,0.0
2014-01-20,0.0059081383550107,0.0
2014-01-21,0.0015872038411651,0.0
2014-01-22,6.38836258479802e-06,0.0
2014-01-23,0.0107476516047143,0.0
2014-01-24,0.0078527272112282,0.0
2014-01-27,0.0109702817370694,0.0
2014-01-28,0.0065456432331312,0.0
2014-01-29,0.0047395097308082,0.0
2014-01-30,0.0068179523121729,0.0
2014-02-03,0.0120536505754345,0.0
2014-02-04,0.008444219343116,0.0
2014-02-05,0.0019271240515446,0.0
2014-02-06,0.0094749281989618,0.0
2014-02-07,0.0082880575645274,0.0
2014-02-10,0.0013465440795766,0.0
2014-02-11,0.003936345121528,0.0
2014-02-12,0.0020940896801754,0.0
2014-02-13,0.0014649203996364,0.0
2014-02-14,0.0003915176161043,0.0
2014-02-17,0.0100099455517686,0.0
2014-02-18,0.0004885945790517,0.0
2014-02-19,0.0058478305758122,0.0
2014-02-20,0.0006963552643497,0.0
2014-02-21,0.0042964226974837,0.0
2014-02-24,0.0019047299588073,0.0
2014-02-25,0.000715028593272,0.0
2014-02-26,0.0049646224698325,0.0
2014-02-27,0.0027453546667598,0.0
2014-02-28,0.0045235659199427,0.0
2014-03-03,0.0075215322027484,0.0
2014-03-04,0.0055683248775986,0.0
2014-03-05,0.0038351632826029,0.0
2014-03-06,0.0040123047222875,0.0
2014-03-07,0.0022632416272857,0.0
2014-03-10,0.0030753006065965,0.0
2014-03-11,0.0008855519578386,0.0
2014-03-12,0.0102685483537198,0.0
2014-03-13,0.0051919543053861,0.0
2014-03-14,0.0024922141164897,0.0
2014-03-17,0.005974828192816,0.0
2014-03-18,0.0005496931321081,0.0
2014-03-19,0.0042399923929906,0.0
2014-03-20,0.0076736254210216,0.0
2014-03-21,0.0052817035409681,0.0
2014-03-24,0.0124298507244289,0.0
2014-03-25,0.0024646589857344,0.0
2014-03-26,0.0125332442394823,0.0
2014-03-27,0.0060706054661513,0.0
2014-03-28,0.0030656782549119,0.0
2014-03-31,0.005172386413196,0.0
2014-04-01,0.0030999508574286,0.0
2014-04-02,0.0017961891113747,0.0
2014-04-03,0.0085079913050325,0.0
2014-04-04,0.0022820898717983,0.0
2014-04-07,0.0059722178592383,0.0
2014-04-08,0.0032824427414714,0.0
2014-04-09,0.0018178442443705,0.0
2014-04-10,0.0019770315163392,0.0
2014-04-11,0.0016745629771446,0.0
2014-04-14,0.0051801075736778,0.0
2014-04-15,0.0097475647075866,0.0
2014-04-16,0.0021170441390721,0.0
2014-04-17,0.0001844467982023,0.0
2014-04-21,0.000623700371017,0.0
2014-04-22,0.0066428394001673,0.0
2014-04-23,0.0059735163303362,0.0
2014-04-24,0.0079242725374587,0.0
2014-04-25,0.0049942447640592,0.0
2014-04-28,0.0076372224066713,0.0
2014-04-29,0.0015338353709868,0.0
2014-04-30,0.0082953734555488,0.0
2014-05-02,0.0037316069027794,0.0
2014-05-05,0.0033722538906164,0.0
2014-05-06,0.001220861311878,0.0
2014-05-07,0.002817077164537,0.0
2014-05-08,0.003473107007493,0.0
2014-05-09,0.0013661738992445,0.0
2014-05-12,0.0091744181359054,0.0
2014-05-14,0.011312330158693,0.0
2014-05-15,0.0041031177702961,0.0
2014-05-16,0.0030297746312025,0.0
2014-05-19,4.9089887709985066e-05,0.0
2014-05-20,0.0009313988657144,0.0
2014-05-21,0.0011306267721709,0.0
2014-05-22,0.0011887917175054,0.0
2014-05-23,0.0037777282050736,0.0
2014-05-26,0.0014814626781168,0.0
2014-05-27,0.0026902273368037,0.0
2014-05-28,0.0006782782317348,0.0
2014-05-29,0.0087850403591244,0.0
2014-05-30,0.0014734540782892,0.0
2014-06-02,0.0019368921887015,0.0
2014-06-03,0.001688178731466,0.0
2014-06-04,0.0050176178862979,0.0
2014-06-05,0.0001615989832085,0.0
2014-06-06,0.0060160780414099,0.0
2014-06-09,0.0017472655096765,0.0
2014-06-10,0.0034489648643178,0.0
2014-06-11,0.0011482715764125,0.0
2014-06-12,0.0009023084687489,0.0
2014-06-13,7.287602801154663e-05,0.0
2014-06-16,0.0009083271493523,0.0
2014-06-17,0.0048197477727869,0.0
2014-06-18,0.0007205071184977,0.0
2014-06-19,0.0023770995472266,0.0
2014-06-20,0.0031312073391138,0.0
2014-06-23,0.0004297432603096,0.0
2014-06-24,0.0014204087719748,0.0
2014-06-25,0.000150221498401,0.0
2014-06-26,0.0052078841205798,0.0
2014-06-27,0.0022963233595796,0.0
2014-06-30,0.0047129815561315,0.0
2014-07-01,0.004010287946181,0.0
2014-07-02,0.0065380565545052,0.0
2014-07-03,0.0028269578832797,0.0
2014-07-04,0.0002749724578624,0.0
2014-07-07,0.0058868536775699,0.0
2014-07-08,0.0025034516279188,0.0
2014-07-09,0.0024029184259697,0.0
2014-07-10,0.0018212372941794,0.0
2014-07-11,0.0073835872338174,0.0
2014-07-14,0.0008352684252449,0.0
2014-07-15,0.0001336720385974,0.0
2014-07-16,0.0039449129154651,0.0
2014-07-17,0.0007441664044181,0.0
2014-07-18,0.0011001680802743,0.0
2014-07-21,0.0011290878529565,0.0
2014-07-22,0.000796206028128,0.0
2014-07-23,0.0071467511041947,0.0
2014-07-24,0.0039404829216507,0.0
2014-07-25,0.0011097666750802,0.0
2014-07-29,0.0017625820033811,0.0
2014-07-30,0.000724373676612,0.0
2014-07-31,0.0060675085532962,0.0
2014-08-01,0.0088235223164416,0.0
2014-08-04,0.0078105524376397,0.0
2014-08-05,0.0027896262868282,0.0
2014-08-06,0.0022382841563995,0.0
2014-08-07,0.0018117587603584,0.0
2014-08-08,0.0076722038248952,0.0
2014-08-11,0.0053250023512517,0.0
2014-08-12,0.0009259101233024,0.0
2014-08-13,0.0005995580749189,0.0
2014-08-14,0.001995026310898,0.0
2014-08-15,0.0060336485125443,0.0
2014-08-18,0.0006005206387027,0.0
2014-08-19,0.0011011576746138,0.0
2014-08-20,0.0021746646814523,0.0
2014-08-21,0.0001324316378694,0.0
2014-08-22,0.000424059862899,0.0
2014-08-25,0.00143635459635,0.0
2014-08-26,0.0021823794489441,0.0
2014-08-27,0.0055338116454908,0.0
2014-08-28,0.0033694664563626,0.0
2014-08-29,0.0009402845940946,0.0
2014-09-01,0.0039029640901317,0.0
2014-09-02,0.0042665674029276,0.0
2014-09-03,0.0061314422713907,0.0
2014-09-04,0.0007258825346656,0.0
2014-09-05,0.0013786064155733,0.0
2014-09-08,0.0019589994280509,0.0
2014-09-09,0.0023269986900696,0.0
2014-09-10,0.0012961222800101,0.0
2014-09-11,0.002587576388119,0.0
2014-09-12,0.0005169653157437,0.0
2014-09-15,0.0099369933499741,0.0
2014-09-16,0.0121032026719126,0.0
2014-09-17,0.007264303435908,0.0
2014-09-18,0.0002457042315476,0.0
2014-09-19,0.0023506857373685,0.0
2014-09-22,0.0025690618309637,0.0
2014-09-23,0.0004609849551465,0.0
2014-09-24,0.001602218303739,0.0
2014-09-25,0.0005528929773812,0.0
2014-09-26,0.0003706315245287,0.0
2014-09-29,0.0007566140566738,0.0
2014-09-30,0.0039534231387699,0.0
2014-10-01,0.0038679855505334,0.0
2014-10-02,0.0108983726202896,0.0
2014-10-03,0.0075687552615906,0.0
2014-10-07,0.0028473691949786,0.0
2014-10-08,0.0053410204477043,0.0
2014-10-09,0.0100340773844716,0.0
2014-10-10,0.0109145699600462,0.0
2014-10-13,0.0067601088990725,0.0
2014-10-14,0.0024231825058355,0.0
2014-10-15,0.0013514744296075,0.0
2014-10-16,0.0140126645673449,0.0
2014-10-17,0.0042771808236497,0.0
2014-10-20,0.0041961094390243,0.0
2014-10-21,0.0067953440628922,0.0
2014-10-24,0.0061662963830254,0.0
2014-10-27,0.0011041236068143,0.0
2014-10-28,0.0044923170091851,0.0
2014-10-29,0.003847345534762,0.0
2014-10-30,0.0031834923026638,0.0
2014-10-31,0.0122732040256692,0.0
2014-11-03,0.0050540428181107,0.0
2014-11-04,0.0028208908020013,0.0
2014-11-05,0.0018175893687421,0.0
2014-11-06,0.0010397270450974,0.0
2014-11-07,0.001389638439977,0.0
2014-11-10,0.0044357876537087,0.0
2014-11-11,0.0026846357515769,0.0
2014-11-12,0.0025669482671811,0.0
2014-11-13,0.0064414035127329,0.0
2014-11-14,0.0032444189025135,0.0
2014-11-17,0.0081764872984266,0.0
2014-11-18,0.0075912332814116,0.0
2014-11-19,0.0062663169516726,0.0
2014-11-20,0.0057021220134002,0.0
2014-11-21,0.0089237424219981,0.0
2014-11-24,0.00143288880609,0.0
2014-11-25,0.0013342153149134,0.0
2014-11-26,0.0013951207906515,0.0
2014-11-27,0.0026006427626588,0.0
2014-11-28,0.0028514092834724,0.0
2014-12-01,0.013479520380025,0.0
2014-12-02,0.0050332865901834,0.0
2014-12-03,0.0057141732437675,0.0
2014-12-04,0.0004328481728134,0.0
2014-12-05,0.0059041367470526,0.0
2014-12-08,0.0080184309568871,0.0
2014-12-09,0.0066488801099011,0.0
2014-12-10,0.0017966556100431,0.0
2014-12-11,0.0021401458121814,0.0
2014-12-12,0.0016348252132565,0.0
2014-12-15,0.0090628507212729,0.0
2014-12-16,0.0242897213463709,0.0
2014-12-17,0.0037687996928872,0.0
2014-12-18,0.0050750307268529,0.0
2014-12-19,0.0110009195454284,0.0
2014-12-22,0.0155604106274549,0.0
2014-12-23,0.0004652377403659,0.0
2014-12-29,0.0105012552429225,0.0
2014-12-30,0.0004692251037766,0.0
2014-12-31,0.0002852972796311,0.0
2015-01-02,0.0016153196939507,0.0
2015-01-05,0.0126321664626533,0.0
2015-01-06,0.0140179197766035,0.0
2015-01-07,0.0049876647523324,0.0
2015-01-08,0.0140742022420773,0.0
2015-01-09,0.0019959955955708,0.0
2015-01-12,0.001930161561541,0.0
2015-01-13,0.0011426405951195,0.0
2015-01-14,0.0044726764038249,0.0
2015-01-15,0.0038050085761361,0.0
2015-01-16,0.0114949804583736,0.0
2015-01-19,0.0021245819085299,0.0
2015-01-20,0.0079257199202577,0.0
2015-01-21,0.0061120030549319,0.0
2015-01-22,0.0047080136406498,0.0
2015-01-23,0.0121532716087416,0.0
2015-01-26,0.0038120287898724,0.0
2015-01-27,0.0040171817653369,0.0
2015-01-28,0.002034723361764,0.0
2015-01-29,2.920462003019925e-05,0.0
2015-01-30,0.0081789223327292,0.0
2015-02-02,0.0094358056783839,0.0
2015-02-03,0.0044881491107768,0.0
2015-02-04,0.0027983089921846,0.0
2015-02-05,0.0032209138133174,0.0
2015-02-06,0.0072478369512767,0.0
2015-02-09,0.0038952735900082,0.0
2015-02-10,0.0047342047658539,0.0
2015-02-11,0.0030034514116256,0.0
2015-02-12,0.007401289230109,0.0
2015-02-13,0.0020597954043218,0.0
2015-02-16,0.0002743001054124,0.0
2015-02-17,0.0032880009774117,0.0
2015-02-18,0.0057651181287068,0.0
2015-02-23,0.0041884112947195,0.0
2015-02-24,0.0047558836504665,0.0
2015-02-25,0.000936250327538,0.0
2015-02-26,0.0042668260829705,0.0
2015-02-27,0.0068296319041025,0.0
2015-03-02,0.000302577636642,0.0
2015-03-03,0.0053384875815717,0.0
2015-03-04,0.0019246640725934,0.0
2015-03-05,0.0059493948961748,0.0
2015-03-06,0.0065289262651839,0.0
2015-03-09,0.0037935517543984,0.0
2015-03-10,0.0018551280367012,0.0
2015-03-11,0.0058050500834258,0.0
2015-03-12,0.0014780363128634,0.0
2015-03-13,0.0032154074872582,0.0
2015-03-16,0.003938391665113,0.0
2015-03-17,0.0018055436055816,0.0
2015-03-18,0.0024362212478365,0.0
2015-03-19,0.0072348383131929,0.0
2015-03-20,0.0077310507332562,0.0
2015-03-23,0.0006771813969063,0.0
2015-03-24,0.0009174698271589,0.0
2015-03-25,0.0016861168176841,0.0
2015-03-26,0.0036697702158634,0.0
2015-03-27,0.0053795082036902,0.0
2015-03-30,0.0012050103262343,0.0
2015-03-31,0.0021010633250272,0.0
2015-04-01,2.903893827722813e-06,0.0
2015-04-02,0.0019505019246729,0.0
2015-04-06,0.0002432689333073,0.0
2015-04-07,0.0036742543064592,0.0
2015-04-08,0.0014265008301061,0.0
2015-04-09,0.0001097771743174,0.0
2015-04-10,0.003484899441141,0.0
2015-04-13,0.0034527581290933,0.0
2015-04-14,0.0104748207260934,0.0
2015-04-15,0.005344806038153,0.0
2015-04-16,0.0023587009224092,0.0
2015-04-17,0.0018195691368729,0.0
2015-04-20,0.0062432098312261,0.0
2015-04-21,0.0015288691969993,0.0
2015-04-22,0.0035318757357916,0.0
2015-04-23,0.0018602717398059,0.0
2015-04-24,0.0029219990144862,0.0
2015-04-27,0.0008109712891454,0.0
2015-04-28,0.0059221929987693,0.0
2015-04-29,0.0022743958903676,0.0
2015-04-30,6.881894476956468e-05,0.0
2015-05-04,0.001345733618698,0.0
2015-05-05,0.0033103832400556,0.0
2015-05-06,0.0032895528932084,0.0
2015-05-07,0.0078374678116053,0.0
2015-05-08,0.0055862358524316,0.0
2015-05-11,0.0054284560881275,0.0
2015-05-12,0.0082365386248194,0.0
2015-05-13,0.0031440367425973,0.0
2015-05-14,0.0007555728625898,0.0
2015-05-15,0.0021159699131234,0.0
2015-05-18,0.0010198462495484,0.0
2015-05-19,0.0015997519068401,0.0
2015-05-20,0.0041661478137612,0.0
2015-05-21,5.238018247390924e-05,0.0
2015-05-22,0.0029955796707473,0.0
2015-05-25,0.0030878680742708,0.0
2015-05-26,0.0002514487950902,0.0
2015-05-27,0.0101788668566001,0.0
2015-05-28,0.0020956388740554,0.0
2015-05-29,0.0075361190132672,0.0
2015-06-02,0.0152568456382471,0.0
2015-06-03,0.00271727706057,0.0
2015-06-04,0.0014459161594115,0.0
2015-06-05,0.0033929177895456,0.0
2015-06-08,0.004009576682213,0.0
2015-06-09,0.0076186137783335,0.0
2015-06-10,0.0092556467875212,0.0
2015-06-11,0.0065633260062595,0.0
2015-06-12,0.0018444106755604,0.0
2015-06-15,0.0092018941804393,0.0
2015-06-16,0.0075635349387709,0.0
2015-06-17,0.0083997547673832,0.0
2015-06-18,0.0076935850176226,0.0
2015-06-19,0.0001636139938289,0.0
2015-06-22,0.0042834797820724,0.0
2015-06-23,0.0074081421219315,0.0
2015-06-24,0.003452359956592,0.0
2015-06-25,0.000435731187861,0.0
2015-06-26,0.0086857729740901,0.0
2015-06-29,0.0123375230235062,0.0
2015-06-30,0.0112619879566654,0.0
2015-07-01,0.0041542894455196,0.0
2015-07-02,0.0009910842102786,0.0
2015-07-03,0.0044643612632212,0.0
2015-07-06,0.0029330527708976,0.0
2015-07-07,0.0023944110999217,0.0
2015-07-08,0.0168855860640025,0.0
2015-07-09,0.0053690730968981,0.0
2015-07-10,0.0038122689095238,0.0
2015-07-13,0.0095098920609576,0.0
2015-07-14,0.001593317290782,0.0
2015-07-15,0.0067194535510551,0.0
2015-07-16,0.0043601885556735,0.0
2015-07-20,0.0059551946270802,0.0
2015-07-21,0.0006138183001765,0.0
2015-07-22,0.0036371320241571,0.0
2015-07-23,0.0008338286521806,0.0
2015-07-24,0.0011090189667694,0.0
2015-07-27,0.0117701837524201,0.0
2015-07-28,0.0098051539704239,0.0
2015-07-29,0.0008864805390271,0.0
2015-07-30,0.0105548924533077,0.0
2015-07-31,0.0145755443481217,0.0
2015-08-03,0.0030365998537787,0.0
2015-08-04,0.0005482602207199,0.0
2015-08-05,0.0001096301940554,0.0
2015-08-06,0.0016499623165004,0.0
2015-08-11,0.0137330587640875,0.0
2015-08-12,0.0294717060927047,0.0
2015-08-13,0.0098452639431673,0.0
2015-08-14,0.0072413664728808,0.0
2015-08-17,0.0151743242949341,0.0
2015-08-18,0.0057872305750443,0.0
2015-08-19,0.0027581827984911,0.0
2015-08-20,0.0104016189930975,0.0
2015-08-21,0.0129650304906428,0.0
2015-08-24,0.043905001114455,0.0
2015-08-25,0.0149749894202845,0.0
2015-08-26,0.0046151739405319,0.0
2015-08-27,0.0248980134260813,0.0
2015-08-28,0.0035618919347513,0.0
2015-08-31,0.0117400600081616,0.0
2015-09-01,0.0133249811098439,0.0
2015-09-02,0.0016109072543684,0.0
2015-09-03,0.0097847634138173,0.0
2015-09-04,0.0147725738237306,0.0
2015-09-07,0.0039887064029318,0.0
2015-09-08,0.011471615872613,0.0
2015-09-09,0.0147452102286401,0.0
2015-09-10,0.0138064273415163,0.0
2015-09-14,0.005750535368915,0.0
2015-09-15,0.0103371866220899,0.0
2015-09-16,0.0093860086362133,0.0
2015-09-17,0.009391979292646,0.0
2015-09-18,0.005616931445996,0.0
2015-09-21,0.000930231482165,0.0
2015-09-22,0.0047994085425924,0.0
2015-09-23,0.0079556405907071,0.0
2015-09-25,0.0046140346956722,0.0
2015-09-28,0.0144795978656069,0.0
2015-09-29,0.0014265523655516,0.0
2015-09-30,0.0010575520439229,0.0
2015-10-01,0.0039194452551683,0.0
2015-10-02,0.0031099918945102,0.0
2015-10-05,0.0205875383654833,0.0
2015-10-06,0.0160597095389872,0.0
2015-10-07,0.0219833835684142,0.0
2015-10-08,0.0050026942350572,0.0
2015-10-09,0.0173142701376223,0.0
2015-10-12,0.0111466186070757,0.0
2015-10-13,0.0156992764624179,0.0
2015-10-14,0.0003216596224329,0.0
2015-10-15,0.0104083818191522,0.0
2015-10-16,0.0051177268689356,0.0
2015-10-19,0.0020181662719081,0.0
2015-10-20,0.0018101911201802,0.0
2015-10-21,0.0022068560890384,0.0
2015-10-22,0.0040931933741208,0.0
2015-10-23,0.0099401474387229,0.0
2015-10-26,0.0047500816295371,0.0
2015-10-27,0.0099551114142433,0.0
2015-10-28,0.0039454968446296,0.0
2015-10-29,0.0129097690919169,0.0
2015-10-30,0.0010533286926562,0.0
2015-11-02,0.0080164994795688,0.0
2015-11-03,0.0084199603258945,0.0
2015-11-04,0.0135497604882208,0.0
2015-11-05,0.0055507126865741,0.0
2015-11-06,0.0043684755616183,0.0
2015-11-09,0.0042442130703307,0.0
2015-11-11,0.0053952451975354,0.0
2015-11-12,0.0076019885183412,0.0
2015-11-13,0.0113278473007378,0.0
2015-11-16,0.0034066983637532,0.0
2015-11-17,0.0003600675653231,0.0
2015-11-18,0.0105810710688087,0.0
2015-11-19,0.0116262150992053,0.0
2015-11-20,0.000657845703332,0.0
2015-11-23,0.0049541181192075,0.0
2015-11-24,0.0068646463883267,0.0
2015-11-25,0.0109750121775748,0.0
2015-11-26,0.0023856710172288,0.0
2015-11-27,0.0089034953706445,0.0
2015-11-30,0.0011129108274924,0.0
2015-12-01,0.0050016060682885,0.0
2015-12-02,0.0046507263442139,0.0
2015-12-03,8.66922268177727e-05,0.0
2015-12-04,0.0016796443957624,0.0
2015-12-07,0.0075675055498159,0.0
2015-12-08,0.0086170199848753,0.0
2015-12-09,0.0051732794152129,0.0
2015-12-10,0.0044591180824634,0.0
2015-12-11,0.0048671077905354,0.0
2015-12-14,0.0069348908986036,0.0
2015-12-15,0.0001704911997803,0.0
2015-12-16,0.0089809397184625,0.0
2015-12-17,0.0071061873847717,0.0
2015-12-18,0.0029190831125927,0.0
2015-12-21,0.002558632478533,0.0
2015-12-22,0.0026041589896466,0.0
2015-12-23,0.0037364541645552,0.0
2015-12-24,0.0048666035105692,0.0
2015-12-28,0.0007996081573914,0.0
2015-12-29,0.0044763890931837,0.0
2015-12-30,0.0009387211198542,0.0
2015-12-31,0.0009639091011574,0.0
2016-01-04,0.016353735045766,0.0
2016-01-05,0.0006137315452629,0.0
2016-01-06,0.0106270259446154,0.0
2016-01-07,0.0268746530892788,0.0
2016-01-08,0.0077794678849782,0.0
2016-01-11,0.0155238506748857,0.0
2016-01-12,0.0063215309339428,0.0
2016-01-13,0.0017519400939482,0.0
2016-01-14,0.0194461287404738,0.0
2016-01-15,0.005235725513641,0.0
2016-01-18,0.0144572749845024,0.0
2016-01-19,0.0173836860420359,0.0
2016-01-20,0.0302817742632036,0.0
2016-01-21,0.0106315102454731,0.0
2016-01-22,0.017374981405718,0.0
2016-01-25,0.0021512004886793,0.0
2016-01-26,0.0144417408447902,0.0
2016-01-27,0.0002238207847367,0.0
2016-01-28,0.0063696430995586,0.0
2016-01-29,0.0256816137114737,0.0
2016-02-01,0.0102075217315991,0.0
2016-02-02,0.0089470078000017,0.0
2016-02-03,0.0111073878821795,0.0
2016-02-04,0.0030337275767794,0.0
2016-02-05,0.0249815068895131,0.0
2016-02-10,0.0157956846258991,0.0
2016-02-11,0.0171163613237597,0.0
2016-02-12,0.0006576787351558,0.0
2016-02-15,0.0264008857514013,0.0
2016-02-16,0.0139670297485153,0.0
2016-02-17,0.0117110018023607,0.0
2016-02-18,0.0166109068843683,0.0
2016-02-19,0.0002634148288377,0.0
2016-02-22,0.0014216348143344,0.0
2016-02-23,0.004283061378273,0.0
2016-02-24,0.0196944429476568,0.0
2016-02-25,0.0063407900321306,0.0
2016-02-26,0.017507360589313,0.0
2016-02-29,0.0064448988197099,0.0
2016-03-01,0.0059376431628824,0.0
2016-03-02,0.0164792731867495,0.0
2016-03-03,0.0220008059277097,0.0
2016-03-04,0.0175589286011704,0.0
2016-03-07,0.0047663605399896,0.0
2016-03-08,0.015972404506736,0.0
2016-03-09,0.0113290814461226,0.0
2016-03-10,0.0004661634705496,0.0
2016-03-11,0.0070025328614838,0.0
2016-03-14,0.0064130618528205,0.0
2016-03-15,0.0026800744741571,0.0
2016-03-16,0.0016785061476772,0.0
2016-03-17,0.0125639579150405,0.0
2016-03-18,0.0092035434998137,0.0
2016-03-21,0.0090230081127348,0.0
2016-03-22,1.3899219135270644e-05,0.0
2016-03-23,0.000461621924596,0.0
2016-03-24,0.0120748036618983,0.0
2016-03-28,0.0060235537841492,0.0
2016-03-29,0.0039685754049226,0.0
2016-03-30,0.0188695939545314,0.0
2016-03-31,0.0111593432507178,0.0
2016-04-01,0.0079195919219713,0.0
2016-04-04,0.0059641437102347,0.0
2016-04-05,0.0122175140427351,0.0
2016-04-06,0.0036813175420508,0.0
2016-04-07,0.0008320549523423,0.0
2016-04-08,0.0018748151174339,0.0
2016-04-11,0.0003275165280398,0.0
2016-04-12,0.0019239045861142,0.0
2016-04-13,0.0265604449259473,0.0
2016-04-14,0.0081043318956332,0.0
2016-04-15,0.0034293397398108,0.0
2016-04-18,0.0021192304915164,0.0
2016-04-19,0.0116057900629812,0.0
2016-04-20,0.0006303568699472,0.0
2016-04-21,0.00366455252752,0.0
2016-04-22,0.0068969511197088,0.0
2016-04-25,0.0137485117540275,0.0
2016-04-26,0.001939664261018,0.0
2016-04-27,0.0069123618852109,0.0
2016-04-28,0.00432975350809,0.0
2016-04-29,0.0083427180432305,0.0
2016-05-03,0.0096713753780383,0.0
2016-05-04,0.0136563866966911,0.0
2016-05-05,0.0018986194341674,0.0
2016-05-06,0.013461790508189,0.0
2016-05-09,0.0128293217218688,0.0
2016-05-10,0.0090464414139947,0.0
2016-05-11,0.0030251228314792,0.0
2016-05-12,0.0045707203253186,0.0
2016-05-13,0.003824605812455,0.0
2016-05-16,0.0004204543280177,0.0
2016-05-17,0.0163312164525625,0.0
2016-05-18,0.0014393098999047,0.0
2016-05-19,0.0134127525294015,0.0
2016-05-20,0.0086157007253133,0.0
2016-05-23,0.0011245721137256,0.0
2016-05-24,0.006053840178968,0.0
2016-05-25,0.0059562472821005,0.0
2016-05-26,0.0024007890705949,0.0
2016-05-27,0.0104738738892443,0.0
2016-05-30,0.0020574189401489,0.0
2016-05-31,0.0020365557573358,0.0
2016-06-01,0.0001863334970819,0.0
2016-06-02,0.0016291984005875,0.0
2016-06-03,0.0050460795990299,0.0
2016-06-06,0.0078184990770296,0.0
2016-06-07,0.0059197084663843,0.0
2016-06-08,0.0050047806301536,0.0
2016-06-09,0.0065122025135054,0.0
2016-06-10,0.0073516913058731,0.0
2016-06-13,0.013387276361309,0.0
2016-06-14,0.0061579569594934,0.0
2016-06-15,0.0021361618750468,0.0
2016-06-16,0.0082123955363955,0.0
2016-06-17,0.0043009699420718,0.0
2016-06-20,0.0134611102406508,0.0
2016-06-21,0.0040856987658354,0.0
2016-06-22,0.0011909321902443,0.0
2016-06-23,0.0027671137878128,0.0
2016-06-24,0.0211466254615671,0.0
2016-06-27,0.0020272840091554,0.0
2016-06-28,0.0097259545772642,0.0
2016-06-29,0.0130469520663813,0.0
2016-06-30,0.0171118342451129,0.0
2016-07-01,0.0019131001211131,0.0
2016-07-04,0.0084626136851498,0.0
2016-07-05,0.0020540200862674,0.0
2016-07-07,0.0008730819184807,0.0
2016-07-08,0.005300179301491,0.0
2016-07-11,0.0101692082504977,0.0
2016-07-12,0.0088890698617173,0.0
2016-07-13,0.0030382404799196,0.0
2016-07-14,0.0012823158440945,0.0
2016-07-15,0.006320090485077,0.0
2016-07-18,0.0011649635666045,0.0
2016-07-19,0.0031530455909093,0.0
2016-07-20,0.0089339725657053,0.0
2016-07-21,0.0017872288809885,0.0
2016-07-22,0.0016548620107227,0.0
2016-07-25,0.0052764281881821,0.0
2016-07-26,0.0012245153061323,0.0
2016-07-27,0.0027404765537372,0.0
2016-07-28,0.0078053103903233,0.0
2016-07-29,0.0172554828302196,0.0
2016-08-01,0.0082726420979487,0.0
2016-08-02,0.0124715177942358,0.0
2016-08-03,0.0102353336707129,0.0
2016-08-04,0.0015477878614367,0.0
2016-08-05,0.0013392058865833,0.0
2016-08-08,0.0149539482976257,0.0
2016-08-10,0.0016671591847194,0.0
2016-08-11,0.0020016053855059,0.0
2016-08-12,0.0008436720821359,0.0
2016-08-15,6.624388087345963e-05,0.0
2016-08-16,0.0029374444481111,0.0
2016-08-17,0.0054190046151228,0.0
2016-08-18,0.0022428696115453,0.0
2016-08-19,0.0024784519155962,0.0
2016-08-22,0.0009955932597779,0.0
2016-08-23,0.0032468782378211,0.0
2016-08-24,0.0066923804741249,0.0
2016-08-25,0.002561513027223,0.0
2016-08-26,0.0067241550381488,0.0
2016-08-29,0.0099243207927409,0.0
2016-08-30,0.0003676465870343,0.0
2016-08-31,0.0027614931088945,0.0
2016-09-01,0.0014617967090456,0.0
2016-09-02,0.0044659071439914,0.0
2016-09-05,0.0169109206444474,0.0
2016-09-06,0.0155910595993712,0.0
2016-09-07,0.001001743204502,0.0
2016-09-08,0.000286820837644,0.0
2016-09-09,0.0073338050053299,0.0
2016-09-13,0.0193094528885521,0.0
2016-09-14,0.0032090355921763,0.0
2016-09-15,0.0013642626237515,0.0
2016-09-16,0.0077863161172715,0.0
2016-09-19,0.0086943239261861,0.0
2016-09-20,0.0008936832083759,0.0
2016-09-21,0.0013846289763508,0.0
2016-09-22,0.0016430040209547,0.0
2016-09-23,0.0038190028756863,0.0
2016-09-26,0.0024566842617257,0.0
2016-09-27,0.0036041134824136,0.0
2016-09-28,0.0007764524813394,0.0
2016-09-29,0.009645374796897,0.0
2016-09-30,0.0056436231469884,0.0
2016-10-03,0.0004773669713074,0.0
2016-10-04,0.0047953710824699,0.0
2016-10-05,0.0009884291603064,0.0
2016-10-06,0.0011895009855151,0.0
2016-10-07,0.0034649977680839,0.0
2016-10-10,0.0017404990633405,0.0
2016-10-11,0.0049281259477435,0.0
2016-10-12,0.0149636372677284,0.0
2016-10-13,0.0029292429831777,0.0
2016-10-14,0.0034728716698167,0.0
2016-10-17,0.0006498499444687,0.0
2016-10-18,0.0048018983394265,0.0
2016-10-19,0.0049302718696271,0.0
2016-10-20,0.0007033288554813,0.0
2016-10-21,0.0040749828091436,0.0
2016-10-24,0.0090088669192664,0.0
2016-10-25,0.0009210321648564,0.0
2016-10-26,0.0089677475187343,0.0
2016-10-27,0.0001307547125019,0.0
2016-10-28,0.0044922954277865,0.0
2016-10-31,0.0008489653588023,0.0
2016-11-01,6.403335706261864e-05,0.0
2016-11-02,0.0023306351505019,0.0
2016-11-03,0.0018041067570689,0.0
2016-11-04,0.004750613131021,0.0
2016-11-07,0.00434721462609,0.0
2016-11-08,0.0068633563306052,0.0
2016-11-09,0.0108234420978638,0.0
2016-11-10,0.0157223868586671,0.0
2016-11-11,0.0069007387331232,0.0
2016-11-14,0.0097575610981031,0.0
2016-11-15,0.0036814224205501,0.0
2016-11-16,0.00127337336402,0.0
2016-11-17,0.0069514661052178,0.0
2016-11-18,0.0089064083021593,0.0
2016-11-21,0.0077732442468783,0.0
2016-11-22,0.0019613969445114,0.0
2016-11-23,0.0061781653117668,0.0
2016-11-24,0.0014181732567718,0.0
2016-11-25,0.0054743150672044,0.0
2016-11-28,0.005343534760716,0.0
2016-11-29,0.0015607073966218,0.0
2016-11-30,0.0090002803602396,0.0
2016-12-01,0.0080258090973814,0.0
2016-12-02,0.0031498108720053,0.0
2016-12-05,0.0080785954457612,0.0
2016-12-06,0.0020603853370586,0.0
2016-12-07,0.0036283820137256,0.0
2016-12-08,0.0003311471929196,0.0
2016-12-09,0.000923154496551,0.0
2016-12-12,0.0013336928627694,0.0
2016-12-13,0.001029227436365,0.0
2016-12-14,0.0003959602194347,0.0
2016-12-15,0.0079153213775355,0.0
2016-12-16,0.002416267914925,0.0
2016-12-19,0.0084704942020539,0.0
2016-12-20,0.00060779568133,0.0
2016-12-21,0.0033064165246056,0.0
2016-12-22,0.0067983650241129,0.0
2016-12-23,0.0038205567563054,0.0
2016-12-27,0.0051104666656045,0.0
2016-12-28,0.0043360748619953,0.0
2016-12-29,0.0031620676414247,0.0
2016-12-30,0.0029081558010296,0.0
2017-01-03,0.0063013397698724,0.0
2017-01-04,0.0076766744861046,0.0
2017-01-05,0.0111753741178036,0.0
2017-01-06,0.002869807811859,0.0
2017-01-09,0.0063626108584364,0.0
2017-01-10,0.0081769925077561,0.0
2017-01-11,0.0016913977683011,0.0
2017-01-12,0.0026493245271116,0.0
2017-01-13,0.0106580254379909,0.0
2017-01-16,0.0039581286465322,0.0
2017-01-17,0.0001161978226289,0.0
2017-01-18,0.0041743182916149,0.0
2017-01-19,0.0026629224242737,0.0
2017-01-20,0.0009503123665274,0.0
2017-01-23,0.0047709057866176,0.0
2017-01-24,0.0054289909703386,0.0
2017-01-25,0.0006609819889237,0.0
2017-01-26,0.003887277437939,0.0
2017-01-27,0.0042736238682368,0.0
2017-01-31,0.0059067848702551,0.0
2017-02-01,0.0067677588877959,0.0
2017-02-02,0.007660887902729,0.0
2017-02-03,0.0007032960128608,0.0
2017-02-06,0.0049091225810492,0.0
2017-02-07,0.0048070128504903,0.0
2017-02-08,0.0016649472160876,0.0
2017-02-09,0.00436995847518,0.0
2017-02-10,0.0066112781765166,0.0
2017-02-13,0.003618791603063,0.0
2017-02-14,0.0126648781456507,0.0
2017-02-15,0.0051972653342257,0.0
2017-02-16,0.0026547260181657,0.0
2017-02-17,0.0035330019353527,0.0
2017-02-20,0.0035330019353527,0.0
2017-02-21,0.0008076396839269,0.0
2017-02-22,0.0090117253936532,0.0
2017-02-23,0.0049107708519389,0.0
2017-02-24,0.0065680019764248,0.0
2017-02-27,0.002701699268976,0.0
2017-02-28,0.0038709360740994,0.0
2017-03-01,0.0084124352753004,0.0
2017-03-02,0.0043807110636975,0.0
2017-03-03,0.0045183969119561,0.0
2017-03-06,0.0002658866298541,0.0
2017-03-07,0.0028566888037237,0.0
2017-03-08,0.004732557142849,0.0
2017-03-09,0.0084449421803197,0.0
2017-03-10,0.0046415849120641,0.0
2017-03-13,0.0043944994492628,0.0
2017-03-14,0.0011922647656084,0.0
2017-03-15,0.0019010139293078,0.0
2017-03-16,0.0082813662065941,0.0
2017-03-17,0.0018506103188101,0.0
2017-03-20,0.0011617634350186,0.0
2017-03-21,0.00225476958168,0.0
2017-03-22,0.0128667286865749,0.0
2017-03-23,0.0027989842046362,0.0
2017-03-24,0.005094238811171,0.0
2017-03-27,0.0051102446794692,0.0
2017-03-28,0.0098462729344057,0.0
2017-03-29,0.0084353557696818,0.0
2017-03-30,0.0035641486658324,0.0
2017-03-31,0.0005891663858571,0.0
2017-04-03,0.0038977395519535,0.0
2017-04-04,0.0026544767568246,0.0
2017-04-05,0.0007898564744202,0.0
2017-04-06,0.0003022480374004,0.0
2017-04-07,0.0005288741295656,0.0
2017-04-10,0.0013147087029947,0.0
2017-04-11,0.0021081632751504,0.0
2017-04-12,0.0035404641930357,0.0
2017-04-13,0.0052775448503575,0.0
2017-04-17,0.0098105408352144,0.0
2017-04-18,0.0002422017638106,0.0
2017-04-19,0.0035952571343131,0.0
2017-04-20,0.0037035666194353,0.0
2017-04-21,0.0006213078932826,0.0
2017-04-24,0.00133674261536,0.0
2017-04-25,0.0063094783365979,0.0
2017-04-26,0.0031021037945445,0.0
2017-04-27,0.0007564561155239,0.0
2017-04-28,0.0012856351279184,0.0
2017-05-02,0.0111705182465752,0.0
2017-05-03,0.0082804882195796,0.0
2017-05-04,0.0028423557800982,0.0
2017-05-05,0.0003436987079962,0.0
2017-05-08,0.0022422539688231,0.0
2017-05-09,0.0040049661844685,0.0
2017-05-11,0.0064836531747585,0.0
2017-05-12,0.0048480322964435,0.0
2017-05-15,0.002736383907011,0.0
2017-05-16,0.0112448659404606,0.0
2017-05-17,0.0011190235376303,0.0
2017-05-18,0.0007571444359552,0.0
2017-05-19,0.0014723716138973,0.0
2017-05-22,0.0010418658060988,0.0
2017-05-23,0.0028339063793356,0.0
2017-05-24,0.0026495651240727,0.0
2017-05-25,0.0009682387727244,0.0
2017-05-26,0.0046330054011173,0.0
2017-05-29,0.0015138006546596,0.0
2017-05-30,0.003040816393131,0.0
2017-05-31,0.0018797997295892,0.0
2017-06-01,0.0077992485856344,0.0
2017-06-02,0.001250793124263,0.0
2017-06-05,0.0005248123565846,0.0
2017-06-06,0.0007908665363054,0.0
2017-06-07,0.0016269148481263,0.0
2017-06-08,0.0020286108176603,0.0
2017-06-09,0.0052809424509053,0.0
2017-06-12,0.0017992550799218,0.0
2017-06-13,0.0028220519904967,0.0
2017-06-14,0.0012563722526836,0.0
2017-06-15,0.006580789419822,0.0
2017-06-16,0.0002011738117161,0.0
2017-06-19,0.0048590661319593,0.0
2017-06-20,0.005174770762299,0.0
2017-06-21,0.0089083475682878,0.0
2017-06-22,0.0042946433495414,0.0
2017-06-23,0.0018926259907166,0.0
2017-06-27,0.003129589922138,0.0
2017-06-28,0.0011903470703826,0.0
2017-06-29,0.0132679210142949,0.0
2017-06-30,0.0099212155596145,0.0
2017-07-03,0.0009364489528218,0.0
2017-07-04,0.0038199723157985,0.0
2017-07-05,0.0116226500606891,0.0
2017-07-06,0.0069095873784432,0.0
2017-07-07,0.0008271966622574,0.0
2017-07-10,0.0053557266472464,0.0
2017-07-11,0.0085226839174567,0.0
2017-07-12,0.0030773462349323,0.0
2017-07-13,0.008304703876354,0.0
2017-07-14,0.0158700916064243,0.0
2017-07-17,0.0032829061980774,0.0
2017-07-18,0.0023742312584305,0.0
2017-07-19,0.0057275259127085,0.0
2017-07-20,0.0096523023670858,0.0
2017-07-21,0.0063537190174895,0.0
2017-07-24,0.0010022969497356,0.0
2017-07-25,0.0051305966224973,0.0
2017-07-26,0.0026678163673827,0.0
2017-07-27,0.0053770371244455,0.0
2017-07-28,0.0071678130333799,0.0
2017-07-31,0.0003693485336557,0.0
2017-08-01,0.0026035696105694,0.0
2017-08-02,0.0031703623552827,0.0
2017-08-03,0.0017574341103043,0.0
2017-08-04,0.0049179348017024,0.0
2017-08-07,0.0017601721082797,0.0
2017-08-08,0.0007802203370752,0.0
2017-08-10,0.0015538817869044,0.0
2017-08-11,0.0131821637541381,0.0
2017-08-14,0.008794278983617,0.0
2017-08-15,0.0041674202769923,0.0
2017-08-16,0.0048616683689374,0.0
2017-08-17,0.0030758515581461,0.0
2017-08-18,0.0051802690982094,0.0
2017-08-21,0.0015387033046815,0.0
2017-08-22,0.0051606984227855,0.0
2017-08-23,0.0011465611031864,0.0
2017-08-24,0.0037077427782882,0.0
2017-08-25,0.0038549846301108,0.0
2017-08-28,0.0024666212200994,0.0
2017-08-29,0.0056100011858908,0.0
2017-08-30,0.0048874691697858,0.0
2017-08-31,0.0036683153955086,0.0
2017-09-04,0.0142253177290448,0.0
2017-09-05,0.0062602238390672,0.0
2017-09-06,0.0057960747046967,0.0
2017-09-07,0.0013651860681043,0.0
2017-09-08,0.0001548797952875,0.0
2017-09-11,1.550202416764998e-05,0.0
2017-09-12,0.0022214457001637,0.0
2017-09-13,0.0016485598321148,0.0
2017-09-14,0.0029172874465324,0.0
2017-09-15,0.0035424575879086,0.0
2017-09-18,0.0100103102790876,0.0
2017-09-19,0.0049167192539472,0.0
2017-09-20,0.0024456431594543,0.0
2017-09-21,0.0013215401781439,0.0
2017-09-22,0.0019987142548542,0.0
2017-09-25,0.0013486577734963,0.0
2017-09-26,0.0012040770521914,0.0
2017-09-27,0.0074780599997728,0.0
2017-09-28,0.0027880586784583,0.0
2017-09-29,0.0022428812305345,0.0
2017-10-02,0.0130178081456429,0.0
2017-10-03,0.0049230511307995,0.0
2017-10-04,0.0029093244547314,0.0
2017-10-05,0.0077526661589059,0.0
2017-10-06,0.0089881167819498,0.0
2017-10-09,8.20372718187006e-05,0.0
2017-10-10,0.0007932842758023,0.0
2017-10-11,0.0026395565186712,0.0
2017-10-12,0.0069296270649788,0.0
2017-10-13,0.0048382864636596,0.0
2017-10-16,0.0011893557493324,0.0
2017-10-17,0.0017949162525,0.0
2017-10-19,0.0017646870740397,0.0
2017-10-20,0.0017436739930973,0.0
2017-10-23,0.0027113170035891,0.0
2017-10-24,0.0045269566198449,0.0
2017-10-25,0.0027580738469182,0.0
2017-10-26,0.0036925049093018,0.0
2017-10-27,0.0089549255310134,0.0
2017-10-30,0.003096523045809,0.0
2017-10-31,0.0005599640339958,0.0
2017-11-01,0.0051820488508473,0.0
2017-11-02,0.003281139028498,0.0
2017-11-03,0.0005352977893181,0.0
2017-11-06,0.0001359994227174,0.0
2017-11-07,0.0091980719286322,0.0
2017-11-08,0.0023849835289232,0.0
2017-11-09,0.000777165844891,0.0
2017-11-10,0.001113328250897,0.0
2017-11-13,0.0002837204928124,0.0
2017-11-14,0.0058783238774033,0.0
2017-11-15,0.0089808758267137,0.0
2017-11-16,0.0081669313378709,0.0
2017-11-17,0.012219601636681,0.0
2017-11-20,0.0012439723146287,0.0
2017-11-21,0.0108047915023502,0.0
2017-11-22,0.0019377648732424,0.0
2017-11-23,0.0019990982290362,0.0
2017-11-24,0.0055292482536241,0.0
2017-11-27,0.0016834448975156,0.0
2017-11-28,0.0017416031697377,0.0
2017-11-29,0.0009765852714757,0.0
2017-11-30,0.0015860104767985,0.0
2017-12-01,0.0046490898368462,0.0
2017-12-04,0.0032143036594822,0.0
2017-12-05,0.0001192206267155,0.0
2017-12-06,0.0119528808364409,0.0
2017-12-07,0.0026734284767416,0.0
2017-12-08,0.0107152587885501,0.0
2017-12-11,0.0104022989725789,0.0
2017-12-12,0.0014698516209854,0.0
2017-12-13,0.0009315939653856,0.0
2017-12-14,0.0095560872326872,0.0
2017-12-15,0.0054985860912027,0.0
2017-12-18,0.000620593554774,0.0
2017-12-19,0.0030355375836874,0.0
2017-12-20,0.0028237622387885,0.0
2017-12-21,0.0036415443269022,0.0
2017-12-22,0.0009396628604169,0.0
2017-12-26,0.0022324651732095,0.0
2017-12-27,0.0039912458751585,0.0
2017-12-28,0.0021883170023347,0.0
2017-12-29,0.0011231441863815,0.0
2018-01-02,0.0080138715289562,0.0
2018-01-03,0.0098570921547803,0.0
2018-01-04,0.0105894897540659,0.0
2018-01-05,0.0033502003742387,0.0
2018-01-08,0.0064927911643975,0.0
2018-01-09,0.0035442050044309,0.0
2018-01-10,0.0011923043694915,0.0
2018-01-11,0.0022095490405801,0.0
2018-01-12,0.0022408250710732,0.0
2018-01-15,0.0044919789180851,0.0
2018-01-16,0.0038946822375789,0.0
2018-01-17,0.0023406408143368,0.0
2018-01-18,0.0058330087434547,0.0
2018-01-19,0.0082159409464974,0.0
2018-01-22,0.0053568629738736,0.0
2018-01-23,0.0063255436290739,0.0
2018-01-24,0.0047657775033944,0.0
2018-01-25,0.010197968177159,0.0
2018-01-26,0.0015351288217288,0.0
2018-01-29,0.0027799245068555,0.0
2018-01-30,0.0079514405118712,0.0
2018-01-31,0.0041650666802156,0.0
2018-02-01,0.0037394702375441,0.0
2018-02-02,0.004920114202993,0.0
2018-02-05,0.0133730235719938,0.0
2018-02-06,0.0222237645015296,0.0
2018-02-07,0.0066596311333169,0.0
2018-02-08,0.0094504946013278,0.0
2018-02-09,0.0113821679217147,0.0
2018-02-12,0.0022891871746105,0.0
2018-02-13,0.0088500184761482,0.0
2018-02-14,0.0035817245632939,0.0
2018-02-15,0.0118750167862554,0.0
2018-02-19,0.0128027653302777,0.0
2018-02-20,0.0032593898713328,0.0
2018-02-21,0.0113547090580776,0.0
2018-02-22,0.0079290204858991,0.0
2018-02-23,0.0127492612844062,0.0
2018-02-26,0.0063845338263365,0.0
2018-02-27,0.0043573017711113,0.0
2018-02-28,0.0063612858579177,0.0
2018-03-01,0.0011632441209014,0.0
2018-03-02,0.0099099619813615,0.0
2018-03-05,0.0117350170674041,0.0
2018-03-06,0.0153843546348141,0.0
2018-03-07,0.0118775117687698,0.0
2018-03-08,0.008584511674745,0.0
2018-03-09,0.0014729028162156,0.0
2018-03-12,0.0155487729141459,0.0
2018-03-13,0.003817369142612,0.0
2018-03-14,0.0040377288567685,0.0
2018-03-15,0.0061441320910991,0.0
2018-03-16,0.001590381947272,0.0
2018-03-19,0.0039512188751565,0.0
2018-03-20,0.0042843408914199,0.0
2018-03-21,0.0006207401214732,0.0
2018-03-22,0.0056436467181479,0.0
2018-03-23,0.0202473730403659,0.0
2018-03-26,0.0026134424708527,0.0
2018-03-27,0.0078491010531476,0.0
2018-03-28,0.0165846631297725,0.0
2018-03-29,0.0132703753852291,0.0
2018-04-02,0.000813573132151,0.0
2018-04-03,0.0054392512960877,0.0
2018-04-04,0.0214615945535796,0.0
2018-04-05,0.0195548204752574,0.0
2018-04-06,0.0107621631706903,0.0
2018-04-09,0.0021646738298884,0.0
2018-04-10,0.0047481624948835,0.0
2018-04-11,0.0038525407518736,0.0
2018-04-12,0.0032093603898546,0.0
2018-04-13,0.0093803737425295,0.0
2018-04-16,0.0011745699144074,0.0
2018-04-17,0.0002887643971682,0.0
2018-04-18,0.0168994804257737,0.0
2018-04-19,0.0114329830577778,0.0
2018-04-20,0.0070691062201258,0.0
2018-04-23,0.0017224176532766,0.0
2018-04-24,0.0014014378036157,0.0
2018-04-25,0.0046277291116593,0.0
2018-04-26,0.000563183346246,0.0
2018-04-27,0.0020119525609995,0.0
2018-04-30,0.0102126478981825,0.0
2018-05-02,0.0003735118164338,0.0
2018-05-03,0.0110139670325505,0.0
2018-05-04,0.0085100343150966,0.0
2018-05-07,0.0035375427971226,0.0
2018-05-08,0.0029140130004808,0.0
2018-05-09,0.0015144776770361,0.0
2018-05-10,0.0030905331094141,0.0
2018-05-11,0.0091674626360955,0.0
2018-05-14,0.0021618853261814,0.0
2018-05-15,0.0062596152269438,0.0
2018-05-16,0.0020301568938075,0.0
2018-05-17,0.0010495221929004,0.0
2018-05-18,0.0021200003420795,0.0
2018-05-21,0.0053578258688338,0.0
2018-05-22,0.0014242723927697,0.0
2018-05-23,0.0133279181839448,0.0
2018-05-24,0.0092951614675475,0.0
2018-05-25,0.0044560162977356,0.0
2018-05-28,0.0014932359282968,0.0
2018-05-30,0.0214100183369884,0.0
2018-05-31,0.0045895661118038,0.0
2018-06-01,0.0001954352903524,0.0
2018-06-04,0.0115940468355789,0.0
2018-06-05,0.0045118027927834,0.0
2018-06-06,0.0044166148126441,0.0
2018-06-07,0.0015185431378839,0.0
2018-06-08,0.0106261150518501,0.0
2018-06-11,0.0015468970128914,0.0
2018-06-12,0.0032012227442054,0.0
2018-06-13,0.0111913267682834,0.0
2018-06-14,0.010602783289472,0.0
2018-06-18,0.009786357623703,0.0
2018-06-19,0.0068494170592996,0.0
2018-06-20,0.0043975452446236,0.0
2018-06-21,0.0048065820795441,0.0
2018-06-22,0.0038255193883737,0.0
2018-06-25,0.0081120912313001,0.0
2018-06-26,0.0061238089932076,0.0
2018-06-27,0.0079870482034733,0.0
2018-06-28,0.0008599210000953,0.0
2018-06-29,0.0034107977663153,0.0
2018-07-02,0.0091462397175735,0.0
2018-07-03,0.0009390315001603,0.0
2018-07-04,0.0027743519803003,0.0
2018-07-05,0.0036360531710131,0.0
2018-07-06,0.0201261629053452,0.0
2018-07-09,0.0115254581441908,0.0
2018-07-10,0.0141492166178508,0.0
2018-07-11,0.007894079809179,0.0
2018-07-12,0.0012088211839741,0.0
2018-07-13,0.0022538569576356,0.0
2018-07-16,0.0084890279647926,0.0
2018-07-17,0.0021166257944261,0.0
2018-07-18,0.0002654595243881,0.0
2018-07-19,0.0113777301565842,0.0
2018-07-20,0.0061593310646956,0.0
2018-07-23,0.0012501229453701,0.0
2018-07-24,0.000321895136284,0.0
2018-07-25,0.0103272401044349,0.0
2018-07-26,0.00053190237933,0.0
2018-07-27,0.0010881713309867,0.0
2018-07-30,0.0053768914050506,0.0
2018-07-31,0.0038328688277009,0.0
2018-08-01,0.0027372936862973,0.0
2018-08-02,0.0128885057758418,0.0
2018-08-03,0.0062851032935252,0.0
2018-08-06,0.0059868588765244,0.0
2018-08-07,0.0165006328944665,0.0
2018-08-08,0.0039779644236309,0.0
2018-08-10,0.0126931550327606,0.0
2018-08-13,0.0120795392033932,0.0
2018-08-14,0.0007613720099603,0.0
2018-08-15,0.0027018738662185,0.0
2018-08-16,0.0068849211637843,0.0
2018-08-17,0.0007755324513004,0.0
2018-08-20,0.0014748583672521,0.0
2018-08-21,0.0015051898259518,0.0
2018-08-23,0.0155047159166455,0.0
2018-08-24,0.0114160364272807,0.0
2018-08-27,0.0039201360289635,0.0
2018-08-28,0.0067756647755955,0.0
2018-08-29,0.0011184299851695,0.0
2018-08-30,0.0056262788915668,0.0
2018-08-31,0.0038017160732019,0.0
2018-09-03,0.0019561888667159,0.0
2018-09-04,0.0010315389468857,0.0
2018-09-05,0.0170356778395657,0.0
2018-09-06,0.0027252963599973,0.0
2018-09-07,0.0042342883411858,0.0
2018-09-10,0.0043067384103263,0.0
2018-09-11,0.0035340465132537,0.0
2018-09-12,0.0047284870582128,0.0
2018-09-13,0.0022761005016617,0.0
2018-09-14,0.0094229228762208,0.0
2018-09-17,0.0063527397003399,0.0
2018-09-18,0.0006559145992912,0.0
2018-09-19,0.0117894050938589,0.0
2018-09-20,0.0012143664481958,0.0
2018-09-21,0.0116441954516499,0.0
2018-09-24,0.0004598469220162,0.0
2018-09-25,0.0052423162550223,0.0
2018-09-26,0.0009327986768693,0.0
2018-09-27,0.0008771984957207,0.0
2018-09-28,0.0064035476257486,0.0
2018-10-01,0.0004883179971585,0.0
2018-10-02,0.0039427080974541,0.0
2018-10-03,0.007603665098535,0.0
2018-10-04,0.0110202283486313,0.0
2018-10-05,0.0067687767626206,0.0
2018-10-08,0.0088684742488016,0.0
2018-10-09,0.0046785644374948,0.0
2018-10-10,0.0111527579144242,0.0
2018-10-11,0.0272202786988133,0.0
2018-10-12,0.0071216899733327,0.0
2018-10-15,0.0075877454608013,0.0
2018-10-16,0.0038353254606788,0.0
2018-10-17,0.0120517650468806,0.0
2018-10-18,0.0004657968960113,0.0
2018-10-19,0.0023351941537439,0.0
2018-10-22,0.0050647030796188,0.0
2018-10-23,0.0152783226723828,0.0
2018-10-24,0.0002276536548183,0.0
2018-10-25,0.0063656937316821,0.0
2018-10-26,0.0136413218110943,0.0
2018-10-29,0.0031980957785387,0.0
2018-10-30,0.005074023423311,0.0
2018-10-31,0.017493482368349,0.0
2018-11-01,0.013833269470651,0.0
2018-11-02,0.0179825590948359,0.0
2018-11-05,0.01805769806008,0.0
2018-11-07,0.0015475045646623,0.0
2018-11-08,0.0090540294305981,0.0
2018-11-09,0.0049488028416744,0.0
2018-11-12,0.0031955369952583,0.0
2018-11-13,0.0047534878374136,0.0
2018-11-14,0.0034149663348195,0.0
2018-11-15,0.0037194561307085,0.0
2018-11-16,0.0094720330470615,0.0
2018-11-19,0.0060273473432511,0.0
2018-11-20,0.0125017067222605,0.0
2018-11-21,0.0038445824934496,0.0
2018-11-22,0.0008980155521201,0.0
2018-11-23,0.003646326542262,0.0
2018-11-26,0.0133066585449328,0.0
2018-11-27,0.0009638055697209,0.0
2018-11-28,0.0013193720150335,0.0
2018-11-29,0.0048227540400158,0.0
2018-11-30,0.0026240902641767,0.0
2018-12-03,0.023148574918046,0.0
2018-12-04,0.0071810957999275,0.0
2018-12-05,0.0037541668425794,0.0
2018-12-06,0.0128839505989465,0.0
2018-12-07,0.0014132511208164,0.0
2018-12-10,0.0125108125200428,0.0
2018-12-11,0.0042924113879857,0.0
2018-12-12,0.0132192787922004,0.0
2018-12-13,0.0035710753716079,0.0
2018-12-14,0.0109855841570174,0.0
2018-12-17,0.0120039790402402,0.0
2018-12-18,0.0223101146174557,0.0
2018-12-19,0.0042953720522268,0.0
2018-12-20,0.0026287231549825,0.0
2018-12-21,0.0015024878767172,0.0
2018-12-24,0.0016466912418029,0.0
2018-12-26,0.0131670572652981,0.0
2018-12-27,0.0110934752667726,0.0
2018-12-28,0.0028500180872809,0.0
2018-12-31,0.0050080478757649,0.0
2019-01-02,0.0097812925800931,0.0
2019-01-03,0.0085958887683808,0.0
2019-01-04,0.0152668508828642,0.0
2019-01-07,0.014141701443524,0.0
2019-01-08,0.0064699016867717,0.0
2019-01-09,0.0111862561033807,0.0
2019-01-10,0.0080232615728447,0.0
2019-01-11,0.0047444505265574,0.0
2019-01-14,0.0079063522651185,0.0
2019-01-15,0.0121647436785168,0.0
2019-01-16,0.0052193840626699,0.0
2019-01-17,0.0045534499621902,0.0
2019-01-18,0.0030751646247173,0.0
2019-01-21,0.0011730297271959,0.0
2019-01-22,0.0086852019760993,0.0
2019-01-23,0.0067883554940779,0.0
2019-01-24,0.006168006418839,0.0
2019-01-25,0.0036039631081189,0.0
2019-01-28,0.0008591401317305,0.0
2019-01-29,0.0036980494274304,0.0
2019-01-30,0.0041841974012627,0.0
2019-01-31,0.0049618816548842,0.0
2019-02-01,0.0004671658043972,0.0
2019-02-04,0.0012928663056947,0.0
2019-02-07,0.0050366059322461,0.0
2019-02-08,0.0004373626424068,0.0
2019-02-11,0.0013201549377014,0.0
2019-02-12,0.0015981840864943,0.0
2019-02-13,0.0135343856497662,0.0
2019-02-14,0.0025823292429029,0.0
2019-02-15,0.004133727975628,0.0
2019-02-18,0.0080637233312925,0.0
2019-02-19,0.001890941205404,0.0
2019-02-20,0.0056835034192241,0.0
2019-02-21,0.0001433648354879,0.0
2019-02-22,0.0024466238294162,0.0
2019-02-25,0.0007490375412306,0.0
2019-02-26,0.0032721697913834,0.0
2019-02-27,0.0035750851079905,0.0
2019-02-28,0.0115525819753903,0.0
2019-03-01,0.0023969709163741,0.0
2019-03-04,0.0094817277430302,0.0
2019-03-05,0.0052458457828887,0.0
2019-03-06,0.0034784413969348,0.0
2019-03-07,0.0020581418316609,0.0
2019-03-08,0.010461739613939,0.0
2019-03-11,0.0013934535633633,0.0
2019-03-12,0.0065056918444604,0.0
2019-03-13,0.0051998643596673,0.0
2019-03-14,0.0007288122123665,0.0
2019-03-15,0.0007064628284532,0.0
2019-03-18,0.0039855816116146,0.0
2019-03-19,0.0024743903037647,0.0
2019-03-20,0.0041253368281658,0.0
2019-03-21,0.0018656604789052,0.0
2019-03-22,0.0004823731759098,0.0
2019-03-25,0.0091259693356181,0.0
2019-03-26,0.0054393252150547,0.0
2019-03-27,0.0005907905226569,0.0
2019-03-28,0.0016214342484363,0.0
2019-03-29,0.0028987358312985,0.0
2019-04-01,0.0116442154224378,0.0
2019-04-02,0.0089644457966208,0.0
2019-04-03,0.0095554515910301,0.0
2019-04-04,0.0014907453015784,0.0
2019-04-05,0.0019370625313234,0.0
2019-04-08,0.0021753264514149,0.0
2019-04-09,0.0030658494403866,0.0
2019-04-10,0.0006161814909573,0.0
2019-04-11,0.0009522206360057,0.0
2019-04-12,0.0003481755756115,0.0
2019-04-15,0.001838396443801,0.0
2019-04-16,0.001856421177693,0.0
2019-04-17,0.004969520422517,0.0
2019-04-18,0.0003165411132283,0.0
2019-04-22,0.0030184811630129,0.0
2019-04-23,0.001260579326148,0.0
2019-04-24,0.0026682846331357,0.0
2019-04-25,0.0036199733587038,0.0
2019-04-26,0.0019888759124305,0.0
2019-04-29,0.0148052055705711,0.0
2019-04-30,0.0020037756002228,0.0
2019-05-02,0.0020224759025027,0.0
2019-05-03,0.0003065420853754,0.0
2019-05-06,0.0304291885897929,0.0
2019-05-07,0.0066332024427016,0.0
2019-05-08,0.0086957388301574,0.0
2019-05-09,0.0043152734482758,0.0
2019-05-10,0.0011615262512889,0.0
2019-05-13,0.0120534023471161,0.0
2019-05-14,0.0032734884427468,0.0
2019-05-15,0.0015335530383846,0.0
2019-05-16,0.0035633273034336,0.0
2019-05-17,0.0077070387456042,0.0
2019-05-21,0.0069497616508175,0.0
2019-05-22,3.773472900124444e-05,0.0
2019-05-23,0.0070682567711727,0.0
2019-05-24,0.0028970126058596,0.0
2019-05-27,0.0002776136777487,0.0
2019-05-28,0.0017202888343827,0.0
2019-05-29,0.0006447047061533,0.0
2019-05-30,0.0064317154052407,0.0
2019-05-31,0.0080629594283343,0.0
2019-06-03,0.0018265508292783,0.0
2019-06-04,0.0060359803655982,0.0
2019-06-06,0.0012116672013911,0.0
2019-06-07,0.006371571048795,0.0
2019-06-10,0.0068677305865466,0.0
2019-06-11,0.0067118133824683,0.0
2019-06-12,0.0005734755073623,0.0
2019-06-13,0.0040196439137089,0.0
2019-06-14,0.0006114797959451,0.0
2019-06-17,0.0045531902551953,0.0
2019-06-18,0.0095367018743962,0.0
2019-06-19,0.0151498836383049,0.0
2019-06-20,0.0079786474264235,0.0
2019-06-21,0.0020765487009855,0.0
2019-06-24,0.0029760243009206,0.0
2019-06-25,0.0021947497283129,0.0
2019-06-26,0.0009143927299421,0.0
2019-06-27,0.0082506398798193,0.0
2019-06-28,0.002102187026573,0.0
2019-07-01,0.0151335081558713,0.0
2019-07-02,0.0004330262366424,0.0
2019-07-03,0.000890392709086,0.0
2019-07-04,0.0013204506750578,0.0
2019-07-05,0.0016144514340371,0.0
2019-07-08,0.0097239636394911,0.0
2019-07-09,0.0014316453460215,0.0
2019-07-10,0.0032864072500426,0.0
2019-07-11,0.0029981264021908,0.0
2019-07-12,0.0020543693532164,0.0
2019-07-15,0.0028008163114534,0.0
2019-07-16,0.0036017075838132,0.0
2019-07-17,0.0014394529646322,0.0
2019-07-18,0.0011359245057463,0.0
2019-07-19,0.0050185257405404,0.0
2019-07-22,0.0061587235976693,0.0
2019-07-23,0.0047278201255145,0.0
2019-07-24,0.0013913501706943,0.0
2019-07-25,0.0037987122000903,0.0
2019-07-26,0.0051890251522947,0.0
2019-07-29,0.0051772780756414,0.0
2019-07-30,0.001239417780389,0.0
2019-07-31,0.0149718231578591,0.0
2019-08-01,0.0027303771228573,0.0
2019-08-02,0.0093516770917115,0.0
2019-08-05,0.0206339466698995,0.0
2019-08-06,0.0075538818500014,0.0
2019-08-07,0.0044751020056695,0.0
2019-08-08,0.0049578060263264,0.0
2019-08-13,0.0070333164234908,0.0
2019-08-14,0.0002764765057575,0.0
2019-08-15,0.006857238217334,0.0
2019-08-16,0.0035442580703135,0.0
2019-08-19,0.0042988662040832,0.0
2019-08-20,0.0023944842923152,0.0
2019-08-21,0.0042757403203761,0.0
2019-08-22,0.001654293308835,0.0
2019-08-23,0.0055754044524371,0.0
2019-08-26,0.0145800351595168,0.0
2019-08-27,0.0007141676266196,0.0
2019-08-28,0.0036087782109594,0.0
2019-08-29,0.0082629560339087,0.0
2019-08-30,0.0079795331625613,0.0
2019-09-02,0.0076129731279153,0.0
2019-09-03,0.0024847539325732,0.0
2019-09-04,0.0128402027282188,0.0
2019-09-05,0.0052535838614421,0.0
2019-09-06,0.0008201738377608,0.0
2019-09-09,0.0005881906121332,0.0
2019-09-10,0.0029767788464644,0.0
2019-09-11,0.0153488213439991,0.0
2019-09-12,0.0029877632978297,0.0
2019-09-13,0.0051604448972519,0.0
2019-09-16,0.0023568409193166,0.0
2019-09-17,0.0065540116410042,0.0
2019-09-18,0.0050898752640565,0.0
2019-09-19,0.002542048936802,0.0
2019-09-20,0.0002785109143045,0.0
2019-09-23,0.0052166230546789,0.0
2019-09-24,0.0038801613442415,0.0
2019-09-25,0.009437602666197,0.0
2019-09-26,3.2022897777742422e-06,0.0
2019-09-27,5.764296961616294e-05,0.0
2019-09-30,0.0018060318193419,0.0
2019-10-01,0.0083115562635465,0.0
2019-10-02,0.013626969655884,0.0
2019-10-03,0.0050004725636843,0.0
2019-10-04,0.0031168850643603,0.0
2019-10-07,0.0068373266462553,0.0
2019-10-08,0.0036616829535949,0.0
2019-10-09,0.0067573358160557,0.0
2019-10-10,0.0001359106847644,0.0
2019-10-11,0.0078956444091455,0.0
2019-10-14,0.0033598220249717,0.0
2019-10-15,0.0026535934968025,0.0
2019-10-16,0.0059319947836108,0.0
2019-10-17,0.0027376710550475,0.0
2019-10-18,0.0038395575729728,0.0
2019-10-21,0.0079926067984652,0.0
2019-10-22,0.0068319741951749,0.0
2019-10-23,0.0051990672800521,0.0
2019-10-24,0.0077901560004724,0.0
2019-10-25,0.0052435949571096,0.0
2019-10-29,0.0036067045467582,0.0
2019-10-30,0.0033973337361588,0.0
2019-10-31,0.0068222208756568,0.0
2019-11-01,0.0001393186533941,0.0
2019-11-04,0.0021559408712675,0.0
2019-11-05,0.003771762157693,0.0
2019-11-06,0.0043186576073449,0.0
2019-11-07,0.0070338065440941,0.0
2019-11-08,0.0065404374851729,0.0
2019-11-11,0.0072714627687016,0.0
2019-11-12,0.0083430937243276,0.0
2019-11-13,0.0087844395204164,0.0
2019-11-14,0.0022777921288037,0.0
2019-11-15,0.0021666902970016,0.0
2019-11-18,0.0060945917565533,0.0
2019-11-19,0.006091501240191,0.0
2019-11-20,0.0028105071903069,0.0
2019-11-21,0.0117005778702303,0.0
2019-11-22,0.0104209953914821,0.0
2019-11-25,0.0015574938455513,0.0
2019-11-26,0.0039759949570913,0.0
2019-11-27,0.0023912442198206,0.0
2019-11-28,0.0046507552670719,0.0
2019-11-29,0.0020924721464349,0.0
2019-12-02,0.0018646366502587,0.0
2019-12-03,0.0046815917684471,0.0
2019-12-04,0.004197167580128,0.0
2019-12-05,0.0045468811701112,0.0
2019-12-06,0.0064438414327111,0.0
2019-12-09,0.0046716917452131,0.0
2019-12-10,0.0053384802690896,0.0
2019-12-11,0.0031598327654203,0.0
2019-12-12,0.0068378062446678,0.0
2019-12-13,0.0060480676694733,0.0
2019-12-16,0.0024796857534886,0.0
2019-12-17,0.0016513597554415,0.0
2019-12-18,0.0027268430473842,0.0
2019-12-19,0.0006607855674803,0.0
2019-12-20,0.0015483236543283,0.0
2019-12-23,0.0005010923652252,0.0
2019-12-24,0.0023835670876309,0.0
2019-12-26,0.0004096626961979,0.0
2019-12-27,0.0010977683323057,0.0
2019-12-30,0.0012684470411876,0.0
2019-12-31,0.0001210614041132,0.0
2020-01-02,0.0090103118911829,0.0
2020-01-03,0.0040611046419587,0.0
2020-01-06,0.006181794067713,0.0
2020-01-07,0.0089690580209453,0.0
2020-01-08,0.0006068034353661,0.0
2020-01-09,0.000489757384377,0.0
2020-01-10,0.0026047718145967,0.0
2020-01-13,0.001499882807395,0.0
2020-01-14,0.0059709268808215,0.0
2020-01-15,0.0041547411755683,0.0
2020-01-16,0.006433100663334,0.0
2020-01-17,0.0009239260984893,0.0
2020-01-20,0.000286518580941,0.0
2020-01-21,0.0100870641274754,0.0
2020-01-22,0.00207965186025,0.0
2020-01-23,0.005970551119472,0.0
2020-01-24,0.00168658420033,0.0
2020-01-28,0.0183053073361228,0.0
2020-01-29,0.0004148666568596,0.0
2020-01-30,0.0037430136074074,0.0
2020-01-31,0.0053601812629472,0.0
2020-02-03,0.0119362447196884,0.0
2020-02-04,0.0128363883136272,0.0
2020-02-05,0.0137053806637615,0.0
2020-02-06,0.0097705160407276,0.0
2020-02-07,0.0156154222126434,0.0
2020-02-10,0.0057781555307462,0.0
2020-02-11,0.0039188296589744,0.0
2020-02-12,0.0149402671585618,0.0
2020-02-13,0.0010180957050398,0.0
2020-02-14,1.86513893092246e-05,0.0
2020-02-17,0.0021856052477046,0.0
2020-02-18,0.0051079869135133,0.0
2020-02-19,0.0053289276264764,0.0
2020-02-20,0.0046878175136528,0.0
2020-02-21,0.0055331504040834,0.0
2020-02-24,0.012281876937059,0.0
2020-02-25,0.0050917313285413,0.0
2020-02-26,0.0129770871070059,0.0
2020-02-27,0.001868635264219,0.0
2020-02-28,0.0328703406106275,0.0
2020-03-02,0.0011165374306142,0.0
2020-03-03,0.0039288379047065,0.0
2020-03-04,0.0018098736611511,0.0
2020-03-05,0.0022371924380752,0.0
2020-03-06,0.0191635380101543,0.0
2020-03-09,0.0622171634066214,0.0
2020-03-10,0.0178707247924979,0.0
2020-03-11,0.0173856972342755,0.0
2020-03-12,0.0384789892469013,0.0
2020-03-13,0.0168055596092019,0.0
2020-03-16,0.0539062966699001,0.0
2020-03-17,0.0166619978255096,0.0
2020-03-18,0.0118480986987821,0.0
2020-03-19,0.0484068788346536,0.0
2020-03-20,0.0422534189699319,0.0
2020-03-23,0.0763728517926233,0.0
2020-03-24,0.0559690082547654,0.0
2020-03-25,0.0589464232705217,0.0
2020-03-26,0.0071739960774028,0.0
2020-03-27,0.0164267339593714,0.0
2020-03-30,0.0455164590312246,0.0
2020-03-31,0.0265417882502937,0.0
2020-04-01,0.0166457001712314,0.0
2020-04-02,0.0052153101426028,0.0
2020-04-03,0.0263277400389065,0.0
2020-04-06,0.03346075705902,0.0
2020-04-07,0.0401839713320256,0.0
2020-04-08,0.0126974342110017,0.0
2020-04-09,0.0124758511041834,0.0
2020-04-13,0.0015841252163022,0.0
2020-04-14,0.0258847196717546,0.0
2020-04-15,0.0110723609685103,0.0
2020-04-16,0.0025642731325716,0.0
2020-04-17,0.0008992405638982,0.0
2020-04-20,0.006426942043776,0.0
2020-04-21,0.0178382310376066,0.0
2020-04-22,0.0007369257743953,0.0
2020-04-23,0.0030122976898413,0.0
2020-04-24,0.0095683217556196,0.0
2020-04-27,0.0123295578663591,0.0
2020-04-28,0.0053009206904018,0.0
2020-04-29,0.0045857469119136,0.0
2020-04-30,0.0190428455735402,0.0
2020-05-04,0.0233399081795458,0.0
2020-05-05,0.0033762031790771,0.0
2020-05-06,0.0074516760390136,0.0
2020-05-08,0.0001079526332024,0.0
2020-05-11,0.0074685976556023,0.0
2020-05-12,0.0090400527435766,0.0
2020-05-13,0.0061242826311474,0.0
2020-05-14,0.0195125266517041,0.0
2020-05-15,0.0004914881637373,0.0
2020-05-18,0.0062139281156993,0.0
2020-05-19,0.0164242124311088,0.0
2020-05-20,0.0075400391227142,0.0
2020-05-21,0.0025794395214599,0.0
2020-05-22,0.0219625607900747,0.0
2020-05-26,0.0121151312680128,0.0
2020-05-27,0.0042853688102274,0.0
2020-05-28,0.00168430072036,0.0
2020-05-29,0.001786709260289,0.0
2020-06-01,0.0158490860353552,0.0
2020-06-02,0.0235439032771993,0.0
2020-06-03,0.0334216646396333,0.0
2020-06-04,0.002518705149874,0.0
2020-06-05,0.0162313451243032,0.0
2020-06-08,0.0163904603925012,0.0
2020-06-09,0.0010016022192281,0.0
2020-06-10,0.0022879166100217,0.0
2020-06-11,0.0350131888590222,0.0
2020-06-12,0.0072669312351165,0.0
2020-06-15,0.0267072095477885,0.0
2020-06-16,0.0200623746080848,0.0
2020-06-17,0.0010381468155963,0.0
2020-06-18,0.0014845353134926,0.0
2020-06-19,0.0116329553353251,0.0
2020-06-22,0.0019527471955861,0.0
2020-06-23,0.0019868451129478,0.0
2020-06-24,0.0023937531201176,0.0
2020-06-25,0.0147432868417352,0.0
2020-06-26,0.0055288100643705,0.0
2020-06-29,0.0117445650576286,0.0
2020-06-30,0.0061230957409932,0.0
2020-07-01,0.0077922312449328,0.0
2020-07-02,0.0101089970252686,0.0
2020-07-03,0.0061441164996391,0.0
2020-07-06,0.0137278047228673,0.0
2020-07-07,0.0105364560434089,0.0
2020-07-08,0.0030276536865467,0.0
2020-07-09,0.0063283357563842,0.0
2020-07-13,0.0081646655381304,0.0
2020-07-14,0.0041476261132946,0.0
2020-07-15,0.0108976107510976,0.0
2020-07-16,0.0095703514152851,0.0
2020-07-17,0.001980081912432,0.0
2020-07-20,0.0008328647066109,0.0
2020-07-21,0.0050135556929387,0.0
2020-07-22,0.0133692863027391,0.0
2020-07-23,0.0068448427849811,0.0
2020-07-24,0.0126507745559455,0.0
2020-07-27,0.0014431638560433,0.0
2020-07-28,0.0027835899569269,0.0
2020-07-29,0.0036924961474175,0.0
2020-07-30,0.0170992111698655,0.0
2020-08-03,0.017911774765629,0.0
2020-08-04,0.0123146692164451,0.0
2020-08-05,0.006730880435065,0.0
2020-08-06,0.0103737164686008,0.0
2020-08-07,0.0053246456490495,0.0
2020-08-11,0.0005344590710333,0.0
2020-08-12,0.0074598912230361,0.0
2020-08-13,0.0127037724069499,0.0
2020-08-14,0.0056593087632762,0.0
2020-08-17,0.0037920735499441,0.0
2020-08-18,0.0032952527801671,0.0
2020-08-19,0.0008001549089161,0.0
2020-08-20,0.0130166419374706,0.0
2020-08-21,0.0002452772079278,0.0
2020-08-24,0.0039746529411569,0.0
2020-08-25,0.0080115624283004,0.0
2020-08-26,0.0066456175995759,0.0
2020-08-27,0.0087991491785206,0.0
2020-08-28,0.0078348298760785,0.0
2020-08-31,0.0028074453284357,0.0
2020-09-01,0.0023821614609136,0.0
2020-09-02,0.0005473645179963,0.0
2020-09-03,0.0032138577527124,0.0
2020-09-04,0.0087873041238956,0.0
2020-09-07,0.0006254193837137,0.0
2020-09-08,0.0025717676798461,0.0
2020-09-09,0.0021701982483905,0.0
2020-09-10,0.0029009761033987,0.0
2020-09-11,0.000802861412822,0.0
2020-09-14,0.0030326123080851,0.0
2020-09-15,0.0013203618441359,0.0
2020-09-16,0.0077419347674574,0.0
2020-09-17,0.0017458790740304,0.0
2020-09-18,0.0012283984769099,0.0
2020-09-21,0.0048159791395348,0.0
2020-09-22,0.0090604466554468,0.0
2020-09-23,0.0072202180260957,0.0
2020-09-24,0.0122953983524404,0.0
2020-09-25,0.0087181233104633,0.0
2020-09-28,0.0043307241975259,0.0
2020-09-29,0.0046017342161851,0.0
2020-09-30,0.0020209636674652,0.0
2020-10-01,0.0137378442162297,0.0
2020-10-02,0.0018531210850659,0.0
2020-10-05,0.0084255197600915,0.0
2020-10-06,0.0047676908536052,0.0
2020-10-07,0.0035914718259878,0.0
2020-10-08,0.0018695382173571,0.0
2020-10-09,0.0039992198200297,0.0
2020-10-12,0.0076533342139177,0.0
2020-10-13,0.0059491475352247,0.0
2020-10-14,0.0047078945163037,0.0
2020-10-15,0.0125887260488644,0.0
2020-10-16,0.0037178493691602,0.0
2020-10-19,0.0041563584348628,0.0
2020-10-20,0.0058870665908891,0.0
2020-10-21,0.001198906076732,0.0
2020-10-22,0.0011079516753357,0.0
2020-10-23,0.0035453394216418,0.0
2020-10-26,0.0055643964072635,0.0
2020-10-27,0.0041459820722628,0.0
2020-10-28,0.0117647783418993,0.0
2020-10-29,0.0132952853447368,0.0
2020-10-30,0.0110124134840629,0.0
2020-11-02,0.0079268604672977,0.0
2020-11-03,0.0218981452555553,0.0
2020-11-04,0.0074842805064928,0.0
2020-11-05,0.0284625785325266,0.0
2020-11-06,0.0038473468597627,0.0
2020-11-09,0.0118274081145792,0.0
2020-11-10,0.0359968905929778,0.0
2020-11-11,0.0030563336326426,0.0
2020-11-12,0.0005087856993821,0.0
2020-11-13,0.0001880813256949,0.0
2020-11-16,0.0134119954540926,0.0
2020-11-17,0.0110558521102781,0.0
2020-11-18,0.003606896791085,0.0
2020-11-19,0.0041649149368036,0.0
2020-11-20,0.0128838795719004,0.0
2020-11-23,0.0126357548443721,0.0
2020-11-24,0.0149294737017597,0.0
2020-11-25,0.0076650763738312,0.0
2020-11-26,0.0042151293667691,0.0
2020-11-27,0.0005810694841487,0.0
2020-11-30,0.0176168960574465,0.0
2020-12-01,0.0029074981883924,0.0
2020-12-02,0.0011271562176952,0.0
2020-12-03,0.0040438721108196,0.0
2020-12-04,0.0061989219605443,0.0
2020-12-07,0.0050763984682253,0.0
2020-12-08,4.2424377796937e-05,0.0
2020-12-09,0.0061531711761259,0.0
2020-12-10,0.0063902869097619,0.0
2020-12-11,0.0011546684867056,0.0
2020-12-14,0.0128315031360134,0.0
2020-12-15,0.0004969227376306,0.0
2020-12-16,0.0056130776362649,0.0
2020-12-17,0.0051580967087779,0.0
2020-12-18,0.0031680555890726,0.0
2020-12-21,0.0008638262103301,0.0
2020-12-22,0.0067679117358337,0.0
2020-12-23,0.0021480788145889,0.0
2020-12-24,0.0030447484187343,0.0
2020-12-28,0.0006688090057208,0.0
2020-12-29,0.002812803018392,0.0
2020-12-30,0.0073740936908195,0.0
2020-12-31,0.0088954826196329,0.0
2021-01-04,0.0052921783053932,0.0
2021-01-05,0.0002728052503795,0.0
2021-01-06,0.0011638158051438,0.0
2021-01-07,0.015237769167378,0.0
2021-01-08,0.0292283972088458,0.0
2021-01-11,0.0031085517488379,0.0
2021-01-12,0.0022579783584444,0.0
2021-01-13,0.0001142254142619,0.0
2021-01-14,0.0075249046243853,0.0
2021-01-15,0.0016220561511766,0.0
2021-01-18,0.0048272197567098,0.0
2021-01-19,0.0018442118890598,0.0
2021-01-20,0.0009508741565796,0.0
2021-01-21,0.0061104337289193,0.0
2021-01-22,0.0085276728323562,0.0
2021-01-25,0.0059948503503127,0.0
2021-01-26,0.0095047430484083,0.0
2021-01-27,0.0044409051408751,0.0
2021-01-28,0.013039916297837,0.0
2021-01-29,0.0061070355423186,0.0
2021-02-01,0.0021383426479603,0.0
2021-02-02,0.007214127284661,0.0
2021-02-03,0.0034834422345947,0.0
2021-02-04,0.0075055057489189,0.0
2021-02-05,0.0005264444803942,0.0
2021-02-08,0.008320593787654,0.0
2021-02-09,0.0013193575914213,0.0
2021-02-10,0.0032177999063104,0.0
2021-02-11,0.0001230858739985,0.0
2021-02-15,0.0020625033988914,0.0
2021-02-16,0.0013022532766383,0.0
2021-02-17,0.0050924774787094,0.0
2021-02-18,0.0039729946608078,0.0
2021-02-19,0.0097453932529269,0.0
2021-02-22,0.0001978768540409,0.0
2021-02-23,0.0032883391911137,0.0
2021-02-24,0.0116522369069181,0.0
2021-02-25,0.016602268028011,0.0
2021-02-26,0.0082734684645252,0.0
2021-03-01,0.0080918371090017,0.0
2021-03-02,0.0002926303001621,0.0
2021-03-03,0.0088714791380719,0.0
2021-03-04,0.0047912152894938,0.0
2021-03-05,0.000308505125847,0.0
2021-03-08,0.0188369481586794,0.0
2021-03-09,0.0120946432858888,0.0
2021-03-10,0.009311280813155,0.0
2021-03-11,0.0085002731911798,0.0
2021-03-12,0.0034799709043552,0.0
2021-03-15,0.0034767481904158,0.0
2021-03-16,0.0001577684764641,0.0
2021-03-17,0.0013321920108046,0.0
2021-03-18,0.00896712290123,0.0
2021-03-19,0.0009948258437131,0.0
2021-03-22,0.0020630225393799,0.0
2021-03-23,0.0011693347369213,0.0
2021-03-24,0.0005012149559883,0.0
2021-03-25,0.002677252768891,0.0
2021-03-26,0.0051558421997944,0.0
2021-03-29,0.0055640978766452,0.0
2021-03-30,0.0048126757671787,0.0
2021-03-31,0.0080393385308282,0.0
2021-04-01,0.0051488351376947,0.0
2021-04-05,0.0087805962430088,0.0
2021-04-06,0.0006576237741208,0.0
2021-04-07,0.0037073758873312,0.0
2021-04-08,0.0029332120353496,0.0
2021-04-09,0.0005838583791997,0.0
2021-04-12,0.0033373177253123,0.0
2021-04-13,0.0043918160410222,0.0
2021-04-14,0.0026730414687643,0.0
2021-04-15,0.0016907583433132,0.0
2021-04-16,0.0053205826126717,0.0
2021-04-19,0.0024830351343168,0.0
2021-04-20,0.0054827849547,0.0
2021-04-21,0.0116933800244614,0.0
2021-04-22,0.0103172271378338,0.0
2021-04-23,0.0019618264715534,0.0
2021-04-26,0.0033942727411548,0.0
2021-04-27,0.0029691686031728,0.0
2021-04-28,0.00159469568591,0.0
2021-04-29,0.000627224235026,0.0
2021-04-30,0.0010279925262396,0.0
2021-05-03,0.0104670181316825,0.0
2021-05-04,0.0017693984393342,0.0
2021-05-05,0.0080660232916319,0.0
2021-05-06,0.0061359982989434,0.0
2021-05-07,0.0085545469555298,0.0
2021-05-10,0.0055933157790317,0.0
2021-05-11,0.0120569888235972,0.0
2021-05-12,0.0067044237095383,0.0
2021-05-14,0.0220911856042809,0.0
2021-05-17,0.0080427779033481,0.0
2021-05-18,0.0202310681308148,0.0
2021-05-19,0.0123007495863442,0.0
2021-05-20,0.0018024078309123,0.0
2021-05-21,0.0025948066159894,0.0
2021-05-24,0.0018329620909368,0.0
2021-05-25,0.0071710212934374,0.0
2021-05-27,0.0059357636214815,0.0
2021-05-28,0.0043289297822224,0.0
2021-05-31,0.0044995824991894,0.0
2021-06-01,0.0072266440627265,0.0
2021-06-02,0.0082510951522284,0.0
2021-06-03,0.0012519558618923,0.0
2021-06-04,0.0044204861221386,0.0
2021-06-07,0.0078301668938161,0.0
2021-06-08,0.0027337978329274,0.0
2021-06-09,0.0043255139881911,0.0
2021-06-10,0.0028594295069399,0.0
2021-06-11,0.0014334472257771,0.0
2021-06-14,0.0015306591622312,0.0
2021-06-15,0.0068679758698297,0.0
2021-06-16,0.0111808538944785,0.0
2021-06-17,0.0004014125013742,0.0
2021-06-18,0.0018622787641015,0.0
2021-06-21,0.0083966219447634,0.0
2021-06-22,0.0027846712894192,0.0
2021-06-23,0.0030251911893724,0.0
2021-06-24,0.0003206032377705,0.0
2021-06-25,0.0006344850740771,0.0
2021-06-28,0.0016899426514291,0.0
2021-06-29,0.0120296392391385,0.0
2021-06-30,0.0131739205487803,0.0
2021-07-01,0.0020049152964397,0.0
2021-07-02,0.0015224385722373,0.0
2021-07-05,0.0038501247456637,0.0
2021-07-06,0.0156582860666623,0.0
2021-07-07,0.0154736248534015,0.0
2021-07-08,0.0108847209123847,0.0
2021-07-09,0.0076326232549995,0.0
2021-07-12,0.0050139120632704,0.0
2021-07-13,0.0062307208019614,0.0
2021-07-14,0.0043228683747745,0.0
2021-07-15,0.004185497946669,0.0
2021-07-16,0.0039159363682401,0.0
2021-07-19,0.0131238724560883,0.0
2021-07-21,0.002503949460572,0.0
2021-07-22,0.0128253884253107,0.0
2021-07-23,0.0006997633134466,0.0
2021-07-26,0.005743351440477,0.0
2021-07-27,5.094543251383086e-05,0.0
2021-07-28,0.0009362036485775,0.0
2021-07-29,0.0122930665564725,0.0
2021-07-30,0.0043072325684163,0.0
2021-08-02,0.001807783728713,0.0
2021-08-03,0.0037936905221847,0.0
2021-08-04,0.0106283709723327,0.0
2021-08-05,0.0024535415540467,0.0
2021-08-06,0.0006548307219148,0.0
2021-08-10,0.0094542129561911,0.0
2021-08-11,0.0085670055545819,0.0
2021-08-12,0.0008801310704053,0.0
2021-08-13,0.0054534690090649,0.0
2021-08-16,0.0063286343468446,0.0
2021-08-17,0.0086238977263055,0.0
2021-08-18,0.0041376171611626,0.0
2021-08-19,0.014302926132117,0.0
2021-08-20,0.005098797218172,0.0
2021-08-23,0.0049076610864757,0.0
2021-08-24,0.0064760436768544,0.0
2021-08-25,4.1874383846806505e-05,0.0
2021-08-26,0.0006208652626156,0.0
2021-08-27,0.0092566164162207,0.0
2021-08-30,0.0069029876667557,0.0
2021-08-31,0.0152865846626797,0.0
2021-09-01,0.0106758707276308,0.0
2021-09-02,0.0003237985391109,0.0
2021-09-03,0.0016167962983327,0.0
2021-09-06,0.0055716150551117,0.0
2021-09-07,0.0023994919543927,0.0
2021-09-08,0.0128177490505566,0.0
2021-09-09,0.000898932358766,0.0
2021-09-10,0.0087838171620986,0.0
2021-09-13,0.007934450638242,0.0
2021-09-14,0.0019692527894408,0.0
2021-09-15,0.0070891581665424,0.0
2021-09-16,0.0019368897879779,0.0
2021-09-17,0.0021806371607616,0.0
2021-09-20,0.0096517003857323,0.0
2021-09-21,0.007033679160332,0.0
2021-09-22,0.0049580473319229,0.0
2021-09-23,0.0092710073718597,0.0
2021-09-24,0.0049170382357648,0.0
2021-09-27,0.012642869706927,0.0
2021-09-28,0.0073196001952572,0.0
2021-09-29,0.0010987916620794,0.0
2021-09-30,0.004022038354385,0.0
2021-10-01,0.0115970492039082,0.0
2021-10-04,0.0125522902333689,0.0
2021-10-05,0.0069927499140648,0.0
2021-10-06,0.005123472073936,0.0
2021-10-07,0.005584472512988,0.0
2021-10-08,0.0037528950970549,0.0
2021-10-11,0.0002184063209275,0.0
2021-10-12,0.0004625916540228,0.0
2021-10-13,0.0141567605109163,0.0
2021-10-14,0.0026704055265336,0.0
2021-10-15,0.0028553838704879,0.0
2021-10-18,2.8307363508682165e-05,0.0
2021-10-19,0.0079054587324953,0.0
2021-10-20,0.0002907358296972,0.0
2021-10-21,0.0030000673891786,0.0
2021-10-22,0.005205150877192,0.0
2021-10-25,0.0010238131552168,0.0
2021-10-26,0.0008460128417164,0.0
2021-10-27,0.0042349134051308,0.0
2021-10-28,0.0044689815524888,0.0
2021-10-29,0.0017651223947512,0.0
2021-11-01,0.0065075533439098,0.0
2021-11-02,0.0041293504201872,0.0
2021-11-03,0.0039305871276168,0.0
2021-11-05,0.0070102550254013,0.0
2021-11-08,0.0066274510008639,0.0
2021-11-09,0.0062944648919956,0.0
2021-11-10,0.0037375609273805,0.0
2021-11-11,0.0020867507776693,0.0
2021-11-12,0.0029753636439738,0.0
2021-11-15,0.0037502194656209,0.0
2021-11-16,0.0005494443316425,0.0
2021-11-17,0.0018914124838524,0.0
2021-11-18,0.0013416660971663,0.0
2021-11-19,0.0014467991823806,0.0
2021-11-22,0.001465352677954,0.0
2021-11-23,0.0029545651219975,0.0
2021-11-24,0.0001177833626424,0.0
2021-11-25,0.001746060601965,0.0
2021-11-26,0.0172990588251549,0.0
2021-11-29,0.0145353380870309,0.0
2021-11-30,0.0257371266561106,0.0
2021-12-01,0.0185556556030461,0.0
2021-12-02,0.0019836954506607,0.0
2021-12-03,0.0031707358634561,0.0
2021-12-06,0.0046283640597397,0.0
2021-12-07,0.0058678467791693,0.0
2021-12-08,0.0015611615500955,0.0
2021-12-09,0.0040432092540298,0.0
2021-12-10,0.0021789681501626,0.0
2021-12-13,0.0050068063666602,0.0
2021-12-14,0.0003653675426843,0.0
2021-12-15,0.0019917373432842,0.0
2021-12-16,0.0044589694641278,0.0
2021-12-17,0.005502893080241,0.0
2021-12-20,0.0125021558651076,0.0
2021-12-21,0.0039331031534621,0.0
2021-12-22,0.0007873297048886,0.0
2021-12-23,0.0030076243583318,0.0
2021-12-24,0.003696959626528,0.0
2021-12-27,0.0013006121893552,0.0
2021-12-28,0.0077559443943533,0.0
2021-12-29,0.0030671738328449,0.0
2021-12-30,0.0036331228288602,0.0
2021-12-31,0.0009471391039241,0.0
2022-01-03,0.0033781389458864,0.0
2022-01-04,0.0148465317313063,0.0
2022-01-05,0.0055764181772835,0.0
2022-01-06,0.0065724754151359,0.0
2022-01-07,0.0065607133908441,0.0
2022-01-10,0.0067752089737963,0.0
2022-01-11,0.0059690627915072,0.0
2022-01-12,0.0026486401086898,0.0
2022-01-13,0.0007125210977087,0.0
2022-01-14,0.0075451965859825,0.0
2022-01-17,0.0018204124833428,0.0
2022-01-18,0.0024086260622305,0.0
2022-01-19,0.0011882738260144,0.0
2022-01-20,0.0033076558064296,0.0
2022-01-21,1.2152050306720812e-05,0.0
2022-01-24,0.0034994386475428,0.0
2022-01-25,0.0108987414374298,0.0
2022-01-26,0.0073044819558768,0.0
2022-01-27,0.0035336061295017,0.0
2022-01-28,0.0042112552003541,0.0
2022-01-31,0.0010037100075113,0.0
2022-02-03,0.0202273570578395,0.0
2022-02-04,0.0046393927730174,0.0
2022-02-07,0.010472070880741,0.0
2022-02-08,0.0104193802546224,0.0
2022-02-09,0.0053651957838719,0.0
2022-02-10,0.0023247424013334,0.0
2022-02-11,0.00027707688833,0.0
2022-02-14,0.0022627251715955,0.0
2022-02-15,5.25917548737522e-05,0.0
2022-02-16,0.0052240322966159,0.0
2022-02-17,0.0006598059765532,0.0
2022-02-18,0.0036883009264093,0.0
2022-02-21,0.0021733213320188,0.0
2022-02-22,0.0104667746030067,0.0
2022-02-23,0.00223154248082,0.0
2022-02-24,0.0350729870752406,0.0
2022-02-25,0.0056037976247805,0.0
2022-02-28,0.0159808504125685,0.0
2022-03-01,0.0111611705335215,0.0
2022-03-02,0.0104952133584754,0.0
2022-03-03,0.002847009957138,0.0
2022-03-04,0.0082926680214717,0.0
2022-03-07,0.0121474260033997,0.0
2022-03-08,0.012296802359545,0.0
2022-03-09,0.014665463233563,0.0
2022-03-10,0.014092627120832,0.0
2022-03-11,0.0027517413971332,0.0
2022-03-14,0.00543991657983,0.0
2022-03-15,0.0012399402718309,0.0
2022-03-16,0.016810681793605,0.0
2022-03-17,0.0096196493453085,0.0
2022-03-18,0.0023807368334632,0.0
2022-03-21,0.0074423336010939,0.0
2022-03-22,0.0015927062054613,0.0
2022-03-23,0.0041969634701858,0.0
2022-03-24,0.0104791471039978,0.0
2022-03-25,0.0041066224349245,0.0
2022-03-28,0.0053464645156076,0.0
2022-03-29,0.0005563480301957,0.0
2022-03-30,0.0025333227826506,0.0
2022-03-31,0.0099517506185872,0.0
2022-04-01,0.0031021294903976,0.0
2022-04-04,0.0006261298183198,0.0
2022-04-05,0.0081726251643206,0.0
2022-04-06,0.0064240719471275,0.0
2022-04-07,0.0054839678478545,0.0
2022-04-08,0.0061731084508086,0.0
2022-04-11,0.0058457075023541,0.0
2022-04-12,0.0099525780561646,0.0
2022-04-13,0.0035878718364532,0.0
2022-04-14,0.0019076993543052,0.0
2022-04-18,0.009875188996807,0.0
2022-04-19,0.001228348610808,0.0
2022-04-20,0.0084879389384866,0.0
2022-04-21,0.0039318796994315,0.0
2022-04-22,0.0037707815387987,0.0
2022-04-25,0.0064232372418708,0.0
2022-04-26,0.0052659943304128,0.0
2022-04-27,0.0004155306799233,0.0
2022-04-28,0.004333145593409,0.0
2022-04-29,0.0065182080978693,0.0
2022-05-04,0.0022754824865955,0.0
2022-05-05,0.0017032985922548,0.0
2022-05-06,0.015577283596039,0.0
2022-05-09,0.0051225715092428,0.0
2022-05-10,0.0125607716920263,0.0
2022-05-11,0.0025137927298573,0.0
2022-05-12,0.0190547949357662,0.0
2022-05-13,0.0081745550992149,0.0
2022-05-17,0.0033567673870557,0.0
2022-05-18,0.0073002748627356,0.0
2022-05-19,0.0107980514466479,0.0
2022-05-20,0.0155088999155083,0.0
2022-05-23,0.0083450178087328,0.0
2022-05-24,0.0058077128897987,0.0
2022-05-25,0.0048504823704166,0.0
2022-05-26,0.009266294325476,0.0
2022-05-27,0.0066369849970819,0.0
2022-05-30,0.0025875002912383,0.0
2022-05-31,0.0019871817251193,0.0
2022-06-01,0.0035544011959803,0.0
2022-06-02,0.0053410039232318,0.0
2022-06-03,0.0016257170429054,0.0
2022-06-06,0.0016536367722478,0.0
2022-06-07,0.0015206032840628,0.0
2022-06-08,0.0017778192469609,0.0
2022-06-09,0.0050284100542165,0.0
2022-06-10,0.0087275187007595,0.0
2022-06-13,0.013409264653603,0.0
2022-06-14,0.0097500884830504,0.0
2022-06-15,0.000978253368305,0.0
2022-06-16,0.0027147480517217,0.0
2022-06-17,0.0002131076166059,0.0
2022-06-20,0.0005457061328644,0.0
2022-06-21,0.0067848620796674,0.0
2022-06-22,0.0077832429492571,0.0
2022-06-23,0.0001648886805841,0.0
2022-06-24,0.0060762554811578,0.0
2022-06-27,0.0082859650898956,0.0
2022-06-28,0.0008505983946407,0.0
2022-06-29,0.001701920922901,0.0
2022-06-30,0.0104729951721173,0.0
2022-07-01,0.002136201720651,0.0
2022-07-04,0.0079313724004885,0.0
2022-07-05,0.0051828443663967,0.0
2022-07-06,0.0001450425231195,0.0
2022-07-07,0.008259229759155,0.0
2022-07-08,0.0005942208977078,0.0
2022-07-12,0.0046232168853108,0.0
2022-07-13,0.005444331598311,0.0
2022-07-14,0.0122394521581077,0.0
2022-07-15,0.0027529331277757,0.0
2022-07-18,0.0072690996335618,0.0
2022-07-19,0.0012725184373146,0.0
2022-07-20,0.0166986486457967,0.0
2022-07-21,0.0056907180549942,0.0
2022-07-22,0.0091701586884646,0.0
2022-07-25,0.0002735439080739,0.0
2022-07-26,0.0036563341758102,0.0
2022-07-27,0.0040704280729976,0.0
2022-07-28,0.0048274345663999,0.0
2022-07-29,0.0028263535724783,0.0
2022-08-01,0.0084306342498797,0.0
2022-08-02,0.0001234666636676,0.0
2022-08-03,0.0039777401594387,0.0
2022-08-04,0.0054585436718255,0.0
2022-08-05,0.0039738468315425,0.0
2022-08-08,0.0036314219922957,0.0
2022-08-10,0.0046818361669841,0.0
2022-08-11,0.0047447553287405,0.0
2022-08-12,0.0099494953530582,0.0
2022-08-15,0.0038154441963461,0.0
2022-08-16,0.0009307974108862,0.0
2022-08-17,0.0027529831893053,0.0
2022-08-18,0.0032801672921836,0.0
2022-08-19,0.0082730570353276,0.0
2022-08-22,0.004934673099992,0.0
2022-08-23,0.0050270993342028,0.0
2022-08-24,0.0039291993788664,0.0
2022-08-25,0.0044189084861856,0.0
2022-08-26,0.0005325204318791,0.0
2022-08-29,0.0084273997648104,0.0
2022-08-30,0.0052835626642627,0.0
2022-08-31,0.005466708011445,0.0
2022-09-01,0.0007478280610706,0.0
2022-09-02,0.0057203249291584,0.0
2022-09-05,0.0030493030919486,0.0
2022-09-06,0.0027019925224741,0.0
2022-09-07,0.0041491381201346,0.0
2022-09-08,0.0070696983821538,0.0
2022-09-09,0.0090324857959667,0.0
2022-09-12,0.0036006810953536,0.0
2022-09-13,0.0046795440340676,0.0
2022-09-14,0.0097922494454401,0.0
2022-09-15,0.0030523961601837,0.0
2022-09-16,9.487325127509402e-05,0.0
2022-09-19,0.0036722538553745,0.0
2022-09-20,0.0032590785946747,0.0
2022-09-21,0.0015776126221401,0.0
2022-09-22,0.0003923545615453,0.0
2022-09-23,0.0110845595961836,0.0
2022-09-26,0.0140834387539175,0.0
2022-09-27,0.0051894716292728,0.0
2022-09-28,0.0156613926185318,0.0
2022-09-29,0.0003947692112794,0.0
2022-09-30,0.004854816636799,0.0
2022-10-03,0.0074230506814833,0.0
2022-10-04,0.0101857638338096,0.0
2022-10-05,0.0045549291473143,0.0
2022-10-06,0.0005297311738231,0.0
2022-10-07,0.0018261596479011,0.0
2022-10-10,0.0122625464214582,0.0
2022-10-11,0.0007951654800481,0.0
2022-10-12,0.0070489591004966,0.0
2022-10-13,0.0139592415653457,0.0
2022-10-14,0.0002762616642756,0.0
2022-10-17,0.0078806975919679,0.0
2022-10-18,0.003353364076109,0.0
2022-10-19,0.0010183492217607,0.0
2022-10-20,3.311476511761486e-05,0.0
2022-10-21,0.017605354337247,0.0
2022-10-25,0.0047698152343102,0.0
2022-10-26,0.0080867724925517,0.0
2022-10-27,0.002277736820171,0.0
2022-10-28,0.0144707301254233,0.0
2022-10-31,0.0110269360893264,0.0
2022-11-01,0.0120156442261055,0.0
2022-11-02,0.0033898342823473,0.0
2022-11-03,0.0123711060394005,0.0
2022-11-04,0.0088567175772085,0.0
2022-11-07,0.0035717469989962,0.0
2022-11-08,0.0014378621159065,0.0
2022-11-09,0.0062332298637581,0.0
2022-11-10,0.0024231970951115,0.0
2022-11-11,0.0172307817684563,0.0
2022-11-14,0.0100075791549341,0.0
2022-11-15,0.0044307915401306,0.0
2022-11-16,0.0027853498474168,0.0
2022-11-17,0.0060651835696706,0.0
2022-11-18,0.004211500583151,0.0
2022-11-21,0.0066259202706857,0.0
2022-11-22,0.002746451491159,0.0
2022-11-23,0.0010958610370263,0.0
2022-11-24,0.0009556521237123,0.0
2022-11-25,0.0025640410548743,0.0
2022-11-28,0.0013848144691931,0.0
2022-11-29,0.0111412166147473,0.0
2022-11-30,0.004303404039576,0.0
2022-12-01,0.0006805151068288,0.0
2022-12-02,0.0102536780614668,0.0
2022-12-05,0.0025740962359476,0.0
2022-12-06,0.0046534227883513,0.0
2022-12-07,0.0083115371237493,0.0
2022-12-08,0.0032902846524114,0.0
2022-12-09,0.003051472968508,0.0
2022-12-12,0.0019458589832542,0.0
2022-12-13,0.0097129956855729,0.0
2022-12-14,0.0022260179894442,0.0
2022-12-15,0.0014712557318767,0.0
2022-12-16,0.0101128002003686,0.0
2022-12-19,0.0048634933768682,0.0
2022-12-20,0.0008110296876117,0.0
2022-12-21,0.0006820019228844,0.0
2022-12-22,0.004088470401058,0.0
2022-12-23,0.0036248427323148,0.0
2022-12-27,0.0026608922584979,0.0
2022-12-28,0.0001806386939196,0.0
2022-12-29,0.0054418210367032,0.0
2022-12-30,0.0006399689187527,0.0
2023-01-03,0.0016992208116435,0.0
2023-01-04,0.0010295790183031,0.0
2023-01-05,0.0153634331292022,0.0
2023-01-06,0.0048528089324687,0.0
2023-01-09,0.0087962391496469,0.0
2023-01-10,0.0130197439564505,0.0
2023-01-11,0.0026322466951045,0.0
2023-01-12,0.0011407907742236,0.0
2023-01-13,0.0079158690719044,0.0
2023-01-16,0.0030863220749569,0.0
2023-01-17,0.000941510141762,0.0
2023-01-18,0.0027518910593886,0.0
2023-01-19,0.0040727034794351,0.0
2023-01-20,0.0053364884907735,0.0
2023-01-25,0.0177722985073887,0.0
2023-01-26,0.0072571097572303,0.0
2023-01-27,0.0050270418583015,0.0
2023-01-30,0.0047013514057637,0.0
2023-01-31,0.0037426473442479,0.0
2023-02-01,0.0035531439661192,0.0
2023-02-02,0.0041445800886869,0.0
2023-02-03,0.0061085546021097,0.0
2023-02-06,0.0004844429331078,0.0
2023-02-07,0.0015043646215894,0.0
2023-02-08,0.0022690283317055,0.0
2023-02-09,0.0086070593774984,0.0
2023-02-10,0.0003600983203225,0.0
2023-02-13,0.0107668628131814,0.0
2023-02-14,0.0019569772749879,0.0
2023-02-15,0.0113290405245497,0.0
2023-02-16,0.0092263036849901,0.0
2023-02-17,0.0051630142001362,0.0
2023-02-20,0.0059122553132757,0.0
2023-02-21,0.0005713434131842,0.0
2023-02-22,0.0020645296979175,0.0
2023-02-23,0.0106962993969319,0.0
2023-02-24,0.0053061089937685,0.0
2023-02-27,0.0058238471850913,0.0
2023-02-28,0.0001869811796807,0.0
2023-03-01,0.0023167057477171,0.0
2023-03-02,0.0062188915467572,0.0
2023-03-03,0.0008906505841003,0.0
2023-03-06,0.0022530274482239,0.0
2023-03-07,0.001838195393966,0.0
2023-03-08,0.0056889961730689,0.0
2023-03-09,0.0038346229342175,0.0
2023-03-10,0.0116022661094197,0.0
2023-03-13,0.0142827284873997,0.0
2023-03-14,0.0008368147820113,0.0
2023-03-15,0.0136991457707177,0.0
2023-03-16,0.0054926243080042,0.0
2023-03-17,0.008752470340492,0.0
2023-03-20,0.0137657539725475,0.0
2023-03-21,0.010824179144661,0.0
2023-03-22,0.0147151088812855,0.0
2023-03-23,0.0006149026975678,0.0
2023-03-24,0.0019777567156256,0.0
2023-03-27,0.0081809157081446,0.0
2023-03-28,0.0050842612079776,0.0
2023-03-29,0.0021478725659161,0.0
2023-03-30,0.0016442757215378,0.0
2023-03-31,0.0005279157981152,0.0
2023-04-03,0.0067829751429234,0.0
2023-04-04,0.0091138758248118,0.0
2023-04-05,0.002337862728571,0.0
2023-04-06,0.0055564923332652,0.0
2023-04-10,0.0018347636604512,0.0
2023-04-11,0.0010315572446624,0.0
2023-04-12,0.0035571269336638,0.0
2023-04-13,0.0025589914293872,0.0
2023-04-14,0.0024616131714051,0.0
2023-04-17,0.005013691686182,0.0
2023-04-18,0.0029266017164991,0.0
2023-04-19,0.0043686659436224,0.0
2023-04-20,0.0032060896474074,0.0
2023-04-21,0.0025350020356668,0.0
2023-04-24,0.0008214952144234,0.0
2023-04-25,0.0084548229878391,0.0
2023-04-26,0.0008042360071429,0.0
2023-04-27,0.0036131399746518,0.0
2023-04-28,0.0035162032835297,0.0
2023-05-02,0.0035040037282628,0.0
2023-05-03,0.0061063699733378,0.0
2023-05-04,0.0021955952344439,0.0
2023-05-05,0.0007803314447379,0.0
2023-05-08,0.0027497173292009,0.0
2023-05-09,0.0045257249256752,0.0
2023-05-10,0.0002035120096238,0.0
2023-05-11,0.003937058554486,0.0
2023-05-12,0.0065236868513274,0.0
2023-05-15,0.0019211161149517,0.0
2023-05-16,0.000211528083838,0.0
2023-05-17,0.0125864859943022,0.0
2023-05-18,0.0027405386395556,0.0
2023-05-19,0.0062771072944219,0.0
2023-05-22,0.002650585855081,0.0
2023-05-23,0.0021744619626171,0.0
2023-05-24,0.0012033405306665,0.0
2023-05-25,0.0020211969027653,0.0
2023-05-26,0.00010290646063,0.0
2023-05-29,0.0038015549256719,0.0
2023-05-30,0.0024001816611352,0.0
2023-05-31,0.0090635281197055,0.0
2023-06-01,0.0023715050826788,0.0
2023-06-05,0.007146797682744,0.0
2023-06-06,0.0003449057697444,0.0
2023-06-07,0.0033062954657552,0.0
2023-06-08,0.0022085523521958,0.0
2023-06-09,0.0001129234361916,0.0
2023-06-12,0.0028513384738227,0.0
2023-06-13,0.0020891707179886,0.0
2023-06-14,0.0089707388138046,0.0
2023-06-15,0.0076490833742385,0.0
2023-06-16,0.0052838038761762,0.0
2023-06-19,0.0058020551504767,0.0
2023-06-20,0.0064815721147994,0.0
2023-06-21,0.0010645532502026,0.0
2023-06-22,0.0003816206455359,0.0
2023-06-23,0.0096133230664549,0.0
2023-06-26,0.0006018121959114,0.0
2023-06-27,0.0049007423911119,0.0
2023-06-28,0.0006019158007511,0.0
2023-06-30,0.0004272810320177,0.0
2023-07-03,0.0003711784509074,0.0
2023-07-04,0.0010388850073814,0.0
2023-07-05,0.0057566930770117,0.0
2023-07-06,0.0110326246210721,0.0
2023-07-07,0.0034849432264102,0.0
2023-07-10,0.0031325916909579,0.0
2023-07-11,0.0045999292825521,0.0
2023-07-12,0.0036345380672027,0.0
2023-07-13,0.0196768505316785,0.0
2023-07-14,0.0031354368296517,0.0
2023-07-17,0.0017837911787835,0.0
2023-07-18,5.221384842976918e-05,0.0
2023-07-19,0.0064262355980358,0.0
2023-07-20,0.0002626434643508,0.0
2023-07-21,0.0011965078484549,0.0
2023-07-24,0.0040224023179886,0.0
2023-07-25,0.0064170751727322,0.0
2023-07-26,0.0057046754344877,0.0
2023-07-27,0.0097736714562076,0.0
2023-07-28,0.0100618119525166,0.0
2023-07-31,0.0008332086898006,0.0
2023-08-01,5.629753407436664e-05,0.0
2023-08-02,0.0145610580997247,0.0
2023-08-03,0.0063236619673426,0.0
2023-08-04,0.0035383208476082,0.0
2023-08-07,0.0052952369122935,0.0
2023-08-08,0.0011836121540541,0.0
2023-08-10,0.0027543420233822,0.0
2023-08-11,0.0086592632041512,0.0
2023-08-14,0.0142406016051065,0.0
2023-08-15,0.0046169666402606,0.0
2023-08-16,0.0059444670220575,0.0
2023-08-17,0.0052509360954083,0.0
2023-08-18,0.0071641225761871,0.0
2023-08-21,0.0062895366174964,0.0
2023-08-22,0.0018530055927019,0.0
2023-08-23,0.0045152946270363,0.0
2023-08-24,0.0020582673124322,0.0
2023-08-25,0.0028756847494327,0.0
2023-08-28,0.0074334148843014,0.0
2023-08-29,0.0029238773252559,0.0
2023-08-30,0.0008908829006295,0.0
2023-08-31,0.0040536315053855,0.0
2023-09-04,0.0017520663718666,0.0
2023-09-05,0.0037551135982264,0.0
2023-09-06,0.0012249219981492,0.0
2023-09-07,0.0011505458601287,0.0
2023-09-08,0.0058561224540025,0.0
2023-09-11,0.0032773076608406,0.0
2023-09-12,0.0011876956986385,0.0
2023-09-13,0.0013896162045415,0.0
2023-09-14,0.0094552337895803,0.0
2023-09-15,0.0095495295164115,0.0
2023-09-18,0.0052872488016327,0.0
2023-09-19,0.0069617149660782,0.0
2023-09-20,0.0003856388154691,0.0
2023-09-21,0.0121618555395195,0.0
2023-09-22,0.0006273801051964,0.0
2023-09-25,0.0032957884961449,0.0
2023-09-26,0.0001025847212309,0.0
2023-09-27,0.004688957737152,0.0
2023-09-28,0.0021726055651433,0.0
2023-09-29,0.0032438612696834,0.0
2023-10-02,0.0026608933973053,0.0
2023-10-03,0.0051584140643925,0.0
2023-10-04,0.0141838494665819,0.0
2023-10-05,0.002446718340356,0.0
2023-10-06,0.0060952318978518,0.0
2023-10-09,0.0024854159473321,0.0
2023-10-10,0.01023012582022,0.0
2023-10-11,0.0019399283899,0.0
2023-10-12,0.0080541907305797,0.0
2023-10-13,0.0102741180692889,0.0
2023-10-16,0.0068980589762106,0.0
2023-10-17,0.0025064837905029,0.0
2023-10-18,0.0111629086302555,0.0
2023-10-19,0.0118727219762545,0.0
2023-10-20,0.007418777674927,0.0
2023-10-23,0.0076116659530374,0.0
2023-10-24,0.0099458476524184,0.0
2023-10-25,0.0016550823029425,0.0
2023-10-26,0.0024292243755168,0.0
2023-10-27,0.0030848594194592,0.0
2023-10-30,0.0007965673265101,0.0
2023-10-31,0.0011252233010596,0.0
2023-11-01,0.0029392207949551,0.0
2023-11-02,0.001857357000172,0.0
2023-11-03,0.0196499895044717,0.0
2023-11-06,0.0116601605152817,0.0
2023-11-07,0.0021150813822882,0.0
2023-11-08,0.0139892430797499,0.0
2023-11-09,0.0017877297232948,0.0
2023-11-10,0.0091766541823041,0.0
2023-11-14,0.0006504295862986,0.0
2023-11-15,0.0088059487102075,0.0
2023-11-16,0.000296857586566,0.0
2023-11-17,0.0026783339625003,0.0
2023-11-20,0.004197991733387,0.0
2023-11-21,0.0049098636716881,0.0
2023-11-22,0.00598264744116,0.0
2023-11-23,0.0010181757467868,0.0
2023-11-24,0.0054587350515275,0.0
2023-11-27,0.0027147159701162,0.0
2023-11-28,0.0066576262019789,0.0
2023-11-29,0.0061002003917388,0.0
2023-11-30,0.0038033662509433,0.0
2023-12-01,0.0056204026465249,0.0
2023-12-04,0.0020180074290817,0.0
2023-12-05,0.0022463559077683,0.0
2023-12-06,0.0032704195928551,0.0
2023-12-07,0.0042132596510534,0.0
2023-12-08,0.0117931939889766,0.0
2023-12-11,0.0066216211233546,0.0
2023-12-12,0.0039112162405069,0.0
2023-12-13,0.000628350671806,0.0
2023-12-14,0.0060026874454273,0.0
2023-12-15,0.0020642631680886,0.0
2023-12-18,0.0010530229528382,0.0
2023-12-19,0.0010883526891483,0.0
2023-12-20,0.0027600244645268,0.0
2023-12-21,0.0014371673961698,0.0
2023-12-22,0.0088984655330888,0.0
2023-12-26,0.0001083030709721,0.0
2023-12-27,0.0097548856153451,0.0
2023-12-28,0.0136693748293804,0.0
2023-12-29,0.0080159809955349,0.0
2024-01-02,0.0031900235719142,0.0
2024-01-03,0.0094908659436467,0.0
2024-01-04,0.0079800004030274,0.0
2024-01-05,0.0032367242085413,0.0
2024-01-08,0.0008538170549212,0.0
2024-01-09,0.0034267772632573,0.0
2024-01-10,0.0056444884886727,0.0
2024-01-11,0.0067227044926059,0.0
2024-01-12,0.0030313630425382,0.0
2024-01-15,0.0024095716966959,0.0
2024-01-16,0.0045203727237935,0.0
2024-01-17,0.0135195990809314,0.0
2024-01-18,0.0007768040525129,0.0
2024-01-19,0.0039764421291644,0.0
2024-01-22,0.0010060992900924,0.0
2024-01-23,0.0044141702192377,0.0
2024-01-24,0.0057501463660398,0.0
2024-01-25,0.0018061305228131,0.0
2024-01-26,0.0037703600668743,0.0
2024-01-29,0.0061017518118257,0.0
2024-01-30,0.0030936237499547,0.0
2024-01-31,0.0009423916675008,0.0
2024-02-01,0.0031606889209106,0.0
2024-02-02,0.0116120069578379,0.0
2024-02-05,0.0144061876553517,0.0
2024-02-06,0.002750847972651,0.0
2024-02-07,0.0097010617830416,0.0
2024-02-08,0.0042038050510513,0.0
2024-02-09,0.0014678267841982,0.0
2024-02-13,0.0011369337612077,0.0
2024-02-14,0.000891601871981,0.0
2024-02-15,0.0119131562680255,0.0
2024-02-16,0.0141438886698802,0.0
2024-02-19,0.0012314093209296,0.0
2024-02-20,0.0056105960857895,0.0
2024-02-21,0.0083421754173725,0.0
2024-02-22,0.0018104938727603,0.0
2024-02-23,0.0118699647116135,0.0
2024-02-26,0.0043391288255529,0.0
2024-02-27,0.0043612866038163,0.0
2024-02-28,0.0058416324050552,0.0
2024-02-29,0.0009298737457506,0.0
2024-03-01,0.0019402574218447,0.0
2024-03-04,0.0043305001676753,0.0
2024-03-05,0.0048512251830647,0.0
2024-03-06,0.0093028633851091,0.0
2024-03-07,0.0007527571076147,0.0
2024-03-08,0.0042382912779855,0.0
2024-03-11,0.0027587805925415,0.0
2024-03-12,0.0009713702374161,0.0
2024-03-13,0.0061090065664079,0.0
2024-03-14,0.0080918817598665,0.0
2024-03-15,0.0042268283931426,0.0
2024-03-18,0.0003246799624145,0.0
2024-03-19,0.0005106366193543,0.0
2024-03-20,0.0012375731571358,0.0
2024-03-21,0.0134078725183836,0.0
2024-03-22,0.0007455793147906,0.0
2024-03-25,0.006193802859938,0.0
2024-03-26,0.0109556760732034,0.0
2024-03-27,0.0056684097292321,0.0
2024-03-28,0.0085550703989139,0.0
2024-04-01,0.0033689616707072,0.0
2024-04-02,0.003958311589818,0.0
2024-04-03,0.007746124447991,0.0
2024-04-04,0.0038249439388161,0.0
2024-04-05,0.005191178290903,0.0
2024-04-08,0.0007056050434574,0.0
2024-04-09,0.0066723718229687,0.0
2024-04-11,0.0030656520985884,0.0
2024-04-12,0.0033207143783511,0.0
2024-04-15,0.0104054373836837,0.0
2024-04-16,0.0122782280447445,0.0
2024-04-17,0.0031526371166238,0.0
2024-04-18,0.0103968618742594,0.0
2024-04-19,0.0035039648182294,0.0
2024-04-22,0.0152025249003902,0.0
2024-04-23,0.0146357966679953,0.0
2024-04-24,0.0062170102282793,0.0
2024-04-25,0.0016350044695472,0.0
2024-04-26,0.0023295007314117,0.0
2024-04-29,0.0005943025336939,0.0
2024-04-30,0.0032366000426421,0.0
2024-05-02,0.0012747252014252,0.0
2024-05-03,0.0012018420897037,0.0
2024-05-06,0.0031109252826417,0.0
2024-05-07,0.0009540490311527,0.0
2024-05-08,0.0108187911027215,0.0
2024-05-09,0.0004348598882846,0.0
2024-05-10,0.0075496230314073,0.0
2024-05-13,0.0039306249255236,0.0
2024-05-14,0.0029288734518105,0.0
2024-05-15,0.0072485579500219,0.0
2024-05-16,0.0047222109332968,0.0
2024-05-17,0.0025655460941075,0.0
2024-05-20,0.000172030412012,0.0
2024-05-21,0.0018575036954537,0.0
2024-05-23,0.0044401461678247,0.0
2024-05-24,0.0018255447559149,0.0
2024-05-27,0.0005696728796047,0.0
2024-05-28,0.0035015653191914,0.0
2024-05-29,0.0020711976004172,0.0
2024-05-30,5.414262527894962e-05,0.0
2024-05-31,0.003967051641633,0.0
2024-06-03,0.003673656780795,0.0
2024-06-04,0.0029696366947883,0.0
2024-06-05,0.002678063876067,0.0
2024-06-06,0.0002402253247381,0.0
2024-06-07,1.202089054871271e-05,0.0
2024-06-10,0.0026123980612286,0.0
2024-06-11,0.0038816378928709,0.0
2024-06-12,0.0005350198664266,0.0
2024-06-13,0.0051538610082426,0.0
2024-06-14,0.0081485362413189,0.0
2024-06-18,0.0012819425602179,0.0
2024-06-19,0.0006721297944689,0.0
2024-06-20,0.001211387186297,0.0
2024-06-21,0.001822586422658,0.0
2024-06-24,0.002453075824907,0.0
2024-06-25,0.0036564405225164,0.0
2024-06-26,0.0016280983385701,0.0
2024-06-27,0.0034906579661894,0.0
2024-06-28,0.0031605213719237,0.0
2024-07-01,0.0017297858966388,0.0
2024-07-02,0.0087467836597102,0.0
2024-07-03,0.014037450141994,0.0
2024-07-04,0.0071097271149076,0.0
2024-07-05,0.0084867360648137,0.0
2024-07-08,0.001860551493791,0.0
2024-07-09,0.0063304294824961,0.0
2024-07-10,0.0098286429811674,0.0
2024-07-11,0.0043634240223048,0.0
2024-07-12,0.0065167279966784,0.0
2024-07-15,0.0006030188244771,0.0
2024-07-16,0.0034288309742301,0.0
2024-07-17,0.0004758612811429,0.0
2024-07-18,0.0052897323211589,0.0
2024-07-19,0.0068220552774058,0.0
2024-07-22,0.0029921062308938,0.0
2024-07-23,0.0069291223901471,0.0
2024-07-24,9.819264176776652e-05,0.0
2024-07-25,0.0088141412889231,0.0
2024-07-26,0.0011608655084355,0.0
2024-07-29,0.005155261994698,0.0
2024-07-30,0.0006999505441818,0.0
2024-07-31,0.0041085931093744,0.0
2024-08-01,0.0105006806708777,0.0
2024-08-02,0.0112891949084919,0.0
2024-08-05,0.0415992164166634,0.0
2024-08-06,0.0140422081100098,0.0
2024-08-07,0.0159056571493918,0.0
2024-08-08,0.0037195817565089,0.0
2024-08-12,0.0081420614674996,0.0
2024-08-13,0.0071421197571679,0.0
2024-08-14,0.008467765066544,0.0
2024-08-15,0.0089215697842539,0.0
2024-08-16,0.0111448237995515,0.0
2024-08-19,0.0007960605433654,0.0
2024-08-20,0.0043860566407266,0.0
2024-08-21,0.0010231066515742,0.0
2024-08-22,5.333409560619251e-05,0.0
2024-08-23,0.0042623041037433,0.0
2024-08-26,0.0023702886499774,0.0
2024-08-27,0.0007182107619786,0.0
2024-08-28,0.0021916030294316,0.0
2024-08-29,0.0039555467383066,0.0
2024-08-30,0.0112335677581155,0.0
2024-09-02,0.0058355558819413,0.0
2024-09-03,0.0049716263467657,0.0
2024-09-04,0.0112574957375688,0.0
2024-09-05,0.0050086857281087,0.0
2024-09-06,0.0012121693040108,0.0
2024-09-09,0.0121020204090489,0.0
2024-09-10,0.0046053533118875,0.0
2024-09-11,0.0052528288400502,0.0
2024-09-12,0.0071561199883921,0.0
2024-09-13,0.0017192639076692,0.0
2024-09-16,0.0021813950111432,0.0
2024-09-17,0.0064183559476252,0.0
2024-09-18,0.0002783251584225,0.0
2024-09-19,0.0112822306655583,0.0
2024-09-20,0.0023201971138453,0.0
2024-09-23,0.0037944311091752,0.0
2024-09-24,0.0043518701111919,0.0
2024-09-25,0.0109548461289993,0.0
2024-09-26,0.000290290717969,0.0
2024-09-27,0.0024791463683369,0.0
2024-09-30,0.003333014588121,0.0
2024-10-01,0.0012084643019613,0.0
2024-10-02,0.0010354878300076,0.0
2024-10-03,0.0020217513993273,0.0
2024-10-04,0.0032651542356306,0.0
2024-10-07,0.0027990032184567,0.0
2024-10-08,0.006550655737235,0.0
2024-10-09,0.0055693900674864,0.0
2024-10-10,0.0028881639130577,0.0
2024-10-11,0.0032211087190128,0.0
2024-10-14,0.0061787984814223,0.0
2024-10-15,0.0001223524313742,0.0
2024-10-16,0.0013497894383871,0.0
2024-10-17,0.0095983292699635,0.0
2024-10-18,0.0041126105463776,0.0
2024-10-21,0.0070601740899966,0.0
2024-10-22,0.0075452187389536,0.0
2024-10-23,0.0037200276328615,0.0
2024-10-24,0.0011573906743074,0.0
2024-10-25,0.0032062995371136,0.0
2024-10-28,0.0025997498434309,0.0
2024-10-29,0.0017506678537694,0.0
2024-10-30,0.0088066502486028,0.0
2024-11-01,0.0009698625818331,0.0
2024-11-04,0.0046608789822148,0.0
2024-11-05,0.0026755778861216,0.0
2024-11-06,0.0059516036052026,0.0
2024-11-07,0.0193781076297556,0.0
2024-11-08,0.0137555802595782,0.0
2024-11-11,0.0040461408438839,0.0
2024-11-12,0.0075131686783298,0.0
2024-11-13,0.0023843719406613,0.0
2024-11-14,0.0047784026615548,0.0
2024-11-15,0.0017480056682238,0.0
2024-11-18,0.003249834641641,0.0
2024-11-19,0.0067872509233346,0.0
2024-11-20,0.0038205387421989,0.0
2024-11-21,0.0011813457607878,0.0
2024-11-22,0.0018169225589813,0.0
2024-11-25,0.0039131586456047,0.0
2024-11-26,0.005104944480024,0.0
2024-11-27,0.001158902168069,0.0
2024-11-28,0.0078331038913765,0.0
2024-11-29,0.0005457174314509,0.0
2024-12-02,0.0032200369512244,0.0
2024-12-03,0.009228557046844,0.0
2024-12-04,0.0036409034373435,0.0
2024-12-05,0.0059664677165182,0.0
2024-12-06,0.0069617230927746,0.0
2024-12-09,0.0003266966683323,0.0
2024-12-10,0.0048972169853585,0.0
2024-12-11,0.0054507028907623,0.0
2024-12-12,0.0043277510938525,0.0
2024-12-13,0.000283499207473,0.0
2024-12-16,0.0027989533833452,0.0
2024-12-17,0.0055373999286295,0.0
2024-12-18,0.0053591210377189,0.0
2024-12-19,0.0044389159727996,0.0
2024-12-20,0.011479757982693,0.0
2024-12-23,0.0086721686612267,0.0
2024-12-24,0.0045786427052072,0.0
2024-12-26,0.0021511355144792,0.0
2024-12-27,0.0027027293117263,0.0
2024-12-30,0.0063695078789143,0.0
2024-12-31,0.0021441466594264,0.0
2025-01-02,0.003481618417927,0.0
2025-01-03,0.0002683329788146,0.0
2025-01-06,0.0052494547326427,0.0
2025-01-07,0.0016548567703421,0.0
2025-01-08,0.0152456396656631,0.0
2025-01-09,0.0062919443368662,0.0
2025-01-10,0.0159290329205415,0.0
2025-01-13,0.0025970697569179,0.0
2025-01-14,0.0007730211445595,0.0
2025-01-15,0.0042822950764462,0.0
2025-01-16,0.0075392218781054,0.0
2025-01-17,0.0025355401642521,0.0
2025-01-20,0.0007376692295129,0.0
2025-01-21,0.0033142973755313,0.0
2025-01-22,0.0037378797797492,0.0
2025-01-23,0.0066844852520691,0.0
2025-01-24,0.0006070451293686,0.0
2025-01-27,0.0019866020627111,0.0
2025-01-28,0.0011477320700754,0.0
2025-01-31,0.0143010888616445,0.0
2025-02-03,0.0076410133716731,0.0
2025-02-04,0.0009046265059294,0.0
2025-02-05,0.0020003966806541,0.0
2025-02-06,0.0039367610273203,0.0
2025-02-07,0.0080605338838079,0.0
2025-02-10,0.0035442091461932,0.0
2025-02-11,0.003715122571372,0.0
2025-02-12,0.0035835659080641,0.0
2025-02-13,0.002052277505008,0.0
2025-02-14,0.0013092851618944,0.0
2025-02-17,0.0070287792023508,0.0
2025-02-18,0.0052896358717814,0.0
2025-02-19,0.0021578664700218,0.0
2025-02-20,0.0016612578328961,0.0
2025-02-21,0.0006185038996592,0.0
2025-02-24,0.0005574008339042,0.0
2025-02-25,0.0030291859419822,0.0
2025-02-26,0.0019990160424866,0.0
2025-02-27,0.0033566233585096,0.0
2025-02-28,0.0065217959913717,0.0
2025-03-03,0.0033877327945937,0.0
2025-03-04,0.0046565872146521,0.0
2025-03-05,0.0019616736886376,0.0
2025-03-06,0.0047751998734531,0.0
2025-03-07,0.0006588942163288,0.0
2025-03-10,0.0039444124610509,0.0
2025-03-11,0.0189626230696109,0.0
2025-03-12,0.0018906089000916,0.0
2025-03-13,0.001160263192297,0.0
2025-03-14,0.0003909538521907,0.0
2025-03-17,0.0060660185917139,0.0
2025-03-18,0.0091845751338521,0.0
2025-03-19,0.0034191009002075,0.0
2025-03-20,0.0056590270690319,0.0
2025-03-21,0.0010284002292733,0.0
2025-03-24,0.0025131396570792,0.0
2025-03-25,0.0046129276649988,0.0
2025-03-26,0.0023186808595775,0.0
2025-03-27,0.0044957855326717,0.0
2025-03-28,0.0022982501236856,0.0
2025-04-01,0.0009015761221501,0.0
2025-04-02,0.0036955805642159,0.0
2025-04-03,0.0030342761419361,0.0
2025-04-04,0.0299632414056673,0.0
2025-04-07,0.077515346575991,0.0
2025-04-08,0.0202661240128766,0.0
2025-04-09,0.0220840283765013,0.0
2025-04-10,0.0528386854964582,0.0
2025-04-11,0.0184199093274381,0.0
2025-04-14,0.0103039054318189,0.0
2025-04-15,0.0211365465403852,0.0
2025-04-16,0.0103552731792335,0.0
2025-04-17,0.0156800859867133,0.0
2025-04-21,0.0103990862524034,0.0
2025-04-22,0.0095809374657026,0.0
2025-04-23,0.0096779630209672,0.0
2025-04-24,0.0001044190905421,0.0
2025-04-25,0.00212649286085,0.0
2025-04-28,0.0031379384870313,0.0
2025-04-29,0.0017382529221235,0.0
2025-04-30,0.007156665165402,0.0
2025-05-02,0.0032900417095578,0.0
2025-05-05,0.0020602656011169,0.0
2025-05-06,0.0019031218033667,0.0
2025-05-07,0.0012840660077967,0.0
2025-05-08,0.0044467425800045,0.0
2025-05-09,0.0072342540583896,0.0
2025-05-13,0.0012607979908136,0.0
2025-05-14,0.0025799474776639,0.0
2025-05-15,0.0053819322265509,0.0
2025-05-16,0.0015225472462692,0.0
2025-05-19,0.0055750004700015,0.0
2025-05-20,0.0016239963531003,0.0
2025-05-21,1.2890793442701929e-05,0.0
2025-05-22,0.0006337949399998,0.0
2025-05-23,0.0006002785314039,0.0
2025-05-26,0.0017581356991286,0.0
2025-05-27,0.0052729939617409,0.0
2025-05-28,0.0040547734065426,0.0
2025-05-29,0.0012569466064293,0.0
2025-05-30,0.0056916551791186,0.0
2025-06-02,0.0010327338508168,0.0
2025-06-03,0.0009736184559501,0.0
2025-06-04,0.0024364422281514,0.0
2025-06-05,0.0035312790795165,0.0
2025-06-06,0.0042282640631313,0.0
2025-06-09,0.0005158505666485,0.0
2025-06-10,0.0006404018184859,0.0
2025-06-11,0.0037566022941079,0.0
2025-06-12,0.0008034184634296,0.0
2025-06-13,0.0027522489669802,0.0
2025-06-16,0.0007570349220757,0.0
2025-06-17,0.0056588106396038,0.0
2025-06-18,0.0025039551118388,0.0
2025-06-19,0.0068151667652381,0.0
2025-06-20,0.0027643471540953,0.0
2025-06-23,0.0010743498214051,0.0
2025-06-24,0.0064341060536103,0.0
2025-06-25,0.0055374742559012,0.0
2025-06-26,0.0031737774177159,0.0
2025-06-27,0.0070186711179003,0.0
2025-06-30,0.0004816630873128,0.0
2025-07-01,0.0064042990931782,0.0
2025-07-02,0.0052521665404343,0.0
2025-07-03,0.0021917010374243,0.0
2025-07-04,0.0014813423117045,0.0
2025-07-07,0.0045342281567177,0.0
2025-07-08,0.0039605383575252,0.0
2025-07-09,0.002457527495342,0.0
2025-07-10,0.0043965986611419,0.0
2025-07-11,0.0029668895586795,0.0
2025-07-14,0.0052213977546773,0.0
2025-07-15,0.0025786440047875,0.0
2025-07-16,0.0030126223959021,0.0
2025-07-17,0.0070367546299382,0.0
2025-07-18,0.0067225876259401,0.0
2025-07-21,0.0041992820847442,0.0
2025-07-22,0.0002685277489198,0.0
2025-07-23,0.0054552920767211,0.0
2025-07-24,0.0098233152846159,0.0
2025-07-25,0.0028098428949939,0.0
2025-07-28,0.0046858361049991,0.0
2025-07-29,0.002769592898003,0.0
2025-07-30,0.0023671954899747,0.0
2025-07-31,0.0108756360806173,0.0
2025-08-01,0.0047888897833868,0.0
2025-08-04,0.0103939602307021,0.0
2025-08-05,0.0027005379553104,0.0
2025-08-06,0.0045328389540399,0.0
2025-08-07,0.00717661456904,0.0
2025-08-08,0.0043115781964324,0.0
2025-08-11,0.0016642556921211,0.0
2025-08-12,0.0028531563242233,0.0
2025-08-13,0.0122541530929711,0.0
2025-08-14,0.0038080039879204,0.0
2025-08-15,0.0061246996820852,0.0
2025-08-18,0.010252017895233,0.0
2025-08-19,0.0068566507016626,0.0
2025-08-20,0.0007942638847202,0.0
2025-08-21,0.0026885866778326,0.0
2025-08-22,0.0052146101131671,0.0
2025-08-25,0.0008156086384707,0.0
2025-08-26,0.0030070546044042,0.0
2025-08-27,0.0004381675143416,0.0
2025-08-28,0.0019319039381354,0.0
2025-08-29,0.0037356640027508,0.0
2025-09-01,0.0014907094553795,0.0
2025-09-02,0.0052340741375394,0.0
2025-09-03,0.0021378346972479,0.0
2025-09-04,0.0017469979061691,0.0
2025-09-05,0.0023826387451592,0.0
2025-09-08,0.0003342637548948,0.0
2025-09-09,0.0025447564272667,0.0
2025-09-10,0.0113120059209978,0.0
2025-09-11,0.0021511298468023,0.0
2025-09-12,0.0026619578723661,0.0
2025-09-15,0.0013406751541694,0.0
2025-09-16,0.0001566793349016,0.0
2025-09-17,0.0032235592081394,0.0
2025-09-18,0.0025843347473539,0.0
2025-09-19,0.002300587564514,0.0
2025-09-22,0.0012418127244642,0.0
2025-09-23,0.0012325071358567,0.0
2025-09-24,0.0028557961523254,0.0
2025-09-25,0.0038625777543519,0.0
2025-09-26,0.0018454409433946,0.0
2025-09-29,0.0009372115874708,0.0
2025-09-30,0.00704312883072,0.0
2025-10-01,0.005325123262984,0.0
2025-10-02,0.0165379117696531,0.0
2025-10-03,0.003801510189005,0.0
2025-10-06,0.0022096773983864,0.0
2025-10-07,0.0113673310257749,0.0
2025-10-08,0.0035750398057782,0.0
2025-10-09,0.0035517987690535,0.0
2025-10-10,0.0030312626266022,0.0
2025-10-13,0.0084429757297294,0.0
2025-10-14,0.0080783537848763,0.0
2025-10-15,0.0031869792070187,0.0
2025-10-16,0.0028012072477211,0.0
2025-10-17,0.0062797236154087,0.0
2025-10-21,0.011967938185748,0.0
2025-10-22,0.0029333722661482,0.0
2025-10-23,0.0050737034616568,0.0
2025-10-24,0.0013441094653491,0.0
2025-10-27,0.0040823354447802,0.0
2025-10-28,0.0022630633188009,0.0
2025-10-29,0.0022832972360814,0.0
2025-10-30,0.0006240434465461,0.0
2025-10-31,0.0019895708059322,0.0
2025-11-03,0.0035410944517313,0.0
2025-11-04,0.0048742040139442,0.0
2025-11-05,0.0012670134742415,0.0
2025-11-06,0.0152483915749388,0.0
2025-11-07,0.0016151978277546,0.0
2025-11-10,0.0009154081170135,0.0
2025-11-11,0.0119754113566412,0.0
2025-11-12,0.0058631794422189,0.0
2025-11-13,0.001530921577016,0.0
2025-11-14,0.006542535400745,0.0
2025-11-17,0.0005456707117484,0.0
2025-11-18,0.0086027949937867,0.0
2025-11-19,0.0001221530920096,0.0
2025-11-20,0.0014749555132427,0.0
2025-11-21,0.0095157007259539,0.0
2025-11-24,0.0061321742976918,0.0
2025-11-25,0.0024492735204843,0.0
2025-11-26,0.003545088635903,0.0
2025-11-27,0.001726750307655,0.0
